/home/jiahao/miniconda3/envs/cmp/lib/python3.10/site-packages/torch/functional.py:554: UserWarning: torch.meshgrid: in an upcoming release, it will be required to pass the indexing argument. (Triggered internally at /pytorch/aten/src/ATen/native/TensorShape.cpp:4322.)
  return _VF.meshgrid(tensors, **kwargs)  # type: ignore[attr-defined]
Not using distributed mode
### Hyper-parameters:
     seed: 42
     device: cuda
     output_dir: output_rerun3/exp1.0.2/2025091513015
     batch_size_tta: 16
     epochs: 60
     lr: 0.0001
### Creating test dataset
from data/PAB/annotation/test/attr.json loading 1978 data
     test dataset -->    be_pose_img: True
     test_dataset: 1978
### Creating test dataloader
### be careful: func create_loader returns a list length of 1
     test_loader: 90
### Creating model
build_vision_encoder: load swin 224 x 224 ====>
missing_keys:  []
unexpected_keys:  ['head.weight', 'head.bias']
build_text_encoder: load bert ====>
missing_keys: ['bert.encoder.layer.10.crossattention.output.LayerNorm.bias', 'bert.encoder.layer.10.crossattention.output.LayerNorm.weight', 'bert.encoder.layer.10.crossattention.output.dense.bias', 'bert.encoder.layer.10.crossattention.output.dense.weight', 'bert.encoder.layer.10.crossattention.self.key.bias', 'bert.encoder.layer.10.crossattention.self.key.weight', 'bert.encoder.layer.10.crossattention.self.query.bias', 'bert.encoder.layer.10.crossattention.self.query.weight', 'bert.encoder.layer.10.crossattention.self.value.bias', 'bert.encoder.layer.10.crossattention.self.value.weight', 'bert.encoder.layer.11.crossattention.output.LayerNorm.bias', 'bert.encoder.layer.11.crossattention.output.LayerNorm.weight', 'bert.encoder.layer.11.crossattention.output.dense.bias', 'bert.encoder.layer.11.crossattention.output.dense.weight', 'bert.encoder.layer.11.crossattention.self.key.bias', 'bert.encoder.layer.11.crossattention.self.key.weight', 'bert.encoder.layer.11.crossattention.self.query.bias', 'bert.encoder.layer.11.crossattention.self.query.weight', 'bert.encoder.layer.11.crossattention.self.value.bias', 'bert.encoder.layer.11.crossattention.self.value.weight', 'bert.encoder.layer.6.crossattention.output.LayerNorm.bias', 'bert.encoder.layer.6.crossattention.output.LayerNorm.weight', 'bert.encoder.layer.6.crossattention.output.dense.bias', 'bert.encoder.layer.6.crossattention.output.dense.weight', 'bert.encoder.layer.6.crossattention.self.key.bias', 'bert.encoder.layer.6.crossattention.self.key.weight', 'bert.encoder.layer.6.crossattention.self.query.bias', 'bert.encoder.layer.6.crossattention.self.query.weight', 'bert.encoder.layer.6.crossattention.self.value.bias', 'bert.encoder.layer.6.crossattention.self.value.weight', 'bert.encoder.layer.7.crossattention.output.LayerNorm.bias', 'bert.encoder.layer.7.crossattention.output.LayerNorm.weight', 'bert.encoder.layer.7.crossattention.output.dense.bias', 'bert.encoder.layer.7.crossattention.output.dense.weight', 'bert.encoder.layer.7.crossattention.self.key.bias', 'bert.encoder.layer.7.crossattention.self.key.weight', 'bert.encoder.layer.7.crossattention.self.query.bias', 'bert.encoder.layer.7.crossattention.self.query.weight', 'bert.encoder.layer.7.crossattention.self.value.bias', 'bert.encoder.layer.7.crossattention.self.value.weight', 'bert.encoder.layer.8.crossattention.output.LayerNorm.bias', 'bert.encoder.layer.8.crossattention.output.LayerNorm.weight', 'bert.encoder.layer.8.crossattention.output.dense.bias', 'bert.encoder.layer.8.crossattention.output.dense.weight', 'bert.encoder.layer.8.crossattention.self.key.bias', 'bert.encoder.layer.8.crossattention.self.key.weight', 'bert.encoder.layer.8.crossattention.self.query.bias', 'bert.encoder.layer.8.crossattention.self.query.weight', 'bert.encoder.layer.8.crossattention.self.value.bias', 'bert.encoder.layer.8.crossattention.self.value.weight', 'bert.encoder.layer.9.crossattention.output.LayerNorm.bias', 'bert.encoder.layer.9.crossattention.output.LayerNorm.weight', 'bert.encoder.layer.9.crossattention.output.dense.bias', 'bert.encoder.layer.9.crossattention.output.dense.weight', 'bert.encoder.layer.9.crossattention.self.key.bias', 'bert.encoder.layer.9.crossattention.self.key.weight', 'bert.encoder.layer.9.crossattention.self.query.bias', 'bert.encoder.layer.9.crossattention.self.query.weight', 'bert.encoder.layer.9.crossattention.self.value.bias', 'bert.encoder.layer.9.crossattention.self.value.weight']
unexpected_keys: ['cls.seq_relationship.bias', 'cls.seq_relationship.weight']
mismatched_keys: []
error_msgs: []
Label Smooth: 0.2
pose_conv
load checkpoint from checkpoint/cmp.pth
missing_keys:  ['uncertainty_temper', 'prompt_learning_embedding']
unexpected_keys:  []
     Total Params Sum:  254264985
### Inference ITC similiarity matrix
### Zero-Shot Score: 
+-------------------+--------+--------+--------+--------+--------+
|       epoch       |   R1   |   R5   |  R10   |  mAP   |  mINP  |
+-------------------+--------+--------+--------+--------+--------+
|  cos_sim_wo/norm  | 58.544 | 91.860 | 95.703 | 73.596 | 73.596 |
|        -999       | 69.414 | 95.197 | 97.776 | 81.233 | 81.233 |
| itm_score_wo/norm | 84.328 | 98.989 | 99.494 | 91.293 | 91.293 |
|        -999       | 84.277 | 99.039 | 99.596 | 91.276 | 91.276 |
+-------------------+--------+--------+--------+--------+--------+
### TTA:
     preprocess_tta_coefficients  start
     sample selection ...
     number of sample after sample_selection: 1958
     uncertainty ...
     preprocess_tta_coefficients  end
### Creating tta dataset
     tta_dataset: 1958
### Creating tta dataloader
### be careful: func create_loader returns a list length of 1
     tta_loader: 122
### Configure adapted weights
     TTA Dropout Modules: 
 [('vision_encoder.pos_drop', Dropout(p=0, inplace=False), True), ('vision_encoder.layers.0.blocks.0.attn.attn_drop', Dropout(p=0.0, inplace=False), True), ('vision_encoder.layers.0.blocks.0.attn.proj_drop', Dropout(p=0, inplace=False), True), ('vision_encoder.layers.0.blocks.0.mlp.drop', Dropout(p=0, inplace=False), True), ('vision_encoder.layers.0.blocks.1.attn.attn_drop', Dropout(p=0.0, inplace=False), True), ('vision_encoder.layers.0.blocks.1.attn.proj_drop', Dropout(p=0, inplace=False), True), ('vision_encoder.layers.0.blocks.1.mlp.drop', Dropout(p=0, inplace=False), True), ('vision_encoder.layers.1.blocks.0.attn.attn_drop', Dropout(p=0.0, inplace=False), True), ('vision_encoder.layers.1.blocks.0.attn.proj_drop', Dropout(p=0, inplace=False), True), ('vision_encoder.layers.1.blocks.0.mlp.drop', Dropout(p=0, inplace=False), True), ('vision_encoder.layers.1.blocks.1.attn.attn_drop', Dropout(p=0.0, inplace=False), True), ('vision_encoder.layers.1.blocks.1.attn.proj_drop', Dropout(p=0, inplace=False), True), ('vision_encoder.layers.1.blocks.1.mlp.drop', Dropout(p=0, inplace=False), True), ('vision_encoder.layers.2.blocks.0.attn.attn_drop', Dropout(p=0.0, inplace=False), True), ('vision_encoder.layers.2.blocks.0.attn.proj_drop', Dropout(p=0, inplace=False), True), ('vision_encoder.layers.2.blocks.0.mlp.drop', Dropout(p=0, inplace=False), True), ('vision_encoder.layers.2.blocks.1.attn.attn_drop', Dropout(p=0.0, inplace=False), True), ('vision_encoder.layers.2.blocks.1.attn.proj_drop', Dropout(p=0, inplace=False), True), ('vision_encoder.layers.2.blocks.1.mlp.drop', Dropout(p=0, inplace=False), True), ('vision_encoder.layers.2.blocks.2.attn.attn_drop', Dropout(p=0.0, inplace=False), True), ('vision_encoder.layers.2.blocks.2.attn.proj_drop', Dropout(p=0, inplace=False), True), ('vision_encoder.layers.2.blocks.2.mlp.drop', Dropout(p=0, inplace=False), True), ('vision_encoder.layers.2.blocks.3.attn.attn_drop', Dropout(p=0.0, inplace=False), True), ('vision_encoder.layers.2.blocks.3.attn.proj_drop', Dropout(p=0, inplace=False), True), ('vision_encoder.layers.2.blocks.3.mlp.drop', Dropout(p=0, inplace=False), True), ('vision_encoder.layers.2.blocks.4.attn.attn_drop', Dropout(p=0.0, inplace=False), True), ('vision_encoder.layers.2.blocks.4.attn.proj_drop', Dropout(p=0, inplace=False), True), ('vision_encoder.layers.2.blocks.4.mlp.drop', Dropout(p=0, inplace=False), True), ('vision_encoder.layers.2.blocks.5.attn.attn_drop', Dropout(p=0.0, inplace=False), True), ('vision_encoder.layers.2.blocks.5.attn.proj_drop', Dropout(p=0, inplace=False), True), ('vision_encoder.layers.2.blocks.5.mlp.drop', Dropout(p=0, inplace=False), True), ('vision_encoder.layers.2.blocks.6.attn.attn_drop', Dropout(p=0.0, inplace=False), True), ('vision_encoder.layers.2.blocks.6.attn.proj_drop', Dropout(p=0, inplace=False), True), ('vision_encoder.layers.2.blocks.6.mlp.drop', Dropout(p=0, inplace=False), True), ('vision_encoder.layers.2.blocks.7.attn.attn_drop', Dropout(p=0.0, inplace=False), True), ('vision_encoder.layers.2.blocks.7.attn.proj_drop', Dropout(p=0, inplace=False), True), ('vision_encoder.layers.2.blocks.7.mlp.drop', Dropout(p=0, inplace=False), True), ('vision_encoder.layers.2.blocks.8.attn.attn_drop', Dropout(p=0.0, inplace=False), True), ('vision_encoder.layers.2.blocks.8.attn.proj_drop', Dropout(p=0, inplace=False), True), ('vision_encoder.layers.2.blocks.8.mlp.drop', Dropout(p=0, inplace=False), True), ('vision_encoder.layers.2.blocks.9.attn.attn_drop', Dropout(p=0.0, inplace=False), True), ('vision_encoder.layers.2.blocks.9.attn.proj_drop', Dropout(p=0, inplace=False), True), ('vision_encoder.layers.2.blocks.9.mlp.drop', Dropout(p=0, inplace=False), True), ('vision_encoder.layers.2.blocks.10.attn.attn_drop', Dropout(p=0.0, inplace=False), True), ('vision_encoder.layers.2.blocks.10.attn.proj_drop', Dropout(p=0, inplace=False), True), ('vision_encoder.layers.2.blocks.10.mlp.drop', Dropout(p=0, inplace=False), True), ('vision_encoder.layers.2.blocks.11.attn.attn_drop', Dropout(p=0.0, inplace=False), True), ('vision_encoder.layers.2.blocks.11.attn.proj_drop', Dropout(p=0, inplace=False), True), ('vision_encoder.layers.2.blocks.11.mlp.drop', Dropout(p=0, inplace=False), True), ('vision_encoder.layers.2.blocks.12.attn.attn_drop', Dropout(p=0.0, inplace=False), True), ('vision_encoder.layers.2.blocks.12.attn.proj_drop', Dropout(p=0, inplace=False), True), ('vision_encoder.layers.2.blocks.12.mlp.drop', Dropout(p=0, inplace=False), True), ('vision_encoder.layers.2.blocks.13.attn.attn_drop', Dropout(p=0.0, inplace=False), True), ('vision_encoder.layers.2.blocks.13.attn.proj_drop', Dropout(p=0, inplace=False), True), ('vision_encoder.layers.2.blocks.13.mlp.drop', Dropout(p=0, inplace=False), True), ('vision_encoder.layers.2.blocks.14.attn.attn_drop', Dropout(p=0.0, inplace=False), True), ('vision_encoder.layers.2.blocks.14.attn.proj_drop', Dropout(p=0, inplace=False), True), ('vision_encoder.layers.2.blocks.14.mlp.drop', Dropout(p=0, inplace=False), True), ('vision_encoder.layers.2.blocks.15.attn.attn_drop', Dropout(p=0.0, inplace=False), True), ('vision_encoder.layers.2.blocks.15.attn.proj_drop', Dropout(p=0, inplace=False), True), ('vision_encoder.layers.2.blocks.15.mlp.drop', Dropout(p=0, inplace=False), True), ('vision_encoder.layers.2.blocks.16.attn.attn_drop', Dropout(p=0.0, inplace=False), True), ('vision_encoder.layers.2.blocks.16.attn.proj_drop', Dropout(p=0, inplace=False), True), ('vision_encoder.layers.2.blocks.16.mlp.drop', Dropout(p=0, inplace=False), True), ('vision_encoder.layers.2.blocks.17.attn.attn_drop', Dropout(p=0.0, inplace=False), True), ('vision_encoder.layers.2.blocks.17.attn.proj_drop', Dropout(p=0, inplace=False), True), ('vision_encoder.layers.2.blocks.17.mlp.drop', Dropout(p=0, inplace=False), True), ('vision_encoder.layers.3.blocks.0.attn.attn_drop', Dropout(p=0.0, inplace=False), True), ('vision_encoder.layers.3.blocks.0.attn.proj_drop', Dropout(p=0, inplace=False), True), ('vision_encoder.layers.3.blocks.0.mlp.drop', Dropout(p=0, inplace=False), True), ('vision_encoder.layers.3.blocks.1.attn.attn_drop', Dropout(p=0.0, inplace=False), True), ('vision_encoder.layers.3.blocks.1.attn.proj_drop', Dropout(p=0, inplace=False), True), ('vision_encoder.layers.3.blocks.1.mlp.drop', Dropout(p=0, inplace=False), True), ('text_encoder.bert.embeddings.dropout', Dropout(p=0.1, inplace=False), True), ('text_encoder.bert.encoder.layer.0.attention.self.dropout', Dropout(p=0.1, inplace=False), True), ('text_encoder.bert.encoder.layer.0.attention.output.dropout', Dropout(p=0.1, inplace=False), True), ('text_encoder.bert.encoder.layer.0.output.dropout', Dropout(p=0.1, inplace=False), True), ('text_encoder.bert.encoder.layer.1.attention.self.dropout', Dropout(p=0.1, inplace=False), True), ('text_encoder.bert.encoder.layer.1.attention.output.dropout', Dropout(p=0.1, inplace=False), True), ('text_encoder.bert.encoder.layer.1.output.dropout', Dropout(p=0.1, inplace=False), True), ('text_encoder.bert.encoder.layer.2.attention.self.dropout', Dropout(p=0.1, inplace=False), True), ('text_encoder.bert.encoder.layer.2.attention.output.dropout', Dropout(p=0.1, inplace=False), True), ('text_encoder.bert.encoder.layer.2.output.dropout', Dropout(p=0.1, inplace=False), True), ('text_encoder.bert.encoder.layer.3.attention.self.dropout', Dropout(p=0.1, inplace=False), True), ('text_encoder.bert.encoder.layer.3.attention.output.dropout', Dropout(p=0.1, inplace=False), True), ('text_encoder.bert.encoder.layer.3.output.dropout', Dropout(p=0.1, inplace=False), True), ('text_encoder.bert.encoder.layer.4.attention.self.dropout', Dropout(p=0.1, inplace=False), True), ('text_encoder.bert.encoder.layer.4.attention.output.dropout', Dropout(p=0.1, inplace=False), True), ('text_encoder.bert.encoder.layer.4.output.dropout', Dropout(p=0.1, inplace=False), True), ('text_encoder.bert.encoder.layer.5.attention.self.dropout', Dropout(p=0.1, inplace=False), True), ('text_encoder.bert.encoder.layer.5.attention.output.dropout', Dropout(p=0.1, inplace=False), True), ('text_encoder.bert.encoder.layer.5.output.dropout', Dropout(p=0.1, inplace=False), True), ('text_encoder.bert.encoder.layer.6.attention.self.dropout', Dropout(p=0.1, inplace=False), True), ('text_encoder.bert.encoder.layer.6.attention.output.dropout', Dropout(p=0.1, inplace=False), True), ('text_encoder.bert.encoder.layer.6.crossattention.self.dropout', Dropout(p=0.1, inplace=False), True), ('text_encoder.bert.encoder.layer.6.crossattention.output.dropout', Dropout(p=0.1, inplace=False), True), ('text_encoder.bert.encoder.layer.6.output.dropout', Dropout(p=0.1, inplace=False), True), ('text_encoder.bert.encoder.layer.7.attention.self.dropout', Dropout(p=0.1, inplace=False), True), ('text_encoder.bert.encoder.layer.7.attention.output.dropout', Dropout(p=0.1, inplace=False), True), ('text_encoder.bert.encoder.layer.7.crossattention.self.dropout', Dropout(p=0.1, inplace=False), True), ('text_encoder.bert.encoder.layer.7.crossattention.output.dropout', Dropout(p=0.1, inplace=False), True), ('text_encoder.bert.encoder.layer.7.output.dropout', Dropout(p=0.1, inplace=False), True), ('text_encoder.bert.encoder.layer.8.attention.self.dropout', Dropout(p=0.1, inplace=False), True), ('text_encoder.bert.encoder.layer.8.attention.output.dropout', Dropout(p=0.1, inplace=False), True), ('text_encoder.bert.encoder.layer.8.crossattention.self.dropout', Dropout(p=0.1, inplace=False), True), ('text_encoder.bert.encoder.layer.8.crossattention.output.dropout', Dropout(p=0.1, inplace=False), True), ('text_encoder.bert.encoder.layer.8.output.dropout', Dropout(p=0.1, inplace=False), True), ('text_encoder.bert.encoder.layer.9.attention.self.dropout', Dropout(p=0.1, inplace=False), True), ('text_encoder.bert.encoder.layer.9.attention.output.dropout', Dropout(p=0.1, inplace=False), True), ('text_encoder.bert.encoder.layer.9.crossattention.self.dropout', Dropout(p=0.1, inplace=False), True), ('text_encoder.bert.encoder.layer.9.crossattention.output.dropout', Dropout(p=0.1, inplace=False), True), ('text_encoder.bert.encoder.layer.9.output.dropout', Dropout(p=0.1, inplace=False), True), ('text_encoder.bert.encoder.layer.10.attention.self.dropout', Dropout(p=0.1, inplace=False), True), ('text_encoder.bert.encoder.layer.10.attention.output.dropout', Dropout(p=0.1, inplace=False), True), ('text_encoder.bert.encoder.layer.10.crossattention.self.dropout', Dropout(p=0.1, inplace=False), True), ('text_encoder.bert.encoder.layer.10.crossattention.output.dropout', Dropout(p=0.1, inplace=False), True), ('text_encoder.bert.encoder.layer.10.output.dropout', Dropout(p=0.1, inplace=False), True), ('text_encoder.bert.encoder.layer.11.attention.self.dropout', Dropout(p=0.1, inplace=False), True), ('text_encoder.bert.encoder.layer.11.attention.output.dropout', Dropout(p=0.1, inplace=False), True), ('text_encoder.bert.encoder.layer.11.crossattention.self.dropout', Dropout(p=0.1, inplace=False), True), ('text_encoder.bert.encoder.layer.11.crossattention.output.dropout', Dropout(p=0.1, inplace=False), True), ('text_encoder.bert.encoder.layer.11.output.dropout', Dropout(p=0.1, inplace=False), True), ('vision_proj.1', Dropout(p=0.5, inplace=False), True), ('text_proj.1', Dropout(p=0.5, inplace=False), True), ('pose_block.attn.attn_drop', Dropout(p=0.0, inplace=False), True), ('pose_block.attn.proj_drop', Dropout(p=0.0, inplace=False), True)]
     TTA Require Gradient Params: 
 [('text_encoder.bert.embeddings.LayerNorm.weight', torch.Size([768])), ('text_encoder.bert.embeddings.LayerNorm.bias', torch.Size([768])), ('text_encoder.bert.encoder.layer.6.attention.output.LayerNorm.weight', torch.Size([768])), ('text_encoder.bert.encoder.layer.6.attention.output.LayerNorm.bias', torch.Size([768])), ('text_encoder.bert.encoder.layer.6.crossattention.output.LayerNorm.weight', torch.Size([768])), ('text_encoder.bert.encoder.layer.6.crossattention.output.LayerNorm.bias', torch.Size([768])), ('text_encoder.bert.encoder.layer.6.output.LayerNorm.weight', torch.Size([768])), ('text_encoder.bert.encoder.layer.6.output.LayerNorm.bias', torch.Size([768])), ('text_encoder.bert.encoder.layer.7.attention.output.LayerNorm.weight', torch.Size([768])), ('text_encoder.bert.encoder.layer.7.attention.output.LayerNorm.bias', torch.Size([768])), ('text_encoder.bert.encoder.layer.7.crossattention.output.LayerNorm.weight', torch.Size([768])), ('text_encoder.bert.encoder.layer.7.crossattention.output.LayerNorm.bias', torch.Size([768])), ('text_encoder.bert.encoder.layer.7.output.LayerNorm.weight', torch.Size([768])), ('text_encoder.bert.encoder.layer.7.output.LayerNorm.bias', torch.Size([768])), ('text_encoder.bert.encoder.layer.8.attention.output.LayerNorm.weight', torch.Size([768])), ('text_encoder.bert.encoder.layer.8.attention.output.LayerNorm.bias', torch.Size([768])), ('text_encoder.bert.encoder.layer.8.crossattention.output.LayerNorm.weight', torch.Size([768])), ('text_encoder.bert.encoder.layer.8.crossattention.output.LayerNorm.bias', torch.Size([768])), ('text_encoder.bert.encoder.layer.8.output.LayerNorm.weight', torch.Size([768])), ('text_encoder.bert.encoder.layer.8.output.LayerNorm.bias', torch.Size([768])), ('text_encoder.bert.encoder.layer.9.attention.output.LayerNorm.weight', torch.Size([768])), ('text_encoder.bert.encoder.layer.9.attention.output.LayerNorm.bias', torch.Size([768])), ('text_encoder.bert.encoder.layer.9.crossattention.output.LayerNorm.weight', torch.Size([768])), ('text_encoder.bert.encoder.layer.9.crossattention.output.LayerNorm.bias', torch.Size([768])), ('text_encoder.bert.encoder.layer.9.output.LayerNorm.weight', torch.Size([768])), ('text_encoder.bert.encoder.layer.9.output.LayerNorm.bias', torch.Size([768])), ('text_encoder.bert.encoder.layer.10.attention.output.LayerNorm.weight', torch.Size([768])), ('text_encoder.bert.encoder.layer.10.attention.output.LayerNorm.bias', torch.Size([768])), ('text_encoder.bert.encoder.layer.10.crossattention.output.LayerNorm.weight', torch.Size([768])), ('text_encoder.bert.encoder.layer.10.crossattention.output.LayerNorm.bias', torch.Size([768])), ('text_encoder.bert.encoder.layer.10.output.LayerNorm.weight', torch.Size([768])), ('text_encoder.bert.encoder.layer.10.output.LayerNorm.bias', torch.Size([768])), ('text_encoder.bert.encoder.layer.11.attention.output.LayerNorm.weight', torch.Size([768])), ('text_encoder.bert.encoder.layer.11.attention.output.LayerNorm.bias', torch.Size([768])), ('text_encoder.bert.encoder.layer.11.crossattention.output.LayerNorm.weight', torch.Size([768])), ('text_encoder.bert.encoder.layer.11.crossattention.output.LayerNorm.bias', torch.Size([768])), ('text_encoder.bert.encoder.layer.11.output.LayerNorm.weight', torch.Size([768])), ('text_encoder.bert.encoder.layer.11.output.LayerNorm.bias', torch.Size([768])), ('text_encoder.cls.predictions.transform.LayerNorm.weight', torch.Size([768])), ('text_encoder.cls.predictions.transform.LayerNorm.bias', torch.Size([768])), ('itm_head.1.weight', torch.Size([1536])), ('itm_head.1.bias', torch.Size([1536]))]
     TTA Dropout Modules Number: 
 126
     TTA Require Gradient Params Sum: 
 33792
     lr:  0.0001    lr_mult:  2
     model has 'init_params',  385
     num_tta_steps:  7380
     num_warmup_steps:  500
     sched: step
/home/jiahao/task/CMP/tta.py:246: FutureWarning: `torch.cuda.amp.GradScaler(args...)` is deprecated. Please use `torch.amp.GradScaler('cuda', args...)` instead.
  scaler = GradScaler()  # bf16
### Start ITM Test Time Adaptation
      TTA Epoch: [0] [  0/122]  eta: 0:02:18  entropy: 0.3728  uncertainty: 1.0000  uncertainty_coeffi: 1.0000  loss: 0.3728  lr: 0.000000  time: 1.1348  data: 0.3930  max mem: 2639
      TTA Epoch: [0] [100/122]  eta: 0:00:02  entropy: 0.3837  uncertainty: 1.0000  uncertainty_coeffi: 1.0000  loss: 0.3837  lr: 0.000020  time: 0.1115  data: 0.0001  max mem: 2671
      TTA Epoch: [0] [121/122]  eta: 0:00:00  entropy: 0.4739  uncertainty: 1.0000  uncertainty_coeffi: 1.0000  loss: 0.4739  lr: 0.000024  time: 0.1084  data: 0.0001  max mem: 2671
      TTA Epoch: [0] Total time: 0:00:14 (0.1149 s / it)
     Averaged stats: entropy: 0.3892  uncertainty: 1.0000  uncertainty_coeffi: 1.0000  loss: 0.3892  lr: 0.0000
     itm tta time 0:00:14
     Computing matching score
      Evaluation: [   0/1978]  eta: 0:05:14    time: 0.1589  data: 0.0033  max mem: 2671
      Evaluation: [ 100/1978]  eta: 0:03:27    time: 0.1138  data: 0.0000  max mem: 2671
      Evaluation: [ 200/1978]  eta: 0:03:16    time: 0.1142  data: 0.0000  max mem: 2671
      Evaluation: [ 300/1978]  eta: 0:03:06    time: 0.1097  data: 0.0000  max mem: 2671
      Evaluation: [ 400/1978]  eta: 0:02:56    time: 0.1135  data: 0.0000  max mem: 2671
      Evaluation: [ 500/1978]  eta: 0:02:45    time: 0.1143  data: 0.0000  max mem: 2671
      Evaluation: [ 600/1978]  eta: 0:02:33    time: 0.1115  data: 0.0000  max mem: 2671
      Evaluation: [ 700/1978]  eta: 0:02:23    time: 0.1160  data: 0.0000  max mem: 2671
      Evaluation: [ 800/1978]  eta: 0:02:12    time: 0.1149  data: 0.0000  max mem: 2671
      Evaluation: [ 900/1978]  eta: 0:01:58    time: 0.1077  data: 0.0000  max mem: 2671
      Evaluation: [1000/1978]  eta: 0:01:47    time: 0.1172  data: 0.0000  max mem: 2671
      Evaluation: [1100/1978]  eta: 0:01:36    time: 0.1168  data: 0.0000  max mem: 2671
      Evaluation: [1200/1978]  eta: 0:01:26    time: 0.1159  data: 0.0000  max mem: 2671
      Evaluation: [1300/1978]  eta: 0:01:15    time: 0.1153  data: 0.0000  max mem: 2671
      Evaluation: [1400/1978]  eta: 0:01:04    time: 0.1158  data: 0.0000  max mem: 2671
      Evaluation: [1500/1978]  eta: 0:00:53    time: 0.1173  data: 0.0000  max mem: 2671
      Evaluation: [1600/1978]  eta: 0:00:42    time: 0.1159  data: 0.0000  max mem: 2671
      Evaluation: [1700/1978]  eta: 0:00:30    time: 0.1163  data: 0.0000  max mem: 2671
      Evaluation: [1800/1978]  eta: 0:00:19    time: 0.0976  data: 0.0000  max mem: 2671
      Evaluation: [1900/1978]  eta: 0:00:08    time: 0.1154  data: 0.0000  max mem: 2671
      Evaluation: [1977/1978]  eta: 0:00:00    time: 0.1159  data: 0.0000  max mem: 2671
      Evaluation: Total time: 0:03:40 (0.1117 s / it)
     Computing matching score time 0:03:42
### TTA ITM Score: 
+-------------------+--------+--------+--------+--------+--------+
|       epoch       |   R1   |   R5   |  R10   |  mAP   |  mINP  |
+-------------------+--------+--------+--------+--------+--------+
|  cos_sim_wo/norm  | 58.544 | 91.860 | 95.703 | 73.596 | 73.596 |
|        -999       | 69.414 | 95.197 | 97.776 | 81.233 | 81.233 |
| itm_score_wo/norm | 84.328 | 98.989 | 99.494 | 91.293 | 91.293 |
|        -999       | 84.277 | 99.039 | 99.596 | 91.276 | 91.276 |
|         0         | 84.479 | 99.039 | 99.596 | 91.377 | 91.377 |
+-------------------+--------+--------+--------+--------+--------+
     logs:  {'epo': 0, 'R1': 84.479, 'R5': 99.039, 'R10': 99.596, 'mAP': 91.377, 'mINP': 91.377, 'entropy': 0.389237, 'uncertainty': 1.0, 'uncertainty_coeffi': 1.0, 'loss': 0.389237, 'lr': 1.2e-05}
      TTA Epoch: [1] [  0/122]  eta: 0:01:05  entropy: 0.4580  uncertainty: 1.0000  uncertainty_coeffi: 1.0000  loss: 0.4580  lr: 0.000025  time: 0.5363  data: 0.4280  max mem: 2671
      TTA Epoch: [1] [100/122]  eta: 0:00:02  entropy: 0.2454  uncertainty: 1.0000  uncertainty_coeffi: 1.0000  loss: 0.2454  lr: 0.000045  time: 0.1094  data: 0.0001  max mem: 2671
      TTA Epoch: [1] [121/122]  eta: 0:00:00  entropy: 0.2499  uncertainty: 1.0000  uncertainty_coeffi: 1.0000  loss: 0.2499  lr: 0.000049  time: 0.1092  data: 0.0001  max mem: 2671
      TTA Epoch: [1] Total time: 0:00:13 (0.1096 s / it)
     Averaged stats: entropy: 0.3605  uncertainty: 1.0000  uncertainty_coeffi: 1.0000  loss: 0.3605  lr: 0.0000
     itm tta time 0:00:13
     Computing matching score
      Evaluation: [   0/1978]  eta: 0:04:45    time: 0.1443  data: 0.0033  max mem: 2671
      Evaluation: [ 100/1978]  eta: 0:03:07    time: 0.0702  data: 0.0000  max mem: 2671
      Evaluation: [ 200/1978]  eta: 0:03:01    time: 0.1171  data: 0.0000  max mem: 2671
      Evaluation: [ 300/1978]  eta: 0:02:57    time: 0.1160  data: 0.0000  max mem: 2671
      Evaluation: [ 400/1978]  eta: 0:02:50    time: 0.1089  data: 0.0000  max mem: 2671
      Evaluation: [ 500/1978]  eta: 0:02:40    time: 0.1120  data: 0.0000  max mem: 2671
      Evaluation: [ 600/1978]  eta: 0:02:30    time: 0.1157  data: 0.0000  max mem: 2671
      Evaluation: [ 700/1978]  eta: 0:02:20    time: 0.1160  data: 0.0000  max mem: 2671
      Evaluation: [ 800/1978]  eta: 0:02:09    time: 0.1008  data: 0.0000  max mem: 2671
      Evaluation: [ 900/1978]  eta: 0:01:59    time: 0.1162  data: 0.0000  max mem: 2671
      Evaluation: [1000/1978]  eta: 0:01:48    time: 0.1150  data: 0.0000  max mem: 2671
      Evaluation: [1100/1978]  eta: 0:01:37    time: 0.1156  data: 0.0000  max mem: 2671
      Evaluation: [1200/1978]  eta: 0:01:26    time: 0.0978  data: 0.0000  max mem: 2671
      Evaluation: [1300/1978]  eta: 0:01:15    time: 0.1158  data: 0.0000  max mem: 2671
      Evaluation: [1400/1978]  eta: 0:01:04    time: 0.1167  data: 0.0000  max mem: 2671
      Evaluation: [1500/1978]  eta: 0:00:52    time: 0.0961  data: 0.0000  max mem: 2671
      Evaluation: [1600/1978]  eta: 0:00:41    time: 0.0699  data: 0.0000  max mem: 2671
      Evaluation: [1700/1978]  eta: 0:00:29    time: 0.0898  data: 0.0000  max mem: 2671
      Evaluation: [1800/1978]  eta: 0:00:18    time: 0.1090  data: 0.0000  max mem: 2671
      Evaluation: [1900/1978]  eta: 0:00:08    time: 0.1160  data: 0.0000  max mem: 2671
      Evaluation: [1977/1978]  eta: 0:00:00    time: 0.1031  data: 0.0000  max mem: 2671
      Evaluation: Total time: 0:03:28 (0.1053 s / it)
     Computing matching score time 0:03:28
### TTA ITM Score: 
+-------------------+--------+--------+--------+--------+--------+
|       epoch       |   R1   |   R5   |  R10   |  mAP   |  mINP  |
+-------------------+--------+--------+--------+--------+--------+
|  cos_sim_wo/norm  | 58.544 | 91.860 | 95.703 | 73.596 | 73.596 |
|        -999       | 69.414 | 95.197 | 97.776 | 81.233 | 81.233 |
| itm_score_wo/norm | 84.328 | 98.989 | 99.494 | 91.293 | 91.293 |
|        -999       | 84.277 | 99.039 | 99.596 | 91.276 | 91.276 |
|         0         | 84.479 | 99.039 | 99.596 | 91.377 | 91.377 |
|         1         | 84.580 | 98.989 | 99.545 | 91.392 | 91.392 |
+-------------------+--------+--------+--------+--------+--------+
     logs:  {'epo': 1, 'R1': 84.58, 'R5': 98.989, 'R10': 99.545, 'mAP': 91.392, 'mINP': 91.392, 'entropy': 0.36048, 'uncertainty': 1.0, 'uncertainty_coeffi': 1.0, 'loss': 0.36048, 'lr': 3.7e-05}
      TTA Epoch: [2] [  0/122]  eta: 0:01:08  entropy: 0.3685  uncertainty: 1.0000  uncertainty_coeffi: 1.0000  loss: 0.3685  lr: 0.000049  time: 0.5598  data: 0.4397  max mem: 2671
      TTA Epoch: [2] [100/122]  eta: 0:00:02  entropy: 0.4110  uncertainty: 1.0000  uncertainty_coeffi: 1.0000  loss: 0.4110  lr: 0.000069  time: 0.1108  data: 0.0001  max mem: 2671
      TTA Epoch: [2] [121/122]  eta: 0:00:00  entropy: 0.2797  uncertainty: 1.0000  uncertainty_coeffi: 1.0000  loss: 0.2797  lr: 0.000073  time: 0.0939  data: 0.0001  max mem: 2671
      TTA Epoch: [2] Total time: 0:00:13 (0.1113 s / it)
     Averaged stats: entropy: 0.3118  uncertainty: 1.0000  uncertainty_coeffi: 1.0000  loss: 0.3118  lr: 0.0001
     itm tta time 0:00:13
     Computing matching score
      Evaluation: [   0/1978]  eta: 0:03:34    time: 0.1085  data: 0.0035  max mem: 2671
      Evaluation: [ 100/1978]  eta: 0:02:52    time: 0.1139  data: 0.0000  max mem: 2671
      Evaluation: [ 200/1978]  eta: 0:03:04    time: 0.1136  data: 0.0000  max mem: 2671
      Evaluation: [ 300/1978]  eta: 0:02:46    time: 0.1086  data: 0.0000  max mem: 2671
      Evaluation: [ 400/1978]  eta: 0:02:43    time: 0.1181  data: 0.0000  max mem: 2671
      Evaluation: [ 500/1978]  eta: 0:02:35    time: 0.1119  data: 0.0000  max mem: 2671
      Evaluation: [ 600/1978]  eta: 0:02:22    time: 0.0915  data: 0.0000  max mem: 2671
      Evaluation: [ 700/1978]  eta: 0:02:13    time: 0.1166  data: 0.0000  max mem: 2671
      Evaluation: [ 800/1978]  eta: 0:02:04    time: 0.1171  data: 0.0000  max mem: 2671
      Evaluation: [ 900/1978]  eta: 0:01:54    time: 0.1157  data: 0.0000  max mem: 2671
      Evaluation: [1000/1978]  eta: 0:01:44    time: 0.1145  data: 0.0000  max mem: 2671
      Evaluation: [1100/1978]  eta: 0:01:34    time: 0.1154  data: 0.0000  max mem: 2671
      Evaluation: [1200/1978]  eta: 0:01:23    time: 0.1167  data: 0.0000  max mem: 2671
      Evaluation: [1300/1978]  eta: 0:01:12    time: 0.0715  data: 0.0000  max mem: 2671
      Evaluation: [1400/1978]  eta: 0:01:01    time: 0.1149  data: 0.0000  max mem: 2671
      Evaluation: [1500/1978]  eta: 0:00:51    time: 0.1091  data: 0.0000  max mem: 2671
      Evaluation: [1600/1978]  eta: 0:00:40    time: 0.1137  data: 0.0000  max mem: 2671
      Evaluation: [1700/1978]  eta: 0:00:30    time: 0.1155  data: 0.0000  max mem: 2671
      Evaluation: [1800/1978]  eta: 0:00:19    time: 0.1137  data: 0.0000  max mem: 2671
      Evaluation: [1900/1978]  eta: 0:00:08    time: 0.1165  data: 0.0000  max mem: 2671
      Evaluation: [1977/1978]  eta: 0:00:00    time: 0.1162  data: 0.0000  max mem: 2671
      Evaluation: Total time: 0:03:35 (0.1088 s / it)
     Computing matching score time 0:03:36
### TTA ITM Score: 
+-------------------+--------+--------+--------+--------+--------+
|       epoch       |   R1   |   R5   |  R10   |  mAP   |  mINP  |
+-------------------+--------+--------+--------+--------+--------+
|  cos_sim_wo/norm  | 58.544 | 91.860 | 95.703 | 73.596 | 73.596 |
|        -999       | 69.414 | 95.197 | 97.776 | 81.233 | 81.233 |
| itm_score_wo/norm | 84.328 | 98.989 | 99.494 | 91.293 | 91.293 |
|        -999       | 84.277 | 99.039 | 99.596 | 91.276 | 91.276 |
|         0         | 84.479 | 99.039 | 99.596 | 91.377 | 91.377 |
|         1         | 84.580 | 98.989 | 99.545 | 91.392 | 91.392 |
|         2         | 84.732 | 98.888 | 99.494 | 91.434 | 91.434 |
+-------------------+--------+--------+--------+--------+--------+
     logs:  {'epo': 2, 'R1': 84.732, 'R5': 98.888, 'R10': 99.494, 'mAP': 91.434, 'mINP': 91.434, 'entropy': 0.311814, 'uncertainty': 1.0, 'uncertainty_coeffi': 1.0, 'loss': 0.311814, 'lr': 6.1e-05}
      TTA Epoch: [3] [  0/122]  eta: 0:01:05  entropy: 0.2224  uncertainty: 1.0000  uncertainty_coeffi: 1.0000  loss: 0.2224  lr: 0.000073  time: 0.5406  data: 0.4332  max mem: 2671
      TTA Epoch: [3] [100/122]  eta: 0:00:02  entropy: 0.3356  uncertainty: 1.0000  uncertainty_coeffi: 1.0000  loss: 0.3356  lr: 0.000093  time: 0.1084  data: 0.0001  max mem: 2671
      TTA Epoch: [3] [121/122]  eta: 0:00:00  entropy: 0.2739  uncertainty: 1.0000  uncertainty_coeffi: 1.0000  loss: 0.2739  lr: 0.000098  time: 0.1096  data: 0.0001  max mem: 2671
      TTA Epoch: [3] Total time: 0:00:11 (0.0944 s / it)
     Averaged stats: entropy: 0.2707  uncertainty: 1.0000  uncertainty_coeffi: 1.0000  loss: 0.2707  lr: 0.0001
     itm tta time 0:00:11
      TTA Epoch: [4] [  0/122]  eta: 0:00:58  entropy: 0.2661  uncertainty: 1.0000  uncertainty_coeffi: 1.0000  loss: 0.2661  lr: 0.000098  time: 0.4782  data: 0.3324  max mem: 2671
      TTA Epoch: [4] [100/122]  eta: 0:00:02  entropy: 0.3125  uncertainty: 1.0000  uncertainty_coeffi: 1.0000  loss: 0.3125  lr: 0.000099  time: 0.1088  data: 0.0001  max mem: 2671
      TTA Epoch: [4] [121/122]  eta: 0:00:00  entropy: 0.2840  uncertainty: 1.0000  uncertainty_coeffi: 1.0000  loss: 0.2840  lr: 0.000098  time: 0.1091  data: 0.0001  max mem: 2671
      TTA Epoch: [4] Total time: 0:00:13 (0.1094 s / it)
     Averaged stats: entropy: 0.2396  uncertainty: 1.0000  uncertainty_coeffi: 1.0000  loss: 0.2396  lr: 0.0001
     itm tta time 0:00:13
     Computing matching score
      Evaluation: [   0/1978]  eta: 0:02:55    time: 0.0890  data: 0.0023  max mem: 2671
      Evaluation: [ 100/1978]  eta: 0:03:29    time: 0.1123  data: 0.0000  max mem: 2671
      Evaluation: [ 200/1978]  eta: 0:03:20    time: 0.1156  data: 0.0000  max mem: 2671
      Evaluation: [ 300/1978]  eta: 0:03:08    time: 0.1154  data: 0.0000  max mem: 2671
      Evaluation: [ 400/1978]  eta: 0:02:57    time: 0.1133  data: 0.0000  max mem: 2671
      Evaluation: [ 500/1978]  eta: 0:02:43    time: 0.0704  data: 0.0000  max mem: 2671
      Evaluation: [ 600/1978]  eta: 0:02:31    time: 0.1163  data: 0.0000  max mem: 2671
      Evaluation: [ 700/1978]  eta: 0:02:20    time: 0.1149  data: 0.0000  max mem: 2671
      Evaluation: [ 800/1978]  eta: 0:02:10    time: 0.1022  data: 0.0000  max mem: 2671
      Evaluation: [ 900/1978]  eta: 0:01:59    time: 0.1142  data: 0.0000  max mem: 2671
      Evaluation: [1000/1978]  eta: 0:01:48    time: 0.1175  data: 0.0000  max mem: 2671
      Evaluation: [1100/1978]  eta: 0:01:38    time: 0.1185  data: 0.0000  max mem: 2671
      Evaluation: [1200/1978]  eta: 0:01:27    time: 0.1203  data: 0.0000  max mem: 2671
      Evaluation: [1300/1978]  eta: 0:01:16    time: 0.1060  data: 0.0000  max mem: 2671
      Evaluation: [1400/1978]  eta: 0:01:05    time: 0.1187  data: 0.0000  max mem: 2671
      Evaluation: [1500/1978]  eta: 0:00:53    time: 0.1156  data: 0.0000  max mem: 2671
      Evaluation: [1600/1978]  eta: 0:00:42    time: 0.1138  data: 0.0000  max mem: 2671
      Evaluation: [1700/1978]  eta: 0:00:31    time: 0.1014  data: 0.0000  max mem: 2671
      Evaluation: [1800/1978]  eta: 0:00:20    time: 0.1175  data: 0.0000  max mem: 2671
      Evaluation: [1900/1978]  eta: 0:00:08    time: 0.0873  data: 0.0000  max mem: 2671
      Evaluation: [1977/1978]  eta: 0:00:00    time: 0.1163  data: 0.0000  max mem: 2671
      Evaluation: Total time: 0:03:40 (0.1117 s / it)
     Computing matching score time 0:03:41
### TTA ITM Score: 
+-------------------+--------+--------+--------+--------+--------+
|       epoch       |   R1   |   R5   |  R10   |  mAP   |  mINP  |
+-------------------+--------+--------+--------+--------+--------+
|  cos_sim_wo/norm  | 58.544 | 91.860 | 95.703 | 73.596 | 73.596 |
|        -999       | 69.414 | 95.197 | 97.776 | 81.233 | 81.233 |
| itm_score_wo/norm | 84.328 | 98.989 | 99.494 | 91.293 | 91.293 |
|        -999       | 84.277 | 99.039 | 99.596 | 91.276 | 91.276 |
|         0         | 84.479 | 99.039 | 99.596 | 91.377 | 91.377 |
|         1         | 84.580 | 98.989 | 99.545 | 91.392 | 91.392 |
|         2         | 84.732 | 98.888 | 99.494 | 91.434 | 91.434 |
|         4         | 84.479 | 98.837 | 99.393 | 91.269 | 91.269 |
+-------------------+--------+--------+--------+--------+--------+
     logs:  {'epo': 4, 'R1': 84.479, 'R5': 98.837, 'R10': 99.393, 'mAP': 91.269, 'mINP': 91.269, 'entropy': 0.239578, 'uncertainty': 1.0, 'uncertainty_coeffi': 1.0, 'loss': 0.239578, 'lr': 9.9e-05}
      TTA Epoch: [5] [  0/122]  eta: 0:01:14  entropy: 0.0669  uncertainty: 1.0000  uncertainty_coeffi: 1.0000  loss: 0.0669  lr: 0.000098  time: 0.6090  data: 0.4523  max mem: 2671
      TTA Epoch: [5] [100/122]  eta: 0:00:02  entropy: 0.2511  uncertainty: 1.0000  uncertainty_coeffi: 1.0000  loss: 0.2511  lr: 0.000097  time: 0.1116  data: 0.0001  max mem: 2671
      TTA Epoch: [5] [121/122]  eta: 0:00:00  entropy: 0.2036  uncertainty: 1.0000  uncertainty_coeffi: 1.0000  loss: 0.2036  lr: 0.000097  time: 0.1093  data: 0.0001  max mem: 2671
      TTA Epoch: [5] Total time: 0:00:13 (0.1115 s / it)
     Averaged stats: entropy: 0.2125  uncertainty: 1.0000  uncertainty_coeffi: 1.0000  loss: 0.2125  lr: 0.0001
     itm tta time 0:00:13
      TTA Epoch: [6] [  0/122]  eta: 0:01:09  entropy: 0.1598  uncertainty: 1.0000  uncertainty_coeffi: 1.0000  loss: 0.1598  lr: 0.000097  time: 0.5722  data: 0.4271  max mem: 2671
      TTA Epoch: [6] [100/122]  eta: 0:00:02  entropy: 0.2527  uncertainty: 1.0000  uncertainty_coeffi: 1.0000  loss: 0.2527  lr: 0.000095  time: 0.1109  data: 0.0001  max mem: 2671
      TTA Epoch: [6] [121/122]  eta: 0:00:00  entropy: 0.3473  uncertainty: 1.0000  uncertainty_coeffi: 1.0000  loss: 0.3473  lr: 0.000095  time: 0.1091  data: 0.0001  max mem: 2671
      TTA Epoch: [6] Total time: 0:00:13 (0.1110 s / it)
     Averaged stats: entropy: 0.1906  uncertainty: 1.0000  uncertainty_coeffi: 1.0000  loss: 0.1906  lr: 0.0001
     itm tta time 0:00:13
      TTA Epoch: [7] [  0/122]  eta: 0:01:04  entropy: 0.2267  uncertainty: 1.0000  uncertainty_coeffi: 1.0000  loss: 0.2267  lr: 0.000095  time: 0.5312  data: 0.3830  max mem: 2671
      TTA Epoch: [7] [100/122]  eta: 0:00:02  entropy: 0.1387  uncertainty: 1.0000  uncertainty_coeffi: 1.0000  loss: 0.1387  lr: 0.000093  time: 0.1106  data: 0.0001  max mem: 2671
      TTA Epoch: [7] [121/122]  eta: 0:00:00  entropy: 0.1278  uncertainty: 1.0000  uncertainty_coeffi: 1.0000  loss: 0.1278  lr: 0.000093  time: 0.1087  data: 0.0001  max mem: 2671
      TTA Epoch: [7] Total time: 0:00:13 (0.1104 s / it)
     Averaged stats: entropy: 0.1758  uncertainty: 1.0000  uncertainty_coeffi: 1.0000  loss: 0.1758  lr: 0.0001
     itm tta time 0:00:13
      TTA Epoch: [8] [  0/122]  eta: 0:00:56  entropy: 0.1849  uncertainty: 1.0000  uncertainty_coeffi: 1.0000  loss: 0.1849  lr: 0.000093  time: 0.4651  data: 0.3722  max mem: 2671
      TTA Epoch: [8] [100/122]  eta: 0:00:02  entropy: 0.2041  uncertainty: 1.0000  uncertainty_coeffi: 1.0000  loss: 0.2041  lr: 0.000092  time: 0.1121  data: 0.0001  max mem: 2671
      TTA Epoch: [8] [121/122]  eta: 0:00:00  entropy: 0.1062  uncertainty: 1.0000  uncertainty_coeffi: 1.0000  loss: 0.1062  lr: 0.000091  time: 0.1123  data: 0.0001  max mem: 2671
      TTA Epoch: [8] Total time: 0:00:13 (0.1106 s / it)
     Averaged stats: entropy: 0.1626  uncertainty: 1.0000  uncertainty_coeffi: 1.0000  loss: 0.1626  lr: 0.0001
     itm tta time 0:00:13
      TTA Epoch: [9] [  0/122]  eta: 0:01:00  entropy: 0.2230  uncertainty: 1.0000  uncertainty_coeffi: 1.0000  loss: 0.2230  lr: 0.000091  time: 0.4975  data: 0.4234  max mem: 2671
      TTA Epoch: [9] [100/122]  eta: 0:00:02  entropy: 0.1530  uncertainty: 1.0000  uncertainty_coeffi: 1.0000  loss: 0.1530  lr: 0.000090  time: 0.1109  data: 0.0001  max mem: 2671
      TTA Epoch: [9] [121/122]  eta: 0:00:00  entropy: 0.2893  uncertainty: 1.0000  uncertainty_coeffi: 1.0000  loss: 0.2893  lr: 0.000090  time: 0.1091  data: 0.0001  max mem: 2671
      TTA Epoch: [9] Total time: 0:00:13 (0.1115 s / it)
     Averaged stats: entropy: 0.1508  uncertainty: 1.0000  uncertainty_coeffi: 1.0000  loss: 0.1508  lr: 0.0001
     itm tta time 0:00:13
     Computing matching score
      Evaluation: [   0/1978]  eta: 0:02:16    time: 0.0689  data: 0.0024  max mem: 2671
      Evaluation: [ 100/1978]  eta: 0:03:28    time: 0.1151  data: 0.0000  max mem: 2671
      Evaluation: [ 200/1978]  eta: 0:03:17    time: 0.1121  data: 0.0000  max mem: 2671
      Evaluation: [ 300/1978]  eta: 0:03:06    time: 0.1144  data: 0.0000  max mem: 2671
      Evaluation: [ 400/1978]  eta: 0:02:55    time: 0.1001  data: 0.0000  max mem: 2671
      Evaluation: [ 500/1978]  eta: 0:02:45    time: 0.1151  data: 0.0000  max mem: 2671
      Evaluation: [ 600/1978]  eta: 0:02:29    time: 0.0910  data: 0.0000  max mem: 2671
      Evaluation: [ 700/1978]  eta: 0:02:20    time: 0.1153  data: 0.0000  max mem: 2671
      Evaluation: [ 800/1978]  eta: 0:02:09    time: 0.1151  data: 0.0000  max mem: 2671
      Evaluation: [ 900/1978]  eta: 0:01:58    time: 0.1122  data: 0.0000  max mem: 2671
      Evaluation: [1000/1978]  eta: 0:01:47    time: 0.1004  data: 0.0000  max mem: 2671
      Evaluation: [1100/1978]  eta: 0:01:37    time: 0.1156  data: 0.0000  max mem: 2671
      Evaluation: [1200/1978]  eta: 0:01:26    time: 0.1128  data: 0.0000  max mem: 2671
      Evaluation: [1300/1978]  eta: 0:01:15    time: 0.1148  data: 0.0000  max mem: 2671
      Evaluation: [1400/1978]  eta: 0:01:04    time: 0.1032  data: 0.0000  max mem: 2671
      Evaluation: [1500/1978]  eta: 0:00:53    time: 0.1130  data: 0.0000  max mem: 2671
      Evaluation: [1600/1978]  eta: 0:00:41    time: 0.1123  data: 0.0000  max mem: 2671
      Evaluation: [1700/1978]  eta: 0:00:30    time: 0.1122  data: 0.0000  max mem: 2671
      Evaluation: [1800/1978]  eta: 0:00:19    time: 0.0986  data: 0.0000  max mem: 2671
      Evaluation: [1900/1978]  eta: 0:00:08    time: 0.1152  data: 0.0000  max mem: 2671
      Evaluation: [1977/1978]  eta: 0:00:00    time: 0.0976  data: 0.0000  max mem: 2671
      Evaluation: Total time: 0:03:38 (0.1103 s / it)
     Computing matching score time 0:03:38
### TTA ITM Score: 
+-------------------+--------+--------+--------+--------+--------+
|       epoch       |   R1   |   R5   |  R10   |  mAP   |  mINP  |
+-------------------+--------+--------+--------+--------+--------+
|  cos_sim_wo/norm  | 58.544 | 91.860 | 95.703 | 73.596 | 73.596 |
|        -999       | 69.414 | 95.197 | 97.776 | 81.233 | 81.233 |
| itm_score_wo/norm | 84.328 | 98.989 | 99.494 | 91.293 | 91.293 |
|        -999       | 84.277 | 99.039 | 99.596 | 91.276 | 91.276 |
|         0         | 84.479 | 99.039 | 99.596 | 91.377 | 91.377 |
|         1         | 84.580 | 98.989 | 99.545 | 91.392 | 91.392 |
|         2         | 84.732 | 98.888 | 99.494 | 91.434 | 91.434 |
|         4         | 84.479 | 98.837 | 99.393 | 91.269 | 91.269 |
|         9         | 84.732 | 98.837 | 99.343 | 91.441 | 91.441 |
+-------------------+--------+--------+--------+--------+--------+
     logs:  {'epo': 9, 'R1': 84.732, 'R5': 98.837, 'R10': 99.343, 'mAP': 91.441, 'mINP': 91.441, 'entropy': 0.150823, 'uncertainty': 1.0, 'uncertainty_coeffi': 1.0, 'loss': 0.150823, 'lr': 9e-05}
      TTA Epoch: [10] [  0/122]  eta: 0:01:02  entropy: 0.1184  uncertainty: 1.0000  uncertainty_coeffi: 1.0000  loss: 0.1184  lr: 0.000090  time: 0.5085  data: 0.4110  max mem: 2671
      TTA Epoch: [10] [100/122]  eta: 0:00:02  entropy: 0.1630  uncertainty: 1.0000  uncertainty_coeffi: 1.0000  loss: 0.1630  lr: 0.000088  time: 0.1141  data: 0.0001  max mem: 2671
      TTA Epoch: [10] [121/122]  eta: 0:00:00  entropy: 0.1221  uncertainty: 1.0000  uncertainty_coeffi: 1.0000  loss: 0.1221  lr: 0.000088  time: 0.0944  data: 0.0001  max mem: 2671
      TTA Epoch: [10] Total time: 0:00:13 (0.1114 s / it)
     Averaged stats: entropy: 0.1442  uncertainty: 1.0000  uncertainty_coeffi: 1.0000  loss: 0.1442  lr: 0.0001
     itm tta time 0:00:13
      TTA Epoch: [11] [  0/122]  eta: 0:01:05  entropy: 0.0889  uncertainty: 1.0000  uncertainty_coeffi: 1.0000  loss: 0.0889  lr: 0.000088  time: 0.5393  data: 0.4400  max mem: 2671
      TTA Epoch: [11] [100/122]  eta: 0:00:02  entropy: 0.0599  uncertainty: 1.0000  uncertainty_coeffi: 1.0000  loss: 0.0599  lr: 0.000086  time: 0.1118  data: 0.0001  max mem: 2671
      TTA Epoch: [11] [121/122]  eta: 0:00:00  entropy: 0.0915  uncertainty: 1.0000  uncertainty_coeffi: 1.0000  loss: 0.0915  lr: 0.000086  time: 0.0910  data: 0.0001  max mem: 2671
      TTA Epoch: [11] Total time: 0:00:13 (0.1099 s / it)
     Averaged stats: entropy: 0.1325  uncertainty: 1.0000  uncertainty_coeffi: 1.0000  loss: 0.1325  lr: 0.0001
     itm tta time 0:00:13
      TTA Epoch: [12] [  0/122]  eta: 0:00:58  entropy: 0.0626  uncertainty: 1.0000  uncertainty_coeffi: 1.0000  loss: 0.0626  lr: 0.000086  time: 0.4817  data: 0.3695  max mem: 2671
      TTA Epoch: [12] [100/122]  eta: 0:00:02  entropy: 0.0797  uncertainty: 1.0000  uncertainty_coeffi: 1.0000  loss: 0.0797  lr: 0.000085  time: 0.1087  data: 0.0001  max mem: 2671
      TTA Epoch: [12] [121/122]  eta: 0:00:00  entropy: 0.0134  uncertainty: 1.0000  uncertainty_coeffi: 1.0000  loss: 0.0134  lr: 0.000084  time: 0.0912  data: 0.0001  max mem: 2671
      TTA Epoch: [12] Total time: 0:00:13 (0.1089 s / it)
     Averaged stats: entropy: 0.1279  uncertainty: 1.0000  uncertainty_coeffi: 1.0000  loss: 0.1279  lr: 0.0001
     itm tta time 0:00:13
      TTA Epoch: [13] [  0/122]  eta: 0:01:01  entropy: 0.0577  uncertainty: 1.0000  uncertainty_coeffi: 1.0000  loss: 0.0577  lr: 0.000084  time: 0.5007  data: 0.3976  max mem: 2671
      TTA Epoch: [13] [100/122]  eta: 0:00:02  entropy: 0.0857  uncertainty: 1.0000  uncertainty_coeffi: 1.0000  loss: 0.0857  lr: 0.000083  time: 0.1123  data: 0.0001  max mem: 2671
      TTA Epoch: [13] [121/122]  eta: 0:00:00  entropy: 0.0823  uncertainty: 1.0000  uncertainty_coeffi: 1.0000  loss: 0.0823  lr: 0.000082  time: 0.0935  data: 0.0001  max mem: 2671
      TTA Epoch: [13] Total time: 0:00:13 (0.1109 s / it)
     Averaged stats: entropy: 0.1165  uncertainty: 1.0000  uncertainty_coeffi: 1.0000  loss: 0.1165  lr: 0.0001
     itm tta time 0:00:13
      TTA Epoch: [14] [  0/122]  eta: 0:01:05  entropy: 0.0449  uncertainty: 1.0000  uncertainty_coeffi: 1.0000  loss: 0.0449  lr: 0.000082  time: 0.5352  data: 0.4071  max mem: 2671
      TTA Epoch: [14] [100/122]  eta: 0:00:02  entropy: 0.0725  uncertainty: 1.0000  uncertainty_coeffi: 1.0000  loss: 0.0725  lr: 0.000081  time: 0.1129  data: 0.0001  max mem: 2671
      TTA Epoch: [14] [121/122]  eta: 0:00:00  entropy: 0.1319  uncertainty: 1.0000  uncertainty_coeffi: 1.0000  loss: 0.1319  lr: 0.000081  time: 0.0885  data: 0.0001  max mem: 2671
      TTA Epoch: [14] Total time: 0:00:13 (0.1094 s / it)
     Averaged stats: entropy: 0.1169  uncertainty: 1.0000  uncertainty_coeffi: 1.0000  loss: 0.1169  lr: 0.0001
     itm tta time 0:00:13
     Computing matching score
      Evaluation: [   0/1978]  eta: 0:03:09    time: 0.0959  data: 0.0034  max mem: 2671
      Evaluation: [ 100/1978]  eta: 0:03:33    time: 0.1143  data: 0.0000  max mem: 2671
      Evaluation: [ 200/1978]  eta: 0:03:18    time: 0.1112  data: 0.0000  max mem: 2671
      Evaluation: [ 300/1978]  eta: 0:03:06    time: 0.1131  data: 0.0000  max mem: 2671
      Evaluation: [ 400/1978]  eta: 0:02:54    time: 0.0966  data: 0.0000  max mem: 2671
      Evaluation: [ 500/1978]  eta: 0:02:44    time: 0.1142  data: 0.0000  max mem: 2671
      Evaluation: [ 600/1978]  eta: 0:02:33    time: 0.1131  data: 0.0000  max mem: 2671
      Evaluation: [ 700/1978]  eta: 0:02:19    time: 0.0688  data: 0.0000  max mem: 2671
      Evaluation: [ 800/1978]  eta: 0:02:04    time: 0.0688  data: 0.0000  max mem: 2671
      Evaluation: [ 900/1978]  eta: 0:01:49    time: 0.0735  data: 0.0000  max mem: 2671
      Evaluation: [1000/1978]  eta: 0:01:38    time: 0.1097  data: 0.0000  max mem: 2671
      Evaluation: [1100/1978]  eta: 0:01:29    time: 0.1165  data: 0.0000  max mem: 2671
      Evaluation: [1200/1978]  eta: 0:01:18    time: 0.1091  data: 0.0000  max mem: 2671
      Evaluation: [1300/1978]  eta: 0:01:09    time: 0.1153  data: 0.0000  max mem: 2671
      Evaluation: [1400/1978]  eta: 0:00:58    time: 0.0951  data: 0.0000  max mem: 2671
      Evaluation: [1500/1978]  eta: 0:00:48    time: 0.1152  data: 0.0000  max mem: 2671
      Evaluation: [1600/1978]  eta: 0:00:38    time: 0.0920  data: 0.0000  max mem: 2671
      Evaluation: [1700/1978]  eta: 0:00:28    time: 0.1153  data: 0.0000  max mem: 2671
      Evaluation: [1800/1978]  eta: 0:00:18    time: 0.1148  data: 0.0000  max mem: 2671
      Evaluation: [1900/1978]  eta: 0:00:07    time: 0.0702  data: 0.0000  max mem: 2671
      Evaluation: [1977/1978]  eta: 0:00:00    time: 0.1161  data: 0.0000  max mem: 2671
      Evaluation: Total time: 0:03:22 (0.1024 s / it)
     Computing matching score time 0:03:23
### TTA ITM Score: 
+-------------------+--------+--------+--------+--------+--------+
|       epoch       |   R1   |   R5   |  R10   |  mAP   |  mINP  |
+-------------------+--------+--------+--------+--------+--------+
|  cos_sim_wo/norm  | 58.544 | 91.860 | 95.703 | 73.596 | 73.596 |
|        -999       | 69.414 | 95.197 | 97.776 | 81.233 | 81.233 |
| itm_score_wo/norm | 84.328 | 98.989 | 99.494 | 91.293 | 91.293 |
|        -999       | 84.277 | 99.039 | 99.596 | 91.276 | 91.276 |
|         0         | 84.479 | 99.039 | 99.596 | 91.377 | 91.377 |
|         1         | 84.580 | 98.989 | 99.545 | 91.392 | 91.392 |
|         2         | 84.732 | 98.888 | 99.494 | 91.434 | 91.434 |
|         4         | 84.479 | 98.837 | 99.393 | 91.269 | 91.269 |
|         9         | 84.732 | 98.837 | 99.343 | 91.441 | 91.441 |
|         14        | 84.681 | 98.787 | 99.393 | 91.358 | 91.358 |
+-------------------+--------+--------+--------+--------+--------+
     logs:  {'epo': 14, 'R1': 84.681, 'R5': 98.787, 'R10': 99.393, 'mAP': 91.358, 'mINP': 91.358, 'entropy': 0.116885, 'uncertainty': 1.0, 'uncertainty_coeffi': 1.0, 'loss': 0.116885, 'lr': 8.2e-05}
      TTA Epoch: [15] [  0/122]  eta: 0:01:06  entropy: 0.0735  uncertainty: 1.0000  uncertainty_coeffi: 1.0000  loss: 0.0735  lr: 0.000081  time: 0.5456  data: 0.4143  max mem: 2671
      TTA Epoch: [15] [100/122]  eta: 0:00:02  entropy: 0.1516  uncertainty: 1.0000  uncertainty_coeffi: 1.0000  loss: 0.1516  lr: 0.000079  time: 0.1094  data: 0.0001  max mem: 2671
      TTA Epoch: [15] [121/122]  eta: 0:00:00  entropy: 0.1322  uncertainty: 1.0000  uncertainty_coeffi: 1.0000  loss: 0.1322  lr: 0.000079  time: 0.1095  data: 0.0001  max mem: 2671
      TTA Epoch: [15] Total time: 0:00:13 (0.1097 s / it)
     Averaged stats: entropy: 0.1119  uncertainty: 1.0000  uncertainty_coeffi: 1.0000  loss: 0.1119  lr: 0.0001
     itm tta time 0:00:13
      TTA Epoch: [16] [  0/122]  eta: 0:01:14  entropy: 0.1316  uncertainty: 1.0000  uncertainty_coeffi: 1.0000  loss: 0.1316  lr: 0.000079  time: 0.6066  data: 0.4829  max mem: 2671
      TTA Epoch: [16] [100/122]  eta: 0:00:02  entropy: 0.1965  uncertainty: 1.0000  uncertainty_coeffi: 1.0000  loss: 0.1965  lr: 0.000039  time: 0.1096  data: 0.0001  max mem: 2671
      TTA Epoch: [16] [121/122]  eta: 0:00:00  entropy: 0.1090  uncertainty: 1.0000  uncertainty_coeffi: 1.0000  loss: 0.1090  lr: 0.000039  time: 0.1097  data: 0.0001  max mem: 2671
      TTA Epoch: [16] Total time: 0:00:13 (0.1106 s / it)
     Averaged stats: entropy: 0.0996  uncertainty: 1.0000  uncertainty_coeffi: 1.0000  loss: 0.0996  lr: 0.0001
     itm tta time 0:00:13
      TTA Epoch: [17] [  0/122]  eta: 0:01:05  entropy: 0.0139  uncertainty: 1.0000  uncertainty_coeffi: 1.0000  loss: 0.0139  lr: 0.000039  time: 0.5356  data: 0.4114  max mem: 2671
      TTA Epoch: [17] [100/122]  eta: 0:00:02  entropy: 0.0322  uncertainty: 1.0000  uncertainty_coeffi: 1.0000  loss: 0.0322  lr: 0.000038  time: 0.1073  data: 0.0001  max mem: 2671
      TTA Epoch: [17] [121/122]  eta: 0:00:00  entropy: 0.0513  uncertainty: 1.0000  uncertainty_coeffi: 1.0000  loss: 0.0513  lr: 0.000038  time: 0.1079  data: 0.0001  max mem: 2671
      TTA Epoch: [17] Total time: 0:00:13 (0.1089 s / it)
     Averaged stats: entropy: 0.1011  uncertainty: 1.0000  uncertainty_coeffi: 1.0000  loss: 0.1011  lr: 0.0000
     itm tta time 0:00:13
      TTA Epoch: [18] [  0/122]  eta: 0:01:05  entropy: 0.0986  uncertainty: 1.0000  uncertainty_coeffi: 1.0000  loss: 0.0986  lr: 0.000038  time: 0.5375  data: 0.4295  max mem: 2671
      TTA Epoch: [18] [100/122]  eta: 0:00:02  entropy: 0.0277  uncertainty: 1.0000  uncertainty_coeffi: 1.0000  loss: 0.0277  lr: 0.000037  time: 0.1096  data: 0.0001  max mem: 2671
      TTA Epoch: [18] [121/122]  eta: 0:00:00  entropy: 0.1702  uncertainty: 1.0000  uncertainty_coeffi: 1.0000  loss: 0.1702  lr: 0.000037  time: 0.1093  data: 0.0001  max mem: 2671
      TTA Epoch: [18] Total time: 0:00:13 (0.1095 s / it)
     Averaged stats: entropy: 0.0968  uncertainty: 1.0000  uncertainty_coeffi: 1.0000  loss: 0.0968  lr: 0.0000
     itm tta time 0:00:13
      TTA Epoch: [19] [  0/122]  eta: 0:01:12  entropy: 0.0682  uncertainty: 1.0000  uncertainty_coeffi: 1.0000  loss: 0.0682  lr: 0.000037  time: 0.5965  data: 0.4983  max mem: 2671
      TTA Epoch: [19] [100/122]  eta: 0:00:02  entropy: 0.0693  uncertainty: 1.0000  uncertainty_coeffi: 1.0000  loss: 0.0693  lr: 0.000036  time: 0.0612  data: 0.0001  max mem: 2671
      TTA Epoch: [19] [121/122]  eta: 0:00:00  entropy: 0.0758  uncertainty: 1.0000  uncertainty_coeffi: 1.0000  loss: 0.0758  lr: 0.000036  time: 0.0835  data: 0.0001  max mem: 2671
      TTA Epoch: [19] Total time: 0:00:11 (0.0982 s / it)
     Averaged stats: entropy: 0.0948  uncertainty: 1.0000  uncertainty_coeffi: 1.0000  loss: 0.0948  lr: 0.0000
     itm tta time 0:00:12
     Computing matching score
      Evaluation: [   0/1978]  eta: 0:04:35    time: 0.1391  data: 0.0036  max mem: 2671
      Evaluation: [ 100/1978]  eta: 0:03:28    time: 0.1161  data: 0.0000  max mem: 2671
      Evaluation: [ 200/1978]  eta: 0:03:18    time: 0.1164  data: 0.0000  max mem: 2671
      Evaluation: [ 300/1978]  eta: 0:03:08    time: 0.1167  data: 0.0000  max mem: 2671
      Evaluation: [ 400/1978]  eta: 0:02:58    time: 0.1164  data: 0.0000  max mem: 2671
      Evaluation: [ 500/1978]  eta: 0:02:47    time: 0.1151  data: 0.0000  max mem: 2671
      Evaluation: [ 600/1978]  eta: 0:02:35    time: 0.1130  data: 0.0000  max mem: 2671
      Evaluation: [ 700/1978]  eta: 0:02:22    time: 0.0880  data: 0.0000  max mem: 2671
      Evaluation: [ 800/1978]  eta: 0:02:08    time: 0.1138  data: 0.0000  max mem: 2671
      Evaluation: [ 900/1978]  eta: 0:01:58    time: 0.1009  data: 0.0000  max mem: 2671
      Evaluation: [1000/1978]  eta: 0:01:47    time: 0.1149  data: 0.0000  max mem: 2671
      Evaluation: [1100/1978]  eta: 0:01:36    time: 0.1179  data: 0.0000  max mem: 2671
      Evaluation: [1200/1978]  eta: 0:01:25    time: 0.1147  data: 0.0000  max mem: 2671
      Evaluation: [1300/1978]  eta: 0:01:14    time: 0.0979  data: 0.0000  max mem: 2671
      Evaluation: [1400/1978]  eta: 0:01:04    time: 0.1178  data: 0.0000  max mem: 2671
      Evaluation: [1500/1978]  eta: 0:00:52    time: 0.0914  data: 0.0000  max mem: 2671
      Evaluation: [1600/1978]  eta: 0:00:41    time: 0.1145  data: 0.0000  max mem: 2671
      Evaluation: [1700/1978]  eta: 0:00:30    time: 0.1152  data: 0.0000  max mem: 2671
      Evaluation: [1800/1978]  eta: 0:00:19    time: 0.1152  data: 0.0000  max mem: 2671
      Evaluation: [1900/1978]  eta: 0:00:08    time: 0.1027  data: 0.0000  max mem: 2671
      Evaluation: [1977/1978]  eta: 0:00:00    time: 0.1141  data: 0.0000  max mem: 2671
      Evaluation: Total time: 0:03:37 (0.1101 s / it)
     Computing matching score time 0:03:38
### TTA ITM Score: 
+-------------------+--------+--------+--------+--------+--------+
|       epoch       |   R1   |   R5   |  R10   |  mAP   |  mINP  |
+-------------------+--------+--------+--------+--------+--------+
|  cos_sim_wo/norm  | 58.544 | 91.860 | 95.703 | 73.596 | 73.596 |
|        -999       | 69.414 | 95.197 | 97.776 | 81.233 | 81.233 |
| itm_score_wo/norm | 84.328 | 98.989 | 99.494 | 91.293 | 91.293 |
|        -999       | 84.277 | 99.039 | 99.596 | 91.276 | 91.276 |
|         0         | 84.479 | 99.039 | 99.596 | 91.377 | 91.377 |
|         1         | 84.580 | 98.989 | 99.545 | 91.392 | 91.392 |
|         2         | 84.732 | 98.888 | 99.494 | 91.434 | 91.434 |
|         4         | 84.479 | 98.837 | 99.393 | 91.269 | 91.269 |
|         9         | 84.732 | 98.837 | 99.343 | 91.441 | 91.441 |
|         14        | 84.681 | 98.787 | 99.393 | 91.358 | 91.358 |
|         19        | 84.884 | 98.736 | 99.343 | 91.460 | 91.460 |
+-------------------+--------+--------+--------+--------+--------+
     logs:  {'epo': 19, 'R1': 84.884, 'R5': 98.736, 'R10': 99.343, 'mAP': 91.46, 'mINP': 91.46, 'entropy': 0.094848, 'uncertainty': 1.0, 'uncertainty_coeffi': 1.0, 'loss': 0.094848, 'lr': 3.6e-05}
      TTA Epoch: [20] [  0/122]  eta: 0:01:03  entropy: 0.1112  uncertainty: 1.0000  uncertainty_coeffi: 1.0000  loss: 0.1112  lr: 0.000036  time: 0.5168  data: 0.4011  max mem: 2671
      TTA Epoch: [20] [100/122]  eta: 0:00:02  entropy: 0.0589  uncertainty: 1.0000  uncertainty_coeffi: 1.0000  loss: 0.0589  lr: 0.000035  time: 0.1094  data: 0.0001  max mem: 2671
      TTA Epoch: [20] [121/122]  eta: 0:00:00  entropy: 0.0292  uncertainty: 1.0000  uncertainty_coeffi: 1.0000  loss: 0.0292  lr: 0.000035  time: 0.1088  data: 0.0001  max mem: 2671
      TTA Epoch: [20] Total time: 0:00:13 (0.1087 s / it)
     Averaged stats: entropy: 0.0944  uncertainty: 1.0000  uncertainty_coeffi: 1.0000  loss: 0.0944  lr: 0.0000
     itm tta time 0:00:13
      TTA Epoch: [21] [  0/122]  eta: 0:01:06  entropy: 0.3264  uncertainty: 1.0000  uncertainty_coeffi: 1.0000  loss: 0.3264  lr: 0.000035  time: 0.5479  data: 0.3974  max mem: 2671
      TTA Epoch: [21] [100/122]  eta: 0:00:02  entropy: 0.0339  uncertainty: 1.0000  uncertainty_coeffi: 1.0000  loss: 0.0339  lr: 0.000034  time: 0.1097  data: 0.0001  max mem: 2671
      TTA Epoch: [21] [121/122]  eta: 0:00:00  entropy: 0.1184  uncertainty: 1.0000  uncertainty_coeffi: 1.0000  loss: 0.1184  lr: 0.000034  time: 0.1091  data: 0.0001  max mem: 2671
      TTA Epoch: [21] Total time: 0:00:13 (0.1094 s / it)
     Averaged stats: entropy: 0.0948  uncertainty: 1.0000  uncertainty_coeffi: 1.0000  loss: 0.0948  lr: 0.0000
     itm tta time 0:00:13
      TTA Epoch: [22] [  0/122]  eta: 0:01:14  entropy: 0.1559  uncertainty: 1.0000  uncertainty_coeffi: 1.0000  loss: 0.1559  lr: 0.000034  time: 0.6094  data: 0.4653  max mem: 2671
      TTA Epoch: [22] [100/122]  eta: 0:00:02  entropy: 0.0866  uncertainty: 1.0000  uncertainty_coeffi: 1.0000  loss: 0.0866  lr: 0.000033  time: 0.1091  data: 0.0001  max mem: 2671
      TTA Epoch: [22] [121/122]  eta: 0:00:00  entropy: 0.1408  uncertainty: 1.0000  uncertainty_coeffi: 1.0000  loss: 0.1408  lr: 0.000033  time: 0.1077  data: 0.0001  max mem: 2671
      TTA Epoch: [22] Total time: 0:00:13 (0.1090 s / it)
     Averaged stats: entropy: 0.0976  uncertainty: 1.0000  uncertainty_coeffi: 1.0000  loss: 0.0976  lr: 0.0000
     itm tta time 0:00:13
      TTA Epoch: [23] [  0/122]  eta: 0:01:03  entropy: 0.0459  uncertainty: 1.0000  uncertainty_coeffi: 1.0000  loss: 0.0459  lr: 0.000033  time: 0.5202  data: 0.4300  max mem: 2671
      TTA Epoch: [23] [100/122]  eta: 0:00:02  entropy: 0.0659  uncertainty: 1.0000  uncertainty_coeffi: 1.0000  loss: 0.0659  lr: 0.000033  time: 0.1084  data: 0.0001  max mem: 2671
      TTA Epoch: [23] [121/122]  eta: 0:00:00  entropy: 0.0649  uncertainty: 1.0000  uncertainty_coeffi: 1.0000  loss: 0.0649  lr: 0.000032  time: 0.1116  data: 0.0001  max mem: 2671
      TTA Epoch: [23] Total time: 0:00:13 (0.1082 s / it)
     Averaged stats: entropy: 0.0896  uncertainty: 1.0000  uncertainty_coeffi: 1.0000  loss: 0.0896  lr: 0.0000
     itm tta time 0:00:13
      TTA Epoch: [24] [  0/122]  eta: 0:01:07  entropy: 0.0428  uncertainty: 1.0000  uncertainty_coeffi: 1.0000  loss: 0.0428  lr: 0.000032  time: 0.5559  data: 0.4533  max mem: 2671
      TTA Epoch: [24] [100/122]  eta: 0:00:02  entropy: 0.1994  uncertainty: 1.0000  uncertainty_coeffi: 1.0000  loss: 0.1994  lr: 0.000032  time: 0.1060  data: 0.0001  max mem: 2671
      TTA Epoch: [24] [121/122]  eta: 0:00:00  entropy: 0.0762  uncertainty: 1.0000  uncertainty_coeffi: 1.0000  loss: 0.0762  lr: 0.000031  time: 0.1044  data: 0.0001  max mem: 2671
      TTA Epoch: [24] Total time: 0:00:13 (0.1074 s / it)
     Averaged stats: entropy: 0.0931  uncertainty: 1.0000  uncertainty_coeffi: 1.0000  loss: 0.0931  lr: 0.0000
     itm tta time 0:00:13
      TTA Epoch: [25] [  0/122]  eta: 0:01:14  entropy: 0.0048  uncertainty: 1.0000  uncertainty_coeffi: 1.0000  loss: 0.0048  lr: 0.000031  time: 0.6135  data: 0.4677  max mem: 2671
      TTA Epoch: [25] [100/122]  eta: 0:00:02  entropy: 0.0572  uncertainty: 1.0000  uncertainty_coeffi: 1.0000  loss: 0.0572  lr: 0.000031  time: 0.1077  data: 0.0001  max mem: 2671
      TTA Epoch: [25] [121/122]  eta: 0:00:00  entropy: 0.0828  uncertainty: 1.0000  uncertainty_coeffi: 1.0000  loss: 0.0828  lr: 0.000031  time: 0.1092  data: 0.0001  max mem: 2671
      TTA Epoch: [25] Total time: 0:00:13 (0.1087 s / it)
     Averaged stats: entropy: 0.0873  uncertainty: 1.0000  uncertainty_coeffi: 1.0000  loss: 0.0873  lr: 0.0000
     itm tta time 0:00:13
      TTA Epoch: [26] [  0/122]  eta: 0:01:19  entropy: 0.1584  uncertainty: 1.0000  uncertainty_coeffi: 1.0000  loss: 0.1584  lr: 0.000031  time: 0.6533  data: 0.5345  max mem: 2671
      TTA Epoch: [26] [100/122]  eta: 0:00:02  entropy: 0.0219  uncertainty: 1.0000  uncertainty_coeffi: 1.0000  loss: 0.0219  lr: 0.000030  time: 0.0621  data: 0.0001  max mem: 2671
      TTA Epoch: [26] [121/122]  eta: 0:00:00  entropy: 0.0016  uncertainty: 1.0000  uncertainty_coeffi: 1.0000  loss: 0.0016  lr: 0.000030  time: 0.1048  data: 0.0001  max mem: 2671
      TTA Epoch: [26] Total time: 0:00:11 (0.0946 s / it)
     Averaged stats: entropy: 0.0918  uncertainty: 1.0000  uncertainty_coeffi: 1.0000  loss: 0.0918  lr: 0.0000
     itm tta time 0:00:11
      TTA Epoch: [27] [  0/122]  eta: 0:01:15  entropy: 0.0682  uncertainty: 1.0000  uncertainty_coeffi: 1.0000  loss: 0.0682  lr: 0.000030  time: 0.6208  data: 0.5237  max mem: 2671
      TTA Epoch: [27] [100/122]  eta: 0:00:02  entropy: 0.0187  uncertainty: 1.0000  uncertainty_coeffi: 1.0000  loss: 0.0187  lr: 0.000029  time: 0.1109  data: 0.0001  max mem: 2671
      TTA Epoch: [27] [121/122]  eta: 0:00:00  entropy: 0.0718  uncertainty: 1.0000  uncertainty_coeffi: 1.0000  loss: 0.0718  lr: 0.000029  time: 0.1025  data: 0.0001  max mem: 2671
      TTA Epoch: [27] Total time: 0:00:13 (0.1135 s / it)
     Averaged stats: entropy: 0.0909  uncertainty: 1.0000  uncertainty_coeffi: 1.0000  loss: 0.0909  lr: 0.0000
     itm tta time 0:00:13
      TTA Epoch: [28] [  0/122]  eta: 0:01:11  entropy: 0.2045  uncertainty: 1.0000  uncertainty_coeffi: 1.0000  loss: 0.2045  lr: 0.000029  time: 0.5824  data: 0.4614  max mem: 2671
      TTA Epoch: [28] [100/122]  eta: 0:00:02  entropy: 0.0805  uncertainty: 1.0000  uncertainty_coeffi: 1.0000  loss: 0.0805  lr: 0.000011  time: 0.1113  data: 0.0001  max mem: 2671
      TTA Epoch: [28] [121/122]  eta: 0:00:00  entropy: 0.1627  uncertainty: 1.0000  uncertainty_coeffi: 1.0000  loss: 0.1627  lr: 0.000011  time: 0.0908  data: 0.0001  max mem: 2671
      TTA Epoch: [28] Total time: 0:00:13 (0.1121 s / it)
     Averaged stats: entropy: 0.0830  uncertainty: 1.0000  uncertainty_coeffi: 1.0000  loss: 0.0830  lr: 0.0000
     itm tta time 0:00:13
      TTA Epoch: [29] [  0/122]  eta: 0:01:13  entropy: 0.0991  uncertainty: 1.0000  uncertainty_coeffi: 1.0000  loss: 0.0991  lr: 0.000011  time: 0.5994  data: 0.4410  max mem: 2671
      TTA Epoch: [29] [100/122]  eta: 0:00:02  entropy: 0.0392  uncertainty: 1.0000  uncertainty_coeffi: 1.0000  loss: 0.0392  lr: 0.000011  time: 0.1119  data: 0.0001  max mem: 2671
      TTA Epoch: [29] [121/122]  eta: 0:00:00  entropy: 0.1093  uncertainty: 1.0000  uncertainty_coeffi: 1.0000  loss: 0.1093  lr: 0.000011  time: 0.0860  data: 0.0001  max mem: 2671
      TTA Epoch: [29] Total time: 0:00:13 (0.1117 s / it)
     Averaged stats: entropy: 0.0851  uncertainty: 1.0000  uncertainty_coeffi: 1.0000  loss: 0.0851  lr: 0.0000
     itm tta time 0:00:13
     Computing matching score
      Evaluation: [   0/1978]  eta: 0:03:11    time: 0.0968  data: 0.0021  max mem: 2671
      Evaluation: [ 100/1978]  eta: 0:03:35    time: 0.1157  data: 0.0000  max mem: 2671
      Evaluation: [ 200/1978]  eta: 0:03:21    time: 0.1157  data: 0.0000  max mem: 2671
      Evaluation: [ 300/1978]  eta: 0:03:08    time: 0.1142  data: 0.0000  max mem: 2671
      Evaluation: [ 400/1978]  eta: 0:02:57    time: 0.1033  data: 0.0000  max mem: 2671
      Evaluation: [ 500/1978]  eta: 0:02:47    time: 0.1154  data: 0.0000  max mem: 2671
      Evaluation: [ 600/1978]  eta: 0:02:35    time: 0.1151  data: 0.0000  max mem: 2671
      Evaluation: [ 700/1978]  eta: 0:02:23    time: 0.1126  data: 0.0000  max mem: 2671
      Evaluation: [ 800/1978]  eta: 0:02:12    time: 0.1114  data: 0.0000  max mem: 2671
      Evaluation: [ 900/1978]  eta: 0:02:01    time: 0.1153  data: 0.0000  max mem: 2671
      Evaluation: [1000/1978]  eta: 0:01:48    time: 0.1048  data: 0.0000  max mem: 2671
      Evaluation: [1100/1978]  eta: 0:01:37    time: 0.1154  data: 0.0000  max mem: 2671
      Evaluation: [1200/1978]  eta: 0:01:26    time: 0.1147  data: 0.0000  max mem: 2671
      Evaluation: [1300/1978]  eta: 0:01:15    time: 0.1161  data: 0.0000  max mem: 2671
      Evaluation: [1400/1978]  eta: 0:01:04    time: 0.1005  data: 0.0000  max mem: 2671
      Evaluation: [1500/1978]  eta: 0:00:53    time: 0.1120  data: 0.0000  max mem: 2671
      Evaluation: [1600/1978]  eta: 0:00:42    time: 0.1163  data: 0.0000  max mem: 2671
      Evaluation: [1700/1978]  eta: 0:00:30    time: 0.1153  data: 0.0000  max mem: 2671
      Evaluation: [1800/1978]  eta: 0:00:19    time: 0.0957  data: 0.0000  max mem: 2671
      Evaluation: [1900/1978]  eta: 0:00:08    time: 0.1166  data: 0.0000  max mem: 2671
      Evaluation: [1977/1978]  eta: 0:00:00    time: 0.1205  data: 0.0000  max mem: 2671
      Evaluation: Total time: 0:03:40 (0.1115 s / it)
     Computing matching score time 0:03:41
### TTA ITM Score: 
+-------------------+--------+--------+--------+--------+--------+
|       epoch       |   R1   |   R5   |  R10   |  mAP   |  mINP  |
+-------------------+--------+--------+--------+--------+--------+
|  cos_sim_wo/norm  | 58.544 | 91.860 | 95.703 | 73.596 | 73.596 |
|        -999       | 69.414 | 95.197 | 97.776 | 81.233 | 81.233 |
| itm_score_wo/norm | 84.328 | 98.989 | 99.494 | 91.293 | 91.293 |
|        -999       | 84.277 | 99.039 | 99.596 | 91.276 | 91.276 |
|         0         | 84.479 | 99.039 | 99.596 | 91.377 | 91.377 |
|         1         | 84.580 | 98.989 | 99.545 | 91.392 | 91.392 |
|         2         | 84.732 | 98.888 | 99.494 | 91.434 | 91.434 |
|         4         | 84.479 | 98.837 | 99.393 | 91.269 | 91.269 |
|         9         | 84.732 | 98.837 | 99.343 | 91.441 | 91.441 |
|         14        | 84.681 | 98.787 | 99.393 | 91.358 | 91.358 |
|         19        | 84.884 | 98.736 | 99.343 | 91.460 | 91.460 |
|         29        | 84.985 | 98.787 | 99.343 | 91.516 | 91.516 |
+-------------------+--------+--------+--------+--------+--------+
     logs:  {'epo': 29, 'R1': 84.985, 'R5': 98.787, 'R10': 99.343, 'mAP': 91.516, 'mINP': 91.516, 'entropy': 0.085114, 'uncertainty': 1.0, 'uncertainty_coeffi': 1.0, 'loss': 0.085114, 'lr': 1.1e-05}
      TTA Epoch: [30] [  0/122]  eta: 0:01:24  entropy: 0.0800  uncertainty: 1.0000  uncertainty_coeffi: 1.0000  loss: 0.0800  lr: 0.000011  time: 0.6944  data: 0.5139  max mem: 2671
      TTA Epoch: [30] [100/122]  eta: 0:00:02  entropy: 0.0781  uncertainty: 1.0000  uncertainty_coeffi: 1.0000  loss: 0.0781  lr: 0.000011  time: 0.1087  data: 0.0001  max mem: 2671
      TTA Epoch: [30] [121/122]  eta: 0:00:00  entropy: 0.1524  uncertainty: 1.0000  uncertainty_coeffi: 1.0000  loss: 0.1524  lr: 0.000010  time: 0.1093  data: 0.0001  max mem: 2671
      TTA Epoch: [30] Total time: 0:00:13 (0.1101 s / it)
     Averaged stats: entropy: 0.0861  uncertainty: 1.0000  uncertainty_coeffi: 1.0000  loss: 0.0861  lr: 0.0000
     itm tta time 0:00:13
      TTA Epoch: [31] [  0/122]  eta: 0:01:03  entropy: 0.0707  uncertainty: 1.0000  uncertainty_coeffi: 1.0000  loss: 0.0707  lr: 0.000010  time: 0.5225  data: 0.3704  max mem: 2671
      TTA Epoch: [31] [100/122]  eta: 0:00:02  entropy: 0.0320  uncertainty: 1.0000  uncertainty_coeffi: 1.0000  loss: 0.0320  lr: 0.000010  time: 0.1101  data: 0.0001  max mem: 2671
      TTA Epoch: [31] [121/122]  eta: 0:00:00  entropy: 0.1624  uncertainty: 1.0000  uncertainty_coeffi: 1.0000  loss: 0.1624  lr: 0.000010  time: 0.1106  data: 0.0001  max mem: 2671
      TTA Epoch: [31] Total time: 0:00:13 (0.1094 s / it)
     Averaged stats: entropy: 0.0831  uncertainty: 1.0000  uncertainty_coeffi: 1.0000  loss: 0.0831  lr: 0.0000
     itm tta time 0:00:13
      TTA Epoch: [32] [  0/122]  eta: 0:01:07  entropy: 0.0131  uncertainty: 1.0000  uncertainty_coeffi: 1.0000  loss: 0.0131  lr: 0.000010  time: 0.5525  data: 0.4541  max mem: 2671
      TTA Epoch: [32] [100/122]  eta: 0:00:02  entropy: 0.0704  uncertainty: 1.0000  uncertainty_coeffi: 1.0000  loss: 0.0704  lr: 0.000010  time: 0.0626  data: 0.0001  max mem: 2671
      TTA Epoch: [32] [121/122]  eta: 0:00:00  entropy: 0.0913  uncertainty: 1.0000  uncertainty_coeffi: 1.0000  loss: 0.0913  lr: 0.000010  time: 0.1048  data: 0.0001  max mem: 2671
      TTA Epoch: [32] Total time: 0:00:11 (0.0939 s / it)
     Averaged stats: entropy: 0.0833  uncertainty: 1.0000  uncertainty_coeffi: 1.0000  loss: 0.0833  lr: 0.0000
     itm tta time 0:00:11
      TTA Epoch: [33] [  0/122]  eta: 0:01:07  entropy: 0.0380  uncertainty: 1.0000  uncertainty_coeffi: 1.0000  loss: 0.0380  lr: 0.000010  time: 0.5560  data: 0.4669  max mem: 2671
      TTA Epoch: [33] [100/122]  eta: 0:00:02  entropy: 0.0567  uncertainty: 1.0000  uncertainty_coeffi: 1.0000  loss: 0.0567  lr: 0.000009  time: 0.1095  data: 0.0001  max mem: 2671
      TTA Epoch: [33] [121/122]  eta: 0:00:00  entropy: 0.0712  uncertainty: 1.0000  uncertainty_coeffi: 1.0000  loss: 0.0712  lr: 0.000009  time: 0.1102  data: 0.0001  max mem: 2671
      TTA Epoch: [33] Total time: 0:00:13 (0.1122 s / it)
     Averaged stats: entropy: 0.0807  uncertainty: 1.0000  uncertainty_coeffi: 1.0000  loss: 0.0807  lr: 0.0000
     itm tta time 0:00:13
      TTA Epoch: [34] [  0/122]  eta: 0:01:04  entropy: 0.1028  uncertainty: 1.0000  uncertainty_coeffi: 1.0000  loss: 0.1028  lr: 0.000009  time: 0.5308  data: 0.4203  max mem: 2671
      TTA Epoch: [34] [100/122]  eta: 0:00:02  entropy: 0.0333  uncertainty: 1.0000  uncertainty_coeffi: 1.0000  loss: 0.0333  lr: 0.000009  time: 0.1084  data: 0.0001  max mem: 2671
      TTA Epoch: [34] [121/122]  eta: 0:00:00  entropy: 0.0049  uncertainty: 1.0000  uncertainty_coeffi: 1.0000  loss: 0.0049  lr: 0.000009  time: 0.1084  data: 0.0001  max mem: 2671
      TTA Epoch: [34] Total time: 0:00:13 (0.1112 s / it)
     Averaged stats: entropy: 0.0861  uncertainty: 1.0000  uncertainty_coeffi: 1.0000  loss: 0.0861  lr: 0.0000
     itm tta time 0:00:13
      TTA Epoch: [35] [  0/122]  eta: 0:01:10  entropy: 0.0546  uncertainty: 1.0000  uncertainty_coeffi: 1.0000  loss: 0.0546  lr: 0.000009  time: 0.5774  data: 0.4614  max mem: 2671
      TTA Epoch: [35] [100/122]  eta: 0:00:02  entropy: 0.0269  uncertainty: 1.0000  uncertainty_coeffi: 1.0000  loss: 0.0269  lr: 0.000009  time: 0.1101  data: 0.0001  max mem: 2671
      TTA Epoch: [35] [121/122]  eta: 0:00:00  entropy: 0.0446  uncertainty: 1.0000  uncertainty_coeffi: 1.0000  loss: 0.0446  lr: 0.000009  time: 0.1102  data: 0.0001  max mem: 2671
      TTA Epoch: [35] Total time: 0:00:13 (0.1132 s / it)
     Averaged stats: entropy: 0.0867  uncertainty: 1.0000  uncertainty_coeffi: 1.0000  loss: 0.0867  lr: 0.0000
     itm tta time 0:00:13
      TTA Epoch: [36] [  0/122]  eta: 0:00:56  entropy: 0.0806  uncertainty: 1.0000  uncertainty_coeffi: 1.0000  loss: 0.0806  lr: 0.000009  time: 0.4640  data: 0.3890  max mem: 2671
      TTA Epoch: [36] [100/122]  eta: 0:00:02  entropy: 0.1525  uncertainty: 1.0000  uncertainty_coeffi: 1.0000  loss: 0.1525  lr: 0.000008  time: 0.1107  data: 0.0001  max mem: 2671
      TTA Epoch: [36] [121/122]  eta: 0:00:00  entropy: 0.1702  uncertainty: 1.0000  uncertainty_coeffi: 1.0000  loss: 0.1702  lr: 0.000008  time: 0.1081  data: 0.0001  max mem: 2671
      TTA Epoch: [36] Total time: 0:00:13 (0.1109 s / it)
     Averaged stats: entropy: 0.0834  uncertainty: 1.0000  uncertainty_coeffi: 1.0000  loss: 0.0834  lr: 0.0000
     itm tta time 0:00:13
      TTA Epoch: [37] [  0/122]  eta: 0:01:01  entropy: 0.1206  uncertainty: 1.0000  uncertainty_coeffi: 1.0000  loss: 0.1206  lr: 0.000008  time: 0.5060  data: 0.4194  max mem: 2671
      TTA Epoch: [37] [100/122]  eta: 0:00:02  entropy: 0.1059  uncertainty: 1.0000  uncertainty_coeffi: 1.0000  loss: 0.1059  lr: 0.000008  time: 0.1104  data: 0.0001  max mem: 2671
      TTA Epoch: [37] [121/122]  eta: 0:00:00  entropy: 0.0648  uncertainty: 1.0000  uncertainty_coeffi: 1.0000  loss: 0.0648  lr: 0.000008  time: 0.1116  data: 0.0001  max mem: 2671
      TTA Epoch: [37] Total time: 0:00:13 (0.1127 s / it)
     Averaged stats: entropy: 0.0862  uncertainty: 1.0000  uncertainty_coeffi: 1.0000  loss: 0.0862  lr: 0.0000
     itm tta time 0:00:13
      TTA Epoch: [38] [  0/122]  eta: 0:01:10  entropy: 0.0019  uncertainty: 1.0000  uncertainty_coeffi: 1.0000  loss: 0.0019  lr: 0.000008  time: 0.5745  data: 0.4806  max mem: 2671
      TTA Epoch: [38] [100/122]  eta: 0:00:02  entropy: 0.0710  uncertainty: 1.0000  uncertainty_coeffi: 1.0000  loss: 0.0710  lr: 0.000008  time: 0.1097  data: 0.0001  max mem: 2671
      TTA Epoch: [38] [121/122]  eta: 0:00:00  entropy: 0.1078  uncertainty: 1.0000  uncertainty_coeffi: 1.0000  loss: 0.1078  lr: 0.000008  time: 0.1034  data: 0.0001  max mem: 2671
      TTA Epoch: [38] Total time: 0:00:13 (0.1132 s / it)
     Averaged stats: entropy: 0.0831  uncertainty: 1.0000  uncertainty_coeffi: 1.0000  loss: 0.0831  lr: 0.0000
     itm tta time 0:00:13
      TTA Epoch: [39] [  0/122]  eta: 0:01:13  entropy: 0.0544  uncertainty: 1.0000  uncertainty_coeffi: 1.0000  loss: 0.0544  lr: 0.000008  time: 0.5993  data: 0.4709  max mem: 2671
      TTA Epoch: [39] [100/122]  eta: 0:00:02  entropy: 0.1086  uncertainty: 1.0000  uncertainty_coeffi: 1.0000  loss: 0.1086  lr: 0.000007  time: 0.1132  data: 0.0001  max mem: 2671
      TTA Epoch: [39] [121/122]  eta: 0:00:00  entropy: 0.1116  uncertainty: 1.0000  uncertainty_coeffi: 1.0000  loss: 0.1116  lr: 0.000007  time: 0.0878  data: 0.0001  max mem: 2671
      TTA Epoch: [39] Total time: 0:00:13 (0.1121 s / it)
     Averaged stats: entropy: 0.0799  uncertainty: 1.0000  uncertainty_coeffi: 1.0000  loss: 0.0799  lr: 0.0000
     itm tta time 0:00:13
     Computing matching score
      Evaluation: [   0/1978]  eta: 0:04:09    time: 0.1262  data: 0.0023  max mem: 2671
      Evaluation: [ 100/1978]  eta: 0:03:34    time: 0.1170  data: 0.0000  max mem: 2671
      Evaluation: [ 200/1978]  eta: 0:03:20    time: 0.1150  data: 0.0000  max mem: 2671
      Evaluation: [ 300/1978]  eta: 0:03:08    time: 0.1136  data: 0.0000  max mem: 2671
      Evaluation: [ 400/1978]  eta: 0:02:56    time: 0.0973  data: 0.0000  max mem: 2671
      Evaluation: [ 500/1978]  eta: 0:02:36    time: 0.0704  data: 0.0000  max mem: 2671
      Evaluation: [ 600/1978]  eta: 0:02:17    time: 0.0724  data: 0.0000  max mem: 2671
      Evaluation: [ 700/1978]  eta: 0:02:04    time: 0.0815  data: 0.0000  max mem: 2671
      Evaluation: [ 800/1978]  eta: 0:01:57    time: 0.1141  data: 0.0000  max mem: 2671
      Evaluation: [ 900/1978]  eta: 0:01:48    time: 0.1133  data: 0.0000  max mem: 2671
      Evaluation: [1000/1978]  eta: 0:01:39    time: 0.1128  data: 0.0000  max mem: 2671
      Evaluation: [1100/1978]  eta: 0:01:29    time: 0.0701  data: 0.0000  max mem: 2671
      Evaluation: [1200/1978]  eta: 0:01:19    time: 0.1132  data: 0.0000  max mem: 2671
      Evaluation: [1300/1978]  eta: 0:01:09    time: 0.1118  data: 0.0000  max mem: 2671
      Evaluation: [1400/1978]  eta: 0:00:59    time: 0.1132  data: 0.0000  max mem: 2671
      Evaluation: [1500/1978]  eta: 0:00:49    time: 0.1126  data: 0.0000  max mem: 2671
      Evaluation: [1600/1978]  eta: 0:00:38    time: 0.0848  data: 0.0000  max mem: 2671
      Evaluation: [1700/1978]  eta: 0:00:28    time: 0.1115  data: 0.0000  max mem: 2671
      Evaluation: [1800/1978]  eta: 0:00:18    time: 0.1135  data: 0.0000  max mem: 2671
      Evaluation: [1900/1978]  eta: 0:00:08    time: 0.1144  data: 0.0000  max mem: 2671
      Evaluation: [1977/1978]  eta: 0:00:00    time: 0.0884  data: 0.0000  max mem: 2671
      Evaluation: Total time: 0:03:26 (0.1046 s / it)
     Computing matching score time 0:03:27
### TTA ITM Score: 
+-------------------+--------+--------+--------+--------+--------+
|       epoch       |   R1   |   R5   |  R10   |  mAP   |  mINP  |
+-------------------+--------+--------+--------+--------+--------+
|  cos_sim_wo/norm  | 58.544 | 91.860 | 95.703 | 73.596 | 73.596 |
|        -999       | 69.414 | 95.197 | 97.776 | 81.233 | 81.233 |
| itm_score_wo/norm | 84.328 | 98.989 | 99.494 | 91.293 | 91.293 |
|        -999       | 84.277 | 99.039 | 99.596 | 91.276 | 91.276 |
|         0         | 84.479 | 99.039 | 99.596 | 91.377 | 91.377 |
|         1         | 84.580 | 98.989 | 99.545 | 91.392 | 91.392 |
|         2         | 84.732 | 98.888 | 99.494 | 91.434 | 91.434 |
|         4         | 84.479 | 98.837 | 99.393 | 91.269 | 91.269 |
|         9         | 84.732 | 98.837 | 99.343 | 91.441 | 91.441 |
|         14        | 84.681 | 98.787 | 99.393 | 91.358 | 91.358 |
|         19        | 84.884 | 98.736 | 99.343 | 91.460 | 91.460 |
|         29        | 84.985 | 98.787 | 99.343 | 91.516 | 91.516 |
|         39        | 84.985 | 98.736 | 99.343 | 91.512 | 91.512 |
+-------------------+--------+--------+--------+--------+--------+
     logs:  {'epo': 39, 'R1': 84.985, 'R5': 98.736, 'R10': 99.343, 'mAP': 91.512, 'mINP': 91.512, 'entropy': 0.07988, 'uncertainty': 1.0, 'uncertainty_coeffi': 1.0, 'loss': 0.07988, 'lr': 7e-06}
      TTA Epoch: [40] [  0/122]  eta: 0:01:07  entropy: 0.1594  uncertainty: 1.0000  uncertainty_coeffi: 1.0000  loss: 0.1594  lr: 0.000007  time: 0.5519  data: 0.4766  max mem: 2671
      TTA Epoch: [40] [100/122]  eta: 0:00:02  entropy: 0.0429  uncertainty: 1.0000  uncertainty_coeffi: 1.0000  loss: 0.0429  lr: 0.000007  time: 0.1085  data: 0.0001  max mem: 2671
      TTA Epoch: [40] [121/122]  eta: 0:00:00  entropy: 0.0353  uncertainty: 1.0000  uncertainty_coeffi: 1.0000  loss: 0.0353  lr: 0.000007  time: 0.1086  data: 0.0001  max mem: 2671
      TTA Epoch: [40] Total time: 0:00:12 (0.1018 s / it)
     Averaged stats: entropy: 0.0805  uncertainty: 1.0000  uncertainty_coeffi: 1.0000  loss: 0.0805  lr: 0.0000
     itm tta time 0:00:12
      TTA Epoch: [41] [  0/122]  eta: 0:01:15  entropy: 0.0904  uncertainty: 1.0000  uncertainty_coeffi: 1.0000  loss: 0.0904  lr: 0.000007  time: 0.6183  data: 0.4803  max mem: 2671
      TTA Epoch: [41] [100/122]  eta: 0:00:02  entropy: 0.1656  uncertainty: 1.0000  uncertainty_coeffi: 1.0000  loss: 0.1656  lr: 0.000007  time: 0.1065  data: 0.0001  max mem: 2671
      TTA Epoch: [41] [121/122]  eta: 0:00:00  entropy: 0.1068  uncertainty: 1.0000  uncertainty_coeffi: 1.0000  loss: 0.1068  lr: 0.000007  time: 0.1084  data: 0.0001  max mem: 2671
      TTA Epoch: [41] Total time: 0:00:13 (0.1123 s / it)
     Averaged stats: entropy: 0.0810  uncertainty: 1.0000  uncertainty_coeffi: 1.0000  loss: 0.0810  lr: 0.0000
     itm tta time 0:00:13
      TTA Epoch: [42] [  0/122]  eta: 0:01:17  entropy: 0.0738  uncertainty: 1.0000  uncertainty_coeffi: 1.0000  loss: 0.0738  lr: 0.000007  time: 0.6353  data: 0.4732  max mem: 2671
      TTA Epoch: [42] [100/122]  eta: 0:00:02  entropy: 0.0417  uncertainty: 1.0000  uncertainty_coeffi: 1.0000  loss: 0.0417  lr: 0.000006  time: 0.1074  data: 0.0001  max mem: 2671
      TTA Epoch: [42] [121/122]  eta: 0:00:00  entropy: 0.0458  uncertainty: 1.0000  uncertainty_coeffi: 1.0000  loss: 0.0458  lr: 0.000006  time: 0.1087  data: 0.0001  max mem: 2671
      TTA Epoch: [42] Total time: 0:00:13 (0.1110 s / it)
     Averaged stats: entropy: 0.0841  uncertainty: 1.0000  uncertainty_coeffi: 1.0000  loss: 0.0841  lr: 0.0000
     itm tta time 0:00:13
      TTA Epoch: [43] [  0/122]  eta: 0:01:09  entropy: 0.0314  uncertainty: 1.0000  uncertainty_coeffi: 1.0000  loss: 0.0314  lr: 0.000006  time: 0.5674  data: 0.4669  max mem: 2671
      TTA Epoch: [43] [100/122]  eta: 0:00:02  entropy: 0.1702  uncertainty: 1.0000  uncertainty_coeffi: 1.0000  loss: 0.1702  lr: 0.000006  time: 0.1063  data: 0.0001  max mem: 2671
      TTA Epoch: [43] [121/122]  eta: 0:00:00  entropy: 0.1106  uncertainty: 1.0000  uncertainty_coeffi: 1.0000  loss: 0.1106  lr: 0.000006  time: 0.1074  data: 0.0001  max mem: 2671
      TTA Epoch: [43] Total time: 0:00:13 (0.1075 s / it)
     Averaged stats: entropy: 0.0894  uncertainty: 1.0000  uncertainty_coeffi: 1.0000  loss: 0.0894  lr: 0.0000
     itm tta time 0:00:13
      TTA Epoch: [44] [  0/122]  eta: 0:01:00  entropy: 0.1526  uncertainty: 1.0000  uncertainty_coeffi: 1.0000  loss: 0.1526  lr: 0.000006  time: 0.4961  data: 0.3874  max mem: 2671
      TTA Epoch: [44] [100/122]  eta: 0:00:02  entropy: 0.1299  uncertainty: 1.0000  uncertainty_coeffi: 1.0000  loss: 0.1299  lr: 0.000006  time: 0.1071  data: 0.0001  max mem: 2671
      TTA Epoch: [44] [121/122]  eta: 0:00:00  entropy: 0.0979  uncertainty: 1.0000  uncertainty_coeffi: 1.0000  loss: 0.0979  lr: 0.000005  time: 0.1072  data: 0.0001  max mem: 2671
      TTA Epoch: [44] Total time: 0:00:13 (0.1114 s / it)
     Averaged stats: entropy: 0.0833  uncertainty: 1.0000  uncertainty_coeffi: 1.0000  loss: 0.0833  lr: 0.0000
     itm tta time 0:00:13
      TTA Epoch: [45] [  0/122]  eta: 0:01:01  entropy: 0.0609  uncertainty: 1.0000  uncertainty_coeffi: 1.0000  loss: 0.0609  lr: 0.000005  time: 0.5058  data: 0.3941  max mem: 2671
      TTA Epoch: [45] [100/122]  eta: 0:00:02  entropy: 0.0369  uncertainty: 1.0000  uncertainty_coeffi: 1.0000  loss: 0.0369  lr: 0.000005  time: 0.0997  data: 0.0001  max mem: 2671
      TTA Epoch: [45] [121/122]  eta: 0:00:00  entropy: 0.0440  uncertainty: 1.0000  uncertainty_coeffi: 1.0000  loss: 0.0440  lr: 0.000005  time: 0.0802  data: 0.0001  max mem: 2671
      TTA Epoch: [45] Total time: 0:00:12 (0.1048 s / it)
     Averaged stats: entropy: 0.0815  uncertainty: 1.0000  uncertainty_coeffi: 1.0000  loss: 0.0815  lr: 0.0000
     itm tta time 0:00:12
      TTA Epoch: [46] [  0/122]  eta: 0:01:07  entropy: 0.0978  uncertainty: 1.0000  uncertainty_coeffi: 1.0000  loss: 0.0978  lr: 0.000005  time: 0.5503  data: 0.4417  max mem: 2671
      TTA Epoch: [46] [100/122]  eta: 0:00:02  entropy: 0.0408  uncertainty: 1.0000  uncertainty_coeffi: 1.0000  loss: 0.0408  lr: 0.000005  time: 0.1066  data: 0.0001  max mem: 2671
      TTA Epoch: [46] [121/122]  eta: 0:00:00  entropy: 0.1478  uncertainty: 1.0000  uncertainty_coeffi: 1.0000  loss: 0.1478  lr: 0.000005  time: 0.1082  data: 0.0001  max mem: 2671
      TTA Epoch: [46] Total time: 0:00:12 (0.1021 s / it)
     Averaged stats: entropy: 0.0812  uncertainty: 1.0000  uncertainty_coeffi: 1.0000  loss: 0.0812  lr: 0.0000
     itm tta time 0:00:12
      TTA Epoch: [47] [  0/122]  eta: 0:01:02  entropy: 0.0208  uncertainty: 1.0000  uncertainty_coeffi: 1.0000  loss: 0.0208  lr: 0.000005  time: 0.5143  data: 0.3738  max mem: 2671
      TTA Epoch: [47] [100/122]  eta: 0:00:02  entropy: 0.1311  uncertainty: 1.0000  uncertainty_coeffi: 1.0000  loss: 0.1311  lr: 0.000004  time: 0.1089  data: 0.0001  max mem: 2671
      TTA Epoch: [47] [121/122]  eta: 0:00:00  entropy: 0.1771  uncertainty: 1.0000  uncertainty_coeffi: 1.0000  loss: 0.1771  lr: 0.000004  time: 0.1066  data: 0.0001  max mem: 2671
      TTA Epoch: [47] Total time: 0:00:13 (0.1103 s / it)
     Averaged stats: entropy: 0.0812  uncertainty: 1.0000  uncertainty_coeffi: 1.0000  loss: 0.0812  lr: 0.0000
     itm tta time 0:00:13
      TTA Epoch: [48] [  0/122]  eta: 0:01:12  entropy: 0.0342  uncertainty: 1.0000  uncertainty_coeffi: 1.0000  loss: 0.0342  lr: 0.000004  time: 0.5957  data: 0.4700  max mem: 2671
      TTA Epoch: [48] [100/122]  eta: 0:00:02  entropy: 0.0142  uncertainty: 1.0000  uncertainty_coeffi: 1.0000  loss: 0.0142  lr: 0.000004  time: 0.1083  data: 0.0001  max mem: 2671
      TTA Epoch: [48] [121/122]  eta: 0:00:00  entropy: 0.0991  uncertainty: 1.0000  uncertainty_coeffi: 1.0000  loss: 0.0991  lr: 0.000004  time: 0.1060  data: 0.0001  max mem: 2671
      TTA Epoch: [48] Total time: 0:00:13 (0.1120 s / it)
     Averaged stats: entropy: 0.0792  uncertainty: 1.0000  uncertainty_coeffi: 1.0000  loss: 0.0792  lr: 0.0000
     itm tta time 0:00:13
      TTA Epoch: [49] [  0/122]  eta: 0:01:09  entropy: 0.0269  uncertainty: 1.0000  uncertainty_coeffi: 1.0000  loss: 0.0269  lr: 0.000004  time: 0.5710  data: 0.4747  max mem: 2671
      TTA Epoch: [49] [100/122]  eta: 0:00:02  entropy: 0.1310  uncertainty: 1.0000  uncertainty_coeffi: 1.0000  loss: 0.1310  lr: 0.000004  time: 0.1062  data: 0.0001  max mem: 2671
      TTA Epoch: [49] [121/122]  eta: 0:00:00  entropy: 0.0566  uncertainty: 1.0000  uncertainty_coeffi: 1.0000  loss: 0.0566  lr: 0.000004  time: 0.1087  data: 0.0001  max mem: 2671
      TTA Epoch: [49] Total time: 0:00:13 (0.1098 s / it)
     Averaged stats: entropy: 0.0811  uncertainty: 1.0000  uncertainty_coeffi: 1.0000  loss: 0.0811  lr: 0.0000
     itm tta time 0:00:13
     Computing matching score
      Evaluation: [   0/1978]  eta: 0:04:33    time: 0.1383  data: 0.0025  max mem: 2671
      Evaluation: [ 100/1978]  eta: 0:03:35    time: 0.1134  data: 0.0000  max mem: 2671
      Evaluation: [ 200/1978]  eta: 0:03:23    time: 0.1145  data: 0.0000  max mem: 2671
      Evaluation: [ 300/1978]  eta: 0:03:09    time: 0.1118  data: 0.0000  max mem: 2671
      Evaluation: [ 400/1978]  eta: 0:02:58    time: 0.1136  data: 0.0000  max mem: 2671
      Evaluation: [ 500/1978]  eta: 0:02:47    time: 0.1136  data: 0.0000  max mem: 2671
      Evaluation: [ 600/1978]  eta: 0:02:35    time: 0.1076  data: 0.0000  max mem: 2671
      Evaluation: [ 700/1978]  eta: 0:02:23    time: 0.1131  data: 0.0000  max mem: 2671
      Evaluation: [ 800/1978]  eta: 0:02:12    time: 0.1128  data: 0.0000  max mem: 2671
      Evaluation: [ 900/1978]  eta: 0:02:01    time: 0.1120  data: 0.0000  max mem: 2671
      Evaluation: [1000/1978]  eta: 0:01:49    time: 0.1136  data: 0.0000  max mem: 2671
      Evaluation: [1100/1978]  eta: 0:01:38    time: 0.1140  data: 0.0000  max mem: 2671
      Evaluation: [1200/1978]  eta: 0:01:27    time: 0.1137  data: 0.0000  max mem: 2671
      Evaluation: [1300/1978]  eta: 0:01:16    time: 0.1117  data: 0.0000  max mem: 2671
      Evaluation: [1400/1978]  eta: 0:01:04    time: 0.0915  data: 0.0000  max mem: 2671
      Evaluation: [1500/1978]  eta: 0:00:52    time: 0.1136  data: 0.0000  max mem: 2671
      Evaluation: [1600/1978]  eta: 0:00:41    time: 0.1123  data: 0.0000  max mem: 2671
      Evaluation: [1700/1978]  eta: 0:00:30    time: 0.1128  data: 0.0000  max mem: 2671
      Evaluation: [1800/1978]  eta: 0:00:19    time: 0.0999  data: 0.0000  max mem: 2671
      Evaluation: [1900/1978]  eta: 0:00:08    time: 0.1133  data: 0.0000  max mem: 2671
      Evaluation: [1977/1978]  eta: 0:00:00    time: 0.1120  data: 0.0000  max mem: 2671
      Evaluation: Total time: 0:03:39 (0.1110 s / it)
     Computing matching score time 0:03:40
### TTA ITM Score: 
+-------------------+--------+--------+--------+--------+--------+
|       epoch       |   R1   |   R5   |  R10   |  mAP   |  mINP  |
+-------------------+--------+--------+--------+--------+--------+
|  cos_sim_wo/norm  | 58.544 | 91.860 | 95.703 | 73.596 | 73.596 |
|        -999       | 69.414 | 95.197 | 97.776 | 81.233 | 81.233 |
| itm_score_wo/norm | 84.328 | 98.989 | 99.494 | 91.293 | 91.293 |
|        -999       | 84.277 | 99.039 | 99.596 | 91.276 | 91.276 |
|         0         | 84.479 | 99.039 | 99.596 | 91.377 | 91.377 |
|         1         | 84.580 | 98.989 | 99.545 | 91.392 | 91.392 |
|         2         | 84.732 | 98.888 | 99.494 | 91.434 | 91.434 |
|         4         | 84.479 | 98.837 | 99.393 | 91.269 | 91.269 |
|         9         | 84.732 | 98.837 | 99.343 | 91.441 | 91.441 |
|         14        | 84.681 | 98.787 | 99.393 | 91.358 | 91.358 |
|         19        | 84.884 | 98.736 | 99.343 | 91.460 | 91.460 |
|         29        | 84.985 | 98.787 | 99.343 | 91.516 | 91.516 |
|         39        | 84.985 | 98.736 | 99.343 | 91.512 | 91.512 |
|         49        | 84.985 | 98.736 | 99.343 | 91.502 | 91.502 |
+-------------------+--------+--------+--------+--------+--------+
     logs:  {'epo': 49, 'R1': 84.985, 'R5': 98.736, 'R10': 99.343, 'mAP': 91.502, 'mINP': 91.502, 'entropy': 0.081096, 'uncertainty': 1.0, 'uncertainty_coeffi': 1.0, 'loss': 0.081096, 'lr': 4e-06}
      TTA Epoch: [50] [  0/122]  eta: 0:01:14  entropy: 0.0910  uncertainty: 1.0000  uncertainty_coeffi: 1.0000  loss: 0.0910  lr: 0.000004  time: 0.6127  data: 0.4618  max mem: 2671
      TTA Epoch: [50] [100/122]  eta: 0:00:02  entropy: 0.0991  uncertainty: 1.0000  uncertainty_coeffi: 1.0000  loss: 0.0991  lr: 0.000003  time: 0.1081  data: 0.0001  max mem: 2671
      TTA Epoch: [50] [121/122]  eta: 0:00:00  entropy: 0.0649  uncertainty: 1.0000  uncertainty_coeffi: 1.0000  loss: 0.0649  lr: 0.000003  time: 0.1074  data: 0.0001  max mem: 2671
      TTA Epoch: [50] Total time: 0:00:13 (0.1126 s / it)
     Averaged stats: entropy: 0.0841  uncertainty: 1.0000  uncertainty_coeffi: 1.0000  loss: 0.0841  lr: 0.0000
     itm tta time 0:00:13
      TTA Epoch: [51] [  0/122]  eta: 0:01:12  entropy: 0.1789  uncertainty: 1.0000  uncertainty_coeffi: 1.0000  loss: 0.1789  lr: 0.000003  time: 0.5958  data: 0.4643  max mem: 2671
      TTA Epoch: [51] [100/122]  eta: 0:00:02  entropy: 0.0616  uncertainty: 1.0000  uncertainty_coeffi: 1.0000  loss: 0.0616  lr: 0.000003  time: 0.1073  data: 0.0001  max mem: 2671
      TTA Epoch: [51] [121/122]  eta: 0:00:00  entropy: 0.1053  uncertainty: 1.0000  uncertainty_coeffi: 1.0000  loss: 0.1053  lr: 0.000003  time: 0.1089  data: 0.0001  max mem: 2671
      TTA Epoch: [51] Total time: 0:00:13 (0.1093 s / it)
     Averaged stats: entropy: 0.0830  uncertainty: 1.0000  uncertainty_coeffi: 1.0000  loss: 0.0830  lr: 0.0000
     itm tta time 0:00:13
      TTA Epoch: [52] [  0/122]  eta: 0:01:03  entropy: 0.0879  uncertainty: 1.0000  uncertainty_coeffi: 1.0000  loss: 0.0879  lr: 0.000003  time: 0.5201  data: 0.3849  max mem: 2671
      TTA Epoch: [52] [100/122]  eta: 0:00:02  entropy: 0.0056  uncertainty: 1.0000  uncertainty_coeffi: 1.0000  loss: 0.0056  lr: 0.000003  time: 0.1092  data: 0.0001  max mem: 2671
      TTA Epoch: [52] [121/122]  eta: 0:00:00  entropy: 0.0584  uncertainty: 1.0000  uncertainty_coeffi: 1.0000  loss: 0.0584  lr: 0.000003  time: 0.1085  data: 0.0001  max mem: 2671
      TTA Epoch: [52] Total time: 0:00:13 (0.1115 s / it)
     Averaged stats: entropy: 0.0798  uncertainty: 1.0000  uncertainty_coeffi: 1.0000  loss: 0.0798  lr: 0.0000
     itm tta time 0:00:13
      TTA Epoch: [53] [  0/122]  eta: 0:01:07  entropy: 0.1074  uncertainty: 1.0000  uncertainty_coeffi: 1.0000  loss: 0.1074  lr: 0.000003  time: 0.5528  data: 0.4115  max mem: 2671
      TTA Epoch: [53] [100/122]  eta: 0:00:02  entropy: 0.0399  uncertainty: 1.0000  uncertainty_coeffi: 1.0000  loss: 0.0399  lr: 0.000002  time: 0.1084  data: 0.0001  max mem: 2671
      TTA Epoch: [53] [121/122]  eta: 0:00:00  entropy: 0.1096  uncertainty: 1.0000  uncertainty_coeffi: 1.0000  loss: 0.1096  lr: 0.000002  time: 0.0879  data: 0.0002  max mem: 2671
      TTA Epoch: [53] Total time: 0:00:13 (0.1072 s / it)
     Averaged stats: entropy: 0.0834  uncertainty: 1.0000  uncertainty_coeffi: 1.0000  loss: 0.0834  lr: 0.0000
     itm tta time 0:00:13
      TTA Epoch: [54] [  0/122]  eta: 0:01:02  entropy: 0.0744  uncertainty: 1.0000  uncertainty_coeffi: 1.0000  loss: 0.0744  lr: 0.000002  time: 0.5128  data: 0.4131  max mem: 2671
      TTA Epoch: [54] [100/122]  eta: 0:00:02  entropy: 0.0960  uncertainty: 1.0000  uncertainty_coeffi: 1.0000  loss: 0.0960  lr: 0.000002  time: 0.1086  data: 0.0001  max mem: 2671
      TTA Epoch: [54] [121/122]  eta: 0:00:00  entropy: 0.0884  uncertainty: 1.0000  uncertainty_coeffi: 1.0000  loss: 0.0884  lr: 0.000002  time: 0.1063  data: 0.0001  max mem: 2671
      TTA Epoch: [54] Total time: 0:00:13 (0.1094 s / it)
     Averaged stats: entropy: 0.0837  uncertainty: 1.0000  uncertainty_coeffi: 1.0000  loss: 0.0837  lr: 0.0000
     itm tta time 0:00:13
      TTA Epoch: [55] [  0/122]  eta: 0:01:10  entropy: 0.0700  uncertainty: 1.0000  uncertainty_coeffi: 1.0000  loss: 0.0700  lr: 0.000002  time: 0.5791  data: 0.4691  max mem: 2671
      TTA Epoch: [55] [100/122]  eta: 0:00:02  entropy: 0.0311  uncertainty: 1.0000  uncertainty_coeffi: 1.0000  loss: 0.0311  lr: 0.000002  time: 0.1078  data: 0.0001  max mem: 2671
      TTA Epoch: [55] [121/122]  eta: 0:00:00  entropy: 0.0044  uncertainty: 1.0000  uncertainty_coeffi: 1.0000  loss: 0.0044  lr: 0.000002  time: 0.1058  data: 0.0001  max mem: 2671
      TTA Epoch: [55] Total time: 0:00:13 (0.1116 s / it)
     Averaged stats: entropy: 0.0797  uncertainty: 1.0000  uncertainty_coeffi: 1.0000  loss: 0.0797  lr: 0.0000
     itm tta time 0:00:13
      TTA Epoch: [56] [  0/122]  eta: 0:01:13  entropy: 0.0428  uncertainty: 1.0000  uncertainty_coeffi: 1.0000  loss: 0.0428  lr: 0.000002  time: 0.6014  data: 0.4869  max mem: 2671
      TTA Epoch: [56] [100/122]  eta: 0:00:02  entropy: 0.0468  uncertainty: 1.0000  uncertainty_coeffi: 1.0000  loss: 0.0468  lr: 0.000001  time: 0.1082  data: 0.0001  max mem: 2671
      TTA Epoch: [56] [121/122]  eta: 0:00:00  entropy: 0.0391  uncertainty: 1.0000  uncertainty_coeffi: 1.0000  loss: 0.0391  lr: 0.000001  time: 0.1065  data: 0.0001  max mem: 2671
      TTA Epoch: [56] Total time: 0:00:13 (0.1088 s / it)
     Averaged stats: entropy: 0.0828  uncertainty: 1.0000  uncertainty_coeffi: 1.0000  loss: 0.0828  lr: 0.0000
     itm tta time 0:00:13
      TTA Epoch: [57] [  0/122]  eta: 0:01:05  entropy: 0.1361  uncertainty: 1.0000  uncertainty_coeffi: 1.0000  loss: 0.1361  lr: 0.000001  time: 0.5384  data: 0.4153  max mem: 2671
      TTA Epoch: [57] [100/122]  eta: 0:00:02  entropy: 0.1174  uncertainty: 1.0000  uncertainty_coeffi: 1.0000  loss: 0.1174  lr: 0.000001  time: 0.1070  data: 0.0001  max mem: 2671
      TTA Epoch: [57] [121/122]  eta: 0:00:00  entropy: 0.1439  uncertainty: 1.0000  uncertainty_coeffi: 1.0000  loss: 0.1439  lr: 0.000001  time: 0.1065  data: 0.0001  max mem: 2671
      TTA Epoch: [57] Total time: 0:00:13 (0.1111 s / it)
     Averaged stats: entropy: 0.0781  uncertainty: 1.0000  uncertainty_coeffi: 1.0000  loss: 0.0781  lr: 0.0000
     itm tta time 0:00:13
      TTA Epoch: [58] [  0/122]  eta: 0:01:04  entropy: 0.0443  uncertainty: 1.0000  uncertainty_coeffi: 1.0000  loss: 0.0443  lr: 0.000001  time: 0.5284  data: 0.3815  max mem: 2671
      TTA Epoch: [58] [100/122]  eta: 0:00:02  entropy: 0.0776  uncertainty: 1.0000  uncertainty_coeffi: 1.0000  loss: 0.0776  lr: 0.000001  time: 0.1071  data: 0.0001  max mem: 2671
      TTA Epoch: [58] [121/122]  eta: 0:00:00  entropy: 0.0407  uncertainty: 1.0000  uncertainty_coeffi: 1.0000  loss: 0.0407  lr: 0.000001  time: 0.1071  data: 0.0001  max mem: 2671
      TTA Epoch: [58] Total time: 0:00:13 (0.1106 s / it)
     Averaged stats: entropy: 0.0808  uncertainty: 1.0000  uncertainty_coeffi: 1.0000  loss: 0.0808  lr: 0.0000
     itm tta time 0:00:13
      TTA Epoch: [59] [  0/122]  eta: 0:00:56  entropy: 0.1379  uncertainty: 1.0000  uncertainty_coeffi: 1.0000  loss: 0.1379  lr: 0.000001  time: 0.4645  data: 0.3716  max mem: 2671
      TTA Epoch: [59] [100/122]  eta: 0:00:02  entropy: 0.0217  uncertainty: 1.0000  uncertainty_coeffi: 1.0000  loss: 0.0217  lr: 0.000000  time: 0.1044  data: 0.0001  max mem: 2671
      TTA Epoch: [59] [121/122]  eta: 0:00:00  entropy: 0.0056  uncertainty: 1.0000  uncertainty_coeffi: 1.0000  loss: 0.0056  lr: 0.000000  time: 0.0815  data: 0.0001  max mem: 2671
      TTA Epoch: [59] Total time: 0:00:10 (0.0894 s / it)
     Averaged stats: entropy: 0.0795  uncertainty: 1.0000  uncertainty_coeffi: 1.0000  loss: 0.0795  lr: 0.0000
     itm tta time 0:00:11
     Computing matching score
      Evaluation: [   0/1978]  eta: 0:03:47    time: 0.1149  data: 0.0033  max mem: 2671
      Evaluation: [ 100/1978]  eta: 0:03:32    time: 0.1130  data: 0.0000  max mem: 2671
      Evaluation: [ 200/1978]  eta: 0:03:21    time: 0.1128  data: 0.0000  max mem: 2671
      Evaluation: [ 300/1978]  eta: 0:03:10    time: 0.1141  data: 0.0000  max mem: 2671
      Evaluation: [ 400/1978]  eta: 0:02:57    time: 0.1129  data: 0.0000  max mem: 2671
      Evaluation: [ 500/1978]  eta: 0:02:46    time: 0.1136  data: 0.0000  max mem: 2671
      Evaluation: [ 600/1978]  eta: 0:02:35    time: 0.1132  data: 0.0000  max mem: 2671
      Evaluation: [ 700/1978]  eta: 0:02:24    time: 0.1133  data: 0.0000  max mem: 2671
      Evaluation: [ 800/1978]  eta: 0:02:12    time: 0.1136  data: 0.0000  max mem: 2671
      Evaluation: [ 900/1978]  eta: 0:02:01    time: 0.1136  data: 0.0000  max mem: 2671
      Evaluation: [1000/1978]  eta: 0:01:50    time: 0.1131  data: 0.0000  max mem: 2671
      Evaluation: [1100/1978]  eta: 0:01:38    time: 0.1092  data: 0.0000  max mem: 2671
      Evaluation: [1200/1978]  eta: 0:01:27    time: 0.1128  data: 0.0000  max mem: 2671
      Evaluation: [1300/1978]  eta: 0:01:16    time: 0.1114  data: 0.0000  max mem: 2671
      Evaluation: [1400/1978]  eta: 0:01:04    time: 0.1127  data: 0.0000  max mem: 2671
      Evaluation: [1500/1978]  eta: 0:00:53    time: 0.1122  data: 0.0000  max mem: 2671
      Evaluation: [1600/1978]  eta: 0:00:42    time: 0.1130  data: 0.0000  max mem: 2671
      Evaluation: [1700/1978]  eta: 0:00:31    time: 0.1130  data: 0.0000  max mem: 2671
      Evaluation: [1800/1978]  eta: 0:00:19    time: 0.1127  data: 0.0000  max mem: 2671
      Evaluation: [1900/1978]  eta: 0:00:08    time: 0.0958  data: 0.0000  max mem: 2671
      Evaluation: [1977/1978]  eta: 0:00:00    time: 0.1128  data: 0.0000  max mem: 2671
      Evaluation: Total time: 0:03:40 (0.1113 s / it)
     Computing matching score time 0:03:41
### TTA ITM Score: 
+-------------------+--------+--------+--------+--------+--------+
|       epoch       |   R1   |   R5   |  R10   |  mAP   |  mINP  |
+-------------------+--------+--------+--------+--------+--------+
|  cos_sim_wo/norm  | 58.544 | 91.860 | 95.703 | 73.596 | 73.596 |
|        -999       | 69.414 | 95.197 | 97.776 | 81.233 | 81.233 |
| itm_score_wo/norm | 84.328 | 98.989 | 99.494 | 91.293 | 91.293 |
|        -999       | 84.277 | 99.039 | 99.596 | 91.276 | 91.276 |
|         0         | 84.479 | 99.039 | 99.596 | 91.377 | 91.377 |
|         1         | 84.580 | 98.989 | 99.545 | 91.392 | 91.392 |
|         2         | 84.732 | 98.888 | 99.494 | 91.434 | 91.434 |
|         4         | 84.479 | 98.837 | 99.393 | 91.269 | 91.269 |
|         9         | 84.732 | 98.837 | 99.343 | 91.441 | 91.441 |
|         14        | 84.681 | 98.787 | 99.393 | 91.358 | 91.358 |
|         19        | 84.884 | 98.736 | 99.343 | 91.460 | 91.460 |
|         29        | 84.985 | 98.787 | 99.343 | 91.516 | 91.516 |
|         39        | 84.985 | 98.736 | 99.343 | 91.512 | 91.512 |
|         49        | 84.985 | 98.736 | 99.343 | 91.502 | 91.502 |
|         59        | 85.035 | 98.736 | 99.343 | 91.527 | 91.527 |
+-------------------+--------+--------+--------+--------+--------+
     logs:  {'epo': 59, 'R1': 85.035, 'R5': 98.736, 'R10': 99.343, 'mAP': 91.527, 'mINP': 91.527, 'entropy': 0.079539, 'uncertainty': 1.0, 'uncertainty_coeffi': 1.0, 'loss': 0.079539, 'lr': 0.0}
### best epoch: 59
### Time 0:53:08
NNODES,  1
NODE_RANK,  0
MASTER_ADDR,  127.0.0.1
MASTER_PORT,  1612
NPROC_PER_NODE,  2
task:  exp1.0.2
config:  configs_rerun3/exp1.0.2.yaml
output_dir:  output_rerun3/exp1.0.2/2025091513015
python3 tta.py --config configs_rerun3/exp1.0.2.yaml --task exp1.0.2 --output_dir output_rerun3/exp1.0.2/2025091513015 --checkpoint checkpoint/cmp.pth --bs 0 --epo 0 --lr 0.0 --seed 42 --tta
