/home/jiahao/miniconda3/envs/cmp/lib/python3.10/site-packages/torch/functional.py:554: UserWarning: torch.meshgrid: in an upcoming release, it will be required to pass the indexing argument. (Triggered internally at /pytorch/aten/src/ATen/native/TensorShape.cpp:4322.)
  return _VF.meshgrid(tensors, **kwargs)  # type: ignore[attr-defined]
Not using distributed mode
### Hyper-parameters:
     seed: 42
     device: cuda
     output_dir: output_rerun3/exp1.0.4/2025091514490
     batch_size_tta: 16
     epochs: 60
     lr: 1e-05
### Creating test dataset
from data/PAB/annotation/test/attr.json loading 1978 data
     test dataset -->    be_pose_img: True
     test_dataset: 1978
### Creating test dataloader
### be careful: func create_loader returns a list length of 1
     test_loader: 90
### Creating model
build_vision_encoder: load swin 224 x 224 ====>
missing_keys:  []
unexpected_keys:  ['head.weight', 'head.bias']
build_text_encoder: load bert ====>
missing_keys: ['bert.encoder.layer.10.crossattention.output.LayerNorm.bias', 'bert.encoder.layer.10.crossattention.output.LayerNorm.weight', 'bert.encoder.layer.10.crossattention.output.dense.bias', 'bert.encoder.layer.10.crossattention.output.dense.weight', 'bert.encoder.layer.10.crossattention.self.key.bias', 'bert.encoder.layer.10.crossattention.self.key.weight', 'bert.encoder.layer.10.crossattention.self.query.bias', 'bert.encoder.layer.10.crossattention.self.query.weight', 'bert.encoder.layer.10.crossattention.self.value.bias', 'bert.encoder.layer.10.crossattention.self.value.weight', 'bert.encoder.layer.11.crossattention.output.LayerNorm.bias', 'bert.encoder.layer.11.crossattention.output.LayerNorm.weight', 'bert.encoder.layer.11.crossattention.output.dense.bias', 'bert.encoder.layer.11.crossattention.output.dense.weight', 'bert.encoder.layer.11.crossattention.self.key.bias', 'bert.encoder.layer.11.crossattention.self.key.weight', 'bert.encoder.layer.11.crossattention.self.query.bias', 'bert.encoder.layer.11.crossattention.self.query.weight', 'bert.encoder.layer.11.crossattention.self.value.bias', 'bert.encoder.layer.11.crossattention.self.value.weight', 'bert.encoder.layer.6.crossattention.output.LayerNorm.bias', 'bert.encoder.layer.6.crossattention.output.LayerNorm.weight', 'bert.encoder.layer.6.crossattention.output.dense.bias', 'bert.encoder.layer.6.crossattention.output.dense.weight', 'bert.encoder.layer.6.crossattention.self.key.bias', 'bert.encoder.layer.6.crossattention.self.key.weight', 'bert.encoder.layer.6.crossattention.self.query.bias', 'bert.encoder.layer.6.crossattention.self.query.weight', 'bert.encoder.layer.6.crossattention.self.value.bias', 'bert.encoder.layer.6.crossattention.self.value.weight', 'bert.encoder.layer.7.crossattention.output.LayerNorm.bias', 'bert.encoder.layer.7.crossattention.output.LayerNorm.weight', 'bert.encoder.layer.7.crossattention.output.dense.bias', 'bert.encoder.layer.7.crossattention.output.dense.weight', 'bert.encoder.layer.7.crossattention.self.key.bias', 'bert.encoder.layer.7.crossattention.self.key.weight', 'bert.encoder.layer.7.crossattention.self.query.bias', 'bert.encoder.layer.7.crossattention.self.query.weight', 'bert.encoder.layer.7.crossattention.self.value.bias', 'bert.encoder.layer.7.crossattention.self.value.weight', 'bert.encoder.layer.8.crossattention.output.LayerNorm.bias', 'bert.encoder.layer.8.crossattention.output.LayerNorm.weight', 'bert.encoder.layer.8.crossattention.output.dense.bias', 'bert.encoder.layer.8.crossattention.output.dense.weight', 'bert.encoder.layer.8.crossattention.self.key.bias', 'bert.encoder.layer.8.crossattention.self.key.weight', 'bert.encoder.layer.8.crossattention.self.query.bias', 'bert.encoder.layer.8.crossattention.self.query.weight', 'bert.encoder.layer.8.crossattention.self.value.bias', 'bert.encoder.layer.8.crossattention.self.value.weight', 'bert.encoder.layer.9.crossattention.output.LayerNorm.bias', 'bert.encoder.layer.9.crossattention.output.LayerNorm.weight', 'bert.encoder.layer.9.crossattention.output.dense.bias', 'bert.encoder.layer.9.crossattention.output.dense.weight', 'bert.encoder.layer.9.crossattention.self.key.bias', 'bert.encoder.layer.9.crossattention.self.key.weight', 'bert.encoder.layer.9.crossattention.self.query.bias', 'bert.encoder.layer.9.crossattention.self.query.weight', 'bert.encoder.layer.9.crossattention.self.value.bias', 'bert.encoder.layer.9.crossattention.self.value.weight']
unexpected_keys: ['cls.seq_relationship.bias', 'cls.seq_relationship.weight']
mismatched_keys: []
error_msgs: []
Label Smooth: 0.2
pose_conv
load checkpoint from checkpoint/cmp.pth
missing_keys:  ['uncertainty_temper', 'prompt_learning_embedding']
unexpected_keys:  []
     Total Params Sum:  254264985
### Inference ITC similiarity matrix
### Zero-Shot Score: 
+-------------------+--------+--------+--------+--------+--------+
|       epoch       |   R1   |   R5   |  R10   |  mAP   |  mINP  |
+-------------------+--------+--------+--------+--------+--------+
|  cos_sim_wo/norm  | 58.544 | 91.860 | 95.703 | 73.596 | 73.596 |
|        -999       | 69.414 | 95.197 | 97.776 | 81.233 | 81.233 |
| itm_score_wo/norm | 84.328 | 98.989 | 99.494 | 91.293 | 91.293 |
|        -999       | 84.277 | 99.039 | 99.596 | 91.276 | 91.276 |
+-------------------+--------+--------+--------+--------+--------+
### TTA:
     preprocess_tta_coefficients  start
     sample selection ...
     number of sample after sample_selection: 1958
     uncertainty ...
     preprocess_tta_coefficients  end
### Creating tta dataset
     tta_dataset: 1958
### Creating tta dataloader
### be careful: func create_loader returns a list length of 1
     tta_loader: 122
### Configure adapted weights
     TTA Dropout Modules: 
 [('vision_encoder.pos_drop', Dropout(p=0, inplace=False), True), ('vision_encoder.layers.0.blocks.0.attn.attn_drop', Dropout(p=0.0, inplace=False), True), ('vision_encoder.layers.0.blocks.0.attn.proj_drop', Dropout(p=0, inplace=False), True), ('vision_encoder.layers.0.blocks.0.mlp.drop', Dropout(p=0, inplace=False), True), ('vision_encoder.layers.0.blocks.1.attn.attn_drop', Dropout(p=0.0, inplace=False), True), ('vision_encoder.layers.0.blocks.1.attn.proj_drop', Dropout(p=0, inplace=False), True), ('vision_encoder.layers.0.blocks.1.mlp.drop', Dropout(p=0, inplace=False), True), ('vision_encoder.layers.1.blocks.0.attn.attn_drop', Dropout(p=0.0, inplace=False), True), ('vision_encoder.layers.1.blocks.0.attn.proj_drop', Dropout(p=0, inplace=False), True), ('vision_encoder.layers.1.blocks.0.mlp.drop', Dropout(p=0, inplace=False), True), ('vision_encoder.layers.1.blocks.1.attn.attn_drop', Dropout(p=0.0, inplace=False), True), ('vision_encoder.layers.1.blocks.1.attn.proj_drop', Dropout(p=0, inplace=False), True), ('vision_encoder.layers.1.blocks.1.mlp.drop', Dropout(p=0, inplace=False), True), ('vision_encoder.layers.2.blocks.0.attn.attn_drop', Dropout(p=0.0, inplace=False), True), ('vision_encoder.layers.2.blocks.0.attn.proj_drop', Dropout(p=0, inplace=False), True), ('vision_encoder.layers.2.blocks.0.mlp.drop', Dropout(p=0, inplace=False), True), ('vision_encoder.layers.2.blocks.1.attn.attn_drop', Dropout(p=0.0, inplace=False), True), ('vision_encoder.layers.2.blocks.1.attn.proj_drop', Dropout(p=0, inplace=False), True), ('vision_encoder.layers.2.blocks.1.mlp.drop', Dropout(p=0, inplace=False), True), ('vision_encoder.layers.2.blocks.2.attn.attn_drop', Dropout(p=0.0, inplace=False), True), ('vision_encoder.layers.2.blocks.2.attn.proj_drop', Dropout(p=0, inplace=False), True), ('vision_encoder.layers.2.blocks.2.mlp.drop', Dropout(p=0, inplace=False), True), ('vision_encoder.layers.2.blocks.3.attn.attn_drop', Dropout(p=0.0, inplace=False), True), ('vision_encoder.layers.2.blocks.3.attn.proj_drop', Dropout(p=0, inplace=False), True), ('vision_encoder.layers.2.blocks.3.mlp.drop', Dropout(p=0, inplace=False), True), ('vision_encoder.layers.2.blocks.4.attn.attn_drop', Dropout(p=0.0, inplace=False), True), ('vision_encoder.layers.2.blocks.4.attn.proj_drop', Dropout(p=0, inplace=False), True), ('vision_encoder.layers.2.blocks.4.mlp.drop', Dropout(p=0, inplace=False), True), ('vision_encoder.layers.2.blocks.5.attn.attn_drop', Dropout(p=0.0, inplace=False), True), ('vision_encoder.layers.2.blocks.5.attn.proj_drop', Dropout(p=0, inplace=False), True), ('vision_encoder.layers.2.blocks.5.mlp.drop', Dropout(p=0, inplace=False), True), ('vision_encoder.layers.2.blocks.6.attn.attn_drop', Dropout(p=0.0, inplace=False), True), ('vision_encoder.layers.2.blocks.6.attn.proj_drop', Dropout(p=0, inplace=False), True), ('vision_encoder.layers.2.blocks.6.mlp.drop', Dropout(p=0, inplace=False), True), ('vision_encoder.layers.2.blocks.7.attn.attn_drop', Dropout(p=0.0, inplace=False), True), ('vision_encoder.layers.2.blocks.7.attn.proj_drop', Dropout(p=0, inplace=False), True), ('vision_encoder.layers.2.blocks.7.mlp.drop', Dropout(p=0, inplace=False), True), ('vision_encoder.layers.2.blocks.8.attn.attn_drop', Dropout(p=0.0, inplace=False), True), ('vision_encoder.layers.2.blocks.8.attn.proj_drop', Dropout(p=0, inplace=False), True), ('vision_encoder.layers.2.blocks.8.mlp.drop', Dropout(p=0, inplace=False), True), ('vision_encoder.layers.2.blocks.9.attn.attn_drop', Dropout(p=0.0, inplace=False), True), ('vision_encoder.layers.2.blocks.9.attn.proj_drop', Dropout(p=0, inplace=False), True), ('vision_encoder.layers.2.blocks.9.mlp.drop', Dropout(p=0, inplace=False), True), ('vision_encoder.layers.2.blocks.10.attn.attn_drop', Dropout(p=0.0, inplace=False), True), ('vision_encoder.layers.2.blocks.10.attn.proj_drop', Dropout(p=0, inplace=False), True), ('vision_encoder.layers.2.blocks.10.mlp.drop', Dropout(p=0, inplace=False), True), ('vision_encoder.layers.2.blocks.11.attn.attn_drop', Dropout(p=0.0, inplace=False), True), ('vision_encoder.layers.2.blocks.11.attn.proj_drop', Dropout(p=0, inplace=False), True), ('vision_encoder.layers.2.blocks.11.mlp.drop', Dropout(p=0, inplace=False), True), ('vision_encoder.layers.2.blocks.12.attn.attn_drop', Dropout(p=0.0, inplace=False), True), ('vision_encoder.layers.2.blocks.12.attn.proj_drop', Dropout(p=0, inplace=False), True), ('vision_encoder.layers.2.blocks.12.mlp.drop', Dropout(p=0, inplace=False), True), ('vision_encoder.layers.2.blocks.13.attn.attn_drop', Dropout(p=0.0, inplace=False), True), ('vision_encoder.layers.2.blocks.13.attn.proj_drop', Dropout(p=0, inplace=False), True), ('vision_encoder.layers.2.blocks.13.mlp.drop', Dropout(p=0, inplace=False), True), ('vision_encoder.layers.2.blocks.14.attn.attn_drop', Dropout(p=0.0, inplace=False), True), ('vision_encoder.layers.2.blocks.14.attn.proj_drop', Dropout(p=0, inplace=False), True), ('vision_encoder.layers.2.blocks.14.mlp.drop', Dropout(p=0, inplace=False), True), ('vision_encoder.layers.2.blocks.15.attn.attn_drop', Dropout(p=0.0, inplace=False), True), ('vision_encoder.layers.2.blocks.15.attn.proj_drop', Dropout(p=0, inplace=False), True), ('vision_encoder.layers.2.blocks.15.mlp.drop', Dropout(p=0, inplace=False), True), ('vision_encoder.layers.2.blocks.16.attn.attn_drop', Dropout(p=0.0, inplace=False), True), ('vision_encoder.layers.2.blocks.16.attn.proj_drop', Dropout(p=0, inplace=False), True), ('vision_encoder.layers.2.blocks.16.mlp.drop', Dropout(p=0, inplace=False), True), ('vision_encoder.layers.2.blocks.17.attn.attn_drop', Dropout(p=0.0, inplace=False), True), ('vision_encoder.layers.2.blocks.17.attn.proj_drop', Dropout(p=0, inplace=False), True), ('vision_encoder.layers.2.blocks.17.mlp.drop', Dropout(p=0, inplace=False), True), ('vision_encoder.layers.3.blocks.0.attn.attn_drop', Dropout(p=0.0, inplace=False), True), ('vision_encoder.layers.3.blocks.0.attn.proj_drop', Dropout(p=0, inplace=False), True), ('vision_encoder.layers.3.blocks.0.mlp.drop', Dropout(p=0, inplace=False), True), ('vision_encoder.layers.3.blocks.1.attn.attn_drop', Dropout(p=0.0, inplace=False), True), ('vision_encoder.layers.3.blocks.1.attn.proj_drop', Dropout(p=0, inplace=False), True), ('vision_encoder.layers.3.blocks.1.mlp.drop', Dropout(p=0, inplace=False), True), ('text_encoder.bert.embeddings.dropout', Dropout(p=0.1, inplace=False), True), ('text_encoder.bert.encoder.layer.0.attention.self.dropout', Dropout(p=0.1, inplace=False), True), ('text_encoder.bert.encoder.layer.0.attention.output.dropout', Dropout(p=0.1, inplace=False), True), ('text_encoder.bert.encoder.layer.0.output.dropout', Dropout(p=0.1, inplace=False), True), ('text_encoder.bert.encoder.layer.1.attention.self.dropout', Dropout(p=0.1, inplace=False), True), ('text_encoder.bert.encoder.layer.1.attention.output.dropout', Dropout(p=0.1, inplace=False), True), ('text_encoder.bert.encoder.layer.1.output.dropout', Dropout(p=0.1, inplace=False), True), ('text_encoder.bert.encoder.layer.2.attention.self.dropout', Dropout(p=0.1, inplace=False), True), ('text_encoder.bert.encoder.layer.2.attention.output.dropout', Dropout(p=0.1, inplace=False), True), ('text_encoder.bert.encoder.layer.2.output.dropout', Dropout(p=0.1, inplace=False), True), ('text_encoder.bert.encoder.layer.3.attention.self.dropout', Dropout(p=0.1, inplace=False), True), ('text_encoder.bert.encoder.layer.3.attention.output.dropout', Dropout(p=0.1, inplace=False), True), ('text_encoder.bert.encoder.layer.3.output.dropout', Dropout(p=0.1, inplace=False), True), ('text_encoder.bert.encoder.layer.4.attention.self.dropout', Dropout(p=0.1, inplace=False), True), ('text_encoder.bert.encoder.layer.4.attention.output.dropout', Dropout(p=0.1, inplace=False), True), ('text_encoder.bert.encoder.layer.4.output.dropout', Dropout(p=0.1, inplace=False), True), ('text_encoder.bert.encoder.layer.5.attention.self.dropout', Dropout(p=0.1, inplace=False), True), ('text_encoder.bert.encoder.layer.5.attention.output.dropout', Dropout(p=0.1, inplace=False), True), ('text_encoder.bert.encoder.layer.5.output.dropout', Dropout(p=0.1, inplace=False), True), ('text_encoder.bert.encoder.layer.6.attention.self.dropout', Dropout(p=0.1, inplace=False), True), ('text_encoder.bert.encoder.layer.6.attention.output.dropout', Dropout(p=0.1, inplace=False), True), ('text_encoder.bert.encoder.layer.6.crossattention.self.dropout', Dropout(p=0.1, inplace=False), True), ('text_encoder.bert.encoder.layer.6.crossattention.output.dropout', Dropout(p=0.1, inplace=False), True), ('text_encoder.bert.encoder.layer.6.output.dropout', Dropout(p=0.1, inplace=False), True), ('text_encoder.bert.encoder.layer.7.attention.self.dropout', Dropout(p=0.1, inplace=False), True), ('text_encoder.bert.encoder.layer.7.attention.output.dropout', Dropout(p=0.1, inplace=False), True), ('text_encoder.bert.encoder.layer.7.crossattention.self.dropout', Dropout(p=0.1, inplace=False), True), ('text_encoder.bert.encoder.layer.7.crossattention.output.dropout', Dropout(p=0.1, inplace=False), True), ('text_encoder.bert.encoder.layer.7.output.dropout', Dropout(p=0.1, inplace=False), True), ('text_encoder.bert.encoder.layer.8.attention.self.dropout', Dropout(p=0.1, inplace=False), True), ('text_encoder.bert.encoder.layer.8.attention.output.dropout', Dropout(p=0.1, inplace=False), True), ('text_encoder.bert.encoder.layer.8.crossattention.self.dropout', Dropout(p=0.1, inplace=False), True), ('text_encoder.bert.encoder.layer.8.crossattention.output.dropout', Dropout(p=0.1, inplace=False), True), ('text_encoder.bert.encoder.layer.8.output.dropout', Dropout(p=0.1, inplace=False), True), ('text_encoder.bert.encoder.layer.9.attention.self.dropout', Dropout(p=0.1, inplace=False), True), ('text_encoder.bert.encoder.layer.9.attention.output.dropout', Dropout(p=0.1, inplace=False), True), ('text_encoder.bert.encoder.layer.9.crossattention.self.dropout', Dropout(p=0.1, inplace=False), True), ('text_encoder.bert.encoder.layer.9.crossattention.output.dropout', Dropout(p=0.1, inplace=False), True), ('text_encoder.bert.encoder.layer.9.output.dropout', Dropout(p=0.1, inplace=False), True), ('text_encoder.bert.encoder.layer.10.attention.self.dropout', Dropout(p=0.1, inplace=False), True), ('text_encoder.bert.encoder.layer.10.attention.output.dropout', Dropout(p=0.1, inplace=False), True), ('text_encoder.bert.encoder.layer.10.crossattention.self.dropout', Dropout(p=0.1, inplace=False), True), ('text_encoder.bert.encoder.layer.10.crossattention.output.dropout', Dropout(p=0.1, inplace=False), True), ('text_encoder.bert.encoder.layer.10.output.dropout', Dropout(p=0.1, inplace=False), True), ('text_encoder.bert.encoder.layer.11.attention.self.dropout', Dropout(p=0.1, inplace=False), True), ('text_encoder.bert.encoder.layer.11.attention.output.dropout', Dropout(p=0.1, inplace=False), True), ('text_encoder.bert.encoder.layer.11.crossattention.self.dropout', Dropout(p=0.1, inplace=False), True), ('text_encoder.bert.encoder.layer.11.crossattention.output.dropout', Dropout(p=0.1, inplace=False), True), ('text_encoder.bert.encoder.layer.11.output.dropout', Dropout(p=0.1, inplace=False), True), ('vision_proj.1', Dropout(p=0.5, inplace=False), True), ('text_proj.1', Dropout(p=0.5, inplace=False), True), ('pose_block.attn.attn_drop', Dropout(p=0.0, inplace=False), True), ('pose_block.attn.proj_drop', Dropout(p=0.0, inplace=False), True)]
     TTA Require Gradient Params: 
 [('text_encoder.bert.embeddings.LayerNorm.weight', torch.Size([768])), ('text_encoder.bert.embeddings.LayerNorm.bias', torch.Size([768])), ('text_encoder.bert.encoder.layer.6.attention.output.LayerNorm.weight', torch.Size([768])), ('text_encoder.bert.encoder.layer.6.attention.output.LayerNorm.bias', torch.Size([768])), ('text_encoder.bert.encoder.layer.6.crossattention.output.LayerNorm.weight', torch.Size([768])), ('text_encoder.bert.encoder.layer.6.crossattention.output.LayerNorm.bias', torch.Size([768])), ('text_encoder.bert.encoder.layer.6.output.LayerNorm.weight', torch.Size([768])), ('text_encoder.bert.encoder.layer.6.output.LayerNorm.bias', torch.Size([768])), ('text_encoder.bert.encoder.layer.7.attention.output.LayerNorm.weight', torch.Size([768])), ('text_encoder.bert.encoder.layer.7.attention.output.LayerNorm.bias', torch.Size([768])), ('text_encoder.bert.encoder.layer.7.crossattention.output.LayerNorm.weight', torch.Size([768])), ('text_encoder.bert.encoder.layer.7.crossattention.output.LayerNorm.bias', torch.Size([768])), ('text_encoder.bert.encoder.layer.7.output.LayerNorm.weight', torch.Size([768])), ('text_encoder.bert.encoder.layer.7.output.LayerNorm.bias', torch.Size([768])), ('text_encoder.bert.encoder.layer.8.attention.output.LayerNorm.weight', torch.Size([768])), ('text_encoder.bert.encoder.layer.8.attention.output.LayerNorm.bias', torch.Size([768])), ('text_encoder.bert.encoder.layer.8.crossattention.output.LayerNorm.weight', torch.Size([768])), ('text_encoder.bert.encoder.layer.8.crossattention.output.LayerNorm.bias', torch.Size([768])), ('text_encoder.bert.encoder.layer.8.output.LayerNorm.weight', torch.Size([768])), ('text_encoder.bert.encoder.layer.8.output.LayerNorm.bias', torch.Size([768])), ('text_encoder.bert.encoder.layer.9.attention.output.LayerNorm.weight', torch.Size([768])), ('text_encoder.bert.encoder.layer.9.attention.output.LayerNorm.bias', torch.Size([768])), ('text_encoder.bert.encoder.layer.9.crossattention.output.LayerNorm.weight', torch.Size([768])), ('text_encoder.bert.encoder.layer.9.crossattention.output.LayerNorm.bias', torch.Size([768])), ('text_encoder.bert.encoder.layer.9.output.LayerNorm.weight', torch.Size([768])), ('text_encoder.bert.encoder.layer.9.output.LayerNorm.bias', torch.Size([768])), ('text_encoder.bert.encoder.layer.10.attention.output.LayerNorm.weight', torch.Size([768])), ('text_encoder.bert.encoder.layer.10.attention.output.LayerNorm.bias', torch.Size([768])), ('text_encoder.bert.encoder.layer.10.crossattention.output.LayerNorm.weight', torch.Size([768])), ('text_encoder.bert.encoder.layer.10.crossattention.output.LayerNorm.bias', torch.Size([768])), ('text_encoder.bert.encoder.layer.10.output.LayerNorm.weight', torch.Size([768])), ('text_encoder.bert.encoder.layer.10.output.LayerNorm.bias', torch.Size([768])), ('text_encoder.bert.encoder.layer.11.attention.output.LayerNorm.weight', torch.Size([768])), ('text_encoder.bert.encoder.layer.11.attention.output.LayerNorm.bias', torch.Size([768])), ('text_encoder.bert.encoder.layer.11.crossattention.output.LayerNorm.weight', torch.Size([768])), ('text_encoder.bert.encoder.layer.11.crossattention.output.LayerNorm.bias', torch.Size([768])), ('text_encoder.bert.encoder.layer.11.output.LayerNorm.weight', torch.Size([768])), ('text_encoder.bert.encoder.layer.11.output.LayerNorm.bias', torch.Size([768])), ('text_encoder.cls.predictions.transform.LayerNorm.weight', torch.Size([768])), ('text_encoder.cls.predictions.transform.LayerNorm.bias', torch.Size([768])), ('itm_head.1.weight', torch.Size([1536])), ('itm_head.1.bias', torch.Size([1536]))]
     TTA Dropout Modules Number: 
 126
     TTA Require Gradient Params Sum: 
 33792
     lr:  1e-05    lr_mult:  2
     model has 'init_params',  385
     num_tta_steps:  7380
     num_warmup_steps:  500
     sched: step
/home/jiahao/task/CMP/tta.py:246: FutureWarning: `torch.cuda.amp.GradScaler(args...)` is deprecated. Please use `torch.amp.GradScaler('cuda', args...)` instead.
  scaler = GradScaler()  # bf16
### Start ITM Test Time Adaptation
      TTA Epoch: [0] [  0/122]  eta: 0:02:12  entropy: 0.3728  uncertainty: 1.0000  uncertainty_coeffi: 1.0000  loss: 0.3728  lr: 0.000000  time: 1.0872  data: 0.4390  max mem: 2639
      TTA Epoch: [0] [100/122]  eta: 0:00:02  entropy: 0.3924  uncertainty: 1.0000  uncertainty_coeffi: 1.0000  loss: 0.3924  lr: 0.000002  time: 0.0812  data: 0.0001  max mem: 2671
      TTA Epoch: [0] [121/122]  eta: 0:00:00  entropy: 0.4925  uncertainty: 1.0000  uncertainty_coeffi: 1.0000  loss: 0.4925  lr: 0.000002  time: 0.0614  data: 0.0001  max mem: 2671
      TTA Epoch: [0] Total time: 0:00:12 (0.0987 s / it)
     Averaged stats: entropy: 0.3953  uncertainty: 1.0000  uncertainty_coeffi: 1.0000  loss: 0.3953  lr: 0.0000
     itm tta time 0:00:12
     Computing matching score
      Evaluation: [   0/1978]  eta: 0:07:04    time: 0.2145  data: 0.0042  max mem: 2671
      Evaluation: [ 100/1978]  eta: 0:03:26    time: 0.1136  data: 0.0000  max mem: 2671
      Evaluation: [ 200/1978]  eta: 0:03:19    time: 0.1141  data: 0.0000  max mem: 2671
      Evaluation: [ 300/1978]  eta: 0:03:08    time: 0.1140  data: 0.0000  max mem: 2671
      Evaluation: [ 400/1978]  eta: 0:02:56    time: 0.0943  data: 0.0000  max mem: 2671
      Evaluation: [ 500/1978]  eta: 0:02:45    time: 0.1141  data: 0.0000  max mem: 2671
      Evaluation: [ 600/1978]  eta: 0:02:34    time: 0.1114  data: 0.0000  max mem: 2671
      Evaluation: [ 700/1978]  eta: 0:02:23    time: 0.1123  data: 0.0000  max mem: 2671
      Evaluation: [ 800/1978]  eta: 0:02:11    time: 0.1125  data: 0.0000  max mem: 2671
      Evaluation: [ 900/1978]  eta: 0:02:00    time: 0.1128  data: 0.0000  max mem: 2671
      Evaluation: [1000/1978]  eta: 0:01:49    time: 0.1134  data: 0.0000  max mem: 2671
      Evaluation: [1100/1978]  eta: 0:01:38    time: 0.1137  data: 0.0000  max mem: 2671
      Evaluation: [1200/1978]  eta: 0:01:27    time: 0.1130  data: 0.0000  max mem: 2671
      Evaluation: [1300/1978]  eta: 0:01:16    time: 0.1138  data: 0.0000  max mem: 2671
      Evaluation: [1400/1978]  eta: 0:01:04    time: 0.1138  data: 0.0000  max mem: 2671
      Evaluation: [1500/1978]  eta: 0:00:53    time: 0.1131  data: 0.0000  max mem: 2671
      Evaluation: [1600/1978]  eta: 0:00:42    time: 0.1132  data: 0.0000  max mem: 2671
      Evaluation: [1700/1978]  eta: 0:00:31    time: 0.1141  data: 0.0000  max mem: 2671
      Evaluation: [1800/1978]  eta: 0:00:20    time: 0.1134  data: 0.0000  max mem: 2671
      Evaluation: [1900/1978]  eta: 0:00:08    time: 0.1139  data: 0.0000  max mem: 2671
      Evaluation: [1977/1978]  eta: 0:00:00    time: 0.1131  data: 0.0000  max mem: 2671
      Evaluation: Total time: 0:03:42 (0.1124 s / it)
     Computing matching score time 0:03:43
### TTA ITM Score: 
+-------------------+--------+--------+--------+--------+--------+
|       epoch       |   R1   |   R5   |  R10   |  mAP   |  mINP  |
+-------------------+--------+--------+--------+--------+--------+
|  cos_sim_wo/norm  | 58.544 | 91.860 | 95.703 | 73.596 | 73.596 |
|        -999       | 69.414 | 95.197 | 97.776 | 81.233 | 81.233 |
| itm_score_wo/norm | 84.328 | 98.989 | 99.494 | 91.293 | 91.293 |
|        -999       | 84.277 | 99.039 | 99.596 | 91.276 | 91.276 |
|         0         | 84.277 | 99.039 | 99.596 | 91.276 | 91.276 |
+-------------------+--------+--------+--------+--------+--------+
     logs:  {'epo': 0, 'R1': 84.277, 'R5': 99.039, 'R10': 99.596, 'mAP': 91.276, 'mINP': 91.276, 'entropy': 0.395268, 'uncertainty': 1.0, 'uncertainty_coeffi': 1.0, 'loss': 0.395268, 'lr': 1e-06}
      TTA Epoch: [1] [  0/122]  eta: 0:00:59  entropy: 0.4825  uncertainty: 1.0000  uncertainty_coeffi: 1.0000  loss: 0.4825  lr: 0.000002  time: 0.4900  data: 0.3724  max mem: 2671
      TTA Epoch: [1] [100/122]  eta: 0:00:02  entropy: 0.2964  uncertainty: 1.0000  uncertainty_coeffi: 1.0000  loss: 0.2964  lr: 0.000004  time: 0.1071  data: 0.0001  max mem: 2671
      TTA Epoch: [1] [121/122]  eta: 0:00:00  entropy: 0.3066  uncertainty: 1.0000  uncertainty_coeffi: 1.0000  loss: 0.3066  lr: 0.000005  time: 0.1061  data: 0.0001  max mem: 2671
      TTA Epoch: [1] Total time: 0:00:13 (0.1098 s / it)
     Averaged stats: entropy: 0.3946  uncertainty: 1.0000  uncertainty_coeffi: 1.0000  loss: 0.3946  lr: 0.0000
     itm tta time 0:00:13
     Computing matching score
      Evaluation: [   0/1978]  eta: 0:04:21    time: 0.1323  data: 0.0021  max mem: 2671
      Evaluation: [ 100/1978]  eta: 0:03:26    time: 0.1115  data: 0.0000  max mem: 2671
      Evaluation: [ 200/1978]  eta: 0:03:18    time: 0.1146  data: 0.0000  max mem: 2671
      Evaluation: [ 300/1978]  eta: 0:03:08    time: 0.1144  data: 0.0000  max mem: 2671
      Evaluation: [ 400/1978]  eta: 0:02:58    time: 0.1143  data: 0.0000  max mem: 2671
      Evaluation: [ 500/1978]  eta: 0:02:46    time: 0.1150  data: 0.0000  max mem: 2671
      Evaluation: [ 600/1978]  eta: 0:02:35    time: 0.1132  data: 0.0000  max mem: 2671
      Evaluation: [ 700/1978]  eta: 0:02:24    time: 0.1140  data: 0.0000  max mem: 2671
      Evaluation: [ 800/1978]  eta: 0:02:12    time: 0.1109  data: 0.0000  max mem: 2671
      Evaluation: [ 900/1978]  eta: 0:02:01    time: 0.1130  data: 0.0000  max mem: 2671
      Evaluation: [1000/1978]  eta: 0:01:50    time: 0.1134  data: 0.0000  max mem: 2671
      Evaluation: [1100/1978]  eta: 0:01:38    time: 0.1118  data: 0.0000  max mem: 2671
      Evaluation: [1200/1978]  eta: 0:01:27    time: 0.1107  data: 0.0000  max mem: 2671
      Evaluation: [1300/1978]  eta: 0:01:16    time: 0.1130  data: 0.0000  max mem: 2671
      Evaluation: [1400/1978]  eta: 0:01:04    time: 0.1124  data: 0.0000  max mem: 2671
      Evaluation: [1500/1978]  eta: 0:00:53    time: 0.1128  data: 0.0000  max mem: 2671
      Evaluation: [1600/1978]  eta: 0:00:41    time: 0.0979  data: 0.0000  max mem: 2671
      Evaluation: [1700/1978]  eta: 0:00:30    time: 0.1127  data: 0.0000  max mem: 2671
      Evaluation: [1800/1978]  eta: 0:00:19    time: 0.1115  data: 0.0000  max mem: 2671
      Evaluation: [1900/1978]  eta: 0:00:08    time: 0.1128  data: 0.0000  max mem: 2671
      Evaluation: [1977/1978]  eta: 0:00:00    time: 0.1076  data: 0.0000  max mem: 2671
      Evaluation: Total time: 0:03:40 (0.1112 s / it)
     Computing matching score time 0:03:40
### TTA ITM Score: 
+-------------------+--------+--------+--------+--------+--------+
|       epoch       |   R1   |   R5   |  R10   |  mAP   |  mINP  |
+-------------------+--------+--------+--------+--------+--------+
|  cos_sim_wo/norm  | 58.544 | 91.860 | 95.703 | 73.596 | 73.596 |
|        -999       | 69.414 | 95.197 | 97.776 | 81.233 | 81.233 |
| itm_score_wo/norm | 84.328 | 98.989 | 99.494 | 91.293 | 91.293 |
|        -999       | 84.277 | 99.039 | 99.596 | 91.276 | 91.276 |
|         0         | 84.277 | 99.039 | 99.596 | 91.276 | 91.276 |
|         1         | 84.277 | 99.039 | 99.596 | 91.285 | 91.285 |
+-------------------+--------+--------+--------+--------+--------+
     logs:  {'epo': 1, 'R1': 84.277, 'R5': 99.039, 'R10': 99.596, 'mAP': 91.285, 'mINP': 91.285, 'entropy': 0.394645, 'uncertainty': 1.0, 'uncertainty_coeffi': 1.0, 'loss': 0.394645, 'lr': 4e-06}
      TTA Epoch: [2] [  0/122]  eta: 0:01:01  entropy: 0.4063  uncertainty: 1.0000  uncertainty_coeffi: 1.0000  loss: 0.4063  lr: 0.000005  time: 0.5076  data: 0.3657  max mem: 2671
      TTA Epoch: [2] [100/122]  eta: 0:00:02  entropy: 0.5137  uncertainty: 1.0000  uncertainty_coeffi: 1.0000  loss: 0.5137  lr: 0.000007  time: 0.1064  data: 0.0001  max mem: 2671
      TTA Epoch: [2] [121/122]  eta: 0:00:00  entropy: 0.3788  uncertainty: 1.0000  uncertainty_coeffi: 1.0000  loss: 0.3788  lr: 0.000007  time: 0.1054  data: 0.0001  max mem: 2671
      TTA Epoch: [2] Total time: 0:00:13 (0.1101 s / it)
     Averaged stats: entropy: 0.3834  uncertainty: 1.0000  uncertainty_coeffi: 1.0000  loss: 0.3834  lr: 0.0000
     itm tta time 0:00:13
     Computing matching score
      Evaluation: [   0/1978]  eta: 0:03:54    time: 0.1187  data: 0.0029  max mem: 2671
      Evaluation: [ 100/1978]  eta: 0:03:33    time: 0.1128  data: 0.0000  max mem: 2671
      Evaluation: [ 200/1978]  eta: 0:03:19    time: 0.0969  data: 0.0000  max mem: 2671
      Evaluation: [ 300/1978]  eta: 0:03:08    time: 0.1101  data: 0.0000  max mem: 2671
      Evaluation: [ 400/1978]  eta: 0:02:57    time: 0.1126  data: 0.0000  max mem: 2671
      Evaluation: [ 500/1978]  eta: 0:02:45    time: 0.1123  data: 0.0000  max mem: 2671
      Evaluation: [ 600/1978]  eta: 0:02:33    time: 0.1102  data: 0.0000  max mem: 2671
      Evaluation: [ 700/1978]  eta: 0:02:22    time: 0.1074  data: 0.0000  max mem: 2671
      Evaluation: [ 800/1978]  eta: 0:02:10    time: 0.1103  data: 0.0000  max mem: 2671
      Evaluation: [ 900/1978]  eta: 0:01:59    time: 0.1101  data: 0.0000  max mem: 2671
      Evaluation: [1000/1978]  eta: 0:01:48    time: 0.1119  data: 0.0000  max mem: 2671
      Evaluation: [1100/1978]  eta: 0:01:37    time: 0.1103  data: 0.0000  max mem: 2671
      Evaluation: [1200/1978]  eta: 0:01:26    time: 0.1124  data: 0.0000  max mem: 2671
      Evaluation: [1300/1978]  eta: 0:01:15    time: 0.1117  data: 0.0000  max mem: 2671
      Evaluation: [1400/1978]  eta: 0:01:03    time: 0.1104  data: 0.0000  max mem: 2671
      Evaluation: [1500/1978]  eta: 0:00:52    time: 0.1102  data: 0.0000  max mem: 2671
      Evaluation: [1600/1978]  eta: 0:00:41    time: 0.1103  data: 0.0000  max mem: 2671
      Evaluation: [1700/1978]  eta: 0:00:30    time: 0.1110  data: 0.0000  max mem: 2671
      Evaluation: [1800/1978]  eta: 0:00:19    time: 0.1124  data: 0.0000  max mem: 2671
      Evaluation: [1900/1978]  eta: 0:00:08    time: 0.1107  data: 0.0000  max mem: 2671
      Evaluation: [1977/1978]  eta: 0:00:00    time: 0.1129  data: 0.0000  max mem: 2671
      Evaluation: Total time: 0:03:38 (0.1106 s / it)
     Computing matching score time 0:03:39
### TTA ITM Score: 
+-------------------+--------+--------+--------+--------+--------+
|       epoch       |   R1   |   R5   |  R10   |  mAP   |  mINP  |
+-------------------+--------+--------+--------+--------+--------+
|  cos_sim_wo/norm  | 58.544 | 91.860 | 95.703 | 73.596 | 73.596 |
|        -999       | 69.414 | 95.197 | 97.776 | 81.233 | 81.233 |
| itm_score_wo/norm | 84.328 | 98.989 | 99.494 | 91.293 | 91.293 |
|        -999       | 84.277 | 99.039 | 99.596 | 91.276 | 91.276 |
|         0         | 84.277 | 99.039 | 99.596 | 91.276 | 91.276 |
|         1         | 84.277 | 99.039 | 99.596 | 91.285 | 91.285 |
|         2         | 84.479 | 99.039 | 99.596 | 91.377 | 91.377 |
+-------------------+--------+--------+--------+--------+--------+
     logs:  {'epo': 2, 'R1': 84.479, 'R5': 99.039, 'R10': 99.596, 'mAP': 91.377, 'mINP': 91.377, 'entropy': 0.383411, 'uncertainty': 1.0, 'uncertainty_coeffi': 1.0, 'loss': 0.383411, 'lr': 6e-06}
      TTA Epoch: [3] [  0/122]  eta: 0:00:53  entropy: 0.3305  uncertainty: 1.0000  uncertainty_coeffi: 1.0000  loss: 0.3305  lr: 0.000007  time: 0.4420  data: 0.3087  max mem: 2671
      TTA Epoch: [3] [100/122]  eta: 0:00:02  entropy: 0.3906  uncertainty: 1.0000  uncertainty_coeffi: 1.0000  loss: 0.3906  lr: 0.000009  time: 0.0898  data: 0.0001  max mem: 2671
      TTA Epoch: [3] [121/122]  eta: 0:00:00  entropy: 0.3778  uncertainty: 1.0000  uncertainty_coeffi: 1.0000  loss: 0.3778  lr: 0.000010  time: 0.1048  data: 0.0001  max mem: 2671
      TTA Epoch: [3] Total time: 0:00:12 (0.1043 s / it)
     Averaged stats: entropy: 0.3718  uncertainty: 1.0000  uncertainty_coeffi: 1.0000  loss: 0.3718  lr: 0.0000
     itm tta time 0:00:12
      TTA Epoch: [4] [  0/122]  eta: 0:01:09  entropy: 0.4133  uncertainty: 1.0000  uncertainty_coeffi: 1.0000  loss: 0.4133  lr: 0.000010  time: 0.5695  data: 0.4344  max mem: 2671
      TTA Epoch: [4] [100/122]  eta: 0:00:02  entropy: 0.4643  uncertainty: 1.0000  uncertainty_coeffi: 1.0000  loss: 0.4643  lr: 0.000010  time: 0.1065  data: 0.0001  max mem: 2671
      TTA Epoch: [4] [121/122]  eta: 0:00:00  entropy: 0.4647  uncertainty: 1.0000  uncertainty_coeffi: 1.0000  loss: 0.4647  lr: 0.000010  time: 0.1073  data: 0.0001  max mem: 2671
      TTA Epoch: [4] Total time: 0:00:13 (0.1097 s / it)
     Averaged stats: entropy: 0.3626  uncertainty: 1.0000  uncertainty_coeffi: 1.0000  loss: 0.3626  lr: 0.0000
     itm tta time 0:00:13
     Computing matching score
      Evaluation: [   0/1978]  eta: 0:04:37    time: 0.1405  data: 0.0047  max mem: 2671
      Evaluation: [ 100/1978]  eta: 0:03:31    time: 0.1121  data: 0.0000  max mem: 2671
      Evaluation: [ 200/1978]  eta: 0:03:17    time: 0.0994  data: 0.0000  max mem: 2671
      Evaluation: [ 300/1978]  eta: 0:03:06    time: 0.1114  data: 0.0000  max mem: 2671
      Evaluation: [ 400/1978]  eta: 0:02:55    time: 0.1126  data: 0.0000  max mem: 2671
      Evaluation: [ 500/1978]  eta: 0:02:44    time: 0.1116  data: 0.0000  max mem: 2671
      Evaluation: [ 600/1978]  eta: 0:02:33    time: 0.1121  data: 0.0000  max mem: 2671
      Evaluation: [ 700/1978]  eta: 0:02:22    time: 0.1114  data: 0.0000  max mem: 2671
      Evaluation: [ 800/1978]  eta: 0:02:11    time: 0.1104  data: 0.0000  max mem: 2671
      Evaluation: [ 900/1978]  eta: 0:01:59    time: 0.1100  data: 0.0000  max mem: 2671
      Evaluation: [1000/1978]  eta: 0:01:46    time: 0.0907  data: 0.0000  max mem: 2671
      Evaluation: [1100/1978]  eta: 0:01:33    time: 0.0706  data: 0.0000  max mem: 2671
      Evaluation: [1200/1978]  eta: 0:01:20    time: 0.0755  data: 0.0000  max mem: 2671
      Evaluation: [1300/1978]  eta: 0:01:10    time: 0.1140  data: 0.0000  max mem: 2671
      Evaluation: [1400/1978]  eta: 0:01:00    time: 0.1160  data: 0.0000  max mem: 2671
      Evaluation: [1500/1978]  eta: 0:00:50    time: 0.1131  data: 0.0000  max mem: 2671
      Evaluation: [1600/1978]  eta: 0:00:39    time: 0.1127  data: 0.0000  max mem: 2671
      Evaluation: [1700/1978]  eta: 0:00:29    time: 0.0946  data: 0.0000  max mem: 2671
      Evaluation: [1800/1978]  eta: 0:00:18    time: 0.1132  data: 0.0000  max mem: 2671
      Evaluation: [1900/1978]  eta: 0:00:08    time: 0.1132  data: 0.0000  max mem: 2671
      Evaluation: [1977/1978]  eta: 0:00:00    time: 0.1141  data: 0.0000  max mem: 2671
      Evaluation: Total time: 0:03:29 (0.1057 s / it)
     Computing matching score time 0:03:30
### TTA ITM Score: 
+-------------------+--------+--------+--------+--------+--------+
|       epoch       |   R1   |   R5   |  R10   |  mAP   |  mINP  |
+-------------------+--------+--------+--------+--------+--------+
|  cos_sim_wo/norm  | 58.544 | 91.860 | 95.703 | 73.596 | 73.596 |
|        -999       | 69.414 | 95.197 | 97.776 | 81.233 | 81.233 |
| itm_score_wo/norm | 84.328 | 98.989 | 99.494 | 91.293 | 91.293 |
|        -999       | 84.277 | 99.039 | 99.596 | 91.276 | 91.276 |
|         0         | 84.277 | 99.039 | 99.596 | 91.276 | 91.276 |
|         1         | 84.277 | 99.039 | 99.596 | 91.285 | 91.285 |
|         2         | 84.479 | 99.039 | 99.596 | 91.377 | 91.377 |
|         4         | 84.732 | 99.039 | 99.596 | 91.495 | 91.495 |
+-------------------+--------+--------+--------+--------+--------+
     logs:  {'epo': 4, 'R1': 84.732, 'R5': 99.039, 'R10': 99.596, 'mAP': 91.495, 'mINP': 91.495, 'entropy': 0.362616, 'uncertainty': 1.0, 'uncertainty_coeffi': 1.0, 'loss': 0.362616, 'lr': 1e-05}
      TTA Epoch: [5] [  0/122]  eta: 0:01:06  entropy: 0.2273  uncertainty: 1.0000  uncertainty_coeffi: 1.0000  loss: 0.2273  lr: 0.000010  time: 0.5456  data: 0.4049  max mem: 2671
      TTA Epoch: [5] [100/122]  eta: 0:00:02  entropy: 0.3322  uncertainty: 1.0000  uncertainty_coeffi: 1.0000  loss: 0.3322  lr: 0.000010  time: 0.1051  data: 0.0001  max mem: 2671
      TTA Epoch: [5] [121/122]  eta: 0:00:00  entropy: 0.2816  uncertainty: 1.0000  uncertainty_coeffi: 1.0000  loss: 0.2816  lr: 0.000010  time: 0.0907  data: 0.0001  max mem: 2671
      TTA Epoch: [5] Total time: 0:00:11 (0.0934 s / it)
     Averaged stats: entropy: 0.3495  uncertainty: 1.0000  uncertainty_coeffi: 1.0000  loss: 0.3495  lr: 0.0000
     itm tta time 0:00:11
      TTA Epoch: [6] [  0/122]  eta: 0:00:55  entropy: 0.3222  uncertainty: 1.0000  uncertainty_coeffi: 1.0000  loss: 0.3222  lr: 0.000010  time: 0.4535  data: 0.3274  max mem: 2671
      TTA Epoch: [6] [100/122]  eta: 0:00:02  entropy: 0.4072  uncertainty: 1.0000  uncertainty_coeffi: 1.0000  loss: 0.4072  lr: 0.000010  time: 0.1086  data: 0.0001  max mem: 2671
      TTA Epoch: [6] [121/122]  eta: 0:00:00  entropy: 0.5362  uncertainty: 1.0000  uncertainty_coeffi: 1.0000  loss: 0.5362  lr: 0.000009  time: 0.1063  data: 0.0001  max mem: 2671
      TTA Epoch: [6] Total time: 0:00:13 (0.1118 s / it)
     Averaged stats: entropy: 0.3393  uncertainty: 1.0000  uncertainty_coeffi: 1.0000  loss: 0.3393  lr: 0.0000
     itm tta time 0:00:13
      TTA Epoch: [7] [  0/122]  eta: 0:00:59  entropy: 0.3426  uncertainty: 1.0000  uncertainty_coeffi: 1.0000  loss: 0.3426  lr: 0.000009  time: 0.4872  data: 0.3940  max mem: 2671
      TTA Epoch: [7] [100/122]  eta: 0:00:02  entropy: 0.2774  uncertainty: 1.0000  uncertainty_coeffi: 1.0000  loss: 0.2774  lr: 0.000009  time: 0.1086  data: 0.0001  max mem: 2671
      TTA Epoch: [7] [121/122]  eta: 0:00:00  entropy: 0.1981  uncertainty: 1.0000  uncertainty_coeffi: 1.0000  loss: 0.1981  lr: 0.000009  time: 0.1057  data: 0.0001  max mem: 2671
      TTA Epoch: [7] Total time: 0:00:13 (0.1119 s / it)
     Averaged stats: entropy: 0.3316  uncertainty: 1.0000  uncertainty_coeffi: 1.0000  loss: 0.3316  lr: 0.0000
     itm tta time 0:00:13
      TTA Epoch: [8] [  0/122]  eta: 0:01:10  entropy: 0.2660  uncertainty: 1.0000  uncertainty_coeffi: 1.0000  loss: 0.2660  lr: 0.000009  time: 0.5810  data: 0.4562  max mem: 2671
      TTA Epoch: [8] [100/122]  eta: 0:00:02  entropy: 0.3497  uncertainty: 1.0000  uncertainty_coeffi: 1.0000  loss: 0.3497  lr: 0.000009  time: 0.0618  data: 0.0001  max mem: 2671
      TTA Epoch: [8] [121/122]  eta: 0:00:00  entropy: 0.2613  uncertainty: 1.0000  uncertainty_coeffi: 1.0000  loss: 0.2613  lr: 0.000009  time: 0.0869  data: 0.0001  max mem: 2671
      TTA Epoch: [8] Total time: 0:00:11 (0.0940 s / it)
     Averaged stats: entropy: 0.3215  uncertainty: 1.0000  uncertainty_coeffi: 1.0000  loss: 0.3215  lr: 0.0000
     itm tta time 0:00:11
      TTA Epoch: [9] [  0/122]  eta: 0:00:52  entropy: 0.3457  uncertainty: 1.0000  uncertainty_coeffi: 1.0000  loss: 0.3457  lr: 0.000009  time: 0.4323  data: 0.3591  max mem: 2671
      TTA Epoch: [9] [100/122]  eta: 0:00:02  entropy: 0.4853  uncertainty: 1.0000  uncertainty_coeffi: 1.0000  loss: 0.4853  lr: 0.000009  time: 0.1092  data: 0.0001  max mem: 2671
      TTA Epoch: [9] [121/122]  eta: 0:00:00  entropy: 0.4815  uncertainty: 1.0000  uncertainty_coeffi: 1.0000  loss: 0.4815  lr: 0.000009  time: 0.1066  data: 0.0001  max mem: 2671
      TTA Epoch: [9] Total time: 0:00:13 (0.1086 s / it)
     Averaged stats: entropy: 0.3138  uncertainty: 1.0000  uncertainty_coeffi: 1.0000  loss: 0.3138  lr: 0.0000
     itm tta time 0:00:13
     Computing matching score
      Evaluation: [   0/1978]  eta: 0:04:35    time: 0.1393  data: 0.0036  max mem: 2671
      Evaluation: [ 100/1978]  eta: 0:03:31    time: 0.1128  data: 0.0000  max mem: 2671
      Evaluation: [ 200/1978]  eta: 0:03:20    time: 0.1117  data: 0.0000  max mem: 2671
      Evaluation: [ 300/1978]  eta: 0:03:07    time: 0.1133  data: 0.0000  max mem: 2671
      Evaluation: [ 400/1978]  eta: 0:02:56    time: 0.1128  data: 0.0000  max mem: 2671
      Evaluation: [ 500/1978]  eta: 0:02:45    time: 0.1123  data: 0.0000  max mem: 2671
      Evaluation: [ 600/1978]  eta: 0:02:34    time: 0.1116  data: 0.0000  max mem: 2671
      Evaluation: [ 700/1978]  eta: 0:02:19    time: 0.1120  data: 0.0000  max mem: 2671
      Evaluation: [ 800/1978]  eta: 0:02:08    time: 0.1129  data: 0.0000  max mem: 2671
      Evaluation: [ 900/1978]  eta: 0:01:58    time: 0.1153  data: 0.0000  max mem: 2671
      Evaluation: [1000/1978]  eta: 0:01:47    time: 0.1144  data: 0.0000  max mem: 2671
      Evaluation: [1100/1978]  eta: 0:01:36    time: 0.1128  data: 0.0000  max mem: 2671
      Evaluation: [1200/1978]  eta: 0:01:25    time: 0.1112  data: 0.0000  max mem: 2671
      Evaluation: [1300/1978]  eta: 0:01:14    time: 0.1098  data: 0.0000  max mem: 2671
      Evaluation: [1400/1978]  eta: 0:01:03    time: 0.1002  data: 0.0000  max mem: 2671
      Evaluation: [1500/1978]  eta: 0:00:52    time: 0.1127  data: 0.0000  max mem: 2671
      Evaluation: [1600/1978]  eta: 0:00:41    time: 0.1130  data: 0.0000  max mem: 2671
      Evaluation: [1700/1978]  eta: 0:00:30    time: 0.1140  data: 0.0000  max mem: 2671
      Evaluation: [1800/1978]  eta: 0:00:19    time: 0.1127  data: 0.0000  max mem: 2671
      Evaluation: [1900/1978]  eta: 0:00:08    time: 0.1137  data: 0.0000  max mem: 2671
      Evaluation: [1977/1978]  eta: 0:00:00    time: 0.1125  data: 0.0000  max mem: 2671
      Evaluation: Total time: 0:03:39 (0.1111 s / it)
     Computing matching score time 0:03:40
### TTA ITM Score: 
+-------------------+--------+--------+--------+--------+--------+
|       epoch       |   R1   |   R5   |  R10   |  mAP   |  mINP  |
+-------------------+--------+--------+--------+--------+--------+
|  cos_sim_wo/norm  | 58.544 | 91.860 | 95.703 | 73.596 | 73.596 |
|        -999       | 69.414 | 95.197 | 97.776 | 81.233 | 81.233 |
| itm_score_wo/norm | 84.328 | 98.989 | 99.494 | 91.293 | 91.293 |
|        -999       | 84.277 | 99.039 | 99.596 | 91.276 | 91.276 |
|         0         | 84.277 | 99.039 | 99.596 | 91.276 | 91.276 |
|         1         | 84.277 | 99.039 | 99.596 | 91.285 | 91.285 |
|         2         | 84.479 | 99.039 | 99.596 | 91.377 | 91.377 |
|         4         | 84.732 | 99.039 | 99.596 | 91.495 | 91.495 |
|         9         | 84.530 | 98.938 | 99.494 | 91.349 | 91.349 |
+-------------------+--------+--------+--------+--------+--------+
     logs:  {'epo': 9, 'R1': 84.53, 'R5': 98.938, 'R10': 99.494, 'mAP': 91.348, 'mINP': 91.348, 'entropy': 0.313812, 'uncertainty': 1.0, 'uncertainty_coeffi': 1.0, 'loss': 0.313812, 'lr': 9e-06}
      TTA Epoch: [10] [  0/122]  eta: 0:01:08  entropy: 0.2934  uncertainty: 1.0000  uncertainty_coeffi: 1.0000  loss: 0.2934  lr: 0.000009  time: 0.5580  data: 0.4159  max mem: 2671
      TTA Epoch: [10] [100/122]  eta: 0:00:02  entropy: 0.2293  uncertainty: 1.0000  uncertainty_coeffi: 1.0000  loss: 0.2293  lr: 0.000009  time: 0.1115  data: 0.0001  max mem: 2671
      TTA Epoch: [10] [121/122]  eta: 0:00:00  entropy: 0.2235  uncertainty: 1.0000  uncertainty_coeffi: 1.0000  loss: 0.2235  lr: 0.000009  time: 0.0924  data: 0.0001  max mem: 2671
      TTA Epoch: [10] Total time: 0:00:13 (0.1105 s / it)
     Averaged stats: entropy: 0.3065  uncertainty: 1.0000  uncertainty_coeffi: 1.0000  loss: 0.3065  lr: 0.0000
     itm tta time 0:00:13
      TTA Epoch: [11] [  0/122]  eta: 0:01:10  entropy: 0.2567  uncertainty: 1.0000  uncertainty_coeffi: 1.0000  loss: 0.2567  lr: 0.000009  time: 0.5753  data: 0.4279  max mem: 2671
      TTA Epoch: [11] [100/122]  eta: 0:00:02  entropy: 0.1288  uncertainty: 1.0000  uncertainty_coeffi: 1.0000  loss: 0.1288  lr: 0.000009  time: 0.1099  data: 0.0001  max mem: 2671
      TTA Epoch: [11] [121/122]  eta: 0:00:00  entropy: 0.1837  uncertainty: 1.0000  uncertainty_coeffi: 1.0000  loss: 0.1837  lr: 0.000009  time: 0.1086  data: 0.0001  max mem: 2671
      TTA Epoch: [11] Total time: 0:00:13 (0.1144 s / it)
     Averaged stats: entropy: 0.2975  uncertainty: 1.0000  uncertainty_coeffi: 1.0000  loss: 0.2975  lr: 0.0000
     itm tta time 0:00:14
      TTA Epoch: [12] [  0/122]  eta: 0:01:04  entropy: 0.3183  uncertainty: 1.0000  uncertainty_coeffi: 1.0000  loss: 0.3183  lr: 0.000009  time: 0.5275  data: 0.4117  max mem: 2671
      TTA Epoch: [12] [100/122]  eta: 0:00:02  entropy: 0.1886  uncertainty: 1.0000  uncertainty_coeffi: 1.0000  loss: 0.1886  lr: 0.000008  time: 0.1086  data: 0.0001  max mem: 2671
      TTA Epoch: [12] [121/122]  eta: 0:00:00  entropy: 0.1550  uncertainty: 1.0000  uncertainty_coeffi: 1.0000  loss: 0.1550  lr: 0.000008  time: 0.1064  data: 0.0001  max mem: 2671
      TTA Epoch: [12] Total time: 0:00:13 (0.1125 s / it)
     Averaged stats: entropy: 0.3007  uncertainty: 1.0000  uncertainty_coeffi: 1.0000  loss: 0.3007  lr: 0.0000
     itm tta time 0:00:13
      TTA Epoch: [13] [  0/122]  eta: 0:01:05  entropy: 0.2170  uncertainty: 1.0000  uncertainty_coeffi: 1.0000  loss: 0.2170  lr: 0.000008  time: 0.5392  data: 0.3970  max mem: 2671
      TTA Epoch: [13] [100/122]  eta: 0:00:02  entropy: 0.1470  uncertainty: 1.0000  uncertainty_coeffi: 1.0000  loss: 0.1470  lr: 0.000008  time: 0.0840  data: 0.0001  max mem: 2671
      TTA Epoch: [13] [121/122]  eta: 0:00:00  entropy: 0.2688  uncertainty: 1.0000  uncertainty_coeffi: 1.0000  loss: 0.2688  lr: 0.000008  time: 0.0828  data: 0.0001  max mem: 2671
      TTA Epoch: [13] Total time: 0:00:11 (0.0955 s / it)
     Averaged stats: entropy: 0.2909  uncertainty: 1.0000  uncertainty_coeffi: 1.0000  loss: 0.2909  lr: 0.0000
     itm tta time 0:00:11
      TTA Epoch: [14] [  0/122]  eta: 0:01:09  entropy: 0.1615  uncertainty: 1.0000  uncertainty_coeffi: 1.0000  loss: 0.1615  lr: 0.000008  time: 0.5657  data: 0.4172  max mem: 2671
      TTA Epoch: [14] [100/122]  eta: 0:00:02  entropy: 0.2158  uncertainty: 1.0000  uncertainty_coeffi: 1.0000  loss: 0.2158  lr: 0.000008  time: 0.1096  data: 0.0001  max mem: 2671
      TTA Epoch: [14] [121/122]  eta: 0:00:00  entropy: 0.2211  uncertainty: 1.0000  uncertainty_coeffi: 1.0000  loss: 0.2211  lr: 0.000008  time: 0.1079  data: 0.0001  max mem: 2671
      TTA Epoch: [14] Total time: 0:00:13 (0.1130 s / it)
     Averaged stats: entropy: 0.2908  uncertainty: 1.0000  uncertainty_coeffi: 1.0000  loss: 0.2908  lr: 0.0000
     itm tta time 0:00:13
     Computing matching score
      Evaluation: [   0/1978]  eta: 0:02:35    time: 0.0786  data: 0.0033  max mem: 2671
      Evaluation: [ 100/1978]  eta: 0:03:35    time: 0.1153  data: 0.0000  max mem: 2671
      Evaluation: [ 200/1978]  eta: 0:03:23    time: 0.1143  data: 0.0000  max mem: 2671
      Evaluation: [ 300/1978]  eta: 0:03:09    time: 0.1118  data: 0.0000  max mem: 2671
      Evaluation: [ 400/1978]  eta: 0:02:58    time: 0.1163  data: 0.0000  max mem: 2671
      Evaluation: [ 500/1978]  eta: 0:02:46    time: 0.1109  data: 0.0000  max mem: 2671
      Evaluation: [ 600/1978]  eta: 0:02:35    time: 0.1137  data: 0.0000  max mem: 2671
      Evaluation: [ 700/1978]  eta: 0:02:23    time: 0.1126  data: 0.0000  max mem: 2671
      Evaluation: [ 800/1978]  eta: 0:02:12    time: 0.1133  data: 0.0000  max mem: 2671
      Evaluation: [ 900/1978]  eta: 0:02:01    time: 0.1127  data: 0.0000  max mem: 2671
      Evaluation: [1000/1978]  eta: 0:01:50    time: 0.1134  data: 0.0000  max mem: 2671
      Evaluation: [1100/1978]  eta: 0:01:38    time: 0.1130  data: 0.0000  max mem: 2671
      Evaluation: [1200/1978]  eta: 0:01:27    time: 0.1136  data: 0.0000  max mem: 2671
      Evaluation: [1300/1978]  eta: 0:01:16    time: 0.1078  data: 0.0000  max mem: 2671
      Evaluation: [1400/1978]  eta: 0:01:04    time: 0.1136  data: 0.0000  max mem: 2671
      Evaluation: [1500/1978]  eta: 0:00:53    time: 0.1101  data: 0.0000  max mem: 2671
      Evaluation: [1600/1978]  eta: 0:00:42    time: 0.1125  data: 0.0000  max mem: 2671
      Evaluation: [1700/1978]  eta: 0:00:31    time: 0.0683  data: 0.0000  max mem: 2671
      Evaluation: [1800/1978]  eta: 0:00:19    time: 0.1109  data: 0.0000  max mem: 2671
      Evaluation: [1900/1978]  eta: 0:00:08    time: 0.1129  data: 0.0000  max mem: 2671
      Evaluation: [1977/1978]  eta: 0:00:00    time: 0.1123  data: 0.0000  max mem: 2671
      Evaluation: Total time: 0:03:39 (0.1111 s / it)
     Computing matching score time 0:03:40
### TTA ITM Score: 
+-------------------+--------+--------+--------+--------+--------+
|       epoch       |   R1   |   R5   |  R10   |  mAP   |  mINP  |
+-------------------+--------+--------+--------+--------+--------+
|  cos_sim_wo/norm  | 58.544 | 91.860 | 95.703 | 73.596 | 73.596 |
|        -999       | 69.414 | 95.197 | 97.776 | 81.233 | 81.233 |
| itm_score_wo/norm | 84.328 | 98.989 | 99.494 | 91.293 | 91.293 |
|        -999       | 84.277 | 99.039 | 99.596 | 91.276 | 91.276 |
|         0         | 84.277 | 99.039 | 99.596 | 91.276 | 91.276 |
|         1         | 84.277 | 99.039 | 99.596 | 91.285 | 91.285 |
|         2         | 84.479 | 99.039 | 99.596 | 91.377 | 91.377 |
|         4         | 84.732 | 99.039 | 99.596 | 91.495 | 91.495 |
|         9         | 84.530 | 98.938 | 99.494 | 91.349 | 91.349 |
|         14        | 84.681 | 98.888 | 99.494 | 91.410 | 91.410 |
+-------------------+--------+--------+--------+--------+--------+
     logs:  {'epo': 14, 'R1': 84.681, 'R5': 98.888, 'R10': 99.494, 'mAP': 91.41, 'mINP': 91.41, 'entropy': 0.290799, 'uncertainty': 1.0, 'uncertainty_coeffi': 1.0, 'loss': 0.290799, 'lr': 8e-06}
      TTA Epoch: [15] [  0/122]  eta: 0:01:10  entropy: 0.2351  uncertainty: 1.0000  uncertainty_coeffi: 1.0000  loss: 0.2351  lr: 0.000008  time: 0.5786  data: 0.4278  max mem: 2671
      TTA Epoch: [15] [100/122]  eta: 0:00:02  entropy: 0.3016  uncertainty: 1.0000  uncertainty_coeffi: 1.0000  loss: 0.3016  lr: 0.000008  time: 0.0943  data: 0.0001  max mem: 2671
      TTA Epoch: [15] [121/122]  eta: 0:00:00  entropy: 0.3201  uncertainty: 1.0000  uncertainty_coeffi: 1.0000  loss: 0.3201  lr: 0.000008  time: 0.1076  data: 0.0001  max mem: 2671
      TTA Epoch: [15] Total time: 0:00:13 (0.1103 s / it)
     Averaged stats: entropy: 0.2840  uncertainty: 1.0000  uncertainty_coeffi: 1.0000  loss: 0.2840  lr: 0.0000
     itm tta time 0:00:13
      TTA Epoch: [16] [  0/122]  eta: 0:01:06  entropy: 0.3688  uncertainty: 1.0000  uncertainty_coeffi: 1.0000  loss: 0.3688  lr: 0.000008  time: 0.5424  data: 0.4047  max mem: 2671
      TTA Epoch: [16] [100/122]  eta: 0:00:02  entropy: 0.4787  uncertainty: 1.0000  uncertainty_coeffi: 1.0000  loss: 0.4787  lr: 0.000004  time: 0.1100  data: 0.0001  max mem: 2671
      TTA Epoch: [16] [121/122]  eta: 0:00:00  entropy: 0.2173  uncertainty: 1.0000  uncertainty_coeffi: 1.0000  loss: 0.2173  lr: 0.000004  time: 0.1088  data: 0.0001  max mem: 2671
      TTA Epoch: [16] Total time: 0:00:13 (0.1133 s / it)
     Averaged stats: entropy: 0.2740  uncertainty: 1.0000  uncertainty_coeffi: 1.0000  loss: 0.2740  lr: 0.0000
     itm tta time 0:00:13
      TTA Epoch: [17] [  0/122]  eta: 0:01:01  entropy: 0.2413  uncertainty: 1.0000  uncertainty_coeffi: 1.0000  loss: 0.2413  lr: 0.000004  time: 0.5063  data: 0.3605  max mem: 2671
      TTA Epoch: [17] [100/122]  eta: 0:00:02  entropy: 0.2060  uncertainty: 1.0000  uncertainty_coeffi: 1.0000  loss: 0.2060  lr: 0.000004  time: 0.1121  data: 0.0001  max mem: 2671
      TTA Epoch: [17] [121/122]  eta: 0:00:00  entropy: 0.2509  uncertainty: 1.0000  uncertainty_coeffi: 1.0000  loss: 0.2509  lr: 0.000004  time: 0.1103  data: 0.0001  max mem: 2671
      TTA Epoch: [17] Total time: 0:00:13 (0.1134 s / it)
     Averaged stats: entropy: 0.2736  uncertainty: 1.0000  uncertainty_coeffi: 1.0000  loss: 0.2736  lr: 0.0000
     itm tta time 0:00:13
      TTA Epoch: [18] [  0/122]  eta: 0:00:58  entropy: 0.3872  uncertainty: 1.0000  uncertainty_coeffi: 1.0000  loss: 0.3872  lr: 0.000004  time: 0.4798  data: 0.3630  max mem: 2671
      TTA Epoch: [18] [100/122]  eta: 0:00:02  entropy: 0.1526  uncertainty: 1.0000  uncertainty_coeffi: 1.0000  loss: 0.1526  lr: 0.000004  time: 0.1089  data: 0.0001  max mem: 2671
      TTA Epoch: [18] [121/122]  eta: 0:00:00  entropy: 0.3218  uncertainty: 1.0000  uncertainty_coeffi: 1.0000  loss: 0.3218  lr: 0.000004  time: 0.1080  data: 0.0001  max mem: 2671
      TTA Epoch: [18] Total time: 0:00:13 (0.1102 s / it)
     Averaged stats: entropy: 0.2765  uncertainty: 1.0000  uncertainty_coeffi: 1.0000  loss: 0.2765  lr: 0.0000
     itm tta time 0:00:13
      TTA Epoch: [19] [  0/122]  eta: 0:01:05  entropy: 0.2149  uncertainty: 1.0000  uncertainty_coeffi: 1.0000  loss: 0.2149  lr: 0.000004  time: 0.5388  data: 0.4041  max mem: 2671
      TTA Epoch: [19] [100/122]  eta: 0:00:02  entropy: 0.2991  uncertainty: 1.0000  uncertainty_coeffi: 1.0000  loss: 0.2991  lr: 0.000004  time: 0.1085  data: 0.0001  max mem: 2671
      TTA Epoch: [19] [121/122]  eta: 0:00:00  entropy: 0.2779  uncertainty: 1.0000  uncertainty_coeffi: 1.0000  loss: 0.2779  lr: 0.000004  time: 0.1063  data: 0.0001  max mem: 2671
      TTA Epoch: [19] Total time: 0:00:13 (0.1123 s / it)
     Averaged stats: entropy: 0.2747  uncertainty: 1.0000  uncertainty_coeffi: 1.0000  loss: 0.2747  lr: 0.0000
     itm tta time 0:00:13
     Computing matching score
      Evaluation: [   0/1978]  eta: 0:03:02    time: 0.0925  data: 0.0035  max mem: 2671
      Evaluation: [ 100/1978]  eta: 0:03:31    time: 0.1124  data: 0.0000  max mem: 2671
      Evaluation: [ 200/1978]  eta: 0:03:17    time: 0.1127  data: 0.0000  max mem: 2671
      Evaluation: [ 300/1978]  eta: 0:03:07    time: 0.1125  data: 0.0000  max mem: 2671
      Evaluation: [ 400/1978]  eta: 0:02:56    time: 0.1128  data: 0.0000  max mem: 2671
      Evaluation: [ 500/1978]  eta: 0:02:45    time: 0.1041  data: 0.0000  max mem: 2671
      Evaluation: [ 600/1978]  eta: 0:02:33    time: 0.1128  data: 0.0000  max mem: 2671
      Evaluation: [ 700/1978]  eta: 0:02:22    time: 0.1127  data: 0.0000  max mem: 2671
      Evaluation: [ 800/1978]  eta: 0:02:12    time: 0.1138  data: 0.0000  max mem: 2671
      Evaluation: [ 900/1978]  eta: 0:01:59    time: 0.0690  data: 0.0000  max mem: 2671
      Evaluation: [1000/1978]  eta: 0:01:47    time: 0.1104  data: 0.0000  max mem: 2671
      Evaluation: [1100/1978]  eta: 0:01:36    time: 0.1169  data: 0.0000  max mem: 2671
      Evaluation: [1200/1978]  eta: 0:01:26    time: 0.1144  data: 0.0000  max mem: 2671
      Evaluation: [1300/1978]  eta: 0:01:15    time: 0.1020  data: 0.0000  max mem: 2671
      Evaluation: [1400/1978]  eta: 0:01:04    time: 0.1163  data: 0.0000  max mem: 2671
      Evaluation: [1500/1978]  eta: 0:00:53    time: 0.1138  data: 0.0000  max mem: 2671
      Evaluation: [1600/1978]  eta: 0:00:42    time: 0.1154  data: 0.0000  max mem: 2671
      Evaluation: [1700/1978]  eta: 0:00:31    time: 0.1134  data: 0.0000  max mem: 2671
      Evaluation: [1800/1978]  eta: 0:00:19    time: 0.1165  data: 0.0000  max mem: 2671
      Evaluation: [1900/1978]  eta: 0:00:08    time: 0.1143  data: 0.0000  max mem: 2671
      Evaluation: [1977/1978]  eta: 0:00:00    time: 0.1150  data: 0.0000  max mem: 2671
      Evaluation: Total time: 0:03:41 (0.1121 s / it)
     Computing matching score time 0:03:42
### TTA ITM Score: 
+-------------------+--------+--------+--------+--------+--------+
|       epoch       |   R1   |   R5   |  R10   |  mAP   |  mINP  |
+-------------------+--------+--------+--------+--------+--------+
|  cos_sim_wo/norm  | 58.544 | 91.860 | 95.703 | 73.596 | 73.596 |
|        -999       | 69.414 | 95.197 | 97.776 | 81.233 | 81.233 |
| itm_score_wo/norm | 84.328 | 98.989 | 99.494 | 91.293 | 91.293 |
|        -999       | 84.277 | 99.039 | 99.596 | 91.276 | 91.276 |
|         0         | 84.277 | 99.039 | 99.596 | 91.276 | 91.276 |
|         1         | 84.277 | 99.039 | 99.596 | 91.285 | 91.285 |
|         2         | 84.479 | 99.039 | 99.596 | 91.377 | 91.377 |
|         4         | 84.732 | 99.039 | 99.596 | 91.495 | 91.495 |
|         9         | 84.530 | 98.938 | 99.494 | 91.349 | 91.349 |
|         14        | 84.681 | 98.888 | 99.494 | 91.410 | 91.410 |
|         19        | 84.530 | 98.837 | 99.494 | 91.326 | 91.326 |
+-------------------+--------+--------+--------+--------+--------+
     logs:  {'epo': 19, 'R1': 84.53, 'R5': 98.837, 'R10': 99.494, 'mAP': 91.326, 'mINP': 91.326, 'entropy': 0.27474, 'uncertainty': 1.0, 'uncertainty_coeffi': 1.0, 'loss': 0.27474, 'lr': 4e-06}
      TTA Epoch: [20] [  0/122]  eta: 0:01:06  entropy: 0.3007  uncertainty: 1.0000  uncertainty_coeffi: 1.0000  loss: 0.3007  lr: 0.000004  time: 0.5423  data: 0.3994  max mem: 2671
      TTA Epoch: [20] [100/122]  eta: 0:00:02  entropy: 0.3353  uncertainty: 1.0000  uncertainty_coeffi: 1.0000  loss: 0.3353  lr: 0.000004  time: 0.1106  data: 0.0001  max mem: 2671
      TTA Epoch: [20] [121/122]  eta: 0:00:00  entropy: 0.1446  uncertainty: 1.0000  uncertainty_coeffi: 1.0000  loss: 0.1446  lr: 0.000004  time: 0.1108  data: 0.0001  max mem: 2671
      TTA Epoch: [20] Total time: 0:00:13 (0.1129 s / it)
     Averaged stats: entropy: 0.2699  uncertainty: 1.0000  uncertainty_coeffi: 1.0000  loss: 0.2699  lr: 0.0000
     itm tta time 0:00:13
      TTA Epoch: [21] [  0/122]  eta: 0:00:52  entropy: 0.4464  uncertainty: 1.0000  uncertainty_coeffi: 1.0000  loss: 0.4464  lr: 0.000004  time: 0.4316  data: 0.3302  max mem: 2671
      TTA Epoch: [21] [100/122]  eta: 0:00:02  entropy: 0.1860  uncertainty: 1.0000  uncertainty_coeffi: 1.0000  loss: 0.1860  lr: 0.000003  time: 0.1098  data: 0.0001  max mem: 2671
      TTA Epoch: [21] [121/122]  eta: 0:00:00  entropy: 0.1835  uncertainty: 1.0000  uncertainty_coeffi: 1.0000  loss: 0.1835  lr: 0.000003  time: 0.1076  data: 0.0001  max mem: 2671
      TTA Epoch: [21] Total time: 0:00:13 (0.1118 s / it)
     Averaged stats: entropy: 0.2713  uncertainty: 1.0000  uncertainty_coeffi: 1.0000  loss: 0.2713  lr: 0.0000
     itm tta time 0:00:13
      TTA Epoch: [22] [  0/122]  eta: 0:00:57  entropy: 0.2955  uncertainty: 1.0000  uncertainty_coeffi: 1.0000  loss: 0.2955  lr: 0.000003  time: 0.4754  data: 0.3431  max mem: 2671
      TTA Epoch: [22] [100/122]  eta: 0:00:02  entropy: 0.3396  uncertainty: 1.0000  uncertainty_coeffi: 1.0000  loss: 0.3396  lr: 0.000003  time: 0.1089  data: 0.0001  max mem: 2671
      TTA Epoch: [22] [121/122]  eta: 0:00:00  entropy: 0.4539  uncertainty: 1.0000  uncertainty_coeffi: 1.0000  loss: 0.4539  lr: 0.000003  time: 0.1066  data: 0.0001  max mem: 2671
      TTA Epoch: [22] Total time: 0:00:13 (0.1091 s / it)
     Averaged stats: entropy: 0.2677  uncertainty: 1.0000  uncertainty_coeffi: 1.0000  loss: 0.2677  lr: 0.0000
     itm tta time 0:00:13
      TTA Epoch: [23] [  0/122]  eta: 0:00:49  entropy: 0.2348  uncertainty: 1.0000  uncertainty_coeffi: 1.0000  loss: 0.2348  lr: 0.000003  time: 0.4023  data: 0.3184  max mem: 2671
      TTA Epoch: [23] [100/122]  eta: 0:00:02  entropy: 0.2777  uncertainty: 1.0000  uncertainty_coeffi: 1.0000  loss: 0.2777  lr: 0.000003  time: 0.1086  data: 0.0001  max mem: 2671
      TTA Epoch: [23] [121/122]  eta: 0:00:00  entropy: 0.2261  uncertainty: 1.0000  uncertainty_coeffi: 1.0000  loss: 0.2261  lr: 0.000003  time: 0.1071  data: 0.0001  max mem: 2671
      TTA Epoch: [23] Total time: 0:00:13 (0.1121 s / it)
     Averaged stats: entropy: 0.2710  uncertainty: 1.0000  uncertainty_coeffi: 1.0000  loss: 0.2710  lr: 0.0000
     itm tta time 0:00:13
      TTA Epoch: [24] [  0/122]  eta: 0:00:54  entropy: 0.1883  uncertainty: 1.0000  uncertainty_coeffi: 1.0000  loss: 0.1883  lr: 0.000003  time: 0.4437  data: 0.3420  max mem: 2671
      TTA Epoch: [24] [100/122]  eta: 0:00:02  entropy: 0.4084  uncertainty: 1.0000  uncertainty_coeffi: 1.0000  loss: 0.4084  lr: 0.000003  time: 0.1090  data: 0.0001  max mem: 2671
      TTA Epoch: [24] [121/122]  eta: 0:00:00  entropy: 0.1818  uncertainty: 1.0000  uncertainty_coeffi: 1.0000  loss: 0.1818  lr: 0.000003  time: 0.1066  data: 0.0001  max mem: 2671
      TTA Epoch: [24] Total time: 0:00:13 (0.1114 s / it)
     Averaged stats: entropy: 0.2673  uncertainty: 1.0000  uncertainty_coeffi: 1.0000  loss: 0.2673  lr: 0.0000
     itm tta time 0:00:13
      TTA Epoch: [25] [  0/122]  eta: 0:01:01  entropy: 0.1394  uncertainty: 1.0000  uncertainty_coeffi: 1.0000  loss: 0.1394  lr: 0.000003  time: 0.5007  data: 0.3573  max mem: 2671
      TTA Epoch: [25] [100/122]  eta: 0:00:02  entropy: 0.1361  uncertainty: 1.0000  uncertainty_coeffi: 1.0000  loss: 0.1361  lr: 0.000003  time: 0.1105  data: 0.0001  max mem: 2671
      TTA Epoch: [25] [121/122]  eta: 0:00:00  entropy: 0.2543  uncertainty: 1.0000  uncertainty_coeffi: 1.0000  loss: 0.2543  lr: 0.000003  time: 0.1086  data: 0.0001  max mem: 2671
      TTA Epoch: [25] Total time: 0:00:13 (0.1101 s / it)
     Averaged stats: entropy: 0.2635  uncertainty: 1.0000  uncertainty_coeffi: 1.0000  loss: 0.2635  lr: 0.0000
     itm tta time 0:00:13
      TTA Epoch: [26] [  0/122]  eta: 0:01:02  entropy: 0.3608  uncertainty: 1.0000  uncertainty_coeffi: 1.0000  loss: 0.3608  lr: 0.000003  time: 0.5119  data: 0.3820  max mem: 2671
      TTA Epoch: [26] [100/122]  eta: 0:00:02  entropy: 0.1640  uncertainty: 1.0000  uncertainty_coeffi: 1.0000  loss: 0.1640  lr: 0.000003  time: 0.1112  data: 0.0001  max mem: 2671
      TTA Epoch: [26] [121/122]  eta: 0:00:00  entropy: 0.1102  uncertainty: 1.0000  uncertainty_coeffi: 1.0000  loss: 0.1102  lr: 0.000003  time: 0.1088  data: 0.0001  max mem: 2671
      TTA Epoch: [26] Total time: 0:00:13 (0.1126 s / it)
     Averaged stats: entropy: 0.2659  uncertainty: 1.0000  uncertainty_coeffi: 1.0000  loss: 0.2659  lr: 0.0000
     itm tta time 0:00:13
      TTA Epoch: [27] [  0/122]  eta: 0:00:58  entropy: 0.2795  uncertainty: 1.0000  uncertainty_coeffi: 1.0000  loss: 0.2795  lr: 0.000003  time: 0.4819  data: 0.3355  max mem: 2671
      TTA Epoch: [27] [100/122]  eta: 0:00:02  entropy: 0.2862  uncertainty: 1.0000  uncertainty_coeffi: 1.0000  loss: 0.2862  lr: 0.000003  time: 0.1087  data: 0.0001  max mem: 2671
      TTA Epoch: [27] [121/122]  eta: 0:00:00  entropy: 0.2283  uncertainty: 1.0000  uncertainty_coeffi: 1.0000  loss: 0.2283  lr: 0.000003  time: 0.0933  data: 0.0001  max mem: 2671
      TTA Epoch: [27] Total time: 0:00:13 (0.1092 s / it)
     Averaged stats: entropy: 0.2629  uncertainty: 1.0000  uncertainty_coeffi: 1.0000  loss: 0.2629  lr: 0.0000
     itm tta time 0:00:13
      TTA Epoch: [28] [  0/122]  eta: 0:01:01  entropy: 0.4140  uncertainty: 1.0000  uncertainty_coeffi: 1.0000  loss: 0.4140  lr: 0.000003  time: 0.5055  data: 0.3587  max mem: 2671
      TTA Epoch: [28] [100/122]  eta: 0:00:02  entropy: 0.1855  uncertainty: 1.0000  uncertainty_coeffi: 1.0000  loss: 0.1855  lr: 0.000001  time: 0.1111  data: 0.0001  max mem: 2671
      TTA Epoch: [28] [121/122]  eta: 0:00:00  entropy: 0.2034  uncertainty: 1.0000  uncertainty_coeffi: 1.0000  loss: 0.2034  lr: 0.000001  time: 0.1097  data: 0.0001  max mem: 2671
      TTA Epoch: [28] Total time: 0:00:13 (0.1123 s / it)
     Averaged stats: entropy: 0.2621  uncertainty: 1.0000  uncertainty_coeffi: 1.0000  loss: 0.2621  lr: 0.0000
     itm tta time 0:00:13
      TTA Epoch: [29] [  0/122]  eta: 0:01:00  entropy: 0.2714  uncertainty: 1.0000  uncertainty_coeffi: 1.0000  loss: 0.2714  lr: 0.000001  time: 0.4968  data: 0.3453  max mem: 2671
      TTA Epoch: [29] [100/122]  eta: 0:00:02  entropy: 0.2110  uncertainty: 1.0000  uncertainty_coeffi: 1.0000  loss: 0.2110  lr: 0.000001  time: 0.1101  data: 0.0001  max mem: 2671
      TTA Epoch: [29] [121/122]  eta: 0:00:00  entropy: 0.4402  uncertainty: 1.0000  uncertainty_coeffi: 1.0000  loss: 0.4402  lr: 0.000001  time: 0.1084  data: 0.0001  max mem: 2671
      TTA Epoch: [29] Total time: 0:00:13 (0.1116 s / it)
     Averaged stats: entropy: 0.2585  uncertainty: 1.0000  uncertainty_coeffi: 1.0000  loss: 0.2585  lr: 0.0000
     itm tta time 0:00:13
     Computing matching score
      Evaluation: [   0/1978]  eta: 0:04:27    time: 0.1354  data: 0.0027  max mem: 2671
      Evaluation: [ 100/1978]  eta: 0:03:28    time: 0.1119  data: 0.0000  max mem: 2671
      Evaluation: [ 200/1978]  eta: 0:03:19    time: 0.1137  data: 0.0000  max mem: 2671
      Evaluation: [ 300/1978]  eta: 0:03:09    time: 0.1141  data: 0.0000  max mem: 2671
      Evaluation: [ 400/1978]  eta: 0:02:58    time: 0.1143  data: 0.0000  max mem: 2671
      Evaluation: [ 500/1978]  eta: 0:02:46    time: 0.1120  data: 0.0000  max mem: 2671
      Evaluation: [ 600/1978]  eta: 0:02:35    time: 0.1117  data: 0.0000  max mem: 2671
      Evaluation: [ 700/1978]  eta: 0:02:23    time: 0.1139  data: 0.0000  max mem: 2671
      Evaluation: [ 800/1978]  eta: 0:02:12    time: 0.0968  data: 0.0000  max mem: 2671
      Evaluation: [ 900/1978]  eta: 0:02:01    time: 0.1137  data: 0.0000  max mem: 2671
      Evaluation: [1000/1978]  eta: 0:01:49    time: 0.1129  data: 0.0000  max mem: 2671
      Evaluation: [1100/1978]  eta: 0:01:38    time: 0.1138  data: 0.0000  max mem: 2671
      Evaluation: [1200/1978]  eta: 0:01:26    time: 0.0692  data: 0.0000  max mem: 2671
      Evaluation: [1300/1978]  eta: 0:01:15    time: 0.1129  data: 0.0000  max mem: 2671
      Evaluation: [1400/1978]  eta: 0:01:04    time: 0.1126  data: 0.0000  max mem: 2671
      Evaluation: [1500/1978]  eta: 0:00:53    time: 0.1147  data: 0.0000  max mem: 2671
      Evaluation: [1600/1978]  eta: 0:00:42    time: 0.1006  data: 0.0000  max mem: 2671
      Evaluation: [1700/1978]  eta: 0:00:30    time: 0.1133  data: 0.0000  max mem: 2671
      Evaluation: [1800/1978]  eta: 0:00:19    time: 0.1129  data: 0.0000  max mem: 2671
      Evaluation: [1900/1978]  eta: 0:00:08    time: 0.1140  data: 0.0000  max mem: 2671
      Evaluation: [1977/1978]  eta: 0:00:00    time: 0.1132  data: 0.0000  max mem: 2671
      Evaluation: Total time: 0:03:40 (0.1115 s / it)
     Computing matching score time 0:03:41
### TTA ITM Score: 
+-------------------+--------+--------+--------+--------+--------+
|       epoch       |   R1   |   R5   |  R10   |  mAP   |  mINP  |
+-------------------+--------+--------+--------+--------+--------+
|  cos_sim_wo/norm  | 58.544 | 91.860 | 95.703 | 73.596 | 73.596 |
|        -999       | 69.414 | 95.197 | 97.776 | 81.233 | 81.233 |
| itm_score_wo/norm | 84.328 | 98.989 | 99.494 | 91.293 | 91.293 |
|        -999       | 84.277 | 99.039 | 99.596 | 91.276 | 91.276 |
|         0         | 84.277 | 99.039 | 99.596 | 91.276 | 91.276 |
|         1         | 84.277 | 99.039 | 99.596 | 91.285 | 91.285 |
|         2         | 84.479 | 99.039 | 99.596 | 91.377 | 91.377 |
|         4         | 84.732 | 99.039 | 99.596 | 91.495 | 91.495 |
|         9         | 84.530 | 98.938 | 99.494 | 91.349 | 91.349 |
|         14        | 84.681 | 98.888 | 99.494 | 91.410 | 91.410 |
|         19        | 84.530 | 98.837 | 99.494 | 91.326 | 91.326 |
|         29        | 84.580 | 98.787 | 99.494 | 91.329 | 91.329 |
+-------------------+--------+--------+--------+--------+--------+
     logs:  {'epo': 29, 'R1': 84.58, 'R5': 98.787, 'R10': 99.494, 'mAP': 91.329, 'mINP': 91.329, 'entropy': 0.258466, 'uncertainty': 1.0, 'uncertainty_coeffi': 1.0, 'loss': 0.258466, 'lr': 1e-06}
      TTA Epoch: [30] [  0/122]  eta: 0:01:05  entropy: 0.2942  uncertainty: 1.0000  uncertainty_coeffi: 1.0000  loss: 0.2942  lr: 0.000001  time: 0.5359  data: 0.3919  max mem: 2671
      TTA Epoch: [30] [100/122]  eta: 0:00:02  entropy: 0.1409  uncertainty: 1.0000  uncertainty_coeffi: 1.0000  loss: 0.1409  lr: 0.000001  time: 0.1112  data: 0.0001  max mem: 2671
      TTA Epoch: [30] [121/122]  eta: 0:00:00  entropy: 0.3251  uncertainty: 1.0000  uncertainty_coeffi: 1.0000  loss: 0.3251  lr: 0.000001  time: 0.1083  data: 0.0001  max mem: 2671
      TTA Epoch: [30] Total time: 0:00:13 (0.1133 s / it)
     Averaged stats: entropy: 0.2596  uncertainty: 1.0000  uncertainty_coeffi: 1.0000  loss: 0.2596  lr: 0.0000
     itm tta time 0:00:13
      TTA Epoch: [31] [  0/122]  eta: 0:01:00  entropy: 0.1602  uncertainty: 1.0000  uncertainty_coeffi: 1.0000  loss: 0.1602  lr: 0.000001  time: 0.4994  data: 0.3466  max mem: 2671
      TTA Epoch: [31] [100/122]  eta: 0:00:02  entropy: 0.1186  uncertainty: 1.0000  uncertainty_coeffi: 1.0000  loss: 0.1186  lr: 0.000001  time: 0.1100  data: 0.0001  max mem: 2671
      TTA Epoch: [31] [121/122]  eta: 0:00:00  entropy: 0.3019  uncertainty: 1.0000  uncertainty_coeffi: 1.0000  loss: 0.3019  lr: 0.000001  time: 0.1099  data: 0.0001  max mem: 2671
      TTA Epoch: [31] Total time: 0:00:13 (0.1123 s / it)
     Averaged stats: entropy: 0.2565  uncertainty: 1.0000  uncertainty_coeffi: 1.0000  loss: 0.2565  lr: 0.0000
     itm tta time 0:00:13
      TTA Epoch: [32] [  0/122]  eta: 0:01:04  entropy: 0.1697  uncertainty: 1.0000  uncertainty_coeffi: 1.0000  loss: 0.1697  lr: 0.000001  time: 0.5247  data: 0.4003  max mem: 2671
      TTA Epoch: [32] [100/122]  eta: 0:00:02  entropy: 0.1821  uncertainty: 1.0000  uncertainty_coeffi: 1.0000  loss: 0.1821  lr: 0.000001  time: 0.1117  data: 0.0001  max mem: 2671
      TTA Epoch: [32] [121/122]  eta: 0:00:00  entropy: 0.2569  uncertainty: 1.0000  uncertainty_coeffi: 1.0000  loss: 0.2569  lr: 0.000001  time: 0.1097  data: 0.0001  max mem: 2671
      TTA Epoch: [32] Total time: 0:00:13 (0.1105 s / it)
     Averaged stats: entropy: 0.2577  uncertainty: 1.0000  uncertainty_coeffi: 1.0000  loss: 0.2577  lr: 0.0000
     itm tta time 0:00:13
      TTA Epoch: [33] [  0/122]  eta: 0:01:10  entropy: 0.1225  uncertainty: 1.0000  uncertainty_coeffi: 1.0000  loss: 0.1225  lr: 0.000001  time: 0.5802  data: 0.3926  max mem: 2671
      TTA Epoch: [33] [100/122]  eta: 0:00:02  entropy: 0.2638  uncertainty: 1.0000  uncertainty_coeffi: 1.0000  loss: 0.2638  lr: 0.000001  time: 0.1098  data: 0.0001  max mem: 2671
      TTA Epoch: [33] [121/122]  eta: 0:00:00  entropy: 0.2665  uncertainty: 1.0000  uncertainty_coeffi: 1.0000  loss: 0.2665  lr: 0.000001  time: 0.1088  data: 0.0001  max mem: 2671
      TTA Epoch: [33] Total time: 0:00:13 (0.1135 s / it)
     Averaged stats: entropy: 0.2547  uncertainty: 1.0000  uncertainty_coeffi: 1.0000  loss: 0.2547  lr: 0.0000
     itm tta time 0:00:13
      TTA Epoch: [34] [  0/122]  eta: 0:01:01  entropy: 0.2115  uncertainty: 1.0000  uncertainty_coeffi: 1.0000  loss: 0.2115  lr: 0.000001  time: 0.5081  data: 0.3780  max mem: 2671
      TTA Epoch: [34] [100/122]  eta: 0:00:02  entropy: 0.1809  uncertainty: 1.0000  uncertainty_coeffi: 1.0000  loss: 0.1809  lr: 0.000001  time: 0.0938  data: 0.0001  max mem: 2671
      TTA Epoch: [34] [121/122]  eta: 0:00:00  entropy: 0.1109  uncertainty: 1.0000  uncertainty_coeffi: 1.0000  loss: 0.1109  lr: 0.000001  time: 0.1068  data: 0.0001  max mem: 2671
      TTA Epoch: [34] Total time: 0:00:13 (0.1097 s / it)
     Averaged stats: entropy: 0.2591  uncertainty: 1.0000  uncertainty_coeffi: 1.0000  loss: 0.2591  lr: 0.0000
     itm tta time 0:00:13
      TTA Epoch: [35] [  0/122]  eta: 0:01:05  entropy: 0.2214  uncertainty: 1.0000  uncertainty_coeffi: 1.0000  loss: 0.2214  lr: 0.000001  time: 0.5397  data: 0.3851  max mem: 2671
      TTA Epoch: [35] [100/122]  eta: 0:00:02  entropy: 0.1865  uncertainty: 1.0000  uncertainty_coeffi: 1.0000  loss: 0.1865  lr: 0.000001  time: 0.1083  data: 0.0001  max mem: 2671
      TTA Epoch: [35] [121/122]  eta: 0:00:00  entropy: 0.1947  uncertainty: 1.0000  uncertainty_coeffi: 1.0000  loss: 0.1947  lr: 0.000001  time: 0.1061  data: 0.0001  max mem: 2671
      TTA Epoch: [35] Total time: 0:00:13 (0.1122 s / it)
     Averaged stats: entropy: 0.2617  uncertainty: 1.0000  uncertainty_coeffi: 1.0000  loss: 0.2617  lr: 0.0000
     itm tta time 0:00:13
      TTA Epoch: [36] [  0/122]  eta: 0:00:58  entropy: 0.3499  uncertainty: 1.0000  uncertainty_coeffi: 1.0000  loss: 0.3499  lr: 0.000001  time: 0.4812  data: 0.3467  max mem: 2671
      TTA Epoch: [36] [100/122]  eta: 0:00:02  entropy: 0.3401  uncertainty: 1.0000  uncertainty_coeffi: 1.0000  loss: 0.3401  lr: 0.000001  time: 0.1087  data: 0.0001  max mem: 2671
      TTA Epoch: [36] [121/122]  eta: 0:00:00  entropy: 0.2400  uncertainty: 1.0000  uncertainty_coeffi: 1.0000  loss: 0.2400  lr: 0.000001  time: 0.1088  data: 0.0001  max mem: 2671
      TTA Epoch: [36] Total time: 0:00:13 (0.1124 s / it)
     Averaged stats: entropy: 0.2553  uncertainty: 1.0000  uncertainty_coeffi: 1.0000  loss: 0.2553  lr: 0.0000
     itm tta time 0:00:13
      TTA Epoch: [37] [  0/122]  eta: 0:01:08  entropy: 0.3684  uncertainty: 1.0000  uncertainty_coeffi: 1.0000  loss: 0.3684  lr: 0.000001  time: 0.5639  data: 0.4131  max mem: 2671
      TTA Epoch: [37] [100/122]  eta: 0:00:02  entropy: 0.2337  uncertainty: 1.0000  uncertainty_coeffi: 1.0000  loss: 0.2337  lr: 0.000001  time: 0.1125  data: 0.0001  max mem: 2671
      TTA Epoch: [37] [121/122]  eta: 0:00:00  entropy: 0.3616  uncertainty: 1.0000  uncertainty_coeffi: 1.0000  loss: 0.3616  lr: 0.000001  time: 0.1093  data: 0.0001  max mem: 2671
      TTA Epoch: [37] Total time: 0:00:13 (0.1105 s / it)
     Averaged stats: entropy: 0.2612  uncertainty: 1.0000  uncertainty_coeffi: 1.0000  loss: 0.2612  lr: 0.0000
     itm tta time 0:00:13
      TTA Epoch: [38] [  0/122]  eta: 0:00:53  entropy: 0.1746  uncertainty: 1.0000  uncertainty_coeffi: 1.0000  loss: 0.1746  lr: 0.000001  time: 0.4414  data: 0.3483  max mem: 2671
      TTA Epoch: [38] [100/122]  eta: 0:00:02  entropy: 0.2683  uncertainty: 1.0000  uncertainty_coeffi: 1.0000  loss: 0.2683  lr: 0.000001  time: 0.1096  data: 0.0001  max mem: 2671
      TTA Epoch: [38] [121/122]  eta: 0:00:00  entropy: 0.3423  uncertainty: 1.0000  uncertainty_coeffi: 1.0000  loss: 0.3423  lr: 0.000001  time: 0.1093  data: 0.0001  max mem: 2671
      TTA Epoch: [38] Total time: 0:00:13 (0.1122 s / it)
     Averaged stats: entropy: 0.2587  uncertainty: 1.0000  uncertainty_coeffi: 1.0000  loss: 0.2587  lr: 0.0000
     itm tta time 0:00:13
      TTA Epoch: [39] [  0/122]  eta: 0:01:04  entropy: 0.1599  uncertainty: 1.0000  uncertainty_coeffi: 1.0000  loss: 0.1599  lr: 0.000001  time: 0.5297  data: 0.3742  max mem: 2671
      TTA Epoch: [39] [100/122]  eta: 0:00:02  entropy: 0.2213  uncertainty: 1.0000  uncertainty_coeffi: 1.0000  loss: 0.2213  lr: 0.000001  time: 0.1089  data: 0.0001  max mem: 2671
      TTA Epoch: [39] [121/122]  eta: 0:00:00  entropy: 0.3719  uncertainty: 1.0000  uncertainty_coeffi: 1.0000  loss: 0.3719  lr: 0.000001  time: 0.1088  data: 0.0001  max mem: 2671
      TTA Epoch: [39] Total time: 0:00:13 (0.1128 s / it)
     Averaged stats: entropy: 0.2557  uncertainty: 1.0000  uncertainty_coeffi: 1.0000  loss: 0.2557  lr: 0.0000
     itm tta time 0:00:13
     Computing matching score
      Evaluation: [   0/1978]  eta: 0:02:28    time: 0.0753  data: 0.0045  max mem: 2671
      Evaluation: [ 100/1978]  eta: 0:03:31    time: 0.1145  data: 0.0000  max mem: 2671
      Evaluation: [ 200/1978]  eta: 0:03:21    time: 0.1130  data: 0.0000  max mem: 2671
      Evaluation: [ 300/1978]  eta: 0:03:10    time: 0.1148  data: 0.0000  max mem: 2671
      Evaluation: [ 400/1978]  eta: 0:02:58    time: 0.1134  data: 0.0000  max mem: 2671
      Evaluation: [ 500/1978]  eta: 0:02:47    time: 0.1134  data: 0.0000  max mem: 2671
      Evaluation: [ 600/1978]  eta: 0:02:36    time: 0.1130  data: 0.0000  max mem: 2671
      Evaluation: [ 700/1978]  eta: 0:02:24    time: 0.1144  data: 0.0000  max mem: 2671
      Evaluation: [ 800/1978]  eta: 0:02:13    time: 0.1128  data: 0.0000  max mem: 2671
      Evaluation: [ 900/1978]  eta: 0:02:02    time: 0.1138  data: 0.0000  max mem: 2671
      Evaluation: [1000/1978]  eta: 0:01:50    time: 0.1125  data: 0.0000  max mem: 2671
      Evaluation: [1100/1978]  eta: 0:01:39    time: 0.1126  data: 0.0000  max mem: 2671
      Evaluation: [1200/1978]  eta: 0:01:27    time: 0.1107  data: 0.0000  max mem: 2671
      Evaluation: [1300/1978]  eta: 0:01:16    time: 0.1124  data: 0.0000  max mem: 2671
      Evaluation: [1400/1978]  eta: 0:01:05    time: 0.1144  data: 0.0000  max mem: 2671
      Evaluation: [1500/1978]  eta: 0:00:53    time: 0.0984  data: 0.0000  max mem: 2671
      Evaluation: [1600/1978]  eta: 0:00:42    time: 0.1133  data: 0.0000  max mem: 2671
      Evaluation: [1700/1978]  eta: 0:00:31    time: 0.1126  data: 0.0000  max mem: 2671
      Evaluation: [1800/1978]  eta: 0:00:19    time: 0.1154  data: 0.0000  max mem: 2671
      Evaluation: [1900/1978]  eta: 0:00:08    time: 0.1125  data: 0.0000  max mem: 2671
      Evaluation: [1977/1978]  eta: 0:00:00    time: 0.1160  data: 0.0000  max mem: 2671
      Evaluation: Total time: 0:03:41 (0.1121 s / it)
     Computing matching score time 0:03:42
### TTA ITM Score: 
+-------------------+--------+--------+--------+--------+--------+
|       epoch       |   R1   |   R5   |  R10   |  mAP   |  mINP  |
+-------------------+--------+--------+--------+--------+--------+
|  cos_sim_wo/norm  | 58.544 | 91.860 | 95.703 | 73.596 | 73.596 |
|        -999       | 69.414 | 95.197 | 97.776 | 81.233 | 81.233 |
| itm_score_wo/norm | 84.328 | 98.989 | 99.494 | 91.293 | 91.293 |
|        -999       | 84.277 | 99.039 | 99.596 | 91.276 | 91.276 |
|         0         | 84.277 | 99.039 | 99.596 | 91.276 | 91.276 |
|         1         | 84.277 | 99.039 | 99.596 | 91.285 | 91.285 |
|         2         | 84.479 | 99.039 | 99.596 | 91.377 | 91.377 |
|         4         | 84.732 | 99.039 | 99.596 | 91.495 | 91.495 |
|         9         | 84.530 | 98.938 | 99.494 | 91.349 | 91.349 |
|         14        | 84.681 | 98.888 | 99.494 | 91.410 | 91.410 |
|         19        | 84.530 | 98.837 | 99.494 | 91.326 | 91.326 |
|         29        | 84.580 | 98.787 | 99.494 | 91.329 | 91.329 |
|         39        | 84.530 | 98.787 | 99.494 | 91.303 | 91.303 |
+-------------------+--------+--------+--------+--------+--------+
     logs:  {'epo': 39, 'R1': 84.53, 'R5': 98.787, 'R10': 99.494, 'mAP': 91.303, 'mINP': 91.303, 'entropy': 0.25574, 'uncertainty': 1.0, 'uncertainty_coeffi': 1.0, 'loss': 0.25574, 'lr': 1e-06}
      TTA Epoch: [40] [  0/122]  eta: 0:01:07  entropy: 0.3710  uncertainty: 1.0000  uncertainty_coeffi: 1.0000  loss: 0.3710  lr: 0.000001  time: 0.5539  data: 0.4073  max mem: 2671
      TTA Epoch: [40] [100/122]  eta: 0:00:02  entropy: 0.1807  uncertainty: 1.0000  uncertainty_coeffi: 1.0000  loss: 0.1807  lr: 0.000001  time: 0.1084  data: 0.0001  max mem: 2671
      TTA Epoch: [40] [121/122]  eta: 0:00:00  entropy: 0.2492  uncertainty: 1.0000  uncertainty_coeffi: 1.0000  loss: 0.2492  lr: 0.000001  time: 0.1088  data: 0.0001  max mem: 2671
      TTA Epoch: [40] Total time: 0:00:13 (0.1128 s / it)
     Averaged stats: entropy: 0.2588  uncertainty: 1.0000  uncertainty_coeffi: 1.0000  loss: 0.2588  lr: 0.0000
     itm tta time 0:00:13
      TTA Epoch: [41] [  0/122]  eta: 0:00:58  entropy: 0.3198  uncertainty: 1.0000  uncertainty_coeffi: 1.0000  loss: 0.3198  lr: 0.000001  time: 0.4762  data: 0.3820  max mem: 2671
      TTA Epoch: [41] [100/122]  eta: 0:00:02  entropy: 0.3644  uncertainty: 1.0000  uncertainty_coeffi: 1.0000  loss: 0.3644  lr: 0.000001  time: 0.1092  data: 0.0001  max mem: 2671
      TTA Epoch: [41] [121/122]  eta: 0:00:00  entropy: 0.2831  uncertainty: 1.0000  uncertainty_coeffi: 1.0000  loss: 0.2831  lr: 0.000001  time: 0.1079  data: 0.0001  max mem: 2671
      TTA Epoch: [41] Total time: 0:00:13 (0.1098 s / it)
     Averaged stats: entropy: 0.2534  uncertainty: 1.0000  uncertainty_coeffi: 1.0000  loss: 0.2534  lr: 0.0000
     itm tta time 0:00:13
      TTA Epoch: [42] [  0/122]  eta: 0:01:01  entropy: 0.1442  uncertainty: 1.0000  uncertainty_coeffi: 1.0000  loss: 0.1442  lr: 0.000001  time: 0.5050  data: 0.3614  max mem: 2671
      TTA Epoch: [42] [100/122]  eta: 0:00:02  entropy: 0.2344  uncertainty: 1.0000  uncertainty_coeffi: 1.0000  loss: 0.2344  lr: 0.000001  time: 0.1078  data: 0.0001  max mem: 2671
      TTA Epoch: [42] [121/122]  eta: 0:00:00  entropy: 0.1681  uncertainty: 1.0000  uncertainty_coeffi: 1.0000  loss: 0.1681  lr: 0.000001  time: 0.1069  data: 0.0001  max mem: 2671
      TTA Epoch: [42] Total time: 0:00:13 (0.1122 s / it)
     Averaged stats: entropy: 0.2612  uncertainty: 1.0000  uncertainty_coeffi: 1.0000  loss: 0.2612  lr: 0.0000
     itm tta time 0:00:13
      TTA Epoch: [43] [  0/122]  eta: 0:00:57  entropy: 0.1982  uncertainty: 1.0000  uncertainty_coeffi: 1.0000  loss: 0.1982  lr: 0.000001  time: 0.4750  data: 0.3551  max mem: 2671
      TTA Epoch: [43] [100/122]  eta: 0:00:02  entropy: 0.2513  uncertainty: 1.0000  uncertainty_coeffi: 1.0000  loss: 0.2513  lr: 0.000001  time: 0.1075  data: 0.0001  max mem: 2671
      TTA Epoch: [43] [121/122]  eta: 0:00:00  entropy: 0.2715  uncertainty: 1.0000  uncertainty_coeffi: 1.0000  loss: 0.2715  lr: 0.000001  time: 0.1086  data: 0.0001  max mem: 2671
      TTA Epoch: [43] Total time: 0:00:13 (0.1119 s / it)
     Averaged stats: entropy: 0.2573  uncertainty: 1.0000  uncertainty_coeffi: 1.0000  loss: 0.2573  lr: 0.0000
     itm tta time 0:00:13
      TTA Epoch: [44] [  0/122]  eta: 0:01:08  entropy: 0.2360  uncertainty: 1.0000  uncertainty_coeffi: 1.0000  loss: 0.2360  lr: 0.000001  time: 0.5656  data: 0.4169  max mem: 2671
      TTA Epoch: [44] [100/122]  eta: 0:00:02  entropy: 0.2857  uncertainty: 1.0000  uncertainty_coeffi: 1.0000  loss: 0.2857  lr: 0.000001  time: 0.1093  data: 0.0001  max mem: 2671
      TTA Epoch: [44] [121/122]  eta: 0:00:00  entropy: 0.3051  uncertainty: 1.0000  uncertainty_coeffi: 1.0000  loss: 0.3051  lr: 0.000001  time: 0.1095  data: 0.0001  max mem: 2671
      TTA Epoch: [44] Total time: 0:00:13 (0.1106 s / it)
     Averaged stats: entropy: 0.2544  uncertainty: 1.0000  uncertainty_coeffi: 1.0000  loss: 0.2544  lr: 0.0000
     itm tta time 0:00:13
      TTA Epoch: [45] [  0/122]  eta: 0:01:08  entropy: 0.1538  uncertainty: 1.0000  uncertainty_coeffi: 1.0000  loss: 0.1538  lr: 0.000001  time: 0.5594  data: 0.4190  max mem: 2671
      TTA Epoch: [45] [100/122]  eta: 0:00:02  entropy: 0.3566  uncertainty: 1.0000  uncertainty_coeffi: 1.0000  loss: 0.3566  lr: 0.000001  time: 0.1112  data: 0.0001  max mem: 2671
      TTA Epoch: [45] [121/122]  eta: 0:00:00  entropy: 0.0963  uncertainty: 1.0000  uncertainty_coeffi: 1.0000  loss: 0.0963  lr: 0.000001  time: 0.1100  data: 0.0001  max mem: 2671
      TTA Epoch: [45] Total time: 0:00:13 (0.1128 s / it)
     Averaged stats: entropy: 0.2554  uncertainty: 1.0000  uncertainty_coeffi: 1.0000  loss: 0.2554  lr: 0.0000
     itm tta time 0:00:13
      TTA Epoch: [46] [  0/122]  eta: 0:00:58  entropy: 0.2461  uncertainty: 1.0000  uncertainty_coeffi: 1.0000  loss: 0.2461  lr: 0.000001  time: 0.4757  data: 0.3872  max mem: 2671
      TTA Epoch: [46] [100/122]  eta: 0:00:02  entropy: 0.4364  uncertainty: 1.0000  uncertainty_coeffi: 1.0000  loss: 0.4364  lr: 0.000000  time: 0.1020  data: 0.0001  max mem: 2671
      TTA Epoch: [46] [121/122]  eta: 0:00:00  entropy: 0.3845  uncertainty: 1.0000  uncertainty_coeffi: 1.0000  loss: 0.3845  lr: 0.000000  time: 0.1034  data: 0.0001  max mem: 2671
      TTA Epoch: [46] Total time: 0:00:13 (0.1104 s / it)
     Averaged stats: entropy: 0.2523  uncertainty: 1.0000  uncertainty_coeffi: 1.0000  loss: 0.2523  lr: 0.0000
     itm tta time 0:00:13
      TTA Epoch: [47] [  0/122]  eta: 0:01:03  entropy: 0.2088  uncertainty: 1.0000  uncertainty_coeffi: 1.0000  loss: 0.2088  lr: 0.000000  time: 0.5170  data: 0.3739  max mem: 2671
      TTA Epoch: [47] [100/122]  eta: 0:00:02  entropy: 0.2290  uncertainty: 1.0000  uncertainty_coeffi: 1.0000  loss: 0.2290  lr: 0.000000  time: 0.1095  data: 0.0001  max mem: 2671
      TTA Epoch: [47] [121/122]  eta: 0:00:00  entropy: 0.3373  uncertainty: 1.0000  uncertainty_coeffi: 1.0000  loss: 0.3373  lr: 0.000000  time: 0.1065  data: 0.0001  max mem: 2671
      TTA Epoch: [47] Total time: 0:00:13 (0.1123 s / it)
     Averaged stats: entropy: 0.2574  uncertainty: 1.0000  uncertainty_coeffi: 1.0000  loss: 0.2574  lr: 0.0000
     itm tta time 0:00:13
      TTA Epoch: [48] [  0/122]  eta: 0:01:05  entropy: 0.2216  uncertainty: 1.0000  uncertainty_coeffi: 1.0000  loss: 0.2216  lr: 0.000000  time: 0.5381  data: 0.4063  max mem: 2671
      TTA Epoch: [48] [100/122]  eta: 0:00:02  entropy: 0.1496  uncertainty: 1.0000  uncertainty_coeffi: 1.0000  loss: 0.1496  lr: 0.000000  time: 0.1083  data: 0.0001  max mem: 2671
      TTA Epoch: [48] [121/122]  eta: 0:00:00  entropy: 0.3734  uncertainty: 1.0000  uncertainty_coeffi: 1.0000  loss: 0.3734  lr: 0.000000  time: 0.1085  data: 0.0001  max mem: 2671
      TTA Epoch: [48] Total time: 0:00:13 (0.1125 s / it)
     Averaged stats: entropy: 0.2519  uncertainty: 1.0000  uncertainty_coeffi: 1.0000  loss: 0.2519  lr: 0.0000
     itm tta time 0:00:13
      TTA Epoch: [49] [  0/122]  eta: 0:01:04  entropy: 0.1750  uncertainty: 1.0000  uncertainty_coeffi: 1.0000  loss: 0.1750  lr: 0.000000  time: 0.5266  data: 0.3848  max mem: 2671
      TTA Epoch: [49] [100/122]  eta: 0:00:02  entropy: 0.3871  uncertainty: 1.0000  uncertainty_coeffi: 1.0000  loss: 0.3871  lr: 0.000000  time: 0.1120  data: 0.0001  max mem: 2671
      TTA Epoch: [49] [121/122]  eta: 0:00:00  entropy: 0.3051  uncertainty: 1.0000  uncertainty_coeffi: 1.0000  loss: 0.3051  lr: 0.000000  time: 0.1103  data: 0.0001  max mem: 2671
      TTA Epoch: [49] Total time: 0:00:13 (0.1115 s / it)
     Averaged stats: entropy: 0.2563  uncertainty: 1.0000  uncertainty_coeffi: 1.0000  loss: 0.2563  lr: 0.0000
     itm tta time 0:00:13
     Computing matching score
      Evaluation: [   0/1978]  eta: 0:03:57    time: 0.1203  data: 0.0034  max mem: 2671
      Evaluation: [ 100/1978]  eta: 0:03:35    time: 0.1134  data: 0.0000  max mem: 2671
      Evaluation: [ 200/1978]  eta: 0:03:24    time: 0.1153  data: 0.0000  max mem: 2671
      Evaluation: [ 300/1978]  eta: 0:03:10    time: 0.1142  data: 0.0000  max mem: 2671
      Evaluation: [ 400/1978]  eta: 0:02:59    time: 0.1145  data: 0.0000  max mem: 2671
      Evaluation: [ 500/1978]  eta: 0:02:48    time: 0.1154  data: 0.0000  max mem: 2671
      Evaluation: [ 600/1978]  eta: 0:02:37    time: 0.1156  data: 0.0000  max mem: 2671
      Evaluation: [ 700/1978]  eta: 0:02:25    time: 0.1160  data: 0.0000  max mem: 2671
      Evaluation: [ 800/1978]  eta: 0:02:14    time: 0.1147  data: 0.0000  max mem: 2671
      Evaluation: [ 900/1978]  eta: 0:02:02    time: 0.1139  data: 0.0000  max mem: 2671
      Evaluation: [1000/1978]  eta: 0:01:51    time: 0.1083  data: 0.0000  max mem: 2671
      Evaluation: [1100/1978]  eta: 0:01:39    time: 0.1147  data: 0.0000  max mem: 2671
      Evaluation: [1200/1978]  eta: 0:01:28    time: 0.1108  data: 0.0000  max mem: 2671
      Evaluation: [1300/1978]  eta: 0:01:17    time: 0.1153  data: 0.0000  max mem: 2671
      Evaluation: [1400/1978]  eta: 0:01:05    time: 0.1155  data: 0.0000  max mem: 2671
      Evaluation: [1500/1978]  eta: 0:00:54    time: 0.1149  data: 0.0000  max mem: 2671
      Evaluation: [1600/1978]  eta: 0:00:43    time: 0.1130  data: 0.0000  max mem: 2671
      Evaluation: [1700/1978]  eta: 0:00:31    time: 0.0883  data: 0.0000  max mem: 2671
      Evaluation: [1800/1978]  eta: 0:00:20    time: 0.1155  data: 0.0000  max mem: 2671
      Evaluation: [1900/1978]  eta: 0:00:08    time: 0.1155  data: 0.0000  max mem: 2671
      Evaluation: [1977/1978]  eta: 0:00:00    time: 0.1153  data: 0.0000  max mem: 2671
      Evaluation: Total time: 0:03:43 (0.1130 s / it)
     Computing matching score time 0:03:44
### TTA ITM Score: 
+-------------------+--------+--------+--------+--------+--------+
|       epoch       |   R1   |   R5   |  R10   |  mAP   |  mINP  |
+-------------------+--------+--------+--------+--------+--------+
|  cos_sim_wo/norm  | 58.544 | 91.860 | 95.703 | 73.596 | 73.596 |
|        -999       | 69.414 | 95.197 | 97.776 | 81.233 | 81.233 |
| itm_score_wo/norm | 84.328 | 98.989 | 99.494 | 91.293 | 91.293 |
|        -999       | 84.277 | 99.039 | 99.596 | 91.276 | 91.276 |
|         0         | 84.277 | 99.039 | 99.596 | 91.276 | 91.276 |
|         1         | 84.277 | 99.039 | 99.596 | 91.285 | 91.285 |
|         2         | 84.479 | 99.039 | 99.596 | 91.377 | 91.377 |
|         4         | 84.732 | 99.039 | 99.596 | 91.495 | 91.495 |
|         9         | 84.530 | 98.938 | 99.494 | 91.349 | 91.349 |
|         14        | 84.681 | 98.888 | 99.494 | 91.410 | 91.410 |
|         19        | 84.530 | 98.837 | 99.494 | 91.326 | 91.326 |
|         29        | 84.580 | 98.787 | 99.494 | 91.329 | 91.329 |
|         39        | 84.530 | 98.787 | 99.494 | 91.303 | 91.303 |
|         49        | 84.530 | 98.837 | 99.494 | 91.304 | 91.304 |
+-------------------+--------+--------+--------+--------+--------+
     logs:  {'epo': 49, 'R1': 84.53, 'R5': 98.837, 'R10': 99.494, 'mAP': 91.304, 'mINP': 91.304, 'entropy': 0.25625, 'uncertainty': 1.0, 'uncertainty_coeffi': 1.0, 'loss': 0.25625, 'lr': 0.0}
      TTA Epoch: [50] [  0/122]  eta: 0:00:59  entropy: 0.1996  uncertainty: 1.0000  uncertainty_coeffi: 1.0000  loss: 0.1996  lr: 0.000000  time: 0.4858  data: 0.3380  max mem: 2671
      TTA Epoch: [50] [100/122]  eta: 0:00:02  entropy: 0.3052  uncertainty: 1.0000  uncertainty_coeffi: 1.0000  loss: 0.3052  lr: 0.000000  time: 0.1002  data: 0.0001  max mem: 2671
      TTA Epoch: [50] [121/122]  eta: 0:00:00  entropy: 0.1265  uncertainty: 1.0000  uncertainty_coeffi: 1.0000  loss: 0.1265  lr: 0.000000  time: 0.0994  data: 0.0001  max mem: 2671
      TTA Epoch: [50] Total time: 0:00:13 (0.1072 s / it)
     Averaged stats: entropy: 0.2586  uncertainty: 1.0000  uncertainty_coeffi: 1.0000  loss: 0.2586  lr: 0.0000
     itm tta time 0:00:13
      TTA Epoch: [51] [  0/122]  eta: 0:01:00  entropy: 0.3411  uncertainty: 1.0000  uncertainty_coeffi: 1.0000  loss: 0.3411  lr: 0.000000  time: 0.4965  data: 0.3652  max mem: 2671
      TTA Epoch: [51] [100/122]  eta: 0:00:02  entropy: 0.1678  uncertainty: 1.0000  uncertainty_coeffi: 1.0000  loss: 0.1678  lr: 0.000000  time: 0.1116  data: 0.0001  max mem: 2671
      TTA Epoch: [51] [121/122]  eta: 0:00:00  entropy: 0.2682  uncertainty: 1.0000  uncertainty_coeffi: 1.0000  loss: 0.2682  lr: 0.000000  time: 0.1104  data: 0.0001  max mem: 2671
      TTA Epoch: [51] Total time: 0:00:13 (0.1134 s / it)
     Averaged stats: entropy: 0.2572  uncertainty: 1.0000  uncertainty_coeffi: 1.0000  loss: 0.2572  lr: 0.0000
     itm tta time 0:00:13
      TTA Epoch: [52] [  0/122]  eta: 0:01:01  entropy: 0.1741  uncertainty: 1.0000  uncertainty_coeffi: 1.0000  loss: 0.1741  lr: 0.000000  time: 0.5069  data: 0.3660  max mem: 2671
      TTA Epoch: [52] [100/122]  eta: 0:00:02  entropy: 0.1766  uncertainty: 1.0000  uncertainty_coeffi: 1.0000  loss: 0.1766  lr: 0.000000  time: 0.1110  data: 0.0001  max mem: 2671
      TTA Epoch: [52] [121/122]  eta: 0:00:00  entropy: 0.1511  uncertainty: 1.0000  uncertainty_coeffi: 1.0000  loss: 0.1511  lr: 0.000000  time: 0.1108  data: 0.0001  max mem: 2671
      TTA Epoch: [52] Total time: 0:00:13 (0.1129 s / it)
     Averaged stats: entropy: 0.2504  uncertainty: 1.0000  uncertainty_coeffi: 1.0000  loss: 0.2504  lr: 0.0000
     itm tta time 0:00:13
      TTA Epoch: [53] [  0/122]  eta: 0:01:01  entropy: 0.2996  uncertainty: 1.0000  uncertainty_coeffi: 1.0000  loss: 0.2996  lr: 0.000000  time: 0.5016  data: 0.3552  max mem: 2671
      TTA Epoch: [53] [100/122]  eta: 0:00:02  entropy: 0.1939  uncertainty: 1.0000  uncertainty_coeffi: 1.0000  loss: 0.1939  lr: 0.000000  time: 0.1115  data: 0.0001  max mem: 2671
      TTA Epoch: [53] [121/122]  eta: 0:00:00  entropy: 0.2278  uncertainty: 1.0000  uncertainty_coeffi: 1.0000  loss: 0.2278  lr: 0.000000  time: 0.1100  data: 0.0001  max mem: 2671
      TTA Epoch: [53] Total time: 0:00:13 (0.1104 s / it)
     Averaged stats: entropy: 0.2539  uncertainty: 1.0000  uncertainty_coeffi: 1.0000  loss: 0.2539  lr: 0.0000
     itm tta time 0:00:13
      TTA Epoch: [54] [  0/122]  eta: 0:00:58  entropy: 0.1883  uncertainty: 1.0000  uncertainty_coeffi: 1.0000  loss: 0.1883  lr: 0.000000  time: 0.4820  data: 0.3739  max mem: 2671
      TTA Epoch: [54] [100/122]  eta: 0:00:02  entropy: 0.4464  uncertainty: 1.0000  uncertainty_coeffi: 1.0000  loss: 0.4464  lr: 0.000000  time: 0.1083  data: 0.0001  max mem: 2671
      TTA Epoch: [54] [121/122]  eta: 0:00:00  entropy: 0.1904  uncertainty: 1.0000  uncertainty_coeffi: 1.0000  loss: 0.1904  lr: 0.000000  time: 0.1071  data: 0.0001  max mem: 2671
      TTA Epoch: [54] Total time: 0:00:13 (0.1131 s / it)
     Averaged stats: entropy: 0.2524  uncertainty: 1.0000  uncertainty_coeffi: 1.0000  loss: 0.2524  lr: 0.0000
     itm tta time 0:00:13
      TTA Epoch: [55] [  0/122]  eta: 0:01:00  entropy: 0.2336  uncertainty: 1.0000  uncertainty_coeffi: 1.0000  loss: 0.2336  lr: 0.000000  time: 0.4950  data: 0.3529  max mem: 2671
      TTA Epoch: [55] [100/122]  eta: 0:00:02  entropy: 0.1551  uncertainty: 1.0000  uncertainty_coeffi: 1.0000  loss: 0.1551  lr: 0.000000  time: 0.1122  data: 0.0001  max mem: 2671
      TTA Epoch: [55] [121/122]  eta: 0:00:00  entropy: 0.2355  uncertainty: 1.0000  uncertainty_coeffi: 1.0000  loss: 0.2355  lr: 0.000000  time: 0.1090  data: 0.0001  max mem: 2671
      TTA Epoch: [55] Total time: 0:00:13 (0.1130 s / it)
     Averaged stats: entropy: 0.2532  uncertainty: 1.0000  uncertainty_coeffi: 1.0000  loss: 0.2532  lr: 0.0000
     itm tta time 0:00:13
      TTA Epoch: [56] [  0/122]  eta: 0:01:05  entropy: 0.2467  uncertainty: 1.0000  uncertainty_coeffi: 1.0000  loss: 0.2467  lr: 0.000000  time: 0.5332  data: 0.4047  max mem: 2671
      TTA Epoch: [56] [100/122]  eta: 0:00:02  entropy: 0.1532  uncertainty: 1.0000  uncertainty_coeffi: 1.0000  loss: 0.1532  lr: 0.000000  time: 0.1122  data: 0.0001  max mem: 2671
      TTA Epoch: [56] [121/122]  eta: 0:00:00  entropy: 0.1586  uncertainty: 1.0000  uncertainty_coeffi: 1.0000  loss: 0.1586  lr: 0.000000  time: 0.1106  data: 0.0001  max mem: 2671
      TTA Epoch: [56] Total time: 0:00:13 (0.1139 s / it)
     Averaged stats: entropy: 0.2504  uncertainty: 1.0000  uncertainty_coeffi: 1.0000  loss: 0.2504  lr: 0.0000
     itm tta time 0:00:13
      TTA Epoch: [57] [  0/122]  eta: 0:00:55  entropy: 0.4092  uncertainty: 1.0000  uncertainty_coeffi: 1.0000  loss: 0.4092  lr: 0.000000  time: 0.4529  data: 0.3408  max mem: 2671
      TTA Epoch: [57] [100/122]  eta: 0:00:02  entropy: 0.2989  uncertainty: 1.0000  uncertainty_coeffi: 1.0000  loss: 0.2989  lr: 0.000000  time: 0.1094  data: 0.0001  max mem: 2671
      TTA Epoch: [57] [121/122]  eta: 0:00:00  entropy: 0.4076  uncertainty: 1.0000  uncertainty_coeffi: 1.0000  loss: 0.4076  lr: 0.000000  time: 0.1078  data: 0.0001  max mem: 2671
      TTA Epoch: [57] Total time: 0:00:13 (0.1118 s / it)
     Averaged stats: entropy: 0.2545  uncertainty: 1.0000  uncertainty_coeffi: 1.0000  loss: 0.2545  lr: 0.0000
     itm tta time 0:00:13
      TTA Epoch: [58] [  0/122]  eta: 0:01:06  entropy: 0.1561  uncertainty: 1.0000  uncertainty_coeffi: 1.0000  loss: 0.1561  lr: 0.000000  time: 0.5430  data: 0.3920  max mem: 2671
      TTA Epoch: [58] [100/122]  eta: 0:00:02  entropy: 0.2137  uncertainty: 1.0000  uncertainty_coeffi: 1.0000  loss: 0.2137  lr: 0.000000  time: 0.1117  data: 0.0001  max mem: 2671
      TTA Epoch: [58] [121/122]  eta: 0:00:00  entropy: 0.1182  uncertainty: 1.0000  uncertainty_coeffi: 1.0000  loss: 0.1182  lr: 0.000000  time: 0.1097  data: 0.0001  max mem: 2671
      TTA Epoch: [58] Total time: 0:00:13 (0.1102 s / it)
     Averaged stats: entropy: 0.2565  uncertainty: 1.0000  uncertainty_coeffi: 1.0000  loss: 0.2565  lr: 0.0000
     itm tta time 0:00:13
      TTA Epoch: [59] [  0/122]  eta: 0:00:56  entropy: 0.4137  uncertainty: 1.0000  uncertainty_coeffi: 1.0000  loss: 0.4137  lr: 0.000000  time: 0.4608  data: 0.3743  max mem: 2671
      TTA Epoch: [59] [100/122]  eta: 0:00:02  entropy: 0.1850  uncertainty: 1.0000  uncertainty_coeffi: 1.0000  loss: 0.1850  lr: 0.000000  time: 0.1089  data: 0.0001  max mem: 2671
      TTA Epoch: [59] [121/122]  eta: 0:00:00  entropy: 0.1853  uncertainty: 1.0000  uncertainty_coeffi: 1.0000  loss: 0.1853  lr: 0.000000  time: 0.1089  data: 0.0001  max mem: 2671
      TTA Epoch: [59] Total time: 0:00:13 (0.1130 s / it)
     Averaged stats: entropy: 0.2522  uncertainty: 1.0000  uncertainty_coeffi: 1.0000  loss: 0.2522  lr: 0.0000
     itm tta time 0:00:13
     Computing matching score
      Evaluation: [   0/1978]  eta: 0:04:40    time: 0.1419  data: 0.0028  max mem: 2671
      Evaluation: [ 100/1978]  eta: 0:03:36    time: 0.1133  data: 0.0000  max mem: 2671
      Evaluation: [ 200/1978]  eta: 0:03:21    time: 0.1133  data: 0.0000  max mem: 2671
      Evaluation: [ 300/1978]  eta: 0:03:11    time: 0.1151  data: 0.0000  max mem: 2671
      Evaluation: [ 400/1978]  eta: 0:02:59    time: 0.1128  data: 0.0000  max mem: 2671
      Evaluation: [ 500/1978]  eta: 0:02:48    time: 0.1135  data: 0.0000  max mem: 2671
      Evaluation: [ 600/1978]  eta: 0:02:36    time: 0.1137  data: 0.0000  max mem: 2671
      Evaluation: [ 700/1978]  eta: 0:02:25    time: 0.1126  data: 0.0000  max mem: 2671
      Evaluation: [ 800/1978]  eta: 0:02:13    time: 0.1129  data: 0.0000  max mem: 2671
      Evaluation: [ 900/1978]  eta: 0:02:01    time: 0.1134  data: 0.0000  max mem: 2671
      Evaluation: [1000/1978]  eta: 0:01:50    time: 0.1126  data: 0.0000  max mem: 2671
      Evaluation: [1100/1978]  eta: 0:01:39    time: 0.1107  data: 0.0000  max mem: 2671
      Evaluation: [1200/1978]  eta: 0:01:27    time: 0.1096  data: 0.0000  max mem: 2671
      Evaluation: [1300/1978]  eta: 0:01:16    time: 0.1133  data: 0.0000  max mem: 2671
      Evaluation: [1400/1978]  eta: 0:01:05    time: 0.1142  data: 0.0000  max mem: 2671
      Evaluation: [1500/1978]  eta: 0:00:53    time: 0.1129  data: 0.0000  max mem: 2671
      Evaluation: [1600/1978]  eta: 0:00:42    time: 0.1141  data: 0.0000  max mem: 2671
      Evaluation: [1700/1978]  eta: 0:00:31    time: 0.1142  data: 0.0000  max mem: 2671
      Evaluation: [1800/1978]  eta: 0:00:20    time: 0.1122  data: 0.0000  max mem: 2671
      Evaluation: [1900/1978]  eta: 0:00:08    time: 0.1128  data: 0.0000  max mem: 2671
      Evaluation: [1977/1978]  eta: 0:00:00    time: 0.0963  data: 0.0000  max mem: 2671
      Evaluation: Total time: 0:03:42 (0.1126 s / it)
     Computing matching score time 0:03:42
### TTA ITM Score: 
+-------------------+--------+--------+--------+--------+--------+
|       epoch       |   R1   |   R5   |  R10   |  mAP   |  mINP  |
+-------------------+--------+--------+--------+--------+--------+
|  cos_sim_wo/norm  | 58.544 | 91.860 | 95.703 | 73.596 | 73.596 |
|        -999       | 69.414 | 95.197 | 97.776 | 81.233 | 81.233 |
| itm_score_wo/norm | 84.328 | 98.989 | 99.494 | 91.293 | 91.293 |
|        -999       | 84.277 | 99.039 | 99.596 | 91.276 | 91.276 |
|         0         | 84.277 | 99.039 | 99.596 | 91.276 | 91.276 |
|         1         | 84.277 | 99.039 | 99.596 | 91.285 | 91.285 |
|         2         | 84.479 | 99.039 | 99.596 | 91.377 | 91.377 |
|         4         | 84.732 | 99.039 | 99.596 | 91.495 | 91.495 |
|         9         | 84.530 | 98.938 | 99.494 | 91.349 | 91.349 |
|         14        | 84.681 | 98.888 | 99.494 | 91.410 | 91.410 |
|         19        | 84.530 | 98.837 | 99.494 | 91.326 | 91.326 |
|         29        | 84.580 | 98.787 | 99.494 | 91.329 | 91.329 |
|         39        | 84.530 | 98.787 | 99.494 | 91.303 | 91.303 |
|         49        | 84.530 | 98.837 | 99.494 | 91.304 | 91.304 |
|         59        | 84.530 | 98.837 | 99.494 | 91.295 | 91.295 |
+-------------------+--------+--------+--------+--------+--------+
     logs:  {'epo': 59, 'R1': 84.53, 'R5': 98.837, 'R10': 99.494, 'mAP': 91.295, 'mINP': 91.295, 'entropy': 0.252189, 'uncertainty': 1.0, 'uncertainty_coeffi': 1.0, 'loss': 0.252189, 'lr': 0.0}
### best epoch: 4
### Time 0:54:09
NNODES,  1
NODE_RANK,  0
MASTER_ADDR,  127.0.0.1
MASTER_PORT,  1612
NPROC_PER_NODE,  2
task:  exp1.0.4
config:  configs_rerun3/exp1.0.4.yaml
output_dir:  output_rerun3/exp1.0.4/2025091514490
python3 tta.py --config configs_rerun3/exp1.0.4.yaml --task exp1.0.4 --output_dir output_rerun3/exp1.0.4/2025091514490 --checkpoint checkpoint/cmp.pth --bs 0 --epo 0 --lr 0.0 --seed 42 --tta
