/home/jiahao/miniconda3/envs/cmp/lib/python3.10/site-packages/torch/functional.py:554: UserWarning: torch.meshgrid: in an upcoming release, it will be required to pass the indexing argument. (Triggered internally at /pytorch/aten/src/ATen/native/TensorShape.cpp:4322.)
  return _VF.meshgrid(tensors, **kwargs)  # type: ignore[attr-defined]
Not using distributed mode
### Hyper-parameters:
     seed: 42
     device: cuda
     output_dir: output_rerun3/exp1.0.1/2025092015033
     batch_size_tta: 16
     epochs: 60
     lr: 0.0005
### Creating test dataset
from data/PAB/annotation/test/attr.json loading 1978 data
     test dataset -->    be_pose_img: True
     test_dataset: 1978
### Creating test dataloader
### be careful: func create_loader returns a list length of 1
     test_loader: 90
### Creating model
build_vision_encoder: load swin 224 x 224 ====>
missing_keys:  []
unexpected_keys:  ['head.weight', 'head.bias']
build_text_encoder: load bert ====>
missing_keys: ['bert.encoder.layer.10.crossattention.output.LayerNorm.bias', 'bert.encoder.layer.10.crossattention.output.LayerNorm.weight', 'bert.encoder.layer.10.crossattention.output.dense.bias', 'bert.encoder.layer.10.crossattention.output.dense.weight', 'bert.encoder.layer.10.crossattention.self.key.bias', 'bert.encoder.layer.10.crossattention.self.key.weight', 'bert.encoder.layer.10.crossattention.self.query.bias', 'bert.encoder.layer.10.crossattention.self.query.weight', 'bert.encoder.layer.10.crossattention.self.value.bias', 'bert.encoder.layer.10.crossattention.self.value.weight', 'bert.encoder.layer.11.crossattention.output.LayerNorm.bias', 'bert.encoder.layer.11.crossattention.output.LayerNorm.weight', 'bert.encoder.layer.11.crossattention.output.dense.bias', 'bert.encoder.layer.11.crossattention.output.dense.weight', 'bert.encoder.layer.11.crossattention.self.key.bias', 'bert.encoder.layer.11.crossattention.self.key.weight', 'bert.encoder.layer.11.crossattention.self.query.bias', 'bert.encoder.layer.11.crossattention.self.query.weight', 'bert.encoder.layer.11.crossattention.self.value.bias', 'bert.encoder.layer.11.crossattention.self.value.weight', 'bert.encoder.layer.6.crossattention.output.LayerNorm.bias', 'bert.encoder.layer.6.crossattention.output.LayerNorm.weight', 'bert.encoder.layer.6.crossattention.output.dense.bias', 'bert.encoder.layer.6.crossattention.output.dense.weight', 'bert.encoder.layer.6.crossattention.self.key.bias', 'bert.encoder.layer.6.crossattention.self.key.weight', 'bert.encoder.layer.6.crossattention.self.query.bias', 'bert.encoder.layer.6.crossattention.self.query.weight', 'bert.encoder.layer.6.crossattention.self.value.bias', 'bert.encoder.layer.6.crossattention.self.value.weight', 'bert.encoder.layer.7.crossattention.output.LayerNorm.bias', 'bert.encoder.layer.7.crossattention.output.LayerNorm.weight', 'bert.encoder.layer.7.crossattention.output.dense.bias', 'bert.encoder.layer.7.crossattention.output.dense.weight', 'bert.encoder.layer.7.crossattention.self.key.bias', 'bert.encoder.layer.7.crossattention.self.key.weight', 'bert.encoder.layer.7.crossattention.self.query.bias', 'bert.encoder.layer.7.crossattention.self.query.weight', 'bert.encoder.layer.7.crossattention.self.value.bias', 'bert.encoder.layer.7.crossattention.self.value.weight', 'bert.encoder.layer.8.crossattention.output.LayerNorm.bias', 'bert.encoder.layer.8.crossattention.output.LayerNorm.weight', 'bert.encoder.layer.8.crossattention.output.dense.bias', 'bert.encoder.layer.8.crossattention.output.dense.weight', 'bert.encoder.layer.8.crossattention.self.key.bias', 'bert.encoder.layer.8.crossattention.self.key.weight', 'bert.encoder.layer.8.crossattention.self.query.bias', 'bert.encoder.layer.8.crossattention.self.query.weight', 'bert.encoder.layer.8.crossattention.self.value.bias', 'bert.encoder.layer.8.crossattention.self.value.weight', 'bert.encoder.layer.9.crossattention.output.LayerNorm.bias', 'bert.encoder.layer.9.crossattention.output.LayerNorm.weight', 'bert.encoder.layer.9.crossattention.output.dense.bias', 'bert.encoder.layer.9.crossattention.output.dense.weight', 'bert.encoder.layer.9.crossattention.self.key.bias', 'bert.encoder.layer.9.crossattention.self.key.weight', 'bert.encoder.layer.9.crossattention.self.query.bias', 'bert.encoder.layer.9.crossattention.self.query.weight', 'bert.encoder.layer.9.crossattention.self.value.bias', 'bert.encoder.layer.9.crossattention.self.value.weight']
unexpected_keys: ['cls.seq_relationship.bias', 'cls.seq_relationship.weight']
mismatched_keys: []
error_msgs: []
Label Smooth: 0.2
pose_conv
load checkpoint from checkpoint/cmp.pth
missing_keys:  ['uncertainty_temper', 'prompt_learning_embedding']
unexpected_keys:  []
     Total Params Sum:  254264985
### Inference ITC similiarity matrix
### Zero-Shot Score: 
+-------------------+--------+--------+--------+--------+--------+
|       epoch       |   R1   |   R5   |  R10   |  mAP   |  mINP  |
+-------------------+--------+--------+--------+--------+--------+
|  cos_sim_wo/norm  | 58.544 | 91.860 | 95.703 | 73.596 | 73.596 |
|        -999       | 69.414 | 95.197 | 97.776 | 81.233 | 81.233 |
| itm_score_wo/norm | 84.328 | 98.989 | 99.494 | 91.293 | 91.293 |
|        -999       | 84.277 | 99.039 | 99.596 | 91.276 | 91.276 |
+-------------------+--------+--------+--------+--------+--------+
### TTA:
     preprocess_tta_coefficients  start
     sample selection ...
     number of sample after sample_selection: 1958
     uncertainty ...
     preprocess_tta_coefficients  end
### Creating tta dataset
     tta_dataset: 1958
### Creating tta dataloader
### be careful: func create_loader returns a list length of 1
     tta_loader: 122
### Configure adapted weights
     TTA Dropout Modules: 
 [('vision_encoder.pos_drop', Dropout(p=0, inplace=False), True), ('vision_encoder.layers.0.blocks.0.attn.attn_drop', Dropout(p=0.0, inplace=False), True), ('vision_encoder.layers.0.blocks.0.attn.proj_drop', Dropout(p=0, inplace=False), True), ('vision_encoder.layers.0.blocks.0.mlp.drop', Dropout(p=0, inplace=False), True), ('vision_encoder.layers.0.blocks.1.attn.attn_drop', Dropout(p=0.0, inplace=False), True), ('vision_encoder.layers.0.blocks.1.attn.proj_drop', Dropout(p=0, inplace=False), True), ('vision_encoder.layers.0.blocks.1.mlp.drop', Dropout(p=0, inplace=False), True), ('vision_encoder.layers.1.blocks.0.attn.attn_drop', Dropout(p=0.0, inplace=False), True), ('vision_encoder.layers.1.blocks.0.attn.proj_drop', Dropout(p=0, inplace=False), True), ('vision_encoder.layers.1.blocks.0.mlp.drop', Dropout(p=0, inplace=False), True), ('vision_encoder.layers.1.blocks.1.attn.attn_drop', Dropout(p=0.0, inplace=False), True), ('vision_encoder.layers.1.blocks.1.attn.proj_drop', Dropout(p=0, inplace=False), True), ('vision_encoder.layers.1.blocks.1.mlp.drop', Dropout(p=0, inplace=False), True), ('vision_encoder.layers.2.blocks.0.attn.attn_drop', Dropout(p=0.0, inplace=False), True), ('vision_encoder.layers.2.blocks.0.attn.proj_drop', Dropout(p=0, inplace=False), True), ('vision_encoder.layers.2.blocks.0.mlp.drop', Dropout(p=0, inplace=False), True), ('vision_encoder.layers.2.blocks.1.attn.attn_drop', Dropout(p=0.0, inplace=False), True), ('vision_encoder.layers.2.blocks.1.attn.proj_drop', Dropout(p=0, inplace=False), True), ('vision_encoder.layers.2.blocks.1.mlp.drop', Dropout(p=0, inplace=False), True), ('vision_encoder.layers.2.blocks.2.attn.attn_drop', Dropout(p=0.0, inplace=False), True), ('vision_encoder.layers.2.blocks.2.attn.proj_drop', Dropout(p=0, inplace=False), True), ('vision_encoder.layers.2.blocks.2.mlp.drop', Dropout(p=0, inplace=False), True), ('vision_encoder.layers.2.blocks.3.attn.attn_drop', Dropout(p=0.0, inplace=False), True), ('vision_encoder.layers.2.blocks.3.attn.proj_drop', Dropout(p=0, inplace=False), True), ('vision_encoder.layers.2.blocks.3.mlp.drop', Dropout(p=0, inplace=False), True), ('vision_encoder.layers.2.blocks.4.attn.attn_drop', Dropout(p=0.0, inplace=False), True), ('vision_encoder.layers.2.blocks.4.attn.proj_drop', Dropout(p=0, inplace=False), True), ('vision_encoder.layers.2.blocks.4.mlp.drop', Dropout(p=0, inplace=False), True), ('vision_encoder.layers.2.blocks.5.attn.attn_drop', Dropout(p=0.0, inplace=False), True), ('vision_encoder.layers.2.blocks.5.attn.proj_drop', Dropout(p=0, inplace=False), True), ('vision_encoder.layers.2.blocks.5.mlp.drop', Dropout(p=0, inplace=False), True), ('vision_encoder.layers.2.blocks.6.attn.attn_drop', Dropout(p=0.0, inplace=False), True), ('vision_encoder.layers.2.blocks.6.attn.proj_drop', Dropout(p=0, inplace=False), True), ('vision_encoder.layers.2.blocks.6.mlp.drop', Dropout(p=0, inplace=False), True), ('vision_encoder.layers.2.blocks.7.attn.attn_drop', Dropout(p=0.0, inplace=False), True), ('vision_encoder.layers.2.blocks.7.attn.proj_drop', Dropout(p=0, inplace=False), True), ('vision_encoder.layers.2.blocks.7.mlp.drop', Dropout(p=0, inplace=False), True), ('vision_encoder.layers.2.blocks.8.attn.attn_drop', Dropout(p=0.0, inplace=False), True), ('vision_encoder.layers.2.blocks.8.attn.proj_drop', Dropout(p=0, inplace=False), True), ('vision_encoder.layers.2.blocks.8.mlp.drop', Dropout(p=0, inplace=False), True), ('vision_encoder.layers.2.blocks.9.attn.attn_drop', Dropout(p=0.0, inplace=False), True), ('vision_encoder.layers.2.blocks.9.attn.proj_drop', Dropout(p=0, inplace=False), True), ('vision_encoder.layers.2.blocks.9.mlp.drop', Dropout(p=0, inplace=False), True), ('vision_encoder.layers.2.blocks.10.attn.attn_drop', Dropout(p=0.0, inplace=False), True), ('vision_encoder.layers.2.blocks.10.attn.proj_drop', Dropout(p=0, inplace=False), True), ('vision_encoder.layers.2.blocks.10.mlp.drop', Dropout(p=0, inplace=False), True), ('vision_encoder.layers.2.blocks.11.attn.attn_drop', Dropout(p=0.0, inplace=False), True), ('vision_encoder.layers.2.blocks.11.attn.proj_drop', Dropout(p=0, inplace=False), True), ('vision_encoder.layers.2.blocks.11.mlp.drop', Dropout(p=0, inplace=False), True), ('vision_encoder.layers.2.blocks.12.attn.attn_drop', Dropout(p=0.0, inplace=False), True), ('vision_encoder.layers.2.blocks.12.attn.proj_drop', Dropout(p=0, inplace=False), True), ('vision_encoder.layers.2.blocks.12.mlp.drop', Dropout(p=0, inplace=False), True), ('vision_encoder.layers.2.blocks.13.attn.attn_drop', Dropout(p=0.0, inplace=False), True), ('vision_encoder.layers.2.blocks.13.attn.proj_drop', Dropout(p=0, inplace=False), True), ('vision_encoder.layers.2.blocks.13.mlp.drop', Dropout(p=0, inplace=False), True), ('vision_encoder.layers.2.blocks.14.attn.attn_drop', Dropout(p=0.0, inplace=False), True), ('vision_encoder.layers.2.blocks.14.attn.proj_drop', Dropout(p=0, inplace=False), True), ('vision_encoder.layers.2.blocks.14.mlp.drop', Dropout(p=0, inplace=False), True), ('vision_encoder.layers.2.blocks.15.attn.attn_drop', Dropout(p=0.0, inplace=False), True), ('vision_encoder.layers.2.blocks.15.attn.proj_drop', Dropout(p=0, inplace=False), True), ('vision_encoder.layers.2.blocks.15.mlp.drop', Dropout(p=0, inplace=False), True), ('vision_encoder.layers.2.blocks.16.attn.attn_drop', Dropout(p=0.0, inplace=False), True), ('vision_encoder.layers.2.blocks.16.attn.proj_drop', Dropout(p=0, inplace=False), True), ('vision_encoder.layers.2.blocks.16.mlp.drop', Dropout(p=0, inplace=False), True), ('vision_encoder.layers.2.blocks.17.attn.attn_drop', Dropout(p=0.0, inplace=False), True), ('vision_encoder.layers.2.blocks.17.attn.proj_drop', Dropout(p=0, inplace=False), True), ('vision_encoder.layers.2.blocks.17.mlp.drop', Dropout(p=0, inplace=False), True), ('vision_encoder.layers.3.blocks.0.attn.attn_drop', Dropout(p=0.0, inplace=False), True), ('vision_encoder.layers.3.blocks.0.attn.proj_drop', Dropout(p=0, inplace=False), True), ('vision_encoder.layers.3.blocks.0.mlp.drop', Dropout(p=0, inplace=False), True), ('vision_encoder.layers.3.blocks.1.attn.attn_drop', Dropout(p=0.0, inplace=False), True), ('vision_encoder.layers.3.blocks.1.attn.proj_drop', Dropout(p=0, inplace=False), True), ('vision_encoder.layers.3.blocks.1.mlp.drop', Dropout(p=0, inplace=False), True), ('text_encoder.bert.embeddings.dropout', Dropout(p=0.1, inplace=False), True), ('text_encoder.bert.encoder.layer.0.attention.self.dropout', Dropout(p=0.1, inplace=False), True), ('text_encoder.bert.encoder.layer.0.attention.output.dropout', Dropout(p=0.1, inplace=False), True), ('text_encoder.bert.encoder.layer.0.output.dropout', Dropout(p=0.1, inplace=False), True), ('text_encoder.bert.encoder.layer.1.attention.self.dropout', Dropout(p=0.1, inplace=False), True), ('text_encoder.bert.encoder.layer.1.attention.output.dropout', Dropout(p=0.1, inplace=False), True), ('text_encoder.bert.encoder.layer.1.output.dropout', Dropout(p=0.1, inplace=False), True), ('text_encoder.bert.encoder.layer.2.attention.self.dropout', Dropout(p=0.1, inplace=False), True), ('text_encoder.bert.encoder.layer.2.attention.output.dropout', Dropout(p=0.1, inplace=False), True), ('text_encoder.bert.encoder.layer.2.output.dropout', Dropout(p=0.1, inplace=False), True), ('text_encoder.bert.encoder.layer.3.attention.self.dropout', Dropout(p=0.1, inplace=False), True), ('text_encoder.bert.encoder.layer.3.attention.output.dropout', Dropout(p=0.1, inplace=False), True), ('text_encoder.bert.encoder.layer.3.output.dropout', Dropout(p=0.1, inplace=False), True), ('text_encoder.bert.encoder.layer.4.attention.self.dropout', Dropout(p=0.1, inplace=False), True), ('text_encoder.bert.encoder.layer.4.attention.output.dropout', Dropout(p=0.1, inplace=False), True), ('text_encoder.bert.encoder.layer.4.output.dropout', Dropout(p=0.1, inplace=False), True), ('text_encoder.bert.encoder.layer.5.attention.self.dropout', Dropout(p=0.1, inplace=False), True), ('text_encoder.bert.encoder.layer.5.attention.output.dropout', Dropout(p=0.1, inplace=False), True), ('text_encoder.bert.encoder.layer.5.output.dropout', Dropout(p=0.1, inplace=False), True), ('text_encoder.bert.encoder.layer.6.attention.self.dropout', Dropout(p=0.1, inplace=False), True), ('text_encoder.bert.encoder.layer.6.attention.output.dropout', Dropout(p=0.1, inplace=False), True), ('text_encoder.bert.encoder.layer.6.crossattention.self.dropout', Dropout(p=0.1, inplace=False), True), ('text_encoder.bert.encoder.layer.6.crossattention.output.dropout', Dropout(p=0.1, inplace=False), True), ('text_encoder.bert.encoder.layer.6.output.dropout', Dropout(p=0.1, inplace=False), True), ('text_encoder.bert.encoder.layer.7.attention.self.dropout', Dropout(p=0.1, inplace=False), True), ('text_encoder.bert.encoder.layer.7.attention.output.dropout', Dropout(p=0.1, inplace=False), True), ('text_encoder.bert.encoder.layer.7.crossattention.self.dropout', Dropout(p=0.1, inplace=False), True), ('text_encoder.bert.encoder.layer.7.crossattention.output.dropout', Dropout(p=0.1, inplace=False), True), ('text_encoder.bert.encoder.layer.7.output.dropout', Dropout(p=0.1, inplace=False), True), ('text_encoder.bert.encoder.layer.8.attention.self.dropout', Dropout(p=0.1, inplace=False), True), ('text_encoder.bert.encoder.layer.8.attention.output.dropout', Dropout(p=0.1, inplace=False), True), ('text_encoder.bert.encoder.layer.8.crossattention.self.dropout', Dropout(p=0.1, inplace=False), True), ('text_encoder.bert.encoder.layer.8.crossattention.output.dropout', Dropout(p=0.1, inplace=False), True), ('text_encoder.bert.encoder.layer.8.output.dropout', Dropout(p=0.1, inplace=False), True), ('text_encoder.bert.encoder.layer.9.attention.self.dropout', Dropout(p=0.1, inplace=False), True), ('text_encoder.bert.encoder.layer.9.attention.output.dropout', Dropout(p=0.1, inplace=False), True), ('text_encoder.bert.encoder.layer.9.crossattention.self.dropout', Dropout(p=0.1, inplace=False), True), ('text_encoder.bert.encoder.layer.9.crossattention.output.dropout', Dropout(p=0.1, inplace=False), True), ('text_encoder.bert.encoder.layer.9.output.dropout', Dropout(p=0.1, inplace=False), True), ('text_encoder.bert.encoder.layer.10.attention.self.dropout', Dropout(p=0.1, inplace=False), True), ('text_encoder.bert.encoder.layer.10.attention.output.dropout', Dropout(p=0.1, inplace=False), True), ('text_encoder.bert.encoder.layer.10.crossattention.self.dropout', Dropout(p=0.1, inplace=False), True), ('text_encoder.bert.encoder.layer.10.crossattention.output.dropout', Dropout(p=0.1, inplace=False), True), ('text_encoder.bert.encoder.layer.10.output.dropout', Dropout(p=0.1, inplace=False), True), ('text_encoder.bert.encoder.layer.11.attention.self.dropout', Dropout(p=0.1, inplace=False), True), ('text_encoder.bert.encoder.layer.11.attention.output.dropout', Dropout(p=0.1, inplace=False), True), ('text_encoder.bert.encoder.layer.11.crossattention.self.dropout', Dropout(p=0.1, inplace=False), True), ('text_encoder.bert.encoder.layer.11.crossattention.output.dropout', Dropout(p=0.1, inplace=False), True), ('text_encoder.bert.encoder.layer.11.output.dropout', Dropout(p=0.1, inplace=False), True), ('vision_proj.1', Dropout(p=0.5, inplace=False), True), ('text_proj.1', Dropout(p=0.5, inplace=False), True), ('pose_block.attn.attn_drop', Dropout(p=0.0, inplace=False), True), ('pose_block.attn.proj_drop', Dropout(p=0.0, inplace=False), True)]
     TTA Require Gradient Params: 
 [('text_encoder.bert.embeddings.LayerNorm.weight', torch.Size([768])), ('text_encoder.bert.embeddings.LayerNorm.bias', torch.Size([768])), ('text_encoder.bert.encoder.layer.6.attention.output.LayerNorm.weight', torch.Size([768])), ('text_encoder.bert.encoder.layer.6.attention.output.LayerNorm.bias', torch.Size([768])), ('text_encoder.bert.encoder.layer.6.crossattention.output.LayerNorm.weight', torch.Size([768])), ('text_encoder.bert.encoder.layer.6.crossattention.output.LayerNorm.bias', torch.Size([768])), ('text_encoder.bert.encoder.layer.6.output.LayerNorm.weight', torch.Size([768])), ('text_encoder.bert.encoder.layer.6.output.LayerNorm.bias', torch.Size([768])), ('text_encoder.bert.encoder.layer.7.attention.output.LayerNorm.weight', torch.Size([768])), ('text_encoder.bert.encoder.layer.7.attention.output.LayerNorm.bias', torch.Size([768])), ('text_encoder.bert.encoder.layer.7.crossattention.output.LayerNorm.weight', torch.Size([768])), ('text_encoder.bert.encoder.layer.7.crossattention.output.LayerNorm.bias', torch.Size([768])), ('text_encoder.bert.encoder.layer.7.output.LayerNorm.weight', torch.Size([768])), ('text_encoder.bert.encoder.layer.7.output.LayerNorm.bias', torch.Size([768])), ('text_encoder.bert.encoder.layer.8.attention.output.LayerNorm.weight', torch.Size([768])), ('text_encoder.bert.encoder.layer.8.attention.output.LayerNorm.bias', torch.Size([768])), ('text_encoder.bert.encoder.layer.8.crossattention.output.LayerNorm.weight', torch.Size([768])), ('text_encoder.bert.encoder.layer.8.crossattention.output.LayerNorm.bias', torch.Size([768])), ('text_encoder.bert.encoder.layer.8.output.LayerNorm.weight', torch.Size([768])), ('text_encoder.bert.encoder.layer.8.output.LayerNorm.bias', torch.Size([768])), ('text_encoder.bert.encoder.layer.9.attention.output.LayerNorm.weight', torch.Size([768])), ('text_encoder.bert.encoder.layer.9.attention.output.LayerNorm.bias', torch.Size([768])), ('text_encoder.bert.encoder.layer.9.crossattention.output.LayerNorm.weight', torch.Size([768])), ('text_encoder.bert.encoder.layer.9.crossattention.output.LayerNorm.bias', torch.Size([768])), ('text_encoder.bert.encoder.layer.9.output.LayerNorm.weight', torch.Size([768])), ('text_encoder.bert.encoder.layer.9.output.LayerNorm.bias', torch.Size([768])), ('text_encoder.bert.encoder.layer.10.attention.output.LayerNorm.weight', torch.Size([768])), ('text_encoder.bert.encoder.layer.10.attention.output.LayerNorm.bias', torch.Size([768])), ('text_encoder.bert.encoder.layer.10.crossattention.output.LayerNorm.weight', torch.Size([768])), ('text_encoder.bert.encoder.layer.10.crossattention.output.LayerNorm.bias', torch.Size([768])), ('text_encoder.bert.encoder.layer.10.output.LayerNorm.weight', torch.Size([768])), ('text_encoder.bert.encoder.layer.10.output.LayerNorm.bias', torch.Size([768])), ('text_encoder.bert.encoder.layer.11.attention.output.LayerNorm.weight', torch.Size([768])), ('text_encoder.bert.encoder.layer.11.attention.output.LayerNorm.bias', torch.Size([768])), ('text_encoder.bert.encoder.layer.11.crossattention.output.LayerNorm.weight', torch.Size([768])), ('text_encoder.bert.encoder.layer.11.crossattention.output.LayerNorm.bias', torch.Size([768])), ('text_encoder.bert.encoder.layer.11.output.LayerNorm.weight', torch.Size([768])), ('text_encoder.bert.encoder.layer.11.output.LayerNorm.bias', torch.Size([768])), ('text_encoder.cls.predictions.transform.LayerNorm.weight', torch.Size([768])), ('text_encoder.cls.predictions.transform.LayerNorm.bias', torch.Size([768])), ('itm_head.1.weight', torch.Size([1536])), ('itm_head.1.bias', torch.Size([1536]))]
     TTA Dropout Modules Number: 
 126
     TTA Require Gradient Params Sum: 
 33792
     lr:  0.0005    lr_mult:  2
     model has 'init_params',  386
     num_tta_steps:  7380
     num_warmup_steps:  500
     sched: step
/home/jiahao/task/CMP/tta.py:246: FutureWarning: `torch.cuda.amp.GradScaler(args...)` is deprecated. Please use `torch.amp.GradScaler('cuda', args...)` instead.
  scaler = GradScaler()  # bf16
### Start ITM Test Time Adaptation
      TTA Epoch: [0] [  0/122]  eta: 0:02:42  entropy: 0.4613  uncertainty: 1.0000  uncertainty_coeffi: 1.0000  loss: 0.4613  lr: 0.000001  time: 1.3360  data: 0.6153  max mem: 2639
      TTA Epoch: [0] [100/122]  eta: 0:00:01  entropy: 0.4255  uncertainty: 1.0000  uncertainty_coeffi: 1.0000  loss: 0.4255  lr: 0.000101  time: 0.0607  data: 0.0001  max mem: 2671
      TTA Epoch: [0] [121/122]  eta: 0:00:00  entropy: 0.3104  uncertainty: 1.0000  uncertainty_coeffi: 1.0000  loss: 0.3104  lr: 0.000122  time: 0.0599  data: 0.0001  max mem: 2671
      TTA Epoch: [0] Total time: 0:00:08 (0.0724 s / it)
     Averaged stats: entropy: 0.3716  uncertainty: 1.0000  uncertainty_coeffi: 1.0000  loss: 0.3716  lr: 0.0001
     itm tta time 0:00:08
     Computing matching score
      Evaluation: [   0/1978]  eta: 0:04:29    time: 0.1360  data: 0.0034  max mem: 2671
      Evaluation: [ 100/1978]  eta: 0:02:21    time: 0.0739  data: 0.0000  max mem: 2671
      Evaluation: [ 200/1978]  eta: 0:02:12    time: 0.0734  data: 0.0000  max mem: 2671
      Evaluation: [ 300/1978]  eta: 0:02:04    time: 0.0739  data: 0.0000  max mem: 2671
      Evaluation: [ 400/1978]  eta: 0:01:56    time: 0.0726  data: 0.0000  max mem: 2671
      Evaluation: [ 500/1978]  eta: 0:01:48    time: 0.0718  data: 0.0000  max mem: 2671
      Evaluation: [ 600/1978]  eta: 0:01:40    time: 0.0717  data: 0.0000  max mem: 2671
      Evaluation: [ 700/1978]  eta: 0:01:33    time: 0.0720  data: 0.0000  max mem: 2671
      Evaluation: [ 800/1978]  eta: 0:01:25    time: 0.0719  data: 0.0000  max mem: 2671
      Evaluation: [ 900/1978]  eta: 0:01:18    time: 0.0721  data: 0.0000  max mem: 2671
      Evaluation: [1000/1978]  eta: 0:01:11    time: 0.0725  data: 0.0000  max mem: 2671
      Evaluation: [1100/1978]  eta: 0:01:04    time: 0.0744  data: 0.0000  max mem: 2671
      Evaluation: [1200/1978]  eta: 0:00:56    time: 0.0742  data: 0.0000  max mem: 2671
      Evaluation: [1300/1978]  eta: 0:00:49    time: 0.0730  data: 0.0000  max mem: 2671
      Evaluation: [1400/1978]  eta: 0:00:42    time: 0.0725  data: 0.0000  max mem: 2671
      Evaluation: [1500/1978]  eta: 0:00:34    time: 0.0732  data: 0.0000  max mem: 2671
      Evaluation: [1600/1978]  eta: 0:00:27    time: 0.0742  data: 0.0000  max mem: 2671
      Evaluation: [1700/1978]  eta: 0:00:20    time: 0.0732  data: 0.0000  max mem: 2671
      Evaluation: [1800/1978]  eta: 0:00:12    time: 0.0725  data: 0.0000  max mem: 2671
      Evaluation: [1900/1978]  eta: 0:00:05    time: 0.0725  data: 0.0000  max mem: 2671
      Evaluation: [1977/1978]  eta: 0:00:00    time: 0.0722  data: 0.0000  max mem: 2671
      Evaluation: Total time: 0:02:24 (0.0729 s / it)
     Computing matching score time 0:02:24
### TTA ITM Score: 
+-------------------+--------+--------+--------+--------+--------+
|       epoch       |   R1   |   R5   |  R10   |  mAP   |  mINP  |
+-------------------+--------+--------+--------+--------+--------+
|  cos_sim_wo/norm  | 58.544 | 91.860 | 95.703 | 73.596 | 73.596 |
|        -999       | 69.414 | 95.197 | 97.776 | 81.233 | 81.233 |
| itm_score_wo/norm | 84.328 | 98.989 | 99.494 | 91.293 | 91.293 |
|        -999       | 84.277 | 99.039 | 99.596 | 91.276 | 91.276 |
|         0         | 84.732 | 98.938 | 99.545 | 91.466 | 91.466 |
+-------------------+--------+--------+--------+--------+--------+
     logs:  {'epo': 0, 'R1': np.float32(84.732), 'R5': np.float32(98.938), 'R10': np.float32(99.545), 'mAP': np.float32(91.466), 'mINP': np.float32(91.466), 'entropy': 0.371611, 'uncertainty': 1.0, 'uncertainty_coeffi': 1.0, 'loss': 0.371611, 'lr': 6.2e-05}
      TTA Epoch: [1] [  0/122]  eta: 0:00:53  entropy: 0.2617  uncertainty: 1.0000  uncertainty_coeffi: 1.0000  loss: 0.2617  lr: 0.000123  time: 0.4375  data: 0.3646  max mem: 2671
      TTA Epoch: [1] [100/122]  eta: 0:00:01  entropy: 0.3957  uncertainty: 1.0000  uncertainty_coeffi: 1.0000  loss: 0.3957  lr: 0.000223  time: 0.0623  data: 0.0001  max mem: 2671
      TTA Epoch: [1] [121/122]  eta: 0:00:00  entropy: 0.1836  uncertainty: 1.0000  uncertainty_coeffi: 1.0000  loss: 0.1836  lr: 0.000244  time: 0.0617  data: 0.0001  max mem: 2671
      TTA Epoch: [1] Total time: 0:00:07 (0.0650 s / it)
     Averaged stats: entropy: 0.2807  uncertainty: 1.0000  uncertainty_coeffi: 1.0000  loss: 0.2807  lr: 0.0002
     itm tta time 0:00:08
     Computing matching score
      Evaluation: [   0/1978]  eta: 0:02:32    time: 0.0770  data: 0.0035  max mem: 2671
      Evaluation: [ 100/1978]  eta: 0:02:16    time: 0.0723  data: 0.0000  max mem: 2671
      Evaluation: [ 200/1978]  eta: 0:02:09    time: 0.0728  data: 0.0000  max mem: 2671
      Evaluation: [ 300/1978]  eta: 0:02:02    time: 0.0731  data: 0.0000  max mem: 2671
      Evaluation: [ 400/1978]  eta: 0:01:55    time: 0.0725  data: 0.0000  max mem: 2671
      Evaluation: [ 500/1978]  eta: 0:01:47    time: 0.0735  data: 0.0000  max mem: 2671
      Evaluation: [ 600/1978]  eta: 0:01:40    time: 0.0731  data: 0.0000  max mem: 2671
      Evaluation: [ 700/1978]  eta: 0:01:33    time: 0.0722  data: 0.0000  max mem: 2671
      Evaluation: [ 800/1978]  eta: 0:01:25    time: 0.0721  data: 0.0000  max mem: 2671
      Evaluation: [ 900/1978]  eta: 0:01:18    time: 0.0723  data: 0.0000  max mem: 2671
      Evaluation: [1000/1978]  eta: 0:01:11    time: 0.0726  data: 0.0000  max mem: 2671
      Evaluation: [1100/1978]  eta: 0:01:03    time: 0.0721  data: 0.0000  max mem: 2671
      Evaluation: [1200/1978]  eta: 0:00:56    time: 0.0720  data: 0.0000  max mem: 2671
      Evaluation: [1300/1978]  eta: 0:00:49    time: 0.0718  data: 0.0000  max mem: 2671
      Evaluation: [1400/1978]  eta: 0:00:41    time: 0.0723  data: 0.0000  max mem: 2671
      Evaluation: [1500/1978]  eta: 0:00:34    time: 0.0725  data: 0.0000  max mem: 2671
      Evaluation: [1600/1978]  eta: 0:00:27    time: 0.0722  data: 0.0000  max mem: 2671
      Evaluation: [1700/1978]  eta: 0:00:20    time: 0.0725  data: 0.0000  max mem: 2671
      Evaluation: [1800/1978]  eta: 0:00:12    time: 0.0729  data: 0.0000  max mem: 2671
      Evaluation: [1900/1978]  eta: 0:00:05    time: 0.0727  data: 0.0000  max mem: 2671
      Evaluation: [1977/1978]  eta: 0:00:00    time: 0.0730  data: 0.0000  max mem: 2671
      Evaluation: Total time: 0:02:23 (0.0726 s / it)
     Computing matching score time 0:02:23
### TTA ITM Score: 
+-------------------+--------+--------+--------+--------+--------+
|       epoch       |   R1   |   R5   |  R10   |  mAP   |  mINP  |
+-------------------+--------+--------+--------+--------+--------+
|  cos_sim_wo/norm  | 58.544 | 91.860 | 95.703 | 73.596 | 73.596 |
|        -999       | 69.414 | 95.197 | 97.776 | 81.233 | 81.233 |
| itm_score_wo/norm | 84.328 | 98.989 | 99.494 | 91.293 | 91.293 |
|        -999       | 84.277 | 99.039 | 99.596 | 91.276 | 91.276 |
|         0         | 84.732 | 98.938 | 99.545 | 91.466 | 91.466 |
|         1         | 84.681 | 98.837 | 99.444 | 91.368 | 91.368 |
+-------------------+--------+--------+--------+--------+--------+
     logs:  {'epo': 1, 'R1': np.float32(84.681), 'R5': np.float32(98.837), 'R10': np.float32(99.444), 'mAP': np.float32(91.368), 'mINP': np.float32(91.368), 'entropy': 0.280697, 'uncertainty': 1.0, 'uncertainty_coeffi': 1.0, 'loss': 0.280697, 'lr': 0.000184}
      TTA Epoch: [2] [  0/122]  eta: 0:00:58  entropy: 0.2371  uncertainty: 1.0000  uncertainty_coeffi: 1.0000  loss: 0.2371  lr: 0.000245  time: 0.4790  data: 0.3933  max mem: 2671
      TTA Epoch: [2] [100/122]  eta: 0:00:01  entropy: 0.1425  uncertainty: 1.0000  uncertainty_coeffi: 1.0000  loss: 0.1425  lr: 0.000345  time: 0.0625  data: 0.0001  max mem: 2671
      TTA Epoch: [2] [121/122]  eta: 0:00:00  entropy: 0.2704  uncertainty: 1.0000  uncertainty_coeffi: 1.0000  loss: 0.2704  lr: 0.000366  time: 0.0614  data: 0.0001  max mem: 2671
      TTA Epoch: [2] Total time: 0:00:07 (0.0653 s / it)
     Averaged stats: entropy: 0.2035  uncertainty: 1.0000  uncertainty_coeffi: 1.0000  loss: 0.2035  lr: 0.0003
     itm tta time 0:00:08
     Computing matching score
      Evaluation: [   0/1978]  eta: 0:02:46    time: 0.0843  data: 0.0038  max mem: 2671
      Evaluation: [ 100/1978]  eta: 0:02:19    time: 0.0736  data: 0.0000  max mem: 2671
      Evaluation: [ 200/1978]  eta: 0:02:11    time: 0.0733  data: 0.0000  max mem: 2671
      Evaluation: [ 300/1978]  eta: 0:02:03    time: 0.0729  data: 0.0000  max mem: 2671
      Evaluation: [ 400/1978]  eta: 0:01:55    time: 0.0731  data: 0.0000  max mem: 2671
      Evaluation: [ 500/1978]  eta: 0:01:48    time: 0.0730  data: 0.0000  max mem: 2671
      Evaluation: [ 600/1978]  eta: 0:01:40    time: 0.0732  data: 0.0000  max mem: 2671
      Evaluation: [ 700/1978]  eta: 0:01:33    time: 0.0732  data: 0.0000  max mem: 2671
      Evaluation: [ 800/1978]  eta: 0:01:26    time: 0.0733  data: 0.0000  max mem: 2671
      Evaluation: [ 900/1978]  eta: 0:01:18    time: 0.0728  data: 0.0000  max mem: 2671
      Evaluation: [1000/1978]  eta: 0:01:11    time: 0.0731  data: 0.0000  max mem: 2671
      Evaluation: [1100/1978]  eta: 0:01:04    time: 0.0730  data: 0.0000  max mem: 2671
      Evaluation: [1200/1978]  eta: 0:00:56    time: 0.0736  data: 0.0000  max mem: 2671
      Evaluation: [1300/1978]  eta: 0:00:49    time: 0.0730  data: 0.0000  max mem: 2671
      Evaluation: [1400/1978]  eta: 0:00:42    time: 0.0726  data: 0.0000  max mem: 2671
      Evaluation: [1500/1978]  eta: 0:00:34    time: 0.0717  data: 0.0000  max mem: 2671
      Evaluation: [1600/1978]  eta: 0:00:27    time: 0.0718  data: 0.0000  max mem: 2671
      Evaluation: [1700/1978]  eta: 0:00:20    time: 0.0716  data: 0.0000  max mem: 2671
      Evaluation: [1800/1978]  eta: 0:00:12    time: 0.0724  data: 0.0000  max mem: 2671
      Evaluation: [1900/1978]  eta: 0:00:05    time: 0.0723  data: 0.0000  max mem: 2671
      Evaluation: [1977/1978]  eta: 0:00:00    time: 0.0720  data: 0.0000  max mem: 2671
      Evaluation: Total time: 0:02:24 (0.0729 s / it)
     Computing matching score time 0:02:24
### TTA ITM Score: 
+-------------------+--------+--------+--------+--------+--------+
|       epoch       |   R1   |   R5   |  R10   |  mAP   |  mINP  |
+-------------------+--------+--------+--------+--------+--------+
|  cos_sim_wo/norm  | 58.544 | 91.860 | 95.703 | 73.596 | 73.596 |
|        -999       | 69.414 | 95.197 | 97.776 | 81.233 | 81.233 |
| itm_score_wo/norm | 84.328 | 98.989 | 99.494 | 91.293 | 91.293 |
|        -999       | 84.277 | 99.039 | 99.596 | 91.276 | 91.276 |
|         0         | 84.732 | 98.938 | 99.545 | 91.466 | 91.466 |
|         1         | 84.681 | 98.837 | 99.444 | 91.368 | 91.368 |
|         2         | 84.530 | 98.736 | 99.242 | 91.254 | 91.254 |
+-------------------+--------+--------+--------+--------+--------+
     logs:  {'epo': 2, 'R1': np.float32(84.53), 'R5': np.float32(98.736), 'R10': np.float32(99.242), 'mAP': np.float32(91.254), 'mINP': np.float32(91.254), 'entropy': 0.203513, 'uncertainty': 1.0, 'uncertainty_coeffi': 1.0, 'loss': 0.203513, 'lr': 0.000305}
      TTA Epoch: [3] [  0/122]  eta: 0:01:05  entropy: 0.0133  uncertainty: 1.0000  uncertainty_coeffi: 1.0000  loss: 0.0133  lr: 0.000367  time: 0.5334  data: 0.4186  max mem: 2671
      TTA Epoch: [3] [100/122]  eta: 0:00:01  entropy: 0.2326  uncertainty: 1.0000  uncertainty_coeffi: 1.0000  loss: 0.2326  lr: 0.000467  time: 0.0613  data: 0.0001  max mem: 2671
      TTA Epoch: [3] [121/122]  eta: 0:00:00  entropy: 0.1724  uncertainty: 1.0000  uncertainty_coeffi: 1.0000  loss: 0.1724  lr: 0.000488  time: 0.0607  data: 0.0001  max mem: 2671
      TTA Epoch: [3] Total time: 0:00:07 (0.0653 s / it)
     Averaged stats: entropy: 0.1546  uncertainty: 1.0000  uncertainty_coeffi: 1.0000  loss: 0.1546  lr: 0.0004
     itm tta time 0:00:08
      TTA Epoch: [4] [  0/122]  eta: 0:00:54  entropy: 0.0257  uncertainty: 1.0000  uncertainty_coeffi: 1.0000  loss: 0.0257  lr: 0.000489  time: 0.4485  data: 0.3458  max mem: 2671
      TTA Epoch: [4] [100/122]  eta: 0:00:01  entropy: 0.1321  uncertainty: 1.0000  uncertainty_coeffi: 1.0000  loss: 0.1321  lr: 0.000494  time: 0.0616  data: 0.0001  max mem: 2671
      TTA Epoch: [4] [121/122]  eta: 0:00:00  entropy: 0.0482  uncertainty: 1.0000  uncertainty_coeffi: 1.0000  loss: 0.0482  lr: 0.000492  time: 0.0608  data: 0.0001  max mem: 2671
      TTA Epoch: [4] Total time: 0:00:07 (0.0647 s / it)
     Averaged stats: entropy: 0.1142  uncertainty: 1.0000  uncertainty_coeffi: 1.0000  loss: 0.1142  lr: 0.0005
     itm tta time 0:00:08
     Computing matching score
      Evaluation: [   0/1978]  eta: 0:02:24    time: 0.0730  data: 0.0023  max mem: 2671
      Evaluation: [ 100/1978]  eta: 0:02:14    time: 0.0718  data: 0.0000  max mem: 2671
      Evaluation: [ 200/1978]  eta: 0:02:07    time: 0.0721  data: 0.0000  max mem: 2671
      Evaluation: [ 300/1978]  eta: 0:02:00    time: 0.0717  data: 0.0000  max mem: 2671
      Evaluation: [ 400/1978]  eta: 0:01:53    time: 0.0719  data: 0.0000  max mem: 2671
      Evaluation: [ 500/1978]  eta: 0:01:46    time: 0.0719  data: 0.0000  max mem: 2671
      Evaluation: [ 600/1978]  eta: 0:01:39    time: 0.0719  data: 0.0000  max mem: 2671
      Evaluation: [ 700/1978]  eta: 0:01:31    time: 0.0717  data: 0.0000  max mem: 2671
      Evaluation: [ 800/1978]  eta: 0:01:24    time: 0.0724  data: 0.0000  max mem: 2671
      Evaluation: [ 900/1978]  eta: 0:01:17    time: 0.0720  data: 0.0000  max mem: 2671
      Evaluation: [1000/1978]  eta: 0:01:10    time: 0.0724  data: 0.0000  max mem: 2671
      Evaluation: [1100/1978]  eta: 0:01:03    time: 0.0723  data: 0.0000  max mem: 2671
      Evaluation: [1200/1978]  eta: 0:00:56    time: 0.0723  data: 0.0000  max mem: 2671
      Evaluation: [1300/1978]  eta: 0:00:48    time: 0.0719  data: 0.0000  max mem: 2671
      Evaluation: [1400/1978]  eta: 0:00:41    time: 0.0720  data: 0.0000  max mem: 2671
      Evaluation: [1500/1978]  eta: 0:00:34    time: 0.0719  data: 0.0000  max mem: 2671
      Evaluation: [1600/1978]  eta: 0:00:27    time: 0.0726  data: 0.0000  max mem: 2671
      Evaluation: [1700/1978]  eta: 0:00:20    time: 0.0720  data: 0.0000  max mem: 2671
      Evaluation: [1800/1978]  eta: 0:00:12    time: 0.0720  data: 0.0000  max mem: 2671
      Evaluation: [1900/1978]  eta: 0:00:05    time: 0.0721  data: 0.0000  max mem: 2671
      Evaluation: [1977/1978]  eta: 0:00:00    time: 0.0723  data: 0.0000  max mem: 2671
      Evaluation: Total time: 0:02:22 (0.0721 s / it)
     Computing matching score time 0:02:22
### TTA ITM Score: 
+-------------------+--------+--------+--------+--------+--------+
|       epoch       |   R1   |   R5   |  R10   |  mAP   |  mINP  |
+-------------------+--------+--------+--------+--------+--------+
|  cos_sim_wo/norm  | 58.544 | 91.860 | 95.703 | 73.596 | 73.596 |
|        -999       | 69.414 | 95.197 | 97.776 | 81.233 | 81.233 |
| itm_score_wo/norm | 84.328 | 98.989 | 99.494 | 91.293 | 91.293 |
|        -999       | 84.277 | 99.039 | 99.596 | 91.276 | 91.276 |
|         0         | 84.732 | 98.938 | 99.545 | 91.466 | 91.466 |
|         1         | 84.681 | 98.837 | 99.444 | 91.368 | 91.368 |
|         2         | 84.530 | 98.736 | 99.242 | 91.254 | 91.254 |
|         4         | 84.783 | 98.888 | 99.292 | 91.465 | 91.465 |
+-------------------+--------+--------+--------+--------+--------+
     logs:  {'epo': 4, 'R1': np.float32(84.783), 'R5': np.float32(98.888), 'R10': np.float32(99.292), 'mAP': np.float32(91.465), 'mINP': np.float32(91.465), 'entropy': 0.11418, 'uncertainty': 1.0, 'uncertainty_coeffi': 1.0, 'loss': 0.11418, 'lr': 0.000496}
      TTA Epoch: [5] [  0/122]  eta: 0:00:56  entropy: 0.0897  uncertainty: 1.0000  uncertainty_coeffi: 1.0000  loss: 0.0897  lr: 0.000492  time: 0.4592  data: 0.3700  max mem: 2671
      TTA Epoch: [5] [100/122]  eta: 0:00:01  entropy: 0.0774  uncertainty: 1.0000  uncertainty_coeffi: 1.0000  loss: 0.0774  lr: 0.000485  time: 0.0616  data: 0.0001  max mem: 2671
      TTA Epoch: [5] [121/122]  eta: 0:00:00  entropy: 0.1106  uncertainty: 1.0000  uncertainty_coeffi: 1.0000  loss: 0.1106  lr: 0.000483  time: 0.0613  data: 0.0001  max mem: 2671
      TTA Epoch: [5] Total time: 0:00:07 (0.0651 s / it)
     Averaged stats: entropy: 0.0979  uncertainty: 1.0000  uncertainty_coeffi: 1.0000  loss: 0.0979  lr: 0.0005
     itm tta time 0:00:08
      TTA Epoch: [6] [  0/122]  eta: 0:00:52  entropy: 0.0630  uncertainty: 1.0000  uncertainty_coeffi: 1.0000  loss: 0.0630  lr: 0.000483  time: 0.4310  data: 0.3602  max mem: 2671
      TTA Epoch: [6] [100/122]  eta: 0:00:01  entropy: 0.0109  uncertainty: 1.0000  uncertainty_coeffi: 1.0000  loss: 0.0109  lr: 0.000476  time: 0.0619  data: 0.0001  max mem: 2671
      TTA Epoch: [6] [121/122]  eta: 0:00:00  entropy: 0.2231  uncertainty: 1.0000  uncertainty_coeffi: 1.0000  loss: 0.2231  lr: 0.000474  time: 0.0612  data: 0.0001  max mem: 2671
      TTA Epoch: [6] Total time: 0:00:07 (0.0645 s / it)
     Averaged stats: entropy: 0.0788  uncertainty: 1.0000  uncertainty_coeffi: 1.0000  loss: 0.0788  lr: 0.0005
     itm tta time 0:00:07
      TTA Epoch: [7] [  0/122]  eta: 0:00:53  entropy: 0.0495  uncertainty: 1.0000  uncertainty_coeffi: 1.0000  loss: 0.0495  lr: 0.000474  time: 0.4424  data: 0.3653  max mem: 2671
      TTA Epoch: [7] [100/122]  eta: 0:00:01  entropy: 0.1046  uncertainty: 1.0000  uncertainty_coeffi: 1.0000  loss: 0.1046  lr: 0.000467  time: 0.0613  data: 0.0001  max mem: 2671
      TTA Epoch: [7] [121/122]  eta: 0:00:00  entropy: 0.1185  uncertainty: 1.0000  uncertainty_coeffi: 1.0000  loss: 0.1185  lr: 0.000465  time: 0.0611  data: 0.0001  max mem: 2671
      TTA Epoch: [7] Total time: 0:00:07 (0.0647 s / it)
     Averaged stats: entropy: 0.0685  uncertainty: 1.0000  uncertainty_coeffi: 1.0000  loss: 0.0685  lr: 0.0005
     itm tta time 0:00:08
      TTA Epoch: [8] [  0/122]  eta: 0:00:55  entropy: 0.0332  uncertainty: 1.0000  uncertainty_coeffi: 1.0000  loss: 0.0332  lr: 0.000465  time: 0.4509  data: 0.3790  max mem: 2671
      TTA Epoch: [8] [100/122]  eta: 0:00:01  entropy: 0.0503  uncertainty: 1.0000  uncertainty_coeffi: 1.0000  loss: 0.0503  lr: 0.000458  time: 0.0616  data: 0.0001  max mem: 2671
      TTA Epoch: [8] [121/122]  eta: 0:00:00  entropy: 0.0727  uncertainty: 1.0000  uncertainty_coeffi: 1.0000  loss: 0.0727  lr: 0.000457  time: 0.0614  data: 0.0001  max mem: 2671
      TTA Epoch: [8] Total time: 0:00:07 (0.0650 s / it)
     Averaged stats: entropy: 0.0548  uncertainty: 1.0000  uncertainty_coeffi: 1.0000  loss: 0.0548  lr: 0.0005
     itm tta time 0:00:08
      TTA Epoch: [9] [  0/122]  eta: 0:00:57  entropy: 0.1244  uncertainty: 1.0000  uncertainty_coeffi: 1.0000  loss: 0.1244  lr: 0.000456  time: 0.4743  data: 0.3852  max mem: 2671
      TTA Epoch: [9] [100/122]  eta: 0:00:01  entropy: 0.0974  uncertainty: 1.0000  uncertainty_coeffi: 1.0000  loss: 0.0974  lr: 0.000449  time: 0.0618  data: 0.0001  max mem: 2671
      TTA Epoch: [9] [121/122]  eta: 0:00:00  entropy: 0.0462  uncertainty: 1.0000  uncertainty_coeffi: 1.0000  loss: 0.0462  lr: 0.000448  time: 0.0610  data: 0.0001  max mem: 2671
      TTA Epoch: [9] Total time: 0:00:07 (0.0648 s / it)
     Averaged stats: entropy: 0.0549  uncertainty: 1.0000  uncertainty_coeffi: 1.0000  loss: 0.0549  lr: 0.0005
     itm tta time 0:00:08
     Computing matching score
      Evaluation: [   0/1978]  eta: 0:02:42    time: 0.0821  data: 0.0037  max mem: 2671
      Evaluation: [ 100/1978]  eta: 0:02:16    time: 0.0724  data: 0.0000  max mem: 2671
      Evaluation: [ 200/1978]  eta: 0:02:09    time: 0.0725  data: 0.0000  max mem: 2671
      Evaluation: [ 300/1978]  eta: 0:02:01    time: 0.0721  data: 0.0000  max mem: 2671
      Evaluation: [ 400/1978]  eta: 0:01:54    time: 0.0719  data: 0.0000  max mem: 2671
      Evaluation: [ 500/1978]  eta: 0:01:46    time: 0.0724  data: 0.0000  max mem: 2671
      Evaluation: [ 600/1978]  eta: 0:01:39    time: 0.0719  data: 0.0000  max mem: 2671
      Evaluation: [ 700/1978]  eta: 0:01:32    time: 0.0723  data: 0.0000  max mem: 2671
      Evaluation: [ 800/1978]  eta: 0:01:25    time: 0.0726  data: 0.0000  max mem: 2671
      Evaluation: [ 900/1978]  eta: 0:01:17    time: 0.0719  data: 0.0000  max mem: 2671
      Evaluation: [1000/1978]  eta: 0:01:10    time: 0.0717  data: 0.0000  max mem: 2671
      Evaluation: [1100/1978]  eta: 0:01:03    time: 0.0718  data: 0.0000  max mem: 2671
      Evaluation: [1200/1978]  eta: 0:00:56    time: 0.0717  data: 0.0000  max mem: 2671
      Evaluation: [1300/1978]  eta: 0:00:48    time: 0.0717  data: 0.0000  max mem: 2671
      Evaluation: [1400/1978]  eta: 0:00:41    time: 0.0716  data: 0.0000  max mem: 2671
      Evaluation: [1500/1978]  eta: 0:00:34    time: 0.0721  data: 0.0000  max mem: 2671
      Evaluation: [1600/1978]  eta: 0:00:27    time: 0.0726  data: 0.0000  max mem: 2671
      Evaluation: [1700/1978]  eta: 0:00:20    time: 0.0722  data: 0.0000  max mem: 2671
      Evaluation: [1800/1978]  eta: 0:00:12    time: 0.0722  data: 0.0000  max mem: 2671
      Evaluation: [1900/1978]  eta: 0:00:05    time: 0.0721  data: 0.0000  max mem: 2671
      Evaluation: [1977/1978]  eta: 0:00:00    time: 0.0722  data: 0.0000  max mem: 2671
      Evaluation: Total time: 0:02:22 (0.0721 s / it)
     Computing matching score time 0:02:22
### TTA ITM Score: 
+-------------------+--------+--------+--------+--------+--------+
|       epoch       |   R1   |   R5   |  R10   |  mAP   |  mINP  |
+-------------------+--------+--------+--------+--------+--------+
|  cos_sim_wo/norm  | 58.544 | 91.860 | 95.703 | 73.596 | 73.596 |
|        -999       | 69.414 | 95.197 | 97.776 | 81.233 | 81.233 |
| itm_score_wo/norm | 84.328 | 98.989 | 99.494 | 91.293 | 91.293 |
|        -999       | 84.277 | 99.039 | 99.596 | 91.276 | 91.276 |
|         0         | 84.732 | 98.938 | 99.545 | 91.466 | 91.466 |
|         1         | 84.681 | 98.837 | 99.444 | 91.368 | 91.368 |
|         2         | 84.530 | 98.736 | 99.242 | 91.254 | 91.254 |
|         4         | 84.783 | 98.888 | 99.292 | 91.465 | 91.465 |
|         9         | 84.580 | 98.483 | 99.343 | 91.243 | 91.243 |
+-------------------+--------+--------+--------+--------+--------+
     logs:  {'epo': 9, 'R1': np.float32(84.58), 'R5': np.float32(98.483), 'R10': np.float32(99.343), 'mAP': np.float32(91.243), 'mINP': np.float32(91.243), 'entropy': 0.054895, 'uncertainty': 1.0, 'uncertainty_coeffi': 1.0, 'loss': 0.054895, 'lr': 0.000452}
      TTA Epoch: [10] [  0/122]  eta: 0:00:57  entropy: 0.0179  uncertainty: 1.0000  uncertainty_coeffi: 1.0000  loss: 0.0179  lr: 0.000448  time: 0.4747  data: 0.3715  max mem: 2671
      TTA Epoch: [10] [100/122]  eta: 0:00:01  entropy: 0.0635  uncertainty: 1.0000  uncertainty_coeffi: 1.0000  loss: 0.0635  lr: 0.000440  time: 0.0618  data: 0.0001  max mem: 2671
      TTA Epoch: [10] [121/122]  eta: 0:00:00  entropy: 0.0393  uncertainty: 1.0000  uncertainty_coeffi: 1.0000  loss: 0.0393  lr: 0.000439  time: 0.0610  data: 0.0001  max mem: 2671
      TTA Epoch: [10] Total time: 0:00:07 (0.0650 s / it)
     Averaged stats: entropy: 0.0501  uncertainty: 1.0000  uncertainty_coeffi: 1.0000  loss: 0.0501  lr: 0.0004
     itm tta time 0:00:08
      TTA Epoch: [11] [  0/122]  eta: 0:00:54  entropy: 0.0778  uncertainty: 1.0000  uncertainty_coeffi: 1.0000  loss: 0.0778  lr: 0.000439  time: 0.4467  data: 0.3750  max mem: 2671
      TTA Epoch: [11] [100/122]  eta: 0:00:01  entropy: 0.0014  uncertainty: 1.0000  uncertainty_coeffi: 1.0000  loss: 0.0014  lr: 0.000431  time: 0.0616  data: 0.0001  max mem: 2671
      TTA Epoch: [11] [121/122]  eta: 0:00:00  entropy: 0.0002  uncertainty: 1.0000  uncertainty_coeffi: 1.0000  loss: 0.0002  lr: 0.000430  time: 0.0613  data: 0.0001  max mem: 2671
      TTA Epoch: [11] Total time: 0:00:07 (0.0647 s / it)
     Averaged stats: entropy: 0.0451  uncertainty: 1.0000  uncertainty_coeffi: 1.0000  loss: 0.0451  lr: 0.0004
     itm tta time 0:00:07
      TTA Epoch: [12] [  0/122]  eta: 0:00:55  entropy: 0.0438  uncertainty: 1.0000  uncertainty_coeffi: 1.0000  loss: 0.0438  lr: 0.000430  time: 0.4587  data: 0.3813  max mem: 2671
      TTA Epoch: [12] [100/122]  eta: 0:00:01  entropy: 0.0020  uncertainty: 1.0000  uncertainty_coeffi: 1.0000  loss: 0.0020  lr: 0.000423  time: 0.0620  data: 0.0001  max mem: 2671
      TTA Epoch: [12] [121/122]  eta: 0:00:00  entropy: 0.0152  uncertainty: 1.0000  uncertainty_coeffi: 1.0000  loss: 0.0152  lr: 0.000421  time: 0.0609  data: 0.0001  max mem: 2671
      TTA Epoch: [12] Total time: 0:00:07 (0.0650 s / it)
     Averaged stats: entropy: 0.0369  uncertainty: 1.0000  uncertainty_coeffi: 1.0000  loss: 0.0369  lr: 0.0004
     itm tta time 0:00:08
      TTA Epoch: [13] [  0/122]  eta: 0:00:54  entropy: 0.0144  uncertainty: 1.0000  uncertainty_coeffi: 1.0000  loss: 0.0144  lr: 0.000421  time: 0.4507  data: 0.3814  max mem: 2671
      TTA Epoch: [13] [100/122]  eta: 0:00:01  entropy: 0.0787  uncertainty: 1.0000  uncertainty_coeffi: 1.0000  loss: 0.0787  lr: 0.000414  time: 0.0616  data: 0.0001  max mem: 2671
      TTA Epoch: [13] [121/122]  eta: 0:00:00  entropy: 0.0369  uncertainty: 1.0000  uncertainty_coeffi: 1.0000  loss: 0.0369  lr: 0.000412  time: 0.0609  data: 0.0001  max mem: 2671
      TTA Epoch: [13] Total time: 0:00:07 (0.0646 s / it)
     Averaged stats: entropy: 0.0395  uncertainty: 1.0000  uncertainty_coeffi: 1.0000  loss: 0.0395  lr: 0.0004
     itm tta time 0:00:07
      TTA Epoch: [14] [  0/122]  eta: 0:00:57  entropy: 0.0003  uncertainty: 1.0000  uncertainty_coeffi: 1.0000  loss: 0.0003  lr: 0.000412  time: 0.4733  data: 0.3841  max mem: 2671
      TTA Epoch: [14] [100/122]  eta: 0:00:01  entropy: 0.0197  uncertainty: 1.0000  uncertainty_coeffi: 1.0000  loss: 0.0197  lr: 0.000405  time: 0.0616  data: 0.0001  max mem: 2671
      TTA Epoch: [14] [121/122]  eta: 0:00:00  entropy: 0.0798  uncertainty: 1.0000  uncertainty_coeffi: 1.0000  loss: 0.0798  lr: 0.000403  time: 0.0611  data: 0.0001  max mem: 2671
      TTA Epoch: [14] Total time: 0:00:07 (0.0648 s / it)
     Averaged stats: entropy: 0.0395  uncertainty: 1.0000  uncertainty_coeffi: 1.0000  loss: 0.0395  lr: 0.0004
     itm tta time 0:00:07
     Computing matching score
      Evaluation: [   0/1978]  eta: 0:02:47    time: 0.0846  data: 0.0037  max mem: 2671
      Evaluation: [ 100/1978]  eta: 0:02:16    time: 0.0727  data: 0.0000  max mem: 2671
      Evaluation: [ 200/1978]  eta: 0:02:09    time: 0.0727  data: 0.0000  max mem: 2671
      Evaluation: [ 300/1978]  eta: 0:02:02    time: 0.0730  data: 0.0000  max mem: 2671
      Evaluation: [ 400/1978]  eta: 0:01:54    time: 0.0728  data: 0.0000  max mem: 2671
      Evaluation: [ 500/1978]  eta: 0:01:47    time: 0.0729  data: 0.0000  max mem: 2671
      Evaluation: [ 600/1978]  eta: 0:01:40    time: 0.0727  data: 0.0000  max mem: 2671
      Evaluation: [ 700/1978]  eta: 0:01:33    time: 0.0731  data: 0.0000  max mem: 2671
      Evaluation: [ 800/1978]  eta: 0:01:25    time: 0.0731  data: 0.0000  max mem: 2671
      Evaluation: [ 900/1978]  eta: 0:01:18    time: 0.0726  data: 0.0000  max mem: 2671
      Evaluation: [1000/1978]  eta: 0:01:11    time: 0.0728  data: 0.0000  max mem: 2671
      Evaluation: [1100/1978]  eta: 0:01:03    time: 0.0724  data: 0.0000  max mem: 2671
      Evaluation: [1200/1978]  eta: 0:00:56    time: 0.0726  data: 0.0000  max mem: 2671
      Evaluation: [1300/1978]  eta: 0:00:49    time: 0.0728  data: 0.0000  max mem: 2671
      Evaluation: [1400/1978]  eta: 0:00:42    time: 0.0724  data: 0.0000  max mem: 2671
      Evaluation: [1500/1978]  eta: 0:00:34    time: 0.0725  data: 0.0000  max mem: 2671
      Evaluation: [1600/1978]  eta: 0:00:27    time: 0.0727  data: 0.0000  max mem: 2671
      Evaluation: [1700/1978]  eta: 0:00:20    time: 0.0727  data: 0.0000  max mem: 2671
      Evaluation: [1800/1978]  eta: 0:00:12    time: 0.0726  data: 0.0000  max mem: 2671
      Evaluation: [1900/1978]  eta: 0:00:05    time: 0.0722  data: 0.0000  max mem: 2671
      Evaluation: [1977/1978]  eta: 0:00:00    time: 0.0723  data: 0.0000  max mem: 2671
      Evaluation: Total time: 0:02:23 (0.0727 s / it)
     Computing matching score time 0:02:24
### TTA ITM Score: 
+-------------------+--------+--------+--------+--------+--------+
|       epoch       |   R1   |   R5   |  R10   |  mAP   |  mINP  |
+-------------------+--------+--------+--------+--------+--------+
|  cos_sim_wo/norm  | 58.544 | 91.860 | 95.703 | 73.596 | 73.596 |
|        -999       | 69.414 | 95.197 | 97.776 | 81.233 | 81.233 |
| itm_score_wo/norm | 84.328 | 98.989 | 99.494 | 91.293 | 91.293 |
|        -999       | 84.277 | 99.039 | 99.596 | 91.276 | 91.276 |
|         0         | 84.732 | 98.938 | 99.545 | 91.466 | 91.466 |
|         1         | 84.681 | 98.837 | 99.444 | 91.368 | 91.368 |
|         2         | 84.530 | 98.736 | 99.242 | 91.254 | 91.254 |
|         4         | 84.783 | 98.888 | 99.292 | 91.465 | 91.465 |
|         9         | 84.580 | 98.483 | 99.343 | 91.243 | 91.243 |
|         14        | 84.378 | 98.686 | 99.343 | 91.097 | 91.097 |
+-------------------+--------+--------+--------+--------+--------+
     logs:  {'epo': 14, 'R1': np.float32(84.378), 'R5': np.float32(98.686), 'R10': np.float32(99.343), 'mAP': np.float32(91.097), 'mINP': np.float32(91.097), 'entropy': 0.039475, 'uncertainty': 1.0, 'uncertainty_coeffi': 1.0, 'loss': 0.039475, 'lr': 0.000408}
      TTA Epoch: [15] [  0/122]  eta: 0:00:56  entropy: 0.0411  uncertainty: 1.0000  uncertainty_coeffi: 1.0000  loss: 0.0411  lr: 0.000403  time: 0.4597  data: 0.3792  max mem: 2671
      TTA Epoch: [15] [100/122]  eta: 0:00:01  entropy: 0.0271  uncertainty: 1.0000  uncertainty_coeffi: 1.0000  loss: 0.0271  lr: 0.000396  time: 0.0623  data: 0.0001  max mem: 2671
      TTA Epoch: [15] [121/122]  eta: 0:00:00  entropy: 0.0041  uncertainty: 1.0000  uncertainty_coeffi: 1.0000  loss: 0.0041  lr: 0.000394  time: 0.0613  data: 0.0001  max mem: 2671
      TTA Epoch: [15] Total time: 0:00:07 (0.0653 s / it)
     Averaged stats: entropy: 0.0361  uncertainty: 1.0000  uncertainty_coeffi: 1.0000  loss: 0.0361  lr: 0.0004
     itm tta time 0:00:08
      TTA Epoch: [16] [  0/122]  eta: 0:00:58  entropy: 0.0127  uncertainty: 1.0000  uncertainty_coeffi: 1.0000  loss: 0.0127  lr: 0.000394  time: 0.4788  data: 0.3662  max mem: 2671
      TTA Epoch: [16] [100/122]  eta: 0:00:01  entropy: 0.1261  uncertainty: 1.0000  uncertainty_coeffi: 1.0000  loss: 0.1261  lr: 0.000194  time: 0.0624  data: 0.0001  max mem: 2671
      TTA Epoch: [16] [121/122]  eta: 0:00:00  entropy: 0.0267  uncertainty: 1.0000  uncertainty_coeffi: 1.0000  loss: 0.0267  lr: 0.000193  time: 0.0618  data: 0.0001  max mem: 2671
      TTA Epoch: [16] Total time: 0:00:08 (0.0657 s / it)
     Averaged stats: entropy: 0.0342  uncertainty: 1.0000  uncertainty_coeffi: 1.0000  loss: 0.0342  lr: 0.0003
     itm tta time 0:00:08
      TTA Epoch: [17] [  0/122]  eta: 0:00:57  entropy: 0.1294  uncertainty: 1.0000  uncertainty_coeffi: 1.0000  loss: 0.1294  lr: 0.000193  time: 0.4697  data: 0.3863  max mem: 2671
      TTA Epoch: [17] [100/122]  eta: 0:00:01  entropy: 0.0844  uncertainty: 1.0000  uncertainty_coeffi: 1.0000  loss: 0.0844  lr: 0.000189  time: 0.0630  data: 0.0002  max mem: 2671
      TTA Epoch: [17] [121/122]  eta: 0:00:00  entropy: 0.0015  uncertainty: 1.0000  uncertainty_coeffi: 1.0000  loss: 0.0015  lr: 0.000188  time: 0.0613  data: 0.0001  max mem: 2671
      TTA Epoch: [17] Total time: 0:00:07 (0.0654 s / it)
     Averaged stats: entropy: 0.0328  uncertainty: 1.0000  uncertainty_coeffi: 1.0000  loss: 0.0328  lr: 0.0002
     itm tta time 0:00:08
      TTA Epoch: [18] [  0/122]  eta: 0:00:56  entropy: 0.0319  uncertainty: 1.0000  uncertainty_coeffi: 1.0000  loss: 0.0319  lr: 0.000188  time: 0.4628  data: 0.3740  max mem: 2671
      TTA Epoch: [18] [100/122]  eta: 0:00:01  entropy: 0.0007  uncertainty: 1.0000  uncertainty_coeffi: 1.0000  loss: 0.0007  lr: 0.000185  time: 0.0618  data: 0.0001  max mem: 2671
      TTA Epoch: [18] [121/122]  eta: 0:00:00  entropy: 0.0181  uncertainty: 1.0000  uncertainty_coeffi: 1.0000  loss: 0.0181  lr: 0.000184  time: 0.0618  data: 0.0001  max mem: 2671
      TTA Epoch: [18] Total time: 0:00:07 (0.0651 s / it)
     Averaged stats: entropy: 0.0284  uncertainty: 1.0000  uncertainty_coeffi: 1.0000  loss: 0.0284  lr: 0.0002
     itm tta time 0:00:08
      TTA Epoch: [19] [  0/122]  eta: 0:00:56  entropy: 0.0013  uncertainty: 1.0000  uncertainty_coeffi: 1.0000  loss: 0.0013  lr: 0.000184  time: 0.4630  data: 0.3805  max mem: 2671
      TTA Epoch: [19] [100/122]  eta: 0:00:01  entropy: 0.0045  uncertainty: 1.0000  uncertainty_coeffi: 1.0000  loss: 0.0045  lr: 0.000180  time: 0.0620  data: 0.0001  max mem: 2671
      TTA Epoch: [19] [121/122]  eta: 0:00:00  entropy: 0.0003  uncertainty: 1.0000  uncertainty_coeffi: 1.0000  loss: 0.0003  lr: 0.000180  time: 0.0614  data: 0.0001  max mem: 2671
      TTA Epoch: [19] Total time: 0:00:07 (0.0650 s / it)
     Averaged stats: entropy: 0.0315  uncertainty: 1.0000  uncertainty_coeffi: 1.0000  loss: 0.0315  lr: 0.0002
     itm tta time 0:00:08
     Computing matching score
      Evaluation: [   0/1978]  eta: 0:02:33    time: 0.0776  data: 0.0036  max mem: 2671
      Evaluation: [ 100/1978]  eta: 0:02:16    time: 0.0723  data: 0.0000  max mem: 2671
      Evaluation: [ 200/1978]  eta: 0:02:08    time: 0.0718  data: 0.0000  max mem: 2671
      Evaluation: [ 300/1978]  eta: 0:02:01    time: 0.0719  data: 0.0000  max mem: 2671
      Evaluation: [ 400/1978]  eta: 0:01:53    time: 0.0722  data: 0.0000  max mem: 2671
      Evaluation: [ 500/1978]  eta: 0:01:46    time: 0.0718  data: 0.0000  max mem: 2671
      Evaluation: [ 600/1978]  eta: 0:01:39    time: 0.0721  data: 0.0000  max mem: 2671
      Evaluation: [ 700/1978]  eta: 0:01:32    time: 0.0718  data: 0.0000  max mem: 2671
      Evaluation: [ 800/1978]  eta: 0:01:24    time: 0.0721  data: 0.0000  max mem: 2671
      Evaluation: [ 900/1978]  eta: 0:01:17    time: 0.0719  data: 0.0000  max mem: 2671
      Evaluation: [1000/1978]  eta: 0:01:10    time: 0.0715  data: 0.0000  max mem: 2671
      Evaluation: [1100/1978]  eta: 0:01:03    time: 0.0717  data: 0.0000  max mem: 2671
      Evaluation: [1200/1978]  eta: 0:00:56    time: 0.0724  data: 0.0000  max mem: 2671
      Evaluation: [1300/1978]  eta: 0:00:48    time: 0.0719  data: 0.0000  max mem: 2671
      Evaluation: [1400/1978]  eta: 0:00:41    time: 0.0717  data: 0.0000  max mem: 2671
      Evaluation: [1500/1978]  eta: 0:00:34    time: 0.0720  data: 0.0000  max mem: 2671
      Evaluation: [1600/1978]  eta: 0:00:27    time: 0.0719  data: 0.0000  max mem: 2671
      Evaluation: [1700/1978]  eta: 0:00:20    time: 0.0720  data: 0.0000  max mem: 2671
      Evaluation: [1800/1978]  eta: 0:00:12    time: 0.0721  data: 0.0000  max mem: 2671
      Evaluation: [1900/1978]  eta: 0:00:05    time: 0.0718  data: 0.0000  max mem: 2671
      Evaluation: [1977/1978]  eta: 0:00:00    time: 0.0719  data: 0.0000  max mem: 2671
      Evaluation: Total time: 0:02:22 (0.0720 s / it)
     Computing matching score time 0:02:22
### TTA ITM Score: 
+-------------------+--------+--------+--------+--------+--------+
|       epoch       |   R1   |   R5   |  R10   |  mAP   |  mINP  |
+-------------------+--------+--------+--------+--------+--------+
|  cos_sim_wo/norm  | 58.544 | 91.860 | 95.703 | 73.596 | 73.596 |
|        -999       | 69.414 | 95.197 | 97.776 | 81.233 | 81.233 |
| itm_score_wo/norm | 84.328 | 98.989 | 99.494 | 91.293 | 91.293 |
|        -999       | 84.277 | 99.039 | 99.596 | 91.276 | 91.276 |
|         0         | 84.732 | 98.938 | 99.545 | 91.466 | 91.466 |
|         1         | 84.681 | 98.837 | 99.444 | 91.368 | 91.368 |
|         2         | 84.530 | 98.736 | 99.242 | 91.254 | 91.254 |
|         4         | 84.783 | 98.888 | 99.292 | 91.465 | 91.465 |
|         9         | 84.580 | 98.483 | 99.343 | 91.243 | 91.243 |
|         14        | 84.378 | 98.686 | 99.343 | 91.097 | 91.097 |
|         19        | 84.125 | 98.534 | 99.292 | 90.941 | 90.941 |
+-------------------+--------+--------+--------+--------+--------+
     logs:  {'epo': 19, 'R1': np.float32(84.125), 'R5': np.float32(98.534), 'R10': np.float32(99.292), 'mAP': np.float32(90.941), 'mINP': np.float32(90.941), 'entropy': 0.031543, 'uncertainty': 1.0, 'uncertainty_coeffi': 1.0, 'loss': 0.031543, 'lr': 0.000182}
      TTA Epoch: [20] [  0/122]  eta: 0:00:56  entropy: 0.0075  uncertainty: 1.0000  uncertainty_coeffi: 1.0000  loss: 0.0075  lr: 0.000179  time: 0.4641  data: 0.3739  max mem: 2671
      TTA Epoch: [20] [100/122]  eta: 0:00:01  entropy: 0.0242  uncertainty: 1.0000  uncertainty_coeffi: 1.0000  loss: 0.0242  lr: 0.000176  time: 0.0618  data: 0.0001  max mem: 2671
      TTA Epoch: [20] [121/122]  eta: 0:00:00  entropy: 0.0398  uncertainty: 1.0000  uncertainty_coeffi: 1.0000  loss: 0.0398  lr: 0.000175  time: 0.0616  data: 0.0001  max mem: 2671
      TTA Epoch: [20] Total time: 0:00:07 (0.0650 s / it)
     Averaged stats: entropy: 0.0277  uncertainty: 1.0000  uncertainty_coeffi: 1.0000  loss: 0.0277  lr: 0.0002
     itm tta time 0:00:08
      TTA Epoch: [21] [  0/122]  eta: 0:00:56  entropy: 0.1558  uncertainty: 1.0000  uncertainty_coeffi: 1.0000  loss: 0.1558  lr: 0.000175  time: 0.4612  data: 0.3661  max mem: 2671
      TTA Epoch: [21] [100/122]  eta: 0:00:01  entropy: 0.0092  uncertainty: 1.0000  uncertainty_coeffi: 1.0000  loss: 0.0092  lr: 0.000171  time: 0.0616  data: 0.0001  max mem: 2671
      TTA Epoch: [21] [121/122]  eta: 0:00:00  entropy: 0.0368  uncertainty: 1.0000  uncertainty_coeffi: 1.0000  loss: 0.0368  lr: 0.000171  time: 0.0612  data: 0.0001  max mem: 2671
      TTA Epoch: [21] Total time: 0:00:07 (0.0648 s / it)
     Averaged stats: entropy: 0.0267  uncertainty: 1.0000  uncertainty_coeffi: 1.0000  loss: 0.0267  lr: 0.0002
     itm tta time 0:00:08
      TTA Epoch: [22] [  0/122]  eta: 0:00:58  entropy: 0.0000  uncertainty: 1.0000  uncertainty_coeffi: 1.0000  loss: 0.0000  lr: 0.000171  time: 0.4806  data: 0.3764  max mem: 2671
      TTA Epoch: [22] [100/122]  eta: 0:00:01  entropy: 0.0265  uncertainty: 1.0000  uncertainty_coeffi: 1.0000  loss: 0.0265  lr: 0.000167  time: 0.0617  data: 0.0001  max mem: 2671
      TTA Epoch: [22] [121/122]  eta: 0:00:00  entropy: 0.0236  uncertainty: 1.0000  uncertainty_coeffi: 1.0000  loss: 0.0236  lr: 0.000166  time: 0.0609  data: 0.0001  max mem: 2671
      TTA Epoch: [22] Total time: 0:00:07 (0.0650 s / it)
     Averaged stats: entropy: 0.0246  uncertainty: 1.0000  uncertainty_coeffi: 1.0000  loss: 0.0246  lr: 0.0002
     itm tta time 0:00:08
      TTA Epoch: [23] [  0/122]  eta: 0:00:54  entropy: 0.0739  uncertainty: 1.0000  uncertainty_coeffi: 1.0000  loss: 0.0739  lr: 0.000166  time: 0.4478  data: 0.3676  max mem: 2671
      TTA Epoch: [23] [100/122]  eta: 0:00:01  entropy: 0.0010  uncertainty: 1.0000  uncertainty_coeffi: 1.0000  loss: 0.0010  lr: 0.000163  time: 0.0612  data: 0.0001  max mem: 2671
      TTA Epoch: [23] [121/122]  eta: 0:00:00  entropy: 0.0349  uncertainty: 1.0000  uncertainty_coeffi: 1.0000  loss: 0.0349  lr: 0.000162  time: 0.0605  data: 0.0001  max mem: 2671
      TTA Epoch: [23] Total time: 0:00:07 (0.0644 s / it)
     Averaged stats: entropy: 0.0294  uncertainty: 1.0000  uncertainty_coeffi: 1.0000  loss: 0.0294  lr: 0.0002
     itm tta time 0:00:07
      TTA Epoch: [24] [  0/122]  eta: 0:00:56  entropy: 0.0010  uncertainty: 1.0000  uncertainty_coeffi: 1.0000  loss: 0.0010  lr: 0.000162  time: 0.4615  data: 0.3728  max mem: 2671
      TTA Epoch: [24] [100/122]  eta: 0:00:01  entropy: 0.0308  uncertainty: 1.0000  uncertainty_coeffi: 1.0000  loss: 0.0308  lr: 0.000158  time: 0.0608  data: 0.0001  max mem: 2671
      TTA Epoch: [24] [121/122]  eta: 0:00:00  entropy: 0.0150  uncertainty: 1.0000  uncertainty_coeffi: 1.0000  loss: 0.0150  lr: 0.000157  time: 0.0612  data: 0.0001  max mem: 2671
      TTA Epoch: [24] Total time: 0:00:07 (0.0640 s / it)
     Averaged stats: entropy: 0.0304  uncertainty: 1.0000  uncertainty_coeffi: 1.0000  loss: 0.0304  lr: 0.0002
     itm tta time 0:00:07
      TTA Epoch: [25] [  0/122]  eta: 0:01:06  entropy: 0.0022  uncertainty: 1.0000  uncertainty_coeffi: 1.0000  loss: 0.0022  lr: 0.000157  time: 0.5411  data: 0.4339  max mem: 2671
      TTA Epoch: [25] [100/122]  eta: 0:00:01  entropy: 0.0009  uncertainty: 1.0000  uncertainty_coeffi: 1.0000  loss: 0.0009  lr: 0.000154  time: 0.0611  data: 0.0001  max mem: 2671
      TTA Epoch: [25] [121/122]  eta: 0:00:00  entropy: 0.0008  uncertainty: 1.0000  uncertainty_coeffi: 1.0000  loss: 0.0008  lr: 0.000153  time: 0.0603  data: 0.0001  max mem: 2671
      TTA Epoch: [25] Total time: 0:00:07 (0.0654 s / it)
     Averaged stats: entropy: 0.0226  uncertainty: 1.0000  uncertainty_coeffi: 1.0000  loss: 0.0226  lr: 0.0002
     itm tta time 0:00:08
      TTA Epoch: [26] [  0/122]  eta: 0:00:53  entropy: 0.0292  uncertainty: 1.0000  uncertainty_coeffi: 1.0000  loss: 0.0292  lr: 0.000153  time: 0.4350  data: 0.3639  max mem: 2671
      TTA Epoch: [26] [100/122]  eta: 0:00:01  entropy: 0.0000  uncertainty: 1.0000  uncertainty_coeffi: 1.0000  loss: 0.0000  lr: 0.000149  time: 0.0617  data: 0.0001  max mem: 2671
      TTA Epoch: [26] [121/122]  eta: 0:00:00  entropy: 0.0430  uncertainty: 1.0000  uncertainty_coeffi: 1.0000  loss: 0.0430  lr: 0.000148  time: 0.0610  data: 0.0001  max mem: 2671
      TTA Epoch: [26] Total time: 0:00:07 (0.0648 s / it)
     Averaged stats: entropy: 0.0269  uncertainty: 1.0000  uncertainty_coeffi: 1.0000  loss: 0.0269  lr: 0.0002
     itm tta time 0:00:07
      TTA Epoch: [27] [  0/122]  eta: 0:00:59  entropy: 0.0276  uncertainty: 1.0000  uncertainty_coeffi: 1.0000  loss: 0.0276  lr: 0.000148  time: 0.4869  data: 0.3740  max mem: 2671
      TTA Epoch: [27] [100/122]  eta: 0:00:01  entropy: 0.0177  uncertainty: 1.0000  uncertainty_coeffi: 1.0000  loss: 0.0177  lr: 0.000145  time: 0.0614  data: 0.0001  max mem: 2671
      TTA Epoch: [27] [121/122]  eta: 0:00:00  entropy: 0.0088  uncertainty: 1.0000  uncertainty_coeffi: 1.0000  loss: 0.0088  lr: 0.000144  time: 0.0609  data: 0.0001  max mem: 2671
      TTA Epoch: [27] Total time: 0:00:07 (0.0648 s / it)
     Averaged stats: entropy: 0.0239  uncertainty: 1.0000  uncertainty_coeffi: 1.0000  loss: 0.0239  lr: 0.0001
     itm tta time 0:00:08
      TTA Epoch: [28] [  0/122]  eta: 0:00:54  entropy: 0.0269  uncertainty: 1.0000  uncertainty_coeffi: 1.0000  loss: 0.0269  lr: 0.000144  time: 0.4431  data: 0.3725  max mem: 2671
      TTA Epoch: [28] [100/122]  eta: 0:00:01  entropy: 0.0120  uncertainty: 1.0000  uncertainty_coeffi: 1.0000  loss: 0.0120  lr: 0.000056  time: 0.0622  data: 0.0001  max mem: 2671
      TTA Epoch: [28] [121/122]  eta: 0:00:00  entropy: 0.0001  uncertainty: 1.0000  uncertainty_coeffi: 1.0000  loss: 0.0001  lr: 0.000056  time: 0.0612  data: 0.0001  max mem: 2671
      TTA Epoch: [28] Total time: 0:00:07 (0.0649 s / it)
     Averaged stats: entropy: 0.0219  uncertainty: 1.0000  uncertainty_coeffi: 1.0000  loss: 0.0219  lr: 0.0001
     itm tta time 0:00:08
      TTA Epoch: [29] [  0/122]  eta: 0:00:55  entropy: 0.0603  uncertainty: 1.0000  uncertainty_coeffi: 1.0000  loss: 0.0603  lr: 0.000056  time: 0.4528  data: 0.3795  max mem: 2671
      TTA Epoch: [29] [100/122]  eta: 0:00:01  entropy: 0.0000  uncertainty: 1.0000  uncertainty_coeffi: 1.0000  loss: 0.0000  lr: 0.000054  time: 0.0617  data: 0.0001  max mem: 2671
      TTA Epoch: [29] [121/122]  eta: 0:00:00  entropy: 0.0013  uncertainty: 1.0000  uncertainty_coeffi: 1.0000  loss: 0.0013  lr: 0.000054  time: 0.0609  data: 0.0001  max mem: 2671
      TTA Epoch: [29] Total time: 0:00:07 (0.0647 s / it)
     Averaged stats: entropy: 0.0247  uncertainty: 1.0000  uncertainty_coeffi: 1.0000  loss: 0.0247  lr: 0.0001
     itm tta time 0:00:07
     Computing matching score
      Evaluation: [   0/1978]  eta: 0:02:30    time: 0.0760  data: 0.0029  max mem: 2671
      Evaluation: [ 100/1978]  eta: 0:02:15    time: 0.0718  data: 0.0000  max mem: 2671
      Evaluation: [ 200/1978]  eta: 0:02:07    time: 0.0718  data: 0.0000  max mem: 2671
      Evaluation: [ 300/1978]  eta: 0:02:00    time: 0.0716  data: 0.0000  max mem: 2671
      Evaluation: [ 400/1978]  eta: 0:01:53    time: 0.0719  data: 0.0000  max mem: 2671
      Evaluation: [ 500/1978]  eta: 0:01:46    time: 0.0718  data: 0.0000  max mem: 2671
      Evaluation: [ 600/1978]  eta: 0:01:39    time: 0.0726  data: 0.0000  max mem: 2671
      Evaluation: [ 700/1978]  eta: 0:01:31    time: 0.0719  data: 0.0000  max mem: 2671
      Evaluation: [ 800/1978]  eta: 0:01:24    time: 0.0719  data: 0.0000  max mem: 2671
      Evaluation: [ 900/1978]  eta: 0:01:17    time: 0.0721  data: 0.0000  max mem: 2671
      Evaluation: [1000/1978]  eta: 0:01:10    time: 0.0720  data: 0.0000  max mem: 2671
      Evaluation: [1100/1978]  eta: 0:01:03    time: 0.0719  data: 0.0000  max mem: 2671
      Evaluation: [1200/1978]  eta: 0:00:56    time: 0.0718  data: 0.0000  max mem: 2671
      Evaluation: [1300/1978]  eta: 0:00:48    time: 0.0723  data: 0.0000  max mem: 2671
      Evaluation: [1400/1978]  eta: 0:00:41    time: 0.0721  data: 0.0000  max mem: 2671
      Evaluation: [1500/1978]  eta: 0:00:34    time: 0.0717  data: 0.0000  max mem: 2671
      Evaluation: [1600/1978]  eta: 0:00:27    time: 0.0716  data: 0.0000  max mem: 2671
      Evaluation: [1700/1978]  eta: 0:00:19    time: 0.0718  data: 0.0000  max mem: 2671
      Evaluation: [1800/1978]  eta: 0:00:12    time: 0.0719  data: 0.0000  max mem: 2671
      Evaluation: [1900/1978]  eta: 0:00:05    time: 0.0717  data: 0.0000  max mem: 2671
      Evaluation: [1977/1978]  eta: 0:00:00    time: 0.0718  data: 0.0000  max mem: 2671
      Evaluation: Total time: 0:02:22 (0.0720 s / it)
     Computing matching score time 0:02:22
### TTA ITM Score: 
+-------------------+--------+--------+--------+--------+--------+
|       epoch       |   R1   |   R5   |  R10   |  mAP   |  mINP  |
+-------------------+--------+--------+--------+--------+--------+
|  cos_sim_wo/norm  | 58.544 | 91.860 | 95.703 | 73.596 | 73.596 |
|        -999       | 69.414 | 95.197 | 97.776 | 81.233 | 81.233 |
| itm_score_wo/norm | 84.328 | 98.989 | 99.494 | 91.293 | 91.293 |
|        -999       | 84.277 | 99.039 | 99.596 | 91.276 | 91.276 |
|         0         | 84.732 | 98.938 | 99.545 | 91.466 | 91.466 |
|         1         | 84.681 | 98.837 | 99.444 | 91.368 | 91.368 |
|         2         | 84.530 | 98.736 | 99.242 | 91.254 | 91.254 |
|         4         | 84.783 | 98.888 | 99.292 | 91.465 | 91.465 |
|         9         | 84.580 | 98.483 | 99.343 | 91.243 | 91.243 |
|         14        | 84.378 | 98.686 | 99.343 | 91.097 | 91.097 |
|         19        | 84.125 | 98.534 | 99.292 | 90.941 | 90.941 |
|         29        | 84.277 | 98.584 | 99.343 | 91.014 | 91.014 |
+-------------------+--------+--------+--------+--------+--------+
     logs:  {'epo': 29, 'R1': np.float32(84.277), 'R5': np.float32(98.584), 'R10': np.float32(99.343), 'mAP': np.float32(91.014), 'mINP': np.float32(91.014), 'entropy': 0.02475, 'uncertainty': 1.0, 'uncertainty_coeffi': 1.0, 'loss': 0.02475, 'lr': 5.5e-05}
      TTA Epoch: [30] [  0/122]  eta: 0:00:57  entropy: 0.0072  uncertainty: 1.0000  uncertainty_coeffi: 1.0000  loss: 0.0072  lr: 0.000054  time: 0.4732  data: 0.3856  max mem: 2671
      TTA Epoch: [30] [100/122]  eta: 0:00:01  entropy: 0.0413  uncertainty: 1.0000  uncertainty_coeffi: 1.0000  loss: 0.0413  lr: 0.000053  time: 0.0618  data: 0.0001  max mem: 2671
      TTA Epoch: [30] [121/122]  eta: 0:00:00  entropy: 0.0003  uncertainty: 1.0000  uncertainty_coeffi: 1.0000  loss: 0.0003  lr: 0.000052  time: 0.0612  data: 0.0001  max mem: 2671
      TTA Epoch: [30] Total time: 0:00:07 (0.0650 s / it)
     Averaged stats: entropy: 0.0183  uncertainty: 1.0000  uncertainty_coeffi: 1.0000  loss: 0.0183  lr: 0.0001
     itm tta time 0:00:08
      TTA Epoch: [31] [  0/122]  eta: 0:00:58  entropy: 0.0616  uncertainty: 1.0000  uncertainty_coeffi: 1.0000  loss: 0.0616  lr: 0.000052  time: 0.4783  data: 0.3911  max mem: 2671
      TTA Epoch: [31] [100/122]  eta: 0:00:01  entropy: 0.0430  uncertainty: 1.0000  uncertainty_coeffi: 1.0000  loss: 0.0430  lr: 0.000051  time: 0.0615  data: 0.0001  max mem: 2671
      TTA Epoch: [31] [121/122]  eta: 0:00:00  entropy: 0.0003  uncertainty: 1.0000  uncertainty_coeffi: 1.0000  loss: 0.0003  lr: 0.000051  time: 0.0609  data: 0.0001  max mem: 2671
      TTA Epoch: [31] Total time: 0:00:07 (0.0647 s / it)
     Averaged stats: entropy: 0.0222  uncertainty: 1.0000  uncertainty_coeffi: 1.0000  loss: 0.0222  lr: 0.0001
     itm tta time 0:00:08
      TTA Epoch: [32] [  0/122]  eta: 0:00:56  entropy: 0.0328  uncertainty: 1.0000  uncertainty_coeffi: 1.0000  loss: 0.0328  lr: 0.000051  time: 0.4603  data: 0.3820  max mem: 2671
      TTA Epoch: [32] [100/122]  eta: 0:00:01  entropy: 0.0364  uncertainty: 1.0000  uncertainty_coeffi: 1.0000  loss: 0.0364  lr: 0.000049  time: 0.0614  data: 0.0001  max mem: 2671
      TTA Epoch: [32] [121/122]  eta: 0:00:00  entropy: 0.1065  uncertainty: 1.0000  uncertainty_coeffi: 1.0000  loss: 0.1065  lr: 0.000049  time: 0.0610  data: 0.0001  max mem: 2671
      TTA Epoch: [32] Total time: 0:00:07 (0.0649 s / it)
     Averaged stats: entropy: 0.0214  uncertainty: 1.0000  uncertainty_coeffi: 1.0000  loss: 0.0214  lr: 0.0000
     itm tta time 0:00:08
      TTA Epoch: [33] [  0/122]  eta: 0:00:55  entropy: 0.0166  uncertainty: 1.0000  uncertainty_coeffi: 1.0000  loss: 0.0166  lr: 0.000049  time: 0.4540  data: 0.3712  max mem: 2671
      TTA Epoch: [33] [100/122]  eta: 0:00:01  entropy: 0.0265  uncertainty: 1.0000  uncertainty_coeffi: 1.0000  loss: 0.0265  lr: 0.000047  time: 0.0614  data: 0.0001  max mem: 2671
      TTA Epoch: [33] [121/122]  eta: 0:00:00  entropy: 0.0000  uncertainty: 1.0000  uncertainty_coeffi: 1.0000  loss: 0.0000  lr: 0.000047  time: 0.0611  data: 0.0001  max mem: 2671
      TTA Epoch: [33] Total time: 0:00:07 (0.0647 s / it)
     Averaged stats: entropy: 0.0251  uncertainty: 1.0000  uncertainty_coeffi: 1.0000  loss: 0.0251  lr: 0.0000
     itm tta time 0:00:07
      TTA Epoch: [34] [  0/122]  eta: 0:00:59  entropy: 0.0018  uncertainty: 1.0000  uncertainty_coeffi: 1.0000  loss: 0.0018  lr: 0.000047  time: 0.4836  data: 0.3927  max mem: 2671
      TTA Epoch: [34] [100/122]  eta: 0:00:01  entropy: 0.0007  uncertainty: 1.0000  uncertainty_coeffi: 1.0000  loss: 0.0007  lr: 0.000046  time: 0.0608  data: 0.0001  max mem: 2671
      TTA Epoch: [34] [121/122]  eta: 0:00:00  entropy: 0.0185  uncertainty: 1.0000  uncertainty_coeffi: 1.0000  loss: 0.0185  lr: 0.000045  time: 0.0602  data: 0.0001  max mem: 2671
      TTA Epoch: [34] Total time: 0:00:07 (0.0642 s / it)
     Averaged stats: entropy: 0.0175  uncertainty: 1.0000  uncertainty_coeffi: 1.0000  loss: 0.0175  lr: 0.0000
     itm tta time 0:00:07
      TTA Epoch: [35] [  0/122]  eta: 0:00:57  entropy: 0.0420  uncertainty: 1.0000  uncertainty_coeffi: 1.0000  loss: 0.0420  lr: 0.000045  time: 0.4726  data: 0.3953  max mem: 2671
      TTA Epoch: [35] [100/122]  eta: 0:00:01  entropy: 0.0123  uncertainty: 1.0000  uncertainty_coeffi: 1.0000  loss: 0.0123  lr: 0.000044  time: 0.0609  data: 0.0001  max mem: 2671
      TTA Epoch: [35] [121/122]  eta: 0:00:00  entropy: 0.0248  uncertainty: 1.0000  uncertainty_coeffi: 1.0000  loss: 0.0248  lr: 0.000043  time: 0.0604  data: 0.0001  max mem: 2671
      TTA Epoch: [35] Total time: 0:00:07 (0.0643 s / it)
     Averaged stats: entropy: 0.0217  uncertainty: 1.0000  uncertainty_coeffi: 1.0000  loss: 0.0217  lr: 0.0000
     itm tta time 0:00:07
      TTA Epoch: [36] [  0/122]  eta: 0:00:57  entropy: 0.0393  uncertainty: 1.0000  uncertainty_coeffi: 1.0000  loss: 0.0393  lr: 0.000043  time: 0.4674  data: 0.3783  max mem: 2671
      TTA Epoch: [36] [100/122]  eta: 0:00:01  entropy: 0.0579  uncertainty: 1.0000  uncertainty_coeffi: 1.0000  loss: 0.0579  lr: 0.000042  time: 0.0615  data: 0.0001  max mem: 2671
      TTA Epoch: [36] [121/122]  eta: 0:00:00  entropy: 0.0775  uncertainty: 1.0000  uncertainty_coeffi: 1.0000  loss: 0.0775  lr: 0.000042  time: 0.0607  data: 0.0001  max mem: 2671
      TTA Epoch: [36] Total time: 0:00:07 (0.0646 s / it)
     Averaged stats: entropy: 0.0244  uncertainty: 1.0000  uncertainty_coeffi: 1.0000  loss: 0.0244  lr: 0.0000
     itm tta time 0:00:07
      TTA Epoch: [37] [  0/122]  eta: 0:00:57  entropy: 0.0004  uncertainty: 1.0000  uncertainty_coeffi: 1.0000  loss: 0.0004  lr: 0.000042  time: 0.4679  data: 0.3794  max mem: 2671
      TTA Epoch: [37] [100/122]  eta: 0:00:01  entropy: 0.0002  uncertainty: 1.0000  uncertainty_coeffi: 1.0000  loss: 0.0002  lr: 0.000040  time: 0.0604  data: 0.0001  max mem: 2671
      TTA Epoch: [37] [121/122]  eta: 0:00:00  entropy: 0.0000  uncertainty: 1.0000  uncertainty_coeffi: 1.0000  loss: 0.0000  lr: 0.000040  time: 0.0602  data: 0.0001  max mem: 2671
      TTA Epoch: [37] Total time: 0:00:07 (0.0640 s / it)
     Averaged stats: entropy: 0.0227  uncertainty: 1.0000  uncertainty_coeffi: 1.0000  loss: 0.0227  lr: 0.0000
     itm tta time 0:00:07
      TTA Epoch: [38] [  0/122]  eta: 0:00:58  entropy: 0.0023  uncertainty: 1.0000  uncertainty_coeffi: 1.0000  loss: 0.0023  lr: 0.000040  time: 0.4793  data: 0.3781  max mem: 2671
      TTA Epoch: [38] [100/122]  eta: 0:00:01  entropy: 0.0423  uncertainty: 1.0000  uncertainty_coeffi: 1.0000  loss: 0.0423  lr: 0.000038  time: 0.0615  data: 0.0001  max mem: 2671
      TTA Epoch: [38] [121/122]  eta: 0:00:00  entropy: 0.0496  uncertainty: 1.0000  uncertainty_coeffi: 1.0000  loss: 0.0496  lr: 0.000038  time: 0.0608  data: 0.0001  max mem: 2671
      TTA Epoch: [38] Total time: 0:00:07 (0.0647 s / it)
     Averaged stats: entropy: 0.0239  uncertainty: 1.0000  uncertainty_coeffi: 1.0000  loss: 0.0239  lr: 0.0000
     itm tta time 0:00:08
      TTA Epoch: [39] [  0/122]  eta: 0:01:02  entropy: 0.0432  uncertainty: 1.0000  uncertainty_coeffi: 1.0000  loss: 0.0432  lr: 0.000038  time: 0.5117  data: 0.4448  max mem: 2671
      TTA Epoch: [39] [100/122]  eta: 0:00:01  entropy: 0.0374  uncertainty: 1.0000  uncertainty_coeffi: 1.0000  loss: 0.0374  lr: 0.000037  time: 0.0615  data: 0.0001  max mem: 2671
      TTA Epoch: [39] [121/122]  eta: 0:00:00  entropy: 0.0523  uncertainty: 1.0000  uncertainty_coeffi: 1.0000  loss: 0.0523  lr: 0.000036  time: 0.0607  data: 0.0001  max mem: 2671
      TTA Epoch: [39] Total time: 0:00:07 (0.0645 s / it)
     Averaged stats: entropy: 0.0230  uncertainty: 1.0000  uncertainty_coeffi: 1.0000  loss: 0.0230  lr: 0.0000
     itm tta time 0:00:07
     Computing matching score
      Evaluation: [   0/1978]  eta: 0:02:24    time: 0.0728  data: 0.0024  max mem: 2671
      Evaluation: [ 100/1978]  eta: 0:02:14    time: 0.0717  data: 0.0000  max mem: 2671
      Evaluation: [ 200/1978]  eta: 0:02:07    time: 0.0717  data: 0.0000  max mem: 2671
      Evaluation: [ 300/1978]  eta: 0:02:00    time: 0.0715  data: 0.0000  max mem: 2671
      Evaluation: [ 400/1978]  eta: 0:01:53    time: 0.0719  data: 0.0000  max mem: 2671
      Evaluation: [ 500/1978]  eta: 0:01:45    time: 0.0716  data: 0.0000  max mem: 2671
      Evaluation: [ 600/1978]  eta: 0:01:38    time: 0.0715  data: 0.0000  max mem: 2671
      Evaluation: [ 700/1978]  eta: 0:01:31    time: 0.0719  data: 0.0000  max mem: 2671
      Evaluation: [ 800/1978]  eta: 0:01:24    time: 0.0715  data: 0.0000  max mem: 2671
      Evaluation: [ 900/1978]  eta: 0:01:17    time: 0.0716  data: 0.0000  max mem: 2671
      Evaluation: [1000/1978]  eta: 0:01:10    time: 0.0717  data: 0.0000  max mem: 2671
      Evaluation: [1100/1978]  eta: 0:01:02    time: 0.0719  data: 0.0000  max mem: 2671
      Evaluation: [1200/1978]  eta: 0:00:55    time: 0.0717  data: 0.0000  max mem: 2671
      Evaluation: [1300/1978]  eta: 0:00:48    time: 0.0717  data: 0.0000  max mem: 2671
      Evaluation: [1400/1978]  eta: 0:00:41    time: 0.0717  data: 0.0000  max mem: 2671
      Evaluation: [1500/1978]  eta: 0:00:34    time: 0.0722  data: 0.0000  max mem: 2671
      Evaluation: [1600/1978]  eta: 0:00:27    time: 0.0721  data: 0.0000  max mem: 2671
      Evaluation: [1700/1978]  eta: 0:00:19    time: 0.0718  data: 0.0000  max mem: 2671
      Evaluation: [1800/1978]  eta: 0:00:12    time: 0.0716  data: 0.0000  max mem: 2671
      Evaluation: [1900/1978]  eta: 0:00:05    time: 0.0719  data: 0.0000  max mem: 2671
      Evaluation: [1977/1978]  eta: 0:00:00    time: 0.0718  data: 0.0000  max mem: 2671
      Evaluation: Total time: 0:02:22 (0.0718 s / it)
     Computing matching score time 0:02:22
### TTA ITM Score: 
+-------------------+--------+--------+--------+--------+--------+
|       epoch       |   R1   |   R5   |  R10   |  mAP   |  mINP  |
+-------------------+--------+--------+--------+--------+--------+
|  cos_sim_wo/norm  | 58.544 | 91.860 | 95.703 | 73.596 | 73.596 |
|        -999       | 69.414 | 95.197 | 97.776 | 81.233 | 81.233 |
| itm_score_wo/norm | 84.328 | 98.989 | 99.494 | 91.293 | 91.293 |
|        -999       | 84.277 | 99.039 | 99.596 | 91.276 | 91.276 |
|         0         | 84.732 | 98.938 | 99.545 | 91.466 | 91.466 |
|         1         | 84.681 | 98.837 | 99.444 | 91.368 | 91.368 |
|         2         | 84.530 | 98.736 | 99.242 | 91.254 | 91.254 |
|         4         | 84.783 | 98.888 | 99.292 | 91.465 | 91.465 |
|         9         | 84.580 | 98.483 | 99.343 | 91.243 | 91.243 |
|         14        | 84.378 | 98.686 | 99.343 | 91.097 | 91.097 |
|         19        | 84.125 | 98.534 | 99.292 | 90.941 | 90.941 |
|         29        | 84.277 | 98.584 | 99.343 | 91.014 | 91.014 |
|         39        | 84.378 | 98.534 | 99.393 | 91.076 | 91.076 |
+-------------------+--------+--------+--------+--------+--------+
     logs:  {'epo': 39, 'R1': np.float32(84.378), 'R5': np.float32(98.534), 'R10': np.float32(99.393), 'mAP': np.float32(91.076), 'mINP': np.float32(91.076), 'entropy': 0.02304, 'uncertainty': 1.0, 'uncertainty_coeffi': 1.0, 'loss': 0.02304, 'lr': 3.7e-05}
      TTA Epoch: [40] [  0/122]  eta: 0:00:54  entropy: 0.0020  uncertainty: 1.0000  uncertainty_coeffi: 1.0000  loss: 0.0020  lr: 0.000036  time: 0.4445  data: 0.3750  max mem: 2671
      TTA Epoch: [40] [100/122]  eta: 0:00:01  entropy: 0.0000  uncertainty: 1.0000  uncertainty_coeffi: 1.0000  loss: 0.0000  lr: 0.000035  time: 0.0619  data: 0.0001  max mem: 2671
      TTA Epoch: [40] [121/122]  eta: 0:00:00  entropy: 0.0057  uncertainty: 1.0000  uncertainty_coeffi: 1.0000  loss: 0.0057  lr: 0.000035  time: 0.0608  data: 0.0001  max mem: 2671
      TTA Epoch: [40] Total time: 0:00:07 (0.0645 s / it)
     Averaged stats: entropy: 0.0203  uncertainty: 1.0000  uncertainty_coeffi: 1.0000  loss: 0.0203  lr: 0.0000
     itm tta time 0:00:07
      TTA Epoch: [41] [  0/122]  eta: 0:00:54  entropy: 0.0306  uncertainty: 1.0000  uncertainty_coeffi: 1.0000  loss: 0.0306  lr: 0.000035  time: 0.4461  data: 0.3738  max mem: 2671
      TTA Epoch: [41] [100/122]  eta: 0:00:01  entropy: 0.0012  uncertainty: 1.0000  uncertainty_coeffi: 1.0000  loss: 0.0012  lr: 0.000033  time: 0.0620  data: 0.0001  max mem: 2671
      TTA Epoch: [41] [121/122]  eta: 0:00:00  entropy: 0.0072  uncertainty: 1.0000  uncertainty_coeffi: 1.0000  loss: 0.0072  lr: 0.000033  time: 0.0608  data: 0.0001  max mem: 2671
      TTA Epoch: [41] Total time: 0:00:07 (0.0647 s / it)
     Averaged stats: entropy: 0.0201  uncertainty: 1.0000  uncertainty_coeffi: 1.0000  loss: 0.0201  lr: 0.0000
     itm tta time 0:00:07
      TTA Epoch: [42] [  0/122]  eta: 0:00:58  entropy: 0.0664  uncertainty: 1.0000  uncertainty_coeffi: 1.0000  loss: 0.0664  lr: 0.000033  time: 0.4772  data: 0.3940  max mem: 2671
      TTA Epoch: [42] [100/122]  eta: 0:00:01  entropy: 0.0328  uncertainty: 1.0000  uncertainty_coeffi: 1.0000  loss: 0.0328  lr: 0.000031  time: 0.0605  data: 0.0001  max mem: 2671
      TTA Epoch: [42] [121/122]  eta: 0:00:00  entropy: 0.0011  uncertainty: 1.0000  uncertainty_coeffi: 1.0000  loss: 0.0011  lr: 0.000031  time: 0.0602  data: 0.0001  max mem: 2671
      TTA Epoch: [42] Total time: 0:00:07 (0.0643 s / it)
     Averaged stats: entropy: 0.0219  uncertainty: 1.0000  uncertainty_coeffi: 1.0000  loss: 0.0219  lr: 0.0000
     itm tta time 0:00:07
      TTA Epoch: [43] [  0/122]  eta: 0:00:54  entropy: 0.0420  uncertainty: 1.0000  uncertainty_coeffi: 1.0000  loss: 0.0420  lr: 0.000031  time: 0.4447  data: 0.3777  max mem: 2671
      TTA Epoch: [43] [100/122]  eta: 0:00:01  entropy: 0.0024  uncertainty: 1.0000  uncertainty_coeffi: 1.0000  loss: 0.0024  lr: 0.000030  time: 0.0615  data: 0.0001  max mem: 2671
      TTA Epoch: [43] [121/122]  eta: 0:00:00  entropy: 0.0219  uncertainty: 1.0000  uncertainty_coeffi: 1.0000  loss: 0.0219  lr: 0.000029  time: 0.0608  data: 0.0001  max mem: 2671
      TTA Epoch: [43] Total time: 0:00:07 (0.0645 s / it)
     Averaged stats: entropy: 0.0233  uncertainty: 1.0000  uncertainty_coeffi: 1.0000  loss: 0.0233  lr: 0.0000
     itm tta time 0:00:07
      TTA Epoch: [44] [  0/122]  eta: 0:00:54  entropy: 0.0041  uncertainty: 1.0000  uncertainty_coeffi: 1.0000  loss: 0.0041  lr: 0.000029  time: 0.4485  data: 0.3721  max mem: 2671
      TTA Epoch: [44] [100/122]  eta: 0:00:01  entropy: 0.0150  uncertainty: 1.0000  uncertainty_coeffi: 1.0000  loss: 0.0150  lr: 0.000028  time: 0.0608  data: 0.0001  max mem: 2671
      TTA Epoch: [44] [121/122]  eta: 0:00:00  entropy: 0.0200  uncertainty: 1.0000  uncertainty_coeffi: 1.0000  loss: 0.0200  lr: 0.000027  time: 0.0604  data: 0.0001  max mem: 2671
      TTA Epoch: [44] Total time: 0:00:07 (0.0643 s / it)
     Averaged stats: entropy: 0.0207  uncertainty: 1.0000  uncertainty_coeffi: 1.0000  loss: 0.0207  lr: 0.0000
     itm tta time 0:00:07
      TTA Epoch: [45] [  0/122]  eta: 0:00:56  entropy: 0.0051  uncertainty: 1.0000  uncertainty_coeffi: 1.0000  loss: 0.0051  lr: 0.000027  time: 0.4658  data: 0.3925  max mem: 2671
      TTA Epoch: [45] [100/122]  eta: 0:00:01  entropy: 0.0435  uncertainty: 1.0000  uncertainty_coeffi: 1.0000  loss: 0.0435  lr: 0.000026  time: 0.0613  data: 0.0001  max mem: 2671
      TTA Epoch: [45] [121/122]  eta: 0:00:00  entropy: 0.0565  uncertainty: 1.0000  uncertainty_coeffi: 1.0000  loss: 0.0565  lr: 0.000026  time: 0.0607  data: 0.0001  max mem: 2671
      TTA Epoch: [45] Total time: 0:00:07 (0.0646 s / it)
     Averaged stats: entropy: 0.0205  uncertainty: 1.0000  uncertainty_coeffi: 1.0000  loss: 0.0205  lr: 0.0000
     itm tta time 0:00:07
      TTA Epoch: [46] [  0/122]  eta: 0:01:00  entropy: 0.0003  uncertainty: 1.0000  uncertainty_coeffi: 1.0000  loss: 0.0003  lr: 0.000026  time: 0.4926  data: 0.4007  max mem: 2671
      TTA Epoch: [46] [100/122]  eta: 0:00:01  entropy: 0.0009  uncertainty: 1.0000  uncertainty_coeffi: 1.0000  loss: 0.0009  lr: 0.000024  time: 0.0617  data: 0.0001  max mem: 2671
      TTA Epoch: [46] [121/122]  eta: 0:00:00  entropy: 0.0006  uncertainty: 1.0000  uncertainty_coeffi: 1.0000  loss: 0.0006  lr: 0.000024  time: 0.0610  data: 0.0001  max mem: 2671
      TTA Epoch: [46] Total time: 0:00:07 (0.0650 s / it)
     Averaged stats: entropy: 0.0209  uncertainty: 1.0000  uncertainty_coeffi: 1.0000  loss: 0.0209  lr: 0.0000
     itm tta time 0:00:08
      TTA Epoch: [47] [  0/122]  eta: 0:00:54  entropy: 0.0447  uncertainty: 1.0000  uncertainty_coeffi: 1.0000  loss: 0.0447  lr: 0.000024  time: 0.4441  data: 0.3745  max mem: 2671
      TTA Epoch: [47] [100/122]  eta: 0:00:01  entropy: 0.0464  uncertainty: 1.0000  uncertainty_coeffi: 1.0000  loss: 0.0464  lr: 0.000022  time: 0.0604  data: 0.0001  max mem: 2671
      TTA Epoch: [47] [121/122]  eta: 0:00:00  entropy: 0.0289  uncertainty: 1.0000  uncertainty_coeffi: 1.0000  loss: 0.0289  lr: 0.000022  time: 0.0604  data: 0.0001  max mem: 2671
      TTA Epoch: [47] Total time: 0:00:07 (0.0642 s / it)
     Averaged stats: entropy: 0.0223  uncertainty: 1.0000  uncertainty_coeffi: 1.0000  loss: 0.0223  lr: 0.0000
     itm tta time 0:00:07
      TTA Epoch: [48] [  0/122]  eta: 0:00:53  entropy: 0.0000  uncertainty: 1.0000  uncertainty_coeffi: 1.0000  loss: 0.0000  lr: 0.000022  time: 0.4408  data: 0.3734  max mem: 2671
      TTA Epoch: [48] [100/122]  eta: 0:00:01  entropy: 0.0311  uncertainty: 1.0000  uncertainty_coeffi: 1.0000  loss: 0.0311  lr: 0.000021  time: 0.0609  data: 0.0001  max mem: 2671
      TTA Epoch: [48] [121/122]  eta: 0:00:00  entropy: 0.0001  uncertainty: 1.0000  uncertainty_coeffi: 1.0000  loss: 0.0001  lr: 0.000020  time: 0.0603  data: 0.0001  max mem: 2671
      TTA Epoch: [48] Total time: 0:00:07 (0.0642 s / it)
     Averaged stats: entropy: 0.0232  uncertainty: 1.0000  uncertainty_coeffi: 1.0000  loss: 0.0232  lr: 0.0000
     itm tta time 0:00:07
      TTA Epoch: [49] [  0/122]  eta: 0:00:54  entropy: 0.0252  uncertainty: 1.0000  uncertainty_coeffi: 1.0000  loss: 0.0252  lr: 0.000020  time: 0.4444  data: 0.3701  max mem: 2671
      TTA Epoch: [49] [100/122]  eta: 0:00:01  entropy: 0.0028  uncertainty: 1.0000  uncertainty_coeffi: 1.0000  loss: 0.0028  lr: 0.000019  time: 0.0608  data: 0.0001  max mem: 2671
      TTA Epoch: [49] [121/122]  eta: 0:00:00  entropy: 0.0000  uncertainty: 1.0000  uncertainty_coeffi: 1.0000  loss: 0.0000  lr: 0.000019  time: 0.0602  data: 0.0001  max mem: 2671
      TTA Epoch: [49] Total time: 0:00:07 (0.0640 s / it)
     Averaged stats: entropy: 0.0237  uncertainty: 1.0000  uncertainty_coeffi: 1.0000  loss: 0.0237  lr: 0.0000
     itm tta time 0:00:07
     Computing matching score
      Evaluation: [   0/1978]  eta: 0:02:43    time: 0.0825  data: 0.0031  max mem: 2671
      Evaluation: [ 100/1978]  eta: 0:02:15    time: 0.0724  data: 0.0000  max mem: 2671
      Evaluation: [ 200/1978]  eta: 0:02:08    time: 0.0724  data: 0.0000  max mem: 2671
      Evaluation: [ 300/1978]  eta: 0:02:01    time: 0.0723  data: 0.0000  max mem: 2671
      Evaluation: [ 400/1978]  eta: 0:01:54    time: 0.0724  data: 0.0000  max mem: 2671
      Evaluation: [ 500/1978]  eta: 0:01:46    time: 0.0723  data: 0.0000  max mem: 2671
      Evaluation: [ 600/1978]  eta: 0:01:39    time: 0.0719  data: 0.0000  max mem: 2671
      Evaluation: [ 700/1978]  eta: 0:01:32    time: 0.0722  data: 0.0000  max mem: 2671
      Evaluation: [ 800/1978]  eta: 0:01:25    time: 0.0724  data: 0.0000  max mem: 2671
      Evaluation: [ 900/1978]  eta: 0:01:17    time: 0.0728  data: 0.0000  max mem: 2671
      Evaluation: [1000/1978]  eta: 0:01:10    time: 0.0727  data: 0.0000  max mem: 2671
      Evaluation: [1100/1978]  eta: 0:01:03    time: 0.0722  data: 0.0000  max mem: 2671
      Evaluation: [1200/1978]  eta: 0:00:56    time: 0.0723  data: 0.0000  max mem: 2671
      Evaluation: [1300/1978]  eta: 0:00:49    time: 0.0721  data: 0.0000  max mem: 2671
      Evaluation: [1400/1978]  eta: 0:00:41    time: 0.0720  data: 0.0000  max mem: 2671
      Evaluation: [1500/1978]  eta: 0:00:34    time: 0.0725  data: 0.0000  max mem: 2671
      Evaluation: [1600/1978]  eta: 0:00:27    time: 0.0723  data: 0.0000  max mem: 2671
      Evaluation: [1700/1978]  eta: 0:00:20    time: 0.0721  data: 0.0000  max mem: 2671
      Evaluation: [1800/1978]  eta: 0:00:12    time: 0.0726  data: 0.0000  max mem: 2671
      Evaluation: [1900/1978]  eta: 0:00:05    time: 0.0724  data: 0.0000  max mem: 2671
      Evaluation: [1977/1978]  eta: 0:00:00    time: 0.0723  data: 0.0000  max mem: 2671
      Evaluation: Total time: 0:02:23 (0.0723 s / it)
     Computing matching score time 0:02:23
### TTA ITM Score: 
+-------------------+--------+--------+--------+--------+--------+
|       epoch       |   R1   |   R5   |  R10   |  mAP   |  mINP  |
+-------------------+--------+--------+--------+--------+--------+
|  cos_sim_wo/norm  | 58.544 | 91.860 | 95.703 | 73.596 | 73.596 |
|        -999       | 69.414 | 95.197 | 97.776 | 81.233 | 81.233 |
| itm_score_wo/norm | 84.328 | 98.989 | 99.494 | 91.293 | 91.293 |
|        -999       | 84.277 | 99.039 | 99.596 | 91.276 | 91.276 |
|         0         | 84.732 | 98.938 | 99.545 | 91.466 | 91.466 |
|         1         | 84.681 | 98.837 | 99.444 | 91.368 | 91.368 |
|         2         | 84.530 | 98.736 | 99.242 | 91.254 | 91.254 |
|         4         | 84.783 | 98.888 | 99.292 | 91.465 | 91.465 |
|         9         | 84.580 | 98.483 | 99.343 | 91.243 | 91.243 |
|         14        | 84.378 | 98.686 | 99.343 | 91.097 | 91.097 |
|         19        | 84.125 | 98.534 | 99.292 | 90.941 | 90.941 |
|         29        | 84.277 | 98.584 | 99.343 | 91.014 | 91.014 |
|         39        | 84.378 | 98.534 | 99.393 | 91.076 | 91.076 |
|         49        | 84.429 | 98.483 | 99.393 | 91.110 | 91.110 |
+-------------------+--------+--------+--------+--------+--------+
     logs:  {'epo': 49, 'R1': np.float32(84.429), 'R5': np.float32(98.483), 'R10': np.float32(99.393), 'mAP': np.float32(91.11), 'mINP': np.float32(91.11), 'entropy': 0.023684, 'uncertainty': 1.0, 'uncertainty_coeffi': 1.0, 'loss': 0.023684, 'lr': 1.9e-05}
      TTA Epoch: [50] [  0/122]  eta: 0:01:03  entropy: 0.0001  uncertainty: 1.0000  uncertainty_coeffi: 1.0000  loss: 0.0001  lr: 0.000019  time: 0.5169  data: 0.4174  max mem: 2671
      TTA Epoch: [50] [100/122]  eta: 0:00:01  entropy: 0.0085  uncertainty: 1.0000  uncertainty_coeffi: 1.0000  loss: 0.0085  lr: 0.000017  time: 0.0622  data: 0.0001  max mem: 2671
      TTA Epoch: [50] [121/122]  eta: 0:00:00  entropy: 0.0468  uncertainty: 1.0000  uncertainty_coeffi: 1.0000  loss: 0.0468  lr: 0.000017  time: 0.0610  data: 0.0001  max mem: 2671
      TTA Epoch: [50] Total time: 0:00:08 (0.0657 s / it)
     Averaged stats: entropy: 0.0223  uncertainty: 1.0000  uncertainty_coeffi: 1.0000  loss: 0.0223  lr: 0.0000
     itm tta time 0:00:08
      TTA Epoch: [51] [  0/122]  eta: 0:01:04  entropy: 0.0000  uncertainty: 1.0000  uncertainty_coeffi: 1.0000  loss: 0.0000  lr: 0.000017  time: 0.5283  data: 0.4158  max mem: 2671
      TTA Epoch: [51] [100/122]  eta: 0:00:01  entropy: 0.0000  uncertainty: 1.0000  uncertainty_coeffi: 1.0000  loss: 0.0000  lr: 0.000015  time: 0.0620  data: 0.0001  max mem: 2671
      TTA Epoch: [51] [121/122]  eta: 0:00:00  entropy: 0.0506  uncertainty: 1.0000  uncertainty_coeffi: 1.0000  loss: 0.0506  lr: 0.000015  time: 0.0618  data: 0.0001  max mem: 2671
      TTA Epoch: [51] Total time: 0:00:08 (0.0658 s / it)
     Averaged stats: entropy: 0.0212  uncertainty: 1.0000  uncertainty_coeffi: 1.0000  loss: 0.0212  lr: 0.0000
     itm tta time 0:00:08
      TTA Epoch: [52] [  0/122]  eta: 0:00:53  entropy: 0.0438  uncertainty: 1.0000  uncertainty_coeffi: 1.0000  loss: 0.0438  lr: 0.000015  time: 0.4394  data: 0.3644  max mem: 2671
      TTA Epoch: [52] [100/122]  eta: 0:00:01  entropy: 0.0305  uncertainty: 1.0000  uncertainty_coeffi: 1.0000  loss: 0.0305  lr: 0.000014  time: 0.0609  data: 0.0001  max mem: 2671
      TTA Epoch: [52] [121/122]  eta: 0:00:00  entropy: 0.0349  uncertainty: 1.0000  uncertainty_coeffi: 1.0000  loss: 0.0349  lr: 0.000013  time: 0.0615  data: 0.0001  max mem: 2671
      TTA Epoch: [52] Total time: 0:00:07 (0.0643 s / it)
     Averaged stats: entropy: 0.0222  uncertainty: 1.0000  uncertainty_coeffi: 1.0000  loss: 0.0222  lr: 0.0000
     itm tta time 0:00:07
      TTA Epoch: [53] [  0/122]  eta: 0:00:57  entropy: 0.0000  uncertainty: 1.0000  uncertainty_coeffi: 1.0000  loss: 0.0000  lr: 0.000013  time: 0.4750  data: 0.3931  max mem: 2671
      TTA Epoch: [53] [100/122]  eta: 0:00:01  entropy: 0.0085  uncertainty: 1.0000  uncertainty_coeffi: 1.0000  loss: 0.0085  lr: 0.000012  time: 0.0610  data: 0.0001  max mem: 2671
      TTA Epoch: [53] [121/122]  eta: 0:00:00  entropy: 0.0991  uncertainty: 1.0000  uncertainty_coeffi: 1.0000  loss: 0.0991  lr: 0.000012  time: 0.0602  data: 0.0001  max mem: 2671
      TTA Epoch: [53] Total time: 0:00:07 (0.0645 s / it)
     Averaged stats: entropy: 0.0207  uncertainty: 1.0000  uncertainty_coeffi: 1.0000  loss: 0.0207  lr: 0.0000
     itm tta time 0:00:07
      TTA Epoch: [54] [  0/122]  eta: 0:00:57  entropy: 0.1597  uncertainty: 1.0000  uncertainty_coeffi: 1.0000  loss: 0.1597  lr: 0.000011  time: 0.4685  data: 0.3881  max mem: 2671
      TTA Epoch: [54] [100/122]  eta: 0:00:01  entropy: 0.0007  uncertainty: 1.0000  uncertainty_coeffi: 1.0000  loss: 0.0007  lr: 0.000010  time: 0.0617  data: 0.0001  max mem: 2671
      TTA Epoch: [54] [121/122]  eta: 0:00:00  entropy: 0.0468  uncertainty: 1.0000  uncertainty_coeffi: 1.0000  loss: 0.0468  lr: 0.000010  time: 0.0612  data: 0.0001  max mem: 2671
      TTA Epoch: [54] Total time: 0:00:07 (0.0649 s / it)
     Averaged stats: entropy: 0.0203  uncertainty: 1.0000  uncertainty_coeffi: 1.0000  loss: 0.0203  lr: 0.0000
     itm tta time 0:00:08
      TTA Epoch: [55] [  0/122]  eta: 0:01:04  entropy: 0.0001  uncertainty: 1.0000  uncertainty_coeffi: 1.0000  loss: 0.0001  lr: 0.000010  time: 0.5289  data: 0.4436  max mem: 2671
      TTA Epoch: [55] [100/122]  eta: 0:00:01  entropy: 0.0049  uncertainty: 1.0000  uncertainty_coeffi: 1.0000  loss: 0.0049  lr: 0.000008  time: 0.0608  data: 0.0001  max mem: 2671
      TTA Epoch: [55] [121/122]  eta: 0:00:00  entropy: 0.0024  uncertainty: 1.0000  uncertainty_coeffi: 1.0000  loss: 0.0024  lr: 0.000008  time: 0.0605  data: 0.0001  max mem: 2671
      TTA Epoch: [55] Total time: 0:00:07 (0.0647 s / it)
     Averaged stats: entropy: 0.0204  uncertainty: 1.0000  uncertainty_coeffi: 1.0000  loss: 0.0204  lr: 0.0000
     itm tta time 0:00:07
      TTA Epoch: [56] [  0/122]  eta: 0:00:57  entropy: 0.0015  uncertainty: 1.0000  uncertainty_coeffi: 1.0000  loss: 0.0015  lr: 0.000008  time: 0.4702  data: 0.3988  max mem: 2671
      TTA Epoch: [56] [100/122]  eta: 0:00:01  entropy: 0.0942  uncertainty: 1.0000  uncertainty_coeffi: 1.0000  loss: 0.0942  lr: 0.000006  time: 0.0608  data: 0.0001  max mem: 2671
      TTA Epoch: [56] [121/122]  eta: 0:00:00  entropy: 0.0000  uncertainty: 1.0000  uncertainty_coeffi: 1.0000  loss: 0.0000  lr: 0.000006  time: 0.0605  data: 0.0001  max mem: 2671
      TTA Epoch: [56] Total time: 0:00:07 (0.0641 s / it)
     Averaged stats: entropy: 0.0189  uncertainty: 1.0000  uncertainty_coeffi: 1.0000  loss: 0.0189  lr: 0.0000
     itm tta time 0:00:07
      TTA Epoch: [57] [  0/122]  eta: 0:00:56  entropy: 0.0702  uncertainty: 1.0000  uncertainty_coeffi: 1.0000  loss: 0.0702  lr: 0.000006  time: 0.4594  data: 0.3887  max mem: 2671
      TTA Epoch: [57] [100/122]  eta: 0:00:01  entropy: 0.0606  uncertainty: 1.0000  uncertainty_coeffi: 1.0000  loss: 0.0606  lr: 0.000005  time: 0.0615  data: 0.0001  max mem: 2671
      TTA Epoch: [57] [121/122]  eta: 0:00:00  entropy: 0.0000  uncertainty: 1.0000  uncertainty_coeffi: 1.0000  loss: 0.0000  lr: 0.000004  time: 0.0607  data: 0.0001  max mem: 2671
      TTA Epoch: [57] Total time: 0:00:07 (0.0643 s / it)
     Averaged stats: entropy: 0.0187  uncertainty: 1.0000  uncertainty_coeffi: 1.0000  loss: 0.0187  lr: 0.0000
     itm tta time 0:00:07
      TTA Epoch: [58] [  0/122]  eta: 0:00:57  entropy: 0.0192  uncertainty: 1.0000  uncertainty_coeffi: 1.0000  loss: 0.0192  lr: 0.000004  time: 0.4736  data: 0.3941  max mem: 2671
      TTA Epoch: [58] [100/122]  eta: 0:00:01  entropy: 0.0000  uncertainty: 1.0000  uncertainty_coeffi: 1.0000  loss: 0.0000  lr: 0.000003  time: 0.0617  data: 0.0001  max mem: 2671
      TTA Epoch: [58] [121/122]  eta: 0:00:00  entropy: 0.0049  uncertainty: 1.0000  uncertainty_coeffi: 1.0000  loss: 0.0049  lr: 0.000003  time: 0.0610  data: 0.0001  max mem: 2671
      TTA Epoch: [58] Total time: 0:00:07 (0.0650 s / it)
     Averaged stats: entropy: 0.0200  uncertainty: 1.0000  uncertainty_coeffi: 1.0000  loss: 0.0200  lr: 0.0000
     itm tta time 0:00:08
      TTA Epoch: [59] [  0/122]  eta: 0:00:57  entropy: 0.0287  uncertainty: 1.0000  uncertainty_coeffi: 1.0000  loss: 0.0287  lr: 0.000003  time: 0.4714  data: 0.3985  max mem: 2671
      TTA Epoch: [59] [100/122]  eta: 0:00:01  entropy: 0.0016  uncertainty: 1.0000  uncertainty_coeffi: 1.0000  loss: 0.0016  lr: 0.000001  time: 0.0615  data: 0.0001  max mem: 2671
      TTA Epoch: [59] [121/122]  eta: 0:00:00  entropy: 0.0173  uncertainty: 1.0000  uncertainty_coeffi: 1.0000  loss: 0.0173  lr: 0.000001  time: 0.0608  data: 0.0001  max mem: 2671
      TTA Epoch: [59] Total time: 0:00:07 (0.0645 s / it)
     Averaged stats: entropy: 0.0200  uncertainty: 1.0000  uncertainty_coeffi: 1.0000  loss: 0.0200  lr: 0.0000
     itm tta time 0:00:07
     Computing matching score
      Evaluation: [   0/1978]  eta: 0:02:35    time: 0.0787  data: 0.0046  max mem: 2671
      Evaluation: [ 100/1978]  eta: 0:02:14    time: 0.0717  data: 0.0000  max mem: 2671
      Evaluation: [ 200/1978]  eta: 0:02:07    time: 0.0724  data: 0.0000  max mem: 2671
      Evaluation: [ 300/1978]  eta: 0:02:00    time: 0.0717  data: 0.0000  max mem: 2671
      Evaluation: [ 400/1978]  eta: 0:01:53    time: 0.0719  data: 0.0000  max mem: 2671
      Evaluation: [ 500/1978]  eta: 0:01:46    time: 0.0720  data: 0.0000  max mem: 2671
      Evaluation: [ 600/1978]  eta: 0:01:39    time: 0.0718  data: 0.0000  max mem: 2671
      Evaluation: [ 700/1978]  eta: 0:01:31    time: 0.0716  data: 0.0000  max mem: 2671
      Evaluation: [ 800/1978]  eta: 0:01:24    time: 0.0720  data: 0.0000  max mem: 2671
      Evaluation: [ 900/1978]  eta: 0:01:17    time: 0.0726  data: 0.0000  max mem: 2671
      Evaluation: [1000/1978]  eta: 0:01:10    time: 0.0718  data: 0.0000  max mem: 2671
      Evaluation: [1100/1978]  eta: 0:01:03    time: 0.0722  data: 0.0000  max mem: 2671
      Evaluation: [1200/1978]  eta: 0:00:55    time: 0.0720  data: 0.0000  max mem: 2671
      Evaluation: [1300/1978]  eta: 0:00:48    time: 0.0720  data: 0.0000  max mem: 2671
      Evaluation: [1400/1978]  eta: 0:00:41    time: 0.0717  data: 0.0000  max mem: 2671
      Evaluation: [1500/1978]  eta: 0:00:34    time: 0.0717  data: 0.0000  max mem: 2671
      Evaluation: [1600/1978]  eta: 0:00:27    time: 0.0724  data: 0.0000  max mem: 2671
      Evaluation: [1700/1978]  eta: 0:00:19    time: 0.0717  data: 0.0000  max mem: 2671
      Evaluation: [1800/1978]  eta: 0:00:12    time: 0.0722  data: 0.0000  max mem: 2671
      Evaluation: [1900/1978]  eta: 0:00:05    time: 0.0725  data: 0.0000  max mem: 2671
      Evaluation: [1977/1978]  eta: 0:00:00    time: 0.0725  data: 0.0000  max mem: 2671
      Evaluation: Total time: 0:02:22 (0.0719 s / it)
     Computing matching score time 0:02:22
### TTA ITM Score: 
+-------------------+--------+--------+--------+--------+--------+
|       epoch       |   R1   |   R5   |  R10   |  mAP   |  mINP  |
+-------------------+--------+--------+--------+--------+--------+
|  cos_sim_wo/norm  | 58.544 | 91.860 | 95.703 | 73.596 | 73.596 |
|        -999       | 69.414 | 95.197 | 97.776 | 81.233 | 81.233 |
| itm_score_wo/norm | 84.328 | 98.989 | 99.494 | 91.293 | 91.293 |
|        -999       | 84.277 | 99.039 | 99.596 | 91.276 | 91.276 |
|         0         | 84.732 | 98.938 | 99.545 | 91.466 | 91.466 |
|         1         | 84.681 | 98.837 | 99.444 | 91.368 | 91.368 |
|         2         | 84.530 | 98.736 | 99.242 | 91.254 | 91.254 |
|         4         | 84.783 | 98.888 | 99.292 | 91.465 | 91.465 |
|         9         | 84.580 | 98.483 | 99.343 | 91.243 | 91.243 |
|         14        | 84.378 | 98.686 | 99.343 | 91.097 | 91.097 |
|         19        | 84.125 | 98.534 | 99.292 | 90.941 | 90.941 |
|         29        | 84.277 | 98.584 | 99.343 | 91.014 | 91.014 |
|         39        | 84.378 | 98.534 | 99.393 | 91.076 | 91.076 |
|         49        | 84.429 | 98.483 | 99.393 | 91.110 | 91.110 |
|         59        | 84.479 | 98.483 | 99.393 | 91.142 | 91.142 |
+-------------------+--------+--------+--------+--------+--------+
     logs:  {'epo': 59, 'R1': np.float32(84.479), 'R5': np.float32(98.483), 'R10': np.float32(99.393), 'mAP': np.float32(91.142), 'mINP': np.float32(91.142), 'entropy': 0.019983, 'uncertainty': 1.0, 'uncertainty_coeffi': 1.0, 'loss': 0.019983, 'lr': 2e-06}
### best epoch: 4
### Time 0:34:22
NNODES,  1
NODE_RANK,  0
MASTER_ADDR,  127.0.0.1
MASTER_PORT,  1612
NPROC_PER_NODE,  2
task:  exp1.0.1
config:  configs_rerun3/exp1.0.1.yaml
output_dir:  output_rerun3/exp1.0.1/2025092015033
python3 tta.py --config configs_rerun3/exp1.0.1.yaml --task exp1.0.1 --output_dir output_rerun3/exp1.0.1/2025092015033 --checkpoint checkpoint/cmp.pth --bs 0 --epo 0 --lr 0.0 --seed 42 --tta
