/home/jiahao/miniconda3/envs/cmp/lib/python3.10/site-packages/torch/functional.py:554: UserWarning: torch.meshgrid: in an upcoming release, it will be required to pass the indexing argument. (Triggered internally at /pytorch/aten/src/ATen/native/TensorShape.cpp:4322.)
  return _VF.meshgrid(tensors, **kwargs)  # type: ignore[attr-defined]
Not using distributed mode
### Hyper-parameters:
     seed: 42
     device: cuda
     output_dir: output_rerun3/exp5.0.1/2025092009043
     batch_size_tta: 16
     epochs: 60
     lr: 0.0005
### Creating test dataset
from data/PAB/annotation/test/attr.json loading 1978 data
     test dataset -->    be_pose_img: True
     test_dataset: 1978
### Creating test dataloader
### be careful: func create_loader returns a list length of 1
     test_loader: 90
### Creating model
build_vision_encoder: load swin 224 x 224 ====>
missing_keys:  []
unexpected_keys:  ['head.weight', 'head.bias']
build_text_encoder: load bert ====>
missing_keys: ['bert.encoder.layer.10.crossattention.output.LayerNorm.bias', 'bert.encoder.layer.10.crossattention.output.LayerNorm.weight', 'bert.encoder.layer.10.crossattention.output.dense.bias', 'bert.encoder.layer.10.crossattention.output.dense.weight', 'bert.encoder.layer.10.crossattention.self.key.bias', 'bert.encoder.layer.10.crossattention.self.key.weight', 'bert.encoder.layer.10.crossattention.self.query.bias', 'bert.encoder.layer.10.crossattention.self.query.weight', 'bert.encoder.layer.10.crossattention.self.value.bias', 'bert.encoder.layer.10.crossattention.self.value.weight', 'bert.encoder.layer.11.crossattention.output.LayerNorm.bias', 'bert.encoder.layer.11.crossattention.output.LayerNorm.weight', 'bert.encoder.layer.11.crossattention.output.dense.bias', 'bert.encoder.layer.11.crossattention.output.dense.weight', 'bert.encoder.layer.11.crossattention.self.key.bias', 'bert.encoder.layer.11.crossattention.self.key.weight', 'bert.encoder.layer.11.crossattention.self.query.bias', 'bert.encoder.layer.11.crossattention.self.query.weight', 'bert.encoder.layer.11.crossattention.self.value.bias', 'bert.encoder.layer.11.crossattention.self.value.weight', 'bert.encoder.layer.6.crossattention.output.LayerNorm.bias', 'bert.encoder.layer.6.crossattention.output.LayerNorm.weight', 'bert.encoder.layer.6.crossattention.output.dense.bias', 'bert.encoder.layer.6.crossattention.output.dense.weight', 'bert.encoder.layer.6.crossattention.self.key.bias', 'bert.encoder.layer.6.crossattention.self.key.weight', 'bert.encoder.layer.6.crossattention.self.query.bias', 'bert.encoder.layer.6.crossattention.self.query.weight', 'bert.encoder.layer.6.crossattention.self.value.bias', 'bert.encoder.layer.6.crossattention.self.value.weight', 'bert.encoder.layer.7.crossattention.output.LayerNorm.bias', 'bert.encoder.layer.7.crossattention.output.LayerNorm.weight', 'bert.encoder.layer.7.crossattention.output.dense.bias', 'bert.encoder.layer.7.crossattention.output.dense.weight', 'bert.encoder.layer.7.crossattention.self.key.bias', 'bert.encoder.layer.7.crossattention.self.key.weight', 'bert.encoder.layer.7.crossattention.self.query.bias', 'bert.encoder.layer.7.crossattention.self.query.weight', 'bert.encoder.layer.7.crossattention.self.value.bias', 'bert.encoder.layer.7.crossattention.self.value.weight', 'bert.encoder.layer.8.crossattention.output.LayerNorm.bias', 'bert.encoder.layer.8.crossattention.output.LayerNorm.weight', 'bert.encoder.layer.8.crossattention.output.dense.bias', 'bert.encoder.layer.8.crossattention.output.dense.weight', 'bert.encoder.layer.8.crossattention.self.key.bias', 'bert.encoder.layer.8.crossattention.self.key.weight', 'bert.encoder.layer.8.crossattention.self.query.bias', 'bert.encoder.layer.8.crossattention.self.query.weight', 'bert.encoder.layer.8.crossattention.self.value.bias', 'bert.encoder.layer.8.crossattention.self.value.weight', 'bert.encoder.layer.9.crossattention.output.LayerNorm.bias', 'bert.encoder.layer.9.crossattention.output.LayerNorm.weight', 'bert.encoder.layer.9.crossattention.output.dense.bias', 'bert.encoder.layer.9.crossattention.output.dense.weight', 'bert.encoder.layer.9.crossattention.self.key.bias', 'bert.encoder.layer.9.crossattention.self.key.weight', 'bert.encoder.layer.9.crossattention.self.query.bias', 'bert.encoder.layer.9.crossattention.self.query.weight', 'bert.encoder.layer.9.crossattention.self.value.bias', 'bert.encoder.layer.9.crossattention.self.value.weight']
unexpected_keys: ['cls.seq_relationship.bias', 'cls.seq_relationship.weight']
mismatched_keys: []
error_msgs: []
Label Smooth: 0.2
pose_conv
load checkpoint from checkpoint/cmp.pth
missing_keys:  ['uncertainty_temper', 'prompt_learning_embedding']
unexpected_keys:  []
     Total Params Sum:  254264985
### Inference ITC similiarity matrix
### Zero-Shot Score: 
+-------------------+--------+--------+--------+--------+--------+
|       epoch       |   R1   |   R5   |  R10   |  mAP   |  mINP  |
+-------------------+--------+--------+--------+--------+--------+
|  cos_sim_wo/norm  | 58.544 | 91.860 | 95.703 | 73.596 | 73.596 |
|        -999       | 69.414 | 95.197 | 97.776 | 81.233 | 81.233 |
| itm_score_wo/norm | 84.328 | 98.989 | 99.494 | 91.293 | 91.293 |
|        -999       | 84.277 | 99.039 | 99.596 | 91.276 | 91.276 |
+-------------------+--------+--------+--------+--------+--------+
### TTA:
     preprocess_tta_coefficients  start
     sample selection ...
     number of sample after sample_selection: 1958
     uncertainty ...
     preprocess_tta_coefficients  end
### Creating tta dataset
     tta_dataset: 1958
### Creating tta dataloader
### be careful: func create_loader returns a list length of 1
     tta_loader: 122
### Configure adapted weights
     TTA Dropout Modules: 
 [('vision_encoder.pos_drop', Dropout(p=0, inplace=False), True), ('vision_encoder.layers.0.blocks.0.attn.attn_drop', Dropout(p=0.0, inplace=False), True), ('vision_encoder.layers.0.blocks.0.attn.proj_drop', Dropout(p=0, inplace=False), True), ('vision_encoder.layers.0.blocks.0.mlp.drop', Dropout(p=0, inplace=False), True), ('vision_encoder.layers.0.blocks.1.attn.attn_drop', Dropout(p=0.0, inplace=False), True), ('vision_encoder.layers.0.blocks.1.attn.proj_drop', Dropout(p=0, inplace=False), True), ('vision_encoder.layers.0.blocks.1.mlp.drop', Dropout(p=0, inplace=False), True), ('vision_encoder.layers.1.blocks.0.attn.attn_drop', Dropout(p=0.0, inplace=False), True), ('vision_encoder.layers.1.blocks.0.attn.proj_drop', Dropout(p=0, inplace=False), True), ('vision_encoder.layers.1.blocks.0.mlp.drop', Dropout(p=0, inplace=False), True), ('vision_encoder.layers.1.blocks.1.attn.attn_drop', Dropout(p=0.0, inplace=False), True), ('vision_encoder.layers.1.blocks.1.attn.proj_drop', Dropout(p=0, inplace=False), True), ('vision_encoder.layers.1.blocks.1.mlp.drop', Dropout(p=0, inplace=False), True), ('vision_encoder.layers.2.blocks.0.attn.attn_drop', Dropout(p=0.0, inplace=False), True), ('vision_encoder.layers.2.blocks.0.attn.proj_drop', Dropout(p=0, inplace=False), True), ('vision_encoder.layers.2.blocks.0.mlp.drop', Dropout(p=0, inplace=False), True), ('vision_encoder.layers.2.blocks.1.attn.attn_drop', Dropout(p=0.0, inplace=False), True), ('vision_encoder.layers.2.blocks.1.attn.proj_drop', Dropout(p=0, inplace=False), True), ('vision_encoder.layers.2.blocks.1.mlp.drop', Dropout(p=0, inplace=False), True), ('vision_encoder.layers.2.blocks.2.attn.attn_drop', Dropout(p=0.0, inplace=False), True), ('vision_encoder.layers.2.blocks.2.attn.proj_drop', Dropout(p=0, inplace=False), True), ('vision_encoder.layers.2.blocks.2.mlp.drop', Dropout(p=0, inplace=False), True), ('vision_encoder.layers.2.blocks.3.attn.attn_drop', Dropout(p=0.0, inplace=False), True), ('vision_encoder.layers.2.blocks.3.attn.proj_drop', Dropout(p=0, inplace=False), True), ('vision_encoder.layers.2.blocks.3.mlp.drop', Dropout(p=0, inplace=False), True), ('vision_encoder.layers.2.blocks.4.attn.attn_drop', Dropout(p=0.0, inplace=False), True), ('vision_encoder.layers.2.blocks.4.attn.proj_drop', Dropout(p=0, inplace=False), True), ('vision_encoder.layers.2.blocks.4.mlp.drop', Dropout(p=0, inplace=False), True), ('vision_encoder.layers.2.blocks.5.attn.attn_drop', Dropout(p=0.0, inplace=False), True), ('vision_encoder.layers.2.blocks.5.attn.proj_drop', Dropout(p=0, inplace=False), True), ('vision_encoder.layers.2.blocks.5.mlp.drop', Dropout(p=0, inplace=False), True), ('vision_encoder.layers.2.blocks.6.attn.attn_drop', Dropout(p=0.0, inplace=False), True), ('vision_encoder.layers.2.blocks.6.attn.proj_drop', Dropout(p=0, inplace=False), True), ('vision_encoder.layers.2.blocks.6.mlp.drop', Dropout(p=0, inplace=False), True), ('vision_encoder.layers.2.blocks.7.attn.attn_drop', Dropout(p=0.0, inplace=False), True), ('vision_encoder.layers.2.blocks.7.attn.proj_drop', Dropout(p=0, inplace=False), True), ('vision_encoder.layers.2.blocks.7.mlp.drop', Dropout(p=0, inplace=False), True), ('vision_encoder.layers.2.blocks.8.attn.attn_drop', Dropout(p=0.0, inplace=False), True), ('vision_encoder.layers.2.blocks.8.attn.proj_drop', Dropout(p=0, inplace=False), True), ('vision_encoder.layers.2.blocks.8.mlp.drop', Dropout(p=0, inplace=False), True), ('vision_encoder.layers.2.blocks.9.attn.attn_drop', Dropout(p=0.0, inplace=False), True), ('vision_encoder.layers.2.blocks.9.attn.proj_drop', Dropout(p=0, inplace=False), True), ('vision_encoder.layers.2.blocks.9.mlp.drop', Dropout(p=0, inplace=False), True), ('vision_encoder.layers.2.blocks.10.attn.attn_drop', Dropout(p=0.0, inplace=False), True), ('vision_encoder.layers.2.blocks.10.attn.proj_drop', Dropout(p=0, inplace=False), True), ('vision_encoder.layers.2.blocks.10.mlp.drop', Dropout(p=0, inplace=False), True), ('vision_encoder.layers.2.blocks.11.attn.attn_drop', Dropout(p=0.0, inplace=False), True), ('vision_encoder.layers.2.blocks.11.attn.proj_drop', Dropout(p=0, inplace=False), True), ('vision_encoder.layers.2.blocks.11.mlp.drop', Dropout(p=0, inplace=False), True), ('vision_encoder.layers.2.blocks.12.attn.attn_drop', Dropout(p=0.0, inplace=False), True), ('vision_encoder.layers.2.blocks.12.attn.proj_drop', Dropout(p=0, inplace=False), True), ('vision_encoder.layers.2.blocks.12.mlp.drop', Dropout(p=0, inplace=False), True), ('vision_encoder.layers.2.blocks.13.attn.attn_drop', Dropout(p=0.0, inplace=False), True), ('vision_encoder.layers.2.blocks.13.attn.proj_drop', Dropout(p=0, inplace=False), True), ('vision_encoder.layers.2.blocks.13.mlp.drop', Dropout(p=0, inplace=False), True), ('vision_encoder.layers.2.blocks.14.attn.attn_drop', Dropout(p=0.0, inplace=False), True), ('vision_encoder.layers.2.blocks.14.attn.proj_drop', Dropout(p=0, inplace=False), True), ('vision_encoder.layers.2.blocks.14.mlp.drop', Dropout(p=0, inplace=False), True), ('vision_encoder.layers.2.blocks.15.attn.attn_drop', Dropout(p=0.0, inplace=False), True), ('vision_encoder.layers.2.blocks.15.attn.proj_drop', Dropout(p=0, inplace=False), True), ('vision_encoder.layers.2.blocks.15.mlp.drop', Dropout(p=0, inplace=False), True), ('vision_encoder.layers.2.blocks.16.attn.attn_drop', Dropout(p=0.0, inplace=False), True), ('vision_encoder.layers.2.blocks.16.attn.proj_drop', Dropout(p=0, inplace=False), True), ('vision_encoder.layers.2.blocks.16.mlp.drop', Dropout(p=0, inplace=False), True), ('vision_encoder.layers.2.blocks.17.attn.attn_drop', Dropout(p=0.0, inplace=False), True), ('vision_encoder.layers.2.blocks.17.attn.proj_drop', Dropout(p=0, inplace=False), True), ('vision_encoder.layers.2.blocks.17.mlp.drop', Dropout(p=0, inplace=False), True), ('vision_encoder.layers.3.blocks.0.attn.attn_drop', Dropout(p=0.0, inplace=False), True), ('vision_encoder.layers.3.blocks.0.attn.proj_drop', Dropout(p=0, inplace=False), True), ('vision_encoder.layers.3.blocks.0.mlp.drop', Dropout(p=0, inplace=False), True), ('vision_encoder.layers.3.blocks.1.attn.attn_drop', Dropout(p=0.0, inplace=False), True), ('vision_encoder.layers.3.blocks.1.attn.proj_drop', Dropout(p=0, inplace=False), True), ('vision_encoder.layers.3.blocks.1.mlp.drop', Dropout(p=0, inplace=False), True), ('text_encoder.bert.embeddings.dropout', Dropout(p=0.1, inplace=False), True), ('text_encoder.bert.encoder.layer.0.attention.self.dropout', Dropout(p=0.1, inplace=False), True), ('text_encoder.bert.encoder.layer.0.attention.output.dropout', Dropout(p=0.1, inplace=False), True), ('text_encoder.bert.encoder.layer.0.output.dropout', Dropout(p=0.1, inplace=False), True), ('text_encoder.bert.encoder.layer.1.attention.self.dropout', Dropout(p=0.1, inplace=False), True), ('text_encoder.bert.encoder.layer.1.attention.output.dropout', Dropout(p=0.1, inplace=False), True), ('text_encoder.bert.encoder.layer.1.output.dropout', Dropout(p=0.1, inplace=False), True), ('text_encoder.bert.encoder.layer.2.attention.self.dropout', Dropout(p=0.1, inplace=False), True), ('text_encoder.bert.encoder.layer.2.attention.output.dropout', Dropout(p=0.1, inplace=False), True), ('text_encoder.bert.encoder.layer.2.output.dropout', Dropout(p=0.1, inplace=False), True), ('text_encoder.bert.encoder.layer.3.attention.self.dropout', Dropout(p=0.1, inplace=False), True), ('text_encoder.bert.encoder.layer.3.attention.output.dropout', Dropout(p=0.1, inplace=False), True), ('text_encoder.bert.encoder.layer.3.output.dropout', Dropout(p=0.1, inplace=False), True), ('text_encoder.bert.encoder.layer.4.attention.self.dropout', Dropout(p=0.1, inplace=False), True), ('text_encoder.bert.encoder.layer.4.attention.output.dropout', Dropout(p=0.1, inplace=False), True), ('text_encoder.bert.encoder.layer.4.output.dropout', Dropout(p=0.1, inplace=False), True), ('text_encoder.bert.encoder.layer.5.attention.self.dropout', Dropout(p=0.1, inplace=False), True), ('text_encoder.bert.encoder.layer.5.attention.output.dropout', Dropout(p=0.1, inplace=False), True), ('text_encoder.bert.encoder.layer.5.output.dropout', Dropout(p=0.1, inplace=False), True), ('text_encoder.bert.encoder.layer.6.attention.self.dropout', Dropout(p=0.1, inplace=False), True), ('text_encoder.bert.encoder.layer.6.attention.output.dropout', Dropout(p=0.1, inplace=False), True), ('text_encoder.bert.encoder.layer.6.crossattention.self.dropout', Dropout(p=0.1, inplace=False), True), ('text_encoder.bert.encoder.layer.6.crossattention.output.dropout', Dropout(p=0.1, inplace=False), True), ('text_encoder.bert.encoder.layer.6.output.dropout', Dropout(p=0.1, inplace=False), True), ('text_encoder.bert.encoder.layer.7.attention.self.dropout', Dropout(p=0.1, inplace=False), True), ('text_encoder.bert.encoder.layer.7.attention.output.dropout', Dropout(p=0.1, inplace=False), True), ('text_encoder.bert.encoder.layer.7.crossattention.self.dropout', Dropout(p=0.1, inplace=False), True), ('text_encoder.bert.encoder.layer.7.crossattention.output.dropout', Dropout(p=0.1, inplace=False), True), ('text_encoder.bert.encoder.layer.7.output.dropout', Dropout(p=0.1, inplace=False), True), ('text_encoder.bert.encoder.layer.8.attention.self.dropout', Dropout(p=0.1, inplace=False), True), ('text_encoder.bert.encoder.layer.8.attention.output.dropout', Dropout(p=0.1, inplace=False), True), ('text_encoder.bert.encoder.layer.8.crossattention.self.dropout', Dropout(p=0.1, inplace=False), True), ('text_encoder.bert.encoder.layer.8.crossattention.output.dropout', Dropout(p=0.1, inplace=False), True), ('text_encoder.bert.encoder.layer.8.output.dropout', Dropout(p=0.1, inplace=False), True), ('text_encoder.bert.encoder.layer.9.attention.self.dropout', Dropout(p=0.1, inplace=False), True), ('text_encoder.bert.encoder.layer.9.attention.output.dropout', Dropout(p=0.1, inplace=False), True), ('text_encoder.bert.encoder.layer.9.crossattention.self.dropout', Dropout(p=0.1, inplace=False), True), ('text_encoder.bert.encoder.layer.9.crossattention.output.dropout', Dropout(p=0.1, inplace=False), True), ('text_encoder.bert.encoder.layer.9.output.dropout', Dropout(p=0.1, inplace=False), True), ('text_encoder.bert.encoder.layer.10.attention.self.dropout', Dropout(p=0.1, inplace=False), True), ('text_encoder.bert.encoder.layer.10.attention.output.dropout', Dropout(p=0.1, inplace=False), True), ('text_encoder.bert.encoder.layer.10.crossattention.self.dropout', Dropout(p=0.1, inplace=False), True), ('text_encoder.bert.encoder.layer.10.crossattention.output.dropout', Dropout(p=0.1, inplace=False), True), ('text_encoder.bert.encoder.layer.10.output.dropout', Dropout(p=0.1, inplace=False), True), ('text_encoder.bert.encoder.layer.11.attention.self.dropout', Dropout(p=0.1, inplace=False), True), ('text_encoder.bert.encoder.layer.11.attention.output.dropout', Dropout(p=0.1, inplace=False), True), ('text_encoder.bert.encoder.layer.11.crossattention.self.dropout', Dropout(p=0.1, inplace=False), True), ('text_encoder.bert.encoder.layer.11.crossattention.output.dropout', Dropout(p=0.1, inplace=False), True), ('text_encoder.bert.encoder.layer.11.output.dropout', Dropout(p=0.1, inplace=False), True), ('vision_proj.1', Dropout(p=0.5, inplace=False), True), ('text_proj.1', Dropout(p=0.5, inplace=False), True), ('pose_block.attn.attn_drop', Dropout(p=0.0, inplace=False), True), ('pose_block.attn.proj_drop', Dropout(p=0.0, inplace=False), True)]
     TTA Require Gradient Params: 
 [('text_encoder.bert.embeddings.LayerNorm.weight', torch.Size([768])), ('text_encoder.bert.embeddings.LayerNorm.bias', torch.Size([768])), ('text_encoder.bert.encoder.layer.6.attention.output.LayerNorm.weight', torch.Size([768])), ('text_encoder.bert.encoder.layer.6.attention.output.LayerNorm.bias', torch.Size([768])), ('text_encoder.bert.encoder.layer.6.crossattention.output.LayerNorm.weight', torch.Size([768])), ('text_encoder.bert.encoder.layer.6.crossattention.output.LayerNorm.bias', torch.Size([768])), ('text_encoder.bert.encoder.layer.6.output.LayerNorm.weight', torch.Size([768])), ('text_encoder.bert.encoder.layer.6.output.LayerNorm.bias', torch.Size([768])), ('text_encoder.bert.encoder.layer.7.attention.output.LayerNorm.weight', torch.Size([768])), ('text_encoder.bert.encoder.layer.7.attention.output.LayerNorm.bias', torch.Size([768])), ('text_encoder.bert.encoder.layer.7.crossattention.output.LayerNorm.weight', torch.Size([768])), ('text_encoder.bert.encoder.layer.7.crossattention.output.LayerNorm.bias', torch.Size([768])), ('text_encoder.bert.encoder.layer.7.output.LayerNorm.weight', torch.Size([768])), ('text_encoder.bert.encoder.layer.7.output.LayerNorm.bias', torch.Size([768])), ('text_encoder.bert.encoder.layer.8.attention.output.LayerNorm.weight', torch.Size([768])), ('text_encoder.bert.encoder.layer.8.attention.output.LayerNorm.bias', torch.Size([768])), ('text_encoder.bert.encoder.layer.8.crossattention.output.LayerNorm.weight', torch.Size([768])), ('text_encoder.bert.encoder.layer.8.crossattention.output.LayerNorm.bias', torch.Size([768])), ('text_encoder.bert.encoder.layer.8.output.LayerNorm.weight', torch.Size([768])), ('text_encoder.bert.encoder.layer.8.output.LayerNorm.bias', torch.Size([768])), ('text_encoder.bert.encoder.layer.9.attention.output.LayerNorm.weight', torch.Size([768])), ('text_encoder.bert.encoder.layer.9.attention.output.LayerNorm.bias', torch.Size([768])), ('text_encoder.bert.encoder.layer.9.crossattention.output.LayerNorm.weight', torch.Size([768])), ('text_encoder.bert.encoder.layer.9.crossattention.output.LayerNorm.bias', torch.Size([768])), ('text_encoder.bert.encoder.layer.9.output.LayerNorm.weight', torch.Size([768])), ('text_encoder.bert.encoder.layer.9.output.LayerNorm.bias', torch.Size([768])), ('text_encoder.bert.encoder.layer.10.attention.output.LayerNorm.weight', torch.Size([768])), ('text_encoder.bert.encoder.layer.10.attention.output.LayerNorm.bias', torch.Size([768])), ('text_encoder.bert.encoder.layer.10.crossattention.output.LayerNorm.weight', torch.Size([768])), ('text_encoder.bert.encoder.layer.10.crossattention.output.LayerNorm.bias', torch.Size([768])), ('text_encoder.bert.encoder.layer.10.output.LayerNorm.weight', torch.Size([768])), ('text_encoder.bert.encoder.layer.10.output.LayerNorm.bias', torch.Size([768])), ('text_encoder.bert.encoder.layer.11.attention.output.LayerNorm.weight', torch.Size([768])), ('text_encoder.bert.encoder.layer.11.attention.output.LayerNorm.bias', torch.Size([768])), ('text_encoder.bert.encoder.layer.11.crossattention.output.LayerNorm.weight', torch.Size([768])), ('text_encoder.bert.encoder.layer.11.crossattention.output.LayerNorm.bias', torch.Size([768])), ('text_encoder.bert.encoder.layer.11.output.LayerNorm.weight', torch.Size([768])), ('text_encoder.bert.encoder.layer.11.output.LayerNorm.bias', torch.Size([768])), ('text_encoder.cls.predictions.transform.LayerNorm.weight', torch.Size([768])), ('text_encoder.cls.predictions.transform.LayerNorm.bias', torch.Size([768])), ('itm_head.1.weight', torch.Size([1536])), ('itm_head.1.bias', torch.Size([1536]))]
     TTA Dropout Modules Number: 
 126
     TTA Require Gradient Params Sum: 
 33792
     lr:  0.0005    lr_mult:  2
     model has 'init_params',  386
     num_tta_steps:  7380
     num_warmup_steps:  500
     sched: step
/home/jiahao/task/CMP/tta.py:246: FutureWarning: `torch.cuda.amp.GradScaler(args...)` is deprecated. Please use `torch.amp.GradScaler('cuda', args...)` instead.
  scaler = GradScaler()  # bf16
### Start ITM Test Time Adaptation
      TTA Epoch: [0] [  0/122]  eta: 0:01:05  entropy: 0.4603  uncertainty: 1.4031  uncertainty_coeffi: 0.0100  loss: 0.3060  lr: 0.000001  time: 0.5373  data: 0.2337  max mem: 2639
      TTA Epoch: [0] [100/122]  eta: 0:00:01  entropy: 0.4182  uncertainty: 1.4614  uncertainty_coeffi: 0.0100  loss: 0.2965  lr: 0.000101  time: 0.0581  data: 0.0000  max mem: 2671
      TTA Epoch: [0] [121/122]  eta: 0:00:00  entropy: 0.3101  uncertainty: 1.5586  uncertainty_coeffi: 0.0100  loss: 0.2156  lr: 0.000122  time: 0.0579  data: 0.0000  max mem: 2671
      TTA Epoch: [0] Total time: 0:00:07 (0.0619 s / it)
     Averaged stats: entropy: 0.3706  uncertainty: 1.4650  uncertainty_coeffi: 0.0100  loss: 0.2592  lr: 0.0001
     itm tta time 0:00:07
     Computing matching score
      Evaluation: [   0/1978]  eta: 0:02:48    time: 0.0851  data: 0.0009  max mem: 2671
      Evaluation: [ 100/1978]  eta: 0:02:04    time: 0.0661  data: 0.0000  max mem: 2671
      Evaluation: [ 200/1978]  eta: 0:01:57    time: 0.0662  data: 0.0000  max mem: 2671
      Evaluation: [ 300/1978]  eta: 0:01:51    time: 0.0662  data: 0.0000  max mem: 2671
      Evaluation: [ 400/1978]  eta: 0:01:44    time: 0.0662  data: 0.0000  max mem: 2671
      Evaluation: [ 500/1978]  eta: 0:01:37    time: 0.0662  data: 0.0000  max mem: 2671
      Evaluation: [ 600/1978]  eta: 0:01:31    time: 0.0662  data: 0.0000  max mem: 2671
      Evaluation: [ 700/1978]  eta: 0:01:24    time: 0.0662  data: 0.0000  max mem: 2671
      Evaluation: [ 800/1978]  eta: 0:01:18    time: 0.0663  data: 0.0000  max mem: 2671
      Evaluation: [ 900/1978]  eta: 0:01:11    time: 0.0663  data: 0.0000  max mem: 2671
      Evaluation: [1000/1978]  eta: 0:01:04    time: 0.0663  data: 0.0000  max mem: 2671
      Evaluation: [1100/1978]  eta: 0:00:58    time: 0.0663  data: 0.0000  max mem: 2671
      Evaluation: [1200/1978]  eta: 0:00:51    time: 0.0663  data: 0.0000  max mem: 2671
      Evaluation: [1300/1978]  eta: 0:00:44    time: 0.0662  data: 0.0000  max mem: 2671
      Evaluation: [1400/1978]  eta: 0:00:38    time: 0.0663  data: 0.0000  max mem: 2671
      Evaluation: [1500/1978]  eta: 0:00:31    time: 0.0663  data: 0.0000  max mem: 2671
      Evaluation: [1600/1978]  eta: 0:00:25    time: 0.0663  data: 0.0000  max mem: 2671
      Evaluation: [1700/1978]  eta: 0:00:18    time: 0.0662  data: 0.0000  max mem: 2671
      Evaluation: [1800/1978]  eta: 0:00:11    time: 0.0663  data: 0.0000  max mem: 2671
      Evaluation: [1900/1978]  eta: 0:00:05    time: 0.0663  data: 0.0000  max mem: 2671
      Evaluation: [1977/1978]  eta: 0:00:00    time: 0.0663  data: 0.0000  max mem: 2671
      Evaluation: Total time: 0:02:11 (0.0663 s / it)
     Computing matching score time 0:02:11
### TTA ITM Score: 
+-------------------+--------+--------+--------+--------+--------+
|       epoch       |   R1   |   R5   |  R10   |  mAP   |  mINP  |
+-------------------+--------+--------+--------+--------+--------+
|  cos_sim_wo/norm  | 58.544 | 91.860 | 95.703 | 73.596 | 73.596 |
|        -999       | 69.414 | 95.197 | 97.776 | 81.233 | 81.233 |
| itm_score_wo/norm | 84.328 | 98.989 | 99.494 | 91.293 | 91.293 |
|        -999       | 84.277 | 99.039 | 99.596 | 91.276 | 91.276 |
|         0         | 84.732 | 98.888 | 99.545 | 91.452 | 91.452 |
+-------------------+--------+--------+--------+--------+--------+
     logs:  {'epo': 0, 'R1': np.float32(84.732), 'R5': np.float32(98.888), 'R10': np.float32(99.545), 'mAP': np.float32(91.452), 'mINP': np.float32(91.452), 'entropy': 0.370562, 'uncertainty': 1.465004, 'uncertainty_coeffi': 0.01, 'loss': 0.259224, 'lr': 6.2e-05}
      TTA Epoch: [1] [  0/122]  eta: 0:00:30  entropy: 0.2695  uncertainty: 1.4082  uncertainty_coeffi: 0.0100  loss: 0.1945  lr: 0.000123  time: 0.2482  data: 0.1890  max mem: 2671
      TTA Epoch: [1] [100/122]  eta: 0:00:01  entropy: 0.4284  uncertainty: 1.5844  uncertainty_coeffi: 0.0100  loss: 0.2808  lr: 0.000223  time: 0.0581  data: 0.0000  max mem: 2671
      TTA Epoch: [1] [121/122]  eta: 0:00:00  entropy: 0.2036  uncertainty: 1.4843  uncertainty_coeffi: 0.0100  loss: 0.1192  lr: 0.000244  time: 0.0582  data: 0.0000  max mem: 2671
      TTA Epoch: [1] Total time: 0:00:07 (0.0597 s / it)
     Averaged stats: entropy: 0.2794  uncertainty: 1.4644  uncertainty_coeffi: 0.0100  loss: 0.1936  lr: 0.0002
     itm tta time 0:00:07
     Computing matching score
      Evaluation: [   0/1978]  eta: 0:02:02    time: 0.0621  data: 0.0008  max mem: 2671
      Evaluation: [ 100/1978]  eta: 0:02:04    time: 0.0663  data: 0.0000  max mem: 2671
      Evaluation: [ 200/1978]  eta: 0:01:57    time: 0.0663  data: 0.0000  max mem: 2671
      Evaluation: [ 300/1978]  eta: 0:01:51    time: 0.0664  data: 0.0000  max mem: 2671
      Evaluation: [ 400/1978]  eta: 0:01:44    time: 0.0663  data: 0.0000  max mem: 2671
      Evaluation: [ 500/1978]  eta: 0:01:38    time: 0.0664  data: 0.0000  max mem: 2671
      Evaluation: [ 600/1978]  eta: 0:01:31    time: 0.0663  data: 0.0000  max mem: 2671
      Evaluation: [ 700/1978]  eta: 0:01:24    time: 0.0663  data: 0.0000  max mem: 2671
      Evaluation: [ 800/1978]  eta: 0:01:18    time: 0.0663  data: 0.0000  max mem: 2671
      Evaluation: [ 900/1978]  eta: 0:01:11    time: 0.0663  data: 0.0000  max mem: 2671
      Evaluation: [1000/1978]  eta: 0:01:04    time: 0.0663  data: 0.0000  max mem: 2671
      Evaluation: [1100/1978]  eta: 0:00:58    time: 0.0664  data: 0.0000  max mem: 2671
      Evaluation: [1200/1978]  eta: 0:00:51    time: 0.0665  data: 0.0000  max mem: 2671
      Evaluation: [1300/1978]  eta: 0:00:44    time: 0.0663  data: 0.0000  max mem: 2671
      Evaluation: [1400/1978]  eta: 0:00:38    time: 0.0663  data: 0.0000  max mem: 2671
      Evaluation: [1500/1978]  eta: 0:00:31    time: 0.0664  data: 0.0000  max mem: 2671
      Evaluation: [1600/1978]  eta: 0:00:25    time: 0.0664  data: 0.0000  max mem: 2671
      Evaluation: [1700/1978]  eta: 0:00:18    time: 0.0664  data: 0.0000  max mem: 2671
      Evaluation: [1800/1978]  eta: 0:00:11    time: 0.0663  data: 0.0000  max mem: 2671
      Evaluation: [1900/1978]  eta: 0:00:05    time: 0.0663  data: 0.0000  max mem: 2671
      Evaluation: [1977/1978]  eta: 0:00:00    time: 0.0663  data: 0.0000  max mem: 2671
      Evaluation: Total time: 0:02:11 (0.0663 s / it)
     Computing matching score time 0:02:11
### TTA ITM Score: 
+-------------------+--------+--------+--------+--------+--------+
|       epoch       |   R1   |   R5   |  R10   |  mAP   |  mINP  |
+-------------------+--------+--------+--------+--------+--------+
|  cos_sim_wo/norm  | 58.544 | 91.860 | 95.703 | 73.596 | 73.596 |
|        -999       | 69.414 | 95.197 | 97.776 | 81.233 | 81.233 |
| itm_score_wo/norm | 84.328 | 98.989 | 99.494 | 91.293 | 91.293 |
|        -999       | 84.277 | 99.039 | 99.596 | 91.276 | 91.276 |
|         0         | 84.732 | 98.888 | 99.545 | 91.452 | 91.452 |
|         1         | 84.681 | 98.837 | 99.343 | 91.349 | 91.349 |
+-------------------+--------+--------+--------+--------+--------+
     logs:  {'epo': 1, 'R1': np.float32(84.681), 'R5': np.float32(98.837), 'R10': np.float32(99.343), 'mAP': np.float32(91.349), 'mINP': np.float32(91.349), 'entropy': 0.279359, 'uncertainty': 1.464373, 'uncertainty_coeffi': 0.01, 'loss': 0.193599, 'lr': 0.000184}
      TTA Epoch: [2] [  0/122]  eta: 0:00:31  entropy: 0.2293  uncertainty: 1.4637  uncertainty_coeffi: 0.0100  loss: 0.1618  lr: 0.000245  time: 0.2594  data: 0.1998  max mem: 2671
      TTA Epoch: [2] [100/122]  eta: 0:00:01  entropy: 0.1407  uncertainty: 1.5110  uncertainty_coeffi: 0.0100  loss: 0.1117  lr: 0.000345  time: 0.0581  data: 0.0000  max mem: 2671
      TTA Epoch: [2] [121/122]  eta: 0:00:00  entropy: 0.2866  uncertainty: 1.4815  uncertainty_coeffi: 0.0100  loss: 0.1690  lr: 0.000366  time: 0.0580  data: 0.0000  max mem: 2671
      TTA Epoch: [2] Total time: 0:00:07 (0.0598 s / it)
     Averaged stats: entropy: 0.2039  uncertainty: 1.4637  uncertainty_coeffi: 0.0100  loss: 0.1442  lr: 0.0003
     itm tta time 0:00:07
     Computing matching score
      Evaluation: [   0/1978]  eta: 0:02:01    time: 0.0613  data: 0.0009  max mem: 2671
      Evaluation: [ 100/1978]  eta: 0:02:04    time: 0.0663  data: 0.0000  max mem: 2671
      Evaluation: [ 200/1978]  eta: 0:01:57    time: 0.0664  data: 0.0000  max mem: 2671
      Evaluation: [ 300/1978]  eta: 0:01:51    time: 0.0663  data: 0.0000  max mem: 2671
      Evaluation: [ 400/1978]  eta: 0:01:44    time: 0.0663  data: 0.0000  max mem: 2671
      Evaluation: [ 500/1978]  eta: 0:01:38    time: 0.0664  data: 0.0000  max mem: 2671
      Evaluation: [ 600/1978]  eta: 0:01:31    time: 0.0664  data: 0.0000  max mem: 2671
      Evaluation: [ 700/1978]  eta: 0:01:24    time: 0.0663  data: 0.0000  max mem: 2671
      Evaluation: [ 800/1978]  eta: 0:01:18    time: 0.0664  data: 0.0000  max mem: 2671
      Evaluation: [ 900/1978]  eta: 0:01:11    time: 0.0663  data: 0.0000  max mem: 2671
      Evaluation: [1000/1978]  eta: 0:01:04    time: 0.0663  data: 0.0000  max mem: 2671
      Evaluation: [1100/1978]  eta: 0:00:58    time: 0.0664  data: 0.0000  max mem: 2671
      Evaluation: [1200/1978]  eta: 0:00:51    time: 0.0663  data: 0.0000  max mem: 2671
      Evaluation: [1300/1978]  eta: 0:00:44    time: 0.0663  data: 0.0000  max mem: 2671
      Evaluation: [1400/1978]  eta: 0:00:38    time: 0.0663  data: 0.0000  max mem: 2671
      Evaluation: [1500/1978]  eta: 0:00:31    time: 0.0663  data: 0.0000  max mem: 2671
      Evaluation: [1600/1978]  eta: 0:00:25    time: 0.0664  data: 0.0000  max mem: 2671
      Evaluation: [1700/1978]  eta: 0:00:18    time: 0.0665  data: 0.0000  max mem: 2671
      Evaluation: [1800/1978]  eta: 0:00:11    time: 0.0663  data: 0.0000  max mem: 2671
      Evaluation: [1900/1978]  eta: 0:00:05    time: 0.0664  data: 0.0000  max mem: 2671
      Evaluation: [1977/1978]  eta: 0:00:00    time: 0.0664  data: 0.0000  max mem: 2671
      Evaluation: Total time: 0:02:11 (0.0663 s / it)
     Computing matching score time 0:02:11
### TTA ITM Score: 
+-------------------+--------+--------+--------+--------+--------+
|       epoch       |   R1   |   R5   |  R10   |  mAP   |  mINP  |
+-------------------+--------+--------+--------+--------+--------+
|  cos_sim_wo/norm  | 58.544 | 91.860 | 95.703 | 73.596 | 73.596 |
|        -999       | 69.414 | 95.197 | 97.776 | 81.233 | 81.233 |
| itm_score_wo/norm | 84.328 | 98.989 | 99.494 | 91.293 | 91.293 |
|        -999       | 84.277 | 99.039 | 99.596 | 91.276 | 91.276 |
|         0         | 84.732 | 98.888 | 99.545 | 91.452 | 91.452 |
|         1         | 84.681 | 98.837 | 99.343 | 91.349 | 91.349 |
|         2         | 84.732 | 98.635 | 99.242 | 91.359 | 91.359 |
+-------------------+--------+--------+--------+--------+--------+
     logs:  {'epo': 2, 'R1': np.float32(84.732), 'R5': np.float32(98.635), 'R10': np.float32(99.242), 'mAP': np.float32(91.359), 'mINP': np.float32(91.359), 'entropy': 0.203917, 'uncertainty': 1.463736, 'uncertainty_coeffi': 0.01, 'loss': 0.144246, 'lr': 0.000305}
      TTA Epoch: [3] [  0/122]  eta: 0:00:29  entropy: 0.0194  uncertainty: 1.3068  uncertainty_coeffi: 0.0100  loss: 0.0264  lr: 0.000367  time: 0.2418  data: 0.1827  max mem: 2671
      TTA Epoch: [3] [100/122]  eta: 0:00:01  entropy: 0.2334  uncertainty: 1.5471  uncertainty_coeffi: 0.0100  loss: 0.1391  lr: 0.000467  time: 0.0586  data: 0.0000  max mem: 2671
      TTA Epoch: [3] [121/122]  eta: 0:00:00  entropy: 0.1530  uncertainty: 1.5224  uncertainty_coeffi: 0.0100  loss: 0.0964  lr: 0.000488  time: 0.0582  data: 0.0000  max mem: 2671
      TTA Epoch: [3] Total time: 0:00:07 (0.0598 s / it)
     Averaged stats: entropy: 0.1560  uncertainty: 1.4648  uncertainty_coeffi: 0.0100  loss: 0.1116  lr: 0.0004
     itm tta time 0:00:07
      TTA Epoch: [4] [  0/122]  eta: 0:00:29  entropy: 0.0231  uncertainty: 1.3413  uncertainty_coeffi: 0.0100  loss: 0.0278  lr: 0.000489  time: 0.2414  data: 0.1821  max mem: 2671
      TTA Epoch: [4] [100/122]  eta: 0:00:01  entropy: 0.1089  uncertainty: 1.5062  uncertainty_coeffi: 0.0100  loss: 0.0833  lr: 0.000494  time: 0.0580  data: 0.0000  max mem: 2671
      TTA Epoch: [4] [121/122]  eta: 0:00:00  entropy: 0.0447  uncertainty: 1.4210  uncertainty_coeffi: 0.0100  loss: 0.0374  lr: 0.000492  time: 0.0579  data: 0.0000  max mem: 2671
      TTA Epoch: [4] Total time: 0:00:07 (0.0596 s / it)
     Averaged stats: entropy: 0.1155  uncertainty: 1.4644  uncertainty_coeffi: 0.0100  loss: 0.0858  lr: 0.0005
     itm tta time 0:00:07
     Computing matching score
      Evaluation: [   0/1978]  eta: 0:02:00    time: 0.0608  data: 0.0009  max mem: 2671
      Evaluation: [ 100/1978]  eta: 0:02:04    time: 0.0663  data: 0.0000  max mem: 2671
      Evaluation: [ 200/1978]  eta: 0:01:57    time: 0.0663  data: 0.0000  max mem: 2671
      Evaluation: [ 300/1978]  eta: 0:01:51    time: 0.0663  data: 0.0000  max mem: 2671
      Evaluation: [ 400/1978]  eta: 0:01:44    time: 0.0665  data: 0.0000  max mem: 2671
      Evaluation: [ 500/1978]  eta: 0:01:38    time: 0.0663  data: 0.0000  max mem: 2671
      Evaluation: [ 600/1978]  eta: 0:01:31    time: 0.0663  data: 0.0000  max mem: 2671
      Evaluation: [ 700/1978]  eta: 0:01:24    time: 0.0663  data: 0.0000  max mem: 2671
      Evaluation: [ 800/1978]  eta: 0:01:18    time: 0.0664  data: 0.0000  max mem: 2671
      Evaluation: [ 900/1978]  eta: 0:01:11    time: 0.0664  data: 0.0000  max mem: 2671
      Evaluation: [1000/1978]  eta: 0:01:04    time: 0.0664  data: 0.0000  max mem: 2671
      Evaluation: [1100/1978]  eta: 0:00:58    time: 0.0663  data: 0.0000  max mem: 2671
      Evaluation: [1200/1978]  eta: 0:00:51    time: 0.0664  data: 0.0000  max mem: 2671
      Evaluation: [1300/1978]  eta: 0:00:44    time: 0.0664  data: 0.0000  max mem: 2671
      Evaluation: [1400/1978]  eta: 0:00:38    time: 0.0664  data: 0.0000  max mem: 2671
      Evaluation: [1500/1978]  eta: 0:00:31    time: 0.0663  data: 0.0000  max mem: 2671
      Evaluation: [1600/1978]  eta: 0:00:25    time: 0.0663  data: 0.0000  max mem: 2671
      Evaluation: [1700/1978]  eta: 0:00:18    time: 0.0663  data: 0.0000  max mem: 2671
      Evaluation: [1800/1978]  eta: 0:00:11    time: 0.0663  data: 0.0000  max mem: 2671
      Evaluation: [1900/1978]  eta: 0:00:05    time: 0.0664  data: 0.0000  max mem: 2671
      Evaluation: [1977/1978]  eta: 0:00:00    time: 0.0663  data: 0.0000  max mem: 2671
      Evaluation: Total time: 0:02:11 (0.0664 s / it)
     Computing matching score time 0:02:11
### TTA ITM Score: 
+-------------------+--------+--------+--------+--------+--------+
|       epoch       |   R1   |   R5   |  R10   |  mAP   |  mINP  |
+-------------------+--------+--------+--------+--------+--------+
|  cos_sim_wo/norm  | 58.544 | 91.860 | 95.703 | 73.596 | 73.596 |
|        -999       | 69.414 | 95.197 | 97.776 | 81.233 | 81.233 |
| itm_score_wo/norm | 84.328 | 98.989 | 99.494 | 91.293 | 91.293 |
|        -999       | 84.277 | 99.039 | 99.596 | 91.276 | 91.276 |
|         0         | 84.732 | 98.888 | 99.545 | 91.452 | 91.452 |
|         1         | 84.681 | 98.837 | 99.343 | 91.349 | 91.349 |
|         2         | 84.732 | 98.635 | 99.242 | 91.359 | 91.359 |
|         4         | 84.479 | 98.837 | 99.343 | 91.302 | 91.302 |
+-------------------+--------+--------+--------+--------+--------+
     logs:  {'epo': 4, 'R1': np.float32(84.479), 'R5': np.float32(98.837), 'R10': np.float32(99.343), 'mAP': np.float32(91.302), 'mINP': np.float32(91.302), 'entropy': 0.115464, 'uncertainty': 1.464388, 'uncertainty_coeffi': 0.01, 'loss': 0.085778, 'lr': 0.000496}
      TTA Epoch: [5] [  0/122]  eta: 0:00:30  entropy: 0.0789  uncertainty: 1.4312  uncertainty_coeffi: 0.0100  loss: 0.0716  lr: 0.000492  time: 0.2476  data: 0.1888  max mem: 2671
      TTA Epoch: [5] [100/122]  eta: 0:00:01  entropy: 0.0871  uncertainty: 1.3824  uncertainty_coeffi: 0.0100  loss: 0.0654  lr: 0.000485  time: 0.0584  data: 0.0000  max mem: 2671
      TTA Epoch: [5] [121/122]  eta: 0:00:00  entropy: 0.0887  uncertainty: 1.4261  uncertainty_coeffi: 0.0100  loss: 0.0741  lr: 0.000483  time: 0.0582  data: 0.0000  max mem: 2671
      TTA Epoch: [5] Total time: 0:00:07 (0.0598 s / it)
     Averaged stats: entropy: 0.0986  uncertainty: 1.4651  uncertainty_coeffi: 0.0100  loss: 0.0754  lr: 0.0005
     itm tta time 0:00:07
      TTA Epoch: [6] [  0/122]  eta: 0:00:30  entropy: 0.0612  uncertainty: 1.4495  uncertainty_coeffi: 0.0100  loss: 0.0563  lr: 0.000483  time: 0.2515  data: 0.1924  max mem: 2671
      TTA Epoch: [6] [100/122]  eta: 0:00:01  entropy: 0.0124  uncertainty: 1.4624  uncertainty_coeffi: 0.0100  loss: 0.0226  lr: 0.000476  time: 0.0582  data: 0.0000  max mem: 2671
      TTA Epoch: [6] [121/122]  eta: 0:00:00  entropy: 0.2993  uncertainty: 1.5860  uncertainty_coeffi: 0.0100  loss: 0.1961  lr: 0.000474  time: 0.0583  data: 0.0000  max mem: 2671
      TTA Epoch: [6] Total time: 0:00:07 (0.0598 s / it)
     Averaged stats: entropy: 0.0802  uncertainty: 1.4642  uncertainty_coeffi: 0.0100  loss: 0.0642  lr: 0.0005
     itm tta time 0:00:07
      TTA Epoch: [7] [  0/122]  eta: 0:00:30  entropy: 0.0708  uncertainty: 1.5232  uncertainty_coeffi: 0.0100  loss: 0.0560  lr: 0.000474  time: 0.2498  data: 0.1903  max mem: 2671
      TTA Epoch: [7] [100/122]  eta: 0:00:01  entropy: 0.0986  uncertainty: 1.3787  uncertainty_coeffi: 0.0100  loss: 0.0838  lr: 0.000467  time: 0.0581  data: 0.0000  max mem: 2671
      TTA Epoch: [7] [121/122]  eta: 0:00:00  entropy: 0.1233  uncertainty: 1.5243  uncertainty_coeffi: 0.0100  loss: 0.1030  lr: 0.000465  time: 0.0579  data: 0.0000  max mem: 2671
      TTA Epoch: [7] Total time: 0:00:07 (0.0598 s / it)
     Averaged stats: entropy: 0.0718  uncertainty: 1.4656  uncertainty_coeffi: 0.0100  loss: 0.0587  lr: 0.0005
     itm tta time 0:00:07
      TTA Epoch: [8] [  0/122]  eta: 0:00:29  entropy: 0.0323  uncertainty: 1.2930  uncertainty_coeffi: 0.0100  loss: 0.0314  lr: 0.000465  time: 0.2442  data: 0.1845  max mem: 2671
      TTA Epoch: [8] [100/122]  eta: 0:00:01  entropy: 0.0394  uncertainty: 1.4876  uncertainty_coeffi: 0.0100  loss: 0.0446  lr: 0.000458  time: 0.0581  data: 0.0000  max mem: 2671
      TTA Epoch: [8] [121/122]  eta: 0:00:00  entropy: 0.0215  uncertainty: 1.5481  uncertainty_coeffi: 0.0100  loss: 0.0255  lr: 0.000457  time: 0.0582  data: 0.0000  max mem: 2671
      TTA Epoch: [8] Total time: 0:00:07 (0.0598 s / it)
     Averaged stats: entropy: 0.0573  uncertainty: 1.4643  uncertainty_coeffi: 0.0100  loss: 0.0500  lr: 0.0005
     itm tta time 0:00:07
      TTA Epoch: [9] [  0/122]  eta: 0:00:30  entropy: 0.1332  uncertainty: 1.4856  uncertainty_coeffi: 0.0100  loss: 0.1003  lr: 0.000456  time: 0.2499  data: 0.1910  max mem: 2671
      TTA Epoch: [9] [100/122]  eta: 0:00:01  entropy: 0.0678  uncertainty: 1.4534  uncertainty_coeffi: 0.0100  loss: 0.0596  lr: 0.000449  time: 0.0580  data: 0.0000  max mem: 2671
      TTA Epoch: [9] [121/122]  eta: 0:00:00  entropy: 0.0553  uncertainty: 1.3206  uncertainty_coeffi: 0.0100  loss: 0.0550  lr: 0.000448  time: 0.0583  data: 0.0000  max mem: 2671
      TTA Epoch: [9] Total time: 0:00:07 (0.0597 s / it)
     Averaged stats: entropy: 0.0556  uncertainty: 1.4646  uncertainty_coeffi: 0.0100  loss: 0.0491  lr: 0.0005
     itm tta time 0:00:07
     Computing matching score
      Evaluation: [   0/1978]  eta: 0:02:01    time: 0.0613  data: 0.0009  max mem: 2671
      Evaluation: [ 100/1978]  eta: 0:02:04    time: 0.0663  data: 0.0000  max mem: 2671
      Evaluation: [ 200/1978]  eta: 0:01:57    time: 0.0663  data: 0.0000  max mem: 2671
      Evaluation: [ 300/1978]  eta: 0:01:51    time: 0.0663  data: 0.0000  max mem: 2671
      Evaluation: [ 400/1978]  eta: 0:01:44    time: 0.0662  data: 0.0000  max mem: 2671
      Evaluation: [ 500/1978]  eta: 0:01:37    time: 0.0663  data: 0.0000  max mem: 2671
      Evaluation: [ 600/1978]  eta: 0:01:31    time: 0.0664  data: 0.0000  max mem: 2671
      Evaluation: [ 700/1978]  eta: 0:01:24    time: 0.0665  data: 0.0000  max mem: 2671
      Evaluation: [ 800/1978]  eta: 0:01:18    time: 0.0663  data: 0.0000  max mem: 2671
      Evaluation: [ 900/1978]  eta: 0:01:11    time: 0.0663  data: 0.0000  max mem: 2671
      Evaluation: [1000/1978]  eta: 0:01:04    time: 0.0664  data: 0.0000  max mem: 2671
      Evaluation: [1100/1978]  eta: 0:00:58    time: 0.0664  data: 0.0000  max mem: 2671
      Evaluation: [1200/1978]  eta: 0:00:51    time: 0.0663  data: 0.0000  max mem: 2671
      Evaluation: [1300/1978]  eta: 0:00:44    time: 0.0664  data: 0.0000  max mem: 2671
      Evaluation: [1400/1978]  eta: 0:00:38    time: 0.0664  data: 0.0000  max mem: 2671
      Evaluation: [1500/1978]  eta: 0:00:31    time: 0.0665  data: 0.0000  max mem: 2671
      Evaluation: [1600/1978]  eta: 0:00:25    time: 0.0665  data: 0.0000  max mem: 2671
      Evaluation: [1700/1978]  eta: 0:00:18    time: 0.0663  data: 0.0000  max mem: 2671
      Evaluation: [1800/1978]  eta: 0:00:11    time: 0.0663  data: 0.0000  max mem: 2671
      Evaluation: [1900/1978]  eta: 0:00:05    time: 0.0663  data: 0.0000  max mem: 2671
      Evaluation: [1977/1978]  eta: 0:00:00    time: 0.0663  data: 0.0000  max mem: 2671
      Evaluation: Total time: 0:02:11 (0.0663 s / it)
     Computing matching score time 0:02:11
### TTA ITM Score: 
+-------------------+--------+--------+--------+--------+--------+
|       epoch       |   R1   |   R5   |  R10   |  mAP   |  mINP  |
+-------------------+--------+--------+--------+--------+--------+
|  cos_sim_wo/norm  | 58.544 | 91.860 | 95.703 | 73.596 | 73.596 |
|        -999       | 69.414 | 95.197 | 97.776 | 81.233 | 81.233 |
| itm_score_wo/norm | 84.328 | 98.989 | 99.494 | 91.293 | 91.293 |
|        -999       | 84.277 | 99.039 | 99.596 | 91.276 | 91.276 |
|         0         | 84.732 | 98.888 | 99.545 | 91.452 | 91.452 |
|         1         | 84.681 | 98.837 | 99.343 | 91.349 | 91.349 |
|         2         | 84.732 | 98.635 | 99.242 | 91.359 | 91.359 |
|         4         | 84.479 | 98.837 | 99.343 | 91.302 | 91.302 |
|         9         | 84.934 | 98.584 | 99.393 | 91.369 | 91.369 |
+-------------------+--------+--------+--------+--------+--------+
     logs:  {'epo': 9, 'R1': np.float32(84.934), 'R5': np.float32(98.584), 'R10': np.float32(99.393), 'mAP': np.float32(91.369), 'mINP': np.float32(91.369), 'entropy': 0.055621, 'uncertainty': 1.464571, 'uncertainty_coeffi': 0.01, 'loss': 0.049107, 'lr': 0.000452}
      TTA Epoch: [10] [  0/122]  eta: 0:00:30  entropy: 0.0646  uncertainty: 1.4641  uncertainty_coeffi: 0.0100  loss: 0.0451  lr: 0.000448  time: 0.2504  data: 0.1910  max mem: 2671
      TTA Epoch: [10] [100/122]  eta: 0:00:01  entropy: 0.0465  uncertainty: 1.4750  uncertainty_coeffi: 0.0100  loss: 0.0493  lr: 0.000440  time: 0.0582  data: 0.0000  max mem: 2671
      TTA Epoch: [10] [121/122]  eta: 0:00:00  entropy: 0.0102  uncertainty: 1.4147  uncertainty_coeffi: 0.0100  loss: 0.0201  lr: 0.000439  time: 0.0581  data: 0.0000  max mem: 2671
      TTA Epoch: [10] Total time: 0:00:07 (0.0598 s / it)
     Averaged stats: entropy: 0.0459  uncertainty: 1.4645  uncertainty_coeffi: 0.0100  loss: 0.0425  lr: 0.0004
     itm tta time 0:00:07
      TTA Epoch: [11] [  0/122]  eta: 0:00:28  entropy: 0.1249  uncertainty: 1.3926  uncertainty_coeffi: 0.0100  loss: 0.1085  lr: 0.000439  time: 0.2372  data: 0.1780  max mem: 2671
      TTA Epoch: [11] [100/122]  eta: 0:00:01  entropy: 0.0201  uncertainty: 1.4475  uncertainty_coeffi: 0.0100  loss: 0.0277  lr: 0.000431  time: 0.0582  data: 0.0000  max mem: 2671
      TTA Epoch: [11] [121/122]  eta: 0:00:00  entropy: 0.0000  uncertainty: 1.5379  uncertainty_coeffi: 0.0100  loss: 0.0154  lr: 0.000430  time: 0.0581  data: 0.0000  max mem: 2671
      TTA Epoch: [11] Total time: 0:00:07 (0.0598 s / it)
     Averaged stats: entropy: 0.0476  uncertainty: 1.4650  uncertainty_coeffi: 0.0100  loss: 0.0442  lr: 0.0004
     itm tta time 0:00:07
      TTA Epoch: [12] [  0/122]  eta: 0:00:28  entropy: 0.0198  uncertainty: 1.4560  uncertainty_coeffi: 0.0100  loss: 0.0264  lr: 0.000430  time: 0.2313  data: 0.1725  max mem: 2671
      TTA Epoch: [12] [100/122]  eta: 0:00:01  entropy: 0.0015  uncertainty: 1.3954  uncertainty_coeffi: 0.0100  loss: 0.0147  lr: 0.000423  time: 0.0580  data: 0.0000  max mem: 2671
      TTA Epoch: [12] [121/122]  eta: 0:00:00  entropy: 0.0210  uncertainty: 1.3594  uncertainty_coeffi: 0.0100  loss: 0.0260  lr: 0.000421  time: 0.0580  data: 0.0000  max mem: 2671
      TTA Epoch: [12] Total time: 0:00:07 (0.0595 s / it)
     Averaged stats: entropy: 0.0393  uncertainty: 1.4644  uncertainty_coeffi: 0.0100  loss: 0.0386  lr: 0.0004
     itm tta time 0:00:07
      TTA Epoch: [13] [  0/122]  eta: 0:00:29  entropy: 0.0052  uncertainty: 1.4138  uncertainty_coeffi: 0.0100  loss: 0.0172  lr: 0.000421  time: 0.2435  data: 0.1848  max mem: 2671
      TTA Epoch: [13] [100/122]  eta: 0:00:01  entropy: 0.0237  uncertainty: 1.3925  uncertainty_coeffi: 0.0100  loss: 0.0299  lr: 0.000414  time: 0.0581  data: 0.0000  max mem: 2671
      TTA Epoch: [13] [121/122]  eta: 0:00:00  entropy: 0.0265  uncertainty: 1.3722  uncertainty_coeffi: 0.0100  loss: 0.0348  lr: 0.000412  time: 0.0581  data: 0.0000  max mem: 2671
      TTA Epoch: [13] Total time: 0:00:07 (0.0596 s / it)
     Averaged stats: entropy: 0.0390  uncertainty: 1.4648  uncertainty_coeffi: 0.0100  loss: 0.0383  lr: 0.0004
     itm tta time 0:00:07
      TTA Epoch: [14] [  0/122]  eta: 0:00:30  entropy: 0.0001  uncertainty: 1.3618  uncertainty_coeffi: 0.0100  loss: 0.0137  lr: 0.000412  time: 0.2499  data: 0.1906  max mem: 2671
      TTA Epoch: [14] [100/122]  eta: 0:00:01  entropy: 0.0351  uncertainty: 1.3692  uncertainty_coeffi: 0.0100  loss: 0.0431  lr: 0.000405  time: 0.0582  data: 0.0000  max mem: 2671
      TTA Epoch: [14] [121/122]  eta: 0:00:00  entropy: 0.1118  uncertainty: 1.3045  uncertainty_coeffi: 0.0100  loss: 0.1004  lr: 0.000403  time: 0.0579  data: 0.0000  max mem: 2671
      TTA Epoch: [14] Total time: 0:00:07 (0.0597 s / it)
     Averaged stats: entropy: 0.0399  uncertainty: 1.4644  uncertainty_coeffi: 0.0100  loss: 0.0393  lr: 0.0004
     itm tta time 0:00:07
     Computing matching score
      Evaluation: [   0/1978]  eta: 0:02:02    time: 0.0620  data: 0.0016  max mem: 2671
      Evaluation: [ 100/1978]  eta: 0:02:04    time: 0.0663  data: 0.0000  max mem: 2671
      Evaluation: [ 200/1978]  eta: 0:01:57    time: 0.0664  data: 0.0000  max mem: 2671
      Evaluation: [ 300/1978]  eta: 0:01:51    time: 0.0663  data: 0.0000  max mem: 2671
      Evaluation: [ 400/1978]  eta: 0:01:44    time: 0.0663  data: 0.0000  max mem: 2671
      Evaluation: [ 500/1978]  eta: 0:01:38    time: 0.0665  data: 0.0000  max mem: 2671
      Evaluation: [ 600/1978]  eta: 0:01:31    time: 0.0665  data: 0.0000  max mem: 2671
      Evaluation: [ 700/1978]  eta: 0:01:24    time: 0.0664  data: 0.0000  max mem: 2671
      Evaluation: [ 800/1978]  eta: 0:01:18    time: 0.0664  data: 0.0000  max mem: 2671
      Evaluation: [ 900/1978]  eta: 0:01:11    time: 0.0664  data: 0.0000  max mem: 2671
      Evaluation: [1000/1978]  eta: 0:01:04    time: 0.0663  data: 0.0000  max mem: 2671
      Evaluation: [1100/1978]  eta: 0:00:58    time: 0.0663  data: 0.0000  max mem: 2671
      Evaluation: [1200/1978]  eta: 0:00:51    time: 0.0663  data: 0.0000  max mem: 2671
      Evaluation: [1300/1978]  eta: 0:00:44    time: 0.0664  data: 0.0000  max mem: 2671
      Evaluation: [1400/1978]  eta: 0:00:38    time: 0.0663  data: 0.0000  max mem: 2671
      Evaluation: [1500/1978]  eta: 0:00:31    time: 0.0662  data: 0.0000  max mem: 2671
      Evaluation: [1600/1978]  eta: 0:00:25    time: 0.0663  data: 0.0000  max mem: 2671
      Evaluation: [1700/1978]  eta: 0:00:18    time: 0.0664  data: 0.0000  max mem: 2671
      Evaluation: [1800/1978]  eta: 0:00:11    time: 0.0664  data: 0.0000  max mem: 2671
      Evaluation: [1900/1978]  eta: 0:00:05    time: 0.0663  data: 0.0000  max mem: 2671
      Evaluation: [1977/1978]  eta: 0:00:00    time: 0.0663  data: 0.0000  max mem: 2671
      Evaluation: Total time: 0:02:11 (0.0663 s / it)
     Computing matching score time 0:02:11
### TTA ITM Score: 
+-------------------+--------+--------+--------+--------+--------+
|       epoch       |   R1   |   R5   |  R10   |  mAP   |  mINP  |
+-------------------+--------+--------+--------+--------+--------+
|  cos_sim_wo/norm  | 58.544 | 91.860 | 95.703 | 73.596 | 73.596 |
|        -999       | 69.414 | 95.197 | 97.776 | 81.233 | 81.233 |
| itm_score_wo/norm | 84.328 | 98.989 | 99.494 | 91.293 | 91.293 |
|        -999       | 84.277 | 99.039 | 99.596 | 91.276 | 91.276 |
|         0         | 84.732 | 98.888 | 99.545 | 91.452 | 91.452 |
|         1         | 84.681 | 98.837 | 99.343 | 91.349 | 91.349 |
|         2         | 84.732 | 98.635 | 99.242 | 91.359 | 91.359 |
|         4         | 84.479 | 98.837 | 99.343 | 91.302 | 91.302 |
|         9         | 84.934 | 98.584 | 99.393 | 91.369 | 91.369 |
|         14        | 84.934 | 98.483 | 99.393 | 91.376 | 91.376 |
+-------------------+--------+--------+--------+--------+--------+
     logs:  {'epo': 14, 'R1': np.float32(84.934), 'R5': np.float32(98.483), 'R10': np.float32(99.393), 'mAP': np.float32(91.376), 'mINP': np.float32(91.376), 'entropy': 0.039886, 'uncertainty': 1.464384, 'uncertainty_coeffi': 0.01, 'loss': 0.039259, 'lr': 0.000408}
      TTA Epoch: [15] [  0/122]  eta: 0:00:30  entropy: 0.0248  uncertainty: 1.4656  uncertainty_coeffi: 0.0100  loss: 0.0318  lr: 0.000403  time: 0.2521  data: 0.1931  max mem: 2671
      TTA Epoch: [15] [100/122]  eta: 0:00:01  entropy: 0.0137  uncertainty: 1.4101  uncertainty_coeffi: 0.0100  loss: 0.0219  lr: 0.000396  time: 0.0582  data: 0.0000  max mem: 2671
      TTA Epoch: [15] [121/122]  eta: 0:00:00  entropy: 0.0304  uncertainty: 1.5098  uncertainty_coeffi: 0.0100  loss: 0.0318  lr: 0.000394  time: 0.0579  data: 0.0000  max mem: 2671
      TTA Epoch: [15] Total time: 0:00:07 (0.0598 s / it)
     Averaged stats: entropy: 0.0343  uncertainty: 1.4645  uncertainty_coeffi: 0.0100  loss: 0.0350  lr: 0.0004
     itm tta time 0:00:07
      TTA Epoch: [16] [  0/122]  eta: 0:00:29  entropy: 0.0000  uncertainty: 1.3431  uncertainty_coeffi: 0.0100  loss: 0.0134  lr: 0.000394  time: 0.2402  data: 0.1800  max mem: 2671
      TTA Epoch: [16] [100/122]  eta: 0:00:01  entropy: 0.0565  uncertainty: 1.4904  uncertainty_coeffi: 0.0100  loss: 0.0509  lr: 0.000194  time: 0.0580  data: 0.0000  max mem: 2671
      TTA Epoch: [16] [121/122]  eta: 0:00:00  entropy: 0.0006  uncertainty: 1.3499  uncertainty_coeffi: 0.0100  loss: 0.0139  lr: 0.000193  time: 0.0578  data: 0.0000  max mem: 2671
      TTA Epoch: [16] Total time: 0:00:07 (0.0596 s / it)
     Averaged stats: entropy: 0.0331  uncertainty: 1.4650  uncertainty_coeffi: 0.0100  loss: 0.0347  lr: 0.0003
     itm tta time 0:00:07
      TTA Epoch: [17] [  0/122]  eta: 0:00:28  entropy: 0.1257  uncertainty: 1.4996  uncertainty_coeffi: 0.0100  loss: 0.0892  lr: 0.000193  time: 0.2321  data: 0.1725  max mem: 2671
      TTA Epoch: [17] [100/122]  eta: 0:00:01  entropy: 0.0979  uncertainty: 1.3419  uncertainty_coeffi: 0.0100  loss: 0.0572  lr: 0.000189  time: 0.0581  data: 0.0000  max mem: 2671
      TTA Epoch: [17] [121/122]  eta: 0:00:00  entropy: 0.0025  uncertainty: 1.3701  uncertainty_coeffi: 0.0100  loss: 0.0151  lr: 0.000188  time: 0.0581  data: 0.0000  max mem: 2671
      TTA Epoch: [17] Total time: 0:00:07 (0.0596 s / it)
     Averaged stats: entropy: 0.0308  uncertainty: 1.4650  uncertainty_coeffi: 0.0100  loss: 0.0334  lr: 0.0002
     itm tta time 0:00:07
      TTA Epoch: [18] [  0/122]  eta: 0:00:30  entropy: 0.0125  uncertainty: 1.3990  uncertainty_coeffi: 0.0100  loss: 0.0215  lr: 0.000188  time: 0.2489  data: 0.1896  max mem: 2671
      TTA Epoch: [18] [100/122]  eta: 0:00:01  entropy: 0.0016  uncertainty: 1.5990  uncertainty_coeffi: 0.0100  loss: 0.0169  lr: 0.000185  time: 0.0581  data: 0.0000  max mem: 2671
      TTA Epoch: [18] [121/122]  eta: 0:00:00  entropy: 0.1026  uncertainty: 1.4329  uncertainty_coeffi: 0.0100  loss: 0.0711  lr: 0.000184  time: 0.0579  data: 0.0000  max mem: 2671
      TTA Epoch: [18] Total time: 0:00:07 (0.0597 s / it)
     Averaged stats: entropy: 0.0300  uncertainty: 1.4645  uncertainty_coeffi: 0.0100  loss: 0.0328  lr: 0.0002
     itm tta time 0:00:07
      TTA Epoch: [19] [  0/122]  eta: 0:00:30  entropy: 0.0008  uncertainty: 1.4224  uncertainty_coeffi: 0.0100  loss: 0.0147  lr: 0.000184  time: 0.2525  data: 0.1936  max mem: 2671
      TTA Epoch: [19] [100/122]  eta: 0:00:01  entropy: 0.0040  uncertainty: 1.5364  uncertainty_coeffi: 0.0100  loss: 0.0175  lr: 0.000180  time: 0.0581  data: 0.0000  max mem: 2671
      TTA Epoch: [19] [121/122]  eta: 0:00:00  entropy: 0.0028  uncertainty: 1.4227  uncertainty_coeffi: 0.0100  loss: 0.0158  lr: 0.000180  time: 0.0582  data: 0.0000  max mem: 2671
      TTA Epoch: [19] Total time: 0:00:07 (0.0598 s / it)
     Averaged stats: entropy: 0.0300  uncertainty: 1.4645  uncertainty_coeffi: 0.0100  loss: 0.0331  lr: 0.0002
     itm tta time 0:00:07
     Computing matching score
      Evaluation: [   0/1978]  eta: 0:02:01    time: 0.0612  data: 0.0009  max mem: 2671
      Evaluation: [ 100/1978]  eta: 0:02:04    time: 0.0662  data: 0.0000  max mem: 2671
      Evaluation: [ 200/1978]  eta: 0:01:57    time: 0.0663  data: 0.0000  max mem: 2671
      Evaluation: [ 300/1978]  eta: 0:01:51    time: 0.0664  data: 0.0000  max mem: 2671
      Evaluation: [ 400/1978]  eta: 0:01:44    time: 0.0664  data: 0.0000  max mem: 2671
      Evaluation: [ 500/1978]  eta: 0:01:38    time: 0.0664  data: 0.0000  max mem: 2671
      Evaluation: [ 600/1978]  eta: 0:01:31    time: 0.0663  data: 0.0000  max mem: 2671
      Evaluation: [ 700/1978]  eta: 0:01:24    time: 0.0664  data: 0.0000  max mem: 2671
      Evaluation: [ 800/1978]  eta: 0:01:18    time: 0.0664  data: 0.0000  max mem: 2671
      Evaluation: [ 900/1978]  eta: 0:01:11    time: 0.0664  data: 0.0000  max mem: 2671
      Evaluation: [1000/1978]  eta: 0:01:04    time: 0.0664  data: 0.0000  max mem: 2671
      Evaluation: [1100/1978]  eta: 0:00:58    time: 0.0663  data: 0.0000  max mem: 2671
      Evaluation: [1200/1978]  eta: 0:00:51    time: 0.0663  data: 0.0000  max mem: 2671
      Evaluation: [1300/1978]  eta: 0:00:44    time: 0.0663  data: 0.0000  max mem: 2671
      Evaluation: [1400/1978]  eta: 0:00:38    time: 0.0664  data: 0.0000  max mem: 2671
      Evaluation: [1500/1978]  eta: 0:00:31    time: 0.0664  data: 0.0000  max mem: 2671
      Evaluation: [1600/1978]  eta: 0:00:25    time: 0.0663  data: 0.0000  max mem: 2671
      Evaluation: [1700/1978]  eta: 0:00:18    time: 0.0664  data: 0.0000  max mem: 2671
      Evaluation: [1800/1978]  eta: 0:00:11    time: 0.0663  data: 0.0000  max mem: 2671
      Evaluation: [1900/1978]  eta: 0:00:05    time: 0.0663  data: 0.0000  max mem: 2671
      Evaluation: [1977/1978]  eta: 0:00:00    time: 0.0663  data: 0.0000  max mem: 2671
      Evaluation: Total time: 0:02:11 (0.0664 s / it)
     Computing matching score time 0:02:11
### TTA ITM Score: 
+-------------------+--------+--------+--------+--------+--------+
|       epoch       |   R1   |   R5   |  R10   |  mAP   |  mINP  |
+-------------------+--------+--------+--------+--------+--------+
|  cos_sim_wo/norm  | 58.544 | 91.860 | 95.703 | 73.596 | 73.596 |
|        -999       | 69.414 | 95.197 | 97.776 | 81.233 | 81.233 |
| itm_score_wo/norm | 84.328 | 98.989 | 99.494 | 91.293 | 91.293 |
|        -999       | 84.277 | 99.039 | 99.596 | 91.276 | 91.276 |
|         0         | 84.732 | 98.888 | 99.545 | 91.452 | 91.452 |
|         1         | 84.681 | 98.837 | 99.343 | 91.349 | 91.349 |
|         2         | 84.732 | 98.635 | 99.242 | 91.359 | 91.359 |
|         4         | 84.479 | 98.837 | 99.343 | 91.302 | 91.302 |
|         9         | 84.934 | 98.584 | 99.393 | 91.369 | 91.369 |
|         14        | 84.934 | 98.483 | 99.393 | 91.376 | 91.376 |
|         19        | 84.884 | 98.483 | 99.343 | 91.331 | 91.331 |
+-------------------+--------+--------+--------+--------+--------+
     logs:  {'epo': 19, 'R1': np.float32(84.884), 'R5': np.float32(98.483), 'R10': np.float32(99.343), 'mAP': np.float32(91.331), 'mINP': np.float32(91.331), 'entropy': 0.029957, 'uncertainty': 1.464496, 'uncertainty_coeffi': 0.01, 'loss': 0.033138, 'lr': 0.000182}
      TTA Epoch: [20] [  0/122]  eta: 0:00:29  entropy: 0.0228  uncertainty: 1.4972  uncertainty_coeffi: 0.0100  loss: 0.0315  lr: 0.000179  time: 0.2446  data: 0.1851  max mem: 2671
      TTA Epoch: [20] [100/122]  eta: 0:00:01  entropy: 0.0673  uncertainty: 1.4984  uncertainty_coeffi: 0.0100  loss: 0.0554  lr: 0.000176  time: 0.0583  data: 0.0000  max mem: 2671
      TTA Epoch: [20] [121/122]  eta: 0:00:00  entropy: 0.0046  uncertainty: 1.3971  uncertainty_coeffi: 0.0100  loss: 0.0167  lr: 0.000175  time: 0.0580  data: 0.0000  max mem: 2671
      TTA Epoch: [20] Total time: 0:00:07 (0.0598 s / it)
     Averaged stats: entropy: 0.0300  uncertainty: 1.4646  uncertainty_coeffi: 0.0100  loss: 0.0325  lr: 0.0002
     itm tta time 0:00:07
      TTA Epoch: [21] [  0/122]  eta: 0:00:30  entropy: 0.1525  uncertainty: 1.4961  uncertainty_coeffi: 0.0100  loss: 0.0934  lr: 0.000175  time: 0.2463  data: 0.1868  max mem: 2671
      TTA Epoch: [21] [100/122]  eta: 0:00:01  entropy: 0.0017  uncertainty: 1.3316  uncertainty_coeffi: 0.0100  loss: 0.0147  lr: 0.000171  time: 0.0581  data: 0.0000  max mem: 2671
      TTA Epoch: [21] [121/122]  eta: 0:00:00  entropy: 0.0410  uncertainty: 1.5066  uncertainty_coeffi: 0.0100  loss: 0.0369  lr: 0.000171  time: 0.0580  data: 0.0000  max mem: 2671
      TTA Epoch: [21] Total time: 0:00:07 (0.0597 s / it)
     Averaged stats: entropy: 0.0286  uncertainty: 1.4645  uncertainty_coeffi: 0.0100  loss: 0.0316  lr: 0.0002
     itm tta time 0:00:07
      TTA Epoch: [22] [  0/122]  eta: 0:00:29  entropy: 0.0000  uncertainty: 1.4142  uncertainty_coeffi: 0.0100  loss: 0.0141  lr: 0.000171  time: 0.2410  data: 0.1816  max mem: 2671
      TTA Epoch: [22] [100/122]  eta: 0:00:01  entropy: 0.0429  uncertainty: 1.4631  uncertainty_coeffi: 0.0100  loss: 0.0422  lr: 0.000167  time: 0.0581  data: 0.0000  max mem: 2671
      TTA Epoch: [22] [121/122]  eta: 0:00:00  entropy: 0.0475  uncertainty: 1.3913  uncertainty_coeffi: 0.0100  loss: 0.0548  lr: 0.000166  time: 0.0580  data: 0.0000  max mem: 2671
      TTA Epoch: [22] Total time: 0:00:07 (0.0597 s / it)
     Averaged stats: entropy: 0.0270  uncertainty: 1.4654  uncertainty_coeffi: 0.0100  loss: 0.0310  lr: 0.0002
     itm tta time 0:00:07
      TTA Epoch: [23] [  0/122]  eta: 0:00:29  entropy: 0.0512  uncertainty: 1.3933  uncertainty_coeffi: 0.0100  loss: 0.0490  lr: 0.000166  time: 0.2447  data: 0.1855  max mem: 2671
      TTA Epoch: [23] [100/122]  eta: 0:00:01  entropy: 0.0054  uncertainty: 1.3773  uncertainty_coeffi: 0.0100  loss: 0.0169  lr: 0.000163  time: 0.0582  data: 0.0000  max mem: 2671
      TTA Epoch: [23] [121/122]  eta: 0:00:00  entropy: 0.0197  uncertainty: 1.5193  uncertainty_coeffi: 0.0100  loss: 0.0271  lr: 0.000162  time: 0.0581  data: 0.0000  max mem: 2671
      TTA Epoch: [23] Total time: 0:00:07 (0.0597 s / it)
     Averaged stats: entropy: 0.0268  uncertainty: 1.4649  uncertainty_coeffi: 0.0100  loss: 0.0307  lr: 0.0002
     itm tta time 0:00:07
      TTA Epoch: [24] [  0/122]  eta: 0:00:28  entropy: 0.0005  uncertainty: 1.4922  uncertainty_coeffi: 0.0100  loss: 0.0153  lr: 0.000162  time: 0.2353  data: 0.1753  max mem: 2671
      TTA Epoch: [24] [100/122]  eta: 0:00:01  entropy: 0.0301  uncertainty: 1.5603  uncertainty_coeffi: 0.0100  loss: 0.0338  lr: 0.000158  time: 0.0581  data: 0.0000  max mem: 2671
      TTA Epoch: [24] [121/122]  eta: 0:00:00  entropy: 0.0390  uncertainty: 1.5917  uncertainty_coeffi: 0.0100  loss: 0.0401  lr: 0.000157  time: 0.0579  data: 0.0000  max mem: 2671
      TTA Epoch: [24] Total time: 0:00:07 (0.0595 s / it)
     Averaged stats: entropy: 0.0277  uncertainty: 1.4643  uncertainty_coeffi: 0.0100  loss: 0.0313  lr: 0.0002
     itm tta time 0:00:07
      TTA Epoch: [25] [  0/122]  eta: 0:00:32  entropy: 0.0013  uncertainty: 1.4802  uncertainty_coeffi: 0.0100  loss: 0.0156  lr: 0.000157  time: 0.2650  data: 0.2061  max mem: 2671
      TTA Epoch: [25] [100/122]  eta: 0:00:01  entropy: 0.0035  uncertainty: 1.4235  uncertainty_coeffi: 0.0100  loss: 0.0163  lr: 0.000154  time: 0.0581  data: 0.0000  max mem: 2671
      TTA Epoch: [25] [121/122]  eta: 0:00:00  entropy: 0.0000  uncertainty: 1.4283  uncertainty_coeffi: 0.0100  loss: 0.0143  lr: 0.000153  time: 0.0579  data: 0.0000  max mem: 2671
      TTA Epoch: [25] Total time: 0:00:07 (0.0597 s / it)
     Averaged stats: entropy: 0.0235  uncertainty: 1.4648  uncertainty_coeffi: 0.0100  loss: 0.0288  lr: 0.0002
     itm tta time 0:00:07
      TTA Epoch: [26] [  0/122]  eta: 0:00:29  entropy: 0.0375  uncertainty: 1.5691  uncertainty_coeffi: 0.0100  loss: 0.0506  lr: 0.000153  time: 0.2453  data: 0.1854  max mem: 2671
      TTA Epoch: [26] [100/122]  eta: 0:00:01  entropy: 0.0015  uncertainty: 1.3247  uncertainty_coeffi: 0.0100  loss: 0.0141  lr: 0.000149  time: 0.0582  data: 0.0000  max mem: 2671
      TTA Epoch: [26] [121/122]  eta: 0:00:00  entropy: 0.0077  uncertainty: 1.4669  uncertainty_coeffi: 0.0100  loss: 0.0205  lr: 0.000148  time: 0.0584  data: 0.0000  max mem: 2671
      TTA Epoch: [26] Total time: 0:00:07 (0.0597 s / it)
     Averaged stats: entropy: 0.0251  uncertainty: 1.4642  uncertainty_coeffi: 0.0100  loss: 0.0302  lr: 0.0002
     itm tta time 0:00:07
      TTA Epoch: [27] [  0/122]  eta: 0:00:29  entropy: 0.0225  uncertainty: 1.5201  uncertainty_coeffi: 0.0100  loss: 0.0263  lr: 0.000148  time: 0.2420  data: 0.1827  max mem: 2671
      TTA Epoch: [27] [100/122]  eta: 0:00:01  entropy: 0.0001  uncertainty: 1.4972  uncertainty_coeffi: 0.0100  loss: 0.0151  lr: 0.000145  time: 0.0581  data: 0.0000  max mem: 2671
      TTA Epoch: [27] [121/122]  eta: 0:00:00  entropy: 0.0379  uncertainty: 1.4739  uncertainty_coeffi: 0.0100  loss: 0.0336  lr: 0.000144  time: 0.0582  data: 0.0000  max mem: 2671
      TTA Epoch: [27] Total time: 0:00:07 (0.0596 s / it)
     Averaged stats: entropy: 0.0233  uncertainty: 1.4638  uncertainty_coeffi: 0.0100  loss: 0.0290  lr: 0.0001
     itm tta time 0:00:07
      TTA Epoch: [28] [  0/122]  eta: 0:00:30  entropy: 0.0062  uncertainty: 1.5839  uncertainty_coeffi: 0.0100  loss: 0.0195  lr: 0.000144  time: 0.2464  data: 0.1867  max mem: 2671
      TTA Epoch: [28] [100/122]  eta: 0:00:01  entropy: 0.0360  uncertainty: 1.6107  uncertainty_coeffi: 0.0100  loss: 0.0461  lr: 0.000056  time: 0.0580  data: 0.0000  max mem: 2671
      TTA Epoch: [28] [121/122]  eta: 0:00:00  entropy: 0.0000  uncertainty: 1.2912  uncertainty_coeffi: 0.0100  loss: 0.0129  lr: 0.000056  time: 0.0578  data: 0.0000  max mem: 2671
      TTA Epoch: [28] Total time: 0:00:07 (0.0596 s / it)
     Averaged stats: entropy: 0.0256  uncertainty: 1.4652  uncertainty_coeffi: 0.0100  loss: 0.0300  lr: 0.0001
     itm tta time 0:00:07
      TTA Epoch: [29] [  0/122]  eta: 0:00:29  entropy: 0.0265  uncertainty: 1.3626  uncertainty_coeffi: 0.0100  loss: 0.0322  lr: 0.000056  time: 0.2433  data: 0.1839  max mem: 2671
      TTA Epoch: [29] [100/122]  eta: 0:00:01  entropy: 0.0000  uncertainty: 1.3154  uncertainty_coeffi: 0.0100  loss: 0.0132  lr: 0.000054  time: 0.0581  data: 0.0000  max mem: 2671
      TTA Epoch: [29] [121/122]  eta: 0:00:00  entropy: 0.0011  uncertainty: 1.4855  uncertainty_coeffi: 0.0100  loss: 0.0157  lr: 0.000054  time: 0.0580  data: 0.0000  max mem: 2671
      TTA Epoch: [29] Total time: 0:00:07 (0.0596 s / it)
     Averaged stats: entropy: 0.0240  uncertainty: 1.4641  uncertainty_coeffi: 0.0100  loss: 0.0289  lr: 0.0001
     itm tta time 0:00:07
     Computing matching score
      Evaluation: [   0/1978]  eta: 0:02:01    time: 0.0612  data: 0.0011  max mem: 2671
      Evaluation: [ 100/1978]  eta: 0:02:04    time: 0.0663  data: 0.0000  max mem: 2671
      Evaluation: [ 200/1978]  eta: 0:01:57    time: 0.0663  data: 0.0000  max mem: 2671
      Evaluation: [ 300/1978]  eta: 0:01:51    time: 0.0666  data: 0.0000  max mem: 2671
      Evaluation: [ 400/1978]  eta: 0:01:44    time: 0.0663  data: 0.0000  max mem: 2671
      Evaluation: [ 500/1978]  eta: 0:01:38    time: 0.0663  data: 0.0000  max mem: 2671
      Evaluation: [ 600/1978]  eta: 0:01:31    time: 0.0662  data: 0.0000  max mem: 2671
      Evaluation: [ 700/1978]  eta: 0:01:24    time: 0.0663  data: 0.0000  max mem: 2671
      Evaluation: [ 800/1978]  eta: 0:01:18    time: 0.0663  data: 0.0000  max mem: 2671
      Evaluation: [ 900/1978]  eta: 0:01:11    time: 0.0663  data: 0.0000  max mem: 2671
      Evaluation: [1000/1978]  eta: 0:01:04    time: 0.0663  data: 0.0000  max mem: 2671
      Evaluation: [1100/1978]  eta: 0:00:58    time: 0.0663  data: 0.0000  max mem: 2671
      Evaluation: [1200/1978]  eta: 0:00:51    time: 0.0663  data: 0.0000  max mem: 2671
      Evaluation: [1300/1978]  eta: 0:00:44    time: 0.0663  data: 0.0000  max mem: 2671
      Evaluation: [1400/1978]  eta: 0:00:38    time: 0.0663  data: 0.0000  max mem: 2671
      Evaluation: [1500/1978]  eta: 0:00:31    time: 0.0664  data: 0.0000  max mem: 2671
      Evaluation: [1600/1978]  eta: 0:00:25    time: 0.0664  data: 0.0000  max mem: 2671
      Evaluation: [1700/1978]  eta: 0:00:18    time: 0.0663  data: 0.0000  max mem: 2671
      Evaluation: [1800/1978]  eta: 0:00:11    time: 0.0663  data: 0.0000  max mem: 2671
      Evaluation: [1900/1978]  eta: 0:00:05    time: 0.0664  data: 0.0000  max mem: 2671
      Evaluation: [1977/1978]  eta: 0:00:00    time: 0.0663  data: 0.0000  max mem: 2671
      Evaluation: Total time: 0:02:11 (0.0663 s / it)
     Computing matching score time 0:02:11
### TTA ITM Score: 
+-------------------+--------+--------+--------+--------+--------+
|       epoch       |   R1   |   R5   |  R10   |  mAP   |  mINP  |
+-------------------+--------+--------+--------+--------+--------+
|  cos_sim_wo/norm  | 58.544 | 91.860 | 95.703 | 73.596 | 73.596 |
|        -999       | 69.414 | 95.197 | 97.776 | 81.233 | 81.233 |
| itm_score_wo/norm | 84.328 | 98.989 | 99.494 | 91.293 | 91.293 |
|        -999       | 84.277 | 99.039 | 99.596 | 91.276 | 91.276 |
|         0         | 84.732 | 98.888 | 99.545 | 91.452 | 91.452 |
|         1         | 84.681 | 98.837 | 99.343 | 91.349 | 91.349 |
|         2         | 84.732 | 98.635 | 99.242 | 91.359 | 91.359 |
|         4         | 84.479 | 98.837 | 99.343 | 91.302 | 91.302 |
|         9         | 84.934 | 98.584 | 99.393 | 91.369 | 91.369 |
|         14        | 84.934 | 98.483 | 99.393 | 91.376 | 91.376 |
|         19        | 84.884 | 98.483 | 99.343 | 91.331 | 91.331 |
|         29        | 84.884 | 98.534 | 99.393 | 91.364 | 91.364 |
+-------------------+--------+--------+--------+--------+--------+
     logs:  {'epo': 29, 'R1': np.float32(84.884), 'R5': np.float32(98.534), 'R10': np.float32(99.393), 'mAP': np.float32(91.364), 'mINP': np.float32(91.364), 'entropy': 0.024021, 'uncertainty': 1.464136, 'uncertainty_coeffi': 0.01, 'loss': 0.028875, 'lr': 5.5e-05}
      TTA Epoch: [30] [  0/122]  eta: 0:00:32  entropy: 0.0195  uncertainty: 1.4330  uncertainty_coeffi: 0.0100  loss: 0.0297  lr: 0.000054  time: 0.2631  data: 0.2029  max mem: 2671
      TTA Epoch: [30] [100/122]  eta: 0:00:01  entropy: 0.1338  uncertainty: 1.5720  uncertainty_coeffi: 0.0100  loss: 0.0818  lr: 0.000053  time: 0.0581  data: 0.0000  max mem: 2671
      TTA Epoch: [30] [121/122]  eta: 0:00:00  entropy: 0.0246  uncertainty: 1.5248  uncertainty_coeffi: 0.0100  loss: 0.0295  lr: 0.000052  time: 0.0582  data: 0.0000  max mem: 2671
      TTA Epoch: [30] Total time: 0:00:07 (0.0598 s / it)
     Averaged stats: entropy: 0.0215  uncertainty: 1.4645  uncertainty_coeffi: 0.0100  loss: 0.0279  lr: 0.0001
     itm tta time 0:00:07
      TTA Epoch: [31] [  0/122]  eta: 0:00:30  entropy: 0.0431  uncertainty: 1.3997  uncertainty_coeffi: 0.0100  loss: 0.0367  lr: 0.000052  time: 0.2471  data: 0.1882  max mem: 2671
      TTA Epoch: [31] [100/122]  eta: 0:00:01  entropy: 0.0310  uncertainty: 1.5285  uncertainty_coeffi: 0.0100  loss: 0.0367  lr: 0.000051  time: 0.0582  data: 0.0000  max mem: 2671
      TTA Epoch: [31] [121/122]  eta: 0:00:00  entropy: 0.0001  uncertainty: 1.4615  uncertainty_coeffi: 0.0100  loss: 0.0147  lr: 0.000051  time: 0.0578  data: 0.0000  max mem: 2671
      TTA Epoch: [31] Total time: 0:00:07 (0.0597 s / it)
     Averaged stats: entropy: 0.0198  uncertainty: 1.4650  uncertainty_coeffi: 0.0100  loss: 0.0269  lr: 0.0001
     itm tta time 0:00:07
      TTA Epoch: [32] [  0/122]  eta: 0:00:29  entropy: 0.0102  uncertainty: 1.5957  uncertainty_coeffi: 0.0100  loss: 0.0216  lr: 0.000051  time: 0.2449  data: 0.1849  max mem: 2671
      TTA Epoch: [32] [100/122]  eta: 0:00:01  entropy: 0.0333  uncertainty: 1.4088  uncertainty_coeffi: 0.0100  loss: 0.0279  lr: 0.000049  time: 0.0581  data: 0.0000  max mem: 2671
      TTA Epoch: [32] [121/122]  eta: 0:00:00  entropy: 0.1046  uncertainty: 1.5841  uncertainty_coeffi: 0.0100  loss: 0.0795  lr: 0.000049  time: 0.0579  data: 0.0000  max mem: 2671
      TTA Epoch: [32] Total time: 0:00:07 (0.0597 s / it)
     Averaged stats: entropy: 0.0208  uncertainty: 1.4633  uncertainty_coeffi: 0.0100  loss: 0.0273  lr: 0.0000
     itm tta time 0:00:07
      TTA Epoch: [33] [  0/122]  eta: 0:00:30  entropy: 0.0532  uncertainty: 1.4760  uncertainty_coeffi: 0.0100  loss: 0.0453  lr: 0.000049  time: 0.2479  data: 0.1870  max mem: 2671
      TTA Epoch: [33] [100/122]  eta: 0:00:01  entropy: 0.0036  uncertainty: 1.3425  uncertainty_coeffi: 0.0100  loss: 0.0162  lr: 0.000047  time: 0.0581  data: 0.0000  max mem: 2671
      TTA Epoch: [33] [121/122]  eta: 0:00:00  entropy: 0.0000  uncertainty: 1.4657  uncertainty_coeffi: 0.0100  loss: 0.0147  lr: 0.000047  time: 0.0583  data: 0.0000  max mem: 2671
      TTA Epoch: [33] Total time: 0:00:07 (0.0598 s / it)
     Averaged stats: entropy: 0.0243  uncertainty: 1.4648  uncertainty_coeffi: 0.0100  loss: 0.0295  lr: 0.0000
     itm tta time 0:00:07
      TTA Epoch: [34] [  0/122]  eta: 0:00:29  entropy: 0.0067  uncertainty: 1.5840  uncertainty_coeffi: 0.0100  loss: 0.0194  lr: 0.000047  time: 0.2458  data: 0.1864  max mem: 2671
      TTA Epoch: [34] [100/122]  eta: 0:00:01  entropy: 0.0096  uncertainty: 1.2867  uncertainty_coeffi: 0.0100  loss: 0.0190  lr: 0.000046  time: 0.0580  data: 0.0000  max mem: 2671
      TTA Epoch: [34] [121/122]  eta: 0:00:00  entropy: 0.0291  uncertainty: 1.5616  uncertainty_coeffi: 0.0100  loss: 0.0300  lr: 0.000045  time: 0.0579  data: 0.0000  max mem: 2671
      TTA Epoch: [34] Total time: 0:00:07 (0.0597 s / it)
     Averaged stats: entropy: 0.0182  uncertainty: 1.4654  uncertainty_coeffi: 0.0100  loss: 0.0259  lr: 0.0000
     itm tta time 0:00:07
      TTA Epoch: [35] [  0/122]  eta: 0:00:32  entropy: 0.0046  uncertainty: 1.4235  uncertainty_coeffi: 0.0100  loss: 0.0169  lr: 0.000045  time: 0.2658  data: 0.2065  max mem: 2671
      TTA Epoch: [35] [100/122]  eta: 0:00:01  entropy: 0.0065  uncertainty: 1.4357  uncertainty_coeffi: 0.0100  loss: 0.0184  lr: 0.000044  time: 0.0581  data: 0.0000  max mem: 2671
      TTA Epoch: [35] [121/122]  eta: 0:00:00  entropy: 0.0047  uncertainty: 1.5598  uncertainty_coeffi: 0.0100  loss: 0.0184  lr: 0.000043  time: 0.0581  data: 0.0000  max mem: 2671
      TTA Epoch: [35] Total time: 0:00:07 (0.0599 s / it)
     Averaged stats: entropy: 0.0208  uncertainty: 1.4649  uncertainty_coeffi: 0.0100  loss: 0.0269  lr: 0.0000
     itm tta time 0:00:07
      TTA Epoch: [36] [  0/122]  eta: 0:00:29  entropy: 0.0379  uncertainty: 1.4227  uncertainty_coeffi: 0.0100  loss: 0.0364  lr: 0.000043  time: 0.2430  data: 0.1841  max mem: 2671
      TTA Epoch: [36] [100/122]  eta: 0:00:01  entropy: 0.0934  uncertainty: 1.3646  uncertainty_coeffi: 0.0100  loss: 0.0711  lr: 0.000042  time: 0.0581  data: 0.0000  max mem: 2671
      TTA Epoch: [36] [121/122]  eta: 0:00:00  entropy: 0.0429  uncertainty: 1.6952  uncertainty_coeffi: 0.0100  loss: 0.0441  lr: 0.000042  time: 0.0578  data: 0.0000  max mem: 2671
      TTA Epoch: [36] Total time: 0:00:07 (0.0596 s / it)
     Averaged stats: entropy: 0.0241  uncertainty: 1.4645  uncertainty_coeffi: 0.0100  loss: 0.0294  lr: 0.0000
     itm tta time 0:00:07
      TTA Epoch: [37] [  0/122]  eta: 0:00:29  entropy: 0.0002  uncertainty: 1.6052  uncertainty_coeffi: 0.0100  loss: 0.0162  lr: 0.000042  time: 0.2404  data: 0.1813  max mem: 2671
      TTA Epoch: [37] [100/122]  eta: 0:00:01  entropy: 0.0064  uncertainty: 1.4548  uncertainty_coeffi: 0.0100  loss: 0.0180  lr: 0.000040  time: 0.0581  data: 0.0000  max mem: 2671
      TTA Epoch: [37] [121/122]  eta: 0:00:00  entropy: 0.0011  uncertainty: 1.3527  uncertainty_coeffi: 0.0100  loss: 0.0141  lr: 0.000040  time: 0.0581  data: 0.0000  max mem: 2671
      TTA Epoch: [37] Total time: 0:00:07 (0.0596 s / it)
     Averaged stats: entropy: 0.0237  uncertainty: 1.4650  uncertainty_coeffi: 0.0100  loss: 0.0294  lr: 0.0000
     itm tta time 0:00:07
      TTA Epoch: [38] [  0/122]  eta: 0:00:30  entropy: 0.0022  uncertainty: 1.5113  uncertainty_coeffi: 0.0100  loss: 0.0165  lr: 0.000040  time: 0.2463  data: 0.1863  max mem: 2671
      TTA Epoch: [38] [100/122]  eta: 0:00:01  entropy: 0.0000  uncertainty: 1.4035  uncertainty_coeffi: 0.0100  loss: 0.0140  lr: 0.000038  time: 0.0582  data: 0.0000  max mem: 2671
      TTA Epoch: [38] [121/122]  eta: 0:00:00  entropy: 0.0133  uncertainty: 1.3741  uncertainty_coeffi: 0.0100  loss: 0.0224  lr: 0.000038  time: 0.0579  data: 0.0000  max mem: 2671
      TTA Epoch: [38] Total time: 0:00:07 (0.0596 s / it)
     Averaged stats: entropy: 0.0227  uncertainty: 1.4646  uncertainty_coeffi: 0.0100  loss: 0.0280  lr: 0.0000
     itm tta time 0:00:07
      TTA Epoch: [39] [  0/122]  eta: 0:00:30  entropy: 0.0007  uncertainty: 1.4729  uncertainty_coeffi: 0.0100  loss: 0.0151  lr: 0.000038  time: 0.2486  data: 0.1892  max mem: 2671
      TTA Epoch: [39] [100/122]  eta: 0:00:01  entropy: 0.0058  uncertainty: 1.3666  uncertainty_coeffi: 0.0100  loss: 0.0184  lr: 0.000037  time: 0.0581  data: 0.0000  max mem: 2671
      TTA Epoch: [39] [121/122]  eta: 0:00:00  entropy: 0.0003  uncertainty: 1.3489  uncertainty_coeffi: 0.0100  loss: 0.0137  lr: 0.000036  time: 0.0580  data: 0.0000  max mem: 2671
      TTA Epoch: [39] Total time: 0:00:07 (0.0597 s / it)
     Averaged stats: entropy: 0.0219  uncertainty: 1.4645  uncertainty_coeffi: 0.0100  loss: 0.0282  lr: 0.0000
     itm tta time 0:00:07
     Computing matching score
      Evaluation: [   0/1978]  eta: 0:01:58    time: 0.0600  data: 0.0009  max mem: 2671
      Evaluation: [ 100/1978]  eta: 0:02:04    time: 0.0663  data: 0.0000  max mem: 2671
      Evaluation: [ 200/1978]  eta: 0:01:57    time: 0.0664  data: 0.0000  max mem: 2671
      Evaluation: [ 300/1978]  eta: 0:01:51    time: 0.0664  data: 0.0000  max mem: 2671
      Evaluation: [ 400/1978]  eta: 0:01:44    time: 0.0663  data: 0.0000  max mem: 2671
      Evaluation: [ 500/1978]  eta: 0:01:37    time: 0.0663  data: 0.0000  max mem: 2671
      Evaluation: [ 600/1978]  eta: 0:01:31    time: 0.0663  data: 0.0000  max mem: 2671
      Evaluation: [ 700/1978]  eta: 0:01:24    time: 0.0662  data: 0.0000  max mem: 2671
      Evaluation: [ 800/1978]  eta: 0:01:18    time: 0.0662  data: 0.0000  max mem: 2671
      Evaluation: [ 900/1978]  eta: 0:01:11    time: 0.0663  data: 0.0000  max mem: 2671
      Evaluation: [1000/1978]  eta: 0:01:04    time: 0.0663  data: 0.0000  max mem: 2671
      Evaluation: [1100/1978]  eta: 0:00:58    time: 0.0664  data: 0.0000  max mem: 2671
      Evaluation: [1200/1978]  eta: 0:00:51    time: 0.0665  data: 0.0000  max mem: 2671
      Evaluation: [1300/1978]  eta: 0:00:44    time: 0.0663  data: 0.0000  max mem: 2671
      Evaluation: [1400/1978]  eta: 0:00:38    time: 0.0662  data: 0.0000  max mem: 2671
      Evaluation: [1500/1978]  eta: 0:00:31    time: 0.0664  data: 0.0000  max mem: 2671
      Evaluation: [1600/1978]  eta: 0:00:25    time: 0.0664  data: 0.0000  max mem: 2671
      Evaluation: [1700/1978]  eta: 0:00:18    time: 0.0663  data: 0.0000  max mem: 2671
      Evaluation: [1800/1978]  eta: 0:00:11    time: 0.0663  data: 0.0000  max mem: 2671
      Evaluation: [1900/1978]  eta: 0:00:05    time: 0.0663  data: 0.0000  max mem: 2671
      Evaluation: [1977/1978]  eta: 0:00:00    time: 0.0663  data: 0.0000  max mem: 2671
      Evaluation: Total time: 0:02:11 (0.0663 s / it)
     Computing matching score time 0:02:11
### TTA ITM Score: 
+-------------------+--------+--------+--------+--------+--------+
|       epoch       |   R1   |   R5   |  R10   |  mAP   |  mINP  |
+-------------------+--------+--------+--------+--------+--------+
|  cos_sim_wo/norm  | 58.544 | 91.860 | 95.703 | 73.596 | 73.596 |
|        -999       | 69.414 | 95.197 | 97.776 | 81.233 | 81.233 |
| itm_score_wo/norm | 84.328 | 98.989 | 99.494 | 91.293 | 91.293 |
|        -999       | 84.277 | 99.039 | 99.596 | 91.276 | 91.276 |
|         0         | 84.732 | 98.888 | 99.545 | 91.452 | 91.452 |
|         1         | 84.681 | 98.837 | 99.343 | 91.349 | 91.349 |
|         2         | 84.732 | 98.635 | 99.242 | 91.359 | 91.359 |
|         4         | 84.479 | 98.837 | 99.343 | 91.302 | 91.302 |
|         9         | 84.934 | 98.584 | 99.393 | 91.369 | 91.369 |
|         14        | 84.934 | 98.483 | 99.393 | 91.376 | 91.376 |
|         19        | 84.884 | 98.483 | 99.343 | 91.331 | 91.331 |
|         29        | 84.884 | 98.534 | 99.393 | 91.364 | 91.364 |
|         39        | 84.934 | 98.584 | 99.444 | 91.384 | 91.384 |
+-------------------+--------+--------+--------+--------+--------+
     logs:  {'epo': 39, 'R1': np.float32(84.934), 'R5': np.float32(98.584), 'R10': np.float32(99.444), 'mAP': np.float32(91.384), 'mINP': np.float32(91.384), 'entropy': 0.021905, 'uncertainty': 1.464536, 'uncertainty_coeffi': 0.01, 'loss': 0.028162, 'lr': 3.7e-05}
      TTA Epoch: [40] [  0/122]  eta: 0:00:31  entropy: 0.0001  uncertainty: 1.2249  uncertainty_coeffi: 0.0100  loss: 0.0123  lr: 0.000036  time: 0.2579  data: 0.1982  max mem: 2671
      TTA Epoch: [40] [100/122]  eta: 0:00:01  entropy: 0.0001  uncertainty: 1.5630  uncertainty_coeffi: 0.0100  loss: 0.0157  lr: 0.000035  time: 0.0584  data: 0.0000  max mem: 2671
      TTA Epoch: [40] [121/122]  eta: 0:00:00  entropy: 0.0067  uncertainty: 1.5363  uncertainty_coeffi: 0.0100  loss: 0.0188  lr: 0.000035  time: 0.0585  data: 0.0000  max mem: 2671
      TTA Epoch: [40] Total time: 0:00:07 (0.0600 s / it)
     Averaged stats: entropy: 0.0191  uncertainty: 1.4650  uncertainty_coeffi: 0.0100  loss: 0.0258  lr: 0.0000
     itm tta time 0:00:07
      TTA Epoch: [41] [  0/122]  eta: 0:00:30  entropy: 0.0642  uncertainty: 1.6939  uncertainty_coeffi: 0.0100  loss: 0.0511  lr: 0.000035  time: 0.2475  data: 0.1878  max mem: 2671
      TTA Epoch: [41] [100/122]  eta: 0:00:01  entropy: 0.0263  uncertainty: 1.3994  uncertainty_coeffi: 0.0100  loss: 0.0300  lr: 0.000033  time: 0.0586  data: 0.0000  max mem: 2671
      TTA Epoch: [41] [121/122]  eta: 0:00:00  entropy: 0.0264  uncertainty: 1.2910  uncertainty_coeffi: 0.0100  loss: 0.0347  lr: 0.000033  time: 0.0581  data: 0.0000  max mem: 2671
      TTA Epoch: [41] Total time: 0:00:07 (0.0600 s / it)
     Averaged stats: entropy: 0.0228  uncertainty: 1.4646  uncertainty_coeffi: 0.0100  loss: 0.0287  lr: 0.0000
     itm tta time 0:00:07
      TTA Epoch: [42] [  0/122]  eta: 0:00:30  entropy: 0.0639  uncertainty: 1.3917  uncertainty_coeffi: 0.0100  loss: 0.0541  lr: 0.000033  time: 0.2478  data: 0.1887  max mem: 2671
      TTA Epoch: [42] [100/122]  eta: 0:00:01  entropy: 0.0407  uncertainty: 1.5026  uncertainty_coeffi: 0.0100  loss: 0.0355  lr: 0.000031  time: 0.0580  data: 0.0000  max mem: 2671
      TTA Epoch: [42] [121/122]  eta: 0:00:00  entropy: 0.0007  uncertainty: 1.3755  uncertainty_coeffi: 0.0100  loss: 0.0144  lr: 0.000031  time: 0.0579  data: 0.0000  max mem: 2671
      TTA Epoch: [42] Total time: 0:00:07 (0.0596 s / it)
     Averaged stats: entropy: 0.0218  uncertainty: 1.4648  uncertainty_coeffi: 0.0100  loss: 0.0283  lr: 0.0000
     itm tta time 0:00:07
      TTA Epoch: [43] [  0/122]  eta: 0:00:29  entropy: 0.1039  uncertainty: 1.4763  uncertainty_coeffi: 0.0100  loss: 0.0814  lr: 0.000031  time: 0.2448  data: 0.1842  max mem: 2671
      TTA Epoch: [43] [100/122]  eta: 0:00:01  entropy: 0.0141  uncertainty: 1.4818  uncertainty_coeffi: 0.0100  loss: 0.0218  lr: 0.000030  time: 0.0582  data: 0.0000  max mem: 2671
      TTA Epoch: [43] [121/122]  eta: 0:00:00  entropy: 0.0410  uncertainty: 1.5638  uncertainty_coeffi: 0.0100  loss: 0.0399  lr: 0.000029  time: 0.0581  data: 0.0000  max mem: 2671
      TTA Epoch: [43] Total time: 0:00:07 (0.0597 s / it)
     Averaged stats: entropy: 0.0238  uncertainty: 1.4646  uncertainty_coeffi: 0.0100  loss: 0.0291  lr: 0.0000
     itm tta time 0:00:07
      TTA Epoch: [44] [  0/122]  eta: 0:00:27  entropy: 0.0093  uncertainty: 1.6025  uncertainty_coeffi: 0.0100  loss: 0.0202  lr: 0.000029  time: 0.2223  data: 0.1628  max mem: 2671
      TTA Epoch: [44] [100/122]  eta: 0:00:01  entropy: 0.0040  uncertainty: 1.3068  uncertainty_coeffi: 0.0100  loss: 0.0161  lr: 0.000028  time: 0.0582  data: 0.0000  max mem: 2671
      TTA Epoch: [44] [121/122]  eta: 0:00:00  entropy: 0.0140  uncertainty: 1.3345  uncertainty_coeffi: 0.0100  loss: 0.0226  lr: 0.000027  time: 0.0580  data: 0.0000  max mem: 2671
      TTA Epoch: [44] Total time: 0:00:07 (0.0595 s / it)
     Averaged stats: entropy: 0.0212  uncertainty: 1.4647  uncertainty_coeffi: 0.0100  loss: 0.0278  lr: 0.0000
     itm tta time 0:00:07
      TTA Epoch: [45] [  0/122]  eta: 0:00:30  entropy: 0.0449  uncertainty: 1.4970  uncertainty_coeffi: 0.0100  loss: 0.0437  lr: 0.000027  time: 0.2506  data: 0.1910  max mem: 2671
      TTA Epoch: [45] [100/122]  eta: 0:00:01  entropy: 0.0039  uncertainty: 1.3874  uncertainty_coeffi: 0.0100  loss: 0.0163  lr: 0.000026  time: 0.0581  data: 0.0000  max mem: 2671
      TTA Epoch: [45] [121/122]  eta: 0:00:00  entropy: 0.0184  uncertainty: 1.6216  uncertainty_coeffi: 0.0100  loss: 0.0273  lr: 0.000026  time: 0.0579  data: 0.0000  max mem: 2671
      TTA Epoch: [45] Total time: 0:00:07 (0.0597 s / it)
     Averaged stats: entropy: 0.0230  uncertainty: 1.4651  uncertainty_coeffi: 0.0100  loss: 0.0292  lr: 0.0000
     itm tta time 0:00:07
      TTA Epoch: [46] [  0/122]  eta: 0:00:29  entropy: 0.0297  uncertainty: 1.5585  uncertainty_coeffi: 0.0100  loss: 0.0303  lr: 0.000026  time: 0.2398  data: 0.1810  max mem: 2671
      TTA Epoch: [46] [100/122]  eta: 0:00:01  entropy: 0.0341  uncertainty: 1.5476  uncertainty_coeffi: 0.0100  loss: 0.0369  lr: 0.000024  time: 0.0580  data: 0.0000  max mem: 2671
      TTA Epoch: [46] [121/122]  eta: 0:00:00  entropy: 0.0000  uncertainty: 1.4530  uncertainty_coeffi: 0.0100  loss: 0.0146  lr: 0.000024  time: 0.0579  data: 0.0000  max mem: 2671
      TTA Epoch: [46] Total time: 0:00:07 (0.0595 s / it)
     Averaged stats: entropy: 0.0208  uncertainty: 1.4644  uncertainty_coeffi: 0.0100  loss: 0.0276  lr: 0.0000
     itm tta time 0:00:07
      TTA Epoch: [47] [  0/122]  eta: 0:00:29  entropy: 0.0512  uncertainty: 1.5975  uncertainty_coeffi: 0.0100  loss: 0.0483  lr: 0.000024  time: 0.2426  data: 0.1833  max mem: 2671
      TTA Epoch: [47] [100/122]  eta: 0:00:01  entropy: 0.0099  uncertainty: 1.6071  uncertainty_coeffi: 0.0100  loss: 0.0219  lr: 0.000022  time: 0.0581  data: 0.0000  max mem: 2671
      TTA Epoch: [47] [121/122]  eta: 0:00:00  entropy: 0.1152  uncertainty: 1.5508  uncertainty_coeffi: 0.0100  loss: 0.0668  lr: 0.000022  time: 0.0582  data: 0.0000  max mem: 2671
      TTA Epoch: [47] Total time: 0:00:07 (0.0596 s / it)
     Averaged stats: entropy: 0.0233  uncertainty: 1.4647  uncertainty_coeffi: 0.0100  loss: 0.0285  lr: 0.0000
     itm tta time 0:00:07
      TTA Epoch: [48] [  0/122]  eta: 0:00:29  entropy: 0.0000  uncertainty: 1.4353  uncertainty_coeffi: 0.0100  loss: 0.0144  lr: 0.000022  time: 0.2430  data: 0.1840  max mem: 2671
      TTA Epoch: [48] [100/122]  eta: 0:00:01  entropy: 0.0371  uncertainty: 1.5217  uncertainty_coeffi: 0.0100  loss: 0.0395  lr: 0.000021  time: 0.0581  data: 0.0000  max mem: 2671
      TTA Epoch: [48] [121/122]  eta: 0:00:00  entropy: 0.0156  uncertainty: 1.4182  uncertainty_coeffi: 0.0100  loss: 0.0290  lr: 0.000020  time: 0.0580  data: 0.0000  max mem: 2671
      TTA Epoch: [48] Total time: 0:00:07 (0.0597 s / it)
     Averaged stats: entropy: 0.0199  uncertainty: 1.4645  uncertainty_coeffi: 0.0100  loss: 0.0266  lr: 0.0000
     itm tta time 0:00:07
      TTA Epoch: [49] [  0/122]  eta: 0:00:31  entropy: 0.0245  uncertainty: 1.2897  uncertainty_coeffi: 0.0100  loss: 0.0330  lr: 0.000020  time: 0.2548  data: 0.1953  max mem: 2671
      TTA Epoch: [49] [100/122]  eta: 0:00:01  entropy: 0.0000  uncertainty: 1.4411  uncertainty_coeffi: 0.0100  loss: 0.0144  lr: 0.000019  time: 0.0581  data: 0.0000  max mem: 2671
      TTA Epoch: [49] [121/122]  eta: 0:00:00  entropy: 0.0000  uncertainty: 1.5207  uncertainty_coeffi: 0.0100  loss: 0.0152  lr: 0.000019  time: 0.0579  data: 0.0000  max mem: 2671
      TTA Epoch: [49] Total time: 0:00:07 (0.0598 s / it)
     Averaged stats: entropy: 0.0223  uncertainty: 1.4641  uncertainty_coeffi: 0.0100  loss: 0.0284  lr: 0.0000
     itm tta time 0:00:07
     Computing matching score
      Evaluation: [   0/1978]  eta: 0:01:59    time: 0.0603  data: 0.0009  max mem: 2671
      Evaluation: [ 100/1978]  eta: 0:02:04    time: 0.0663  data: 0.0000  max mem: 2671
      Evaluation: [ 200/1978]  eta: 0:01:57    time: 0.0663  data: 0.0000  max mem: 2671
      Evaluation: [ 300/1978]  eta: 0:01:51    time: 0.0663  data: 0.0000  max mem: 2671
      Evaluation: [ 400/1978]  eta: 0:01:44    time: 0.0664  data: 0.0000  max mem: 2671
      Evaluation: [ 500/1978]  eta: 0:01:37    time: 0.0663  data: 0.0000  max mem: 2671
      Evaluation: [ 600/1978]  eta: 0:01:31    time: 0.0663  data: 0.0000  max mem: 2671
      Evaluation: [ 700/1978]  eta: 0:01:24    time: 0.0664  data: 0.0000  max mem: 2671
      Evaluation: [ 800/1978]  eta: 0:01:18    time: 0.0663  data: 0.0000  max mem: 2671
      Evaluation: [ 900/1978]  eta: 0:01:11    time: 0.0663  data: 0.0000  max mem: 2671
      Evaluation: [1000/1978]  eta: 0:01:04    time: 0.0662  data: 0.0000  max mem: 2671
      Evaluation: [1100/1978]  eta: 0:00:58    time: 0.0663  data: 0.0000  max mem: 2671
      Evaluation: [1200/1978]  eta: 0:00:51    time: 0.0664  data: 0.0000  max mem: 2671
      Evaluation: [1300/1978]  eta: 0:00:44    time: 0.0663  data: 0.0000  max mem: 2671
      Evaluation: [1400/1978]  eta: 0:00:38    time: 0.0663  data: 0.0000  max mem: 2671
      Evaluation: [1500/1978]  eta: 0:00:31    time: 0.0664  data: 0.0000  max mem: 2671
      Evaluation: [1600/1978]  eta: 0:00:25    time: 0.0664  data: 0.0000  max mem: 2671
      Evaluation: [1700/1978]  eta: 0:00:18    time: 0.0663  data: 0.0000  max mem: 2671
      Evaluation: [1800/1978]  eta: 0:00:11    time: 0.0663  data: 0.0000  max mem: 2671
      Evaluation: [1900/1978]  eta: 0:00:05    time: 0.0663  data: 0.0000  max mem: 2671
      Evaluation: [1977/1978]  eta: 0:00:00    time: 0.0664  data: 0.0000  max mem: 2671
      Evaluation: Total time: 0:02:11 (0.0663 s / it)
     Computing matching score time 0:02:11
### TTA ITM Score: 
+-------------------+--------+--------+--------+--------+--------+
|       epoch       |   R1   |   R5   |  R10   |  mAP   |  mINP  |
+-------------------+--------+--------+--------+--------+--------+
|  cos_sim_wo/norm  | 58.544 | 91.860 | 95.703 | 73.596 | 73.596 |
|        -999       | 69.414 | 95.197 | 97.776 | 81.233 | 81.233 |
| itm_score_wo/norm | 84.328 | 98.989 | 99.494 | 91.293 | 91.293 |
|        -999       | 84.277 | 99.039 | 99.596 | 91.276 | 91.276 |
|         0         | 84.732 | 98.888 | 99.545 | 91.452 | 91.452 |
|         1         | 84.681 | 98.837 | 99.343 | 91.349 | 91.349 |
|         2         | 84.732 | 98.635 | 99.242 | 91.359 | 91.359 |
|         4         | 84.479 | 98.837 | 99.343 | 91.302 | 91.302 |
|         9         | 84.934 | 98.584 | 99.393 | 91.369 | 91.369 |
|         14        | 84.934 | 98.483 | 99.393 | 91.376 | 91.376 |
|         19        | 84.884 | 98.483 | 99.343 | 91.331 | 91.331 |
|         29        | 84.884 | 98.534 | 99.393 | 91.364 | 91.364 |
|         39        | 84.934 | 98.584 | 99.444 | 91.384 | 91.384 |
|         49        | 84.884 | 98.534 | 99.444 | 91.360 | 91.360 |
+-------------------+--------+--------+--------+--------+--------+
     logs:  {'epo': 49, 'R1': np.float32(84.884), 'R5': np.float32(98.534), 'R10': np.float32(99.444), 'mAP': np.float32(91.36), 'mINP': np.float32(91.36), 'entropy': 0.022308, 'uncertainty': 1.464149, 'uncertainty_coeffi': 0.01, 'loss': 0.028399, 'lr': 1.9e-05}
      TTA Epoch: [50] [  0/122]  eta: 0:00:31  entropy: 0.0001  uncertainty: 1.3885  uncertainty_coeffi: 0.0100  loss: 0.0139  lr: 0.000019  time: 0.2561  data: 0.1963  max mem: 2671
      TTA Epoch: [50] [100/122]  eta: 0:00:01  entropy: 0.0000  uncertainty: 1.4127  uncertainty_coeffi: 0.0100  loss: 0.0142  lr: 0.000017  time: 0.0582  data: 0.0000  max mem: 2671
      TTA Epoch: [50] [121/122]  eta: 0:00:00  entropy: 0.0001  uncertainty: 1.3820  uncertainty_coeffi: 0.0100  loss: 0.0139  lr: 0.000017  time: 0.0579  data: 0.0000  max mem: 2671
      TTA Epoch: [50] Total time: 0:00:07 (0.0598 s / it)
     Averaged stats: entropy: 0.0220  uncertainty: 1.4649  uncertainty_coeffi: 0.0100  loss: 0.0282  lr: 0.0000
     itm tta time 0:00:07
      TTA Epoch: [51] [  0/122]  eta: 0:00:29  entropy: 0.0000  uncertainty: 1.4729  uncertainty_coeffi: 0.0100  loss: 0.0147  lr: 0.000017  time: 0.2448  data: 0.1854  max mem: 2671
      TTA Epoch: [51] [100/122]  eta: 0:00:01  entropy: 0.0001  uncertainty: 1.4399  uncertainty_coeffi: 0.0100  loss: 0.0144  lr: 0.000015  time: 0.0580  data: 0.0000  max mem: 2671
      TTA Epoch: [51] [121/122]  eta: 0:00:00  entropy: 0.0029  uncertainty: 1.4619  uncertainty_coeffi: 0.0100  loss: 0.0163  lr: 0.000015  time: 0.0582  data: 0.0000  max mem: 2671
      TTA Epoch: [51] Total time: 0:00:07 (0.0597 s / it)
     Averaged stats: entropy: 0.0202  uncertainty: 1.4648  uncertainty_coeffi: 0.0100  loss: 0.0270  lr: 0.0000
     itm tta time 0:00:07
      TTA Epoch: [52] [  0/122]  eta: 0:00:28  entropy: 0.0353  uncertainty: 1.4705  uncertainty_coeffi: 0.0100  loss: 0.0420  lr: 0.000015  time: 0.2345  data: 0.1749  max mem: 2671
      TTA Epoch: [52] [100/122]  eta: 0:00:01  entropy: 0.0158  uncertainty: 1.4403  uncertainty_coeffi: 0.0100  loss: 0.0248  lr: 0.000014  time: 0.0584  data: 0.0000  max mem: 2671
      TTA Epoch: [52] [121/122]  eta: 0:00:00  entropy: 0.0168  uncertainty: 1.4105  uncertainty_coeffi: 0.0100  loss: 0.0260  lr: 0.000013  time: 0.0579  data: 0.0000  max mem: 2671
      TTA Epoch: [52] Total time: 0:00:07 (0.0596 s / it)
     Averaged stats: entropy: 0.0203  uncertainty: 1.4655  uncertainty_coeffi: 0.0100  loss: 0.0272  lr: 0.0000
     itm tta time 0:00:07
      TTA Epoch: [53] [  0/122]  eta: 0:00:29  entropy: 0.0430  uncertainty: 1.3809  uncertainty_coeffi: 0.0100  loss: 0.0415  lr: 0.000013  time: 0.2394  data: 0.1804  max mem: 2671
      TTA Epoch: [53] [100/122]  eta: 0:00:01  entropy: 0.0020  uncertainty: 1.4418  uncertainty_coeffi: 0.0100  loss: 0.0156  lr: 0.000012  time: 0.0582  data: 0.0000  max mem: 2671
      TTA Epoch: [53] [121/122]  eta: 0:00:00  entropy: 0.0189  uncertainty: 1.4558  uncertainty_coeffi: 0.0100  loss: 0.0291  lr: 0.000012  time: 0.0580  data: 0.0000  max mem: 2671
      TTA Epoch: [53] Total time: 0:00:07 (0.0596 s / it)
     Averaged stats: entropy: 0.0188  uncertainty: 1.4646  uncertainty_coeffi: 0.0100  loss: 0.0260  lr: 0.0000
     itm tta time 0:00:07
      TTA Epoch: [54] [  0/122]  eta: 0:00:29  entropy: 0.1118  uncertainty: 1.7168  uncertainty_coeffi: 0.0100  loss: 0.0853  lr: 0.000011  time: 0.2412  data: 0.1813  max mem: 2671
      TTA Epoch: [54] [100/122]  eta: 0:00:01  entropy: 0.0057  uncertainty: 1.4468  uncertainty_coeffi: 0.0100  loss: 0.0168  lr: 0.000010  time: 0.0583  data: 0.0000  max mem: 2671
      TTA Epoch: [54] [121/122]  eta: 0:00:00  entropy: 0.0043  uncertainty: 1.4365  uncertainty_coeffi: 0.0100  loss: 0.0177  lr: 0.000010  time: 0.0579  data: 0.0000  max mem: 2671
      TTA Epoch: [54] Total time: 0:00:07 (0.0596 s / it)
     Averaged stats: entropy: 0.0211  uncertainty: 1.4645  uncertainty_coeffi: 0.0100  loss: 0.0275  lr: 0.0000
     itm tta time 0:00:07
      TTA Epoch: [55] [  0/122]  eta: 0:00:29  entropy: 0.0011  uncertainty: 1.5393  uncertainty_coeffi: 0.0100  loss: 0.0161  lr: 0.000010  time: 0.2454  data: 0.1853  max mem: 2671
      TTA Epoch: [55] [100/122]  eta: 0:00:01  entropy: 0.0284  uncertainty: 1.4748  uncertainty_coeffi: 0.0100  loss: 0.0305  lr: 0.000008  time: 0.0583  data: 0.0000  max mem: 2671
      TTA Epoch: [55] [121/122]  eta: 0:00:00  entropy: 0.0144  uncertainty: 1.5111  uncertainty_coeffi: 0.0100  loss: 0.0219  lr: 0.000008  time: 0.0579  data: 0.0000  max mem: 2671
      TTA Epoch: [55] Total time: 0:00:07 (0.0597 s / it)
     Averaged stats: entropy: 0.0166  uncertainty: 1.4645  uncertainty_coeffi: 0.0100  loss: 0.0247  lr: 0.0000
     itm tta time 0:00:07
      TTA Epoch: [56] [  0/122]  eta: 0:00:30  entropy: 0.0332  uncertainty: 1.4182  uncertainty_coeffi: 0.0100  loss: 0.0364  lr: 0.000008  time: 0.2508  data: 0.1918  max mem: 2671
      TTA Epoch: [56] [100/122]  eta: 0:00:01  entropy: 0.1110  uncertainty: 1.5788  uncertainty_coeffi: 0.0100  loss: 0.0722  lr: 0.000006  time: 0.0583  data: 0.0000  max mem: 2671
      TTA Epoch: [56] [121/122]  eta: 0:00:00  entropy: 0.0220  uncertainty: 1.4385  uncertainty_coeffi: 0.0100  loss: 0.0278  lr: 0.000006  time: 0.0581  data: 0.0000  max mem: 2671
      TTA Epoch: [56] Total time: 0:00:07 (0.0597 s / it)
     Averaged stats: entropy: 0.0197  uncertainty: 1.4651  uncertainty_coeffi: 0.0100  loss: 0.0267  lr: 0.0000
     itm tta time 0:00:07
      TTA Epoch: [57] [  0/122]  eta: 0:00:31  entropy: 0.0272  uncertainty: 1.4725  uncertainty_coeffi: 0.0100  loss: 0.0328  lr: 0.000006  time: 0.2553  data: 0.1965  max mem: 2671
      TTA Epoch: [57] [100/122]  eta: 0:00:01  entropy: 0.0377  uncertainty: 1.6474  uncertainty_coeffi: 0.0100  loss: 0.0323  lr: 0.000005  time: 0.0581  data: 0.0001  max mem: 2671
      TTA Epoch: [57] [121/122]  eta: 0:00:00  entropy: 0.0016  uncertainty: 1.4134  uncertainty_coeffi: 0.0100  loss: 0.0152  lr: 0.000004  time: 0.0579  data: 0.0000  max mem: 2671
      TTA Epoch: [57] Total time: 0:00:07 (0.0597 s / it)
     Averaged stats: entropy: 0.0201  uncertainty: 1.4654  uncertainty_coeffi: 0.0100  loss: 0.0266  lr: 0.0000
     itm tta time 0:00:07
      TTA Epoch: [58] [  0/122]  eta: 0:00:29  entropy: 0.0790  uncertainty: 1.6148  uncertainty_coeffi: 0.0100  loss: 0.0528  lr: 0.000004  time: 0.2420  data: 0.1827  max mem: 2671
      TTA Epoch: [58] [100/122]  eta: 0:00:01  entropy: 0.0000  uncertainty: 1.5580  uncertainty_coeffi: 0.0100  loss: 0.0156  lr: 0.000003  time: 0.0580  data: 0.0000  max mem: 2671
      TTA Epoch: [58] [121/122]  eta: 0:00:00  entropy: 0.0001  uncertainty: 1.4832  uncertainty_coeffi: 0.0100  loss: 0.0149  lr: 0.000003  time: 0.0579  data: 0.0000  max mem: 2671
      TTA Epoch: [58] Total time: 0:00:07 (0.0596 s / it)
     Averaged stats: entropy: 0.0190  uncertainty: 1.4642  uncertainty_coeffi: 0.0100  loss: 0.0263  lr: 0.0000
     itm tta time 0:00:07
      TTA Epoch: [59] [  0/122]  eta: 0:00:28  entropy: 0.0170  uncertainty: 1.3647  uncertainty_coeffi: 0.0100  loss: 0.0254  lr: 0.000003  time: 0.2343  data: 0.1752  max mem: 2671
      TTA Epoch: [59] [100/122]  eta: 0:00:01  entropy: 0.0004  uncertainty: 1.2872  uncertainty_coeffi: 0.0100  loss: 0.0131  lr: 0.000001  time: 0.0581  data: 0.0000  max mem: 2671
      TTA Epoch: [59] [121/122]  eta: 0:00:00  entropy: 0.0002  uncertainty: 1.3998  uncertainty_coeffi: 0.0100  loss: 0.0141  lr: 0.000001  time: 0.0579  data: 0.0000  max mem: 2671
      TTA Epoch: [59] Total time: 0:00:07 (0.0595 s / it)
     Averaged stats: entropy: 0.0222  uncertainty: 1.4652  uncertainty_coeffi: 0.0100  loss: 0.0280  lr: 0.0000
     itm tta time 0:00:07
     Computing matching score
      Evaluation: [   0/1978]  eta: 0:02:02    time: 0.0618  data: 0.0011  max mem: 2671
      Evaluation: [ 100/1978]  eta: 0:02:04    time: 0.0663  data: 0.0000  max mem: 2671
      Evaluation: [ 200/1978]  eta: 0:01:57    time: 0.0663  data: 0.0000  max mem: 2671
      Evaluation: [ 300/1978]  eta: 0:01:51    time: 0.0664  data: 0.0000  max mem: 2671
      Evaluation: [ 400/1978]  eta: 0:01:44    time: 0.0663  data: 0.0000  max mem: 2671
      Evaluation: [ 500/1978]  eta: 0:01:37    time: 0.0663  data: 0.0000  max mem: 2671
      Evaluation: [ 600/1978]  eta: 0:01:31    time: 0.0663  data: 0.0000  max mem: 2671
      Evaluation: [ 700/1978]  eta: 0:01:24    time: 0.0664  data: 0.0000  max mem: 2671
      Evaluation: [ 800/1978]  eta: 0:01:18    time: 0.0663  data: 0.0000  max mem: 2671
      Evaluation: [ 900/1978]  eta: 0:01:11    time: 0.0663  data: 0.0000  max mem: 2671
      Evaluation: [1000/1978]  eta: 0:01:04    time: 0.0663  data: 0.0000  max mem: 2671
      Evaluation: [1100/1978]  eta: 0:00:58    time: 0.0663  data: 0.0000  max mem: 2671
      Evaluation: [1200/1978]  eta: 0:00:51    time: 0.0664  data: 0.0000  max mem: 2671
      Evaluation: [1300/1978]  eta: 0:00:44    time: 0.0664  data: 0.0000  max mem: 2671
      Evaluation: [1400/1978]  eta: 0:00:38    time: 0.0663  data: 0.0000  max mem: 2671
      Evaluation: [1500/1978]  eta: 0:00:31    time: 0.0663  data: 0.0000  max mem: 2671
      Evaluation: [1600/1978]  eta: 0:00:25    time: 0.0663  data: 0.0000  max mem: 2671
      Evaluation: [1700/1978]  eta: 0:00:18    time: 0.0663  data: 0.0000  max mem: 2671
      Evaluation: [1800/1978]  eta: 0:00:11    time: 0.0664  data: 0.0000  max mem: 2671
      Evaluation: [1900/1978]  eta: 0:00:05    time: 0.0663  data: 0.0000  max mem: 2671
      Evaluation: [1977/1978]  eta: 0:00:00    time: 0.0663  data: 0.0000  max mem: 2671
      Evaluation: Total time: 0:02:11 (0.0663 s / it)
     Computing matching score time 0:02:11
### TTA ITM Score: 
+-------------------+--------+--------+--------+--------+--------+
|       epoch       |   R1   |   R5   |  R10   |  mAP   |  mINP  |
+-------------------+--------+--------+--------+--------+--------+
|  cos_sim_wo/norm  | 58.544 | 91.860 | 95.703 | 73.596 | 73.596 |
|        -999       | 69.414 | 95.197 | 97.776 | 81.233 | 81.233 |
| itm_score_wo/norm | 84.328 | 98.989 | 99.494 | 91.293 | 91.293 |
|        -999       | 84.277 | 99.039 | 99.596 | 91.276 | 91.276 |
|         0         | 84.732 | 98.888 | 99.545 | 91.452 | 91.452 |
|         1         | 84.681 | 98.837 | 99.343 | 91.349 | 91.349 |
|         2         | 84.732 | 98.635 | 99.242 | 91.359 | 91.359 |
|         4         | 84.479 | 98.837 | 99.343 | 91.302 | 91.302 |
|         9         | 84.934 | 98.584 | 99.393 | 91.369 | 91.369 |
|         14        | 84.934 | 98.483 | 99.393 | 91.376 | 91.376 |
|         19        | 84.884 | 98.483 | 99.343 | 91.331 | 91.331 |
|         29        | 84.884 | 98.534 | 99.393 | 91.364 | 91.364 |
|         39        | 84.934 | 98.584 | 99.444 | 91.384 | 91.384 |
|         49        | 84.884 | 98.534 | 99.444 | 91.360 | 91.360 |
|         59        | 84.833 | 98.534 | 99.444 | 91.334 | 91.334 |
+-------------------+--------+--------+--------+--------+--------+
     logs:  {'epo': 59, 'R1': np.float32(84.833), 'R5': np.float32(98.534), 'R10': np.float32(99.444), 'mAP': np.float32(91.334), 'mINP': np.float32(91.334), 'entropy': 0.022229, 'uncertainty': 1.465174, 'uncertainty_coeffi': 0.01, 'loss': 0.028044, 'lr': 2e-06}
### best epoch: 9
### Time 0:31:27
NNODES,  1
NODE_RANK,  0
MASTER_ADDR,  127.0.0.1
MASTER_PORT,  1612
NPROC_PER_NODE,  2
task:  exp5.0.1
config:  configs_rerun3/exp5.0.1.yaml
output_dir:  output_rerun3/exp5.0.1/2025092009043
python3 tta.py --config configs_rerun3/exp5.0.1.yaml --task exp5.0.1 --output_dir output_rerun3/exp5.0.1/2025092009043 --checkpoint checkpoint/cmp.pth --bs 0 --epo 0 --lr 0.0 --seed 42 --tta
