/home/jiahao/miniconda3/envs/cmp/lib/python3.10/site-packages/torch/functional.py:554: UserWarning: torch.meshgrid: in an upcoming release, it will be required to pass the indexing argument. (Triggered internally at /pytorch/aten/src/ATen/native/TensorShape.cpp:4322.)
  return _VF.meshgrid(tensors, **kwargs)  # type: ignore[attr-defined]
Not using distributed mode
### Hyper-parameters:
     seed: 42
     device: cuda
     output_dir: output_rerun4/exp4.0.2/2025092215415
     batch_size_tta: 16
     epochs: 60
     lr: 0.0001
### Creating test dataset
from data/PAB/annotation/test/attr.json loading 1978 data
     test dataset -->    be_pose_img: False
     test_dataset: 1978
### Creating test dataloader
### be careful: func create_loader returns a list length of 1
     test_loader: 90
### Creating model
build_vision_encoder: load swin 224 x 224 ====>
missing_keys:  []
unexpected_keys:  ['head.weight', 'head.bias']
build_text_encoder: load bert ====>
missing_keys: ['bert.encoder.layer.10.crossattention.output.LayerNorm.bias', 'bert.encoder.layer.10.crossattention.output.LayerNorm.weight', 'bert.encoder.layer.10.crossattention.output.dense.bias', 'bert.encoder.layer.10.crossattention.output.dense.weight', 'bert.encoder.layer.10.crossattention.self.key.bias', 'bert.encoder.layer.10.crossattention.self.key.weight', 'bert.encoder.layer.10.crossattention.self.query.bias', 'bert.encoder.layer.10.crossattention.self.query.weight', 'bert.encoder.layer.10.crossattention.self.value.bias', 'bert.encoder.layer.10.crossattention.self.value.weight', 'bert.encoder.layer.11.crossattention.output.LayerNorm.bias', 'bert.encoder.layer.11.crossattention.output.LayerNorm.weight', 'bert.encoder.layer.11.crossattention.output.dense.bias', 'bert.encoder.layer.11.crossattention.output.dense.weight', 'bert.encoder.layer.11.crossattention.self.key.bias', 'bert.encoder.layer.11.crossattention.self.key.weight', 'bert.encoder.layer.11.crossattention.self.query.bias', 'bert.encoder.layer.11.crossattention.self.query.weight', 'bert.encoder.layer.11.crossattention.self.value.bias', 'bert.encoder.layer.11.crossattention.self.value.weight', 'bert.encoder.layer.6.crossattention.output.LayerNorm.bias', 'bert.encoder.layer.6.crossattention.output.LayerNorm.weight', 'bert.encoder.layer.6.crossattention.output.dense.bias', 'bert.encoder.layer.6.crossattention.output.dense.weight', 'bert.encoder.layer.6.crossattention.self.key.bias', 'bert.encoder.layer.6.crossattention.self.key.weight', 'bert.encoder.layer.6.crossattention.self.query.bias', 'bert.encoder.layer.6.crossattention.self.query.weight', 'bert.encoder.layer.6.crossattention.self.value.bias', 'bert.encoder.layer.6.crossattention.self.value.weight', 'bert.encoder.layer.7.crossattention.output.LayerNorm.bias', 'bert.encoder.layer.7.crossattention.output.LayerNorm.weight', 'bert.encoder.layer.7.crossattention.output.dense.bias', 'bert.encoder.layer.7.crossattention.output.dense.weight', 'bert.encoder.layer.7.crossattention.self.key.bias', 'bert.encoder.layer.7.crossattention.self.key.weight', 'bert.encoder.layer.7.crossattention.self.query.bias', 'bert.encoder.layer.7.crossattention.self.query.weight', 'bert.encoder.layer.7.crossattention.self.value.bias', 'bert.encoder.layer.7.crossattention.self.value.weight', 'bert.encoder.layer.8.crossattention.output.LayerNorm.bias', 'bert.encoder.layer.8.crossattention.output.LayerNorm.weight', 'bert.encoder.layer.8.crossattention.output.dense.bias', 'bert.encoder.layer.8.crossattention.output.dense.weight', 'bert.encoder.layer.8.crossattention.self.key.bias', 'bert.encoder.layer.8.crossattention.self.key.weight', 'bert.encoder.layer.8.crossattention.self.query.bias', 'bert.encoder.layer.8.crossattention.self.query.weight', 'bert.encoder.layer.8.crossattention.self.value.bias', 'bert.encoder.layer.8.crossattention.self.value.weight', 'bert.encoder.layer.9.crossattention.output.LayerNorm.bias', 'bert.encoder.layer.9.crossattention.output.LayerNorm.weight', 'bert.encoder.layer.9.crossattention.output.dense.bias', 'bert.encoder.layer.9.crossattention.output.dense.weight', 'bert.encoder.layer.9.crossattention.self.key.bias', 'bert.encoder.layer.9.crossattention.self.key.weight', 'bert.encoder.layer.9.crossattention.self.query.bias', 'bert.encoder.layer.9.crossattention.self.query.weight', 'bert.encoder.layer.9.crossattention.self.value.bias', 'bert.encoder.layer.9.crossattention.self.value.weight']
unexpected_keys: ['cls.seq_relationship.bias', 'cls.seq_relationship.weight']
mismatched_keys: []
error_msgs: []
Label Smooth: 0.2
load checkpoint from checkpoint/16m_base_model_state_step_199999.th
missing_keys:  []
unexpected_keys:  ['bbox_head.0.weight', 'bbox_head.0.bias', 'bbox_head.1.weight', 'bbox_head.1.bias', 'bbox_head.3.weight', 'bbox_head.3.bias']
     Total Params Sum:  214446837
### Inference ITC similiarity matrix
     Computing text features for evaluation
     Computing image features for evaluation
/home/jiahao/task/CMP/eval.py:129: UserWarning: To copy construct from a tensor, it is recommended to use sourceTensor.detach().clone() or sourceTensor.detach().clone().requires_grad_(True), rather than torch.tensor(sourceTensor).
  similarity = torch.tensor(scores_t2i)
     Computing features time 0:00:15
### Zero-Shot ITC Score: 
+-------+--------+--------+--------+--------+--------+
| epoch |   R1   |   R5   |  R10   |  mAP   |  mINP  |
+-------+--------+--------+--------+--------+--------+
|  -999 | 53.438 | 86.855 | 92.922 | 68.348 | 68.348 |
+-------+--------+--------+--------+--------+--------+
     Computing matching score
      Evaluation: [   0/1978]  eta: 0:04:43    time: 0.1434  data: 0.0032  max mem: 2074
      Evaluation: [ 100/1978]  eta: 0:04:01    time: 0.1288  data: 0.0000  max mem: 2074
      Evaluation: [ 200/1978]  eta: 0:03:48    time: 0.1286  data: 0.0000  max mem: 2074
      Evaluation: [ 300/1978]  eta: 0:03:36    time: 0.1287  data: 0.0000  max mem: 2074
      Evaluation: [ 400/1978]  eta: 0:03:23    time: 0.1287  data: 0.0000  max mem: 2074
      Evaluation: [ 500/1978]  eta: 0:03:10    time: 0.1289  data: 0.0000  max mem: 2074
      Evaluation: [ 600/1978]  eta: 0:02:57    time: 0.1284  data: 0.0000  max mem: 2074
      Evaluation: [ 700/1978]  eta: 0:02:44    time: 0.1285  data: 0.0000  max mem: 2074
      Evaluation: [ 800/1978]  eta: 0:02:31    time: 0.1287  data: 0.0000  max mem: 2074
      Evaluation: [ 900/1978]  eta: 0:02:18    time: 0.1289  data: 0.0000  max mem: 2074
      Evaluation: [1000/1978]  eta: 0:02:05    time: 0.1284  data: 0.0000  max mem: 2074
      Evaluation: [1100/1978]  eta: 0:01:53    time: 0.1287  data: 0.0000  max mem: 2074
      Evaluation: [1200/1978]  eta: 0:01:40    time: 0.1289  data: 0.0000  max mem: 2074
      Evaluation: [1300/1978]  eta: 0:01:27    time: 0.1288  data: 0.0000  max mem: 2074
      Evaluation: [1400/1978]  eta: 0:01:13    time: 0.1279  data: 0.0000  max mem: 2074
      Evaluation: [1500/1978]  eta: 0:01:00    time: 0.1028  data: 0.0000  max mem: 2074
      Evaluation: [1600/1978]  eta: 0:00:48    time: 0.1274  data: 0.0000  max mem: 2074
      Evaluation: [1700/1978]  eta: 0:00:35    time: 0.1277  data: 0.0000  max mem: 2074
      Evaluation: [1800/1978]  eta: 0:00:22    time: 0.1287  data: 0.0000  max mem: 2074
      Evaluation: [1900/1978]  eta: 0:00:09    time: 0.1077  data: 0.0000  max mem: 2074
      Evaluation: [1977/1978]  eta: 0:00:00    time: 0.1290  data: 0.0000  max mem: 2074
      Evaluation: Total time: 0:04:10 (0.1266 s / it)
     Computing matching score time 0:04:12
### Zero-Shot ITM Score: 
+-------+--------+--------+--------+--------+--------+
| epoch |   R1   |   R5   |  R10   |  mAP   |  mINP  |
+-------+--------+--------+--------+--------+--------+
|  -999 | 53.438 | 86.855 | 92.922 | 68.348 | 68.348 |
|  -999 | 72.700 | 97.776 | 99.090 | 84.322 | 84.322 |
+-------+--------+--------+--------+--------+--------+
### TTA:
     preprocess_tta_coefficients  start
     sample selection ...
     number of sample after sample_selection: 1721
     uncertainty ...
     preprocess_tta_coefficients  end
### Creating tta dataset
     tta_dataset: 1721
### Creating tta dataloader
### be careful: func create_loader returns a list length of 1
     tta_loader: 107
### Configure adapted weights
     TTA Dropout Modules: 
 [('vision_encoder.pos_drop', Dropout(p=0, inplace=False), True), ('vision_encoder.layers.0.blocks.0.attn.attn_drop', Dropout(p=0.0, inplace=False), True), ('vision_encoder.layers.0.blocks.0.attn.proj_drop', Dropout(p=0, inplace=False), True), ('vision_encoder.layers.0.blocks.0.mlp.drop', Dropout(p=0, inplace=False), True), ('vision_encoder.layers.0.blocks.1.attn.attn_drop', Dropout(p=0.0, inplace=False), True), ('vision_encoder.layers.0.blocks.1.attn.proj_drop', Dropout(p=0, inplace=False), True), ('vision_encoder.layers.0.blocks.1.mlp.drop', Dropout(p=0, inplace=False), True), ('vision_encoder.layers.1.blocks.0.attn.attn_drop', Dropout(p=0.0, inplace=False), True), ('vision_encoder.layers.1.blocks.0.attn.proj_drop', Dropout(p=0, inplace=False), True), ('vision_encoder.layers.1.blocks.0.mlp.drop', Dropout(p=0, inplace=False), True), ('vision_encoder.layers.1.blocks.1.attn.attn_drop', Dropout(p=0.0, inplace=False), True), ('vision_encoder.layers.1.blocks.1.attn.proj_drop', Dropout(p=0, inplace=False), True), ('vision_encoder.layers.1.blocks.1.mlp.drop', Dropout(p=0, inplace=False), True), ('vision_encoder.layers.2.blocks.0.attn.attn_drop', Dropout(p=0.0, inplace=False), True), ('vision_encoder.layers.2.blocks.0.attn.proj_drop', Dropout(p=0, inplace=False), True), ('vision_encoder.layers.2.blocks.0.mlp.drop', Dropout(p=0, inplace=False), True), ('vision_encoder.layers.2.blocks.1.attn.attn_drop', Dropout(p=0.0, inplace=False), True), ('vision_encoder.layers.2.blocks.1.attn.proj_drop', Dropout(p=0, inplace=False), True), ('vision_encoder.layers.2.blocks.1.mlp.drop', Dropout(p=0, inplace=False), True), ('vision_encoder.layers.2.blocks.2.attn.attn_drop', Dropout(p=0.0, inplace=False), True), ('vision_encoder.layers.2.blocks.2.attn.proj_drop', Dropout(p=0, inplace=False), True), ('vision_encoder.layers.2.blocks.2.mlp.drop', Dropout(p=0, inplace=False), True), ('vision_encoder.layers.2.blocks.3.attn.attn_drop', Dropout(p=0.0, inplace=False), True), ('vision_encoder.layers.2.blocks.3.attn.proj_drop', Dropout(p=0, inplace=False), True), ('vision_encoder.layers.2.blocks.3.mlp.drop', Dropout(p=0, inplace=False), True), ('vision_encoder.layers.2.blocks.4.attn.attn_drop', Dropout(p=0.0, inplace=False), True), ('vision_encoder.layers.2.blocks.4.attn.proj_drop', Dropout(p=0, inplace=False), True), ('vision_encoder.layers.2.blocks.4.mlp.drop', Dropout(p=0, inplace=False), True), ('vision_encoder.layers.2.blocks.5.attn.attn_drop', Dropout(p=0.0, inplace=False), True), ('vision_encoder.layers.2.blocks.5.attn.proj_drop', Dropout(p=0, inplace=False), True), ('vision_encoder.layers.2.blocks.5.mlp.drop', Dropout(p=0, inplace=False), True), ('vision_encoder.layers.2.blocks.6.attn.attn_drop', Dropout(p=0.0, inplace=False), True), ('vision_encoder.layers.2.blocks.6.attn.proj_drop', Dropout(p=0, inplace=False), True), ('vision_encoder.layers.2.blocks.6.mlp.drop', Dropout(p=0, inplace=False), True), ('vision_encoder.layers.2.blocks.7.attn.attn_drop', Dropout(p=0.0, inplace=False), True), ('vision_encoder.layers.2.blocks.7.attn.proj_drop', Dropout(p=0, inplace=False), True), ('vision_encoder.layers.2.blocks.7.mlp.drop', Dropout(p=0, inplace=False), True), ('vision_encoder.layers.2.blocks.8.attn.attn_drop', Dropout(p=0.0, inplace=False), True), ('vision_encoder.layers.2.blocks.8.attn.proj_drop', Dropout(p=0, inplace=False), True), ('vision_encoder.layers.2.blocks.8.mlp.drop', Dropout(p=0, inplace=False), True), ('vision_encoder.layers.2.blocks.9.attn.attn_drop', Dropout(p=0.0, inplace=False), True), ('vision_encoder.layers.2.blocks.9.attn.proj_drop', Dropout(p=0, inplace=False), True), ('vision_encoder.layers.2.blocks.9.mlp.drop', Dropout(p=0, inplace=False), True), ('vision_encoder.layers.2.blocks.10.attn.attn_drop', Dropout(p=0.0, inplace=False), True), ('vision_encoder.layers.2.blocks.10.attn.proj_drop', Dropout(p=0, inplace=False), True), ('vision_encoder.layers.2.blocks.10.mlp.drop', Dropout(p=0, inplace=False), True), ('vision_encoder.layers.2.blocks.11.attn.attn_drop', Dropout(p=0.0, inplace=False), True), ('vision_encoder.layers.2.blocks.11.attn.proj_drop', Dropout(p=0, inplace=False), True), ('vision_encoder.layers.2.blocks.11.mlp.drop', Dropout(p=0, inplace=False), True), ('vision_encoder.layers.2.blocks.12.attn.attn_drop', Dropout(p=0.0, inplace=False), True), ('vision_encoder.layers.2.blocks.12.attn.proj_drop', Dropout(p=0, inplace=False), True), ('vision_encoder.layers.2.blocks.12.mlp.drop', Dropout(p=0, inplace=False), True), ('vision_encoder.layers.2.blocks.13.attn.attn_drop', Dropout(p=0.0, inplace=False), True), ('vision_encoder.layers.2.blocks.13.attn.proj_drop', Dropout(p=0, inplace=False), True), ('vision_encoder.layers.2.blocks.13.mlp.drop', Dropout(p=0, inplace=False), True), ('vision_encoder.layers.2.blocks.14.attn.attn_drop', Dropout(p=0.0, inplace=False), True), ('vision_encoder.layers.2.blocks.14.attn.proj_drop', Dropout(p=0, inplace=False), True), ('vision_encoder.layers.2.blocks.14.mlp.drop', Dropout(p=0, inplace=False), True), ('vision_encoder.layers.2.blocks.15.attn.attn_drop', Dropout(p=0.0, inplace=False), True), ('vision_encoder.layers.2.blocks.15.attn.proj_drop', Dropout(p=0, inplace=False), True), ('vision_encoder.layers.2.blocks.15.mlp.drop', Dropout(p=0, inplace=False), True), ('vision_encoder.layers.2.blocks.16.attn.attn_drop', Dropout(p=0.0, inplace=False), True), ('vision_encoder.layers.2.blocks.16.attn.proj_drop', Dropout(p=0, inplace=False), True), ('vision_encoder.layers.2.blocks.16.mlp.drop', Dropout(p=0, inplace=False), True), ('vision_encoder.layers.2.blocks.17.attn.attn_drop', Dropout(p=0.0, inplace=False), True), ('vision_encoder.layers.2.blocks.17.attn.proj_drop', Dropout(p=0, inplace=False), True), ('vision_encoder.layers.2.blocks.17.mlp.drop', Dropout(p=0, inplace=False), True), ('vision_encoder.layers.3.blocks.0.attn.attn_drop', Dropout(p=0.0, inplace=False), True), ('vision_encoder.layers.3.blocks.0.attn.proj_drop', Dropout(p=0, inplace=False), True), ('vision_encoder.layers.3.blocks.0.mlp.drop', Dropout(p=0, inplace=False), True), ('vision_encoder.layers.3.blocks.1.attn.attn_drop', Dropout(p=0.0, inplace=False), True), ('vision_encoder.layers.3.blocks.1.attn.proj_drop', Dropout(p=0, inplace=False), True), ('vision_encoder.layers.3.blocks.1.mlp.drop', Dropout(p=0, inplace=False), True), ('text_encoder.bert.embeddings.dropout', Dropout(p=0.1, inplace=False), True), ('text_encoder.bert.encoder.layer.0.attention.self.dropout', Dropout(p=0.1, inplace=False), True), ('text_encoder.bert.encoder.layer.0.attention.output.dropout', Dropout(p=0.1, inplace=False), True), ('text_encoder.bert.encoder.layer.0.output.dropout', Dropout(p=0.1, inplace=False), True), ('text_encoder.bert.encoder.layer.1.attention.self.dropout', Dropout(p=0.1, inplace=False), True), ('text_encoder.bert.encoder.layer.1.attention.output.dropout', Dropout(p=0.1, inplace=False), True), ('text_encoder.bert.encoder.layer.1.output.dropout', Dropout(p=0.1, inplace=False), True), ('text_encoder.bert.encoder.layer.2.attention.self.dropout', Dropout(p=0.1, inplace=False), True), ('text_encoder.bert.encoder.layer.2.attention.output.dropout', Dropout(p=0.1, inplace=False), True), ('text_encoder.bert.encoder.layer.2.output.dropout', Dropout(p=0.1, inplace=False), True), ('text_encoder.bert.encoder.layer.3.attention.self.dropout', Dropout(p=0.1, inplace=False), True), ('text_encoder.bert.encoder.layer.3.attention.output.dropout', Dropout(p=0.1, inplace=False), True), ('text_encoder.bert.encoder.layer.3.output.dropout', Dropout(p=0.1, inplace=False), True), ('text_encoder.bert.encoder.layer.4.attention.self.dropout', Dropout(p=0.1, inplace=False), True), ('text_encoder.bert.encoder.layer.4.attention.output.dropout', Dropout(p=0.1, inplace=False), True), ('text_encoder.bert.encoder.layer.4.output.dropout', Dropout(p=0.1, inplace=False), True), ('text_encoder.bert.encoder.layer.5.attention.self.dropout', Dropout(p=0.1, inplace=False), True), ('text_encoder.bert.encoder.layer.5.attention.output.dropout', Dropout(p=0.1, inplace=False), True), ('text_encoder.bert.encoder.layer.5.output.dropout', Dropout(p=0.1, inplace=False), True), ('text_encoder.bert.encoder.layer.6.attention.self.dropout', Dropout(p=0.1, inplace=False), True), ('text_encoder.bert.encoder.layer.6.attention.output.dropout', Dropout(p=0.1, inplace=False), True), ('text_encoder.bert.encoder.layer.6.crossattention.self.dropout', Dropout(p=0.1, inplace=False), True), ('text_encoder.bert.encoder.layer.6.crossattention.output.dropout', Dropout(p=0.1, inplace=False), True), ('text_encoder.bert.encoder.layer.6.output.dropout', Dropout(p=0.1, inplace=False), True), ('text_encoder.bert.encoder.layer.7.attention.self.dropout', Dropout(p=0.1, inplace=False), True), ('text_encoder.bert.encoder.layer.7.attention.output.dropout', Dropout(p=0.1, inplace=False), True), ('text_encoder.bert.encoder.layer.7.crossattention.self.dropout', Dropout(p=0.1, inplace=False), True), ('text_encoder.bert.encoder.layer.7.crossattention.output.dropout', Dropout(p=0.1, inplace=False), True), ('text_encoder.bert.encoder.layer.7.output.dropout', Dropout(p=0.1, inplace=False), True), ('text_encoder.bert.encoder.layer.8.attention.self.dropout', Dropout(p=0.1, inplace=False), True), ('text_encoder.bert.encoder.layer.8.attention.output.dropout', Dropout(p=0.1, inplace=False), True), ('text_encoder.bert.encoder.layer.8.crossattention.self.dropout', Dropout(p=0.1, inplace=False), True), ('text_encoder.bert.encoder.layer.8.crossattention.output.dropout', Dropout(p=0.1, inplace=False), True), ('text_encoder.bert.encoder.layer.8.output.dropout', Dropout(p=0.1, inplace=False), True), ('text_encoder.bert.encoder.layer.9.attention.self.dropout', Dropout(p=0.1, inplace=False), True), ('text_encoder.bert.encoder.layer.9.attention.output.dropout', Dropout(p=0.1, inplace=False), True), ('text_encoder.bert.encoder.layer.9.crossattention.self.dropout', Dropout(p=0.1, inplace=False), True), ('text_encoder.bert.encoder.layer.9.crossattention.output.dropout', Dropout(p=0.1, inplace=False), True), ('text_encoder.bert.encoder.layer.9.output.dropout', Dropout(p=0.1, inplace=False), True), ('text_encoder.bert.encoder.layer.10.attention.self.dropout', Dropout(p=0.1, inplace=False), True), ('text_encoder.bert.encoder.layer.10.attention.output.dropout', Dropout(p=0.1, inplace=False), True), ('text_encoder.bert.encoder.layer.10.crossattention.self.dropout', Dropout(p=0.1, inplace=False), True), ('text_encoder.bert.encoder.layer.10.crossattention.output.dropout', Dropout(p=0.1, inplace=False), True), ('text_encoder.bert.encoder.layer.10.output.dropout', Dropout(p=0.1, inplace=False), True), ('text_encoder.bert.encoder.layer.11.attention.self.dropout', Dropout(p=0.1, inplace=False), True), ('text_encoder.bert.encoder.layer.11.attention.output.dropout', Dropout(p=0.1, inplace=False), True), ('text_encoder.bert.encoder.layer.11.crossattention.self.dropout', Dropout(p=0.1, inplace=False), True), ('text_encoder.bert.encoder.layer.11.crossattention.output.dropout', Dropout(p=0.1, inplace=False), True), ('text_encoder.bert.encoder.layer.11.output.dropout', Dropout(p=0.1, inplace=False), True)]
     TTA Require Gradient Params: 
 [('text_encoder.bert.embeddings.LayerNorm.weight', torch.Size([768])), ('text_encoder.bert.embeddings.LayerNorm.bias', torch.Size([768])), ('text_encoder.bert.encoder.layer.6.attention.output.LayerNorm.weight', torch.Size([768])), ('text_encoder.bert.encoder.layer.6.attention.output.LayerNorm.bias', torch.Size([768])), ('text_encoder.bert.encoder.layer.6.crossattention.output.LayerNorm.weight', torch.Size([768])), ('text_encoder.bert.encoder.layer.6.crossattention.output.LayerNorm.bias', torch.Size([768])), ('text_encoder.bert.encoder.layer.6.output.LayerNorm.weight', torch.Size([768])), ('text_encoder.bert.encoder.layer.6.output.LayerNorm.bias', torch.Size([768])), ('text_encoder.bert.encoder.layer.7.attention.output.LayerNorm.weight', torch.Size([768])), ('text_encoder.bert.encoder.layer.7.attention.output.LayerNorm.bias', torch.Size([768])), ('text_encoder.bert.encoder.layer.7.crossattention.output.LayerNorm.weight', torch.Size([768])), ('text_encoder.bert.encoder.layer.7.crossattention.output.LayerNorm.bias', torch.Size([768])), ('text_encoder.bert.encoder.layer.7.output.LayerNorm.weight', torch.Size([768])), ('text_encoder.bert.encoder.layer.7.output.LayerNorm.bias', torch.Size([768])), ('text_encoder.bert.encoder.layer.8.attention.output.LayerNorm.weight', torch.Size([768])), ('text_encoder.bert.encoder.layer.8.attention.output.LayerNorm.bias', torch.Size([768])), ('text_encoder.bert.encoder.layer.8.crossattention.output.LayerNorm.weight', torch.Size([768])), ('text_encoder.bert.encoder.layer.8.crossattention.output.LayerNorm.bias', torch.Size([768])), ('text_encoder.bert.encoder.layer.8.output.LayerNorm.weight', torch.Size([768])), ('text_encoder.bert.encoder.layer.8.output.LayerNorm.bias', torch.Size([768])), ('text_encoder.bert.encoder.layer.9.attention.output.LayerNorm.weight', torch.Size([768])), ('text_encoder.bert.encoder.layer.9.attention.output.LayerNorm.bias', torch.Size([768])), ('text_encoder.bert.encoder.layer.9.crossattention.output.LayerNorm.weight', torch.Size([768])), ('text_encoder.bert.encoder.layer.9.crossattention.output.LayerNorm.bias', torch.Size([768])), ('text_encoder.bert.encoder.layer.9.output.LayerNorm.weight', torch.Size([768])), ('text_encoder.bert.encoder.layer.9.output.LayerNorm.bias', torch.Size([768])), ('text_encoder.bert.encoder.layer.10.attention.output.LayerNorm.weight', torch.Size([768])), ('text_encoder.bert.encoder.layer.10.attention.output.LayerNorm.bias', torch.Size([768])), ('text_encoder.bert.encoder.layer.10.crossattention.output.LayerNorm.weight', torch.Size([768])), ('text_encoder.bert.encoder.layer.10.crossattention.output.LayerNorm.bias', torch.Size([768])), ('text_encoder.bert.encoder.layer.10.output.LayerNorm.weight', torch.Size([768])), ('text_encoder.bert.encoder.layer.10.output.LayerNorm.bias', torch.Size([768])), ('text_encoder.bert.encoder.layer.11.attention.output.LayerNorm.weight', torch.Size([768])), ('text_encoder.bert.encoder.layer.11.attention.output.LayerNorm.bias', torch.Size([768])), ('text_encoder.bert.encoder.layer.11.crossattention.output.LayerNorm.weight', torch.Size([768])), ('text_encoder.bert.encoder.layer.11.crossattention.output.LayerNorm.bias', torch.Size([768])), ('text_encoder.bert.encoder.layer.11.output.LayerNorm.weight', torch.Size([768])), ('text_encoder.bert.encoder.layer.11.output.LayerNorm.bias', torch.Size([768])), ('text_encoder.cls.predictions.transform.LayerNorm.weight', torch.Size([768])), ('text_encoder.cls.predictions.transform.LayerNorm.bias', torch.Size([768])), ('itm_head.1.weight', torch.Size([1536])), ('itm_head.1.bias', torch.Size([1536]))]
     TTA Dropout Modules Number: 
 122
     TTA Require Gradient Params Sum: 
 33792
     lr:  0.0001    lr_mult:  2
     model has 'init_params',  363
     num_tta_steps:  6480
     num_warmup_steps:  500
     sched: step
/home/jiahao/task/CMP/tta.py:253: FutureWarning: `torch.cuda.amp.GradScaler(args...)` is deprecated. Please use `torch.amp.GradScaler('cuda', args...)` instead.
  scaler = GradScaler()  # bf16
### Start ITM Test Time Adaptation
      TTA Epoch: [0] [  0/107]  eta: 0:02:12  entropy: 1.0089  uncertainty: 0.2796  uncertainty_coeffi: 0.0100  loss: 11.8580  lr: 0.000000  time: 1.2395  data: 0.5411  max mem: 2477
      TTA Epoch: [0] [100/107]  eta: 0:00:00  entropy: 1.1200  uncertainty: 0.5868  uncertainty_coeffi: 0.0100  loss: 3.7298  lr: 0.000020  time: 0.1192  data: 0.0001  max mem: 2509
      TTA Epoch: [0] [106/107]  eta: 0:00:00  entropy: 0.9028  uncertainty: 0.3914  uncertainty_coeffi: 0.0100  loss: 25.4237  lr: 0.000021  time: 0.1000  data: 0.0001  max mem: 2509
      TTA Epoch: [0] Total time: 0:00:13 (0.1290 s / it)
     Averaged stats: entropy: 0.9609  uncertainty: 0.5062  uncertainty_coeffi: 0.0100  loss: 11.7725  lr: 0.0000
     itm tta time 0:00:13
     Computing matching score
      Evaluation: [   0/1978]  eta: 0:03:45    time: 0.1141  data: 0.0047  max mem: 2509
      Evaluation: [ 100/1978]  eta: 0:03:59    time: 0.1284  data: 0.0000  max mem: 2509
      Evaluation: [ 200/1978]  eta: 0:03:42    time: 0.1278  data: 0.0000  max mem: 2509
      Evaluation: [ 300/1978]  eta: 0:03:29    time: 0.1288  data: 0.0000  max mem: 2509
      Evaluation: [ 400/1978]  eta: 0:03:16    time: 0.1027  data: 0.0000  max mem: 2509
      Evaluation: [ 500/1978]  eta: 0:03:04    time: 0.1284  data: 0.0000  max mem: 2509
      Evaluation: [ 600/1978]  eta: 0:02:52    time: 0.1275  data: 0.0000  max mem: 2509
      Evaluation: [ 700/1978]  eta: 0:02:40    time: 0.1283  data: 0.0000  max mem: 2509
      Evaluation: [ 800/1978]  eta: 0:02:28    time: 0.1288  data: 0.0000  max mem: 2509
      Evaluation: [ 900/1978]  eta: 0:02:16    time: 0.1292  data: 0.0000  max mem: 2509
      Evaluation: [1000/1978]  eta: 0:02:03    time: 0.1285  data: 0.0000  max mem: 2509
      Evaluation: [1100/1978]  eta: 0:01:51    time: 0.1288  data: 0.0000  max mem: 2509
      Evaluation: [1200/1978]  eta: 0:01:38    time: 0.1282  data: 0.0000  max mem: 2509
      Evaluation: [1300/1978]  eta: 0:01:26    time: 0.1287  data: 0.0000  max mem: 2509
      Evaluation: [1400/1978]  eta: 0:01:13    time: 0.1290  data: 0.0000  max mem: 2509
      Evaluation: [1500/1978]  eta: 0:01:00    time: 0.1295  data: 0.0000  max mem: 2509
      Evaluation: [1600/1978]  eta: 0:00:48    time: 0.1286  data: 0.0000  max mem: 2509
      Evaluation: [1700/1978]  eta: 0:00:35    time: 0.1283  data: 0.0000  max mem: 2509
      Evaluation: [1800/1978]  eta: 0:00:22    time: 0.1285  data: 0.0000  max mem: 2509
      Evaluation: [1900/1978]  eta: 0:00:09    time: 0.1284  data: 0.0000  max mem: 2509
      Evaluation: [1977/1978]  eta: 0:00:00    time: 0.1284  data: 0.0000  max mem: 2509
      Evaluation: Total time: 0:04:12 (0.1276 s / it)
     Computing matching score time 0:04:14
### TTA ITM Score: 
+-------+--------+--------+--------+--------+--------+
| epoch |   R1   |   R5   |  R10   |  mAP   |  mINP  |
+-------+--------+--------+--------+--------+--------+
|  -999 | 53.438 | 86.855 | 92.922 | 68.348 | 68.348 |
|  -999 | 72.700 | 97.776 | 99.090 | 84.322 | 84.322 |
|   0   | 72.801 | 97.927 | 99.090 | 84.389 | 84.389 |
+-------+--------+--------+--------+--------+--------+
     logs:  {'epo': 0, 'R1': 72.801, 'R5': 97.927, 'R10': 99.09, 'mAP': 84.389, 'mINP': 84.389, 'entropy': 0.960936, 'uncertainty': 0.506163, 'uncertainty_coeffi': 0.01, 'loss': 11.772512, 'lr': 1.1e-05}
      TTA Epoch: [1] [  0/107]  eta: 0:01:03  entropy: 0.9321  uncertainty: 0.4904  uncertainty_coeffi: 0.0100  loss: 4.3221  lr: 0.000022  time: 0.5914  data: 0.4353  max mem: 2509
      TTA Epoch: [1] [100/107]  eta: 0:00:00  entropy: 0.7790  uncertainty: 0.6290  uncertainty_coeffi: 0.0100  loss: 3.5495  lr: 0.000042  time: 0.1265  data: 0.0005  max mem: 2518
      TTA Epoch: [1] [106/107]  eta: 0:00:00  entropy: 0.9389  uncertainty: 0.3904  uncertainty_coeffi: 0.0100  loss: 7.5573  lr: 0.000043  time: 0.1260  data: 0.0004  max mem: 2518
      TTA Epoch: [1] Total time: 0:00:14 (0.1310 s / it)
     Averaged stats: entropy: 0.8780  uncertainty: 0.5058  uncertainty_coeffi: 0.0100  loss: 11.0525  lr: 0.0000
     itm tta time 0:00:14
     Computing matching score
      Evaluation: [   0/1978]  eta: 0:04:28    time: 0.1358  data: 0.0046  max mem: 2518
      Evaluation: [ 100/1978]  eta: 0:04:01    time: 0.1288  data: 0.0000  max mem: 2518
      Evaluation: [ 200/1978]  eta: 0:03:48    time: 0.1284  data: 0.0000  max mem: 2518
      Evaluation: [ 300/1978]  eta: 0:03:35    time: 0.1278  data: 0.0000  max mem: 2518
      Evaluation: [ 400/1978]  eta: 0:03:17    time: 0.0745  data: 0.0000  max mem: 2518
      Evaluation: [ 500/1978]  eta: 0:02:48    time: 0.0682  data: 0.0000  max mem: 2518
      Evaluation: [ 600/1978]  eta: 0:02:28    time: 0.0947  data: 0.0000  max mem: 2518
      Evaluation: [ 700/1978]  eta: 0:02:20    time: 0.1364  data: 0.0000  max mem: 2518
      Evaluation: [ 800/1978]  eta: 0:02:10    time: 0.1281  data: 0.0000  max mem: 2518
      Evaluation: [ 900/1978]  eta: 0:02:01    time: 0.1283  data: 0.0000  max mem: 2518
      Evaluation: [1000/1978]  eta: 0:01:51    time: 0.1284  data: 0.0000  max mem: 2518
      Evaluation: [1100/1978]  eta: 0:01:41    time: 0.1286  data: 0.0000  max mem: 2518
      Evaluation: [1200/1978]  eta: 0:01:30    time: 0.1288  data: 0.0000  max mem: 2518
      Evaluation: [1300/1978]  eta: 0:01:19    time: 0.1287  data: 0.0000  max mem: 2518
      Evaluation: [1400/1978]  eta: 0:01:08    time: 0.1286  data: 0.0000  max mem: 2518
      Evaluation: [1500/1978]  eta: 0:00:56    time: 0.1288  data: 0.0000  max mem: 2518
      Evaluation: [1600/1978]  eta: 0:00:45    time: 0.1284  data: 0.0000  max mem: 2518
      Evaluation: [1700/1978]  eta: 0:00:33    time: 0.1285  data: 0.0000  max mem: 2518
      Evaluation: [1800/1978]  eta: 0:00:21    time: 0.1283  data: 0.0000  max mem: 2518
      Evaluation: [1900/1978]  eta: 0:00:09    time: 0.1281  data: 0.0000  max mem: 2518
      Evaluation: [1977/1978]  eta: 0:00:00    time: 0.1288  data: 0.0000  max mem: 2518
      Evaluation: Total time: 0:04:00 (0.1214 s / it)
     Computing matching score time 0:04:02
### TTA ITM Score: 
+-------+--------+--------+--------+--------+--------+
| epoch |   R1   |   R5   |  R10   |  mAP   |  mINP  |
+-------+--------+--------+--------+--------+--------+
|  -999 | 53.438 | 86.855 | 92.922 | 68.348 | 68.348 |
|  -999 | 72.700 | 97.776 | 99.090 | 84.322 | 84.322 |
|   0   | 72.801 | 97.927 | 99.090 | 84.389 | 84.389 |
|   1   | 73.205 | 97.978 | 99.090 | 84.627 | 84.627 |
+-------+--------+--------+--------+--------+--------+
     logs:  {'epo': 1, 'R1': 73.205, 'R5': 97.978, 'R10': 99.09, 'mAP': 84.627, 'mINP': 84.627, 'entropy': 0.877956, 'uncertainty': 0.505756, 'uncertainty_coeffi': 0.01, 'loss': 11.052528, 'lr': 3.2e-05}
      TTA Epoch: [2] [  0/107]  eta: 0:00:59  entropy: 0.6976  uncertainty: 0.4194  uncertainty_coeffi: 0.0100  loss: 39.4106  lr: 0.000043  time: 0.5561  data: 0.4054  max mem: 2518
      TTA Epoch: [2] [100/107]  eta: 0:00:00  entropy: 0.6366  uncertainty: 0.4815  uncertainty_coeffi: 0.0100  loss: 3.1821  lr: 0.000063  time: 0.1262  data: 0.0005  max mem: 2518
      TTA Epoch: [2] [106/107]  eta: 0:00:00  entropy: 0.8897  uncertainty: 0.4453  uncertainty_coeffi: 0.0100  loss: 23.4005  lr: 0.000064  time: 0.1258  data: 0.0004  max mem: 2518
      TTA Epoch: [2] Total time: 0:00:13 (0.1305 s / it)
     Averaged stats: entropy: 0.7624  uncertainty: 0.5061  uncertainty_coeffi: 0.0100  loss: 9.3580  lr: 0.0001
     itm tta time 0:00:14
     Computing matching score
      Evaluation: [   0/1978]  eta: 0:04:11    time: 0.1269  data: 0.0024  max mem: 2518
      Evaluation: [ 100/1978]  eta: 0:04:01    time: 0.1284  data: 0.0000  max mem: 2518
      Evaluation: [ 200/1978]  eta: 0:03:48    time: 0.1285  data: 0.0000  max mem: 2518
      Evaluation: [ 300/1978]  eta: 0:03:36    time: 0.1340  data: 0.0000  max mem: 2518
      Evaluation: [ 400/1978]  eta: 0:03:24    time: 0.1319  data: 0.0000  max mem: 2518
      Evaluation: [ 500/1978]  eta: 0:03:11    time: 0.1274  data: 0.0000  max mem: 2518
      Evaluation: [ 600/1978]  eta: 0:02:56    time: 0.0971  data: 0.0000  max mem: 2518
      Evaluation: [ 700/1978]  eta: 0:02:41    time: 0.1283  data: 0.0000  max mem: 2518
      Evaluation: [ 800/1978]  eta: 0:02:28    time: 0.1325  data: 0.0000  max mem: 2518
      Evaluation: [ 900/1978]  eta: 0:02:16    time: 0.1310  data: 0.0000  max mem: 2518
      Evaluation: [1000/1978]  eta: 0:02:04    time: 0.1317  data: 0.0000  max mem: 2518
      Evaluation: [1100/1978]  eta: 0:01:51    time: 0.1280  data: 0.0000  max mem: 2518
      Evaluation: [1200/1978]  eta: 0:01:39    time: 0.1277  data: 0.0000  max mem: 2518
      Evaluation: [1300/1978]  eta: 0:01:26    time: 0.1282  data: 0.0000  max mem: 2518
      Evaluation: [1400/1978]  eta: 0:01:13    time: 0.1275  data: 0.0000  max mem: 2518
      Evaluation: [1500/1978]  eta: 0:01:01    time: 0.1324  data: 0.0000  max mem: 2518
      Evaluation: [1600/1978]  eta: 0:00:48    time: 0.1291  data: 0.0000  max mem: 2518
      Evaluation: [1700/1978]  eta: 0:00:35    time: 0.1284  data: 0.0000  max mem: 2518
      Evaluation: [1800/1978]  eta: 0:00:22    time: 0.1291  data: 0.0000  max mem: 2518
      Evaluation: [1900/1978]  eta: 0:00:09    time: 0.1285  data: 0.0000  max mem: 2518
      Evaluation: [1977/1978]  eta: 0:00:00    time: 0.1280  data: 0.0000  max mem: 2518
      Evaluation: Total time: 0:04:13 (0.1280 s / it)
     Computing matching score time 0:04:15
### TTA ITM Score: 
+-------+--------+--------+--------+--------+--------+
| epoch |   R1   |   R5   |  R10   |  mAP   |  mINP  |
+-------+--------+--------+--------+--------+--------+
|  -999 | 53.438 | 86.855 | 92.922 | 68.348 | 68.348 |
|  -999 | 72.700 | 97.776 | 99.090 | 84.322 | 84.322 |
|   0   | 72.801 | 97.927 | 99.090 | 84.389 | 84.389 |
|   1   | 73.205 | 97.978 | 99.090 | 84.627 | 84.627 |
|   2   | 73.458 | 98.028 | 99.090 | 84.779 | 84.779 |
+-------+--------+--------+--------+--------+--------+
     logs:  {'epo': 2, 'R1': 73.458, 'R5': 98.028, 'R10': 99.09, 'mAP': 84.779, 'mINP': 84.779, 'entropy': 0.762407, 'uncertainty': 0.506139, 'uncertainty_coeffi': 0.01, 'loss': 9.357965, 'lr': 5.4e-05}
      TTA Epoch: [3] [  0/107]  eta: 0:00:58  entropy: 0.6172  uncertainty: 0.6325  uncertainty_coeffi: 0.0100  loss: 3.3736  lr: 0.000064  time: 0.5494  data: 0.4068  max mem: 2518
      TTA Epoch: [3] [100/107]  eta: 0:00:00  entropy: 0.6461  uncertainty: 0.2972  uncertainty_coeffi: 0.0100  loss: 5.9430  lr: 0.000084  time: 0.1259  data: 0.0003  max mem: 2518
      TTA Epoch: [3] [106/107]  eta: 0:00:00  entropy: 0.6298  uncertainty: 0.5071  uncertainty_coeffi: 0.0100  loss: 3.7212  lr: 0.000086  time: 0.1256  data: 0.0002  max mem: 2518
      TTA Epoch: [3] Total time: 0:00:13 (0.1302 s / it)
     Averaged stats: entropy: 0.6510  uncertainty: 0.5072  uncertainty_coeffi: 0.0100  loss: 8.2295  lr: 0.0001
     itm tta time 0:00:14
      TTA Epoch: [4] [  0/107]  eta: 0:00:53  entropy: 0.5938  uncertainty: 0.5490  uncertainty_coeffi: 0.0100  loss: 2.8391  lr: 0.000086  time: 0.5037  data: 0.3556  max mem: 2518
      TTA Epoch: [4] [100/107]  eta: 0:00:00  entropy: 0.6640  uncertainty: 0.5362  uncertainty_coeffi: 0.0100  loss: 3.5497  lr: 0.000100  time: 0.1267  data: 0.0003  max mem: 2518
      TTA Epoch: [4] [106/107]  eta: 0:00:00  entropy: 0.6785  uncertainty: 0.4626  uncertainty_coeffi: 0.0100  loss: 3.3251  lr: 0.000099  time: 0.1262  data: 0.0002  max mem: 2518
      TTA Epoch: [4] Total time: 0:00:13 (0.1299 s / it)
     Averaged stats: entropy: 0.5697  uncertainty: 0.5048  uncertainty_coeffi: 0.0100  loss: 7.1854  lr: 0.0001
     itm tta time 0:00:13
     Computing matching score
      Evaluation: [   0/1978]  eta: 0:04:11    time: 0.1272  data: 0.0045  max mem: 2518
      Evaluation: [ 100/1978]  eta: 0:04:05    time: 0.1289  data: 0.0000  max mem: 2518
      Evaluation: [ 200/1978]  eta: 0:03:50    time: 0.1289  data: 0.0000  max mem: 2518
      Evaluation: [ 300/1978]  eta: 0:03:37    time: 0.1283  data: 0.0000  max mem: 2518
      Evaluation: [ 400/1978]  eta: 0:03:23    time: 0.1282  data: 0.0000  max mem: 2518
      Evaluation: [ 500/1978]  eta: 0:03:10    time: 0.1216  data: 0.0000  max mem: 2518
      Evaluation: [ 600/1978]  eta: 0:02:53    time: 0.1285  data: 0.0000  max mem: 2518
      Evaluation: [ 700/1978]  eta: 0:02:41    time: 0.1283  data: 0.0000  max mem: 2518
      Evaluation: [ 800/1978]  eta: 0:02:29    time: 0.1313  data: 0.0000  max mem: 2518
      Evaluation: [ 900/1978]  eta: 0:02:16    time: 0.1288  data: 0.0000  max mem: 2518
      Evaluation: [1000/1978]  eta: 0:02:04    time: 0.1284  data: 0.0000  max mem: 2518
      Evaluation: [1100/1978]  eta: 0:01:51    time: 0.1287  data: 0.0000  max mem: 2518
      Evaluation: [1200/1978]  eta: 0:01:39    time: 0.1286  data: 0.0000  max mem: 2518
      Evaluation: [1300/1978]  eta: 0:01:26    time: 0.1286  data: 0.0000  max mem: 2518
      Evaluation: [1400/1978]  eta: 0:01:13    time: 0.1288  data: 0.0000  max mem: 2518
      Evaluation: [1500/1978]  eta: 0:01:01    time: 0.1279  data: 0.0000  max mem: 2518
      Evaluation: [1600/1978]  eta: 0:00:48    time: 0.1285  data: 0.0000  max mem: 2518
      Evaluation: [1700/1978]  eta: 0:00:35    time: 0.1291  data: 0.0000  max mem: 2518
      Evaluation: [1800/1978]  eta: 0:00:22    time: 0.1287  data: 0.0000  max mem: 2518
      Evaluation: [1900/1978]  eta: 0:00:09    time: 0.1304  data: 0.0000  max mem: 2518
      Evaluation: [1977/1978]  eta: 0:00:00    time: 0.1279  data: 0.0000  max mem: 2518
      Evaluation: Total time: 0:04:13 (0.1281 s / it)
     Computing matching score time 0:04:15
### TTA ITM Score: 
+-------+--------+--------+--------+--------+--------+
| epoch |   R1   |   R5   |  R10   |  mAP   |  mINP  |
+-------+--------+--------+--------+--------+--------+
|  -999 | 53.438 | 86.855 | 92.922 | 68.348 | 68.348 |
|  -999 | 72.700 | 97.776 | 99.090 | 84.322 | 84.322 |
|   0   | 72.801 | 97.927 | 99.090 | 84.389 | 84.389 |
|   1   | 73.205 | 97.978 | 99.090 | 84.627 | 84.627 |
|   2   | 73.458 | 98.028 | 99.090 | 84.779 | 84.779 |
|   4   | 74.216 | 97.877 | 99.090 | 85.118 | 85.118 |
+-------+--------+--------+--------+--------+--------+
     logs:  {'epo': 4, 'R1': 74.216, 'R5': 97.877, 'R10': 99.09, 'mAP': 85.118, 'mINP': 85.118, 'entropy': 0.569681, 'uncertainty': 0.504845, 'uncertainty_coeffi': 0.01, 'loss': 7.185392, 'lr': 9.5e-05}
      TTA Epoch: [5] [  0/107]  eta: 0:00:59  entropy: 0.4004  uncertainty: 0.5782  uncertainty_coeffi: 0.0100  loss: 10.3115  lr: 0.000099  time: 0.5582  data: 0.3993  max mem: 2518
      TTA Epoch: [5] [100/107]  eta: 0:00:00  entropy: 0.7132  uncertainty: 0.5469  uncertainty_coeffi: 0.0100  loss: 3.5965  lr: 0.000098  time: 0.1263  data: 0.0004  max mem: 2518
      TTA Epoch: [5] [106/107]  eta: 0:00:00  entropy: 0.6453  uncertainty: 0.6150  uncertainty_coeffi: 0.0100  loss: 2.0179  lr: 0.000098  time: 0.1259  data: 0.0004  max mem: 2518
      TTA Epoch: [5] Total time: 0:00:14 (0.1311 s / it)
     Averaged stats: entropy: 0.5130  uncertainty: 0.5058  uncertainty_coeffi: 0.0100  loss: 5.8493  lr: 0.0001
     itm tta time 0:00:14
      TTA Epoch: [6] [  0/107]  eta: 0:00:59  entropy: 0.6250  uncertainty: 0.3705  uncertainty_coeffi: 0.0100  loss: 5.9103  lr: 0.000098  time: 0.5588  data: 0.4088  max mem: 2518
      TTA Epoch: [6] [100/107]  eta: 0:00:00  entropy: 0.3852  uncertainty: 0.6086  uncertainty_coeffi: 0.0100  loss: 1.4762  lr: 0.000096  time: 0.1261  data: 0.0004  max mem: 2518
      TTA Epoch: [6] [106/107]  eta: 0:00:00  entropy: 0.5238  uncertainty: 0.6099  uncertainty_coeffi: 0.0100  loss: 2.6563  lr: 0.000096  time: 0.1257  data: 0.0003  max mem: 2518
      TTA Epoch: [6] Total time: 0:00:13 (0.1303 s / it)
     Averaged stats: entropy: 0.4725  uncertainty: 0.5061  uncertainty_coeffi: 0.0100  loss: 5.3306  lr: 0.0001
     itm tta time 0:00:14
      TTA Epoch: [7] [  0/107]  eta: 0:00:52  entropy: 0.4225  uncertainty: 0.6497  uncertainty_coeffi: 0.0100  loss: 10.1293  lr: 0.000096  time: 0.4924  data: 0.3438  max mem: 2518
      TTA Epoch: [7] [100/107]  eta: 0:00:00  entropy: 0.2675  uncertainty: 0.5831  uncertainty_coeffi: 0.0100  loss: 1.2340  lr: 0.000094  time: 0.1263  data: 0.0002  max mem: 2518
      TTA Epoch: [7] [106/107]  eta: 0:00:00  entropy: 0.5245  uncertainty: 0.5503  uncertainty_coeffi: 0.0100  loss: 2.5707  lr: 0.000094  time: 0.1259  data: 0.0002  max mem: 2518
      TTA Epoch: [7] Total time: 0:00:13 (0.1298 s / it)
     Averaged stats: entropy: 0.4476  uncertainty: 0.5063  uncertainty_coeffi: 0.0100  loss: 4.8950  lr: 0.0001
     itm tta time 0:00:13
      TTA Epoch: [8] [  0/107]  eta: 0:00:56  entropy: 0.1948  uncertainty: 0.5740  uncertainty_coeffi: 0.0100  loss: 1.1703  lr: 0.000094  time: 0.5253  data: 0.3760  max mem: 2518
      TTA Epoch: [8] [100/107]  eta: 0:00:00  entropy: 0.6132  uncertainty: 0.5100  uncertainty_coeffi: 0.0100  loss: 5.0348  lr: 0.000092  time: 0.1263  data: 0.0002  max mem: 2518
      TTA Epoch: [8] [106/107]  eta: 0:00:00  entropy: 0.3811  uncertainty: 0.4780  uncertainty_coeffi: 0.0100  loss: 3.2623  lr: 0.000092  time: 0.1258  data: 0.0002  max mem: 2518
      TTA Epoch: [8] Total time: 0:00:13 (0.1302 s / it)
     Averaged stats: entropy: 0.4294  uncertainty: 0.5058  uncertainty_coeffi: 0.0100  loss: 4.7734  lr: 0.0001
     itm tta time 0:00:14
      TTA Epoch: [9] [  0/107]  eta: 0:00:51  entropy: 0.4809  uncertainty: 0.3571  uncertainty_coeffi: 0.0100  loss: 10.8381  lr: 0.000092  time: 0.4780  data: 0.3297  max mem: 2518
      TTA Epoch: [9] [100/107]  eta: 0:00:00  entropy: 0.3942  uncertainty: 0.4123  uncertainty_coeffi: 0.0100  loss: 1.6555  lr: 0.000091  time: 0.1263  data: 0.0002  max mem: 2518
      TTA Epoch: [9] [106/107]  eta: 0:00:00  entropy: 0.3242  uncertainty: 0.3213  uncertainty_coeffi: 0.0100  loss: 17.9874  lr: 0.000090  time: 0.1258  data: 0.0002  max mem: 2518
      TTA Epoch: [9] Total time: 0:00:13 (0.1295 s / it)
     Averaged stats: entropy: 0.4158  uncertainty: 0.5065  uncertainty_coeffi: 0.0100  loss: 4.6369  lr: 0.0001
     itm tta time 0:00:13
     Computing matching score
      Evaluation: [   0/1978]  eta: 0:04:18    time: 0.1305  data: 0.0050  max mem: 2518
      Evaluation: [ 100/1978]  eta: 0:03:29    time: 0.1165  data: 0.0000  max mem: 2518
      Evaluation: [ 200/1978]  eta: 0:03:32    time: 0.1277  data: 0.0000  max mem: 2518
      Evaluation: [ 300/1978]  eta: 0:03:24    time: 0.1286  data: 0.0000  max mem: 2518
      Evaluation: [ 400/1978]  eta: 0:03:15    time: 0.1283  data: 0.0000  max mem: 2518
      Evaluation: [ 500/1978]  eta: 0:03:04    time: 0.1283  data: 0.0000  max mem: 2518
      Evaluation: [ 600/1978]  eta: 0:02:52    time: 0.1282  data: 0.0000  max mem: 2518
      Evaluation: [ 700/1978]  eta: 0:02:40    time: 0.1283  data: 0.0000  max mem: 2518
      Evaluation: [ 800/1978]  eta: 0:02:28    time: 0.1283  data: 0.0000  max mem: 2518
      Evaluation: [ 900/1978]  eta: 0:02:16    time: 0.1283  data: 0.0000  max mem: 2518
      Evaluation: [1000/1978]  eta: 0:02:03    time: 0.1284  data: 0.0000  max mem: 2518
      Evaluation: [1100/1978]  eta: 0:01:51    time: 0.1283  data: 0.0000  max mem: 2518
      Evaluation: [1200/1978]  eta: 0:01:38    time: 0.1283  data: 0.0000  max mem: 2518
      Evaluation: [1300/1978]  eta: 0:01:26    time: 0.1286  data: 0.0000  max mem: 2518
      Evaluation: [1400/1978]  eta: 0:01:13    time: 0.1284  data: 0.0000  max mem: 2518
      Evaluation: [1500/1978]  eta: 0:01:00    time: 0.1282  data: 0.0000  max mem: 2518
      Evaluation: [1600/1978]  eta: 0:00:48    time: 0.1283  data: 0.0000  max mem: 2518
      Evaluation: [1700/1978]  eta: 0:00:35    time: 0.1285  data: 0.0000  max mem: 2518
      Evaluation: [1800/1978]  eta: 0:00:22    time: 0.1282  data: 0.0000  max mem: 2518
      Evaluation: [1900/1978]  eta: 0:00:09    time: 0.1283  data: 0.0000  max mem: 2518
      Evaluation: [1977/1978]  eta: 0:00:00    time: 0.1284  data: 0.0000  max mem: 2518
      Evaluation: Total time: 0:04:12 (0.1275 s / it)
     Computing matching score time 0:04:14
### TTA ITM Score: 
+-------+--------+--------+--------+--------+--------+
| epoch |   R1   |   R5   |  R10   |  mAP   |  mINP  |
+-------+--------+--------+--------+--------+--------+
|  -999 | 53.438 | 86.855 | 92.922 | 68.348 | 68.348 |
|  -999 | 72.700 | 97.776 | 99.090 | 84.322 | 84.322 |
|   0   | 72.801 | 97.927 | 99.090 | 84.389 | 84.389 |
|   1   | 73.205 | 97.978 | 99.090 | 84.627 | 84.627 |
|   2   | 73.458 | 98.028 | 99.090 | 84.779 | 84.779 |
|   4   | 74.216 | 97.877 | 99.090 | 85.118 | 85.118 |
|   9   | 74.166 | 97.978 | 98.837 | 85.099 | 85.099 |
+-------+--------+--------+--------+--------+--------+
     logs:  {'epo': 9, 'R1': 74.166, 'R5': 97.978, 'R10': 98.837, 'mAP': 85.099, 'mINP': 85.099, 'entropy': 0.41581, 'uncertainty': 0.506537, 'uncertainty_coeffi': 0.01, 'loss': 4.636881, 'lr': 9.1e-05}
      TTA Epoch: [10] [  0/107]  eta: 0:01:04  entropy: 0.3941  uncertainty: 0.5504  uncertainty_coeffi: 0.0100  loss: 1.6891  lr: 0.000090  time: 0.6028  data: 0.4365  max mem: 2518
      TTA Epoch: [10] [100/107]  eta: 0:00:00  entropy: 0.3693  uncertainty: 0.5607  uncertainty_coeffi: 0.0100  loss: 1.7776  lr: 0.000089  time: 0.1256  data: 0.0002  max mem: 2518
      TTA Epoch: [10] [106/107]  eta: 0:00:00  entropy: 0.3508  uncertainty: 0.3692  uncertainty_coeffi: 0.0100  loss: 3.4439  lr: 0.000089  time: 0.1251  data: 0.0001  max mem: 2518
      TTA Epoch: [10] Total time: 0:00:13 (0.1304 s / it)
     Averaged stats: entropy: 0.4080  uncertainty: 0.5062  uncertainty_coeffi: 0.0100  loss: 4.1563  lr: 0.0001
     itm tta time 0:00:14
      TTA Epoch: [11] [  0/107]  eta: 0:01:03  entropy: 0.4277  uncertainty: 0.5651  uncertainty_coeffi: 0.0100  loss: 1.8984  lr: 0.000089  time: 0.5940  data: 0.4330  max mem: 2518
      TTA Epoch: [11] [100/107]  eta: 0:00:00  entropy: 0.2686  uncertainty: 0.5055  uncertainty_coeffi: 0.0100  loss: 1.6793  lr: 0.000087  time: 0.1022  data: 0.0001  max mem: 2518
      TTA Epoch: [11] [106/107]  eta: 0:00:00  entropy: 0.4043  uncertainty: 0.4822  uncertainty_coeffi: 0.0100  loss: 9.0004  lr: 0.000087  time: 0.1189  data: 0.0001  max mem: 2518
      TTA Epoch: [11] Total time: 0:00:11 (0.1105 s / it)
     Averaged stats: entropy: 0.3923  uncertainty: 0.5067  uncertainty_coeffi: 0.0100  loss: 4.0660  lr: 0.0001
     itm tta time 0:00:11
      TTA Epoch: [12] [  0/107]  eta: 0:01:06  entropy: 0.2969  uncertainty: 0.7580  uncertainty_coeffi: 0.0100  loss: 1.2340  lr: 0.000087  time: 0.6190  data: 0.4658  max mem: 2518
      TTA Epoch: [12] [100/107]  eta: 0:00:00  entropy: 0.4320  uncertainty: 0.7211  uncertainty_coeffi: 0.0100  loss: 1.9551  lr: 0.000085  time: 0.1012  data: 0.0001  max mem: 2518
      TTA Epoch: [12] [106/107]  eta: 0:00:00  entropy: 0.4260  uncertainty: 0.3210  uncertainty_coeffi: 0.0100  loss: 7.9897  lr: 0.000085  time: 0.1005  data: 0.0001  max mem: 2518
      TTA Epoch: [12] Total time: 0:00:13 (0.1234 s / it)
     Averaged stats: entropy: 0.3788  uncertainty: 0.5058  uncertainty_coeffi: 0.0100  loss: 3.8948  lr: 0.0001
     itm tta time 0:00:13
      TTA Epoch: [13] [  0/107]  eta: 0:00:53  entropy: 0.3161  uncertainty: 0.6505  uncertainty_coeffi: 0.0100  loss: 1.3324  lr: 0.000085  time: 0.5004  data: 0.3752  max mem: 2518
      TTA Epoch: [13] [100/107]  eta: 0:00:00  entropy: 0.2153  uncertainty: 0.5501  uncertainty_coeffi: 0.0100  loss: 1.4803  lr: 0.000083  time: 0.1220  data: 0.0001  max mem: 2518
      TTA Epoch: [13] [106/107]  eta: 0:00:00  entropy: 0.6095  uncertainty: 0.6223  uncertainty_coeffi: 0.0100  loss: 2.0245  lr: 0.000083  time: 0.1220  data: 0.0001  max mem: 2518
      TTA Epoch: [13] Total time: 0:00:13 (0.1244 s / it)
     Averaged stats: entropy: 0.3638  uncertainty: 0.5052  uncertainty_coeffi: 0.0100  loss: 3.7665  lr: 0.0001
     itm tta time 0:00:13
      TTA Epoch: [14] [  0/107]  eta: 0:00:51  entropy: 0.4238  uncertainty: 0.4537  uncertainty_coeffi: 0.0100  loss: 2.5742  lr: 0.000083  time: 0.4796  data: 0.3329  max mem: 2518
      TTA Epoch: [14] [100/107]  eta: 0:00:00  entropy: 0.2734  uncertainty: 0.3900  uncertainty_coeffi: 0.0100  loss: 2.6521  lr: 0.000082  time: 0.1260  data: 0.0002  max mem: 2518
      TTA Epoch: [14] [106/107]  eta: 0:00:00  entropy: 0.2629  uncertainty: 0.4452  uncertainty_coeffi: 0.0100  loss: 1.3097  lr: 0.000082  time: 0.1255  data: 0.0002  max mem: 2518
      TTA Epoch: [14] Total time: 0:00:13 (0.1293 s / it)
     Averaged stats: entropy: 0.3633  uncertainty: 0.5070  uncertainty_coeffi: 0.0100  loss: 3.5386  lr: 0.0001
     itm tta time 0:00:13
     Computing matching score
      Evaluation: [   0/1978]  eta: 0:04:15    time: 0.1291  data: 0.0036  max mem: 2518
      Evaluation: [ 100/1978]  eta: 0:04:01    time: 0.1282  data: 0.0000  max mem: 2518
      Evaluation: [ 200/1978]  eta: 0:03:48    time: 0.1283  data: 0.0000  max mem: 2518
      Evaluation: [ 300/1978]  eta: 0:03:35    time: 0.1282  data: 0.0000  max mem: 2518
      Evaluation: [ 400/1978]  eta: 0:03:22    time: 0.1283  data: 0.0000  max mem: 2518
      Evaluation: [ 500/1978]  eta: 0:03:09    time: 0.1283  data: 0.0000  max mem: 2518
      Evaluation: [ 600/1978]  eta: 0:02:56    time: 0.1283  data: 0.0000  max mem: 2518
      Evaluation: [ 700/1978]  eta: 0:02:44    time: 0.1283  data: 0.0000  max mem: 2518
      Evaluation: [ 800/1978]  eta: 0:02:31    time: 0.1283  data: 0.0000  max mem: 2518
      Evaluation: [ 900/1978]  eta: 0:02:18    time: 0.1280  data: 0.0000  max mem: 2518
      Evaluation: [1000/1978]  eta: 0:02:05    time: 0.1293  data: 0.0000  max mem: 2518
      Evaluation: [1100/1978]  eta: 0:01:52    time: 0.1285  data: 0.0000  max mem: 2518
      Evaluation: [1200/1978]  eta: 0:01:39    time: 0.1285  data: 0.0000  max mem: 2518
      Evaluation: [1300/1978]  eta: 0:01:27    time: 0.1289  data: 0.0000  max mem: 2518
      Evaluation: [1400/1978]  eta: 0:01:14    time: 0.1281  data: 0.0000  max mem: 2518
      Evaluation: [1500/1978]  eta: 0:01:01    time: 0.1285  data: 0.0000  max mem: 2518
      Evaluation: [1600/1978]  eta: 0:00:48    time: 0.1289  data: 0.0000  max mem: 2518
      Evaluation: [1700/1978]  eta: 0:00:35    time: 0.1283  data: 0.0000  max mem: 2518
      Evaluation: [1800/1978]  eta: 0:00:22    time: 0.1286  data: 0.0000  max mem: 2518
      Evaluation: [1900/1978]  eta: 0:00:09    time: 0.0725  data: 0.0000  max mem: 2518
      Evaluation: [1977/1978]  eta: 0:00:00    time: 0.1279  data: 0.0000  max mem: 2518
      Evaluation: Total time: 0:04:11 (0.1274 s / it)
     Computing matching score time 0:04:13
### TTA ITM Score: 
+-------+--------+--------+--------+--------+--------+
| epoch |   R1   |   R5   |  R10   |  mAP   |  mINP  |
+-------+--------+--------+--------+--------+--------+
|  -999 | 53.438 | 86.855 | 92.922 | 68.348 | 68.348 |
|  -999 | 72.700 | 97.776 | 99.090 | 84.322 | 84.322 |
|   0   | 72.801 | 97.927 | 99.090 | 84.389 | 84.389 |
|   1   | 73.205 | 97.978 | 99.090 | 84.627 | 84.627 |
|   2   | 73.458 | 98.028 | 99.090 | 84.779 | 84.779 |
|   4   | 74.216 | 97.877 | 99.090 | 85.118 | 85.118 |
|   9   | 74.166 | 97.978 | 98.837 | 85.099 | 85.099 |
|   14  | 74.671 | 97.978 | 98.888 | 85.335 | 85.335 |
+-------+--------+--------+--------+--------+--------+
     logs:  {'epo': 14, 'R1': 74.671, 'R5': 97.978, 'R10': 98.888, 'mAP': 85.335, 'mINP': 85.335, 'entropy': 0.363317, 'uncertainty': 0.506953, 'uncertainty_coeffi': 0.01, 'loss': 3.538625, 'lr': 8.2e-05}
      TTA Epoch: [15] [  0/107]  eta: 0:00:57  entropy: 0.4902  uncertainty: 0.5042  uncertainty_coeffi: 0.0100  loss: 5.0507  lr: 0.000082  time: 0.5361  data: 0.3977  max mem: 2518
      TTA Epoch: [15] [100/107]  eta: 0:00:00  entropy: 0.4906  uncertainty: 0.5538  uncertainty_coeffi: 0.0100  loss: 1.7245  lr: 0.000080  time: 0.1207  data: 0.0001  max mem: 2518
      TTA Epoch: [15] [106/107]  eta: 0:00:00  entropy: 0.4845  uncertainty: 0.5646  uncertainty_coeffi: 0.0100  loss: 2.6657  lr: 0.000080  time: 0.1205  data: 0.0001  max mem: 2518
      TTA Epoch: [15] Total time: 0:00:12 (0.1194 s / it)
     Averaged stats: entropy: 0.3477  uncertainty: 0.5056  uncertainty_coeffi: 0.0100  loss: 3.3146  lr: 0.0001
     itm tta time 0:00:12
      TTA Epoch: [16] [  0/107]  eta: 0:00:59  entropy: 0.2647  uncertainty: 0.5761  uncertainty_coeffi: 0.0100  loss: 1.9515  lr: 0.000080  time: 0.5559  data: 0.4031  max mem: 2518
      TTA Epoch: [16] [100/107]  eta: 0:00:00  entropy: 0.2127  uncertainty: 0.7307  uncertainty_coeffi: 0.0100  loss: 1.0224  lr: 0.000078  time: 0.1238  data: 0.0001  max mem: 2518
      TTA Epoch: [16] [106/107]  eta: 0:00:00  entropy: 0.2535  uncertainty: 0.5124  uncertainty_coeffi: 0.0100  loss: 1.1750  lr: 0.000078  time: 0.1235  data: 0.0001  max mem: 2518
      TTA Epoch: [16] Total time: 0:00:12 (0.1197 s / it)
     Averaged stats: entropy: 0.3484  uncertainty: 0.5056  uncertainty_coeffi: 0.0100  loss: 3.4627  lr: 0.0001
     itm tta time 0:00:12
      TTA Epoch: [17] [  0/107]  eta: 0:00:54  entropy: 0.2754  uncertainty: 0.6132  uncertainty_coeffi: 0.0100  loss: 1.4574  lr: 0.000078  time: 0.5088  data: 0.3790  max mem: 2518
      TTA Epoch: [17] [100/107]  eta: 0:00:00  entropy: 0.3603  uncertainty: 0.2882  uncertainty_coeffi: 0.0100  loss: 2.9731  lr: 0.000076  time: 0.1224  data: 0.0001  max mem: 2518
      TTA Epoch: [17] [106/107]  eta: 0:00:00  entropy: 0.3378  uncertainty: 0.6111  uncertainty_coeffi: 0.0100  loss: 1.6626  lr: 0.000076  time: 0.1231  data: 0.0001  max mem: 2518
      TTA Epoch: [17] Total time: 0:00:12 (0.1197 s / it)
     Averaged stats: entropy: 0.3338  uncertainty: 0.5050  uncertainty_coeffi: 0.0100  loss: 3.1136  lr: 0.0001
     itm tta time 0:00:12
      TTA Epoch: [18] [  0/107]  eta: 0:00:55  entropy: 0.2260  uncertainty: 0.5262  uncertainty_coeffi: 0.0100  loss: 1.5109  lr: 0.000076  time: 0.5155  data: 0.3910  max mem: 2518
      TTA Epoch: [18] [100/107]  eta: 0:00:00  entropy: 0.2027  uncertainty: 0.4602  uncertainty_coeffi: 0.0100  loss: 1.4766  lr: 0.000037  time: 0.1230  data: 0.0001  max mem: 2518
      TTA Epoch: [18] [106/107]  eta: 0:00:00  entropy: 0.2916  uncertainty: 0.4911  uncertainty_coeffi: 0.0100  loss: 1.4048  lr: 0.000037  time: 0.1224  data: 0.0001  max mem: 2518
      TTA Epoch: [18] Total time: 0:00:12 (0.1196 s / it)
     Averaged stats: entropy: 0.3364  uncertainty: 0.5045  uncertainty_coeffi: 0.0100  loss: 3.0860  lr: 0.0001
     itm tta time 0:00:12
      TTA Epoch: [19] [  0/107]  eta: 0:00:58  entropy: 0.3826  uncertainty: 0.4940  uncertainty_coeffi: 0.0100  loss: 8.5479  lr: 0.000037  time: 0.5421  data: 0.4113  max mem: 2518
      TTA Epoch: [19] [100/107]  eta: 0:00:00  entropy: 0.4232  uncertainty: 0.6610  uncertainty_coeffi: 0.0100  loss: 2.4268  lr: 0.000036  time: 0.1261  data: 0.0002  max mem: 2518
      TTA Epoch: [19] [106/107]  eta: 0:00:00  entropy: 0.2883  uncertainty: 0.4567  uncertainty_coeffi: 0.0100  loss: 2.1432  lr: 0.000036  time: 0.1256  data: 0.0002  max mem: 2518
      TTA Epoch: [19] Total time: 0:00:13 (0.1251 s / it)
     Averaged stats: entropy: 0.3218  uncertainty: 0.5063  uncertainty_coeffi: 0.0100  loss: 2.8554  lr: 0.0000
     itm tta time 0:00:13
     Computing matching score
      Evaluation: [   0/1978]  eta: 0:04:14    time: 0.1287  data: 0.0043  max mem: 2518
      Evaluation: [ 100/1978]  eta: 0:04:00    time: 0.1284  data: 0.0000  max mem: 2518
      Evaluation: [ 200/1978]  eta: 0:03:48    time: 0.1271  data: 0.0000  max mem: 2518
      Evaluation: [ 300/1978]  eta: 0:03:36    time: 0.1285  data: 0.0000  max mem: 2518
      Evaluation: [ 400/1978]  eta: 0:03:23    time: 0.1286  data: 0.0000  max mem: 2518
      Evaluation: [ 500/1978]  eta: 0:03:11    time: 0.1278  data: 0.0000  max mem: 2518
      Evaluation: [ 600/1978]  eta: 0:02:58    time: 0.1284  data: 0.0000  max mem: 2518
      Evaluation: [ 700/1978]  eta: 0:02:45    time: 0.1283  data: 0.0000  max mem: 2518
      Evaluation: [ 800/1978]  eta: 0:02:32    time: 0.1298  data: 0.0000  max mem: 2518
      Evaluation: [ 900/1978]  eta: 0:02:19    time: 0.1287  data: 0.0000  max mem: 2518
      Evaluation: [1000/1978]  eta: 0:02:06    time: 0.1286  data: 0.0000  max mem: 2518
      Evaluation: [1100/1978]  eta: 0:01:53    time: 0.1289  data: 0.0000  max mem: 2518
      Evaluation: [1200/1978]  eta: 0:01:40    time: 0.1287  data: 0.0000  max mem: 2518
      Evaluation: [1300/1978]  eta: 0:01:27    time: 0.1286  data: 0.0000  max mem: 2518
      Evaluation: [1400/1978]  eta: 0:01:14    time: 0.1293  data: 0.0000  max mem: 2518
      Evaluation: [1500/1978]  eta: 0:01:01    time: 0.1328  data: 0.0000  max mem: 2518
      Evaluation: [1600/1978]  eta: 0:00:48    time: 0.1278  data: 0.0000  max mem: 2518
      Evaluation: [1700/1978]  eta: 0:00:35    time: 0.1286  data: 0.0000  max mem: 2518
      Evaluation: [1800/1978]  eta: 0:00:23    time: 0.1310  data: 0.0000  max mem: 2518
      Evaluation: [1900/1978]  eta: 0:00:10    time: 0.1287  data: 0.0000  max mem: 2518
      Evaluation: [1977/1978]  eta: 0:00:00    time: 0.0729  data: 0.0000  max mem: 2518
      Evaluation: Total time: 0:04:14 (0.1284 s / it)
     Computing matching score time 0:04:15
### TTA ITM Score: 
+-------+--------+--------+--------+--------+--------+
| epoch |   R1   |   R5   |  R10   |  mAP   |  mINP  |
+-------+--------+--------+--------+--------+--------+
|  -999 | 53.438 | 86.855 | 92.922 | 68.348 | 68.348 |
|  -999 | 72.700 | 97.776 | 99.090 | 84.322 | 84.322 |
|   0   | 72.801 | 97.927 | 99.090 | 84.389 | 84.389 |
|   1   | 73.205 | 97.978 | 99.090 | 84.627 | 84.627 |
|   2   | 73.458 | 98.028 | 99.090 | 84.779 | 84.779 |
|   4   | 74.216 | 97.877 | 99.090 | 85.118 | 85.118 |
|   9   | 74.166 | 97.978 | 98.837 | 85.099 | 85.099 |
|   14  | 74.671 | 97.978 | 98.888 | 85.335 | 85.335 |
|   19  | 74.368 | 97.927 | 98.837 | 85.156 | 85.156 |
+-------+--------+--------+--------+--------+--------+
     logs:  {'epo': 19, 'R1': 74.368, 'R5': 97.927, 'R10': 98.837, 'mAP': 85.156, 'mINP': 85.156, 'entropy': 0.321754, 'uncertainty': 0.506348, 'uncertainty_coeffi': 0.01, 'loss': 2.855384, 'lr': 3.7e-05}
      TTA Epoch: [20] [  0/107]  eta: 0:01:00  entropy: 0.2587  uncertainty: 0.5724  uncertainty_coeffi: 0.0100  loss: 2.4111  lr: 0.000036  time: 0.5673  data: 0.4242  max mem: 2518
      TTA Epoch: [20] [100/107]  eta: 0:00:00  entropy: 0.3859  uncertainty: 0.5009  uncertainty_coeffi: 0.0100  loss: 1.9632  lr: 0.000035  time: 0.1072  data: 0.0001  max mem: 2518
      TTA Epoch: [20] [106/107]  eta: 0:00:00  entropy: 0.2967  uncertainty: 0.5250  uncertainty_coeffi: 0.0100  loss: 1.9755  lr: 0.000035  time: 0.0920  data: 0.0001  max mem: 2518
      TTA Epoch: [20] Total time: 0:00:12 (0.1195 s / it)
     Averaged stats: entropy: 0.3153  uncertainty: 0.5049  uncertainty_coeffi: 0.0100  loss: 2.8564  lr: 0.0000
     itm tta time 0:00:12
      TTA Epoch: [21] [  0/107]  eta: 0:00:52  entropy: 0.1402  uncertainty: 0.5193  uncertainty_coeffi: 0.0100  loss: 0.8904  lr: 0.000035  time: 0.4867  data: 0.3626  max mem: 2518
      TTA Epoch: [21] [100/107]  eta: 0:00:00  entropy: 0.3406  uncertainty: 0.6947  uncertainty_coeffi: 0.0100  loss: 1.4383  lr: 0.000035  time: 0.1198  data: 0.0001  max mem: 2518
      TTA Epoch: [21] [106/107]  eta: 0:00:00  entropy: 0.1713  uncertainty: 0.6529  uncertainty_coeffi: 0.0100  loss: 0.9560  lr: 0.000034  time: 0.1197  data: 0.0001  max mem: 2518
      TTA Epoch: [21] Total time: 0:00:13 (0.1228 s / it)
     Averaged stats: entropy: 0.3187  uncertainty: 0.5061  uncertainty_coeffi: 0.0100  loss: 2.5365  lr: 0.0000
     itm tta time 0:00:13
      TTA Epoch: [22] [  0/107]  eta: 0:00:49  entropy: 0.1148  uncertainty: 0.6149  uncertainty_coeffi: 0.0100  loss: 1.1839  lr: 0.000034  time: 0.4673  data: 0.3580  max mem: 2518
      TTA Epoch: [22] [100/107]  eta: 0:00:00  entropy: 0.2766  uncertainty: 0.3404  uncertainty_coeffi: 0.0100  loss: 1.8303  lr: 0.000034  time: 0.1204  data: 0.0001  max mem: 2518
      TTA Epoch: [22] [106/107]  eta: 0:00:00  entropy: 0.3523  uncertainty: 0.4348  uncertainty_coeffi: 0.0100  loss: 1.6865  lr: 0.000034  time: 0.1201  data: 0.0001  max mem: 2518
      TTA Epoch: [22] Total time: 0:00:12 (0.1209 s / it)
     Averaged stats: entropy: 0.3108  uncertainty: 0.5059  uncertainty_coeffi: 0.0100  loss: 2.6527  lr: 0.0000
     itm tta time 0:00:13
      TTA Epoch: [23] [  0/107]  eta: 0:00:57  entropy: 0.3606  uncertainty: 0.5308  uncertainty_coeffi: 0.0100  loss: 3.1450  lr: 0.000034  time: 0.5382  data: 0.3868  max mem: 2518
      TTA Epoch: [23] [100/107]  eta: 0:00:00  entropy: 0.4749  uncertainty: 0.5428  uncertainty_coeffi: 0.0100  loss: 4.4298  lr: 0.000033  time: 0.1223  data: 0.0001  max mem: 2518
      TTA Epoch: [23] [106/107]  eta: 0:00:00  entropy: 0.1257  uncertainty: 0.4314  uncertainty_coeffi: 0.0100  loss: 1.5081  lr: 0.000033  time: 0.1219  data: 0.0001  max mem: 2518
      TTA Epoch: [23] Total time: 0:00:13 (0.1220 s / it)
     Averaged stats: entropy: 0.3154  uncertainty: 0.5067  uncertainty_coeffi: 0.0100  loss: 2.8053  lr: 0.0000
     itm tta time 0:00:13
      TTA Epoch: [24] [  0/107]  eta: 0:00:52  entropy: 0.1676  uncertainty: 0.6796  uncertainty_coeffi: 0.0100  loss: 1.0829  lr: 0.000033  time: 0.4935  data: 0.3628  max mem: 2518
      TTA Epoch: [24] [100/107]  eta: 0:00:00  entropy: 0.3791  uncertainty: 0.3704  uncertainty_coeffi: 0.0100  loss: 1.8178  lr: 0.000032  time: 0.1205  data: 0.0001  max mem: 2518
      TTA Epoch: [24] [106/107]  eta: 0:00:00  entropy: 0.3483  uncertainty: 0.4231  uncertainty_coeffi: 0.0100  loss: 1.9270  lr: 0.000032  time: 0.1202  data: 0.0001  max mem: 2518
      TTA Epoch: [24] Total time: 0:00:12 (0.1200 s / it)
     Averaged stats: entropy: 0.3138  uncertainty: 0.5068  uncertainty_coeffi: 0.0100  loss: 2.7360  lr: 0.0000
     itm tta time 0:00:12
      TTA Epoch: [25] [  0/107]  eta: 0:00:59  entropy: 0.3627  uncertainty: 0.4710  uncertainty_coeffi: 0.0100  loss: 1.5761  lr: 0.000032  time: 0.5569  data: 0.4272  max mem: 2518
      TTA Epoch: [25] [100/107]  eta: 0:00:00  entropy: 0.2660  uncertainty: 0.3290  uncertainty_coeffi: 0.0100  loss: 1.6323  lr: 0.000031  time: 0.1256  data: 0.0002  max mem: 2518
      TTA Epoch: [25] [106/107]  eta: 0:00:00  entropy: 0.2866  uncertainty: 0.3556  uncertainty_coeffi: 0.0100  loss: 4.8701  lr: 0.000031  time: 0.1251  data: 0.0002  max mem: 2518
      TTA Epoch: [25] Total time: 0:00:13 (0.1266 s / it)
     Averaged stats: entropy: 0.3030  uncertainty: 0.5070  uncertainty_coeffi: 0.0100  loss: 2.6392  lr: 0.0000
     itm tta time 0:00:13
      TTA Epoch: [26] [  0/107]  eta: 0:01:03  entropy: 0.2208  uncertainty: 0.4951  uncertainty_coeffi: 0.0100  loss: 1.5329  lr: 0.000031  time: 0.5941  data: 0.4355  max mem: 2518
      TTA Epoch: [26] [100/107]  eta: 0:00:00  entropy: 0.3146  uncertainty: 0.4583  uncertainty_coeffi: 0.0100  loss: 1.9944  lr: 0.000030  time: 0.1257  data: 0.0002  max mem: 2518
      TTA Epoch: [26] [106/107]  eta: 0:00:00  entropy: 0.2286  uncertainty: 0.4523  uncertainty_coeffi: 0.0100  loss: 2.8487  lr: 0.000030  time: 0.1254  data: 0.0002  max mem: 2518
      TTA Epoch: [26] Total time: 0:00:13 (0.1305 s / it)
     Averaged stats: entropy: 0.3020  uncertainty: 0.5064  uncertainty_coeffi: 0.0100  loss: 2.8407  lr: 0.0000
     itm tta time 0:00:14
      TTA Epoch: [27] [  0/107]  eta: 0:00:51  entropy: 0.3646  uncertainty: 0.3100  uncertainty_coeffi: 0.0100  loss: 4.8528  lr: 0.000030  time: 0.4792  data: 0.3360  max mem: 2518
      TTA Epoch: [27] [100/107]  eta: 0:00:00  entropy: 0.3001  uncertainty: 0.6847  uncertainty_coeffi: 0.0100  loss: 1.8854  lr: 0.000029  time: 0.1261  data: 0.0006  max mem: 2518
      TTA Epoch: [27] [106/107]  eta: 0:00:00  entropy: 0.3067  uncertainty: 0.6638  uncertainty_coeffi: 0.0100  loss: 3.0109  lr: 0.000029  time: 0.1256  data: 0.0005  max mem: 2518
      TTA Epoch: [27] Total time: 0:00:13 (0.1297 s / it)
     Averaged stats: entropy: 0.3153  uncertainty: 0.5060  uncertainty_coeffi: 0.0100  loss: 2.5767  lr: 0.0000
     itm tta time 0:00:13
      TTA Epoch: [28] [  0/107]  eta: 0:00:54  entropy: 0.3453  uncertainty: 0.4225  uncertainty_coeffi: 0.0100  loss: 1.7082  lr: 0.000029  time: 0.5125  data: 0.3747  max mem: 2518
      TTA Epoch: [28] [100/107]  eta: 0:00:00  entropy: 0.4167  uncertainty: 0.5740  uncertainty_coeffi: 0.0100  loss: 2.0223  lr: 0.000028  time: 0.1253  data: 0.0002  max mem: 2518
      TTA Epoch: [28] [106/107]  eta: 0:00:00  entropy: 0.2830  uncertainty: 0.5256  uncertainty_coeffi: 0.0100  loss: 1.5448  lr: 0.000028  time: 0.1250  data: 0.0002  max mem: 2518
      TTA Epoch: [28] Total time: 0:00:13 (0.1296 s / it)
     Averaged stats: entropy: 0.2989  uncertainty: 0.5061  uncertainty_coeffi: 0.0100  loss: 2.6740  lr: 0.0000
     itm tta time 0:00:13
      TTA Epoch: [29] [  0/107]  eta: 0:00:57  entropy: 0.3114  uncertainty: 0.4823  uncertainty_coeffi: 0.0100  loss: 4.6104  lr: 0.000028  time: 0.5350  data: 0.3944  max mem: 2518
      TTA Epoch: [29] [100/107]  eta: 0:00:00  entropy: 0.1939  uncertainty: 0.5967  uncertainty_coeffi: 0.0100  loss: 1.3264  lr: 0.000027  time: 0.1254  data: 0.0002  max mem: 2518
      TTA Epoch: [29] [106/107]  eta: 0:00:00  entropy: 0.4796  uncertainty: 0.5151  uncertainty_coeffi: 0.0100  loss: 19.1940  lr: 0.000027  time: 0.1248  data: 0.0002  max mem: 2518
      TTA Epoch: [29] Total time: 0:00:13 (0.1293 s / it)
     Averaged stats: entropy: 0.2982  uncertainty: 0.5062  uncertainty_coeffi: 0.0100  loss: 2.5843  lr: 0.0000
     itm tta time 0:00:13
     Computing matching score
      Evaluation: [   0/1978]  eta: 0:04:25    time: 0.1340  data: 0.0037  max mem: 2518
      Evaluation: [ 100/1978]  eta: 0:04:03    time: 0.1299  data: 0.0000  max mem: 2518
      Evaluation: [ 200/1978]  eta: 0:03:49    time: 0.1282  data: 0.0000  max mem: 2518
      Evaluation: [ 300/1978]  eta: 0:03:36    time: 0.1279  data: 0.0000  max mem: 2518
      Evaluation: [ 400/1978]  eta: 0:03:23    time: 0.1282  data: 0.0000  max mem: 2518
      Evaluation: [ 500/1978]  eta: 0:03:10    time: 0.1333  data: 0.0000  max mem: 2518
      Evaluation: [ 600/1978]  eta: 0:02:57    time: 0.1282  data: 0.0000  max mem: 2518
      Evaluation: [ 700/1978]  eta: 0:02:44    time: 0.1280  data: 0.0000  max mem: 2518
      Evaluation: [ 800/1978]  eta: 0:02:31    time: 0.1275  data: 0.0000  max mem: 2518
      Evaluation: [ 900/1978]  eta: 0:02:18    time: 0.1287  data: 0.0000  max mem: 2518
      Evaluation: [1000/1978]  eta: 0:02:05    time: 0.1268  data: 0.0000  max mem: 2518
      Evaluation: [1100/1978]  eta: 0:01:52    time: 0.1283  data: 0.0000  max mem: 2518
      Evaluation: [1200/1978]  eta: 0:01:40    time: 0.1287  data: 0.0000  max mem: 2518
      Evaluation: [1300/1978]  eta: 0:01:27    time: 0.1283  data: 0.0000  max mem: 2518
      Evaluation: [1400/1978]  eta: 0:01:14    time: 0.1281  data: 0.0000  max mem: 2518
      Evaluation: [1500/1978]  eta: 0:01:00    time: 0.1031  data: 0.0000  max mem: 2518
      Evaluation: [1600/1978]  eta: 0:00:48    time: 0.1280  data: 0.0000  max mem: 2518
      Evaluation: [1700/1978]  eta: 0:00:35    time: 0.1270  data: 0.0000  max mem: 2518
      Evaluation: [1800/1978]  eta: 0:00:22    time: 0.1269  data: 0.0000  max mem: 2518
      Evaluation: [1900/1978]  eta: 0:00:09    time: 0.1202  data: 0.0000  max mem: 2518
      Evaluation: [1977/1978]  eta: 0:00:00    time: 0.1272  data: 0.0000  max mem: 2518
      Evaluation: Total time: 0:04:10 (0.1267 s / it)
     Computing matching score time 0:04:12
### TTA ITM Score: 
+-------+--------+--------+--------+--------+--------+
| epoch |   R1   |   R5   |  R10   |  mAP   |  mINP  |
+-------+--------+--------+--------+--------+--------+
|  -999 | 53.438 | 86.855 | 92.922 | 68.348 | 68.348 |
|  -999 | 72.700 | 97.776 | 99.090 | 84.322 | 84.322 |
|   0   | 72.801 | 97.927 | 99.090 | 84.389 | 84.389 |
|   1   | 73.205 | 97.978 | 99.090 | 84.627 | 84.627 |
|   2   | 73.458 | 98.028 | 99.090 | 84.779 | 84.779 |
|   4   | 74.216 | 97.877 | 99.090 | 85.118 | 85.118 |
|   9   | 74.166 | 97.978 | 98.837 | 85.099 | 85.099 |
|   14  | 74.671 | 97.978 | 98.888 | 85.335 | 85.335 |
|   19  | 74.368 | 97.927 | 98.837 | 85.156 | 85.156 |
|   29  | 74.115 | 97.877 | 98.837 | 85.026 | 85.026 |
+-------+--------+--------+--------+--------+--------+
     logs:  {'epo': 29, 'R1': 74.115, 'R5': 97.877, 'R10': 98.837, 'mAP': 85.026, 'mINP': 85.026, 'entropy': 0.298229, 'uncertainty': 0.506213, 'uncertainty_coeffi': 0.01, 'loss': 2.584343, 'lr': 2.8e-05}
      TTA Epoch: [30] [  0/107]  eta: 0:01:01  entropy: 0.2660  uncertainty: 0.4846  uncertainty_coeffi: 0.0100  loss: 1.7795  lr: 0.000027  time: 0.5707  data: 0.4370  max mem: 2518
      TTA Epoch: [30] [100/107]  eta: 0:00:00  entropy: 0.1558  uncertainty: 0.4435  uncertainty_coeffi: 0.0100  loss: 0.9297  lr: 0.000026  time: 0.1228  data: 0.0001  max mem: 2518
      TTA Epoch: [30] [106/107]  eta: 0:00:00  entropy: 0.1605  uncertainty: 0.3786  uncertainty_coeffi: 0.0100  loss: 3.4956  lr: 0.000026  time: 0.1226  data: 0.0001  max mem: 2518
      TTA Epoch: [30] Total time: 0:00:13 (0.1267 s / it)
     Averaged stats: entropy: 0.2927  uncertainty: 0.5056  uncertainty_coeffi: 0.0100  loss: 2.4419  lr: 0.0000
     itm tta time 0:00:13
      TTA Epoch: [31] [  0/107]  eta: 0:00:55  entropy: 0.2711  uncertainty: 0.4255  uncertainty_coeffi: 0.0100  loss: 1.6223  lr: 0.000026  time: 0.5223  data: 0.3883  max mem: 2518
      TTA Epoch: [31] [100/107]  eta: 0:00:00  entropy: 0.2197  uncertainty: 0.5221  uncertainty_coeffi: 0.0100  loss: 1.4007  lr: 0.000026  time: 0.1262  data: 0.0002  max mem: 2518
      TTA Epoch: [31] [106/107]  eta: 0:00:00  entropy: 0.3024  uncertainty: 0.4142  uncertainty_coeffi: 0.0100  loss: 2.7777  lr: 0.000026  time: 0.1258  data: 0.0002  max mem: 2518
      TTA Epoch: [31] Total time: 0:00:13 (0.1288 s / it)
     Averaged stats: entropy: 0.2968  uncertainty: 0.5063  uncertainty_coeffi: 0.0100  loss: 2.3974  lr: 0.0000
     itm tta time 0:00:13
      TTA Epoch: [32] [  0/107]  eta: 0:00:51  entropy: 0.3885  uncertainty: 0.5468  uncertainty_coeffi: 0.0100  loss: 1.4488  lr: 0.000026  time: 0.4773  data: 0.3207  max mem: 2518
      TTA Epoch: [32] [100/107]  eta: 0:00:00  entropy: 0.2119  uncertainty: 0.6861  uncertainty_coeffi: 0.0100  loss: 1.5402  lr: 0.000010  time: 0.1266  data: 0.0003  max mem: 2518
      TTA Epoch: [32] [106/107]  eta: 0:00:00  entropy: 0.1467  uncertainty: 0.5253  uncertainty_coeffi: 0.0100  loss: 1.0221  lr: 0.000010  time: 0.1260  data: 0.0002  max mem: 2518
      TTA Epoch: [32] Total time: 0:00:13 (0.1302 s / it)
     Averaged stats: entropy: 0.2905  uncertainty: 0.5064  uncertainty_coeffi: 0.0100  loss: 2.4549  lr: 0.0000
     itm tta time 0:00:14
      TTA Epoch: [33] [  0/107]  eta: 0:00:59  entropy: 0.3543  uncertainty: 0.5891  uncertainty_coeffi: 0.0100  loss: 3.5375  lr: 0.000010  time: 0.5519  data: 0.3998  max mem: 2518
      TTA Epoch: [33] [100/107]  eta: 0:00:00  entropy: 0.1684  uncertainty: 0.5924  uncertainty_coeffi: 0.0100  loss: 0.9751  lr: 0.000010  time: 0.1258  data: 0.0002  max mem: 2518
      TTA Epoch: [33] [106/107]  eta: 0:00:00  entropy: 0.4356  uncertainty: 0.5744  uncertainty_coeffi: 0.0100  loss: 5.2950  lr: 0.000010  time: 0.1254  data: 0.0001  max mem: 2518
      TTA Epoch: [33] Total time: 0:00:13 (0.1303 s / it)
     Averaged stats: entropy: 0.2992  uncertainty: 0.5056  uncertainty_coeffi: 0.0100  loss: 2.4329  lr: 0.0000
     itm tta time 0:00:14
      TTA Epoch: [34] [  0/107]  eta: 0:00:51  entropy: 0.1292  uncertainty: 0.5723  uncertainty_coeffi: 0.0100  loss: 1.0748  lr: 0.000010  time: 0.4860  data: 0.3475  max mem: 2518
      TTA Epoch: [34] [100/107]  eta: 0:00:00  entropy: 0.3068  uncertainty: 0.5245  uncertainty_coeffi: 0.0100  loss: 1.5742  lr: 0.000009  time: 0.1260  data: 0.0002  max mem: 2518
      TTA Epoch: [34] [106/107]  eta: 0:00:00  entropy: 0.2758  uncertainty: 0.4747  uncertainty_coeffi: 0.0100  loss: 1.8852  lr: 0.000009  time: 0.1254  data: 0.0002  max mem: 2518
      TTA Epoch: [34] Total time: 0:00:13 (0.1296 s / it)
     Averaged stats: entropy: 0.2848  uncertainty: 0.5063  uncertainty_coeffi: 0.0100  loss: 2.4177  lr: 0.0000
     itm tta time 0:00:13
      TTA Epoch: [35] [  0/107]  eta: 0:00:57  entropy: 0.2922  uncertainty: 0.6674  uncertainty_coeffi: 0.0100  loss: 1.5353  lr: 0.000009  time: 0.5375  data: 0.3872  max mem: 2518
      TTA Epoch: [35] [100/107]  eta: 0:00:00  entropy: 0.2143  uncertainty: 0.5486  uncertainty_coeffi: 0.0100  loss: 1.5549  lr: 0.000009  time: 0.1260  data: 0.0003  max mem: 2518
      TTA Epoch: [35] [106/107]  eta: 0:00:00  entropy: 0.3643  uncertainty: 0.3927  uncertainty_coeffi: 0.0100  loss: 3.1598  lr: 0.000009  time: 0.1256  data: 0.0002  max mem: 2518
      TTA Epoch: [35] Total time: 0:00:13 (0.1301 s / it)
     Averaged stats: entropy: 0.2849  uncertainty: 0.5069  uncertainty_coeffi: 0.0100  loss: 2.2563  lr: 0.0000
     itm tta time 0:00:14
      TTA Epoch: [36] [  0/107]  eta: 0:00:58  entropy: 0.2520  uncertainty: 0.5212  uncertainty_coeffi: 0.0100  loss: 1.9856  lr: 0.000009  time: 0.5466  data: 0.4088  max mem: 2518
      TTA Epoch: [36] [100/107]  eta: 0:00:00  entropy: 0.3290  uncertainty: 0.6886  uncertainty_coeffi: 0.0100  loss: 1.6033  lr: 0.000008  time: 0.1261  data: 0.0003  max mem: 2518
      TTA Epoch: [36] [106/107]  eta: 0:00:00  entropy: 0.3950  uncertainty: 0.4418  uncertainty_coeffi: 0.0100  loss: 2.7250  lr: 0.000008  time: 0.1255  data: 0.0002  max mem: 2518
      TTA Epoch: [36] Total time: 0:00:13 (0.1305 s / it)
     Averaged stats: entropy: 0.2977  uncertainty: 0.5064  uncertainty_coeffi: 0.0100  loss: 2.4090  lr: 0.0000
     itm tta time 0:00:14
      TTA Epoch: [37] [  0/107]  eta: 0:01:01  entropy: 0.2029  uncertainty: 0.4752  uncertainty_coeffi: 0.0100  loss: 1.5478  lr: 0.000008  time: 0.5714  data: 0.4116  max mem: 2518
      TTA Epoch: [37] [100/107]  eta: 0:00:00  entropy: 0.3062  uncertainty: 0.5164  uncertainty_coeffi: 0.0100  loss: 1.2949  lr: 0.000008  time: 0.1259  data: 0.0002  max mem: 2518
      TTA Epoch: [37] [106/107]  eta: 0:00:00  entropy: 0.2851  uncertainty: 0.6011  uncertainty_coeffi: 0.0100  loss: 2.1167  lr: 0.000008  time: 0.1255  data: 0.0002  max mem: 2518
      TTA Epoch: [37] Total time: 0:00:13 (0.1303 s / it)
     Averaged stats: entropy: 0.2937  uncertainty: 0.5056  uncertainty_coeffi: 0.0100  loss: 2.4952  lr: 0.0000
     itm tta time 0:00:14
      TTA Epoch: [38] [  0/107]  eta: 0:00:50  entropy: 0.5265  uncertainty: 0.3997  uncertainty_coeffi: 0.0100  loss: 2.7901  lr: 0.000008  time: 0.4760  data: 0.3245  max mem: 2518
      TTA Epoch: [38] [100/107]  eta: 0:00:00  entropy: 0.3100  uncertainty: 0.6021  uncertainty_coeffi: 0.0100  loss: 2.5608  lr: 0.000008  time: 0.1263  data: 0.0003  max mem: 2518
      TTA Epoch: [38] [106/107]  eta: 0:00:00  entropy: 0.3555  uncertainty: 0.4799  uncertainty_coeffi: 0.0100  loss: 2.8304  lr: 0.000008  time: 0.1258  data: 0.0003  max mem: 2518
      TTA Epoch: [38] Total time: 0:00:13 (0.1296 s / it)
     Averaged stats: entropy: 0.2896  uncertainty: 0.5064  uncertainty_coeffi: 0.0100  loss: 2.3314  lr: 0.0000
     itm tta time 0:00:13
      TTA Epoch: [39] [  0/107]  eta: 0:01:01  entropy: 0.5323  uncertainty: 0.4210  uncertainty_coeffi: 0.0100  loss: 3.0512  lr: 0.000008  time: 0.5732  data: 0.4293  max mem: 2518
      TTA Epoch: [39] [100/107]  eta: 0:00:00  entropy: 0.3838  uncertainty: 0.5396  uncertainty_coeffi: 0.0100  loss: 6.8067  lr: 0.000007  time: 0.1264  data: 0.0004  max mem: 2518
      TTA Epoch: [39] [106/107]  eta: 0:00:00  entropy: 0.1180  uncertainty: 0.4477  uncertainty_coeffi: 0.0100  loss: 2.1092  lr: 0.000007  time: 0.1259  data: 0.0003  max mem: 2518
      TTA Epoch: [39] Total time: 0:00:14 (0.1309 s / it)
     Averaged stats: entropy: 0.2937  uncertainty: 0.5060  uncertainty_coeffi: 0.0100  loss: 2.4356  lr: 0.0000
     itm tta time 0:00:14
     Computing matching score
      Evaluation: [   0/1978]  eta: 0:04:19    time: 0.1311  data: 0.0031  max mem: 2518
      Evaluation: [ 100/1978]  eta: 0:04:05    time: 0.1300  data: 0.0000  max mem: 2518
      Evaluation: [ 200/1978]  eta: 0:03:52    time: 0.1327  data: 0.0000  max mem: 2518
      Evaluation: [ 300/1978]  eta: 0:03:41    time: 0.1339  data: 0.0000  max mem: 2518
      Evaluation: [ 400/1978]  eta: 0:03:28    time: 0.1296  data: 0.0000  max mem: 2518
      Evaluation: [ 500/1978]  eta: 0:03:14    time: 0.1295  data: 0.0000  max mem: 2518
      Evaluation: [ 600/1978]  eta: 0:03:01    time: 0.1349  data: 0.0000  max mem: 2518
      Evaluation: [ 700/1978]  eta: 0:02:48    time: 0.1325  data: 0.0000  max mem: 2518
      Evaluation: [ 800/1978]  eta: 0:02:35    time: 0.1334  data: 0.0000  max mem: 2518
      Evaluation: [ 900/1978]  eta: 0:02:22    time: 0.1277  data: 0.0000  max mem: 2518
      Evaluation: [1000/1978]  eta: 0:02:07    time: 0.1258  data: 0.0000  max mem: 2518
      Evaluation: [1100/1978]  eta: 0:01:54    time: 0.1272  data: 0.0000  max mem: 2518
      Evaluation: [1200/1978]  eta: 0:01:40    time: 0.1263  data: 0.0000  max mem: 2518
      Evaluation: [1300/1978]  eta: 0:01:27    time: 0.1278  data: 0.0000  max mem: 2518
      Evaluation: [1400/1978]  eta: 0:01:14    time: 0.1265  data: 0.0000  max mem: 2518
      Evaluation: [1500/1978]  eta: 0:01:01    time: 0.1148  data: 0.0000  max mem: 2518
      Evaluation: [1600/1978]  eta: 0:00:48    time: 0.1279  data: 0.0000  max mem: 2518
      Evaluation: [1700/1978]  eta: 0:00:35    time: 0.1265  data: 0.0000  max mem: 2518
      Evaluation: [1800/1978]  eta: 0:00:22    time: 0.1259  data: 0.0000  max mem: 2518
      Evaluation: [1900/1978]  eta: 0:00:09    time: 0.1068  data: 0.0000  max mem: 2518
      Evaluation: [1977/1978]  eta: 0:00:00    time: 0.1265  data: 0.0000  max mem: 2518
      Evaluation: Total time: 0:04:11 (0.1271 s / it)
     Computing matching score time 0:04:13
### TTA ITM Score: 
+-------+--------+--------+--------+--------+--------+
| epoch |   R1   |   R5   |  R10   |  mAP   |  mINP  |
+-------+--------+--------+--------+--------+--------+
|  -999 | 53.438 | 86.855 | 92.922 | 68.348 | 68.348 |
|  -999 | 72.700 | 97.776 | 99.090 | 84.322 | 84.322 |
|   0   | 72.801 | 97.927 | 99.090 | 84.389 | 84.389 |
|   1   | 73.205 | 97.978 | 99.090 | 84.627 | 84.627 |
|   2   | 73.458 | 98.028 | 99.090 | 84.779 | 84.779 |
|   4   | 74.216 | 97.877 | 99.090 | 85.118 | 85.118 |
|   9   | 74.166 | 97.978 | 98.837 | 85.099 | 85.099 |
|   14  | 74.671 | 97.978 | 98.888 | 85.335 | 85.335 |
|   19  | 74.368 | 97.927 | 98.837 | 85.156 | 85.156 |
|   29  | 74.115 | 97.877 | 98.837 | 85.026 | 85.026 |
|   39  | 73.964 | 97.877 | 98.787 | 84.957 | 84.957 |
+-------+--------+--------+--------+--------+--------+
     logs:  {'epo': 39, 'R1': 73.964, 'R5': 97.877, 'R10': 98.787, 'mAP': 84.957, 'mINP': 84.957, 'entropy': 0.293682, 'uncertainty': 0.505954, 'uncertainty_coeffi': 0.01, 'loss': 2.435644, 'lr': 8e-06}
      TTA Epoch: [40] [  0/107]  eta: 0:00:48  entropy: 0.3159  uncertainty: 0.5248  uncertainty_coeffi: 0.0100  loss: 1.9895  lr: 0.000007  time: 0.4547  data: 0.3621  max mem: 2518
      TTA Epoch: [40] [100/107]  eta: 0:00:00  entropy: 0.2325  uncertainty: 0.5764  uncertainty_coeffi: 0.0100  loss: 1.3375  lr: 0.000007  time: 0.1220  data: 0.0001  max mem: 2518
      TTA Epoch: [40] [106/107]  eta: 0:00:00  entropy: 0.1383  uncertainty: 0.5560  uncertainty_coeffi: 0.0100  loss: 3.5718  lr: 0.000007  time: 0.1219  data: 0.0001  max mem: 2518
      TTA Epoch: [40] Total time: 0:00:13 (0.1220 s / it)
     Averaged stats: entropy: 0.2785  uncertainty: 0.5065  uncertainty_coeffi: 0.0100  loss: 2.3266  lr: 0.0000
     itm tta time 0:00:13
      TTA Epoch: [41] [  0/107]  eta: 0:00:52  entropy: 0.3502  uncertainty: 0.5924  uncertainty_coeffi: 0.0100  loss: 1.6968  lr: 0.000007  time: 0.4936  data: 0.3609  max mem: 2518
      TTA Epoch: [41] [100/107]  eta: 0:00:00  entropy: 0.2335  uncertainty: 0.5531  uncertainty_coeffi: 0.0100  loss: 1.3377  lr: 0.000007  time: 0.1226  data: 0.0001  max mem: 2518
      TTA Epoch: [41] [106/107]  eta: 0:00:00  entropy: 0.2321  uncertainty: 0.5600  uncertainty_coeffi: 0.0100  loss: 1.7019  lr: 0.000007  time: 0.1221  data: 0.0001  max mem: 2518
      TTA Epoch: [41] Total time: 0:00:12 (0.1212 s / it)
     Averaged stats: entropy: 0.2912  uncertainty: 0.5066  uncertainty_coeffi: 0.0100  loss: 2.3708  lr: 0.0000
     itm tta time 0:00:13
      TTA Epoch: [42] [  0/107]  eta: 0:00:55  entropy: 0.2609  uncertainty: 0.6366  uncertainty_coeffi: 0.0100  loss: 3.0668  lr: 0.000007  time: 0.5221  data: 0.3879  max mem: 2518
      TTA Epoch: [42] [100/107]  eta: 0:00:00  entropy: 0.4301  uncertainty: 0.5901  uncertainty_coeffi: 0.0100  loss: 2.4652  lr: 0.000006  time: 0.1270  data: 0.0005  max mem: 2518
      TTA Epoch: [42] [106/107]  eta: 0:00:00  entropy: 0.1648  uncertainty: 0.5812  uncertainty_coeffi: 0.0100  loss: 1.4713  lr: 0.000006  time: 0.1264  data: 0.0004  max mem: 2518
      TTA Epoch: [42] Total time: 0:00:13 (0.1288 s / it)
     Averaged stats: entropy: 0.2853  uncertainty: 0.5052  uncertainty_coeffi: 0.0100  loss: 2.3887  lr: 0.0000
     itm tta time 0:00:13
      TTA Epoch: [43] [  0/107]  eta: 0:00:54  entropy: 0.3539  uncertainty: 0.4039  uncertainty_coeffi: 0.0100  loss: 2.1399  lr: 0.000006  time: 0.5062  data: 0.3722  max mem: 2518
      TTA Epoch: [43] [100/107]  eta: 0:00:00  entropy: 0.3245  uncertainty: 0.6379  uncertainty_coeffi: 0.0100  loss: 2.4638  lr: 0.000006  time: 0.1267  data: 0.0005  max mem: 2518
      TTA Epoch: [43] [106/107]  eta: 0:00:00  entropy: 0.2688  uncertainty: 0.5249  uncertainty_coeffi: 0.0100  loss: 2.2598  lr: 0.000006  time: 0.1261  data: 0.0004  max mem: 2518
      TTA Epoch: [43] Total time: 0:00:13 (0.1307 s / it)
     Averaged stats: entropy: 0.2792  uncertainty: 0.5067  uncertainty_coeffi: 0.0100  loss: 2.3048  lr: 0.0000
     itm tta time 0:00:14
      TTA Epoch: [44] [  0/107]  eta: 0:01:02  entropy: 0.4991  uncertainty: 0.4492  uncertainty_coeffi: 0.0100  loss: 3.3891  lr: 0.000006  time: 0.5823  data: 0.4164  max mem: 2518
      TTA Epoch: [44] [100/107]  eta: 0:00:00  entropy: 0.1486  uncertainty: 0.5322  uncertainty_coeffi: 0.0100  loss: 1.6787  lr: 0.000006  time: 0.1266  data: 0.0005  max mem: 2518
      TTA Epoch: [44] [106/107]  eta: 0:00:00  entropy: 0.4604  uncertainty: 0.4385  uncertainty_coeffi: 0.0100  loss: 2.4559  lr: 0.000006  time: 0.1261  data: 0.0004  max mem: 2518
      TTA Epoch: [44] Total time: 0:00:14 (0.1310 s / it)
     Averaged stats: entropy: 0.2876  uncertainty: 0.5062  uncertainty_coeffi: 0.0100  loss: 2.4177  lr: 0.0000
     itm tta time 0:00:14
      TTA Epoch: [45] [  0/107]  eta: 0:01:01  entropy: 0.1429  uncertainty: 0.5734  uncertainty_coeffi: 0.0100  loss: 1.3252  lr: 0.000006  time: 0.5716  data: 0.4246  max mem: 2518
      TTA Epoch: [45] [100/107]  eta: 0:00:00  entropy: 0.1998  uncertainty: 0.4754  uncertainty_coeffi: 0.0100  loss: 0.9389  lr: 0.000005  time: 0.1267  data: 0.0005  max mem: 2518
      TTA Epoch: [45] [106/107]  eta: 0:00:00  entropy: 0.1314  uncertainty: 0.4398  uncertainty_coeffi: 0.0100  loss: 0.9624  lr: 0.000005  time: 0.1263  data: 0.0004  max mem: 2518
      TTA Epoch: [45] Total time: 0:00:14 (0.1311 s / it)
     Averaged stats: entropy: 0.2854  uncertainty: 0.5056  uncertainty_coeffi: 0.0100  loss: 2.2280  lr: 0.0000
     itm tta time 0:00:14
      TTA Epoch: [46] [  0/107]  eta: 0:01:07  entropy: 0.3151  uncertainty: 0.4676  uncertainty_coeffi: 0.0100  loss: 1.9475  lr: 0.000005  time: 0.6263  data: 0.4781  max mem: 2518
      TTA Epoch: [46] [100/107]  eta: 0:00:00  entropy: 0.3665  uncertainty: 0.4369  uncertainty_coeffi: 0.0100  loss: 1.7631  lr: 0.000005  time: 0.1267  data: 0.0006  max mem: 2518
      TTA Epoch: [46] [106/107]  eta: 0:00:00  entropy: 0.1485  uncertainty: 0.4795  uncertainty_coeffi: 0.0100  loss: 0.8593  lr: 0.000005  time: 0.1264  data: 0.0006  max mem: 2518
      TTA Epoch: [46] Total time: 0:00:14 (0.1316 s / it)
     Averaged stats: entropy: 0.2741  uncertainty: 0.5058  uncertainty_coeffi: 0.0100  loss: 2.2117  lr: 0.0000
     itm tta time 0:00:14
      TTA Epoch: [47] [  0/107]  eta: 0:00:54  entropy: 0.3915  uncertainty: 0.4472  uncertainty_coeffi: 0.0100  loss: 3.5713  lr: 0.000005  time: 0.5137  data: 0.3657  max mem: 2518
      TTA Epoch: [47] [100/107]  eta: 0:00:00  entropy: 0.2688  uncertainty: 0.5685  uncertainty_coeffi: 0.0100  loss: 1.1870  lr: 0.000005  time: 0.1264  data: 0.0004  max mem: 2518
      TTA Epoch: [47] [106/107]  eta: 0:00:00  entropy: 0.0995  uncertainty: 0.7181  uncertainty_coeffi: 0.0100  loss: 0.9345  lr: 0.000004  time: 0.1259  data: 0.0003  max mem: 2518
      TTA Epoch: [47] Total time: 0:00:13 (0.1303 s / it)
     Averaged stats: entropy: 0.2785  uncertainty: 0.5040  uncertainty_coeffi: 0.0100  loss: 2.2623  lr: 0.0000
     itm tta time 0:00:14
      TTA Epoch: [48] [  0/107]  eta: 0:01:01  entropy: 0.2633  uncertainty: 0.5126  uncertainty_coeffi: 0.0100  loss: 1.4695  lr: 0.000004  time: 0.5788  data: 0.4225  max mem: 2518
      TTA Epoch: [48] [100/107]  eta: 0:00:00  entropy: 0.2904  uncertainty: 0.4728  uncertainty_coeffi: 0.0100  loss: 1.7261  lr: 0.000004  time: 0.1266  data: 0.0005  max mem: 2518
      TTA Epoch: [48] [106/107]  eta: 0:00:00  entropy: 0.2200  uncertainty: 0.5283  uncertainty_coeffi: 0.0100  loss: 0.9896  lr: 0.000004  time: 0.1261  data: 0.0004  max mem: 2518
      TTA Epoch: [48] Total time: 0:00:14 (0.1310 s / it)
     Averaged stats: entropy: 0.2809  uncertainty: 0.5058  uncertainty_coeffi: 0.0100  loss: 2.2141  lr: 0.0000
     itm tta time 0:00:14
      TTA Epoch: [49] [  0/107]  eta: 0:00:51  entropy: 0.3176  uncertainty: 0.5023  uncertainty_coeffi: 0.0100  loss: 4.4047  lr: 0.000004  time: 0.4772  data: 0.3307  max mem: 2518
      TTA Epoch: [49] [100/107]  eta: 0:00:00  entropy: 0.4201  uncertainty: 0.4528  uncertainty_coeffi: 0.0100  loss: 2.2423  lr: 0.000004  time: 0.1265  data: 0.0005  max mem: 2518
      TTA Epoch: [49] [106/107]  eta: 0:00:00  entropy: 0.3443  uncertainty: 0.3545  uncertainty_coeffi: 0.0100  loss: 9.4442  lr: 0.000004  time: 0.1261  data: 0.0004  max mem: 2518
      TTA Epoch: [49] Total time: 0:00:13 (0.1298 s / it)
     Averaged stats: entropy: 0.2781  uncertainty: 0.5063  uncertainty_coeffi: 0.0100  loss: 2.2639  lr: 0.0000
     itm tta time 0:00:13
     Computing matching score
      Evaluation: [   0/1978]  eta: 0:04:17    time: 0.1304  data: 0.0040  max mem: 2518
      Evaluation: [ 100/1978]  eta: 0:04:02    time: 0.1305  data: 0.0000  max mem: 2518
      Evaluation: [ 200/1978]  eta: 0:03:49    time: 0.1280  data: 0.0000  max mem: 2518
      Evaluation: [ 300/1978]  eta: 0:03:36    time: 0.1292  data: 0.0000  max mem: 2518
      Evaluation: [ 400/1978]  eta: 0:03:23    time: 0.1278  data: 0.0000  max mem: 2518
      Evaluation: [ 500/1978]  eta: 0:03:10    time: 0.1283  data: 0.0000  max mem: 2518
      Evaluation: [ 600/1978]  eta: 0:02:57    time: 0.1284  data: 0.0000  max mem: 2518
      Evaluation: [ 700/1978]  eta: 0:02:44    time: 0.1283  data: 0.0000  max mem: 2518
      Evaluation: [ 800/1978]  eta: 0:02:31    time: 0.1284  data: 0.0000  max mem: 2518
      Evaluation: [ 900/1978]  eta: 0:02:18    time: 0.1291  data: 0.0000  max mem: 2518
      Evaluation: [1000/1978]  eta: 0:02:05    time: 0.1285  data: 0.0000  max mem: 2518
      Evaluation: [1100/1978]  eta: 0:01:52    time: 0.1048  data: 0.0000  max mem: 2518
      Evaluation: [1200/1978]  eta: 0:01:38    time: 0.1268  data: 0.0000  max mem: 2518
      Evaluation: [1300/1978]  eta: 0:01:25    time: 0.1268  data: 0.0000  max mem: 2518
      Evaluation: [1400/1978]  eta: 0:01:13    time: 0.1092  data: 0.0000  max mem: 2518
      Evaluation: [1500/1978]  eta: 0:01:00    time: 0.1268  data: 0.0000  max mem: 2518
      Evaluation: [1600/1978]  eta: 0:00:47    time: 0.1270  data: 0.0000  max mem: 2518
      Evaluation: [1700/1978]  eta: 0:00:35    time: 0.1280  data: 0.0000  max mem: 2518
      Evaluation: [1800/1978]  eta: 0:00:22    time: 0.1253  data: 0.0000  max mem: 2518
      Evaluation: [1900/1978]  eta: 0:00:09    time: 0.1268  data: 0.0000  max mem: 2518
      Evaluation: [1977/1978]  eta: 0:00:00    time: 0.1275  data: 0.0000  max mem: 2518
      Evaluation: Total time: 0:04:08 (0.1257 s / it)
     Computing matching score time 0:04:10
### TTA ITM Score: 
+-------+--------+--------+--------+--------+--------+
| epoch |   R1   |   R5   |  R10   |  mAP   |  mINP  |
+-------+--------+--------+--------+--------+--------+
|  -999 | 53.438 | 86.855 | 92.922 | 68.348 | 68.348 |
|  -999 | 72.700 | 97.776 | 99.090 | 84.322 | 84.322 |
|   0   | 72.801 | 97.927 | 99.090 | 84.389 | 84.389 |
|   1   | 73.205 | 97.978 | 99.090 | 84.627 | 84.627 |
|   2   | 73.458 | 98.028 | 99.090 | 84.779 | 84.779 |
|   4   | 74.216 | 97.877 | 99.090 | 85.118 | 85.118 |
|   9   | 74.166 | 97.978 | 98.837 | 85.099 | 85.099 |
|   14  | 74.671 | 97.978 | 98.888 | 85.335 | 85.335 |
|   19  | 74.368 | 97.927 | 98.837 | 85.156 | 85.156 |
|   29  | 74.115 | 97.877 | 98.837 | 85.026 | 85.026 |
|   39  | 73.964 | 97.877 | 98.787 | 84.957 | 84.957 |
|   49  | 73.862 | 97.877 | 98.787 | 84.902 | 84.902 |
+-------+--------+--------+--------+--------+--------+
     logs:  {'epo': 49, 'R1': 73.862, 'R5': 97.877, 'R10': 98.787, 'mAP': 84.902, 'mINP': 84.902, 'entropy': 0.278085, 'uncertainty': 0.506295, 'uncertainty_coeffi': 0.01, 'loss': 2.263909, 'lr': 4e-06}
      TTA Epoch: [50] [  0/107]  eta: 0:00:56  entropy: 0.2912  uncertainty: 0.5417  uncertainty_coeffi: 0.0100  loss: 1.5238  lr: 0.000004  time: 0.5280  data: 0.3957  max mem: 2518
      TTA Epoch: [50] [100/107]  eta: 0:00:00  entropy: 0.5145  uncertainty: 0.4239  uncertainty_coeffi: 0.0100  loss: 2.7259  lr: 0.000003  time: 0.1199  data: 0.0001  max mem: 2518
      TTA Epoch: [50] [106/107]  eta: 0:00:00  entropy: 0.0511  uncertainty: 0.4872  uncertainty_coeffi: 0.0100  loss: 0.8543  lr: 0.000003  time: 0.1197  data: 0.0001  max mem: 2518
      TTA Epoch: [50] Total time: 0:00:12 (0.1198 s / it)
     Averaged stats: entropy: 0.2779  uncertainty: 0.5061  uncertainty_coeffi: 0.0100  loss: 2.2981  lr: 0.0000
     itm tta time 0:00:12
      TTA Epoch: [51] [  0/107]  eta: 0:00:59  entropy: 0.1634  uncertainty: 0.4263  uncertainty_coeffi: 0.0100  loss: 3.2664  lr: 0.000003  time: 0.5573  data: 0.4188  max mem: 2518
      TTA Epoch: [51] [100/107]  eta: 0:00:00  entropy: 0.3662  uncertainty: 0.4857  uncertainty_coeffi: 0.0100  loss: 1.8616  lr: 0.000003  time: 0.1199  data: 0.0001  max mem: 2518
      TTA Epoch: [51] [106/107]  eta: 0:00:00  entropy: 0.1381  uncertainty: 0.3852  uncertainty_coeffi: 0.0100  loss: 2.0907  lr: 0.000003  time: 0.1198  data: 0.0001  max mem: 2518
      TTA Epoch: [51] Total time: 0:00:12 (0.1203 s / it)
     Averaged stats: entropy: 0.2863  uncertainty: 0.5063  uncertainty_coeffi: 0.0100  loss: 2.3247  lr: 0.0000
     itm tta time 0:00:12
      TTA Epoch: [52] [  0/107]  eta: 0:00:57  entropy: 0.3640  uncertainty: 0.3770  uncertainty_coeffi: 0.0100  loss: 4.4895  lr: 0.000003  time: 0.5416  data: 0.3816  max mem: 2518
      TTA Epoch: [52] [100/107]  eta: 0:00:00  entropy: 0.4318  uncertainty: 0.4650  uncertainty_coeffi: 0.0100  loss: 2.9344  lr: 0.000003  time: 0.1233  data: 0.0001  max mem: 2518
      TTA Epoch: [52] [106/107]  eta: 0:00:00  entropy: 0.2176  uncertainty: 0.5032  uncertainty_coeffi: 0.0100  loss: 1.6417  lr: 0.000003  time: 0.1228  data: 0.0001  max mem: 2518
      TTA Epoch: [52] Total time: 0:00:12 (0.1210 s / it)
     Averaged stats: entropy: 0.2791  uncertainty: 0.5058  uncertainty_coeffi: 0.0100  loss: 2.2240  lr: 0.0000
     itm tta time 0:00:13
      TTA Epoch: [53] [  0/107]  eta: 0:00:51  entropy: 0.1116  uncertainty: 0.5789  uncertainty_coeffi: 0.0100  loss: 0.9539  lr: 0.000003  time: 0.4790  data: 0.3370  max mem: 2518
      TTA Epoch: [53] [100/107]  eta: 0:00:00  entropy: 0.2785  uncertainty: 0.4716  uncertainty_coeffi: 0.0100  loss: 2.5432  lr: 0.000002  time: 0.1262  data: 0.0005  max mem: 2518
      TTA Epoch: [53] [106/107]  eta: 0:00:00  entropy: 0.4705  uncertainty: 0.6808  uncertainty_coeffi: 0.0100  loss: 1.5688  lr: 0.000002  time: 0.1257  data: 0.0003  max mem: 2518
      TTA Epoch: [53] Total time: 0:00:13 (0.1260 s / it)
     Averaged stats: entropy: 0.2760  uncertainty: 0.5040  uncertainty_coeffi: 0.0100  loss: 2.2171  lr: 0.0000
     itm tta time 0:00:13
      TTA Epoch: [54] [  0/107]  eta: 0:00:51  entropy: 0.1338  uncertainty: 0.4172  uncertainty_coeffi: 0.0100  loss: 1.1468  lr: 0.000002  time: 0.4772  data: 0.3320  max mem: 2518
      TTA Epoch: [54] [100/107]  eta: 0:00:00  entropy: 0.1748  uncertainty: 0.6061  uncertainty_coeffi: 0.0100  loss: 1.5711  lr: 0.000002  time: 0.1259  data: 0.0003  max mem: 2518
      TTA Epoch: [54] [106/107]  eta: 0:00:00  entropy: 0.2792  uncertainty: 0.4801  uncertainty_coeffi: 0.0100  loss: 1.3240  lr: 0.000002  time: 0.1257  data: 0.0002  max mem: 2518
      TTA Epoch: [54] Total time: 0:00:13 (0.1294 s / it)
     Averaged stats: entropy: 0.2842  uncertainty: 0.5058  uncertainty_coeffi: 0.0100  loss: 2.2877  lr: 0.0000
     itm tta time 0:00:13
      TTA Epoch: [55] [  0/107]  eta: 0:00:55  entropy: 0.3881  uncertainty: 0.3279  uncertainty_coeffi: 0.0100  loss: 5.0014  lr: 0.000002  time: 0.5199  data: 0.3688  max mem: 2518
      TTA Epoch: [55] [100/107]  eta: 0:00:00  entropy: 0.6364  uncertainty: 0.4489  uncertainty_coeffi: 0.0100  loss: 6.6677  lr: 0.000002  time: 0.1253  data: 0.0001  max mem: 2518
      TTA Epoch: [55] [106/107]  eta: 0:00:00  entropy: 0.2477  uncertainty: 0.4705  uncertainty_coeffi: 0.0100  loss: 1.2924  lr: 0.000002  time: 0.1250  data: 0.0001  max mem: 2518
      TTA Epoch: [55] Total time: 0:00:13 (0.1292 s / it)
     Averaged stats: entropy: 0.2812  uncertainty: 0.5049  uncertainty_coeffi: 0.0100  loss: 2.2817  lr: 0.0000
     itm tta time 0:00:13
      TTA Epoch: [56] [  0/107]  eta: 0:00:50  entropy: 0.3101  uncertainty: 0.4604  uncertainty_coeffi: 0.0100  loss: 3.1096  lr: 0.000002  time: 0.4682  data: 0.3320  max mem: 2518
      TTA Epoch: [56] [100/107]  eta: 0:00:00  entropy: 0.2041  uncertainty: 0.5993  uncertainty_coeffi: 0.0100  loss: 3.4555  lr: 0.000001  time: 0.1260  data: 0.0005  max mem: 2518
      TTA Epoch: [56] [106/107]  eta: 0:00:00  entropy: 0.2154  uncertainty: 0.4203  uncertainty_coeffi: 0.0100  loss: 3.9901  lr: 0.000001  time: 0.1256  data: 0.0004  max mem: 2518
      TTA Epoch: [56] Total time: 0:00:13 (0.1294 s / it)
     Averaged stats: entropy: 0.2711  uncertainty: 0.5056  uncertainty_coeffi: 0.0100  loss: 2.1177  lr: 0.0000
     itm tta time 0:00:13
      TTA Epoch: [57] [  0/107]  eta: 0:01:03  entropy: 0.1869  uncertainty: 0.5264  uncertainty_coeffi: 0.0100  loss: 1.4188  lr: 0.000001  time: 0.5980  data: 0.4431  max mem: 2518
      TTA Epoch: [57] [100/107]  eta: 0:00:00  entropy: 0.2059  uncertainty: 0.5234  uncertainty_coeffi: 0.0100  loss: 1.1971  lr: 0.000001  time: 0.1258  data: 0.0003  max mem: 2518
      TTA Epoch: [57] [106/107]  eta: 0:00:00  entropy: 0.3107  uncertainty: 0.4606  uncertainty_coeffi: 0.0100  loss: 2.2923  lr: 0.000001  time: 0.1253  data: 0.0002  max mem: 2518
      TTA Epoch: [57] Total time: 0:00:13 (0.1303 s / it)
     Averaged stats: entropy: 0.2808  uncertainty: 0.5063  uncertainty_coeffi: 0.0100  loss: 2.3542  lr: 0.0000
     itm tta time 0:00:14
      TTA Epoch: [58] [  0/107]  eta: 0:00:57  entropy: 0.2791  uncertainty: 0.4664  uncertainty_coeffi: 0.0100  loss: 1.9779  lr: 0.000001  time: 0.5397  data: 0.3999  max mem: 2518
      TTA Epoch: [58] [100/107]  eta: 0:00:00  entropy: 0.2627  uncertainty: 0.5129  uncertainty_coeffi: 0.0100  loss: 2.6466  lr: 0.000001  time: 0.1260  data: 0.0005  max mem: 2518
      TTA Epoch: [58] [106/107]  eta: 0:00:00  entropy: 0.1909  uncertainty: 0.6288  uncertainty_coeffi: 0.0100  loss: 1.2970  lr: 0.000001  time: 0.1254  data: 0.0004  max mem: 2518
      TTA Epoch: [58] Total time: 0:00:13 (0.1298 s / it)
     Averaged stats: entropy: 0.2769  uncertainty: 0.5058  uncertainty_coeffi: 0.0100  loss: 2.0983  lr: 0.0000
     itm tta time 0:00:13
      TTA Epoch: [59] [  0/107]  eta: 0:00:52  entropy: 0.2797  uncertainty: 0.5172  uncertainty_coeffi: 0.0100  loss: 1.2008  lr: 0.000001  time: 0.4874  data: 0.3333  max mem: 2518
      TTA Epoch: [59] [100/107]  eta: 0:00:00  entropy: 0.3275  uncertainty: 0.5108  uncertainty_coeffi: 0.0100  loss: 1.1117  lr: 0.000000  time: 0.1259  data: 0.0002  max mem: 2518
      TTA Epoch: [59] [106/107]  eta: 0:00:00  entropy: 0.3868  uncertainty: 0.4934  uncertainty_coeffi: 0.0100  loss: 1.9908  lr: 0.000000  time: 0.1254  data: 0.0002  max mem: 2518
      TTA Epoch: [59] Total time: 0:00:13 (0.1292 s / it)
     Averaged stats: entropy: 0.2774  uncertainty: 0.5049  uncertainty_coeffi: 0.0100  loss: 2.4731  lr: 0.0000
     itm tta time 0:00:13
     Computing matching score
      Evaluation: [   0/1978]  eta: 0:04:12    time: 0.1274  data: 0.0040  max mem: 2518
      Evaluation: [ 100/1978]  eta: 0:04:01    time: 0.1277  data: 0.0000  max mem: 2518
      Evaluation: [ 200/1978]  eta: 0:03:48    time: 0.1283  data: 0.0000  max mem: 2518
      Evaluation: [ 300/1978]  eta: 0:03:35    time: 0.1291  data: 0.0000  max mem: 2518
      Evaluation: [ 400/1978]  eta: 0:03:22    time: 0.1295  data: 0.0000  max mem: 2518
      Evaluation: [ 500/1978]  eta: 0:03:09    time: 0.1297  data: 0.0000  max mem: 2518
      Evaluation: [ 600/1978]  eta: 0:02:57    time: 0.1280  data: 0.0000  max mem: 2518
      Evaluation: [ 700/1978]  eta: 0:02:44    time: 0.1303  data: 0.0000  max mem: 2518
      Evaluation: [ 800/1978]  eta: 0:02:32    time: 0.1325  data: 0.0000  max mem: 2518
      Evaluation: [ 900/1978]  eta: 0:02:19    time: 0.1290  data: 0.0000  max mem: 2518
      Evaluation: [1000/1978]  eta: 0:02:06    time: 0.1285  data: 0.0000  max mem: 2518
      Evaluation: [1100/1978]  eta: 0:01:53    time: 0.1299  data: 0.0000  max mem: 2518
      Evaluation: [1200/1978]  eta: 0:01:40    time: 0.1286  data: 0.0000  max mem: 2518
      Evaluation: [1300/1978]  eta: 0:01:26    time: 0.0994  data: 0.0000  max mem: 2518
      Evaluation: [1400/1978]  eta: 0:01:13    time: 0.1272  data: 0.0000  max mem: 2518
      Evaluation: [1500/1978]  eta: 0:01:00    time: 0.1273  data: 0.0000  max mem: 2518
      Evaluation: [1600/1978]  eta: 0:00:48    time: 0.1273  data: 0.0000  max mem: 2518
      Evaluation: [1700/1978]  eta: 0:00:35    time: 0.1188  data: 0.0000  max mem: 2518
      Evaluation: [1800/1978]  eta: 0:00:22    time: 0.1274  data: 0.0000  max mem: 2518
      Evaluation: [1900/1978]  eta: 0:00:09    time: 0.1272  data: 0.0000  max mem: 2518
      Evaluation: [1977/1978]  eta: 0:00:00    time: 0.1271  data: 0.0000  max mem: 2518
      Evaluation: Total time: 0:04:09 (0.1264 s / it)
     Computing matching score time 0:04:12
### TTA ITM Score: 
+-------+--------+--------+--------+--------+--------+
| epoch |   R1   |   R5   |  R10   |  mAP   |  mINP  |
+-------+--------+--------+--------+--------+--------+
|  -999 | 53.438 | 86.855 | 92.922 | 68.348 | 68.348 |
|  -999 | 72.700 | 97.776 | 99.090 | 84.322 | 84.322 |
|   0   | 72.801 | 97.927 | 99.090 | 84.389 | 84.389 |
|   1   | 73.205 | 97.978 | 99.090 | 84.627 | 84.627 |
|   2   | 73.458 | 98.028 | 99.090 | 84.779 | 84.779 |
|   4   | 74.216 | 97.877 | 99.090 | 85.118 | 85.118 |
|   9   | 74.166 | 97.978 | 98.837 | 85.099 | 85.099 |
|   14  | 74.671 | 97.978 | 98.888 | 85.335 | 85.335 |
|   19  | 74.368 | 97.927 | 98.837 | 85.156 | 85.156 |
|   29  | 74.115 | 97.877 | 98.837 | 85.026 | 85.026 |
|   39  | 73.964 | 97.877 | 98.787 | 84.957 | 84.957 |
|   49  | 73.862 | 97.877 | 98.787 | 84.902 | 84.902 |
|   59  | 74.014 | 97.877 | 98.787 | 84.986 | 84.986 |
+-------+--------+--------+--------+--------+--------+
     logs:  {'epo': 59, 'R1': 74.014, 'R5': 97.877, 'R10': 98.787, 'mAP': 84.986, 'mINP': 84.986, 'entropy': 0.277365, 'uncertainty': 0.504923, 'uncertainty_coeffi': 0.01, 'loss': 2.473066, 'lr': 0.0}
### best epoch 14 : {'epo': '14', 'R1': '74.671', 'R5': '97.978', 'R10': '98.888', 'mAP': '85.335', 'mINP': '85.335', 'entropy': '0.363317', 'uncertainty': '0.506953', 'uncertainty_coeffi': '0.01', 'loss': '3.538625', 'lr': '8.2e-05'}
### Time 1:00:05
NNODES,  1
NODE_RANK,  0
MASTER_ADDR,  127.0.0.1
MASTER_PORT,  1612
NPROC_PER_NODE,  2
task:  exp4.0.2
config:  configs_rerun5/exp4.0.2.yaml
output_dir:  output_rerun4/exp4.0.2/2025092215415
python3 tta.py --config configs_rerun5/exp4.0.2.yaml --task exp4.0.2 --output_dir output_rerun4/exp4.0.2/2025092215415 --checkpoint checkpoint/16m_base_model_state_step_199999.th --bs 0 --epo 0 --lr 0.0 --seed 42 --tta
