/home/user/yc57963/miniconda3/envs/cmp/lib/python3.10/site-packages/torch/utils/data/dataloader.py:627: UserWarning: This DataLoader will create 4 worker processes in total. Our suggested max number of worker in current system is 2, which is smaller than what this DataLoader is going to create. Please be aware that excessive worker creation might get DataLoader running slow or even freeze, lower the worker number to avoid potential slowness/freeze if necessary.
  warnings.warn(
/home/user/yc57963/miniconda3/envs/cmp/lib/python3.10/site-packages/torch/functional.py:554: UserWarning: torch.meshgrid: in an upcoming release, it will be required to pass the indexing argument. (Triggered internally at /pytorch/aten/src/ATen/native/TensorShape.cpp:4322.)
  return _VF.meshgrid(tensors, **kwargs)  # type: ignore[attr-defined]
Not using distributed mode
### Hyper-parameters:
     seed: 42
     device: cuda
     output_dir: output_rerun2/tta_exp6.3.1/2025091215433
     batch_size_tta: 16
     epochs: 30
     lr: 0.0001
### Creating test dataset
from data/PAB/annotation/test/attr.json loading 1978 data
     test dataset -->    be_pose_img: True
     test_dataset: 1978
### Creating test dataloader
### be careful: func create_loader returns a list length of 1
     test_loader: 90
### Creating model
build_vision_encoder: load swin 224 x 224 ====>
missing_keys:  []
unexpected_keys:  ['head.weight', 'head.bias']
/home/user/yc57963/task/CMP/eval.py:123: UserWarning: To copy construct from a tensor, it is recommended to use sourceTensor.detach().clone() or sourceTensor.detach().clone().requires_grad_(True), rather than torch.tensor(sourceTensor).
  similarity = torch.tensor(scores_t2i)
build_text_encoder: load bert ====>
missing_keys: ['bert.encoder.layer.10.crossattention.output.LayerNorm.bias', 'bert.encoder.layer.10.crossattention.output.LayerNorm.weight', 'bert.encoder.layer.10.crossattention.output.dense.bias', 'bert.encoder.layer.10.crossattention.output.dense.weight', 'bert.encoder.layer.10.crossattention.self.key.bias', 'bert.encoder.layer.10.crossattention.self.key.weight', 'bert.encoder.layer.10.crossattention.self.query.bias', 'bert.encoder.layer.10.crossattention.self.query.weight', 'bert.encoder.layer.10.crossattention.self.value.bias', 'bert.encoder.layer.10.crossattention.self.value.weight', 'bert.encoder.layer.11.crossattention.output.LayerNorm.bias', 'bert.encoder.layer.11.crossattention.output.LayerNorm.weight', 'bert.encoder.layer.11.crossattention.output.dense.bias', 'bert.encoder.layer.11.crossattention.output.dense.weight', 'bert.encoder.layer.11.crossattention.self.key.bias', 'bert.encoder.layer.11.crossattention.self.key.weight', 'bert.encoder.layer.11.crossattention.self.query.bias', 'bert.encoder.layer.11.crossattention.self.query.weight', 'bert.encoder.layer.11.crossattention.self.value.bias', 'bert.encoder.layer.11.crossattention.self.value.weight', 'bert.encoder.layer.6.crossattention.output.LayerNorm.bias', 'bert.encoder.layer.6.crossattention.output.LayerNorm.weight', 'bert.encoder.layer.6.crossattention.output.dense.bias', 'bert.encoder.layer.6.crossattention.output.dense.weight', 'bert.encoder.layer.6.crossattention.self.key.bias', 'bert.encoder.layer.6.crossattention.self.key.weight', 'bert.encoder.layer.6.crossattention.self.query.bias', 'bert.encoder.layer.6.crossattention.self.query.weight', 'bert.encoder.layer.6.crossattention.self.value.bias', 'bert.encoder.layer.6.crossattention.self.value.weight', 'bert.encoder.layer.7.crossattention.output.LayerNorm.bias', 'bert.encoder.layer.7.crossattention.output.LayerNorm.weight', 'bert.encoder.layer.7.crossattention.output.dense.bias', 'bert.encoder.layer.7.crossattention.output.dense.weight', 'bert.encoder.layer.7.crossattention.self.key.bias', 'bert.encoder.layer.7.crossattention.self.key.weight', 'bert.encoder.layer.7.crossattention.self.query.bias', 'bert.encoder.layer.7.crossattention.self.query.weight', 'bert.encoder.layer.7.crossattention.self.value.bias', 'bert.encoder.layer.7.crossattention.self.value.weight', 'bert.encoder.layer.8.crossattention.output.LayerNorm.bias', 'bert.encoder.layer.8.crossattention.output.LayerNorm.weight', 'bert.encoder.layer.8.crossattention.output.dense.bias', 'bert.encoder.layer.8.crossattention.output.dense.weight', 'bert.encoder.layer.8.crossattention.self.key.bias', 'bert.encoder.layer.8.crossattention.self.key.weight', 'bert.encoder.layer.8.crossattention.self.query.bias', 'bert.encoder.layer.8.crossattention.self.query.weight', 'bert.encoder.layer.8.crossattention.self.value.bias', 'bert.encoder.layer.8.crossattention.self.value.weight', 'bert.encoder.layer.9.crossattention.output.LayerNorm.bias', 'bert.encoder.layer.9.crossattention.output.LayerNorm.weight', 'bert.encoder.layer.9.crossattention.output.dense.bias', 'bert.encoder.layer.9.crossattention.output.dense.weight', 'bert.encoder.layer.9.crossattention.self.key.bias', 'bert.encoder.layer.9.crossattention.self.key.weight', 'bert.encoder.layer.9.crossattention.self.query.bias', 'bert.encoder.layer.9.crossattention.self.query.weight', 'bert.encoder.layer.9.crossattention.self.value.bias', 'bert.encoder.layer.9.crossattention.self.value.weight']
unexpected_keys: ['cls.seq_relationship.bias', 'cls.seq_relationship.weight']
mismatched_keys: []
error_msgs: []
Label Smooth: 0.2
pose_conv
load checkpoint from checkpoint/cmp.pth
missing_keys:  ['uncertainty_temper', 'prompt_learning_embedding']
unexpected_keys:  []
     Total Params Sum:  254268825
### Inference ITC similiarity matrix
### Zero-Shot ITC Score: 
+-------+--------+--------+--------+--------+--------+
| epoch |   R1   |   R5   |  R10   |  mAP   |  mINP  |
+-------+--------+--------+--------+--------+--------+
|  -999 | 69.414 | 95.197 | 97.776 | 81.233 | 81.233 |
+-------+--------+--------+--------+--------+--------+
### Zero-Shot Score: 
+-------+--------+--------+--------+--------+--------+
| epoch |   R1   |   R5   |  R10   |  mAP   |  mINP  |
+-------+--------+--------+--------+--------+--------+
|  -999 | 69.414 | 95.197 | 97.776 | 81.233 | 81.233 |
|  -999 | 69.414 | 95.197 | 97.776 | 81.233 | 81.233 |
|  -999 | 84.277 | 99.039 | 99.596 | 91.276 | 91.276 |
+-------+--------+--------+--------+--------+--------+
### TTA:
     preprocess_tta_coefficients  start
     sample selection ...
     number of sample after sample_selection: 1978
     uncertainty ...
     preprocess_tta_coefficients  end
### Creating tta dataset
     tta_dataset: 1978
### Creating tta dataloader
### be careful: func create_loader returns a list length of 1
     tta_loader: 123
### Configure adapted weights
     TTA Dropout Modules: 
 [('vision_encoder.pos_drop', Dropout(p=0, inplace=False), True), ('vision_encoder.layers.0.blocks.0.attn.attn_drop', Dropout(p=0.0, inplace=False), True), ('vision_encoder.layers.0.blocks.0.attn.proj_drop', Dropout(p=0, inplace=False), True), ('vision_encoder.layers.0.blocks.0.mlp.drop', Dropout(p=0, inplace=False), True), ('vision_encoder.layers.0.blocks.1.attn.attn_drop', Dropout(p=0.0, inplace=False), True), ('vision_encoder.layers.0.blocks.1.attn.proj_drop', Dropout(p=0, inplace=False), True), ('vision_encoder.layers.0.blocks.1.mlp.drop', Dropout(p=0, inplace=False), True), ('vision_encoder.layers.1.blocks.0.attn.attn_drop', Dropout(p=0.0, inplace=False), True), ('vision_encoder.layers.1.blocks.0.attn.proj_drop', Dropout(p=0, inplace=False), True), ('vision_encoder.layers.1.blocks.0.mlp.drop', Dropout(p=0, inplace=False), True), ('vision_encoder.layers.1.blocks.1.attn.attn_drop', Dropout(p=0.0, inplace=False), True), ('vision_encoder.layers.1.blocks.1.attn.proj_drop', Dropout(p=0, inplace=False), True), ('vision_encoder.layers.1.blocks.1.mlp.drop', Dropout(p=0, inplace=False), True), ('vision_encoder.layers.2.blocks.0.attn.attn_drop', Dropout(p=0.0, inplace=False), True), ('vision_encoder.layers.2.blocks.0.attn.proj_drop', Dropout(p=0, inplace=False), True), ('vision_encoder.layers.2.blocks.0.mlp.drop', Dropout(p=0, inplace=False), True), ('vision_encoder.layers.2.blocks.1.attn.attn_drop', Dropout(p=0.0, inplace=False), True), ('vision_encoder.layers.2.blocks.1.attn.proj_drop', Dropout(p=0, inplace=False), True), ('vision_encoder.layers.2.blocks.1.mlp.drop', Dropout(p=0, inplace=False), True), ('vision_encoder.layers.2.blocks.2.attn.attn_drop', Dropout(p=0.0, inplace=False), True), ('vision_encoder.layers.2.blocks.2.attn.proj_drop', Dropout(p=0, inplace=False), True), ('vision_encoder.layers.2.blocks.2.mlp.drop', Dropout(p=0, inplace=False), True), ('vision_encoder.layers.2.blocks.3.attn.attn_drop', Dropout(p=0.0, inplace=False), True), ('vision_encoder.layers.2.blocks.3.attn.proj_drop', Dropout(p=0, inplace=False), True), ('vision_encoder.layers.2.blocks.3.mlp.drop', Dropout(p=0, inplace=False), True), ('vision_encoder.layers.2.blocks.4.attn.attn_drop', Dropout(p=0.0, inplace=False), True), ('vision_encoder.layers.2.blocks.4.attn.proj_drop', Dropout(p=0, inplace=False), True), ('vision_encoder.layers.2.blocks.4.mlp.drop', Dropout(p=0, inplace=False), True), ('vision_encoder.layers.2.blocks.5.attn.attn_drop', Dropout(p=0.0, inplace=False), True), ('vision_encoder.layers.2.blocks.5.attn.proj_drop', Dropout(p=0, inplace=False), True), ('vision_encoder.layers.2.blocks.5.mlp.drop', Dropout(p=0, inplace=False), True), ('vision_encoder.layers.2.blocks.6.attn.attn_drop', Dropout(p=0.0, inplace=False), True), ('vision_encoder.layers.2.blocks.6.attn.proj_drop', Dropout(p=0, inplace=False), True), ('vision_encoder.layers.2.blocks.6.mlp.drop', Dropout(p=0, inplace=False), True), ('vision_encoder.layers.2.blocks.7.attn.attn_drop', Dropout(p=0.0, inplace=False), True), ('vision_encoder.layers.2.blocks.7.attn.proj_drop', Dropout(p=0, inplace=False), True), ('vision_encoder.layers.2.blocks.7.mlp.drop', Dropout(p=0, inplace=False), True), ('vision_encoder.layers.2.blocks.8.attn.attn_drop', Dropout(p=0.0, inplace=False), True), ('vision_encoder.layers.2.blocks.8.attn.proj_drop', Dropout(p=0, inplace=False), True), ('vision_encoder.layers.2.blocks.8.mlp.drop', Dropout(p=0, inplace=False), True), ('vision_encoder.layers.2.blocks.9.attn.attn_drop', Dropout(p=0.0, inplace=False), True), ('vision_encoder.layers.2.blocks.9.attn.proj_drop', Dropout(p=0, inplace=False), True), ('vision_encoder.layers.2.blocks.9.mlp.drop', Dropout(p=0, inplace=False), True), ('vision_encoder.layers.2.blocks.10.attn.attn_drop', Dropout(p=0.0, inplace=False), True), ('vision_encoder.layers.2.blocks.10.attn.proj_drop', Dropout(p=0, inplace=False), True), ('vision_encoder.layers.2.blocks.10.mlp.drop', Dropout(p=0, inplace=False), True), ('vision_encoder.layers.2.blocks.11.attn.attn_drop', Dropout(p=0.0, inplace=False), True), ('vision_encoder.layers.2.blocks.11.attn.proj_drop', Dropout(p=0, inplace=False), True), ('vision_encoder.layers.2.blocks.11.mlp.drop', Dropout(p=0, inplace=False), True), ('vision_encoder.layers.2.blocks.12.attn.attn_drop', Dropout(p=0.0, inplace=False), True), ('vision_encoder.layers.2.blocks.12.attn.proj_drop', Dropout(p=0, inplace=False), True), ('vision_encoder.layers.2.blocks.12.mlp.drop', Dropout(p=0, inplace=False), True), ('vision_encoder.layers.2.blocks.13.attn.attn_drop', Dropout(p=0.0, inplace=False), True), ('vision_encoder.layers.2.blocks.13.attn.proj_drop', Dropout(p=0, inplace=False), True), ('vision_encoder.layers.2.blocks.13.mlp.drop', Dropout(p=0, inplace=False), True), ('vision_encoder.layers.2.blocks.14.attn.attn_drop', Dropout(p=0.0, inplace=False), True), ('vision_encoder.layers.2.blocks.14.attn.proj_drop', Dropout(p=0, inplace=False), True), ('vision_encoder.layers.2.blocks.14.mlp.drop', Dropout(p=0, inplace=False), True), ('vision_encoder.layers.2.blocks.15.attn.attn_drop', Dropout(p=0.0, inplace=False), True), ('vision_encoder.layers.2.blocks.15.attn.proj_drop', Dropout(p=0, inplace=False), True), ('vision_encoder.layers.2.blocks.15.mlp.drop', Dropout(p=0, inplace=False), True), ('vision_encoder.layers.2.blocks.16.attn.attn_drop', Dropout(p=0.0, inplace=False), True), ('vision_encoder.layers.2.blocks.16.attn.proj_drop', Dropout(p=0, inplace=False), True), ('vision_encoder.layers.2.blocks.16.mlp.drop', Dropout(p=0, inplace=False), True), ('vision_encoder.layers.2.blocks.17.attn.attn_drop', Dropout(p=0.0, inplace=False), True), ('vision_encoder.layers.2.blocks.17.attn.proj_drop', Dropout(p=0, inplace=False), True), ('vision_encoder.layers.2.blocks.17.mlp.drop', Dropout(p=0, inplace=False), True), ('vision_encoder.layers.3.blocks.0.attn.attn_drop', Dropout(p=0.0, inplace=False), True), ('vision_encoder.layers.3.blocks.0.attn.proj_drop', Dropout(p=0, inplace=False), True), ('vision_encoder.layers.3.blocks.0.mlp.drop', Dropout(p=0, inplace=False), True), ('vision_encoder.layers.3.blocks.1.attn.attn_drop', Dropout(p=0.0, inplace=False), True), ('vision_encoder.layers.3.blocks.1.attn.proj_drop', Dropout(p=0, inplace=False), True), ('vision_encoder.layers.3.blocks.1.mlp.drop', Dropout(p=0, inplace=False), True), ('text_encoder.bert.embeddings.dropout', Dropout(p=0.1, inplace=False), True), ('text_encoder.bert.encoder.layer.0.attention.self.dropout', Dropout(p=0.1, inplace=False), True), ('text_encoder.bert.encoder.layer.0.attention.output.dropout', Dropout(p=0.1, inplace=False), True), ('text_encoder.bert.encoder.layer.0.output.dropout', Dropout(p=0.1, inplace=False), True), ('text_encoder.bert.encoder.layer.1.attention.self.dropout', Dropout(p=0.1, inplace=False), True), ('text_encoder.bert.encoder.layer.1.attention.output.dropout', Dropout(p=0.1, inplace=False), True), ('text_encoder.bert.encoder.layer.1.output.dropout', Dropout(p=0.1, inplace=False), True), ('text_encoder.bert.encoder.layer.2.attention.self.dropout', Dropout(p=0.1, inplace=False), True), ('text_encoder.bert.encoder.layer.2.attention.output.dropout', Dropout(p=0.1, inplace=False), True), ('text_encoder.bert.encoder.layer.2.output.dropout', Dropout(p=0.1, inplace=False), True), ('text_encoder.bert.encoder.layer.3.attention.self.dropout', Dropout(p=0.1, inplace=False), True), ('text_encoder.bert.encoder.layer.3.attention.output.dropout', Dropout(p=0.1, inplace=False), True), ('text_encoder.bert.encoder.layer.3.output.dropout', Dropout(p=0.1, inplace=False), True), ('text_encoder.bert.encoder.layer.4.attention.self.dropout', Dropout(p=0.1, inplace=False), True), ('text_encoder.bert.encoder.layer.4.attention.output.dropout', Dropout(p=0.1, inplace=False), True), ('text_encoder.bert.encoder.layer.4.output.dropout', Dropout(p=0.1, inplace=False), True), ('text_encoder.bert.encoder.layer.5.attention.self.dropout', Dropout(p=0.1, inplace=False), True), ('text_encoder.bert.encoder.layer.5.attention.output.dropout', Dropout(p=0.1, inplace=False), True), ('text_encoder.bert.encoder.layer.5.output.dropout', Dropout(p=0.1, inplace=False), True), ('text_encoder.bert.encoder.layer.6.attention.self.dropout', Dropout(p=0.1, inplace=False), True), ('text_encoder.bert.encoder.layer.6.attention.output.dropout', Dropout(p=0.1, inplace=False), True), ('text_encoder.bert.encoder.layer.6.crossattention.self.dropout', Dropout(p=0.1, inplace=False), True), ('text_encoder.bert.encoder.layer.6.crossattention.output.dropout', Dropout(p=0.1, inplace=False), True), ('text_encoder.bert.encoder.layer.6.output.dropout', Dropout(p=0.1, inplace=False), True), ('text_encoder.bert.encoder.layer.7.attention.self.dropout', Dropout(p=0.1, inplace=False), True), ('text_encoder.bert.encoder.layer.7.attention.output.dropout', Dropout(p=0.1, inplace=False), True), ('text_encoder.bert.encoder.layer.7.crossattention.self.dropout', Dropout(p=0.1, inplace=False), True), ('text_encoder.bert.encoder.layer.7.crossattention.output.dropout', Dropout(p=0.1, inplace=False), True), ('text_encoder.bert.encoder.layer.7.output.dropout', Dropout(p=0.1, inplace=False), True), ('text_encoder.bert.encoder.layer.8.attention.self.dropout', Dropout(p=0.1, inplace=False), True), ('text_encoder.bert.encoder.layer.8.attention.output.dropout', Dropout(p=0.1, inplace=False), True), ('text_encoder.bert.encoder.layer.8.crossattention.self.dropout', Dropout(p=0.1, inplace=False), True), ('text_encoder.bert.encoder.layer.8.crossattention.output.dropout', Dropout(p=0.1, inplace=False), True), ('text_encoder.bert.encoder.layer.8.output.dropout', Dropout(p=0.1, inplace=False), True), ('text_encoder.bert.encoder.layer.9.attention.self.dropout', Dropout(p=0.1, inplace=False), True), ('text_encoder.bert.encoder.layer.9.attention.output.dropout', Dropout(p=0.1, inplace=False), True), ('text_encoder.bert.encoder.layer.9.crossattention.self.dropout', Dropout(p=0.1, inplace=False), True), ('text_encoder.bert.encoder.layer.9.crossattention.output.dropout', Dropout(p=0.1, inplace=False), True), ('text_encoder.bert.encoder.layer.9.output.dropout', Dropout(p=0.1, inplace=False), True), ('text_encoder.bert.encoder.layer.10.attention.self.dropout', Dropout(p=0.1, inplace=False), True), ('text_encoder.bert.encoder.layer.10.attention.output.dropout', Dropout(p=0.1, inplace=False), True), ('text_encoder.bert.encoder.layer.10.crossattention.self.dropout', Dropout(p=0.1, inplace=False), True), ('text_encoder.bert.encoder.layer.10.crossattention.output.dropout', Dropout(p=0.1, inplace=False), True), ('text_encoder.bert.encoder.layer.10.output.dropout', Dropout(p=0.1, inplace=False), True), ('text_encoder.bert.encoder.layer.11.attention.self.dropout', Dropout(p=0.1, inplace=False), True), ('text_encoder.bert.encoder.layer.11.attention.output.dropout', Dropout(p=0.1, inplace=False), True), ('text_encoder.bert.encoder.layer.11.crossattention.self.dropout', Dropout(p=0.1, inplace=False), True), ('text_encoder.bert.encoder.layer.11.crossattention.output.dropout', Dropout(p=0.1, inplace=False), True), ('text_encoder.bert.encoder.layer.11.output.dropout', Dropout(p=0.1, inplace=False), True), ('vision_proj.1', Dropout(p=0.5, inplace=False), True), ('text_proj.1', Dropout(p=0.5, inplace=False), True), ('pose_block.attn.attn_drop', Dropout(p=0.0, inplace=False), True), ('pose_block.attn.proj_drop', Dropout(p=0.0, inplace=False), True)]
     TTA Require Gradient Params: 
 [('prompt_learning_embedding', torch.Size([1, 6, 768])), ('text_encoder.bert.embeddings.LayerNorm.weight', torch.Size([768])), ('text_encoder.bert.embeddings.LayerNorm.bias', torch.Size([768])), ('text_encoder.bert.encoder.layer.6.attention.output.LayerNorm.weight', torch.Size([768])), ('text_encoder.bert.encoder.layer.6.attention.output.LayerNorm.bias', torch.Size([768])), ('text_encoder.bert.encoder.layer.6.crossattention.output.LayerNorm.weight', torch.Size([768])), ('text_encoder.bert.encoder.layer.6.crossattention.output.LayerNorm.bias', torch.Size([768])), ('text_encoder.bert.encoder.layer.6.output.LayerNorm.weight', torch.Size([768])), ('text_encoder.bert.encoder.layer.6.output.LayerNorm.bias', torch.Size([768])), ('text_encoder.bert.encoder.layer.7.attention.output.LayerNorm.weight', torch.Size([768])), ('text_encoder.bert.encoder.layer.7.attention.output.LayerNorm.bias', torch.Size([768])), ('text_encoder.bert.encoder.layer.7.crossattention.output.LayerNorm.weight', torch.Size([768])), ('text_encoder.bert.encoder.layer.7.crossattention.output.LayerNorm.bias', torch.Size([768])), ('text_encoder.bert.encoder.layer.7.output.LayerNorm.weight', torch.Size([768])), ('text_encoder.bert.encoder.layer.7.output.LayerNorm.bias', torch.Size([768])), ('text_encoder.bert.encoder.layer.8.attention.output.LayerNorm.weight', torch.Size([768])), ('text_encoder.bert.encoder.layer.8.attention.output.LayerNorm.bias', torch.Size([768])), ('text_encoder.bert.encoder.layer.8.crossattention.output.LayerNorm.weight', torch.Size([768])), ('text_encoder.bert.encoder.layer.8.crossattention.output.LayerNorm.bias', torch.Size([768])), ('text_encoder.bert.encoder.layer.8.output.LayerNorm.weight', torch.Size([768])), ('text_encoder.bert.encoder.layer.8.output.LayerNorm.bias', torch.Size([768])), ('text_encoder.bert.encoder.layer.9.attention.output.LayerNorm.weight', torch.Size([768])), ('text_encoder.bert.encoder.layer.9.attention.output.LayerNorm.bias', torch.Size([768])), ('text_encoder.bert.encoder.layer.9.crossattention.output.LayerNorm.weight', torch.Size([768])), ('text_encoder.bert.encoder.layer.9.crossattention.output.LayerNorm.bias', torch.Size([768])), ('text_encoder.bert.encoder.layer.9.output.LayerNorm.weight', torch.Size([768])), ('text_encoder.bert.encoder.layer.9.output.LayerNorm.bias', torch.Size([768])), ('text_encoder.bert.encoder.layer.10.attention.output.LayerNorm.weight', torch.Size([768])), ('text_encoder.bert.encoder.layer.10.attention.output.LayerNorm.bias', torch.Size([768])), ('text_encoder.bert.encoder.layer.10.crossattention.output.LayerNorm.weight', torch.Size([768])), ('text_encoder.bert.encoder.layer.10.crossattention.output.LayerNorm.bias', torch.Size([768])), ('text_encoder.bert.encoder.layer.10.output.LayerNorm.weight', torch.Size([768])), ('text_encoder.bert.encoder.layer.10.output.LayerNorm.bias', torch.Size([768])), ('text_encoder.bert.encoder.layer.11.attention.output.LayerNorm.weight', torch.Size([768])), ('text_encoder.bert.encoder.layer.11.attention.output.LayerNorm.bias', torch.Size([768])), ('text_encoder.bert.encoder.layer.11.crossattention.output.LayerNorm.weight', torch.Size([768])), ('text_encoder.bert.encoder.layer.11.crossattention.output.LayerNorm.bias', torch.Size([768])), ('text_encoder.bert.encoder.layer.11.output.LayerNorm.weight', torch.Size([768])), ('text_encoder.bert.encoder.layer.11.output.LayerNorm.bias', torch.Size([768])), ('text_encoder.cls.predictions.transform.LayerNorm.weight', torch.Size([768])), ('text_encoder.cls.predictions.transform.LayerNorm.bias', torch.Size([768])), ('itm_head.1.weight', torch.Size([1536])), ('itm_head.1.bias', torch.Size([1536]))]
     TTA Dropout Modules Number: 
 126
     TTA Require Gradient Params Sum: 
 38400
     lr:  0.0001    lr_mult:  2
     model has 'init_params',  385
     num_tta_steps:  3720
     num_warmup_steps:  100
     sched: step
/home/user/yc57963/task/CMP/tta.py:213: FutureWarning: `torch.cuda.amp.GradScaler(args...)` is deprecated. Please use `torch.amp.GradScaler('cuda', args...)` instead.
  scaler = GradScaler()  # bf16
### Start ITM Test Time Adaptation
      TTA Epoch: [0] [  0/123]  eta: 0:02:17  lr: 0.000001  entropy: 0.5639  loss: 0.5639  entr_unc: 0.5639  uncertainty: 1.0000  uncertainty_multiply_coeffi: 1.0000  time: 1.1142  data: 0.5036  max mem: 2915
      TTA Epoch: [0] [100/123]  eta: 0:00:01  lr: 0.000100  entropy: 0.5754  loss: 0.5754  entr_unc: 0.5754  uncertainty: 1.0000  uncertainty_multiply_coeffi: 1.0000  time: 0.0596  data: 0.0033  max mem: 2942
      TTA Epoch: [0] [122/123]  eta: 0:00:00  lr: 0.000099  entropy: 0.2572  loss: 0.2572  entr_unc: 0.2572  uncertainty: 1.0000  uncertainty_multiply_coeffi: 1.0000  time: 0.0494  data: 0.0037  max mem: 2942
      TTA Epoch: [0] Total time: 0:00:08 (0.0665 s / it)
     Averaged stats: lr: 0.0001  entropy: 0.3947  loss: 0.3947  entr_unc: 0.3947  uncertainty: 1.0000  uncertainty_multiply_coeffi: 1.0000
     itm tta time 0:00:08
     Computing matching score
      Evaluation: [   0/1978]  eta: 0:09:35    time: 0.2912  data: 0.1720  max mem: 2942
      Evaluation: [ 100/1978]  eta: 0:02:16    time: 0.0699  data: 0.0000  max mem: 2942
      Evaluation: [ 200/1978]  eta: 0:02:06    time: 0.0700  data: 0.0000  max mem: 2942
      Evaluation: [ 300/1978]  eta: 0:01:59    time: 0.0709  data: 0.0000  max mem: 2942
      Evaluation: [ 400/1978]  eta: 0:01:51    time: 0.0704  data: 0.0000  max mem: 2942
      Evaluation: [ 500/1978]  eta: 0:01:44    time: 0.0705  data: 0.0000  max mem: 2942
      Evaluation: [ 600/1978]  eta: 0:01:37    time: 0.0704  data: 0.0000  max mem: 2942
      Evaluation: [ 700/1978]  eta: 0:01:30    time: 0.0706  data: 0.0000  max mem: 2942
      Evaluation: [ 800/1978]  eta: 0:01:23    time: 0.0705  data: 0.0000  max mem: 2942
      Evaluation: [ 900/1978]  eta: 0:01:16    time: 0.0705  data: 0.0000  max mem: 2942
      Evaluation: [1000/1978]  eta: 0:01:09    time: 0.0705  data: 0.0000  max mem: 2942
      Evaluation: [1100/1978]  eta: 0:01:02    time: 0.0704  data: 0.0000  max mem: 2942
      Evaluation: [1200/1978]  eta: 0:00:54    time: 0.0705  data: 0.0000  max mem: 2942
      Evaluation: [1300/1978]  eta: 0:00:47    time: 0.0704  data: 0.0000  max mem: 2942
      Evaluation: [1400/1978]  eta: 0:00:40    time: 0.0710  data: 0.0000  max mem: 2942
      Evaluation: [1500/1978]  eta: 0:00:33    time: 0.0708  data: 0.0000  max mem: 2942
      Evaluation: [1600/1978]  eta: 0:00:26    time: 0.0704  data: 0.0000  max mem: 2942
      Evaluation: [1700/1978]  eta: 0:00:19    time: 0.0705  data: 0.0000  max mem: 2942
      Evaluation: [1800/1978]  eta: 0:00:12    time: 0.0704  data: 0.0000  max mem: 2942
      Evaluation: [1900/1978]  eta: 0:00:05    time: 0.0705  data: 0.0000  max mem: 2942
      Evaluation: [1977/1978]  eta: 0:00:00    time: 0.0705  data: 0.0000  max mem: 2942
      Evaluation: Total time: 0:02:19 (0.0707 s / it)
     Computing matching score time 0:02:20
### TTA ITM Score: 
+-------+--------+--------+--------+--------+--------+
| epoch |   R1   |   R5   |  R10   |  mAP   |  mINP  |
+-------+--------+--------+--------+--------+--------+
|  -999 | 69.414 | 95.197 | 97.776 | 81.233 | 81.233 |
|  -999 | 69.414 | 95.197 | 97.776 | 81.233 | 81.233 |
|  -999 | 84.277 | 99.039 | 99.596 | 91.276 | 91.276 |
|   0   | 84.631 | 98.837 | 99.494 | 91.358 | 91.358 |
+-------+--------+--------+--------+--------+--------+
     logs:  {'epo': 0, 'R1': 84.631, 'R5': 98.837, 'R10': 99.494, 'mAP': 91.358, 'mINP': 91.358, 'lr': 6e-05, 'entropy': 0.394652, 'loss': 0.394652, 'entr_unc': 0.394652, 'uncertainty': 1.0, 'uncertainty_multiply_coeffi': 1.0}
      TTA Epoch: [1] [  0/123]  eta: 0:01:01  lr: 0.000099  entropy: 0.4855  loss: 0.4855  entr_unc: 0.4855  uncertainty: 1.0000  uncertainty_multiply_coeffi: 1.0000  time: 0.4989  data: 0.3482  max mem: 2942
      TTA Epoch: [1] [100/123]  eta: 0:00:01  lr: 0.000097  entropy: 0.2746  loss: 0.2746  entr_unc: 0.2746  uncertainty: 1.0000  uncertainty_multiply_coeffi: 1.0000  time: 0.0605  data: 0.0045  max mem: 2942
      TTA Epoch: [1] [122/123]  eta: 0:00:00  lr: 0.000096  entropy: 0.3748  loss: 0.3748  entr_unc: 0.3748  uncertainty: 1.0000  uncertainty_multiply_coeffi: 1.0000  time: 0.0491  data: 0.0029  max mem: 2942
      TTA Epoch: [1] Total time: 0:00:07 (0.0623 s / it)
     Averaged stats: lr: 0.0001  entropy: 0.3120  loss: 0.3120  entr_unc: 0.3120  uncertainty: 1.0000  uncertainty_multiply_coeffi: 1.0000
     itm tta time 0:00:07
     Computing matching score
      Evaluation: [   0/1978]  eta: 0:02:28    time: 0.0749  data: 0.0033  max mem: 2942
      Evaluation: [ 100/1978]  eta: 0:02:12    time: 0.0703  data: 0.0000  max mem: 2942
      Evaluation: [ 200/1978]  eta: 0:02:05    time: 0.0705  data: 0.0000  max mem: 2942
      Evaluation: [ 300/1978]  eta: 0:01:58    time: 0.0704  data: 0.0000  max mem: 2942
      Evaluation: [ 400/1978]  eta: 0:01:51    time: 0.0703  data: 0.0000  max mem: 2942
      Evaluation: [ 500/1978]  eta: 0:01:44    time: 0.0702  data: 0.0000  max mem: 2942
      Evaluation: [ 600/1978]  eta: 0:01:37    time: 0.0707  data: 0.0000  max mem: 2942
      Evaluation: [ 700/1978]  eta: 0:01:29    time: 0.0705  data: 0.0000  max mem: 2942
      Evaluation: [ 800/1978]  eta: 0:01:22    time: 0.0704  data: 0.0000  max mem: 2942
      Evaluation: [ 900/1978]  eta: 0:01:15    time: 0.0702  data: 0.0000  max mem: 2942
      Evaluation: [1000/1978]  eta: 0:01:08    time: 0.0702  data: 0.0000  max mem: 2942
      Evaluation: [1100/1978]  eta: 0:01:01    time: 0.0704  data: 0.0000  max mem: 2942
      Evaluation: [1200/1978]  eta: 0:00:54    time: 0.0704  data: 0.0000  max mem: 2942
      Evaluation: [1300/1978]  eta: 0:00:47    time: 0.0703  data: 0.0000  max mem: 2942
      Evaluation: [1400/1978]  eta: 0:00:40    time: 0.0706  data: 0.0000  max mem: 2942
      Evaluation: [1500/1978]  eta: 0:00:33    time: 0.0703  data: 0.0000  max mem: 2942
      Evaluation: [1600/1978]  eta: 0:00:26    time: 0.0704  data: 0.0000  max mem: 2942
      Evaluation: [1700/1978]  eta: 0:00:19    time: 0.0702  data: 0.0000  max mem: 2942
      Evaluation: [1800/1978]  eta: 0:00:12    time: 0.0705  data: 0.0000  max mem: 2942
      Evaluation: [1900/1978]  eta: 0:00:05    time: 0.0704  data: 0.0000  max mem: 2942
      Evaluation: [1977/1978]  eta: 0:00:00    time: 0.0705  data: 0.0000  max mem: 2942
      Evaluation: Total time: 0:02:19 (0.0704 s / it)
     Computing matching score time 0:02:19
### TTA ITM Score: 
+-------+--------+--------+--------+--------+--------+
| epoch |   R1   |   R5   |  R10   |  mAP   |  mINP  |
+-------+--------+--------+--------+--------+--------+
|  -999 | 69.414 | 95.197 | 97.776 | 81.233 | 81.233 |
|  -999 | 69.414 | 95.197 | 97.776 | 81.233 | 81.233 |
|  -999 | 84.277 | 99.039 | 99.596 | 91.276 | 91.276 |
|   0   | 84.631 | 98.837 | 99.494 | 91.358 | 91.358 |
|   1   | 84.833 | 98.888 | 99.494 | 91.487 | 91.487 |
+-------+--------+--------+--------+--------+--------+
     logs:  {'epo': 1, 'R1': 84.833, 'R5': 98.888, 'R10': 99.494, 'mAP': 91.487, 'mINP': 91.487, 'lr': 9.8e-05, 'entropy': 0.312042, 'loss': 0.312042, 'entr_unc': 0.312042, 'uncertainty': 1.0, 'uncertainty_multiply_coeffi': 1.0}
      TTA Epoch: [2] [  0/123]  eta: 0:00:54  lr: 0.000096  entropy: 0.1953  loss: 0.1953  entr_unc: 0.1953  uncertainty: 1.0000  uncertainty_multiply_coeffi: 1.0000  time: 0.4411  data: 0.3007  max mem: 2942
      TTA Epoch: [2] [100/123]  eta: 0:00:01  lr: 0.000093  entropy: 0.2155  loss: 0.2155  entr_unc: 0.2155  uncertainty: 1.0000  uncertainty_multiply_coeffi: 1.0000  time: 0.0608  data: 0.0045  max mem: 2942
      TTA Epoch: [2] [122/123]  eta: 0:00:00  lr: 0.000093  entropy: 0.1223  loss: 0.1223  entr_unc: 0.1223  uncertainty: 1.0000  uncertainty_multiply_coeffi: 1.0000  time: 0.0488  data: 0.0025  max mem: 2942
      TTA Epoch: [2] Total time: 0:00:07 (0.0622 s / it)
     Averaged stats: lr: 0.0001  entropy: 0.2685  loss: 0.2685  entr_unc: 0.2685  uncertainty: 1.0000  uncertainty_multiply_coeffi: 1.0000
     itm tta time 0:00:07
     Computing matching score
      Evaluation: [   0/1978]  eta: 0:02:28    time: 0.0749  data: 0.0035  max mem: 2942
      Evaluation: [ 100/1978]  eta: 0:02:12    time: 0.0704  data: 0.0000  max mem: 2942
      Evaluation: [ 200/1978]  eta: 0:02:05    time: 0.0705  data: 0.0000  max mem: 2942
      Evaluation: [ 300/1978]  eta: 0:01:58    time: 0.0704  data: 0.0000  max mem: 2942
      Evaluation: [ 400/1978]  eta: 0:01:51    time: 0.0703  data: 0.0000  max mem: 2942
      Evaluation: [ 500/1978]  eta: 0:01:44    time: 0.0704  data: 0.0000  max mem: 2942
      Evaluation: [ 600/1978]  eta: 0:01:37    time: 0.0705  data: 0.0000  max mem: 2942
      Evaluation: [ 700/1978]  eta: 0:01:29    time: 0.0704  data: 0.0000  max mem: 2942
      Evaluation: [ 800/1978]  eta: 0:01:22    time: 0.0704  data: 0.0000  max mem: 2942
      Evaluation: [ 900/1978]  eta: 0:01:15    time: 0.0705  data: 0.0000  max mem: 2942
      Evaluation: [1000/1978]  eta: 0:01:08    time: 0.0705  data: 0.0000  max mem: 2942
      Evaluation: [1100/1978]  eta: 0:01:01    time: 0.0705  data: 0.0000  max mem: 2942
      Evaluation: [1200/1978]  eta: 0:00:54    time: 0.0705  data: 0.0000  max mem: 2942
      Evaluation: [1300/1978]  eta: 0:00:47    time: 0.0704  data: 0.0000  max mem: 2942
      Evaluation: [1400/1978]  eta: 0:00:40    time: 0.0704  data: 0.0000  max mem: 2942
      Evaluation: [1500/1978]  eta: 0:00:33    time: 0.0710  data: 0.0000  max mem: 2942
      Evaluation: [1600/1978]  eta: 0:00:26    time: 0.0704  data: 0.0000  max mem: 2942
      Evaluation: [1700/1978]  eta: 0:00:19    time: 0.0705  data: 0.0000  max mem: 2942
      Evaluation: [1800/1978]  eta: 0:00:12    time: 0.0704  data: 0.0000  max mem: 2942
      Evaluation: [1900/1978]  eta: 0:00:05    time: 0.0704  data: 0.0000  max mem: 2942
      Evaluation: [1977/1978]  eta: 0:00:00    time: 0.0704  data: 0.0000  max mem: 2942
      Evaluation: Total time: 0:02:19 (0.0705 s / it)
     Computing matching score time 0:02:19
### TTA ITM Score: 
+-------+--------+--------+--------+--------+--------+
| epoch |   R1   |   R5   |  R10   |  mAP   |  mINP  |
+-------+--------+--------+--------+--------+--------+
|  -999 | 69.414 | 95.197 | 97.776 | 81.233 | 81.233 |
|  -999 | 69.414 | 95.197 | 97.776 | 81.233 | 81.233 |
|  -999 | 84.277 | 99.039 | 99.596 | 91.276 | 91.276 |
|   0   | 84.631 | 98.837 | 99.494 | 91.358 | 91.358 |
|   1   | 84.833 | 98.888 | 99.494 | 91.487 | 91.487 |
|   2   | 84.884 | 98.837 | 99.393 | 91.510 | 91.510 |
+-------+--------+--------+--------+--------+--------+
     logs:  {'epo': 2, 'R1': 84.884, 'R5': 98.837, 'R10': 99.393, 'mAP': 91.51, 'mINP': 91.51, 'lr': 9.4e-05, 'entropy': 0.268533, 'loss': 0.268533, 'entr_unc': 0.268533, 'uncertainty': 1.0, 'uncertainty_multiply_coeffi': 1.0}
      TTA Epoch: [3] [  0/123]  eta: 0:01:00  lr: 0.000093  entropy: 0.2184  loss: 0.2184  entr_unc: 0.2184  uncertainty: 1.0000  uncertainty_multiply_coeffi: 1.0000  time: 0.4880  data: 0.3386  max mem: 2942
      TTA Epoch: [3] [100/123]  eta: 0:00:01  lr: 0.000045  entropy: 0.3430  loss: 0.3430  entr_unc: 0.3430  uncertainty: 1.0000  uncertainty_multiply_coeffi: 1.0000  time: 0.0599  data: 0.0027  max mem: 2942
      TTA Epoch: [3] [122/123]  eta: 0:00:00  lr: 0.000045  entropy: 0.4140  loss: 0.4140  entr_unc: 0.4140  uncertainty: 1.0000  uncertainty_multiply_coeffi: 1.0000  time: 0.0497  data: 0.0020  max mem: 2942
      TTA Epoch: [3] Total time: 0:00:07 (0.0623 s / it)
     Averaged stats: lr: 0.0001  entropy: 0.2338  loss: 0.2338  entr_unc: 0.2338  uncertainty: 1.0000  uncertainty_multiply_coeffi: 1.0000
     itm tta time 0:00:07
     Computing matching score
      Evaluation: [   0/1978]  eta: 0:02:27    time: 0.0748  data: 0.0034  max mem: 2942
      Evaluation: [ 100/1978]  eta: 0:02:12    time: 0.0704  data: 0.0000  max mem: 2942
      Evaluation: [ 200/1978]  eta: 0:02:05    time: 0.0704  data: 0.0000  max mem: 2942
      Evaluation: [ 300/1978]  eta: 0:01:58    time: 0.0704  data: 0.0000  max mem: 2942
      Evaluation: [ 400/1978]  eta: 0:01:51    time: 0.0703  data: 0.0000  max mem: 2942
      Evaluation: [ 500/1978]  eta: 0:01:44    time: 0.0704  data: 0.0000  max mem: 2942
      Evaluation: [ 600/1978]  eta: 0:01:37    time: 0.0705  data: 0.0000  max mem: 2942
      Evaluation: [ 700/1978]  eta: 0:01:30    time: 0.0703  data: 0.0000  max mem: 2942
      Evaluation: [ 800/1978]  eta: 0:01:22    time: 0.0703  data: 0.0000  max mem: 2942
      Evaluation: [ 900/1978]  eta: 0:01:15    time: 0.0703  data: 0.0000  max mem: 2942
      Evaluation: [1000/1978]  eta: 0:01:08    time: 0.0704  data: 0.0000  max mem: 2942
      Evaluation: [1100/1978]  eta: 0:01:01    time: 0.0705  data: 0.0000  max mem: 2942
      Evaluation: [1200/1978]  eta: 0:00:54    time: 0.0703  data: 0.0000  max mem: 2942
      Evaluation: [1300/1978]  eta: 0:00:47    time: 0.0703  data: 0.0000  max mem: 2942
      Evaluation: [1400/1978]  eta: 0:00:40    time: 0.0705  data: 0.0000  max mem: 2942
      Evaluation: [1500/1978]  eta: 0:00:33    time: 0.0704  data: 0.0000  max mem: 2942
      Evaluation: [1600/1978]  eta: 0:00:26    time: 0.0706  data: 0.0000  max mem: 2942
      Evaluation: [1700/1978]  eta: 0:00:19    time: 0.0706  data: 0.0000  max mem: 2942
      Evaluation: [1800/1978]  eta: 0:00:12    time: 0.0705  data: 0.0000  max mem: 2942
      Evaluation: [1900/1978]  eta: 0:00:05    time: 0.0706  data: 0.0000  max mem: 2942
      Evaluation: [1977/1978]  eta: 0:00:00    time: 0.0705  data: 0.0000  max mem: 2942
      Evaluation: Total time: 0:02:19 (0.0705 s / it)
     Computing matching score time 0:02:19
### TTA ITM Score: 
+-------+--------+--------+--------+--------+--------+
| epoch |   R1   |   R5   |  R10   |  mAP   |  mINP  |
+-------+--------+--------+--------+--------+--------+
|  -999 | 69.414 | 95.197 | 97.776 | 81.233 | 81.233 |
|  -999 | 69.414 | 95.197 | 97.776 | 81.233 | 81.233 |
|  -999 | 84.277 | 99.039 | 99.596 | 91.276 | 91.276 |
|   0   | 84.631 | 98.837 | 99.494 | 91.358 | 91.358 |
|   1   | 84.833 | 98.888 | 99.494 | 91.487 | 91.487 |
|   2   | 84.884 | 98.837 | 99.393 | 91.510 | 91.510 |
|   3   | 84.884 | 98.736 | 99.393 | 91.517 | 91.517 |
+-------+--------+--------+--------+--------+--------+
     logs:  {'epo': 3, 'R1': 84.884, 'R5': 98.736, 'R10': 99.393, 'mAP': 91.517, 'mINP': 91.517, 'lr': 5.7e-05, 'entropy': 0.23384, 'loss': 0.23384, 'entr_unc': 0.23384, 'uncertainty': 1.0, 'uncertainty_multiply_coeffi': 1.0}
      TTA Epoch: [4] [  0/123]  eta: 0:00:51  lr: 0.000045  entropy: 0.2515  loss: 0.2515  entr_unc: 0.2515  uncertainty: 1.0000  uncertainty_multiply_coeffi: 1.0000  time: 0.4191  data: 0.2958  max mem: 2942
      TTA Epoch: [4] [100/123]  eta: 0:00:01  lr: 0.000043  entropy: 0.1815  loss: 0.1815  entr_unc: 0.1815  uncertainty: 1.0000  uncertainty_multiply_coeffi: 1.0000  time: 0.0585  data: 0.0027  max mem: 2942
      TTA Epoch: [4] [122/123]  eta: 0:00:00  lr: 0.000043  entropy: 0.1961  loss: 0.1961  entr_unc: 0.1961  uncertainty: 1.0000  uncertainty_multiply_coeffi: 1.0000  time: 0.0515  data: 0.0042  max mem: 2942
      TTA Epoch: [4] Total time: 0:00:07 (0.0622 s / it)
     Averaged stats: lr: 0.0000  entropy: 0.2253  loss: 0.2253  entr_unc: 0.2253  uncertainty: 1.0000  uncertainty_multiply_coeffi: 1.0000
     itm tta time 0:00:07
     Computing matching score
      Evaluation: [   0/1978]  eta: 0:02:27    time: 0.0747  data: 0.0033  max mem: 2942
      Evaluation: [ 100/1978]  eta: 0:02:12    time: 0.0706  data: 0.0000  max mem: 2942
      Evaluation: [ 200/1978]  eta: 0:02:05    time: 0.0705  data: 0.0000  max mem: 2942
      Evaluation: [ 300/1978]  eta: 0:01:58    time: 0.0705  data: 0.0000  max mem: 2942
      Evaluation: [ 400/1978]  eta: 0:01:51    time: 0.0703  data: 0.0000  max mem: 2942
      Evaluation: [ 500/1978]  eta: 0:01:44    time: 0.0705  data: 0.0000  max mem: 2942
      Evaluation: [ 600/1978]  eta: 0:01:37    time: 0.0705  data: 0.0000  max mem: 2942
      Evaluation: [ 700/1978]  eta: 0:01:30    time: 0.0703  data: 0.0000  max mem: 2942
      Evaluation: [ 800/1978]  eta: 0:01:23    time: 0.0705  data: 0.0000  max mem: 2942
      Evaluation: [ 900/1978]  eta: 0:01:15    time: 0.0705  data: 0.0000  max mem: 2942
      Evaluation: [1000/1978]  eta: 0:01:08    time: 0.0701  data: 0.0000  max mem: 2942
      Evaluation: [1100/1978]  eta: 0:01:01    time: 0.0702  data: 0.0000  max mem: 2942
      Evaluation: [1200/1978]  eta: 0:00:54    time: 0.0701  data: 0.0000  max mem: 2942
      Evaluation: [1300/1978]  eta: 0:00:47    time: 0.0702  data: 0.0000  max mem: 2942
      Evaluation: [1400/1978]  eta: 0:00:40    time: 0.0702  data: 0.0000  max mem: 2942
      Evaluation: [1500/1978]  eta: 0:00:33    time: 0.0704  data: 0.0000  max mem: 2942
      Evaluation: [1600/1978]  eta: 0:00:26    time: 0.0700  data: 0.0000  max mem: 2942
      Evaluation: [1700/1978]  eta: 0:00:19    time: 0.0704  data: 0.0000  max mem: 2942
      Evaluation: [1800/1978]  eta: 0:00:12    time: 0.0699  data: 0.0000  max mem: 2942
      Evaluation: [1900/1978]  eta: 0:00:05    time: 0.0702  data: 0.0000  max mem: 2942
      Evaluation: [1977/1978]  eta: 0:00:00    time: 0.0700  data: 0.0000  max mem: 2942
      Evaluation: Total time: 0:02:19 (0.0703 s / it)
     Computing matching score time 0:02:19
### TTA ITM Score: 
+-------+--------+--------+--------+--------+--------+
| epoch |   R1   |   R5   |  R10   |  mAP   |  mINP  |
+-------+--------+--------+--------+--------+--------+
|  -999 | 69.414 | 95.197 | 97.776 | 81.233 | 81.233 |
|  -999 | 69.414 | 95.197 | 97.776 | 81.233 | 81.233 |
|  -999 | 84.277 | 99.039 | 99.596 | 91.276 | 91.276 |
|   0   | 84.631 | 98.837 | 99.494 | 91.358 | 91.358 |
|   1   | 84.833 | 98.888 | 99.494 | 91.487 | 91.487 |
|   2   | 84.884 | 98.837 | 99.393 | 91.510 | 91.510 |
|   3   | 84.884 | 98.736 | 99.393 | 91.517 | 91.517 |
|   4   | 84.681 | 98.736 | 99.444 | 91.410 | 91.410 |
+-------+--------+--------+--------+--------+--------+
     logs:  {'epo': 4, 'R1': 84.681, 'R5': 98.736, 'R10': 99.444, 'mAP': 91.41, 'mINP': 91.41, 'lr': 4.4e-05, 'entropy': 0.22529, 'loss': 0.22529, 'entr_unc': 0.22529, 'uncertainty': 1.0, 'uncertainty_multiply_coeffi': 1.0}
      TTA Epoch: [5] [  0/123]  eta: 0:01:00  lr: 0.000043  entropy: 0.0942  loss: 0.0942  entr_unc: 0.0942  uncertainty: 1.0000  uncertainty_multiply_coeffi: 1.0000  time: 0.4943  data: 0.3394  max mem: 2942
      TTA Epoch: [5] [100/123]  eta: 0:00:01  lr: 0.000017  entropy: 0.1819  loss: 0.1819  entr_unc: 0.1819  uncertainty: 1.0000  uncertainty_multiply_coeffi: 1.0000  time: 0.0581  data: 0.0057  max mem: 2942
      TTA Epoch: [5] [122/123]  eta: 0:00:00  lr: 0.000016  entropy: 0.0798  loss: 0.0798  entr_unc: 0.0798  uncertainty: 1.0000  uncertainty_multiply_coeffi: 1.0000  time: 0.0497  data: 0.0020  max mem: 2942
      TTA Epoch: [5] Total time: 0:00:07 (0.0609 s / it)
     Averaged stats: lr: 0.0000  entropy: 0.2117  loss: 0.2117  entr_unc: 0.2117  uncertainty: 1.0000  uncertainty_multiply_coeffi: 1.0000
     itm tta time 0:00:07
     Computing matching score
      Evaluation: [   0/1978]  eta: 0:02:27    time: 0.0747  data: 0.0033  max mem: 2942
      Evaluation: [ 100/1978]  eta: 0:02:12    time: 0.0702  data: 0.0000  max mem: 2942
      Evaluation: [ 200/1978]  eta: 0:02:04    time: 0.0701  data: 0.0000  max mem: 2942
      Evaluation: [ 300/1978]  eta: 0:01:57    time: 0.0700  data: 0.0000  max mem: 2942
      Evaluation: [ 400/1978]  eta: 0:01:50    time: 0.0701  data: 0.0000  max mem: 2942
      Evaluation: [ 500/1978]  eta: 0:01:43    time: 0.0701  data: 0.0000  max mem: 2942
      Evaluation: [ 600/1978]  eta: 0:01:36    time: 0.0702  data: 0.0000  max mem: 2942
      Evaluation: [ 700/1978]  eta: 0:01:29    time: 0.0701  data: 0.0000  max mem: 2942
      Evaluation: [ 800/1978]  eta: 0:01:22    time: 0.0702  data: 0.0000  max mem: 2942
      Evaluation: [ 900/1978]  eta: 0:01:15    time: 0.0699  data: 0.0000  max mem: 2942
      Evaluation: [1000/1978]  eta: 0:01:08    time: 0.0702  data: 0.0000  max mem: 2942
      Evaluation: [1100/1978]  eta: 0:01:01    time: 0.0700  data: 0.0000  max mem: 2942
      Evaluation: [1200/1978]  eta: 0:00:54    time: 0.0703  data: 0.0000  max mem: 2942
      Evaluation: [1300/1978]  eta: 0:00:47    time: 0.0702  data: 0.0000  max mem: 2942
      Evaluation: [1400/1978]  eta: 0:00:40    time: 0.0700  data: 0.0000  max mem: 2942
      Evaluation: [1500/1978]  eta: 0:00:33    time: 0.0700  data: 0.0000  max mem: 2942
      Evaluation: [1600/1978]  eta: 0:00:26    time: 0.0701  data: 0.0000  max mem: 2942
      Evaluation: [1700/1978]  eta: 0:00:19    time: 0.0701  data: 0.0000  max mem: 2942
      Evaluation: [1800/1978]  eta: 0:00:12    time: 0.0705  data: 0.0000  max mem: 2942
      Evaluation: [1900/1978]  eta: 0:00:05    time: 0.0701  data: 0.0000  max mem: 2942
      Evaluation: [1977/1978]  eta: 0:00:00    time: 0.0700  data: 0.0000  max mem: 2942
      Evaluation: Total time: 0:02:19 (0.0703 s / it)
     Computing matching score time 0:02:19
### TTA ITM Score: 
+-------+--------+--------+--------+--------+--------+
| epoch |   R1   |   R5   |  R10   |  mAP   |  mINP  |
+-------+--------+--------+--------+--------+--------+
|  -999 | 69.414 | 95.197 | 97.776 | 81.233 | 81.233 |
|  -999 | 69.414 | 95.197 | 97.776 | 81.233 | 81.233 |
|  -999 | 84.277 | 99.039 | 99.596 | 91.276 | 91.276 |
|   0   | 84.631 | 98.837 | 99.494 | 91.358 | 91.358 |
|   1   | 84.833 | 98.888 | 99.494 | 91.487 | 91.487 |
|   2   | 84.884 | 98.837 | 99.393 | 91.510 | 91.510 |
|   3   | 84.884 | 98.736 | 99.393 | 91.517 | 91.517 |
|   4   | 84.681 | 98.736 | 99.444 | 91.410 | 91.410 |
|   5   | 84.681 | 98.787 | 99.444 | 91.403 | 91.403 |
+-------+--------+--------+--------+--------+--------+
     logs:  {'epo': 5, 'R1': 84.681, 'R5': 98.787, 'R10': 99.444, 'mAP': 91.403, 'mINP': 91.403, 'lr': 3.4e-05, 'entropy': 0.211689, 'loss': 0.211689, 'entr_unc': 0.211689, 'uncertainty': 1.0, 'uncertainty_multiply_coeffi': 1.0}
      TTA Epoch: [6] [  0/123]  eta: 0:00:48  lr: 0.000016  entropy: 0.2600  loss: 0.2600  entr_unc: 0.2600  uncertainty: 1.0000  uncertainty_multiply_coeffi: 1.0000  time: 0.3911  data: 0.2671  max mem: 2942
      TTA Epoch: [6] [100/123]  eta: 0:00:01  lr: 0.000016  entropy: 0.2006  loss: 0.2006  entr_unc: 0.2006  uncertainty: 1.0000  uncertainty_multiply_coeffi: 1.0000  time: 0.0582  data: 0.0028  max mem: 2942
      TTA Epoch: [6] [122/123]  eta: 0:00:00  lr: 0.000016  entropy: 0.2672  loss: 0.2672  entr_unc: 0.2672  uncertainty: 1.0000  uncertainty_multiply_coeffi: 1.0000  time: 0.0501  data: 0.0042  max mem: 2942
      TTA Epoch: [6] Total time: 0:00:07 (0.0611 s / it)
     Averaged stats: lr: 0.0000  entropy: 0.2128  loss: 0.2128  entr_unc: 0.2128  uncertainty: 1.0000  uncertainty_multiply_coeffi: 1.0000
     itm tta time 0:00:07
     Computing matching score
      Evaluation: [   0/1978]  eta: 0:02:29    time: 0.0754  data: 0.0034  max mem: 2942
      Evaluation: [ 100/1978]  eta: 0:02:11    time: 0.0700  data: 0.0000  max mem: 2942
      Evaluation: [ 200/1978]  eta: 0:02:04    time: 0.0706  data: 0.0000  max mem: 2942
      Evaluation: [ 300/1978]  eta: 0:01:57    time: 0.0701  data: 0.0000  max mem: 2942
      Evaluation: [ 400/1978]  eta: 0:01:50    time: 0.0701  data: 0.0000  max mem: 2942
      Evaluation: [ 500/1978]  eta: 0:01:43    time: 0.0700  data: 0.0000  max mem: 2942
      Evaluation: [ 600/1978]  eta: 0:01:36    time: 0.0700  data: 0.0000  max mem: 2942
      Evaluation: [ 700/1978]  eta: 0:01:29    time: 0.0699  data: 0.0000  max mem: 2942
      Evaluation: [ 800/1978]  eta: 0:01:22    time: 0.0702  data: 0.0000  max mem: 2942
      Evaluation: [ 900/1978]  eta: 0:01:15    time: 0.0701  data: 0.0000  max mem: 2942
      Evaluation: [1000/1978]  eta: 0:01:08    time: 0.0700  data: 0.0000  max mem: 2942
      Evaluation: [1100/1978]  eta: 0:01:01    time: 0.0700  data: 0.0000  max mem: 2942
      Evaluation: [1200/1978]  eta: 0:00:54    time: 0.0700  data: 0.0000  max mem: 2942
      Evaluation: [1300/1978]  eta: 0:00:47    time: 0.0701  data: 0.0000  max mem: 2942
      Evaluation: [1400/1978]  eta: 0:00:40    time: 0.0704  data: 0.0000  max mem: 2942
      Evaluation: [1500/1978]  eta: 0:00:33    time: 0.0700  data: 0.0000  max mem: 2942
      Evaluation: [1600/1978]  eta: 0:00:26    time: 0.0700  data: 0.0000  max mem: 2942
      Evaluation: [1700/1978]  eta: 0:00:19    time: 0.0702  data: 0.0000  max mem: 2942
      Evaluation: [1800/1978]  eta: 0:00:12    time: 0.0702  data: 0.0000  max mem: 2942
      Evaluation: [1900/1978]  eta: 0:00:05    time: 0.0700  data: 0.0000  max mem: 2942
      Evaluation: [1977/1978]  eta: 0:00:00    time: 0.0707  data: 0.0000  max mem: 2942
      Evaluation: Total time: 0:02:18 (0.0701 s / it)
     Computing matching score time 0:02:18
### TTA ITM Score: 
+-------+--------+--------+--------+--------+--------+
| epoch |   R1   |   R5   |  R10   |  mAP   |  mINP  |
+-------+--------+--------+--------+--------+--------+
|  -999 | 69.414 | 95.197 | 97.776 | 81.233 | 81.233 |
|  -999 | 69.414 | 95.197 | 97.776 | 81.233 | 81.233 |
|  -999 | 84.277 | 99.039 | 99.596 | 91.276 | 91.276 |
|   0   | 84.631 | 98.837 | 99.494 | 91.358 | 91.358 |
|   1   | 84.833 | 98.888 | 99.494 | 91.487 | 91.487 |
|   2   | 84.884 | 98.837 | 99.393 | 91.510 | 91.510 |
|   3   | 84.884 | 98.736 | 99.393 | 91.517 | 91.517 |
|   4   | 84.681 | 98.736 | 99.444 | 91.410 | 91.410 |
|   5   | 84.681 | 98.787 | 99.444 | 91.403 | 91.403 |
|   6   | 84.681 | 98.787 | 99.444 | 91.412 | 91.412 |
+-------+--------+--------+--------+--------+--------+
     logs:  {'epo': 6, 'R1': 84.681, 'R5': 98.787, 'R10': 99.444, 'mAP': 91.412, 'mINP': 91.412, 'lr': 1.6e-05, 'entropy': 0.212827, 'loss': 0.212827, 'entr_unc': 0.212827, 'uncertainty': 1.0, 'uncertainty_multiply_coeffi': 1.0}
      TTA Epoch: [7] [  0/123]  eta: 0:01:05  lr: 0.000016  entropy: 0.2072  loss: 0.2072  entr_unc: 0.2072  uncertainty: 1.0000  uncertainty_multiply_coeffi: 1.0000  time: 0.5290  data: 0.4084  max mem: 2942
      TTA Epoch: [7] [100/123]  eta: 0:00:01  lr: 0.000015  entropy: 0.2283  loss: 0.2283  entr_unc: 0.2283  uncertainty: 1.0000  uncertainty_multiply_coeffi: 1.0000  time: 0.0573  data: 0.0046  max mem: 2942
      TTA Epoch: [7] [122/123]  eta: 0:00:00  lr: 0.000015  entropy: 0.2024  loss: 0.2024  entr_unc: 0.2024  uncertainty: 1.0000  uncertainty_multiply_coeffi: 1.0000  time: 0.0494  data: 0.0024  max mem: 2942
      TTA Epoch: [7] Total time: 0:00:07 (0.0610 s / it)
     Averaged stats: lr: 0.0000  entropy: 0.2023  loss: 0.2023  entr_unc: 0.2023  uncertainty: 1.0000  uncertainty_multiply_coeffi: 1.0000
     itm tta time 0:00:07
     Computing matching score
      Evaluation: [   0/1978]  eta: 0:02:28    time: 0.0748  data: 0.0034  max mem: 2942
      Evaluation: [ 100/1978]  eta: 0:02:11    time: 0.0700  data: 0.0000  max mem: 2942
      Evaluation: [ 200/1978]  eta: 0:02:04    time: 0.0700  data: 0.0000  max mem: 2942
      Evaluation: [ 300/1978]  eta: 0:01:57    time: 0.0701  data: 0.0000  max mem: 2942
      Evaluation: [ 400/1978]  eta: 0:01:50    time: 0.0701  data: 0.0000  max mem: 2942
      Evaluation: [ 500/1978]  eta: 0:01:43    time: 0.0708  data: 0.0000  max mem: 2942
      Evaluation: [ 600/1978]  eta: 0:01:36    time: 0.0700  data: 0.0000  max mem: 2942
      Evaluation: [ 700/1978]  eta: 0:01:29    time: 0.0701  data: 0.0000  max mem: 2942
      Evaluation: [ 800/1978]  eta: 0:01:22    time: 0.0702  data: 0.0000  max mem: 2942
      Evaluation: [ 900/1978]  eta: 0:01:15    time: 0.0700  data: 0.0000  max mem: 2942
      Evaluation: [1000/1978]  eta: 0:01:08    time: 0.0699  data: 0.0000  max mem: 2942
      Evaluation: [1100/1978]  eta: 0:01:01    time: 0.0702  data: 0.0000  max mem: 2942
      Evaluation: [1200/1978]  eta: 0:00:54    time: 0.0700  data: 0.0000  max mem: 2942
      Evaluation: [1300/1978]  eta: 0:00:47    time: 0.0699  data: 0.0000  max mem: 2942
      Evaluation: [1400/1978]  eta: 0:00:40    time: 0.0701  data: 0.0000  max mem: 2942
      Evaluation: [1500/1978]  eta: 0:00:33    time: 0.0701  data: 0.0000  max mem: 2942
      Evaluation: [1600/1978]  eta: 0:00:26    time: 0.0701  data: 0.0000  max mem: 2942
      Evaluation: [1700/1978]  eta: 0:00:19    time: 0.0701  data: 0.0000  max mem: 2942
      Evaluation: [1800/1978]  eta: 0:00:12    time: 0.0700  data: 0.0000  max mem: 2942
      Evaluation: [1900/1978]  eta: 0:00:05    time: 0.0702  data: 0.0000  max mem: 2942
      Evaluation: [1977/1978]  eta: 0:00:00    time: 0.0701  data: 0.0000  max mem: 2942
      Evaluation: Total time: 0:02:18 (0.0701 s / it)
     Computing matching score time 0:02:18
### TTA ITM Score: 
+-------+--------+--------+--------+--------+--------+
| epoch |   R1   |   R5   |  R10   |  mAP   |  mINP  |
+-------+--------+--------+--------+--------+--------+
|  -999 | 69.414 | 95.197 | 97.776 | 81.233 | 81.233 |
|  -999 | 69.414 | 95.197 | 97.776 | 81.233 | 81.233 |
|  -999 | 84.277 | 99.039 | 99.596 | 91.276 | 91.276 |
|   0   | 84.631 | 98.837 | 99.494 | 91.358 | 91.358 |
|   1   | 84.833 | 98.888 | 99.494 | 91.487 | 91.487 |
|   2   | 84.884 | 98.837 | 99.393 | 91.510 | 91.510 |
|   3   | 84.884 | 98.736 | 99.393 | 91.517 | 91.517 |
|   4   | 84.681 | 98.736 | 99.444 | 91.410 | 91.410 |
|   5   | 84.681 | 98.787 | 99.444 | 91.403 | 91.403 |
|   6   | 84.681 | 98.787 | 99.444 | 91.412 | 91.412 |
|   7   | 84.631 | 98.787 | 99.444 | 91.385 | 91.385 |
+-------+--------+--------+--------+--------+--------+
     logs:  {'epo': 7, 'R1': 84.631, 'R5': 98.787, 'R10': 99.444, 'mAP': 91.386, 'mINP': 91.386, 'lr': 1.5e-05, 'entropy': 0.202299, 'loss': 0.202299, 'entr_unc': 0.202299, 'uncertainty': 1.0, 'uncertainty_multiply_coeffi': 1.0}
      TTA Epoch: [8] [  0/123]  eta: 0:00:57  lr: 0.000015  entropy: 0.0405  loss: 0.0405  entr_unc: 0.0405  uncertainty: 1.0000  uncertainty_multiply_coeffi: 1.0000  time: 0.4655  data: 0.3023  max mem: 2942
      TTA Epoch: [8] [100/123]  eta: 0:00:01  lr: 0.000015  entropy: 0.1516  loss: 0.1516  entr_unc: 0.1516  uncertainty: 1.0000  uncertainty_multiply_coeffi: 1.0000  time: 0.0583  data: 0.0039  max mem: 2942
      TTA Epoch: [8] [122/123]  eta: 0:00:00  lr: 0.000014  entropy: 0.1066  loss: 0.1066  entr_unc: 0.1066  uncertainty: 1.0000  uncertainty_multiply_coeffi: 1.0000  time: 0.0517  data: 0.0037  max mem: 2942
      TTA Epoch: [8] Total time: 0:00:07 (0.0613 s / it)
     Averaged stats: lr: 0.0000  entropy: 0.1992  loss: 0.1992  entr_unc: 0.1992  uncertainty: 1.0000  uncertainty_multiply_coeffi: 1.0000
     itm tta time 0:00:07
     Computing matching score
      Evaluation: [   0/1978]  eta: 0:02:28    time: 0.0753  data: 0.0034  max mem: 2942
      Evaluation: [ 100/1978]  eta: 0:02:11    time: 0.0699  data: 0.0000  max mem: 2942
      Evaluation: [ 200/1978]  eta: 0:02:04    time: 0.0700  data: 0.0000  max mem: 2942
      Evaluation: [ 300/1978]  eta: 0:01:57    time: 0.0700  data: 0.0000  max mem: 2942
      Evaluation: [ 400/1978]  eta: 0:01:50    time: 0.0701  data: 0.0000  max mem: 2942
      Evaluation: [ 500/1978]  eta: 0:01:43    time: 0.0699  data: 0.0000  max mem: 2942
      Evaluation: [ 600/1978]  eta: 0:01:36    time: 0.0707  data: 0.0000  max mem: 2942
      Evaluation: [ 700/1978]  eta: 0:01:29    time: 0.0699  data: 0.0000  max mem: 2942
      Evaluation: [ 800/1978]  eta: 0:01:22    time: 0.0702  data: 0.0000  max mem: 2942
      Evaluation: [ 900/1978]  eta: 0:01:15    time: 0.0700  data: 0.0000  max mem: 2942
      Evaluation: [1000/1978]  eta: 0:01:08    time: 0.0700  data: 0.0000  max mem: 2942
      Evaluation: [1100/1978]  eta: 0:01:01    time: 0.0700  data: 0.0000  max mem: 2942
      Evaluation: [1200/1978]  eta: 0:00:54    time: 0.0701  data: 0.0000  max mem: 2942
      Evaluation: [1300/1978]  eta: 0:00:47    time: 0.0701  data: 0.0000  max mem: 2942
      Evaluation: [1400/1978]  eta: 0:00:40    time: 0.0701  data: 0.0000  max mem: 2942
      Evaluation: [1500/1978]  eta: 0:00:33    time: 0.0699  data: 0.0000  max mem: 2942
      Evaluation: [1600/1978]  eta: 0:00:26    time: 0.0700  data: 0.0000  max mem: 2942
      Evaluation: [1700/1978]  eta: 0:00:19    time: 0.0701  data: 0.0000  max mem: 2942
      Evaluation: [1800/1978]  eta: 0:00:12    time: 0.0700  data: 0.0000  max mem: 2942
      Evaluation: [1900/1978]  eta: 0:00:05    time: 0.0700  data: 0.0000  max mem: 2942
      Evaluation: [1977/1978]  eta: 0:00:00    time: 0.0701  data: 0.0000  max mem: 2942
      Evaluation: Total time: 0:02:18 (0.0701 s / it)
     Computing matching score time 0:02:18
### TTA ITM Score: 
+-------+--------+--------+--------+--------+--------+
| epoch |   R1   |   R5   |  R10   |  mAP   |  mINP  |
+-------+--------+--------+--------+--------+--------+
|  -999 | 69.414 | 95.197 | 97.776 | 81.233 | 81.233 |
|  -999 | 69.414 | 95.197 | 97.776 | 81.233 | 81.233 |
|  -999 | 84.277 | 99.039 | 99.596 | 91.276 | 91.276 |
|   0   | 84.631 | 98.837 | 99.494 | 91.358 | 91.358 |
|   1   | 84.833 | 98.888 | 99.494 | 91.487 | 91.487 |
|   2   | 84.884 | 98.837 | 99.393 | 91.510 | 91.510 |
|   3   | 84.884 | 98.736 | 99.393 | 91.517 | 91.517 |
|   4   | 84.681 | 98.736 | 99.444 | 91.410 | 91.410 |
|   5   | 84.681 | 98.787 | 99.444 | 91.403 | 91.403 |
|   6   | 84.681 | 98.787 | 99.444 | 91.412 | 91.412 |
|   7   | 84.631 | 98.787 | 99.444 | 91.385 | 91.385 |
|   8   | 84.631 | 98.787 | 99.444 | 91.387 | 91.387 |
+-------+--------+--------+--------+--------+--------+
     logs:  {'epo': 8, 'R1': 84.631, 'R5': 98.787, 'R10': 99.444, 'mAP': 91.387, 'mINP': 91.387, 'lr': 1.5e-05, 'entropy': 0.199186, 'loss': 0.199186, 'entr_unc': 0.199186, 'uncertainty': 1.0, 'uncertainty_multiply_coeffi': 1.0}
      TTA Epoch: [9] [  0/123]  eta: 0:00:47  lr: 0.000014  entropy: 0.0999  loss: 0.0999  entr_unc: 0.0999  uncertainty: 1.0000  uncertainty_multiply_coeffi: 1.0000  time: 0.3829  data: 0.2659  max mem: 2942
      TTA Epoch: [9] [100/123]  eta: 0:00:01  lr: 0.000014  entropy: 0.2998  loss: 0.2998  entr_unc: 0.2998  uncertainty: 1.0000  uncertainty_multiply_coeffi: 1.0000  time: 0.0599  data: 0.0066  max mem: 2942
      TTA Epoch: [9] [122/123]  eta: 0:00:00  lr: 0.000014  entropy: 0.1202  loss: 0.1202  entr_unc: 0.1202  uncertainty: 1.0000  uncertainty_multiply_coeffi: 1.0000  time: 0.0474  data: 0.0045  max mem: 2942
      TTA Epoch: [9] Total time: 0:00:07 (0.0609 s / it)
     Averaged stats: lr: 0.0000  entropy: 0.1992  loss: 0.1992  entr_unc: 0.1992  uncertainty: 1.0000  uncertainty_multiply_coeffi: 1.0000
     itm tta time 0:00:07
     Computing matching score
      Evaluation: [   0/1978]  eta: 0:02:27    time: 0.0747  data: 0.0034  max mem: 2942
      Evaluation: [ 100/1978]  eta: 0:02:11    time: 0.0701  data: 0.0000  max mem: 2942
      Evaluation: [ 200/1978]  eta: 0:02:07    time: 0.0781  data: 0.0000  max mem: 2942
      Evaluation: [ 300/1978]  eta: 0:02:00    time: 0.0703  data: 0.0000  max mem: 2942
      Evaluation: [ 400/1978]  eta: 0:01:52    time: 0.0719  data: 0.0000  max mem: 2942
      Evaluation: [ 500/1978]  eta: 0:01:45    time: 0.0702  data: 0.0000  max mem: 2942
      Evaluation: [ 600/1978]  eta: 0:01:38    time: 0.0702  data: 0.0000  max mem: 2942
      Evaluation: [ 700/1978]  eta: 0:01:30    time: 0.0700  data: 0.0000  max mem: 2942
      Evaluation: [ 800/1978]  eta: 0:01:23    time: 0.0701  data: 0.0000  max mem: 2942
      Evaluation: [ 900/1978]  eta: 0:01:16    time: 0.0700  data: 0.0000  max mem: 2942
      Evaluation: [1000/1978]  eta: 0:01:09    time: 0.0700  data: 0.0000  max mem: 2942
      Evaluation: [1100/1978]  eta: 0:01:02    time: 0.0700  data: 0.0000  max mem: 2942
      Evaluation: [1200/1978]  eta: 0:00:54    time: 0.0700  data: 0.0000  max mem: 2942
      Evaluation: [1300/1978]  eta: 0:00:47    time: 0.0700  data: 0.0000  max mem: 2942
      Evaluation: [1400/1978]  eta: 0:00:40    time: 0.0700  data: 0.0000  max mem: 2942
      Evaluation: [1500/1978]  eta: 0:00:33    time: 0.0701  data: 0.0000  max mem: 2942
      Evaluation: [1600/1978]  eta: 0:00:26    time: 0.0701  data: 0.0000  max mem: 2942
      Evaluation: [1700/1978]  eta: 0:00:19    time: 0.0701  data: 0.0000  max mem: 2942
      Evaluation: [1800/1978]  eta: 0:00:12    time: 0.0701  data: 0.0000  max mem: 2942
      Evaluation: [1900/1978]  eta: 0:00:05    time: 0.0700  data: 0.0000  max mem: 2942
      Evaluation: [1977/1978]  eta: 0:00:00    time: 0.0701  data: 0.0000  max mem: 2942
      Evaluation: Total time: 0:02:19 (0.0705 s / it)
     Computing matching score time 0:02:19
### TTA ITM Score: 
+-------+--------+--------+--------+--------+--------+
| epoch |   R1   |   R5   |  R10   |  mAP   |  mINP  |
+-------+--------+--------+--------+--------+--------+
|  -999 | 69.414 | 95.197 | 97.776 | 81.233 | 81.233 |
|  -999 | 69.414 | 95.197 | 97.776 | 81.233 | 81.233 |
|  -999 | 84.277 | 99.039 | 99.596 | 91.276 | 91.276 |
|   0   | 84.631 | 98.837 | 99.494 | 91.358 | 91.358 |
|   1   | 84.833 | 98.888 | 99.494 | 91.487 | 91.487 |
|   2   | 84.884 | 98.837 | 99.393 | 91.510 | 91.510 |
|   3   | 84.884 | 98.736 | 99.393 | 91.517 | 91.517 |
|   4   | 84.681 | 98.736 | 99.444 | 91.410 | 91.410 |
|   5   | 84.681 | 98.787 | 99.444 | 91.403 | 91.403 |
|   6   | 84.681 | 98.787 | 99.444 | 91.412 | 91.412 |
|   7   | 84.631 | 98.787 | 99.444 | 91.385 | 91.385 |
|   8   | 84.631 | 98.787 | 99.444 | 91.387 | 91.387 |
|   9   | 84.732 | 98.787 | 99.393 | 91.429 | 91.429 |
+-------+--------+--------+--------+--------+--------+
     logs:  {'epo': 9, 'R1': 84.732, 'R5': 98.787, 'R10': 99.393, 'mAP': 91.429, 'mINP': 91.429, 'lr': 1.4e-05, 'entropy': 0.199231, 'loss': 0.199231, 'entr_unc': 0.199231, 'uncertainty': 1.0, 'uncertainty_multiply_coeffi': 1.0}
      TTA Epoch: [10] [  0/123]  eta: 0:01:02  lr: 0.000014  entropy: 0.2504  loss: 0.2504  entr_unc: 0.2504  uncertainty: 1.0000  uncertainty_multiply_coeffi: 1.0000  time: 0.5120  data: 0.4137  max mem: 2942
      TTA Epoch: [10] [100/123]  eta: 0:00:01  lr: 0.000013  entropy: 0.3134  loss: 0.3134  entr_unc: 0.3134  uncertainty: 1.0000  uncertainty_multiply_coeffi: 1.0000  time: 0.0594  data: 0.0049  max mem: 2942
      TTA Epoch: [10] [122/123]  eta: 0:00:00  lr: 0.000013  entropy: 0.1707  loss: 0.1707  entr_unc: 0.1707  uncertainty: 1.0000  uncertainty_multiply_coeffi: 1.0000  time: 0.0508  data: 0.0038  max mem: 2942
      TTA Epoch: [10] Total time: 0:00:07 (0.0614 s / it)
     Averaged stats: lr: 0.0000  entropy: 0.1987  loss: 0.1987  entr_unc: 0.1987  uncertainty: 1.0000  uncertainty_multiply_coeffi: 1.0000
     itm tta time 0:00:07
     Computing matching score
      Evaluation: [   0/1978]  eta: 0:02:30    time: 0.0759  data: 0.0034  max mem: 2942
      Evaluation: [ 100/1978]  eta: 0:02:11    time: 0.0700  data: 0.0000  max mem: 2942
      Evaluation: [ 200/1978]  eta: 0:02:04    time: 0.0703  data: 0.0000  max mem: 2942
      Evaluation: [ 300/1978]  eta: 0:01:57    time: 0.0702  data: 0.0000  max mem: 2942
      Evaluation: [ 400/1978]  eta: 0:01:50    time: 0.0703  data: 0.0000  max mem: 2942
      Evaluation: [ 500/1978]  eta: 0:01:43    time: 0.0700  data: 0.0000  max mem: 2942
      Evaluation: [ 600/1978]  eta: 0:01:36    time: 0.0700  data: 0.0000  max mem: 2942
      Evaluation: [ 700/1978]  eta: 0:01:29    time: 0.0701  data: 0.0000  max mem: 2942
      Evaluation: [ 800/1978]  eta: 0:01:22    time: 0.0701  data: 0.0000  max mem: 2942
      Evaluation: [ 900/1978]  eta: 0:01:15    time: 0.0701  data: 0.0000  max mem: 2942
      Evaluation: [1000/1978]  eta: 0:01:08    time: 0.0700  data: 0.0000  max mem: 2942
      Evaluation: [1100/1978]  eta: 0:01:01    time: 0.0701  data: 0.0000  max mem: 2942
      Evaluation: [1200/1978]  eta: 0:00:54    time: 0.0702  data: 0.0000  max mem: 2942
      Evaluation: [1300/1978]  eta: 0:00:47    time: 0.0701  data: 0.0000  max mem: 2942
      Evaluation: [1400/1978]  eta: 0:00:40    time: 0.0701  data: 0.0000  max mem: 2942
      Evaluation: [1500/1978]  eta: 0:00:33    time: 0.0704  data: 0.0000  max mem: 2942
      Evaluation: [1600/1978]  eta: 0:00:26    time: 0.0701  data: 0.0000  max mem: 2942
      Evaluation: [1700/1978]  eta: 0:00:19    time: 0.0701  data: 0.0000  max mem: 2942
      Evaluation: [1800/1978]  eta: 0:00:12    time: 0.0701  data: 0.0000  max mem: 2942
      Evaluation: [1900/1978]  eta: 0:00:05    time: 0.0702  data: 0.0000  max mem: 2942
      Evaluation: [1977/1978]  eta: 0:00:00    time: 0.0702  data: 0.0000  max mem: 2942
      Evaluation: Total time: 0:02:18 (0.0701 s / it)
     Computing matching score time 0:02:18
### TTA ITM Score: 
+-------+--------+--------+--------+--------+--------+
| epoch |   R1   |   R5   |  R10   |  mAP   |  mINP  |
+-------+--------+--------+--------+--------+--------+
|  -999 | 69.414 | 95.197 | 97.776 | 81.233 | 81.233 |
|  -999 | 69.414 | 95.197 | 97.776 | 81.233 | 81.233 |
|  -999 | 84.277 | 99.039 | 99.596 | 91.276 | 91.276 |
|   0   | 84.631 | 98.837 | 99.494 | 91.358 | 91.358 |
|   1   | 84.833 | 98.888 | 99.494 | 91.487 | 91.487 |
|   2   | 84.884 | 98.837 | 99.393 | 91.510 | 91.510 |
|   3   | 84.884 | 98.736 | 99.393 | 91.517 | 91.517 |
|   4   | 84.681 | 98.736 | 99.444 | 91.410 | 91.410 |
|   5   | 84.681 | 98.787 | 99.444 | 91.403 | 91.403 |
|   6   | 84.681 | 98.787 | 99.444 | 91.412 | 91.412 |
|   7   | 84.631 | 98.787 | 99.444 | 91.385 | 91.385 |
|   8   | 84.631 | 98.787 | 99.444 | 91.387 | 91.387 |
|   9   | 84.732 | 98.787 | 99.393 | 91.429 | 91.429 |
|   10  | 84.783 | 98.787 | 99.393 | 91.458 | 91.458 |
+-------+--------+--------+--------+--------+--------+
     logs:  {'epo': 10, 'R1': 84.783, 'R5': 98.787, 'R10': 99.393, 'mAP': 91.458, 'mINP': 91.458, 'lr': 1.3e-05, 'entropy': 0.198721, 'loss': 0.198721, 'entr_unc': 0.198721, 'uncertainty': 1.0, 'uncertainty_multiply_coeffi': 1.0}
      TTA Epoch: [11] [  0/123]  eta: 0:00:57  lr: 0.000013  entropy: 0.1397  loss: 0.1397  entr_unc: 0.1397  uncertainty: 1.0000  uncertainty_multiply_coeffi: 1.0000  time: 0.4647  data: 0.3042  max mem: 2942
      TTA Epoch: [11] [100/123]  eta: 0:00:01  lr: 0.000013  entropy: 0.0785  loss: 0.0785  entr_unc: 0.0785  uncertainty: 1.0000  uncertainty_multiply_coeffi: 1.0000  time: 0.0563  data: 0.0039  max mem: 2942
      TTA Epoch: [11] [122/123]  eta: 0:00:00  lr: 0.000012  entropy: 0.2823  loss: 0.2823  entr_unc: 0.2823  uncertainty: 1.0000  uncertainty_multiply_coeffi: 1.0000  time: 0.0476  data: 0.0025  max mem: 2942
      TTA Epoch: [11] Total time: 0:00:07 (0.0608 s / it)
     Averaged stats: lr: 0.0000  entropy: 0.1927  loss: 0.1927  entr_unc: 0.1927  uncertainty: 1.0000  uncertainty_multiply_coeffi: 1.0000
     itm tta time 0:00:07
     Computing matching score
      Evaluation: [   0/1978]  eta: 0:02:27    time: 0.0746  data: 0.0034  max mem: 2942
      Evaluation: [ 100/1978]  eta: 0:02:11    time: 0.0702  data: 0.0000  max mem: 2942
      Evaluation: [ 200/1978]  eta: 0:02:04    time: 0.0702  data: 0.0000  max mem: 2942
      Evaluation: [ 300/1978]  eta: 0:01:57    time: 0.0700  data: 0.0000  max mem: 2942
      Evaluation: [ 400/1978]  eta: 0:01:50    time: 0.0700  data: 0.0000  max mem: 2942
      Evaluation: [ 500/1978]  eta: 0:01:43    time: 0.0704  data: 0.0000  max mem: 2942
      Evaluation: [ 600/1978]  eta: 0:01:36    time: 0.0700  data: 0.0000  max mem: 2942
      Evaluation: [ 700/1978]  eta: 0:01:29    time: 0.0702  data: 0.0000  max mem: 2942
      Evaluation: [ 800/1978]  eta: 0:01:22    time: 0.0702  data: 0.0000  max mem: 2942
      Evaluation: [ 900/1978]  eta: 0:01:15    time: 0.0701  data: 0.0000  max mem: 2942
      Evaluation: [1000/1978]  eta: 0:01:08    time: 0.0701  data: 0.0000  max mem: 2942
      Evaluation: [1100/1978]  eta: 0:01:01    time: 0.0701  data: 0.0000  max mem: 2942
      Evaluation: [1200/1978]  eta: 0:00:54    time: 0.0701  data: 0.0000  max mem: 2942
      Evaluation: [1300/1978]  eta: 0:00:47    time: 0.0701  data: 0.0000  max mem: 2942
      Evaluation: [1400/1978]  eta: 0:00:40    time: 0.0701  data: 0.0000  max mem: 2942
      Evaluation: [1500/1978]  eta: 0:00:33    time: 0.0701  data: 0.0000  max mem: 2942
      Evaluation: [1600/1978]  eta: 0:00:26    time: 0.0707  data: 0.0000  max mem: 2942
      Evaluation: [1700/1978]  eta: 0:00:19    time: 0.0701  data: 0.0000  max mem: 2942
      Evaluation: [1800/1978]  eta: 0:00:12    time: 0.0700  data: 0.0000  max mem: 2942
      Evaluation: [1900/1978]  eta: 0:00:05    time: 0.0701  data: 0.0000  max mem: 2942
      Evaluation: [1977/1978]  eta: 0:00:00    time: 0.0701  data: 0.0000  max mem: 2942
      Evaluation: Total time: 0:02:18 (0.0702 s / it)
     Computing matching score time 0:02:18
### TTA ITM Score: 
+-------+--------+--------+--------+--------+--------+
| epoch |   R1   |   R5   |  R10   |  mAP   |  mINP  |
+-------+--------+--------+--------+--------+--------+
|  -999 | 69.414 | 95.197 | 97.776 | 81.233 | 81.233 |
|  -999 | 69.414 | 95.197 | 97.776 | 81.233 | 81.233 |
|  -999 | 84.277 | 99.039 | 99.596 | 91.276 | 91.276 |
|   0   | 84.631 | 98.837 | 99.494 | 91.358 | 91.358 |
|   1   | 84.833 | 98.888 | 99.494 | 91.487 | 91.487 |
|   2   | 84.884 | 98.837 | 99.393 | 91.510 | 91.510 |
|   3   | 84.884 | 98.736 | 99.393 | 91.517 | 91.517 |
|   4   | 84.681 | 98.736 | 99.444 | 91.410 | 91.410 |
|   5   | 84.681 | 98.787 | 99.444 | 91.403 | 91.403 |
|   6   | 84.681 | 98.787 | 99.444 | 91.412 | 91.412 |
|   7   | 84.631 | 98.787 | 99.444 | 91.385 | 91.385 |
|   8   | 84.631 | 98.787 | 99.444 | 91.387 | 91.387 |
|   9   | 84.732 | 98.787 | 99.393 | 91.429 | 91.429 |
|   10  | 84.783 | 98.787 | 99.393 | 91.458 | 91.458 |
|   11  | 84.783 | 98.787 | 99.393 | 91.454 | 91.454 |
+-------+--------+--------+--------+--------+--------+
     logs:  {'epo': 11, 'R1': 84.783, 'R5': 98.787, 'R10': 99.393, 'mAP': 91.454, 'mINP': 91.454, 'lr': 1.3e-05, 'entropy': 0.192727, 'loss': 0.192727, 'entr_unc': 0.192727, 'uncertainty': 1.0, 'uncertainty_multiply_coeffi': 1.0}
      TTA Epoch: [12] [  0/123]  eta: 0:01:00  lr: 0.000012  entropy: 0.3707  loss: 0.3707  entr_unc: 0.3707  uncertainty: 1.0000  uncertainty_multiply_coeffi: 1.0000  time: 0.4939  data: 0.3642  max mem: 2942
      TTA Epoch: [12] [100/123]  eta: 0:00:01  lr: 0.000012  entropy: 0.1817  loss: 0.1817  entr_unc: 0.1817  uncertainty: 1.0000  uncertainty_multiply_coeffi: 1.0000  time: 0.0557  data: 0.0041  max mem: 2942
      TTA Epoch: [12] [122/123]  eta: 0:00:00  lr: 0.000012  entropy: 0.1539  loss: 0.1539  entr_unc: 0.1539  uncertainty: 1.0000  uncertainty_multiply_coeffi: 1.0000  time: 0.0515  data: 0.0046  max mem: 2942
      TTA Epoch: [12] Total time: 0:00:07 (0.0612 s / it)
     Averaged stats: lr: 0.0000  entropy: 0.1898  loss: 0.1898  entr_unc: 0.1898  uncertainty: 1.0000  uncertainty_multiply_coeffi: 1.0000
     itm tta time 0:00:07
     Computing matching score
      Evaluation: [   0/1978]  eta: 0:02:29    time: 0.0754  data: 0.0034  max mem: 2942
      Evaluation: [ 100/1978]  eta: 0:02:11    time: 0.0701  data: 0.0000  max mem: 2942
      Evaluation: [ 200/1978]  eta: 0:02:05    time: 0.0700  data: 0.0000  max mem: 2942
      Evaluation: [ 300/1978]  eta: 0:01:57    time: 0.0699  data: 0.0000  max mem: 2942
      Evaluation: [ 400/1978]  eta: 0:01:50    time: 0.0698  data: 0.0000  max mem: 2942
      Evaluation: [ 500/1978]  eta: 0:01:43    time: 0.0699  data: 0.0000  max mem: 2942
      Evaluation: [ 600/1978]  eta: 0:01:36    time: 0.0700  data: 0.0000  max mem: 2942
      Evaluation: [ 700/1978]  eta: 0:01:29    time: 0.0700  data: 0.0000  max mem: 2942
      Evaluation: [ 800/1978]  eta: 0:01:22    time: 0.0699  data: 0.0000  max mem: 2942
      Evaluation: [ 900/1978]  eta: 0:01:15    time: 0.0703  data: 0.0000  max mem: 2942
      Evaluation: [1000/1978]  eta: 0:01:08    time: 0.0702  data: 0.0000  max mem: 2942
      Evaluation: [1100/1978]  eta: 0:01:01    time: 0.0699  data: 0.0000  max mem: 2942
      Evaluation: [1200/1978]  eta: 0:00:54    time: 0.0702  data: 0.0000  max mem: 2942
      Evaluation: [1300/1978]  eta: 0:00:47    time: 0.0703  data: 0.0000  max mem: 2942
      Evaluation: [1400/1978]  eta: 0:00:40    time: 0.0702  data: 0.0000  max mem: 2942
      Evaluation: [1500/1978]  eta: 0:00:33    time: 0.0701  data: 0.0000  max mem: 2942
      Evaluation: [1600/1978]  eta: 0:00:26    time: 0.0699  data: 0.0000  max mem: 2942
      Evaluation: [1700/1978]  eta: 0:00:19    time: 0.0701  data: 0.0000  max mem: 2942
      Evaluation: [1800/1978]  eta: 0:00:12    time: 0.0702  data: 0.0000  max mem: 2942
      Evaluation: [1900/1978]  eta: 0:00:05    time: 0.0704  data: 0.0000  max mem: 2942
      Evaluation: [1977/1978]  eta: 0:00:00    time: 0.0701  data: 0.0000  max mem: 2942
      Evaluation: Total time: 0:02:18 (0.0701 s / it)
     Computing matching score time 0:02:18
### TTA ITM Score: 
+-------+--------+--------+--------+--------+--------+
| epoch |   R1   |   R5   |  R10   |  mAP   |  mINP  |
+-------+--------+--------+--------+--------+--------+
|  -999 | 69.414 | 95.197 | 97.776 | 81.233 | 81.233 |
|  -999 | 69.414 | 95.197 | 97.776 | 81.233 | 81.233 |
|  -999 | 84.277 | 99.039 | 99.596 | 91.276 | 91.276 |
|   0   | 84.631 | 98.837 | 99.494 | 91.358 | 91.358 |
|   1   | 84.833 | 98.888 | 99.494 | 91.487 | 91.487 |
|   2   | 84.884 | 98.837 | 99.393 | 91.510 | 91.510 |
|   3   | 84.884 | 98.736 | 99.393 | 91.517 | 91.517 |
|   4   | 84.681 | 98.736 | 99.444 | 91.410 | 91.410 |
|   5   | 84.681 | 98.787 | 99.444 | 91.403 | 91.403 |
|   6   | 84.681 | 98.787 | 99.444 | 91.412 | 91.412 |
|   7   | 84.631 | 98.787 | 99.444 | 91.385 | 91.385 |
|   8   | 84.631 | 98.787 | 99.444 | 91.387 | 91.387 |
|   9   | 84.732 | 98.787 | 99.393 | 91.429 | 91.429 |
|   10  | 84.783 | 98.787 | 99.393 | 91.458 | 91.458 |
|   11  | 84.783 | 98.787 | 99.393 | 91.454 | 91.454 |
|   12  | 84.783 | 98.787 | 99.393 | 91.459 | 91.459 |
+-------+--------+--------+--------+--------+--------+
     logs:  {'epo': 12, 'R1': 84.783, 'R5': 98.787, 'R10': 99.393, 'mAP': 91.459, 'mINP': 91.459, 'lr': 1.2e-05, 'entropy': 0.18982, 'loss': 0.18982, 'entr_unc': 0.18982, 'uncertainty': 1.0, 'uncertainty_multiply_coeffi': 1.0}
      TTA Epoch: [13] [  0/123]  eta: 0:01:02  lr: 0.000012  entropy: 0.0624  loss: 0.0624  entr_unc: 0.0624  uncertainty: 1.0000  uncertainty_multiply_coeffi: 1.0000  time: 0.5075  data: 0.3827  max mem: 2942
      TTA Epoch: [13] [100/123]  eta: 0:00:01  lr: 0.000011  entropy: 0.1646  loss: 0.1646  entr_unc: 0.1646  uncertainty: 1.0000  uncertainty_multiply_coeffi: 1.0000  time: 0.0601  data: 0.0055  max mem: 2942
      TTA Epoch: [13] [122/123]  eta: 0:00:00  lr: 0.000011  entropy: 0.2113  loss: 0.2113  entr_unc: 0.2113  uncertainty: 1.0000  uncertainty_multiply_coeffi: 1.0000  time: 0.0475  data: 0.0021  max mem: 2942
      TTA Epoch: [13] Total time: 0:00:07 (0.0612 s / it)
     Averaged stats: lr: 0.0000  entropy: 0.1861  loss: 0.1861  entr_unc: 0.1861  uncertainty: 1.0000  uncertainty_multiply_coeffi: 1.0000
     itm tta time 0:00:07
     Computing matching score
      Evaluation: [   0/1978]  eta: 0:02:27    time: 0.0747  data: 0.0034  max mem: 2942
      Evaluation: [ 100/1978]  eta: 0:02:11    time: 0.0699  data: 0.0000  max mem: 2942
      Evaluation: [ 200/1978]  eta: 0:02:06    time: 0.0698  data: 0.0000  max mem: 2942
      Evaluation: [ 300/1978]  eta: 0:01:58    time: 0.0698  data: 0.0000  max mem: 2942
      Evaluation: [ 400/1978]  eta: 0:01:51    time: 0.0699  data: 0.0000  max mem: 2942
      Evaluation: [ 500/1978]  eta: 0:01:43    time: 0.0700  data: 0.0000  max mem: 2942
      Evaluation: [ 600/1978]  eta: 0:01:36    time: 0.0698  data: 0.0000  max mem: 2942
      Evaluation: [ 700/1978]  eta: 0:01:29    time: 0.0700  data: 0.0000  max mem: 2942
      Evaluation: [ 800/1978]  eta: 0:01:22    time: 0.0700  data: 0.0000  max mem: 2942
      Evaluation: [ 900/1978]  eta: 0:01:15    time: 0.0699  data: 0.0000  max mem: 2942
      Evaluation: [1000/1978]  eta: 0:01:08    time: 0.0700  data: 0.0000  max mem: 2942
      Evaluation: [1100/1978]  eta: 0:01:01    time: 0.0699  data: 0.0000  max mem: 2942
      Evaluation: [1200/1978]  eta: 0:00:54    time: 0.0698  data: 0.0000  max mem: 2942
      Evaluation: [1300/1978]  eta: 0:00:47    time: 0.0699  data: 0.0000  max mem: 2942
      Evaluation: [1400/1978]  eta: 0:00:40    time: 0.0699  data: 0.0000  max mem: 2942
      Evaluation: [1500/1978]  eta: 0:00:33    time: 0.0699  data: 0.0000  max mem: 2942
      Evaluation: [1600/1978]  eta: 0:00:26    time: 0.0702  data: 0.0000  max mem: 2942
      Evaluation: [1700/1978]  eta: 0:00:19    time: 0.0700  data: 0.0000  max mem: 2942
      Evaluation: [1800/1978]  eta: 0:00:12    time: 0.0699  data: 0.0000  max mem: 2942
      Evaluation: [1900/1978]  eta: 0:00:05    time: 0.0700  data: 0.0000  max mem: 2942
      Evaluation: [1977/1978]  eta: 0:00:00    time: 0.0700  data: 0.0000  max mem: 2942
      Evaluation: Total time: 0:02:18 (0.0701 s / it)
     Computing matching score time 0:02:18
### TTA ITM Score: 
+-------+--------+--------+--------+--------+--------+
| epoch |   R1   |   R5   |  R10   |  mAP   |  mINP  |
+-------+--------+--------+--------+--------+--------+
|  -999 | 69.414 | 95.197 | 97.776 | 81.233 | 81.233 |
|  -999 | 69.414 | 95.197 | 97.776 | 81.233 | 81.233 |
|  -999 | 84.277 | 99.039 | 99.596 | 91.276 | 91.276 |
|   0   | 84.631 | 98.837 | 99.494 | 91.358 | 91.358 |
|   1   | 84.833 | 98.888 | 99.494 | 91.487 | 91.487 |
|   2   | 84.884 | 98.837 | 99.393 | 91.510 | 91.510 |
|   3   | 84.884 | 98.736 | 99.393 | 91.517 | 91.517 |
|   4   | 84.681 | 98.736 | 99.444 | 91.410 | 91.410 |
|   5   | 84.681 | 98.787 | 99.444 | 91.403 | 91.403 |
|   6   | 84.681 | 98.787 | 99.444 | 91.412 | 91.412 |
|   7   | 84.631 | 98.787 | 99.444 | 91.385 | 91.385 |
|   8   | 84.631 | 98.787 | 99.444 | 91.387 | 91.387 |
|   9   | 84.732 | 98.787 | 99.393 | 91.429 | 91.429 |
|   10  | 84.783 | 98.787 | 99.393 | 91.458 | 91.458 |
|   11  | 84.783 | 98.787 | 99.393 | 91.454 | 91.454 |
|   12  | 84.783 | 98.787 | 99.393 | 91.459 | 91.459 |
|   13  | 84.783 | 98.787 | 99.393 | 91.459 | 91.459 |
+-------+--------+--------+--------+--------+--------+
     logs:  {'epo': 13, 'R1': 84.783, 'R5': 98.787, 'R10': 99.393, 'mAP': 91.459, 'mINP': 91.459, 'lr': 1.1e-05, 'entropy': 0.186114, 'loss': 0.186114, 'entr_unc': 0.186114, 'uncertainty': 1.0, 'uncertainty_multiply_coeffi': 1.0}
      TTA Epoch: [14] [  0/123]  eta: 0:01:05  lr: 0.000011  entropy: 0.1334  loss: 0.1334  entr_unc: 0.1334  uncertainty: 1.0000  uncertainty_multiply_coeffi: 1.0000  time: 0.5309  data: 0.4155  max mem: 2942
      TTA Epoch: [14] [100/123]  eta: 0:00:01  lr: 0.000010  entropy: 0.1816  loss: 0.1816  entr_unc: 0.1816  uncertainty: 1.0000  uncertainty_multiply_coeffi: 1.0000  time: 0.0614  data: 0.0036  max mem: 2942
      TTA Epoch: [14] [122/123]  eta: 0:00:00  lr: 0.000010  entropy: 0.1408  loss: 0.1408  entr_unc: 0.1408  uncertainty: 1.0000  uncertainty_multiply_coeffi: 1.0000  time: 0.0479  data: 0.0027  max mem: 2942
      TTA Epoch: [14] Total time: 0:00:07 (0.0613 s / it)
     Averaged stats: lr: 0.0000  entropy: 0.1958  loss: 0.1958  entr_unc: 0.1958  uncertainty: 1.0000  uncertainty_multiply_coeffi: 1.0000
     itm tta time 0:00:07
     Computing matching score
      Evaluation: [   0/1978]  eta: 0:02:28    time: 0.0751  data: 0.0033  max mem: 2942
      Evaluation: [ 100/1978]  eta: 0:02:11    time: 0.0705  data: 0.0000  max mem: 2942
      Evaluation: [ 200/1978]  eta: 0:02:04    time: 0.0699  data: 0.0000  max mem: 2942
      Evaluation: [ 300/1978]  eta: 0:01:57    time: 0.0701  data: 0.0000  max mem: 2942
      Evaluation: [ 400/1978]  eta: 0:01:50    time: 0.0700  data: 0.0000  max mem: 2942
      Evaluation: [ 500/1978]  eta: 0:01:43    time: 0.0699  data: 0.0000  max mem: 2942
      Evaluation: [ 600/1978]  eta: 0:01:36    time: 0.0699  data: 0.0000  max mem: 2942
      Evaluation: [ 700/1978]  eta: 0:01:29    time: 0.0703  data: 0.0000  max mem: 2942
      Evaluation: [ 800/1978]  eta: 0:01:22    time: 0.0698  data: 0.0000  max mem: 2942
      Evaluation: [ 900/1978]  eta: 0:01:15    time: 0.0700  data: 0.0000  max mem: 2942
      Evaluation: [1000/1978]  eta: 0:01:08    time: 0.0700  data: 0.0000  max mem: 2942
      Evaluation: [1100/1978]  eta: 0:01:01    time: 0.0699  data: 0.0000  max mem: 2942
      Evaluation: [1200/1978]  eta: 0:00:54    time: 0.0698  data: 0.0000  max mem: 2942
      Evaluation: [1300/1978]  eta: 0:00:47    time: 0.0700  data: 0.0000  max mem: 2942
      Evaluation: [1400/1978]  eta: 0:00:40    time: 0.0699  data: 0.0000  max mem: 2942
      Evaluation: [1500/1978]  eta: 0:00:33    time: 0.0699  data: 0.0000  max mem: 2942
      Evaluation: [1600/1978]  eta: 0:00:26    time: 0.0697  data: 0.0000  max mem: 2942
      Evaluation: [1700/1978]  eta: 0:00:19    time: 0.0699  data: 0.0000  max mem: 2942
      Evaluation: [1800/1978]  eta: 0:00:12    time: 0.0698  data: 0.0000  max mem: 2942
      Evaluation: [1900/1978]  eta: 0:00:05    time: 0.0698  data: 0.0000  max mem: 2942
      Evaluation: [1977/1978]  eta: 0:00:00    time: 0.0701  data: 0.0000  max mem: 2942
      Evaluation: Total time: 0:02:18 (0.0699 s / it)
     Computing matching score time 0:02:18
### TTA ITM Score: 
+-------+--------+--------+--------+--------+--------+
| epoch |   R1   |   R5   |  R10   |  mAP   |  mINP  |
+-------+--------+--------+--------+--------+--------+
|  -999 | 69.414 | 95.197 | 97.776 | 81.233 | 81.233 |
|  -999 | 69.414 | 95.197 | 97.776 | 81.233 | 81.233 |
|  -999 | 84.277 | 99.039 | 99.596 | 91.276 | 91.276 |
|   0   | 84.631 | 98.837 | 99.494 | 91.358 | 91.358 |
|   1   | 84.833 | 98.888 | 99.494 | 91.487 | 91.487 |
|   2   | 84.884 | 98.837 | 99.393 | 91.510 | 91.510 |
|   3   | 84.884 | 98.736 | 99.393 | 91.517 | 91.517 |
|   4   | 84.681 | 98.736 | 99.444 | 91.410 | 91.410 |
|   5   | 84.681 | 98.787 | 99.444 | 91.403 | 91.403 |
|   6   | 84.681 | 98.787 | 99.444 | 91.412 | 91.412 |
|   7   | 84.631 | 98.787 | 99.444 | 91.385 | 91.385 |
|   8   | 84.631 | 98.787 | 99.444 | 91.387 | 91.387 |
|   9   | 84.732 | 98.787 | 99.393 | 91.429 | 91.429 |
|   10  | 84.783 | 98.787 | 99.393 | 91.458 | 91.458 |
|   11  | 84.783 | 98.787 | 99.393 | 91.454 | 91.454 |
|   12  | 84.783 | 98.787 | 99.393 | 91.459 | 91.459 |
|   13  | 84.783 | 98.787 | 99.393 | 91.459 | 91.459 |
|   14  | 84.681 | 98.787 | 99.343 | 91.404 | 91.404 |
+-------+--------+--------+--------+--------+--------+
     logs:  {'epo': 14, 'R1': 84.681, 'R5': 98.787, 'R10': 99.343, 'mAP': 91.404, 'mINP': 91.404, 'lr': 1.1e-05, 'entropy': 0.195842, 'loss': 0.195842, 'entr_unc': 0.195842, 'uncertainty': 1.0, 'uncertainty_multiply_coeffi': 1.0}
      TTA Epoch: [15] [  0/123]  eta: 0:00:58  lr: 0.000010  entropy: 0.2680  loss: 0.2680  entr_unc: 0.2680  uncertainty: 1.0000  uncertainty_multiply_coeffi: 1.0000  time: 0.4755  data: 0.3238  max mem: 2942
      TTA Epoch: [15] [100/123]  eta: 0:00:01  lr: 0.000010  entropy: 0.1039  loss: 0.1039  entr_unc: 0.1039  uncertainty: 1.0000  uncertainty_multiply_coeffi: 1.0000  time: 0.0596  data: 0.0023  max mem: 2942
      TTA Epoch: [15] [122/123]  eta: 0:00:00  lr: 0.000010  entropy: 0.2555  loss: 0.2555  entr_unc: 0.2555  uncertainty: 1.0000  uncertainty_multiply_coeffi: 1.0000  time: 0.0483  data: 0.0014  max mem: 2942
      TTA Epoch: [15] Total time: 0:00:07 (0.0611 s / it)
     Averaged stats: lr: 0.0000  entropy: 0.1891  loss: 0.1891  entr_unc: 0.1891  uncertainty: 1.0000  uncertainty_multiply_coeffi: 1.0000
     itm tta time 0:00:07
     Computing matching score
      Evaluation: [   0/1978]  eta: 0:02:32    time: 0.0770  data: 0.0033  max mem: 2942
      Evaluation: [ 100/1978]  eta: 0:02:11    time: 0.0697  data: 0.0000  max mem: 2942
      Evaluation: [ 200/1978]  eta: 0:02:04    time: 0.0697  data: 0.0000  max mem: 2942
      Evaluation: [ 300/1978]  eta: 0:01:57    time: 0.0701  data: 0.0000  max mem: 2942
      Evaluation: [ 400/1978]  eta: 0:01:50    time: 0.0700  data: 0.0000  max mem: 2942
      Evaluation: [ 500/1978]  eta: 0:01:43    time: 0.0698  data: 0.0000  max mem: 2942
      Evaluation: [ 600/1978]  eta: 0:01:36    time: 0.0698  data: 0.0000  max mem: 2942
      Evaluation: [ 700/1978]  eta: 0:01:29    time: 0.0701  data: 0.0000  max mem: 2942
      Evaluation: [ 800/1978]  eta: 0:01:22    time: 0.0698  data: 0.0000  max mem: 2942
      Evaluation: [ 900/1978]  eta: 0:01:15    time: 0.0699  data: 0.0000  max mem: 2942
      Evaluation: [1000/1978]  eta: 0:01:08    time: 0.0705  data: 0.0000  max mem: 2942
      Evaluation: [1100/1978]  eta: 0:01:01    time: 0.0701  data: 0.0000  max mem: 2942
      Evaluation: [1200/1978]  eta: 0:00:54    time: 0.0700  data: 0.0000  max mem: 2942
      Evaluation: [1300/1978]  eta: 0:00:47    time: 0.0700  data: 0.0000  max mem: 2942
      Evaluation: [1400/1978]  eta: 0:00:40    time: 0.0698  data: 0.0000  max mem: 2942
      Evaluation: [1500/1978]  eta: 0:00:33    time: 0.0700  data: 0.0000  max mem: 2942
      Evaluation: [1600/1978]  eta: 0:00:26    time: 0.0700  data: 0.0000  max mem: 2942
      Evaluation: [1700/1978]  eta: 0:00:19    time: 0.0701  data: 0.0000  max mem: 2942
      Evaluation: [1800/1978]  eta: 0:00:12    time: 0.0699  data: 0.0000  max mem: 2942
      Evaluation: [1900/1978]  eta: 0:00:05    time: 0.0701  data: 0.0000  max mem: 2942
      Evaluation: [1977/1978]  eta: 0:00:00    time: 0.0700  data: 0.0000  max mem: 2942
      Evaluation: Total time: 0:02:18 (0.0701 s / it)
     Computing matching score time 0:02:18
### TTA ITM Score: 
+-------+--------+--------+--------+--------+--------+
| epoch |   R1   |   R5   |  R10   |  mAP   |  mINP  |
+-------+--------+--------+--------+--------+--------+
|  -999 | 69.414 | 95.197 | 97.776 | 81.233 | 81.233 |
|  -999 | 69.414 | 95.197 | 97.776 | 81.233 | 81.233 |
|  -999 | 84.277 | 99.039 | 99.596 | 91.276 | 91.276 |
|   0   | 84.631 | 98.837 | 99.494 | 91.358 | 91.358 |
|   1   | 84.833 | 98.888 | 99.494 | 91.487 | 91.487 |
|   2   | 84.884 | 98.837 | 99.393 | 91.510 | 91.510 |
|   3   | 84.884 | 98.736 | 99.393 | 91.517 | 91.517 |
|   4   | 84.681 | 98.736 | 99.444 | 91.410 | 91.410 |
|   5   | 84.681 | 98.787 | 99.444 | 91.403 | 91.403 |
|   6   | 84.681 | 98.787 | 99.444 | 91.412 | 91.412 |
|   7   | 84.631 | 98.787 | 99.444 | 91.385 | 91.385 |
|   8   | 84.631 | 98.787 | 99.444 | 91.387 | 91.387 |
|   9   | 84.732 | 98.787 | 99.393 | 91.429 | 91.429 |
|   10  | 84.783 | 98.787 | 99.393 | 91.458 | 91.458 |
|   11  | 84.783 | 98.787 | 99.393 | 91.454 | 91.454 |
|   12  | 84.783 | 98.787 | 99.393 | 91.459 | 91.459 |
|   13  | 84.783 | 98.787 | 99.393 | 91.459 | 91.459 |
|   14  | 84.681 | 98.787 | 99.343 | 91.404 | 91.404 |
|   15  | 84.732 | 98.787 | 99.343 | 91.429 | 91.429 |
+-------+--------+--------+--------+--------+--------+
     logs:  {'epo': 15, 'R1': 84.732, 'R5': 98.787, 'R10': 99.343, 'mAP': 91.429, 'mINP': 91.429, 'lr': 1e-05, 'entropy': 0.189135, 'loss': 0.189135, 'entr_unc': 0.189135, 'uncertainty': 1.0, 'uncertainty_multiply_coeffi': 1.0}
      TTA Epoch: [16] [  0/123]  eta: 0:00:58  lr: 0.000010  entropy: 0.0876  loss: 0.0876  entr_unc: 0.0876  uncertainty: 1.0000  uncertainty_multiply_coeffi: 1.0000  time: 0.4728  data: 0.3689  max mem: 2942
      TTA Epoch: [16] [100/123]  eta: 0:00:01  lr: 0.000009  entropy: 0.2637  loss: 0.2637  entr_unc: 0.2637  uncertainty: 1.0000  uncertainty_multiply_coeffi: 1.0000  time: 0.0562  data: 0.0041  max mem: 2942
      TTA Epoch: [16] [122/123]  eta: 0:00:00  lr: 0.000009  entropy: 0.2381  loss: 0.2381  entr_unc: 0.2381  uncertainty: 1.0000  uncertainty_multiply_coeffi: 1.0000  time: 0.0485  data: 0.0028  max mem: 2942
      TTA Epoch: [16] Total time: 0:00:07 (0.0612 s / it)
     Averaged stats: lr: 0.0000  entropy: 0.1825  loss: 0.1825  entr_unc: 0.1825  uncertainty: 1.0000  uncertainty_multiply_coeffi: 1.0000
     itm tta time 0:00:07
     Computing matching score
      Evaluation: [   0/1978]  eta: 0:02:28    time: 0.0753  data: 0.0034  max mem: 2942
      Evaluation: [ 100/1978]  eta: 0:02:11    time: 0.0698  data: 0.0000  max mem: 2942
      Evaluation: [ 200/1978]  eta: 0:02:05    time: 0.0698  data: 0.0000  max mem: 2942
      Evaluation: [ 300/1978]  eta: 0:01:58    time: 0.0698  data: 0.0000  max mem: 2942
      Evaluation: [ 400/1978]  eta: 0:01:50    time: 0.0699  data: 0.0000  max mem: 2942
      Evaluation: [ 500/1978]  eta: 0:01:43    time: 0.0698  data: 0.0000  max mem: 2942
      Evaluation: [ 600/1978]  eta: 0:01:36    time: 0.0698  data: 0.0000  max mem: 2942
      Evaluation: [ 700/1978]  eta: 0:01:29    time: 0.0699  data: 0.0000  max mem: 2942
      Evaluation: [ 800/1978]  eta: 0:01:22    time: 0.0700  data: 0.0000  max mem: 2942
      Evaluation: [ 900/1978]  eta: 0:01:15    time: 0.0697  data: 0.0000  max mem: 2942
      Evaluation: [1000/1978]  eta: 0:01:08    time: 0.0698  data: 0.0000  max mem: 2942
      Evaluation: [1100/1978]  eta: 0:01:01    time: 0.0698  data: 0.0000  max mem: 2942
      Evaluation: [1200/1978]  eta: 0:00:54    time: 0.0700  data: 0.0000  max mem: 2942
      Evaluation: [1300/1978]  eta: 0:00:47    time: 0.0699  data: 0.0000  max mem: 2942
      Evaluation: [1400/1978]  eta: 0:00:40    time: 0.0706  data: 0.0000  max mem: 2942
      Evaluation: [1500/1978]  eta: 0:00:33    time: 0.0698  data: 0.0000  max mem: 2942
      Evaluation: [1600/1978]  eta: 0:00:26    time: 0.0699  data: 0.0000  max mem: 2942
      Evaluation: [1700/1978]  eta: 0:00:19    time: 0.0698  data: 0.0000  max mem: 2942
      Evaluation: [1800/1978]  eta: 0:00:12    time: 0.0698  data: 0.0000  max mem: 2942
      Evaluation: [1900/1978]  eta: 0:00:05    time: 0.0698  data: 0.0000  max mem: 2942
      Evaluation: [1977/1978]  eta: 0:00:00    time: 0.0701  data: 0.0000  max mem: 2942
      Evaluation: Total time: 0:02:18 (0.0700 s / it)
     Computing matching score time 0:02:18
### TTA ITM Score: 
+-------+--------+--------+--------+--------+--------+
| epoch |   R1   |   R5   |  R10   |  mAP   |  mINP  |
+-------+--------+--------+--------+--------+--------+
|  -999 | 69.414 | 95.197 | 97.776 | 81.233 | 81.233 |
|  -999 | 69.414 | 95.197 | 97.776 | 81.233 | 81.233 |
|  -999 | 84.277 | 99.039 | 99.596 | 91.276 | 91.276 |
|   0   | 84.631 | 98.837 | 99.494 | 91.358 | 91.358 |
|   1   | 84.833 | 98.888 | 99.494 | 91.487 | 91.487 |
|   2   | 84.884 | 98.837 | 99.393 | 91.510 | 91.510 |
|   3   | 84.884 | 98.736 | 99.393 | 91.517 | 91.517 |
|   4   | 84.681 | 98.736 | 99.444 | 91.410 | 91.410 |
|   5   | 84.681 | 98.787 | 99.444 | 91.403 | 91.403 |
|   6   | 84.681 | 98.787 | 99.444 | 91.412 | 91.412 |
|   7   | 84.631 | 98.787 | 99.444 | 91.385 | 91.385 |
|   8   | 84.631 | 98.787 | 99.444 | 91.387 | 91.387 |
|   9   | 84.732 | 98.787 | 99.393 | 91.429 | 91.429 |
|   10  | 84.783 | 98.787 | 99.393 | 91.458 | 91.458 |
|   11  | 84.783 | 98.787 | 99.393 | 91.454 | 91.454 |
|   12  | 84.783 | 98.787 | 99.393 | 91.459 | 91.459 |
|   13  | 84.783 | 98.787 | 99.393 | 91.459 | 91.459 |
|   14  | 84.681 | 98.787 | 99.343 | 91.404 | 91.404 |
|   15  | 84.732 | 98.787 | 99.343 | 91.429 | 91.429 |
|   16  | 84.732 | 98.787 | 99.343 | 91.429 | 91.429 |
+-------+--------+--------+--------+--------+--------+
     logs:  {'epo': 16, 'R1': 84.732, 'R5': 98.787, 'R10': 99.343, 'mAP': 91.429, 'mINP': 91.429, 'lr': 9e-06, 'entropy': 0.182477, 'loss': 0.182477, 'entr_unc': 0.182477, 'uncertainty': 1.0, 'uncertainty_multiply_coeffi': 1.0}
      TTA Epoch: [17] [  0/123]  eta: 0:01:00  lr: 0.000009  entropy: 0.1061  loss: 0.1061  entr_unc: 0.1061  uncertainty: 1.0000  uncertainty_multiply_coeffi: 1.0000  time: 0.4885  data: 0.3372  max mem: 2942
      TTA Epoch: [17] [100/123]  eta: 0:00:01  lr: 0.000008  entropy: 0.3177  loss: 0.3177  entr_unc: 0.3177  uncertainty: 1.0000  uncertainty_multiply_coeffi: 1.0000  time: 0.0586  data: 0.0060  max mem: 2942
      TTA Epoch: [17] [122/123]  eta: 0:00:00  lr: 0.000008  entropy: 0.2053  loss: 0.2053  entr_unc: 0.2053  uncertainty: 1.0000  uncertainty_multiply_coeffi: 1.0000  time: 0.0489  data: 0.0021  max mem: 2942
      TTA Epoch: [17] Total time: 0:00:07 (0.0612 s / it)
     Averaged stats: lr: 0.0000  entropy: 0.1864  loss: 0.1864  entr_unc: 0.1864  uncertainty: 1.0000  uncertainty_multiply_coeffi: 1.0000
     itm tta time 0:00:07
     Computing matching score
      Evaluation: [   0/1978]  eta: 0:02:27    time: 0.0747  data: 0.0033  max mem: 2942
      Evaluation: [ 100/1978]  eta: 0:02:12    time: 0.0733  data: 0.0000  max mem: 2942
      Evaluation: [ 200/1978]  eta: 0:02:05    time: 0.0698  data: 0.0000  max mem: 2942
      Evaluation: [ 300/1978]  eta: 0:01:58    time: 0.0699  data: 0.0000  max mem: 2942
      Evaluation: [ 400/1978]  eta: 0:01:51    time: 0.0706  data: 0.0000  max mem: 2942
      Evaluation: [ 500/1978]  eta: 0:01:44    time: 0.0703  data: 0.0000  max mem: 2942
      Evaluation: [ 600/1978]  eta: 0:01:37    time: 0.0700  data: 0.0000  max mem: 2942
      Evaluation: [ 700/1978]  eta: 0:01:30    time: 0.0701  data: 0.0000  max mem: 2942
      Evaluation: [ 800/1978]  eta: 0:01:23    time: 0.0700  data: 0.0000  max mem: 2942
      Evaluation: [ 900/1978]  eta: 0:01:15    time: 0.0700  data: 0.0000  max mem: 2942
      Evaluation: [1000/1978]  eta: 0:01:08    time: 0.0706  data: 0.0000  max mem: 2942
      Evaluation: [1100/1978]  eta: 0:01:01    time: 0.0701  data: 0.0000  max mem: 2942
      Evaluation: [1200/1978]  eta: 0:00:54    time: 0.0700  data: 0.0000  max mem: 2942
      Evaluation: [1300/1978]  eta: 0:00:47    time: 0.0700  data: 0.0000  max mem: 2942
      Evaluation: [1400/1978]  eta: 0:00:40    time: 0.0700  data: 0.0000  max mem: 2942
      Evaluation: [1500/1978]  eta: 0:00:33    time: 0.0700  data: 0.0000  max mem: 2942
      Evaluation: [1600/1978]  eta: 0:00:26    time: 0.0701  data: 0.0000  max mem: 2942
      Evaluation: [1700/1978]  eta: 0:00:19    time: 0.0703  data: 0.0000  max mem: 2942
      Evaluation: [1800/1978]  eta: 0:00:12    time: 0.0701  data: 0.0000  max mem: 2942
      Evaluation: [1900/1978]  eta: 0:00:05    time: 0.0701  data: 0.0000  max mem: 2942
      Evaluation: [1977/1978]  eta: 0:00:00    time: 0.0701  data: 0.0000  max mem: 2942
      Evaluation: Total time: 0:02:19 (0.0703 s / it)
     Computing matching score time 0:02:19
### TTA ITM Score: 
+-------+--------+--------+--------+--------+--------+
| epoch |   R1   |   R5   |  R10   |  mAP   |  mINP  |
+-------+--------+--------+--------+--------+--------+
|  -999 | 69.414 | 95.197 | 97.776 | 81.233 | 81.233 |
|  -999 | 69.414 | 95.197 | 97.776 | 81.233 | 81.233 |
|  -999 | 84.277 | 99.039 | 99.596 | 91.276 | 91.276 |
|   0   | 84.631 | 98.837 | 99.494 | 91.358 | 91.358 |
|   1   | 84.833 | 98.888 | 99.494 | 91.487 | 91.487 |
|   2   | 84.884 | 98.837 | 99.393 | 91.510 | 91.510 |
|   3   | 84.884 | 98.736 | 99.393 | 91.517 | 91.517 |
|   4   | 84.681 | 98.736 | 99.444 | 91.410 | 91.410 |
|   5   | 84.681 | 98.787 | 99.444 | 91.403 | 91.403 |
|   6   | 84.681 | 98.787 | 99.444 | 91.412 | 91.412 |
|   7   | 84.631 | 98.787 | 99.444 | 91.385 | 91.385 |
|   8   | 84.631 | 98.787 | 99.444 | 91.387 | 91.387 |
|   9   | 84.732 | 98.787 | 99.393 | 91.429 | 91.429 |
|   10  | 84.783 | 98.787 | 99.393 | 91.458 | 91.458 |
|   11  | 84.783 | 98.787 | 99.393 | 91.454 | 91.454 |
|   12  | 84.783 | 98.787 | 99.393 | 91.459 | 91.459 |
|   13  | 84.783 | 98.787 | 99.393 | 91.459 | 91.459 |
|   14  | 84.681 | 98.787 | 99.343 | 91.404 | 91.404 |
|   15  | 84.732 | 98.787 | 99.343 | 91.429 | 91.429 |
|   16  | 84.732 | 98.787 | 99.343 | 91.429 | 91.429 |
|   17  | 84.783 | 98.787 | 99.343 | 91.454 | 91.454 |
+-------+--------+--------+--------+--------+--------+
     logs:  {'epo': 17, 'R1': 84.783, 'R5': 98.787, 'R10': 99.343, 'mAP': 91.454, 'mINP': 91.454, 'lr': 9e-06, 'entropy': 0.186354, 'loss': 0.186354, 'entr_unc': 0.186354, 'uncertainty': 1.0, 'uncertainty_multiply_coeffi': 1.0}
      TTA Epoch: [18] [  0/123]  eta: 0:01:04  lr: 0.000008  entropy: 0.2598  loss: 0.2598  entr_unc: 0.2598  uncertainty: 1.0000  uncertainty_multiply_coeffi: 1.0000  time: 0.5272  data: 0.4380  max mem: 2942
      TTA Epoch: [18] [100/123]  eta: 0:00:01  lr: 0.000008  entropy: 0.2191  loss: 0.2191  entr_unc: 0.2191  uncertainty: 1.0000  uncertainty_multiply_coeffi: 1.0000  time: 0.0593  data: 0.0025  max mem: 2942
      TTA Epoch: [18] [122/123]  eta: 0:00:00  lr: 0.000008  entropy: 0.1675  loss: 0.1675  entr_unc: 0.1675  uncertainty: 1.0000  uncertainty_multiply_coeffi: 1.0000  time: 0.0487  data: 0.0027  max mem: 2942
      TTA Epoch: [18] Total time: 0:00:07 (0.0616 s / it)
     Averaged stats: lr: 0.0000  entropy: 0.1807  loss: 0.1807  entr_unc: 0.1807  uncertainty: 1.0000  uncertainty_multiply_coeffi: 1.0000
     itm tta time 0:00:07
     Computing matching score
      Evaluation: [   0/1978]  eta: 0:02:29    time: 0.0755  data: 0.0034  max mem: 2942
      Evaluation: [ 100/1978]  eta: 0:02:12    time: 0.0702  data: 0.0000  max mem: 2942
      Evaluation: [ 200/1978]  eta: 0:02:07    time: 0.0700  data: 0.0000  max mem: 2942
      Evaluation: [ 300/1978]  eta: 0:01:59    time: 0.0700  data: 0.0000  max mem: 2942
      Evaluation: [ 400/1978]  eta: 0:01:51    time: 0.0700  data: 0.0000  max mem: 2942
      Evaluation: [ 500/1978]  eta: 0:01:44    time: 0.0706  data: 0.0000  max mem: 2942
      Evaluation: [ 600/1978]  eta: 0:01:37    time: 0.0700  data: 0.0000  max mem: 2942
      Evaluation: [ 700/1978]  eta: 0:01:30    time: 0.0699  data: 0.0000  max mem: 2942
      Evaluation: [ 800/1978]  eta: 0:01:23    time: 0.0700  data: 0.0000  max mem: 2942
      Evaluation: [ 900/1978]  eta: 0:01:15    time: 0.0707  data: 0.0000  max mem: 2942
      Evaluation: [1000/1978]  eta: 0:01:08    time: 0.0699  data: 0.0000  max mem: 2942
      Evaluation: [1100/1978]  eta: 0:01:01    time: 0.0780  data: 0.0000  max mem: 2942
      Evaluation: [1200/1978]  eta: 0:00:54    time: 0.0700  data: 0.0000  max mem: 2942
      Evaluation: [1300/1978]  eta: 0:00:47    time: 0.0738  data: 0.0000  max mem: 2942
      Evaluation: [1400/1978]  eta: 0:00:40    time: 0.0699  data: 0.0000  max mem: 2942
      Evaluation: [1500/1978]  eta: 0:00:33    time: 0.0701  data: 0.0000  max mem: 2942
      Evaluation: [1600/1978]  eta: 0:00:26    time: 0.0700  data: 0.0000  max mem: 2942
      Evaluation: [1700/1978]  eta: 0:00:19    time: 0.0701  data: 0.0000  max mem: 2942
      Evaluation: [1800/1978]  eta: 0:00:12    time: 0.0701  data: 0.0000  max mem: 2942
      Evaluation: [1900/1978]  eta: 0:00:05    time: 0.0703  data: 0.0000  max mem: 2942
      Evaluation: [1977/1978]  eta: 0:00:00    time: 0.0701  data: 0.0000  max mem: 2942
      Evaluation: Total time: 0:02:19 (0.0705 s / it)
     Computing matching score time 0:02:19
### TTA ITM Score: 
+-------+--------+--------+--------+--------+--------+
| epoch |   R1   |   R5   |  R10   |  mAP   |  mINP  |
+-------+--------+--------+--------+--------+--------+
|  -999 | 69.414 | 95.197 | 97.776 | 81.233 | 81.233 |
|  -999 | 69.414 | 95.197 | 97.776 | 81.233 | 81.233 |
|  -999 | 84.277 | 99.039 | 99.596 | 91.276 | 91.276 |
|   0   | 84.631 | 98.837 | 99.494 | 91.358 | 91.358 |
|   1   | 84.833 | 98.888 | 99.494 | 91.487 | 91.487 |
|   2   | 84.884 | 98.837 | 99.393 | 91.510 | 91.510 |
|   3   | 84.884 | 98.736 | 99.393 | 91.517 | 91.517 |
|   4   | 84.681 | 98.736 | 99.444 | 91.410 | 91.410 |
|   5   | 84.681 | 98.787 | 99.444 | 91.403 | 91.403 |
|   6   | 84.681 | 98.787 | 99.444 | 91.412 | 91.412 |
|   7   | 84.631 | 98.787 | 99.444 | 91.385 | 91.385 |
|   8   | 84.631 | 98.787 | 99.444 | 91.387 | 91.387 |
|   9   | 84.732 | 98.787 | 99.393 | 91.429 | 91.429 |
|   10  | 84.783 | 98.787 | 99.393 | 91.458 | 91.458 |
|   11  | 84.783 | 98.787 | 99.393 | 91.454 | 91.454 |
|   12  | 84.783 | 98.787 | 99.393 | 91.459 | 91.459 |
|   13  | 84.783 | 98.787 | 99.393 | 91.459 | 91.459 |
|   14  | 84.681 | 98.787 | 99.343 | 91.404 | 91.404 |
|   15  | 84.732 | 98.787 | 99.343 | 91.429 | 91.429 |
|   16  | 84.732 | 98.787 | 99.343 | 91.429 | 91.429 |
|   17  | 84.783 | 98.787 | 99.343 | 91.454 | 91.454 |
|   18  | 84.732 | 98.787 | 99.343 | 91.428 | 91.428 |
+-------+--------+--------+--------+--------+--------+
     logs:  {'epo': 18, 'R1': 84.732, 'R5': 98.787, 'R10': 99.343, 'mAP': 91.428, 'mINP': 91.428, 'lr': 8e-06, 'entropy': 0.180692, 'loss': 0.180692, 'entr_unc': 0.180692, 'uncertainty': 1.0, 'uncertainty_multiply_coeffi': 1.0}
      TTA Epoch: [19] [  0/123]  eta: 0:00:59  lr: 0.000008  entropy: 0.2328  loss: 0.2328  entr_unc: 0.2328  uncertainty: 1.0000  uncertainty_multiply_coeffi: 1.0000  time: 0.4820  data: 0.3130  max mem: 2942
      TTA Epoch: [19] [100/123]  eta: 0:00:01  lr: 0.000007  entropy: 0.1802  loss: 0.1802  entr_unc: 0.1802  uncertainty: 1.0000  uncertainty_multiply_coeffi: 1.0000  time: 0.0585  data: 0.0035  max mem: 2942
      TTA Epoch: [19] [122/123]  eta: 0:00:00  lr: 0.000007  entropy: 0.1657  loss: 0.1657  entr_unc: 0.1657  uncertainty: 1.0000  uncertainty_multiply_coeffi: 1.0000  time: 0.0490  data: 0.0021  max mem: 2942
      TTA Epoch: [19] Total time: 0:00:07 (0.0612 s / it)
     Averaged stats: lr: 0.0000  entropy: 0.1839  loss: 0.1839  entr_unc: 0.1839  uncertainty: 1.0000  uncertainty_multiply_coeffi: 1.0000
     itm tta time 0:00:07
     Computing matching score
      Evaluation: [   0/1978]  eta: 0:02:27    time: 0.0745  data: 0.0034  max mem: 2942
      Evaluation: [ 100/1978]  eta: 0:02:12    time: 0.0701  data: 0.0000  max mem: 2942
      Evaluation: [ 200/1978]  eta: 0:02:04    time: 0.0699  data: 0.0000  max mem: 2942
      Evaluation: [ 300/1978]  eta: 0:01:57    time: 0.0699  data: 0.0000  max mem: 2942
      Evaluation: [ 400/1978]  eta: 0:01:50    time: 0.0700  data: 0.0000  max mem: 2942
      Evaluation: [ 500/1978]  eta: 0:01:43    time: 0.0700  data: 0.0000  max mem: 2942
      Evaluation: [ 600/1978]  eta: 0:01:36    time: 0.0699  data: 0.0000  max mem: 2942
      Evaluation: [ 700/1978]  eta: 0:01:29    time: 0.0700  data: 0.0000  max mem: 2942
      Evaluation: [ 800/1978]  eta: 0:01:22    time: 0.0702  data: 0.0000  max mem: 2942
      Evaluation: [ 900/1978]  eta: 0:01:15    time: 0.0699  data: 0.0000  max mem: 2942
      Evaluation: [1000/1978]  eta: 0:01:08    time: 0.0701  data: 0.0000  max mem: 2942
      Evaluation: [1100/1978]  eta: 0:01:01    time: 0.0700  data: 0.0000  max mem: 2942
      Evaluation: [1200/1978]  eta: 0:00:54    time: 0.0699  data: 0.0000  max mem: 2942
      Evaluation: [1300/1978]  eta: 0:00:47    time: 0.0700  data: 0.0000  max mem: 2942
      Evaluation: [1400/1978]  eta: 0:00:40    time: 0.0699  data: 0.0000  max mem: 2942
      Evaluation: [1500/1978]  eta: 0:00:33    time: 0.0700  data: 0.0000  max mem: 2942
      Evaluation: [1600/1978]  eta: 0:00:26    time: 0.0699  data: 0.0000  max mem: 2942
      Evaluation: [1700/1978]  eta: 0:00:19    time: 0.0700  data: 0.0000  max mem: 2942
      Evaluation: [1800/1978]  eta: 0:00:12    time: 0.0700  data: 0.0000  max mem: 2942
      Evaluation: [1900/1978]  eta: 0:00:05    time: 0.0700  data: 0.0000  max mem: 2942
      Evaluation: [1977/1978]  eta: 0:00:00    time: 0.0699  data: 0.0000  max mem: 2942
      Evaluation: Total time: 0:02:18 (0.0700 s / it)
     Computing matching score time 0:02:18
### TTA ITM Score: 
+-------+--------+--------+--------+--------+--------+
| epoch |   R1   |   R5   |  R10   |  mAP   |  mINP  |
+-------+--------+--------+--------+--------+--------+
|  -999 | 69.414 | 95.197 | 97.776 | 81.233 | 81.233 |
|  -999 | 69.414 | 95.197 | 97.776 | 81.233 | 81.233 |
|  -999 | 84.277 | 99.039 | 99.596 | 91.276 | 91.276 |
|   0   | 84.631 | 98.837 | 99.494 | 91.358 | 91.358 |
|   1   | 84.833 | 98.888 | 99.494 | 91.487 | 91.487 |
|   2   | 84.884 | 98.837 | 99.393 | 91.510 | 91.510 |
|   3   | 84.884 | 98.736 | 99.393 | 91.517 | 91.517 |
|   4   | 84.681 | 98.736 | 99.444 | 91.410 | 91.410 |
|   5   | 84.681 | 98.787 | 99.444 | 91.403 | 91.403 |
|   6   | 84.681 | 98.787 | 99.444 | 91.412 | 91.412 |
|   7   | 84.631 | 98.787 | 99.444 | 91.385 | 91.385 |
|   8   | 84.631 | 98.787 | 99.444 | 91.387 | 91.387 |
|   9   | 84.732 | 98.787 | 99.393 | 91.429 | 91.429 |
|   10  | 84.783 | 98.787 | 99.393 | 91.458 | 91.458 |
|   11  | 84.783 | 98.787 | 99.393 | 91.454 | 91.454 |
|   12  | 84.783 | 98.787 | 99.393 | 91.459 | 91.459 |
|   13  | 84.783 | 98.787 | 99.393 | 91.459 | 91.459 |
|   14  | 84.681 | 98.787 | 99.343 | 91.404 | 91.404 |
|   15  | 84.732 | 98.787 | 99.343 | 91.429 | 91.429 |
|   16  | 84.732 | 98.787 | 99.343 | 91.429 | 91.429 |
|   17  | 84.783 | 98.787 | 99.343 | 91.454 | 91.454 |
|   18  | 84.732 | 98.787 | 99.343 | 91.428 | 91.428 |
|   19  | 84.833 | 98.787 | 99.343 | 91.479 | 91.479 |
+-------+--------+--------+--------+--------+--------+
     logs:  {'epo': 19, 'R1': 84.833, 'R5': 98.787, 'R10': 99.343, 'mAP': 91.479, 'mINP': 91.479, 'lr': 7e-06, 'entropy': 0.18388, 'loss': 0.18388, 'entr_unc': 0.18388, 'uncertainty': 1.0, 'uncertainty_multiply_coeffi': 1.0}
      TTA Epoch: [20] [  0/123]  eta: 0:01:00  lr: 0.000007  entropy: 0.2160  loss: 0.2160  entr_unc: 0.2160  uncertainty: 1.0000  uncertainty_multiply_coeffi: 1.0000  time: 0.4905  data: 0.3248  max mem: 2942
      TTA Epoch: [20] [100/123]  eta: 0:00:01  lr: 0.000006  entropy: 0.1841  loss: 0.1841  entr_unc: 0.1841  uncertainty: 1.0000  uncertainty_multiply_coeffi: 1.0000  time: 0.0607  data: 0.0040  max mem: 2942
      TTA Epoch: [20] [122/123]  eta: 0:00:00  lr: 0.000006  entropy: 0.1735  loss: 0.1735  entr_unc: 0.1735  uncertainty: 1.0000  uncertainty_multiply_coeffi: 1.0000  time: 0.0496  data: 0.0019  max mem: 2942
      TTA Epoch: [20] Total time: 0:00:07 (0.0616 s / it)
     Averaged stats: lr: 0.0000  entropy: 0.1747  loss: 0.1747  entr_unc: 0.1747  uncertainty: 1.0000  uncertainty_multiply_coeffi: 1.0000
     itm tta time 0:00:07
     Computing matching score
      Evaluation: [   0/1978]  eta: 0:02:28    time: 0.0750  data: 0.0034  max mem: 2942
      Evaluation: [ 100/1978]  eta: 0:02:11    time: 0.0700  data: 0.0000  max mem: 2942
      Evaluation: [ 200/1978]  eta: 0:02:04    time: 0.0699  data: 0.0000  max mem: 2942
      Evaluation: [ 300/1978]  eta: 0:01:57    time: 0.0699  data: 0.0000  max mem: 2942
      Evaluation: [ 400/1978]  eta: 0:01:50    time: 0.0700  data: 0.0000  max mem: 2942
      Evaluation: [ 500/1978]  eta: 0:01:43    time: 0.0701  data: 0.0000  max mem: 2942
      Evaluation: [ 600/1978]  eta: 0:01:36    time: 0.0700  data: 0.0000  max mem: 2942
      Evaluation: [ 700/1978]  eta: 0:01:29    time: 0.0701  data: 0.0000  max mem: 2942
      Evaluation: [ 800/1978]  eta: 0:01:22    time: 0.0699  data: 0.0000  max mem: 2942
      Evaluation: [ 900/1978]  eta: 0:01:15    time: 0.0699  data: 0.0000  max mem: 2942
      Evaluation: [1000/1978]  eta: 0:01:08    time: 0.0700  data: 0.0000  max mem: 2942
      Evaluation: [1100/1978]  eta: 0:01:01    time: 0.0700  data: 0.0000  max mem: 2942
      Evaluation: [1200/1978]  eta: 0:00:54    time: 0.0699  data: 0.0000  max mem: 2942
      Evaluation: [1300/1978]  eta: 0:00:47    time: 0.0704  data: 0.0000  max mem: 2942
      Evaluation: [1400/1978]  eta: 0:00:40    time: 0.0699  data: 0.0000  max mem: 2942
      Evaluation: [1500/1978]  eta: 0:00:33    time: 0.0700  data: 0.0000  max mem: 2942
      Evaluation: [1600/1978]  eta: 0:00:26    time: 0.0701  data: 0.0000  max mem: 2942
      Evaluation: [1700/1978]  eta: 0:00:19    time: 0.0700  data: 0.0000  max mem: 2942
      Evaluation: [1800/1978]  eta: 0:00:12    time: 0.0700  data: 0.0000  max mem: 2942
      Evaluation: [1900/1978]  eta: 0:00:05    time: 0.0703  data: 0.0000  max mem: 2942
      Evaluation: [1977/1978]  eta: 0:00:00    time: 0.0704  data: 0.0000  max mem: 2942
      Evaluation: Total time: 0:02:18 (0.0700 s / it)
     Computing matching score time 0:02:18
### TTA ITM Score: 
+-------+--------+--------+--------+--------+--------+
| epoch |   R1   |   R5   |  R10   |  mAP   |  mINP  |
+-------+--------+--------+--------+--------+--------+
|  -999 | 69.414 | 95.197 | 97.776 | 81.233 | 81.233 |
|  -999 | 69.414 | 95.197 | 97.776 | 81.233 | 81.233 |
|  -999 | 84.277 | 99.039 | 99.596 | 91.276 | 91.276 |
|   0   | 84.631 | 98.837 | 99.494 | 91.358 | 91.358 |
|   1   | 84.833 | 98.888 | 99.494 | 91.487 | 91.487 |
|   2   | 84.884 | 98.837 | 99.393 | 91.510 | 91.510 |
|   3   | 84.884 | 98.736 | 99.393 | 91.517 | 91.517 |
|   4   | 84.681 | 98.736 | 99.444 | 91.410 | 91.410 |
|   5   | 84.681 | 98.787 | 99.444 | 91.403 | 91.403 |
|   6   | 84.681 | 98.787 | 99.444 | 91.412 | 91.412 |
|   7   | 84.631 | 98.787 | 99.444 | 91.385 | 91.385 |
|   8   | 84.631 | 98.787 | 99.444 | 91.387 | 91.387 |
|   9   | 84.732 | 98.787 | 99.393 | 91.429 | 91.429 |
|   10  | 84.783 | 98.787 | 99.393 | 91.458 | 91.458 |
|   11  | 84.783 | 98.787 | 99.393 | 91.454 | 91.454 |
|   12  | 84.783 | 98.787 | 99.393 | 91.459 | 91.459 |
|   13  | 84.783 | 98.787 | 99.393 | 91.459 | 91.459 |
|   14  | 84.681 | 98.787 | 99.343 | 91.404 | 91.404 |
|   15  | 84.732 | 98.787 | 99.343 | 91.429 | 91.429 |
|   16  | 84.732 | 98.787 | 99.343 | 91.429 | 91.429 |
|   17  | 84.783 | 98.787 | 99.343 | 91.454 | 91.454 |
|   18  | 84.732 | 98.787 | 99.343 | 91.428 | 91.428 |
|   19  | 84.833 | 98.787 | 99.343 | 91.479 | 91.479 |
|   20  | 84.884 | 98.787 | 99.343 | 91.505 | 91.505 |
+-------+--------+--------+--------+--------+--------+
     logs:  {'epo': 20, 'R1': 84.884, 'R5': 98.787, 'R10': 99.343, 'mAP': 91.505, 'mINP': 91.505, 'lr': 7e-06, 'entropy': 0.174703, 'loss': 0.174703, 'entr_unc': 0.174703, 'uncertainty': 1.0, 'uncertainty_multiply_coeffi': 1.0}
      TTA Epoch: [21] [  0/123]  eta: 0:01:02  lr: 0.000006  entropy: 0.3387  loss: 0.3387  entr_unc: 0.3387  uncertainty: 1.0000  uncertainty_multiply_coeffi: 1.0000  time: 0.5062  data: 0.3983  max mem: 2942
      TTA Epoch: [21] [100/123]  eta: 0:00:01  lr: 0.000006  entropy: 0.2333  loss: 0.2333  entr_unc: 0.2333  uncertainty: 1.0000  uncertainty_multiply_coeffi: 1.0000  time: 0.0568  data: 0.0049  max mem: 2942
      TTA Epoch: [21] [122/123]  eta: 0:00:00  lr: 0.000006  entropy: 0.1863  loss: 0.1863  entr_unc: 0.1863  uncertainty: 1.0000  uncertainty_multiply_coeffi: 1.0000  time: 0.0485  data: 0.0019  max mem: 2942
      TTA Epoch: [21] Total time: 0:00:07 (0.0613 s / it)
     Averaged stats: lr: 0.0000  entropy: 0.1784  loss: 0.1784  entr_unc: 0.1784  uncertainty: 1.0000  uncertainty_multiply_coeffi: 1.0000
     itm tta time 0:00:07
     Computing matching score
      Evaluation: [   0/1978]  eta: 0:02:31    time: 0.0764  data: 0.0033  max mem: 2942
      Evaluation: [ 100/1978]  eta: 0:02:11    time: 0.0697  data: 0.0000  max mem: 2942
      Evaluation: [ 200/1978]  eta: 0:02:05    time: 0.0696  data: 0.0000  max mem: 2942
      Evaluation: [ 300/1978]  eta: 0:01:58    time: 0.0697  data: 0.0000  max mem: 2942
      Evaluation: [ 400/1978]  eta: 0:01:50    time: 0.0697  data: 0.0000  max mem: 2942
      Evaluation: [ 500/1978]  eta: 0:01:43    time: 0.0697  data: 0.0000  max mem: 2942
      Evaluation: [ 600/1978]  eta: 0:01:36    time: 0.0697  data: 0.0000  max mem: 2942
      Evaluation: [ 700/1978]  eta: 0:01:29    time: 0.0697  data: 0.0000  max mem: 2942
      Evaluation: [ 800/1978]  eta: 0:01:22    time: 0.0698  data: 0.0000  max mem: 2942
      Evaluation: [ 900/1978]  eta: 0:01:15    time: 0.0702  data: 0.0000  max mem: 2942
      Evaluation: [1000/1978]  eta: 0:01:08    time: 0.0697  data: 0.0000  max mem: 2942
      Evaluation: [1100/1978]  eta: 0:01:01    time: 0.0699  data: 0.0000  max mem: 2942
      Evaluation: [1200/1978]  eta: 0:00:54    time: 0.0698  data: 0.0000  max mem: 2942
      Evaluation: [1300/1978]  eta: 0:00:47    time: 0.0698  data: 0.0000  max mem: 2942
      Evaluation: [1400/1978]  eta: 0:00:40    time: 0.0697  data: 0.0000  max mem: 2942
      Evaluation: [1500/1978]  eta: 0:00:33    time: 0.0698  data: 0.0000  max mem: 2942
      Evaluation: [1600/1978]  eta: 0:00:26    time: 0.0697  data: 0.0000  max mem: 2942
      Evaluation: [1700/1978]  eta: 0:00:19    time: 0.0697  data: 0.0000  max mem: 2942
      Evaluation: [1800/1978]  eta: 0:00:12    time: 0.0697  data: 0.0000  max mem: 2942
      Evaluation: [1900/1978]  eta: 0:00:05    time: 0.0697  data: 0.0000  max mem: 2942
      Evaluation: [1977/1978]  eta: 0:00:00    time: 0.0698  data: 0.0000  max mem: 2942
      Evaluation: Total time: 0:02:18 (0.0701 s / it)
     Computing matching score time 0:02:18
### TTA ITM Score: 
+-------+--------+--------+--------+--------+--------+
| epoch |   R1   |   R5   |  R10   |  mAP   |  mINP  |
+-------+--------+--------+--------+--------+--------+
|  -999 | 69.414 | 95.197 | 97.776 | 81.233 | 81.233 |
|  -999 | 69.414 | 95.197 | 97.776 | 81.233 | 81.233 |
|  -999 | 84.277 | 99.039 | 99.596 | 91.276 | 91.276 |
|   0   | 84.631 | 98.837 | 99.494 | 91.358 | 91.358 |
|   1   | 84.833 | 98.888 | 99.494 | 91.487 | 91.487 |
|   2   | 84.884 | 98.837 | 99.393 | 91.510 | 91.510 |
|   3   | 84.884 | 98.736 | 99.393 | 91.517 | 91.517 |
|   4   | 84.681 | 98.736 | 99.444 | 91.410 | 91.410 |
|   5   | 84.681 | 98.787 | 99.444 | 91.403 | 91.403 |
|   6   | 84.681 | 98.787 | 99.444 | 91.412 | 91.412 |
|   7   | 84.631 | 98.787 | 99.444 | 91.385 | 91.385 |
|   8   | 84.631 | 98.787 | 99.444 | 91.387 | 91.387 |
|   9   | 84.732 | 98.787 | 99.393 | 91.429 | 91.429 |
|   10  | 84.783 | 98.787 | 99.393 | 91.458 | 91.458 |
|   11  | 84.783 | 98.787 | 99.393 | 91.454 | 91.454 |
|   12  | 84.783 | 98.787 | 99.393 | 91.459 | 91.459 |
|   13  | 84.783 | 98.787 | 99.393 | 91.459 | 91.459 |
|   14  | 84.681 | 98.787 | 99.343 | 91.404 | 91.404 |
|   15  | 84.732 | 98.787 | 99.343 | 91.429 | 91.429 |
|   16  | 84.732 | 98.787 | 99.343 | 91.429 | 91.429 |
|   17  | 84.783 | 98.787 | 99.343 | 91.454 | 91.454 |
|   18  | 84.732 | 98.787 | 99.343 | 91.428 | 91.428 |
|   19  | 84.833 | 98.787 | 99.343 | 91.479 | 91.479 |
|   20  | 84.884 | 98.787 | 99.343 | 91.505 | 91.505 |
|   21  | 84.934 | 98.787 | 99.343 | 91.522 | 91.522 |
+-------+--------+--------+--------+--------+--------+
     logs:  {'epo': 21, 'R1': 84.934, 'R5': 98.787, 'R10': 99.343, 'mAP': 91.522, 'mINP': 91.522, 'lr': 6e-06, 'entropy': 0.178446, 'loss': 0.178446, 'entr_unc': 0.178446, 'uncertainty': 1.0, 'uncertainty_multiply_coeffi': 1.0}
      TTA Epoch: [22] [  0/123]  eta: 0:00:48  lr: 0.000006  entropy: 0.1970  loss: 0.1970  entr_unc: 0.1970  uncertainty: 1.0000  uncertainty_multiply_coeffi: 1.0000  time: 0.3947  data: 0.2662  max mem: 2942
      TTA Epoch: [22] [100/123]  eta: 0:00:01  lr: 0.000005  entropy: 0.1124  loss: 0.1124  entr_unc: 0.1124  uncertainty: 1.0000  uncertainty_multiply_coeffi: 1.0000  time: 0.0567  data: 0.0039  max mem: 2942
      TTA Epoch: [22] [122/123]  eta: 0:00:00  lr: 0.000005  entropy: 0.1432  loss: 0.1432  entr_unc: 0.1432  uncertainty: 1.0000  uncertainty_multiply_coeffi: 1.0000  time: 0.0496  data: 0.0027  max mem: 2942
      TTA Epoch: [22] Total time: 0:00:07 (0.0615 s / it)
     Averaged stats: lr: 0.0000  entropy: 0.1774  loss: 0.1774  entr_unc: 0.1774  uncertainty: 1.0000  uncertainty_multiply_coeffi: 1.0000
     itm tta time 0:00:07
     Computing matching score
      Evaluation: [   0/1978]  eta: 0:02:31    time: 0.0764  data: 0.0034  max mem: 2942
      Evaluation: [ 100/1978]  eta: 0:02:11    time: 0.0698  data: 0.0000  max mem: 2942
      Evaluation: [ 200/1978]  eta: 0:02:05    time: 0.0697  data: 0.0000  max mem: 2942
      Evaluation: [ 300/1978]  eta: 0:01:58    time: 0.0697  data: 0.0000  max mem: 2942
      Evaluation: [ 400/1978]  eta: 0:01:50    time: 0.0698  data: 0.0000  max mem: 2942
      Evaluation: [ 500/1978]  eta: 0:01:43    time: 0.0698  data: 0.0000  max mem: 2942
      Evaluation: [ 600/1978]  eta: 0:01:36    time: 0.0699  data: 0.0000  max mem: 2942
      Evaluation: [ 700/1978]  eta: 0:01:29    time: 0.0699  data: 0.0000  max mem: 2942
      Evaluation: [ 800/1978]  eta: 0:01:22    time: 0.0698  data: 0.0000  max mem: 2942
      Evaluation: [ 900/1978]  eta: 0:01:15    time: 0.0701  data: 0.0000  max mem: 2942
      Evaluation: [1000/1978]  eta: 0:01:08    time: 0.0702  data: 0.0000  max mem: 2942
      Evaluation: [1100/1978]  eta: 0:01:01    time: 0.0699  data: 0.0000  max mem: 2942
      Evaluation: [1200/1978]  eta: 0:00:54    time: 0.0699  data: 0.0000  max mem: 2942
      Evaluation: [1300/1978]  eta: 0:00:47    time: 0.0700  data: 0.0000  max mem: 2942
      Evaluation: [1400/1978]  eta: 0:00:40    time: 0.0701  data: 0.0000  max mem: 2942
      Evaluation: [1500/1978]  eta: 0:00:33    time: 0.0700  data: 0.0000  max mem: 2942
      Evaluation: [1600/1978]  eta: 0:00:26    time: 0.0699  data: 0.0000  max mem: 2942
      Evaluation: [1700/1978]  eta: 0:00:19    time: 0.0700  data: 0.0000  max mem: 2942
      Evaluation: [1800/1978]  eta: 0:00:12    time: 0.0699  data: 0.0000  max mem: 2942
      Evaluation: [1900/1978]  eta: 0:00:05    time: 0.0699  data: 0.0000  max mem: 2942
      Evaluation: [1977/1978]  eta: 0:00:00    time: 0.0698  data: 0.0000  max mem: 2942
      Evaluation: Total time: 0:02:18 (0.0700 s / it)
     Computing matching score time 0:02:18
### TTA ITM Score: 
+-------+--------+--------+--------+--------+--------+
| epoch |   R1   |   R5   |  R10   |  mAP   |  mINP  |
+-------+--------+--------+--------+--------+--------+
|  -999 | 69.414 | 95.197 | 97.776 | 81.233 | 81.233 |
|  -999 | 69.414 | 95.197 | 97.776 | 81.233 | 81.233 |
|  -999 | 84.277 | 99.039 | 99.596 | 91.276 | 91.276 |
|   0   | 84.631 | 98.837 | 99.494 | 91.358 | 91.358 |
|   1   | 84.833 | 98.888 | 99.494 | 91.487 | 91.487 |
|   2   | 84.884 | 98.837 | 99.393 | 91.510 | 91.510 |
|   3   | 84.884 | 98.736 | 99.393 | 91.517 | 91.517 |
|   4   | 84.681 | 98.736 | 99.444 | 91.410 | 91.410 |
|   5   | 84.681 | 98.787 | 99.444 | 91.403 | 91.403 |
|   6   | 84.681 | 98.787 | 99.444 | 91.412 | 91.412 |
|   7   | 84.631 | 98.787 | 99.444 | 91.385 | 91.385 |
|   8   | 84.631 | 98.787 | 99.444 | 91.387 | 91.387 |
|   9   | 84.732 | 98.787 | 99.393 | 91.429 | 91.429 |
|   10  | 84.783 | 98.787 | 99.393 | 91.458 | 91.458 |
|   11  | 84.783 | 98.787 | 99.393 | 91.454 | 91.454 |
|   12  | 84.783 | 98.787 | 99.393 | 91.459 | 91.459 |
|   13  | 84.783 | 98.787 | 99.393 | 91.459 | 91.459 |
|   14  | 84.681 | 98.787 | 99.343 | 91.404 | 91.404 |
|   15  | 84.732 | 98.787 | 99.343 | 91.429 | 91.429 |
|   16  | 84.732 | 98.787 | 99.343 | 91.429 | 91.429 |
|   17  | 84.783 | 98.787 | 99.343 | 91.454 | 91.454 |
|   18  | 84.732 | 98.787 | 99.343 | 91.428 | 91.428 |
|   19  | 84.833 | 98.787 | 99.343 | 91.479 | 91.479 |
|   20  | 84.884 | 98.787 | 99.343 | 91.505 | 91.505 |
|   21  | 84.934 | 98.787 | 99.343 | 91.522 | 91.522 |
|   22  | 84.934 | 98.787 | 99.343 | 91.519 | 91.519 |
+-------+--------+--------+--------+--------+--------+
     logs:  {'epo': 22, 'R1': 84.934, 'R5': 98.787, 'R10': 99.343, 'mAP': 91.519, 'mINP': 91.519, 'lr': 5e-06, 'entropy': 0.177381, 'loss': 0.177381, 'entr_unc': 0.177381, 'uncertainty': 1.0, 'uncertainty_multiply_coeffi': 1.0}
      TTA Epoch: [23] [  0/123]  eta: 0:01:04  lr: 0.000005  entropy: 0.2847  loss: 0.2847  entr_unc: 0.2847  uncertainty: 1.0000  uncertainty_multiply_coeffi: 1.0000  time: 0.5245  data: 0.3924  max mem: 2942
      TTA Epoch: [23] [100/123]  eta: 0:00:01  lr: 0.000004  entropy: 0.2218  loss: 0.2218  entr_unc: 0.2218  uncertainty: 1.0000  uncertainty_multiply_coeffi: 1.0000  time: 0.0598  data: 0.0027  max mem: 2942
      TTA Epoch: [23] [122/123]  eta: 0:00:00  lr: 0.000004  entropy: 0.3221  loss: 0.3221  entr_unc: 0.3221  uncertainty: 1.0000  uncertainty_multiply_coeffi: 1.0000  time: 0.0502  data: 0.0024  max mem: 2942
      TTA Epoch: [23] Total time: 0:00:07 (0.0615 s / it)
     Averaged stats: lr: 0.0000  entropy: 0.1778  loss: 0.1778  entr_unc: 0.1778  uncertainty: 1.0000  uncertainty_multiply_coeffi: 1.0000
     itm tta time 0:00:07
     Computing matching score
      Evaluation: [   0/1978]  eta: 0:02:27    time: 0.0747  data: 0.0035  max mem: 2942
      Evaluation: [ 100/1978]  eta: 0:02:11    time: 0.0697  data: 0.0000  max mem: 2942
      Evaluation: [ 200/1978]  eta: 0:02:04    time: 0.0702  data: 0.0000  max mem: 2942
      Evaluation: [ 300/1978]  eta: 0:01:57    time: 0.0699  data: 0.0000  max mem: 2942
      Evaluation: [ 400/1978]  eta: 0:01:50    time: 0.0723  data: 0.0000  max mem: 2942
      Evaluation: [ 500/1978]  eta: 0:01:44    time: 0.0698  data: 0.0000  max mem: 2942
      Evaluation: [ 600/1978]  eta: 0:01:36    time: 0.0704  data: 0.0000  max mem: 2942
      Evaluation: [ 700/1978]  eta: 0:01:29    time: 0.0700  data: 0.0000  max mem: 2942
      Evaluation: [ 800/1978]  eta: 0:01:22    time: 0.0699  data: 0.0000  max mem: 2942
      Evaluation: [ 900/1978]  eta: 0:01:15    time: 0.0701  data: 0.0000  max mem: 2942
      Evaluation: [1000/1978]  eta: 0:01:08    time: 0.0700  data: 0.0000  max mem: 2942
      Evaluation: [1100/1978]  eta: 0:01:01    time: 0.0701  data: 0.0000  max mem: 2942
      Evaluation: [1200/1978]  eta: 0:00:54    time: 0.0702  data: 0.0000  max mem: 2942
      Evaluation: [1300/1978]  eta: 0:00:47    time: 0.0699  data: 0.0000  max mem: 2942
      Evaluation: [1400/1978]  eta: 0:00:40    time: 0.0699  data: 0.0000  max mem: 2942
      Evaluation: [1500/1978]  eta: 0:00:33    time: 0.0700  data: 0.0000  max mem: 2942
      Evaluation: [1600/1978]  eta: 0:00:26    time: 0.0699  data: 0.0000  max mem: 2942
      Evaluation: [1700/1978]  eta: 0:00:19    time: 0.0704  data: 0.0000  max mem: 2942
      Evaluation: [1800/1978]  eta: 0:00:12    time: 0.0699  data: 0.0000  max mem: 2942
      Evaluation: [1900/1978]  eta: 0:00:05    time: 0.0699  data: 0.0000  max mem: 2942
      Evaluation: [1977/1978]  eta: 0:00:00    time: 0.0700  data: 0.0000  max mem: 2942
      Evaluation: Total time: 0:02:18 (0.0701 s / it)
     Computing matching score time 0:02:18
### TTA ITM Score: 
+-------+--------+--------+--------+--------+--------+
| epoch |   R1   |   R5   |  R10   |  mAP   |  mINP  |
+-------+--------+--------+--------+--------+--------+
|  -999 | 69.414 | 95.197 | 97.776 | 81.233 | 81.233 |
|  -999 | 69.414 | 95.197 | 97.776 | 81.233 | 81.233 |
|  -999 | 84.277 | 99.039 | 99.596 | 91.276 | 91.276 |
|   0   | 84.631 | 98.837 | 99.494 | 91.358 | 91.358 |
|   1   | 84.833 | 98.888 | 99.494 | 91.487 | 91.487 |
|   2   | 84.884 | 98.837 | 99.393 | 91.510 | 91.510 |
|   3   | 84.884 | 98.736 | 99.393 | 91.517 | 91.517 |
|   4   | 84.681 | 98.736 | 99.444 | 91.410 | 91.410 |
|   5   | 84.681 | 98.787 | 99.444 | 91.403 | 91.403 |
|   6   | 84.681 | 98.787 | 99.444 | 91.412 | 91.412 |
|   7   | 84.631 | 98.787 | 99.444 | 91.385 | 91.385 |
|   8   | 84.631 | 98.787 | 99.444 | 91.387 | 91.387 |
|   9   | 84.732 | 98.787 | 99.393 | 91.429 | 91.429 |
|   10  | 84.783 | 98.787 | 99.393 | 91.458 | 91.458 |
|   11  | 84.783 | 98.787 | 99.393 | 91.454 | 91.454 |
|   12  | 84.783 | 98.787 | 99.393 | 91.459 | 91.459 |
|   13  | 84.783 | 98.787 | 99.393 | 91.459 | 91.459 |
|   14  | 84.681 | 98.787 | 99.343 | 91.404 | 91.404 |
|   15  | 84.732 | 98.787 | 99.343 | 91.429 | 91.429 |
|   16  | 84.732 | 98.787 | 99.343 | 91.429 | 91.429 |
|   17  | 84.783 | 98.787 | 99.343 | 91.454 | 91.454 |
|   18  | 84.732 | 98.787 | 99.343 | 91.428 | 91.428 |
|   19  | 84.833 | 98.787 | 99.343 | 91.479 | 91.479 |
|   20  | 84.884 | 98.787 | 99.343 | 91.505 | 91.505 |
|   21  | 84.934 | 98.787 | 99.343 | 91.522 | 91.522 |
|   22  | 84.934 | 98.787 | 99.343 | 91.519 | 91.519 |
|   23  | 84.884 | 98.787 | 99.343 | 91.494 | 91.494 |
+-------+--------+--------+--------+--------+--------+
     logs:  {'epo': 23, 'R1': 84.884, 'R5': 98.787, 'R10': 99.343, 'mAP': 91.494, 'mINP': 91.494, 'lr': 5e-06, 'entropy': 0.177783, 'loss': 0.177783, 'entr_unc': 0.177783, 'uncertainty': 1.0, 'uncertainty_multiply_coeffi': 1.0}
      TTA Epoch: [24] [  0/123]  eta: 0:00:48  lr: 0.000004  entropy: 0.0734  loss: 0.0734  entr_unc: 0.0734  uncertainty: 1.0000  uncertainty_multiply_coeffi: 1.0000  time: 0.3950  data: 0.2665  max mem: 2942
      TTA Epoch: [24] [100/123]  eta: 0:00:01  lr: 0.000004  entropy: 0.1664  loss: 0.1664  entr_unc: 0.1664  uncertainty: 1.0000  uncertainty_multiply_coeffi: 1.0000  time: 0.0595  data: 0.0066  max mem: 2942
      TTA Epoch: [24] [122/123]  eta: 0:00:00  lr: 0.000004  entropy: 0.0906  loss: 0.0906  entr_unc: 0.0906  uncertainty: 1.0000  uncertainty_multiply_coeffi: 1.0000  time: 0.0470  data: 0.0003  max mem: 2942
      TTA Epoch: [24] Total time: 0:00:07 (0.0609 s / it)
     Averaged stats: lr: 0.0000  entropy: 0.1750  loss: 0.1750  entr_unc: 0.1750  uncertainty: 1.0000  uncertainty_multiply_coeffi: 1.0000
     itm tta time 0:00:07
     Computing matching score
      Evaluation: [   0/1978]  eta: 0:02:31    time: 0.0766  data: 0.0035  max mem: 2942
      Evaluation: [ 100/1978]  eta: 0:02:11    time: 0.0698  data: 0.0000  max mem: 2942
      Evaluation: [ 200/1978]  eta: 0:02:04    time: 0.0698  data: 0.0000  max mem: 2942
      Evaluation: [ 300/1978]  eta: 0:01:57    time: 0.0698  data: 0.0000  max mem: 2942
      Evaluation: [ 400/1978]  eta: 0:01:50    time: 0.0698  data: 0.0000  max mem: 2942
      Evaluation: [ 500/1978]  eta: 0:01:43    time: 0.0698  data: 0.0000  max mem: 2942
      Evaluation: [ 600/1978]  eta: 0:01:36    time: 0.0712  data: 0.0000  max mem: 2942
      Evaluation: [ 700/1978]  eta: 0:01:29    time: 0.0699  data: 0.0000  max mem: 2942
      Evaluation: [ 800/1978]  eta: 0:01:22    time: 0.0698  data: 0.0000  max mem: 2942
      Evaluation: [ 900/1978]  eta: 0:01:15    time: 0.0697  data: 0.0000  max mem: 2942
      Evaluation: [1000/1978]  eta: 0:01:08    time: 0.0698  data: 0.0000  max mem: 2942
      Evaluation: [1100/1978]  eta: 0:01:01    time: 0.0698  data: 0.0000  max mem: 2942
      Evaluation: [1200/1978]  eta: 0:00:54    time: 0.0699  data: 0.0000  max mem: 2942
      Evaluation: [1300/1978]  eta: 0:00:47    time: 0.0699  data: 0.0000  max mem: 2942
      Evaluation: [1400/1978]  eta: 0:00:40    time: 0.0700  data: 0.0000  max mem: 2942
      Evaluation: [1500/1978]  eta: 0:00:33    time: 0.0698  data: 0.0000  max mem: 2942
      Evaluation: [1600/1978]  eta: 0:00:26    time: 0.0699  data: 0.0000  max mem: 2942
      Evaluation: [1700/1978]  eta: 0:00:19    time: 0.0698  data: 0.0000  max mem: 2942
      Evaluation: [1800/1978]  eta: 0:00:12    time: 0.0698  data: 0.0000  max mem: 2942
      Evaluation: [1900/1978]  eta: 0:00:05    time: 0.0700  data: 0.0000  max mem: 2942
      Evaluation: [1977/1978]  eta: 0:00:00    time: 0.0698  data: 0.0000  max mem: 2942
      Evaluation: Total time: 0:02:18 (0.0700 s / it)
     Computing matching score time 0:02:18
### TTA ITM Score: 
+-------+--------+--------+--------+--------+--------+
| epoch |   R1   |   R5   |  R10   |  mAP   |  mINP  |
+-------+--------+--------+--------+--------+--------+
|  -999 | 69.414 | 95.197 | 97.776 | 81.233 | 81.233 |
|  -999 | 69.414 | 95.197 | 97.776 | 81.233 | 81.233 |
|  -999 | 84.277 | 99.039 | 99.596 | 91.276 | 91.276 |
|   0   | 84.631 | 98.837 | 99.494 | 91.358 | 91.358 |
|   1   | 84.833 | 98.888 | 99.494 | 91.487 | 91.487 |
|   2   | 84.884 | 98.837 | 99.393 | 91.510 | 91.510 |
|   3   | 84.884 | 98.736 | 99.393 | 91.517 | 91.517 |
|   4   | 84.681 | 98.736 | 99.444 | 91.410 | 91.410 |
|   5   | 84.681 | 98.787 | 99.444 | 91.403 | 91.403 |
|   6   | 84.681 | 98.787 | 99.444 | 91.412 | 91.412 |
|   7   | 84.631 | 98.787 | 99.444 | 91.385 | 91.385 |
|   8   | 84.631 | 98.787 | 99.444 | 91.387 | 91.387 |
|   9   | 84.732 | 98.787 | 99.393 | 91.429 | 91.429 |
|   10  | 84.783 | 98.787 | 99.393 | 91.458 | 91.458 |
|   11  | 84.783 | 98.787 | 99.393 | 91.454 | 91.454 |
|   12  | 84.783 | 98.787 | 99.393 | 91.459 | 91.459 |
|   13  | 84.783 | 98.787 | 99.393 | 91.459 | 91.459 |
|   14  | 84.681 | 98.787 | 99.343 | 91.404 | 91.404 |
|   15  | 84.732 | 98.787 | 99.343 | 91.429 | 91.429 |
|   16  | 84.732 | 98.787 | 99.343 | 91.429 | 91.429 |
|   17  | 84.783 | 98.787 | 99.343 | 91.454 | 91.454 |
|   18  | 84.732 | 98.787 | 99.343 | 91.428 | 91.428 |
|   19  | 84.833 | 98.787 | 99.343 | 91.479 | 91.479 |
|   20  | 84.884 | 98.787 | 99.343 | 91.505 | 91.505 |
|   21  | 84.934 | 98.787 | 99.343 | 91.522 | 91.522 |
|   22  | 84.934 | 98.787 | 99.343 | 91.519 | 91.519 |
|   23  | 84.884 | 98.787 | 99.343 | 91.494 | 91.494 |
|   24  | 84.884 | 98.787 | 99.343 | 91.493 | 91.493 |
+-------+--------+--------+--------+--------+--------+
     logs:  {'epo': 24, 'R1': 84.884, 'R5': 98.787, 'R10': 99.343, 'mAP': 91.493, 'mINP': 91.493, 'lr': 4e-06, 'entropy': 0.175005, 'loss': 0.175005, 'entr_unc': 0.175005, 'uncertainty': 1.0, 'uncertainty_multiply_coeffi': 1.0}
      TTA Epoch: [25] [  0/123]  eta: 0:01:03  lr: 0.000004  entropy: 0.2530  loss: 0.2530  entr_unc: 0.2530  uncertainty: 1.0000  uncertainty_multiply_coeffi: 1.0000  time: 0.5166  data: 0.3509  max mem: 2942
      TTA Epoch: [25] [100/123]  eta: 0:00:01  lr: 0.000003  entropy: 0.1127  loss: 0.1127  entr_unc: 0.1127  uncertainty: 1.0000  uncertainty_multiply_coeffi: 1.0000  time: 0.0580  data: 0.0029  max mem: 2942
      TTA Epoch: [25] [122/123]  eta: 0:00:00  lr: 0.000003  entropy: 0.1748  loss: 0.1748  entr_unc: 0.1748  uncertainty: 1.0000  uncertainty_multiply_coeffi: 1.0000  time: 0.0471  data: 0.0021  max mem: 2942
      TTA Epoch: [25] Total time: 0:00:07 (0.0610 s / it)
     Averaged stats: lr: 0.0000  entropy: 0.1758  loss: 0.1758  entr_unc: 0.1758  uncertainty: 1.0000  uncertainty_multiply_coeffi: 1.0000
     itm tta time 0:00:07
     Computing matching score
      Evaluation: [   0/1978]  eta: 0:02:31    time: 0.0765  data: 0.0034  max mem: 2942
      Evaluation: [ 100/1978]  eta: 0:02:11    time: 0.0697  data: 0.0000  max mem: 2942
      Evaluation: [ 200/1978]  eta: 0:02:04    time: 0.0698  data: 0.0000  max mem: 2942
      Evaluation: [ 300/1978]  eta: 0:01:57    time: 0.0698  data: 0.0000  max mem: 2942
      Evaluation: [ 400/1978]  eta: 0:01:50    time: 0.0698  data: 0.0000  max mem: 2942
      Evaluation: [ 500/1978]  eta: 0:01:43    time: 0.0699  data: 0.0000  max mem: 2942
      Evaluation: [ 600/1978]  eta: 0:01:36    time: 0.0697  data: 0.0000  max mem: 2942
      Evaluation: [ 700/1978]  eta: 0:01:29    time: 0.0698  data: 0.0000  max mem: 2942
      Evaluation: [ 800/1978]  eta: 0:01:22    time: 0.0697  data: 0.0000  max mem: 2942
      Evaluation: [ 900/1978]  eta: 0:01:15    time: 0.0698  data: 0.0000  max mem: 2942
      Evaluation: [1000/1978]  eta: 0:01:08    time: 0.0701  data: 0.0000  max mem: 2942
      Evaluation: [1100/1978]  eta: 0:01:01    time: 0.0697  data: 0.0000  max mem: 2942
      Evaluation: [1200/1978]  eta: 0:00:54    time: 0.0698  data: 0.0000  max mem: 2942
      Evaluation: [1300/1978]  eta: 0:00:47    time: 0.0697  data: 0.0000  max mem: 2942
      Evaluation: [1400/1978]  eta: 0:00:40    time: 0.0699  data: 0.0000  max mem: 2942
      Evaluation: [1500/1978]  eta: 0:00:33    time: 0.0698  data: 0.0000  max mem: 2942
      Evaluation: [1600/1978]  eta: 0:00:26    time: 0.0698  data: 0.0000  max mem: 2942
      Evaluation: [1700/1978]  eta: 0:00:19    time: 0.0699  data: 0.0000  max mem: 2942
      Evaluation: [1800/1978]  eta: 0:00:12    time: 0.0698  data: 0.0000  max mem: 2942
      Evaluation: [1900/1978]  eta: 0:00:05    time: 0.0698  data: 0.0000  max mem: 2942
      Evaluation: [1977/1978]  eta: 0:00:00    time: 0.0700  data: 0.0000  max mem: 2942
      Evaluation: Total time: 0:02:18 (0.0699 s / it)
     Computing matching score time 0:02:18
### TTA ITM Score: 
+-------+--------+--------+--------+--------+--------+
| epoch |   R1   |   R5   |  R10   |  mAP   |  mINP  |
+-------+--------+--------+--------+--------+--------+
|  -999 | 69.414 | 95.197 | 97.776 | 81.233 | 81.233 |
|  -999 | 69.414 | 95.197 | 97.776 | 81.233 | 81.233 |
|  -999 | 84.277 | 99.039 | 99.596 | 91.276 | 91.276 |
|   0   | 84.631 | 98.837 | 99.494 | 91.358 | 91.358 |
|   1   | 84.833 | 98.888 | 99.494 | 91.487 | 91.487 |
|   2   | 84.884 | 98.837 | 99.393 | 91.510 | 91.510 |
|   3   | 84.884 | 98.736 | 99.393 | 91.517 | 91.517 |
|   4   | 84.681 | 98.736 | 99.444 | 91.410 | 91.410 |
|   5   | 84.681 | 98.787 | 99.444 | 91.403 | 91.403 |
|   6   | 84.681 | 98.787 | 99.444 | 91.412 | 91.412 |
|   7   | 84.631 | 98.787 | 99.444 | 91.385 | 91.385 |
|   8   | 84.631 | 98.787 | 99.444 | 91.387 | 91.387 |
|   9   | 84.732 | 98.787 | 99.393 | 91.429 | 91.429 |
|   10  | 84.783 | 98.787 | 99.393 | 91.458 | 91.458 |
|   11  | 84.783 | 98.787 | 99.393 | 91.454 | 91.454 |
|   12  | 84.783 | 98.787 | 99.393 | 91.459 | 91.459 |
|   13  | 84.783 | 98.787 | 99.393 | 91.459 | 91.459 |
|   14  | 84.681 | 98.787 | 99.343 | 91.404 | 91.404 |
|   15  | 84.732 | 98.787 | 99.343 | 91.429 | 91.429 |
|   16  | 84.732 | 98.787 | 99.343 | 91.429 | 91.429 |
|   17  | 84.783 | 98.787 | 99.343 | 91.454 | 91.454 |
|   18  | 84.732 | 98.787 | 99.343 | 91.428 | 91.428 |
|   19  | 84.833 | 98.787 | 99.343 | 91.479 | 91.479 |
|   20  | 84.884 | 98.787 | 99.343 | 91.505 | 91.505 |
|   21  | 84.934 | 98.787 | 99.343 | 91.522 | 91.522 |
|   22  | 84.934 | 98.787 | 99.343 | 91.519 | 91.519 |
|   23  | 84.884 | 98.787 | 99.343 | 91.494 | 91.494 |
|   24  | 84.884 | 98.787 | 99.343 | 91.493 | 91.493 |
|   25  | 84.884 | 98.787 | 99.343 | 91.494 | 91.494 |
+-------+--------+--------+--------+--------+--------+
     logs:  {'epo': 25, 'R1': 84.884, 'R5': 98.787, 'R10': 99.343, 'mAP': 91.494, 'mINP': 91.494, 'lr': 3e-06, 'entropy': 0.175837, 'loss': 0.175837, 'entr_unc': 0.175837, 'uncertainty': 1.0, 'uncertainty_multiply_coeffi': 1.0}
      TTA Epoch: [26] [  0/123]  eta: 0:01:08  lr: 0.000003  entropy: 0.1655  loss: 0.1655  entr_unc: 0.1655  uncertainty: 1.0000  uncertainty_multiply_coeffi: 1.0000  time: 0.5543  data: 0.4718  max mem: 2942
      TTA Epoch: [26] [100/123]  eta: 0:00:01  lr: 0.000002  entropy: 0.0357  loss: 0.0357  entr_unc: 0.0357  uncertainty: 1.0000  uncertainty_multiply_coeffi: 1.0000  time: 0.0585  data: 0.0040  max mem: 2942
      TTA Epoch: [26] [122/123]  eta: 0:00:00  lr: 0.000002  entropy: 0.2362  loss: 0.2362  entr_unc: 0.2362  uncertainty: 1.0000  uncertainty_multiply_coeffi: 1.0000  time: 0.0488  data: 0.0015  max mem: 2942
      TTA Epoch: [26] Total time: 0:00:07 (0.0612 s / it)
     Averaged stats: lr: 0.0000  entropy: 0.1786  loss: 0.1786  entr_unc: 0.1786  uncertainty: 1.0000  uncertainty_multiply_coeffi: 1.0000
     itm tta time 0:00:07
     Computing matching score
      Evaluation: [   0/1978]  eta: 0:02:31    time: 0.0765  data: 0.0034  max mem: 2942
      Evaluation: [ 100/1978]  eta: 0:02:11    time: 0.0697  data: 0.0000  max mem: 2942
      Evaluation: [ 200/1978]  eta: 0:02:04    time: 0.0702  data: 0.0000  max mem: 2942
      Evaluation: [ 300/1978]  eta: 0:01:57    time: 0.0698  data: 0.0000  max mem: 2942
      Evaluation: [ 400/1978]  eta: 0:01:50    time: 0.0698  data: 0.0000  max mem: 2942
      Evaluation: [ 500/1978]  eta: 0:01:43    time: 0.0699  data: 0.0000  max mem: 2942
      Evaluation: [ 600/1978]  eta: 0:01:36    time: 0.0699  data: 0.0000  max mem: 2942
      Evaluation: [ 700/1978]  eta: 0:01:29    time: 0.0697  data: 0.0000  max mem: 2942
      Evaluation: [ 800/1978]  eta: 0:01:22    time: 0.0699  data: 0.0000  max mem: 2942
      Evaluation: [ 900/1978]  eta: 0:01:15    time: 0.0699  data: 0.0000  max mem: 2942
      Evaluation: [1000/1978]  eta: 0:01:08    time: 0.0697  data: 0.0000  max mem: 2942
      Evaluation: [1100/1978]  eta: 0:01:01    time: 0.0698  data: 0.0000  max mem: 2942
      Evaluation: [1200/1978]  eta: 0:00:54    time: 0.0699  data: 0.0000  max mem: 2942
      Evaluation: [1300/1978]  eta: 0:00:47    time: 0.0699  data: 0.0000  max mem: 2942
      Evaluation: [1400/1978]  eta: 0:00:40    time: 0.0699  data: 0.0000  max mem: 2942
      Evaluation: [1500/1978]  eta: 0:00:33    time: 0.0700  data: 0.0000  max mem: 2942
      Evaluation: [1600/1978]  eta: 0:00:26    time: 0.0699  data: 0.0000  max mem: 2942
      Evaluation: [1700/1978]  eta: 0:00:19    time: 0.0699  data: 0.0000  max mem: 2942
      Evaluation: [1800/1978]  eta: 0:00:12    time: 0.0699  data: 0.0000  max mem: 2942
      Evaluation: [1900/1978]  eta: 0:00:05    time: 0.0699  data: 0.0000  max mem: 2942
      Evaluation: [1977/1978]  eta: 0:00:00    time: 0.0704  data: 0.0000  max mem: 2942
      Evaluation: Total time: 0:02:18 (0.0700 s / it)
     Computing matching score time 0:02:18
### TTA ITM Score: 
+-------+--------+--------+--------+--------+--------+
| epoch |   R1   |   R5   |  R10   |  mAP   |  mINP  |
+-------+--------+--------+--------+--------+--------+
|  -999 | 69.414 | 95.197 | 97.776 | 81.233 | 81.233 |
|  -999 | 69.414 | 95.197 | 97.776 | 81.233 | 81.233 |
|  -999 | 84.277 | 99.039 | 99.596 | 91.276 | 91.276 |
|   0   | 84.631 | 98.837 | 99.494 | 91.358 | 91.358 |
|   1   | 84.833 | 98.888 | 99.494 | 91.487 | 91.487 |
|   2   | 84.884 | 98.837 | 99.393 | 91.510 | 91.510 |
|   3   | 84.884 | 98.736 | 99.393 | 91.517 | 91.517 |
|   4   | 84.681 | 98.736 | 99.444 | 91.410 | 91.410 |
|   5   | 84.681 | 98.787 | 99.444 | 91.403 | 91.403 |
|   6   | 84.681 | 98.787 | 99.444 | 91.412 | 91.412 |
|   7   | 84.631 | 98.787 | 99.444 | 91.385 | 91.385 |
|   8   | 84.631 | 98.787 | 99.444 | 91.387 | 91.387 |
|   9   | 84.732 | 98.787 | 99.393 | 91.429 | 91.429 |
|   10  | 84.783 | 98.787 | 99.393 | 91.458 | 91.458 |
|   11  | 84.783 | 98.787 | 99.393 | 91.454 | 91.454 |
|   12  | 84.783 | 98.787 | 99.393 | 91.459 | 91.459 |
|   13  | 84.783 | 98.787 | 99.393 | 91.459 | 91.459 |
|   14  | 84.681 | 98.787 | 99.343 | 91.404 | 91.404 |
|   15  | 84.732 | 98.787 | 99.343 | 91.429 | 91.429 |
|   16  | 84.732 | 98.787 | 99.343 | 91.429 | 91.429 |
|   17  | 84.783 | 98.787 | 99.343 | 91.454 | 91.454 |
|   18  | 84.732 | 98.787 | 99.343 | 91.428 | 91.428 |
|   19  | 84.833 | 98.787 | 99.343 | 91.479 | 91.479 |
|   20  | 84.884 | 98.787 | 99.343 | 91.505 | 91.505 |
|   21  | 84.934 | 98.787 | 99.343 | 91.522 | 91.522 |
|   22  | 84.934 | 98.787 | 99.343 | 91.519 | 91.519 |
|   23  | 84.884 | 98.787 | 99.343 | 91.494 | 91.494 |
|   24  | 84.884 | 98.787 | 99.343 | 91.493 | 91.493 |
|   25  | 84.884 | 98.787 | 99.343 | 91.494 | 91.494 |
|   26  | 84.884 | 98.787 | 99.343 | 91.494 | 91.494 |
+-------+--------+--------+--------+--------+--------+
     logs:  {'epo': 26, 'R1': 84.884, 'R5': 98.787, 'R10': 99.343, 'mAP': 91.494, 'mINP': 91.494, 'lr': 3e-06, 'entropy': 0.178587, 'loss': 0.178587, 'entr_unc': 0.178587, 'uncertainty': 1.0, 'uncertainty_multiply_coeffi': 1.0}
      TTA Epoch: [27] [  0/123]  eta: 0:01:05  lr: 0.000002  entropy: 0.1346  loss: 0.1346  entr_unc: 0.1346  uncertainty: 1.0000  uncertainty_multiply_coeffi: 1.0000  time: 0.5290  data: 0.4273  max mem: 2942
      TTA Epoch: [27] [100/123]  eta: 0:00:01  lr: 0.000002  entropy: 0.1450  loss: 0.1450  entr_unc: 0.1450  uncertainty: 1.0000  uncertainty_multiply_coeffi: 1.0000  time: 0.0592  data: 0.0040  max mem: 2942
      TTA Epoch: [27] [122/123]  eta: 0:00:00  lr: 0.000002  entropy: 0.1288  loss: 0.1288  entr_unc: 0.1288  uncertainty: 1.0000  uncertainty_multiply_coeffi: 1.0000  time: 0.0480  data: 0.0020  max mem: 2942
      TTA Epoch: [27] Total time: 0:00:07 (0.0612 s / it)
     Averaged stats: lr: 0.0000  entropy: 0.1731  loss: 0.1731  entr_unc: 0.1731  uncertainty: 1.0000  uncertainty_multiply_coeffi: 1.0000
     itm tta time 0:00:07
     Computing matching score
      Evaluation: [   0/1978]  eta: 0:02:31    time: 0.0764  data: 0.0035  max mem: 2942
      Evaluation: [ 100/1978]  eta: 0:02:11    time: 0.0698  data: 0.0000  max mem: 2942
      Evaluation: [ 200/1978]  eta: 0:02:04    time: 0.0699  data: 0.0000  max mem: 2942
      Evaluation: [ 300/1978]  eta: 0:01:57    time: 0.0698  data: 0.0000  max mem: 2942
      Evaluation: [ 400/1978]  eta: 0:01:50    time: 0.0699  data: 0.0000  max mem: 2942
      Evaluation: [ 500/1978]  eta: 0:01:43    time: 0.0699  data: 0.0000  max mem: 2942
      Evaluation: [ 600/1978]  eta: 0:01:36    time: 0.0698  data: 0.0000  max mem: 2942
      Evaluation: [ 700/1978]  eta: 0:01:29    time: 0.0698  data: 0.0000  max mem: 2942
      Evaluation: [ 800/1978]  eta: 0:01:22    time: 0.0699  data: 0.0000  max mem: 2942
      Evaluation: [ 900/1978]  eta: 0:01:15    time: 0.0698  data: 0.0000  max mem: 2942
      Evaluation: [1000/1978]  eta: 0:01:08    time: 0.0699  data: 0.0000  max mem: 2942
      Evaluation: [1100/1978]  eta: 0:01:01    time: 0.0699  data: 0.0000  max mem: 2942
      Evaluation: [1200/1978]  eta: 0:00:54    time: 0.0699  data: 0.0000  max mem: 2942
      Evaluation: [1300/1978]  eta: 0:00:47    time: 0.0698  data: 0.0000  max mem: 2942
      Evaluation: [1400/1978]  eta: 0:00:40    time: 0.0697  data: 0.0000  max mem: 2942
      Evaluation: [1500/1978]  eta: 0:00:33    time: 0.0698  data: 0.0000  max mem: 2942
      Evaluation: [1600/1978]  eta: 0:00:26    time: 0.0698  data: 0.0000  max mem: 2942
      Evaluation: [1700/1978]  eta: 0:00:19    time: 0.0698  data: 0.0000  max mem: 2942
      Evaluation: [1800/1978]  eta: 0:00:12    time: 0.0698  data: 0.0000  max mem: 2942
      Evaluation: [1900/1978]  eta: 0:00:05    time: 0.0698  data: 0.0000  max mem: 2942
      Evaluation: [1977/1978]  eta: 0:00:00    time: 0.0699  data: 0.0000  max mem: 2942
      Evaluation: Total time: 0:02:18 (0.0699 s / it)
     Computing matching score time 0:02:18
### TTA ITM Score: 
+-------+--------+--------+--------+--------+--------+
| epoch |   R1   |   R5   |  R10   |  mAP   |  mINP  |
+-------+--------+--------+--------+--------+--------+
|  -999 | 69.414 | 95.197 | 97.776 | 81.233 | 81.233 |
|  -999 | 69.414 | 95.197 | 97.776 | 81.233 | 81.233 |
|  -999 | 84.277 | 99.039 | 99.596 | 91.276 | 91.276 |
|   0   | 84.631 | 98.837 | 99.494 | 91.358 | 91.358 |
|   1   | 84.833 | 98.888 | 99.494 | 91.487 | 91.487 |
|   2   | 84.884 | 98.837 | 99.393 | 91.510 | 91.510 |
|   3   | 84.884 | 98.736 | 99.393 | 91.517 | 91.517 |
|   4   | 84.681 | 98.736 | 99.444 | 91.410 | 91.410 |
|   5   | 84.681 | 98.787 | 99.444 | 91.403 | 91.403 |
|   6   | 84.681 | 98.787 | 99.444 | 91.412 | 91.412 |
|   7   | 84.631 | 98.787 | 99.444 | 91.385 | 91.385 |
|   8   | 84.631 | 98.787 | 99.444 | 91.387 | 91.387 |
|   9   | 84.732 | 98.787 | 99.393 | 91.429 | 91.429 |
|   10  | 84.783 | 98.787 | 99.393 | 91.458 | 91.458 |
|   11  | 84.783 | 98.787 | 99.393 | 91.454 | 91.454 |
|   12  | 84.783 | 98.787 | 99.393 | 91.459 | 91.459 |
|   13  | 84.783 | 98.787 | 99.393 | 91.459 | 91.459 |
|   14  | 84.681 | 98.787 | 99.343 | 91.404 | 91.404 |
|   15  | 84.732 | 98.787 | 99.343 | 91.429 | 91.429 |
|   16  | 84.732 | 98.787 | 99.343 | 91.429 | 91.429 |
|   17  | 84.783 | 98.787 | 99.343 | 91.454 | 91.454 |
|   18  | 84.732 | 98.787 | 99.343 | 91.428 | 91.428 |
|   19  | 84.833 | 98.787 | 99.343 | 91.479 | 91.479 |
|   20  | 84.884 | 98.787 | 99.343 | 91.505 | 91.505 |
|   21  | 84.934 | 98.787 | 99.343 | 91.522 | 91.522 |
|   22  | 84.934 | 98.787 | 99.343 | 91.519 | 91.519 |
|   23  | 84.884 | 98.787 | 99.343 | 91.494 | 91.494 |
|   24  | 84.884 | 98.787 | 99.343 | 91.493 | 91.493 |
|   25  | 84.884 | 98.787 | 99.343 | 91.494 | 91.494 |
|   26  | 84.884 | 98.787 | 99.343 | 91.494 | 91.494 |
|   27  | 84.884 | 98.787 | 99.343 | 91.494 | 91.494 |
+-------+--------+--------+--------+--------+--------+
     logs:  {'epo': 27, 'R1': 84.884, 'R5': 98.787, 'R10': 99.343, 'mAP': 91.494, 'mINP': 91.494, 'lr': 2e-06, 'entropy': 0.173083, 'loss': 0.173083, 'entr_unc': 0.173083, 'uncertainty': 1.0, 'uncertainty_multiply_coeffi': 1.0}
      TTA Epoch: [28] [  0/123]  eta: 0:00:50  lr: 0.000002  entropy: 0.1367  loss: 0.1367  entr_unc: 0.1367  uncertainty: 1.0000  uncertainty_multiply_coeffi: 1.0000  time: 0.4067  data: 0.2803  max mem: 2942
      TTA Epoch: [28] [100/123]  eta: 0:00:01  lr: 0.000001  entropy: 0.1344  loss: 0.1344  entr_unc: 0.1344  uncertainty: 1.0000  uncertainty_multiply_coeffi: 1.0000  time: 0.0592  data: 0.0031  max mem: 2942
      TTA Epoch: [28] [122/123]  eta: 0:00:00  lr: 0.000001  entropy: 0.2755  loss: 0.2755  entr_unc: 0.2755  uncertainty: 1.0000  uncertainty_multiply_coeffi: 1.0000  time: 0.0492  data: 0.0026  max mem: 2942
      TTA Epoch: [28] Total time: 0:00:07 (0.0615 s / it)
     Averaged stats: lr: 0.0000  entropy: 0.1683  loss: 0.1683  entr_unc: 0.1683  uncertainty: 1.0000  uncertainty_multiply_coeffi: 1.0000
     itm tta time 0:00:07
     Computing matching score
      Evaluation: [   0/1978]  eta: 0:02:31    time: 0.0764  data: 0.0034  max mem: 2942
      Evaluation: [ 100/1978]  eta: 0:02:11    time: 0.0709  data: 0.0000  max mem: 2942
      Evaluation: [ 200/1978]  eta: 0:02:04    time: 0.0698  data: 0.0000  max mem: 2942
      Evaluation: [ 300/1978]  eta: 0:01:57    time: 0.0698  data: 0.0000  max mem: 2942
      Evaluation: [ 400/1978]  eta: 0:01:50    time: 0.0699  data: 0.0000  max mem: 2942
      Evaluation: [ 500/1978]  eta: 0:01:43    time: 0.0780  data: 0.0000  max mem: 2942
      Evaluation: [ 600/1978]  eta: 0:01:36    time: 0.0698  data: 0.0000  max mem: 2942
      Evaluation: [ 700/1978]  eta: 0:01:29    time: 0.0698  data: 0.0000  max mem: 2942
      Evaluation: [ 800/1978]  eta: 0:01:22    time: 0.0699  data: 0.0000  max mem: 2942
      Evaluation: [ 900/1978]  eta: 0:01:15    time: 0.0699  data: 0.0000  max mem: 2942
      Evaluation: [1000/1978]  eta: 0:01:08    time: 0.0698  data: 0.0000  max mem: 2942
      Evaluation: [1100/1978]  eta: 0:01:01    time: 0.0705  data: 0.0000  max mem: 2942
      Evaluation: [1200/1978]  eta: 0:00:54    time: 0.0698  data: 0.0000  max mem: 2942
      Evaluation: [1300/1978]  eta: 0:00:47    time: 0.0698  data: 0.0000  max mem: 2942
      Evaluation: [1400/1978]  eta: 0:00:40    time: 0.0708  data: 0.0000  max mem: 2942
      Evaluation: [1500/1978]  eta: 0:00:33    time: 0.0699  data: 0.0000  max mem: 2942
      Evaluation: [1600/1978]  eta: 0:00:26    time: 0.0700  data: 0.0000  max mem: 2942
      Evaluation: [1700/1978]  eta: 0:00:19    time: 0.0698  data: 0.0000  max mem: 2942
      Evaluation: [1800/1978]  eta: 0:00:12    time: 0.0698  data: 0.0000  max mem: 2942
      Evaluation: [1900/1978]  eta: 0:00:05    time: 0.0697  data: 0.0000  max mem: 2942
      Evaluation: [1977/1978]  eta: 0:00:00    time: 0.0700  data: 0.0000  max mem: 2942
      Evaluation: Total time: 0:02:18 (0.0702 s / it)
     Computing matching score time 0:02:19
### TTA ITM Score: 
+-------+--------+--------+--------+--------+--------+
| epoch |   R1   |   R5   |  R10   |  mAP   |  mINP  |
+-------+--------+--------+--------+--------+--------+
|  -999 | 69.414 | 95.197 | 97.776 | 81.233 | 81.233 |
|  -999 | 69.414 | 95.197 | 97.776 | 81.233 | 81.233 |
|  -999 | 84.277 | 99.039 | 99.596 | 91.276 | 91.276 |
|   0   | 84.631 | 98.837 | 99.494 | 91.358 | 91.358 |
|   1   | 84.833 | 98.888 | 99.494 | 91.487 | 91.487 |
|   2   | 84.884 | 98.837 | 99.393 | 91.510 | 91.510 |
|   3   | 84.884 | 98.736 | 99.393 | 91.517 | 91.517 |
|   4   | 84.681 | 98.736 | 99.444 | 91.410 | 91.410 |
|   5   | 84.681 | 98.787 | 99.444 | 91.403 | 91.403 |
|   6   | 84.681 | 98.787 | 99.444 | 91.412 | 91.412 |
|   7   | 84.631 | 98.787 | 99.444 | 91.385 | 91.385 |
|   8   | 84.631 | 98.787 | 99.444 | 91.387 | 91.387 |
|   9   | 84.732 | 98.787 | 99.393 | 91.429 | 91.429 |
|   10  | 84.783 | 98.787 | 99.393 | 91.458 | 91.458 |
|   11  | 84.783 | 98.787 | 99.393 | 91.454 | 91.454 |
|   12  | 84.783 | 98.787 | 99.393 | 91.459 | 91.459 |
|   13  | 84.783 | 98.787 | 99.393 | 91.459 | 91.459 |
|   14  | 84.681 | 98.787 | 99.343 | 91.404 | 91.404 |
|   15  | 84.732 | 98.787 | 99.343 | 91.429 | 91.429 |
|   16  | 84.732 | 98.787 | 99.343 | 91.429 | 91.429 |
|   17  | 84.783 | 98.787 | 99.343 | 91.454 | 91.454 |
|   18  | 84.732 | 98.787 | 99.343 | 91.428 | 91.428 |
|   19  | 84.833 | 98.787 | 99.343 | 91.479 | 91.479 |
|   20  | 84.884 | 98.787 | 99.343 | 91.505 | 91.505 |
|   21  | 84.934 | 98.787 | 99.343 | 91.522 | 91.522 |
|   22  | 84.934 | 98.787 | 99.343 | 91.519 | 91.519 |
|   23  | 84.884 | 98.787 | 99.343 | 91.494 | 91.494 |
|   24  | 84.884 | 98.787 | 99.343 | 91.493 | 91.493 |
|   25  | 84.884 | 98.787 | 99.343 | 91.494 | 91.494 |
|   26  | 84.884 | 98.787 | 99.343 | 91.494 | 91.494 |
|   27  | 84.884 | 98.787 | 99.343 | 91.494 | 91.494 |
|   28  | 84.884 | 98.787 | 99.343 | 91.493 | 91.493 |
+-------+--------+--------+--------+--------+--------+
     logs:  {'epo': 28, 'R1': 84.884, 'R5': 98.787, 'R10': 99.343, 'mAP': 91.494, 'mINP': 91.494, 'lr': 1e-06, 'entropy': 0.168303, 'loss': 0.168303, 'entr_unc': 0.168303, 'uncertainty': 1.0, 'uncertainty_multiply_coeffi': 1.0}
      TTA Epoch: [29] [  0/123]  eta: 0:01:00  lr: 0.000001  entropy: 0.1616  loss: 0.1616  entr_unc: 0.1616  uncertainty: 1.0000  uncertainty_multiply_coeffi: 1.0000  time: 0.4898  data: 0.3386  max mem: 2942
      TTA Epoch: [29] [100/123]  eta: 0:00:01  lr: 0.000000  entropy: 0.1396  loss: 0.1396  entr_unc: 0.1396  uncertainty: 1.0000  uncertainty_multiply_coeffi: 1.0000  time: 0.0584  data: 0.0060  max mem: 2942
      TTA Epoch: [29] [122/123]  eta: 0:00:00  lr: 0.000000  entropy: 0.2158  loss: 0.2158  entr_unc: 0.2158  uncertainty: 1.0000  uncertainty_multiply_coeffi: 1.0000  time: 0.0495  data: 0.0036  max mem: 2942
      TTA Epoch: [29] Total time: 0:00:07 (0.0611 s / it)
     Averaged stats: lr: 0.0000  entropy: 0.1746  loss: 0.1746  entr_unc: 0.1746  uncertainty: 1.0000  uncertainty_multiply_coeffi: 1.0000
     itm tta time 0:00:07
     Computing matching score
      Evaluation: [   0/1978]  eta: 0:02:38    time: 0.0804  data: 0.0034  max mem: 2942
      Evaluation: [ 100/1978]  eta: 0:02:11    time: 0.0699  data: 0.0000  max mem: 2942
      Evaluation: [ 200/1978]  eta: 0:02:04    time: 0.0700  data: 0.0000  max mem: 2942
      Evaluation: [ 300/1978]  eta: 0:01:57    time: 0.0701  data: 0.0000  max mem: 2942
      Evaluation: [ 400/1978]  eta: 0:01:50    time: 0.0701  data: 0.0000  max mem: 2942
      Evaluation: [ 500/1978]  eta: 0:01:43    time: 0.0701  data: 0.0000  max mem: 2942
      Evaluation: [ 600/1978]  eta: 0:01:36    time: 0.0700  data: 0.0000  max mem: 2942
      Evaluation: [ 700/1978]  eta: 0:01:29    time: 0.0700  data: 0.0000  max mem: 2942
      Evaluation: [ 800/1978]  eta: 0:01:22    time: 0.0700  data: 0.0000  max mem: 2942
      Evaluation: [ 900/1978]  eta: 0:01:15    time: 0.0700  data: 0.0000  max mem: 2942
      Evaluation: [1000/1978]  eta: 0:01:08    time: 0.0701  data: 0.0000  max mem: 2942
      Evaluation: [1100/1978]  eta: 0:01:01    time: 0.0700  data: 0.0000  max mem: 2942
      Evaluation: [1200/1978]  eta: 0:00:54    time: 0.0701  data: 0.0000  max mem: 2942
      Evaluation: [1300/1978]  eta: 0:00:47    time: 0.0699  data: 0.0000  max mem: 2942
      Evaluation: [1400/1978]  eta: 0:00:40    time: 0.0701  data: 0.0000  max mem: 2942
      Evaluation: [1500/1978]  eta: 0:00:33    time: 0.0701  data: 0.0000  max mem: 2942
      Evaluation: [1600/1978]  eta: 0:00:26    time: 0.0701  data: 0.0000  max mem: 2942
      Evaluation: [1700/1978]  eta: 0:00:19    time: 0.0703  data: 0.0000  max mem: 2942
      Evaluation: [1800/1978]  eta: 0:00:12    time: 0.0699  data: 0.0000  max mem: 2942
      Evaluation: [1900/1978]  eta: 0:00:05    time: 0.0700  data: 0.0000  max mem: 2942
      Evaluation: [1977/1978]  eta: 0:00:00    time: 0.0701  data: 0.0000  max mem: 2942
      Evaluation: Total time: 0:02:18 (0.0701 s / it)
     Computing matching score time 0:02:18
### TTA ITM Score: 
+-------+--------+--------+--------+--------+--------+
| epoch |   R1   |   R5   |  R10   |  mAP   |  mINP  |
+-------+--------+--------+--------+--------+--------+
|  -999 | 69.414 | 95.197 | 97.776 | 81.233 | 81.233 |
|  -999 | 69.414 | 95.197 | 97.776 | 81.233 | 81.233 |
|  -999 | 84.277 | 99.039 | 99.596 | 91.276 | 91.276 |
|   0   | 84.631 | 98.837 | 99.494 | 91.358 | 91.358 |
|   1   | 84.833 | 98.888 | 99.494 | 91.487 | 91.487 |
|   2   | 84.884 | 98.837 | 99.393 | 91.510 | 91.510 |
|   3   | 84.884 | 98.736 | 99.393 | 91.517 | 91.517 |
|   4   | 84.681 | 98.736 | 99.444 | 91.410 | 91.410 |
|   5   | 84.681 | 98.787 | 99.444 | 91.403 | 91.403 |
|   6   | 84.681 | 98.787 | 99.444 | 91.412 | 91.412 |
|   7   | 84.631 | 98.787 | 99.444 | 91.385 | 91.385 |
|   8   | 84.631 | 98.787 | 99.444 | 91.387 | 91.387 |
|   9   | 84.732 | 98.787 | 99.393 | 91.429 | 91.429 |
|   10  | 84.783 | 98.787 | 99.393 | 91.458 | 91.458 |
|   11  | 84.783 | 98.787 | 99.393 | 91.454 | 91.454 |
|   12  | 84.783 | 98.787 | 99.393 | 91.459 | 91.459 |
|   13  | 84.783 | 98.787 | 99.393 | 91.459 | 91.459 |
|   14  | 84.681 | 98.787 | 99.343 | 91.404 | 91.404 |
|   15  | 84.732 | 98.787 | 99.343 | 91.429 | 91.429 |
|   16  | 84.732 | 98.787 | 99.343 | 91.429 | 91.429 |
|   17  | 84.783 | 98.787 | 99.343 | 91.454 | 91.454 |
|   18  | 84.732 | 98.787 | 99.343 | 91.428 | 91.428 |
|   19  | 84.833 | 98.787 | 99.343 | 91.479 | 91.479 |
|   20  | 84.884 | 98.787 | 99.343 | 91.505 | 91.505 |
|   21  | 84.934 | 98.787 | 99.343 | 91.522 | 91.522 |
|   22  | 84.934 | 98.787 | 99.343 | 91.519 | 91.519 |
|   23  | 84.884 | 98.787 | 99.343 | 91.494 | 91.494 |
|   24  | 84.884 | 98.787 | 99.343 | 91.493 | 91.493 |
|   25  | 84.884 | 98.787 | 99.343 | 91.494 | 91.494 |
|   26  | 84.884 | 98.787 | 99.343 | 91.494 | 91.494 |
|   27  | 84.884 | 98.787 | 99.343 | 91.494 | 91.494 |
|   28  | 84.884 | 98.787 | 99.343 | 91.493 | 91.493 |
|   29  | 84.884 | 98.787 | 99.343 | 91.493 | 91.493 |
+-------+--------+--------+--------+--------+--------+
     logs:  {'epo': 29, 'R1': 84.884, 'R5': 98.787, 'R10': 99.343, 'mAP': 91.494, 'mINP': 91.494, 'lr': 1e-06, 'entropy': 0.174564, 'loss': 0.174564, 'entr_unc': 0.174564, 'uncertainty': 1.0, 'uncertainty_multiply_coeffi': 1.0}
### best epoch: 21
### Time 1:13:30
NNODES,  1
NODE_RANK,  0
MASTER_ADDR,  127.0.0.1
MASTER_PORT,  1612
NPROC_PER_NODE,  2
task:  tta_exp6.3.1
config:  configs/tta_exp6.3.1.yaml
output_dir:  output_rerun2/tta_exp6.3.1/2025091215433
python3 tta.py --config configs/tta_exp6.3.1.yaml --task tta_exp6.3.1 --output_dir output_rerun2/tta_exp6.3.1/2025091215433 --checkpoint checkpoint/cmp.pth --bs 0 --epo 0 --lr 0.0 --seed 42 --tta
