/home/user/yc57963/miniconda3/envs/cmp/lib/python3.10/site-packages/torch/utils/data/dataloader.py:627: UserWarning: This DataLoader will create 4 worker processes in total. Our suggested max number of worker in current system is 2, which is smaller than what this DataLoader is going to create. Please be aware that excessive worker creation might get DataLoader running slow or even freeze, lower the worker number to avoid potential slowness/freeze if necessary.
  warnings.warn(
/home/user/yc57963/miniconda3/envs/cmp/lib/python3.10/site-packages/torch/functional.py:554: UserWarning: torch.meshgrid: in an upcoming release, it will be required to pass the indexing argument. (Triggered internally at /pytorch/aten/src/ATen/native/TensorShape.cpp:4322.)
  return _VF.meshgrid(tensors, **kwargs)  # type: ignore[attr-defined]
Not using distributed mode
### Hyper-parameters:
     seed: 42
     device: cuda
     output_dir: output_rerun2/tta_exp6.3.2/2025091216571
     batch_size_tta: 16
     epochs: 30
     lr: 0.0005
### Creating test dataset
from data/PAB/annotation/test/attr.json loading 1978 data
     test dataset -->    be_pose_img: True
     test_dataset: 1978
### Creating test dataloader
### be careful: func create_loader returns a list length of 1
     test_loader: 90
### Creating model
build_vision_encoder: load swin 224 x 224 ====>
missing_keys:  []
unexpected_keys:  ['head.weight', 'head.bias']
/home/user/yc57963/task/CMP/eval.py:123: UserWarning: To copy construct from a tensor, it is recommended to use sourceTensor.detach().clone() or sourceTensor.detach().clone().requires_grad_(True), rather than torch.tensor(sourceTensor).
  similarity = torch.tensor(scores_t2i)
build_text_encoder: load bert ====>
missing_keys: ['bert.encoder.layer.10.crossattention.output.LayerNorm.bias', 'bert.encoder.layer.10.crossattention.output.LayerNorm.weight', 'bert.encoder.layer.10.crossattention.output.dense.bias', 'bert.encoder.layer.10.crossattention.output.dense.weight', 'bert.encoder.layer.10.crossattention.self.key.bias', 'bert.encoder.layer.10.crossattention.self.key.weight', 'bert.encoder.layer.10.crossattention.self.query.bias', 'bert.encoder.layer.10.crossattention.self.query.weight', 'bert.encoder.layer.10.crossattention.self.value.bias', 'bert.encoder.layer.10.crossattention.self.value.weight', 'bert.encoder.layer.11.crossattention.output.LayerNorm.bias', 'bert.encoder.layer.11.crossattention.output.LayerNorm.weight', 'bert.encoder.layer.11.crossattention.output.dense.bias', 'bert.encoder.layer.11.crossattention.output.dense.weight', 'bert.encoder.layer.11.crossattention.self.key.bias', 'bert.encoder.layer.11.crossattention.self.key.weight', 'bert.encoder.layer.11.crossattention.self.query.bias', 'bert.encoder.layer.11.crossattention.self.query.weight', 'bert.encoder.layer.11.crossattention.self.value.bias', 'bert.encoder.layer.11.crossattention.self.value.weight', 'bert.encoder.layer.6.crossattention.output.LayerNorm.bias', 'bert.encoder.layer.6.crossattention.output.LayerNorm.weight', 'bert.encoder.layer.6.crossattention.output.dense.bias', 'bert.encoder.layer.6.crossattention.output.dense.weight', 'bert.encoder.layer.6.crossattention.self.key.bias', 'bert.encoder.layer.6.crossattention.self.key.weight', 'bert.encoder.layer.6.crossattention.self.query.bias', 'bert.encoder.layer.6.crossattention.self.query.weight', 'bert.encoder.layer.6.crossattention.self.value.bias', 'bert.encoder.layer.6.crossattention.self.value.weight', 'bert.encoder.layer.7.crossattention.output.LayerNorm.bias', 'bert.encoder.layer.7.crossattention.output.LayerNorm.weight', 'bert.encoder.layer.7.crossattention.output.dense.bias', 'bert.encoder.layer.7.crossattention.output.dense.weight', 'bert.encoder.layer.7.crossattention.self.key.bias', 'bert.encoder.layer.7.crossattention.self.key.weight', 'bert.encoder.layer.7.crossattention.self.query.bias', 'bert.encoder.layer.7.crossattention.self.query.weight', 'bert.encoder.layer.7.crossattention.self.value.bias', 'bert.encoder.layer.7.crossattention.self.value.weight', 'bert.encoder.layer.8.crossattention.output.LayerNorm.bias', 'bert.encoder.layer.8.crossattention.output.LayerNorm.weight', 'bert.encoder.layer.8.crossattention.output.dense.bias', 'bert.encoder.layer.8.crossattention.output.dense.weight', 'bert.encoder.layer.8.crossattention.self.key.bias', 'bert.encoder.layer.8.crossattention.self.key.weight', 'bert.encoder.layer.8.crossattention.self.query.bias', 'bert.encoder.layer.8.crossattention.self.query.weight', 'bert.encoder.layer.8.crossattention.self.value.bias', 'bert.encoder.layer.8.crossattention.self.value.weight', 'bert.encoder.layer.9.crossattention.output.LayerNorm.bias', 'bert.encoder.layer.9.crossattention.output.LayerNorm.weight', 'bert.encoder.layer.9.crossattention.output.dense.bias', 'bert.encoder.layer.9.crossattention.output.dense.weight', 'bert.encoder.layer.9.crossattention.self.key.bias', 'bert.encoder.layer.9.crossattention.self.key.weight', 'bert.encoder.layer.9.crossattention.self.query.bias', 'bert.encoder.layer.9.crossattention.self.query.weight', 'bert.encoder.layer.9.crossattention.self.value.bias', 'bert.encoder.layer.9.crossattention.self.value.weight']
unexpected_keys: ['cls.seq_relationship.bias', 'cls.seq_relationship.weight']
mismatched_keys: []
error_msgs: []
Label Smooth: 0.2
pose_conv
load checkpoint from checkpoint/cmp.pth
missing_keys:  ['uncertainty_temper', 'prompt_learning_embedding']
unexpected_keys:  []
     Total Params Sum:  254268825
### Inference ITC similiarity matrix
### Zero-Shot ITC Score: 
+-------+--------+--------+--------+--------+--------+
| epoch |   R1   |   R5   |  R10   |  mAP   |  mINP  |
+-------+--------+--------+--------+--------+--------+
|  -999 | 69.414 | 95.197 | 97.776 | 81.233 | 81.233 |
+-------+--------+--------+--------+--------+--------+
### Zero-Shot Score: 
+-------+--------+--------+--------+--------+--------+
| epoch |   R1   |   R5   |  R10   |  mAP   |  mINP  |
+-------+--------+--------+--------+--------+--------+
|  -999 | 69.414 | 95.197 | 97.776 | 81.233 | 81.233 |
|  -999 | 69.414 | 95.197 | 97.776 | 81.233 | 81.233 |
|  -999 | 84.277 | 99.039 | 99.596 | 91.276 | 91.276 |
+-------+--------+--------+--------+--------+--------+
### TTA:
     preprocess_tta_coefficients  start
     sample selection ...
     number of sample after sample_selection: 1978
     uncertainty ...
     preprocess_tta_coefficients  end
### Creating tta dataset
     tta_dataset: 1978
### Creating tta dataloader
### be careful: func create_loader returns a list length of 1
     tta_loader: 123
### Configure adapted weights
     TTA Dropout Modules: 
 [('vision_encoder.pos_drop', Dropout(p=0, inplace=False), True), ('vision_encoder.layers.0.blocks.0.attn.attn_drop', Dropout(p=0.0, inplace=False), True), ('vision_encoder.layers.0.blocks.0.attn.proj_drop', Dropout(p=0, inplace=False), True), ('vision_encoder.layers.0.blocks.0.mlp.drop', Dropout(p=0, inplace=False), True), ('vision_encoder.layers.0.blocks.1.attn.attn_drop', Dropout(p=0.0, inplace=False), True), ('vision_encoder.layers.0.blocks.1.attn.proj_drop', Dropout(p=0, inplace=False), True), ('vision_encoder.layers.0.blocks.1.mlp.drop', Dropout(p=0, inplace=False), True), ('vision_encoder.layers.1.blocks.0.attn.attn_drop', Dropout(p=0.0, inplace=False), True), ('vision_encoder.layers.1.blocks.0.attn.proj_drop', Dropout(p=0, inplace=False), True), ('vision_encoder.layers.1.blocks.0.mlp.drop', Dropout(p=0, inplace=False), True), ('vision_encoder.layers.1.blocks.1.attn.attn_drop', Dropout(p=0.0, inplace=False), True), ('vision_encoder.layers.1.blocks.1.attn.proj_drop', Dropout(p=0, inplace=False), True), ('vision_encoder.layers.1.blocks.1.mlp.drop', Dropout(p=0, inplace=False), True), ('vision_encoder.layers.2.blocks.0.attn.attn_drop', Dropout(p=0.0, inplace=False), True), ('vision_encoder.layers.2.blocks.0.attn.proj_drop', Dropout(p=0, inplace=False), True), ('vision_encoder.layers.2.blocks.0.mlp.drop', Dropout(p=0, inplace=False), True), ('vision_encoder.layers.2.blocks.1.attn.attn_drop', Dropout(p=0.0, inplace=False), True), ('vision_encoder.layers.2.blocks.1.attn.proj_drop', Dropout(p=0, inplace=False), True), ('vision_encoder.layers.2.blocks.1.mlp.drop', Dropout(p=0, inplace=False), True), ('vision_encoder.layers.2.blocks.2.attn.attn_drop', Dropout(p=0.0, inplace=False), True), ('vision_encoder.layers.2.blocks.2.attn.proj_drop', Dropout(p=0, inplace=False), True), ('vision_encoder.layers.2.blocks.2.mlp.drop', Dropout(p=0, inplace=False), True), ('vision_encoder.layers.2.blocks.3.attn.attn_drop', Dropout(p=0.0, inplace=False), True), ('vision_encoder.layers.2.blocks.3.attn.proj_drop', Dropout(p=0, inplace=False), True), ('vision_encoder.layers.2.blocks.3.mlp.drop', Dropout(p=0, inplace=False), True), ('vision_encoder.layers.2.blocks.4.attn.attn_drop', Dropout(p=0.0, inplace=False), True), ('vision_encoder.layers.2.blocks.4.attn.proj_drop', Dropout(p=0, inplace=False), True), ('vision_encoder.layers.2.blocks.4.mlp.drop', Dropout(p=0, inplace=False), True), ('vision_encoder.layers.2.blocks.5.attn.attn_drop', Dropout(p=0.0, inplace=False), True), ('vision_encoder.layers.2.blocks.5.attn.proj_drop', Dropout(p=0, inplace=False), True), ('vision_encoder.layers.2.blocks.5.mlp.drop', Dropout(p=0, inplace=False), True), ('vision_encoder.layers.2.blocks.6.attn.attn_drop', Dropout(p=0.0, inplace=False), True), ('vision_encoder.layers.2.blocks.6.attn.proj_drop', Dropout(p=0, inplace=False), True), ('vision_encoder.layers.2.blocks.6.mlp.drop', Dropout(p=0, inplace=False), True), ('vision_encoder.layers.2.blocks.7.attn.attn_drop', Dropout(p=0.0, inplace=False), True), ('vision_encoder.layers.2.blocks.7.attn.proj_drop', Dropout(p=0, inplace=False), True), ('vision_encoder.layers.2.blocks.7.mlp.drop', Dropout(p=0, inplace=False), True), ('vision_encoder.layers.2.blocks.8.attn.attn_drop', Dropout(p=0.0, inplace=False), True), ('vision_encoder.layers.2.blocks.8.attn.proj_drop', Dropout(p=0, inplace=False), True), ('vision_encoder.layers.2.blocks.8.mlp.drop', Dropout(p=0, inplace=False), True), ('vision_encoder.layers.2.blocks.9.attn.attn_drop', Dropout(p=0.0, inplace=False), True), ('vision_encoder.layers.2.blocks.9.attn.proj_drop', Dropout(p=0, inplace=False), True), ('vision_encoder.layers.2.blocks.9.mlp.drop', Dropout(p=0, inplace=False), True), ('vision_encoder.layers.2.blocks.10.attn.attn_drop', Dropout(p=0.0, inplace=False), True), ('vision_encoder.layers.2.blocks.10.attn.proj_drop', Dropout(p=0, inplace=False), True), ('vision_encoder.layers.2.blocks.10.mlp.drop', Dropout(p=0, inplace=False), True), ('vision_encoder.layers.2.blocks.11.attn.attn_drop', Dropout(p=0.0, inplace=False), True), ('vision_encoder.layers.2.blocks.11.attn.proj_drop', Dropout(p=0, inplace=False), True), ('vision_encoder.layers.2.blocks.11.mlp.drop', Dropout(p=0, inplace=False), True), ('vision_encoder.layers.2.blocks.12.attn.attn_drop', Dropout(p=0.0, inplace=False), True), ('vision_encoder.layers.2.blocks.12.attn.proj_drop', Dropout(p=0, inplace=False), True), ('vision_encoder.layers.2.blocks.12.mlp.drop', Dropout(p=0, inplace=False), True), ('vision_encoder.layers.2.blocks.13.attn.attn_drop', Dropout(p=0.0, inplace=False), True), ('vision_encoder.layers.2.blocks.13.attn.proj_drop', Dropout(p=0, inplace=False), True), ('vision_encoder.layers.2.blocks.13.mlp.drop', Dropout(p=0, inplace=False), True), ('vision_encoder.layers.2.blocks.14.attn.attn_drop', Dropout(p=0.0, inplace=False), True), ('vision_encoder.layers.2.blocks.14.attn.proj_drop', Dropout(p=0, inplace=False), True), ('vision_encoder.layers.2.blocks.14.mlp.drop', Dropout(p=0, inplace=False), True), ('vision_encoder.layers.2.blocks.15.attn.attn_drop', Dropout(p=0.0, inplace=False), True), ('vision_encoder.layers.2.blocks.15.attn.proj_drop', Dropout(p=0, inplace=False), True), ('vision_encoder.layers.2.blocks.15.mlp.drop', Dropout(p=0, inplace=False), True), ('vision_encoder.layers.2.blocks.16.attn.attn_drop', Dropout(p=0.0, inplace=False), True), ('vision_encoder.layers.2.blocks.16.attn.proj_drop', Dropout(p=0, inplace=False), True), ('vision_encoder.layers.2.blocks.16.mlp.drop', Dropout(p=0, inplace=False), True), ('vision_encoder.layers.2.blocks.17.attn.attn_drop', Dropout(p=0.0, inplace=False), True), ('vision_encoder.layers.2.blocks.17.attn.proj_drop', Dropout(p=0, inplace=False), True), ('vision_encoder.layers.2.blocks.17.mlp.drop', Dropout(p=0, inplace=False), True), ('vision_encoder.layers.3.blocks.0.attn.attn_drop', Dropout(p=0.0, inplace=False), True), ('vision_encoder.layers.3.blocks.0.attn.proj_drop', Dropout(p=0, inplace=False), True), ('vision_encoder.layers.3.blocks.0.mlp.drop', Dropout(p=0, inplace=False), True), ('vision_encoder.layers.3.blocks.1.attn.attn_drop', Dropout(p=0.0, inplace=False), True), ('vision_encoder.layers.3.blocks.1.attn.proj_drop', Dropout(p=0, inplace=False), True), ('vision_encoder.layers.3.blocks.1.mlp.drop', Dropout(p=0, inplace=False), True), ('text_encoder.bert.embeddings.dropout', Dropout(p=0.1, inplace=False), True), ('text_encoder.bert.encoder.layer.0.attention.self.dropout', Dropout(p=0.1, inplace=False), True), ('text_encoder.bert.encoder.layer.0.attention.output.dropout', Dropout(p=0.1, inplace=False), True), ('text_encoder.bert.encoder.layer.0.output.dropout', Dropout(p=0.1, inplace=False), True), ('text_encoder.bert.encoder.layer.1.attention.self.dropout', Dropout(p=0.1, inplace=False), True), ('text_encoder.bert.encoder.layer.1.attention.output.dropout', Dropout(p=0.1, inplace=False), True), ('text_encoder.bert.encoder.layer.1.output.dropout', Dropout(p=0.1, inplace=False), True), ('text_encoder.bert.encoder.layer.2.attention.self.dropout', Dropout(p=0.1, inplace=False), True), ('text_encoder.bert.encoder.layer.2.attention.output.dropout', Dropout(p=0.1, inplace=False), True), ('text_encoder.bert.encoder.layer.2.output.dropout', Dropout(p=0.1, inplace=False), True), ('text_encoder.bert.encoder.layer.3.attention.self.dropout', Dropout(p=0.1, inplace=False), True), ('text_encoder.bert.encoder.layer.3.attention.output.dropout', Dropout(p=0.1, inplace=False), True), ('text_encoder.bert.encoder.layer.3.output.dropout', Dropout(p=0.1, inplace=False), True), ('text_encoder.bert.encoder.layer.4.attention.self.dropout', Dropout(p=0.1, inplace=False), True), ('text_encoder.bert.encoder.layer.4.attention.output.dropout', Dropout(p=0.1, inplace=False), True), ('text_encoder.bert.encoder.layer.4.output.dropout', Dropout(p=0.1, inplace=False), True), ('text_encoder.bert.encoder.layer.5.attention.self.dropout', Dropout(p=0.1, inplace=False), True), ('text_encoder.bert.encoder.layer.5.attention.output.dropout', Dropout(p=0.1, inplace=False), True), ('text_encoder.bert.encoder.layer.5.output.dropout', Dropout(p=0.1, inplace=False), True), ('text_encoder.bert.encoder.layer.6.attention.self.dropout', Dropout(p=0.1, inplace=False), True), ('text_encoder.bert.encoder.layer.6.attention.output.dropout', Dropout(p=0.1, inplace=False), True), ('text_encoder.bert.encoder.layer.6.crossattention.self.dropout', Dropout(p=0.1, inplace=False), True), ('text_encoder.bert.encoder.layer.6.crossattention.output.dropout', Dropout(p=0.1, inplace=False), True), ('text_encoder.bert.encoder.layer.6.output.dropout', Dropout(p=0.1, inplace=False), True), ('text_encoder.bert.encoder.layer.7.attention.self.dropout', Dropout(p=0.1, inplace=False), True), ('text_encoder.bert.encoder.layer.7.attention.output.dropout', Dropout(p=0.1, inplace=False), True), ('text_encoder.bert.encoder.layer.7.crossattention.self.dropout', Dropout(p=0.1, inplace=False), True), ('text_encoder.bert.encoder.layer.7.crossattention.output.dropout', Dropout(p=0.1, inplace=False), True), ('text_encoder.bert.encoder.layer.7.output.dropout', Dropout(p=0.1, inplace=False), True), ('text_encoder.bert.encoder.layer.8.attention.self.dropout', Dropout(p=0.1, inplace=False), True), ('text_encoder.bert.encoder.layer.8.attention.output.dropout', Dropout(p=0.1, inplace=False), True), ('text_encoder.bert.encoder.layer.8.crossattention.self.dropout', Dropout(p=0.1, inplace=False), True), ('text_encoder.bert.encoder.layer.8.crossattention.output.dropout', Dropout(p=0.1, inplace=False), True), ('text_encoder.bert.encoder.layer.8.output.dropout', Dropout(p=0.1, inplace=False), True), ('text_encoder.bert.encoder.layer.9.attention.self.dropout', Dropout(p=0.1, inplace=False), True), ('text_encoder.bert.encoder.layer.9.attention.output.dropout', Dropout(p=0.1, inplace=False), True), ('text_encoder.bert.encoder.layer.9.crossattention.self.dropout', Dropout(p=0.1, inplace=False), True), ('text_encoder.bert.encoder.layer.9.crossattention.output.dropout', Dropout(p=0.1, inplace=False), True), ('text_encoder.bert.encoder.layer.9.output.dropout', Dropout(p=0.1, inplace=False), True), ('text_encoder.bert.encoder.layer.10.attention.self.dropout', Dropout(p=0.1, inplace=False), True), ('text_encoder.bert.encoder.layer.10.attention.output.dropout', Dropout(p=0.1, inplace=False), True), ('text_encoder.bert.encoder.layer.10.crossattention.self.dropout', Dropout(p=0.1, inplace=False), True), ('text_encoder.bert.encoder.layer.10.crossattention.output.dropout', Dropout(p=0.1, inplace=False), True), ('text_encoder.bert.encoder.layer.10.output.dropout', Dropout(p=0.1, inplace=False), True), ('text_encoder.bert.encoder.layer.11.attention.self.dropout', Dropout(p=0.1, inplace=False), True), ('text_encoder.bert.encoder.layer.11.attention.output.dropout', Dropout(p=0.1, inplace=False), True), ('text_encoder.bert.encoder.layer.11.crossattention.self.dropout', Dropout(p=0.1, inplace=False), True), ('text_encoder.bert.encoder.layer.11.crossattention.output.dropout', Dropout(p=0.1, inplace=False), True), ('text_encoder.bert.encoder.layer.11.output.dropout', Dropout(p=0.1, inplace=False), True), ('vision_proj.1', Dropout(p=0.5, inplace=False), True), ('text_proj.1', Dropout(p=0.5, inplace=False), True), ('pose_block.attn.attn_drop', Dropout(p=0.0, inplace=False), True), ('pose_block.attn.proj_drop', Dropout(p=0.0, inplace=False), True)]
     TTA Require Gradient Params: 
 [('prompt_learning_embedding', torch.Size([1, 6, 768])), ('text_encoder.bert.embeddings.LayerNorm.weight', torch.Size([768])), ('text_encoder.bert.embeddings.LayerNorm.bias', torch.Size([768])), ('text_encoder.bert.encoder.layer.6.attention.output.LayerNorm.weight', torch.Size([768])), ('text_encoder.bert.encoder.layer.6.attention.output.LayerNorm.bias', torch.Size([768])), ('text_encoder.bert.encoder.layer.6.crossattention.output.LayerNorm.weight', torch.Size([768])), ('text_encoder.bert.encoder.layer.6.crossattention.output.LayerNorm.bias', torch.Size([768])), ('text_encoder.bert.encoder.layer.6.output.LayerNorm.weight', torch.Size([768])), ('text_encoder.bert.encoder.layer.6.output.LayerNorm.bias', torch.Size([768])), ('text_encoder.bert.encoder.layer.7.attention.output.LayerNorm.weight', torch.Size([768])), ('text_encoder.bert.encoder.layer.7.attention.output.LayerNorm.bias', torch.Size([768])), ('text_encoder.bert.encoder.layer.7.crossattention.output.LayerNorm.weight', torch.Size([768])), ('text_encoder.bert.encoder.layer.7.crossattention.output.LayerNorm.bias', torch.Size([768])), ('text_encoder.bert.encoder.layer.7.output.LayerNorm.weight', torch.Size([768])), ('text_encoder.bert.encoder.layer.7.output.LayerNorm.bias', torch.Size([768])), ('text_encoder.bert.encoder.layer.8.attention.output.LayerNorm.weight', torch.Size([768])), ('text_encoder.bert.encoder.layer.8.attention.output.LayerNorm.bias', torch.Size([768])), ('text_encoder.bert.encoder.layer.8.crossattention.output.LayerNorm.weight', torch.Size([768])), ('text_encoder.bert.encoder.layer.8.crossattention.output.LayerNorm.bias', torch.Size([768])), ('text_encoder.bert.encoder.layer.8.output.LayerNorm.weight', torch.Size([768])), ('text_encoder.bert.encoder.layer.8.output.LayerNorm.bias', torch.Size([768])), ('text_encoder.bert.encoder.layer.9.attention.output.LayerNorm.weight', torch.Size([768])), ('text_encoder.bert.encoder.layer.9.attention.output.LayerNorm.bias', torch.Size([768])), ('text_encoder.bert.encoder.layer.9.crossattention.output.LayerNorm.weight', torch.Size([768])), ('text_encoder.bert.encoder.layer.9.crossattention.output.LayerNorm.bias', torch.Size([768])), ('text_encoder.bert.encoder.layer.9.output.LayerNorm.weight', torch.Size([768])), ('text_encoder.bert.encoder.layer.9.output.LayerNorm.bias', torch.Size([768])), ('text_encoder.bert.encoder.layer.10.attention.output.LayerNorm.weight', torch.Size([768])), ('text_encoder.bert.encoder.layer.10.attention.output.LayerNorm.bias', torch.Size([768])), ('text_encoder.bert.encoder.layer.10.crossattention.output.LayerNorm.weight', torch.Size([768])), ('text_encoder.bert.encoder.layer.10.crossattention.output.LayerNorm.bias', torch.Size([768])), ('text_encoder.bert.encoder.layer.10.output.LayerNorm.weight', torch.Size([768])), ('text_encoder.bert.encoder.layer.10.output.LayerNorm.bias', torch.Size([768])), ('text_encoder.bert.encoder.layer.11.attention.output.LayerNorm.weight', torch.Size([768])), ('text_encoder.bert.encoder.layer.11.attention.output.LayerNorm.bias', torch.Size([768])), ('text_encoder.bert.encoder.layer.11.crossattention.output.LayerNorm.weight', torch.Size([768])), ('text_encoder.bert.encoder.layer.11.crossattention.output.LayerNorm.bias', torch.Size([768])), ('text_encoder.bert.encoder.layer.11.output.LayerNorm.weight', torch.Size([768])), ('text_encoder.bert.encoder.layer.11.output.LayerNorm.bias', torch.Size([768])), ('text_encoder.cls.predictions.transform.LayerNorm.weight', torch.Size([768])), ('text_encoder.cls.predictions.transform.LayerNorm.bias', torch.Size([768])), ('itm_head.1.weight', torch.Size([1536])), ('itm_head.1.bias', torch.Size([1536]))]
     TTA Dropout Modules Number: 
 126
     TTA Require Gradient Params Sum: 
 38400
     lr:  0.0005    lr_mult:  2
     model has 'init_params',  385
     num_tta_steps:  3720
     num_warmup_steps:  100
     sched: step
/home/user/yc57963/task/CMP/tta.py:213: FutureWarning: `torch.cuda.amp.GradScaler(args...)` is deprecated. Please use `torch.amp.GradScaler('cuda', args...)` instead.
  scaler = GradScaler()  # bf16
### Start ITM Test Time Adaptation
      TTA Epoch: [0] [  0/123]  eta: 0:02:13  lr: 0.000005  entropy: 0.5639  loss: 0.5639  entr_unc: 0.5639  uncertainty: 1.0000  uncertainty_multiply_coeffi: 1.0000  time: 1.0864  data: 0.4437  max mem: 2915
      TTA Epoch: [0] [100/123]  eta: 0:00:01  lr: 0.000500  entropy: 0.5502  loss: 0.5502  entr_unc: 0.5502  uncertainty: 1.0000  uncertainty_multiply_coeffi: 1.0000  time: 0.0582  data: 0.0040  max mem: 2942
      TTA Epoch: [0] [122/123]  eta: 0:00:00  lr: 0.000497  entropy: 0.1630  loss: 0.1630  entr_unc: 0.1630  uncertainty: 1.0000  uncertainty_multiply_coeffi: 1.0000  time: 0.0516  data: 0.0032  max mem: 2942
      TTA Epoch: [0] Total time: 0:00:07 (0.0648 s / it)
     Averaged stats: lr: 0.0003  entropy: 0.3393  loss: 0.3393  entr_unc: 0.3393  uncertainty: 1.0000  uncertainty_multiply_coeffi: 1.0000
     itm tta time 0:00:08
     Computing matching score
      Evaluation: [   0/1978]  eta: 0:09:00    time: 0.2734  data: 0.1612  max mem: 2942
      Evaluation: [ 100/1978]  eta: 0:02:14    time: 0.0696  data: 0.0000  max mem: 2942
      Evaluation: [ 200/1978]  eta: 0:02:05    time: 0.0700  data: 0.0000  max mem: 2942
      Evaluation: [ 300/1978]  eta: 0:01:58    time: 0.0701  data: 0.0000  max mem: 2942
      Evaluation: [ 400/1978]  eta: 0:01:51    time: 0.0700  data: 0.0000  max mem: 2942
      Evaluation: [ 500/1978]  eta: 0:01:43    time: 0.0700  data: 0.0000  max mem: 2942
      Evaluation: [ 600/1978]  eta: 0:01:36    time: 0.0702  data: 0.0000  max mem: 2942
      Evaluation: [ 700/1978]  eta: 0:01:29    time: 0.0702  data: 0.0000  max mem: 2942
      Evaluation: [ 800/1978]  eta: 0:01:22    time: 0.0700  data: 0.0000  max mem: 2942
      Evaluation: [ 900/1978]  eta: 0:01:15    time: 0.0702  data: 0.0000  max mem: 2942
      Evaluation: [1000/1978]  eta: 0:01:08    time: 0.0704  data: 0.0000  max mem: 2942
      Evaluation: [1100/1978]  eta: 0:01:01    time: 0.0701  data: 0.0000  max mem: 2942
      Evaluation: [1200/1978]  eta: 0:00:54    time: 0.0699  data: 0.0000  max mem: 2942
      Evaluation: [1300/1978]  eta: 0:00:47    time: 0.0701  data: 0.0000  max mem: 2942
      Evaluation: [1400/1978]  eta: 0:00:40    time: 0.0700  data: 0.0000  max mem: 2942
      Evaluation: [1500/1978]  eta: 0:00:33    time: 0.0707  data: 0.0000  max mem: 2942
      Evaluation: [1600/1978]  eta: 0:00:26    time: 0.0700  data: 0.0000  max mem: 2942
      Evaluation: [1700/1978]  eta: 0:00:19    time: 0.0701  data: 0.0000  max mem: 2942
      Evaluation: [1800/1978]  eta: 0:00:12    time: 0.0701  data: 0.0000  max mem: 2942
      Evaluation: [1900/1978]  eta: 0:00:05    time: 0.0701  data: 0.0000  max mem: 2942
      Evaluation: [1977/1978]  eta: 0:00:00    time: 0.0702  data: 0.0000  max mem: 2942
      Evaluation: Total time: 0:02:18 (0.0702 s / it)
     Computing matching score time 0:02:19
### TTA ITM Score: 
+-------+--------+--------+--------+--------+--------+
| epoch |   R1   |   R5   |  R10   |  mAP   |  mINP  |
+-------+--------+--------+--------+--------+--------+
|  -999 | 69.414 | 95.197 | 97.776 | 81.233 | 81.233 |
|  -999 | 69.414 | 95.197 | 97.776 | 81.233 | 81.233 |
|  -999 | 84.277 | 99.039 | 99.596 | 91.276 | 91.276 |
|   0   | 84.985 | 98.787 | 99.393 | 91.541 | 91.541 |
+-------+--------+--------+--------+--------+--------+
     logs:  {'epo': 0, 'R1': 84.985, 'R5': 98.787, 'R10': 99.393, 'mAP': 91.541, 'mINP': 91.541, 'lr': 0.000298, 'entropy': 0.339332, 'loss': 0.339332, 'entr_unc': 0.339332, 'uncertainty': 1.0, 'uncertainty_multiply_coeffi': 1.0}
      TTA Epoch: [1] [  0/123]  eta: 0:00:57  lr: 0.000497  entropy: 0.3903  loss: 0.3903  entr_unc: 0.3903  uncertainty: 1.0000  uncertainty_multiply_coeffi: 1.0000  time: 0.4696  data: 0.3561  max mem: 2942
      TTA Epoch: [1] [100/123]  eta: 0:00:01  lr: 0.000483  entropy: 0.1296  loss: 0.1296  entr_unc: 0.1296  uncertainty: 1.0000  uncertainty_multiply_coeffi: 1.0000  time: 0.0577  data: 0.0040  max mem: 2942
      TTA Epoch: [1] [122/123]  eta: 0:00:00  lr: 0.000480  entropy: 0.2116  loss: 0.2116  entr_unc: 0.2116  uncertainty: 1.0000  uncertainty_multiply_coeffi: 1.0000  time: 0.0515  data: 0.0020  max mem: 2942
      TTA Epoch: [1] Total time: 0:00:07 (0.0612 s / it)
     Averaged stats: lr: 0.0005  entropy: 0.1985  loss: 0.1985  entr_unc: 0.1985  uncertainty: 1.0000  uncertainty_multiply_coeffi: 1.0000
     itm tta time 0:00:07
     Computing matching score
      Evaluation: [   0/1978]  eta: 0:02:27    time: 0.0744  data: 0.0033  max mem: 2942
      Evaluation: [ 100/1978]  eta: 0:02:11    time: 0.0702  data: 0.0000  max mem: 2942
      Evaluation: [ 200/1978]  eta: 0:02:04    time: 0.0700  data: 0.0000  max mem: 2942
      Evaluation: [ 300/1978]  eta: 0:01:58    time: 0.0700  data: 0.0000  max mem: 2942
      Evaluation: [ 400/1978]  eta: 0:01:51    time: 0.0700  data: 0.0000  max mem: 2942
      Evaluation: [ 500/1978]  eta: 0:01:44    time: 0.0700  data: 0.0000  max mem: 2942
      Evaluation: [ 600/1978]  eta: 0:01:37    time: 0.0700  data: 0.0000  max mem: 2942
      Evaluation: [ 700/1978]  eta: 0:01:30    time: 0.0699  data: 0.0000  max mem: 2942
      Evaluation: [ 800/1978]  eta: 0:01:23    time: 0.0701  data: 0.0000  max mem: 2942
      Evaluation: [ 900/1978]  eta: 0:01:15    time: 0.0699  data: 0.0000  max mem: 2942
      Evaluation: [1000/1978]  eta: 0:01:08    time: 0.0700  data: 0.0000  max mem: 2942
      Evaluation: [1100/1978]  eta: 0:01:01    time: 0.0697  data: 0.0000  max mem: 2942
      Evaluation: [1200/1978]  eta: 0:00:54    time: 0.0699  data: 0.0000  max mem: 2942
      Evaluation: [1300/1978]  eta: 0:00:47    time: 0.0698  data: 0.0000  max mem: 2942
      Evaluation: [1400/1978]  eta: 0:00:40    time: 0.0700  data: 0.0000  max mem: 2942
      Evaluation: [1500/1978]  eta: 0:00:33    time: 0.0700  data: 0.0000  max mem: 2942
      Evaluation: [1600/1978]  eta: 0:00:26    time: 0.0701  data: 0.0000  max mem: 2942
      Evaluation: [1700/1978]  eta: 0:00:19    time: 0.0700  data: 0.0000  max mem: 2942
      Evaluation: [1800/1978]  eta: 0:00:12    time: 0.0701  data: 0.0000  max mem: 2942
      Evaluation: [1900/1978]  eta: 0:00:05    time: 0.0700  data: 0.0000  max mem: 2942
      Evaluation: [1977/1978]  eta: 0:00:00    time: 0.0701  data: 0.0000  max mem: 2942
      Evaluation: Total time: 0:02:18 (0.0702 s / it)
     Computing matching score time 0:02:19
### TTA ITM Score: 
+-------+--------+--------+--------+--------+--------+
| epoch |   R1   |   R5   |  R10   |  mAP   |  mINP  |
+-------+--------+--------+--------+--------+--------+
|  -999 | 69.414 | 95.197 | 97.776 | 81.233 | 81.233 |
|  -999 | 69.414 | 95.197 | 97.776 | 81.233 | 81.233 |
|  -999 | 84.277 | 99.039 | 99.596 | 91.276 | 91.276 |
|   0   | 84.985 | 98.787 | 99.393 | 91.541 | 91.541 |
|   1   | 84.580 | 98.787 | 99.393 | 91.360 | 91.360 |
+-------+--------+--------+--------+--------+--------+
     logs:  {'epo': 1, 'R1': 84.58, 'R5': 98.787, 'R10': 99.393, 'mAP': 91.36, 'mINP': 91.36, 'lr': 0.000488, 'entropy': 0.198491, 'loss': 0.198491, 'entr_unc': 0.198491, 'uncertainty': 1.0, 'uncertainty_multiply_coeffi': 1.0}
      TTA Epoch: [2] [  0/123]  eta: 0:01:01  lr: 0.000480  entropy: 0.1336  loss: 0.1336  entr_unc: 0.1336  uncertainty: 1.0000  uncertainty_multiply_coeffi: 1.0000  time: 0.5033  data: 0.3571  max mem: 2942
      TTA Epoch: [2] [100/123]  eta: 0:00:01  lr: 0.000466  entropy: 0.0671  loss: 0.0671  entr_unc: 0.0671  uncertainty: 1.0000  uncertainty_multiply_coeffi: 1.0000  time: 0.0586  data: 0.0036  max mem: 2942
      TTA Epoch: [2] [122/123]  eta: 0:00:00  lr: 0.000463  entropy: 0.0066  loss: 0.0066  entr_unc: 0.0066  uncertainty: 1.0000  uncertainty_multiply_coeffi: 1.0000  time: 0.0497  data: 0.0042  max mem: 2942
      TTA Epoch: [2] Total time: 0:00:07 (0.0613 s / it)
     Averaged stats: lr: 0.0005  entropy: 0.1389  loss: 0.1389  entr_unc: 0.1389  uncertainty: 1.0000  uncertainty_multiply_coeffi: 1.0000
     itm tta time 0:00:07
     Computing matching score
      Evaluation: [   0/1978]  eta: 0:02:30    time: 0.0762  data: 0.0033  max mem: 2942
      Evaluation: [ 100/1978]  eta: 0:02:11    time: 0.0699  data: 0.0000  max mem: 2942
      Evaluation: [ 200/1978]  eta: 0:02:04    time: 0.0699  data: 0.0000  max mem: 2942
      Evaluation: [ 300/1978]  eta: 0:01:57    time: 0.0699  data: 0.0000  max mem: 2942
      Evaluation: [ 400/1978]  eta: 0:01:50    time: 0.0699  data: 0.0000  max mem: 2942
      Evaluation: [ 500/1978]  eta: 0:01:43    time: 0.0699  data: 0.0000  max mem: 2942
      Evaluation: [ 600/1978]  eta: 0:01:36    time: 0.0699  data: 0.0000  max mem: 2942
      Evaluation: [ 700/1978]  eta: 0:01:29    time: 0.0700  data: 0.0000  max mem: 2942
      Evaluation: [ 800/1978]  eta: 0:01:22    time: 0.0700  data: 0.0000  max mem: 2942
      Evaluation: [ 900/1978]  eta: 0:01:15    time: 0.0699  data: 0.0000  max mem: 2942
      Evaluation: [1000/1978]  eta: 0:01:08    time: 0.0699  data: 0.0000  max mem: 2942
      Evaluation: [1100/1978]  eta: 0:01:01    time: 0.0700  data: 0.0000  max mem: 2942
      Evaluation: [1200/1978]  eta: 0:00:54    time: 0.0700  data: 0.0000  max mem: 2942
      Evaluation: [1300/1978]  eta: 0:00:47    time: 0.0699  data: 0.0000  max mem: 2942
      Evaluation: [1400/1978]  eta: 0:00:40    time: 0.0704  data: 0.0000  max mem: 2942
      Evaluation: [1500/1978]  eta: 0:00:33    time: 0.0699  data: 0.0000  max mem: 2942
      Evaluation: [1600/1978]  eta: 0:00:26    time: 0.0699  data: 0.0000  max mem: 2942
      Evaluation: [1700/1978]  eta: 0:00:19    time: 0.0700  data: 0.0000  max mem: 2942
      Evaluation: [1800/1978]  eta: 0:00:12    time: 0.0700  data: 0.0000  max mem: 2942
      Evaluation: [1900/1978]  eta: 0:00:05    time: 0.0701  data: 0.0000  max mem: 2942
      Evaluation: [1977/1978]  eta: 0:00:00    time: 0.0700  data: 0.0000  max mem: 2942
      Evaluation: Total time: 0:02:18 (0.0700 s / it)
     Computing matching score time 0:02:18
### TTA ITM Score: 
+-------+--------+--------+--------+--------+--------+
| epoch |   R1   |   R5   |  R10   |  mAP   |  mINP  |
+-------+--------+--------+--------+--------+--------+
|  -999 | 69.414 | 95.197 | 97.776 | 81.233 | 81.233 |
|  -999 | 69.414 | 95.197 | 97.776 | 81.233 | 81.233 |
|  -999 | 84.277 | 99.039 | 99.596 | 91.276 | 91.276 |
|   0   | 84.985 | 98.787 | 99.393 | 91.541 | 91.541 |
|   1   | 84.580 | 98.787 | 99.393 | 91.360 | 91.360 |
|   2   | 84.732 | 98.736 | 99.494 | 91.437 | 91.437 |
+-------+--------+--------+--------+--------+--------+
     logs:  {'epo': 2, 'R1': 84.732, 'R5': 98.736, 'R10': 99.494, 'mAP': 91.437, 'mINP': 91.437, 'lr': 0.000471, 'entropy': 0.138926, 'loss': 0.138926, 'entr_unc': 0.138926, 'uncertainty': 1.0, 'uncertainty_multiply_coeffi': 1.0}
      TTA Epoch: [3] [  0/123]  eta: 0:00:58  lr: 0.000463  entropy: 0.0823  loss: 0.0823  entr_unc: 0.0823  uncertainty: 1.0000  uncertainty_multiply_coeffi: 1.0000  time: 0.4786  data: 0.3696  max mem: 2942
      TTA Epoch: [3] [100/123]  eta: 0:00:01  lr: 0.000224  entropy: 0.1621  loss: 0.1621  entr_unc: 0.1621  uncertainty: 1.0000  uncertainty_multiply_coeffi: 1.0000  time: 0.0619  data: 0.0055  max mem: 2942
      TTA Epoch: [3] [122/123]  eta: 0:00:00  lr: 0.000223  entropy: 0.2333  loss: 0.2333  entr_unc: 0.2333  uncertainty: 1.0000  uncertainty_multiply_coeffi: 1.0000  time: 0.0479  data: 0.0017  max mem: 2942
      TTA Epoch: [3] Total time: 0:00:07 (0.0613 s / it)
     Averaged stats: lr: 0.0003  entropy: 0.1103  loss: 0.1103  entr_unc: 0.1103  uncertainty: 1.0000  uncertainty_multiply_coeffi: 1.0000
     itm tta time 0:00:07
     Computing matching score
      Evaluation: [   0/1978]  eta: 0:02:28    time: 0.0750  data: 0.0033  max mem: 2942
      Evaluation: [ 100/1978]  eta: 0:02:12    time: 0.0732  data: 0.0000  max mem: 2942
      Evaluation: [ 200/1978]  eta: 0:02:05    time: 0.0698  data: 0.0000  max mem: 2942
      Evaluation: [ 300/1978]  eta: 0:01:58    time: 0.0699  data: 0.0000  max mem: 2942
      Evaluation: [ 400/1978]  eta: 0:01:51    time: 0.0698  data: 0.0000  max mem: 2942
      Evaluation: [ 500/1978]  eta: 0:01:43    time: 0.0697  data: 0.0000  max mem: 2942
      Evaluation: [ 600/1978]  eta: 0:01:36    time: 0.0698  data: 0.0000  max mem: 2942
      Evaluation: [ 700/1978]  eta: 0:01:29    time: 0.0698  data: 0.0000  max mem: 2942
      Evaluation: [ 800/1978]  eta: 0:01:22    time: 0.0697  data: 0.0000  max mem: 2942
      Evaluation: [ 900/1978]  eta: 0:01:15    time: 0.0698  data: 0.0000  max mem: 2942
      Evaluation: [1000/1978]  eta: 0:01:08    time: 0.0698  data: 0.0000  max mem: 2942
      Evaluation: [1100/1978]  eta: 0:01:01    time: 0.0697  data: 0.0000  max mem: 2942
      Evaluation: [1200/1978]  eta: 0:00:54    time: 0.0697  data: 0.0000  max mem: 2942
      Evaluation: [1300/1978]  eta: 0:00:47    time: 0.0698  data: 0.0000  max mem: 2942
      Evaluation: [1400/1978]  eta: 0:00:40    time: 0.0699  data: 0.0000  max mem: 2942
      Evaluation: [1500/1978]  eta: 0:00:33    time: 0.0697  data: 0.0000  max mem: 2942
      Evaluation: [1600/1978]  eta: 0:00:26    time: 0.0706  data: 0.0000  max mem: 2942
      Evaluation: [1700/1978]  eta: 0:00:19    time: 0.0705  data: 0.0000  max mem: 2942
      Evaluation: [1800/1978]  eta: 0:00:12    time: 0.0699  data: 0.0000  max mem: 2942
      Evaluation: [1900/1978]  eta: 0:00:05    time: 0.0699  data: 0.0000  max mem: 2942
      Evaluation: [1977/1978]  eta: 0:00:00    time: 0.0698  data: 0.0000  max mem: 2942
      Evaluation: Total time: 0:02:18 (0.0702 s / it)
     Computing matching score time 0:02:19
### TTA ITM Score: 
+-------+--------+--------+--------+--------+--------+
| epoch |   R1   |   R5   |  R10   |  mAP   |  mINP  |
+-------+--------+--------+--------+--------+--------+
|  -999 | 69.414 | 95.197 | 97.776 | 81.233 | 81.233 |
|  -999 | 69.414 | 95.197 | 97.776 | 81.233 | 81.233 |
|  -999 | 84.277 | 99.039 | 99.596 | 91.276 | 91.276 |
|   0   | 84.985 | 98.787 | 99.393 | 91.541 | 91.541 |
|   1   | 84.580 | 98.787 | 99.393 | 91.360 | 91.360 |
|   2   | 84.732 | 98.736 | 99.494 | 91.437 | 91.437 |
|   3   | 85.035 | 98.888 | 99.596 | 91.635 | 91.635 |
+-------+--------+--------+--------+--------+--------+
     logs:  {'epo': 3, 'R1': 85.035, 'R5': 98.888, 'R10': 99.596, 'mAP': 91.635, 'mINP': 91.635, 'lr': 0.000283, 'entropy': 0.110269, 'loss': 0.110269, 'entr_unc': 0.110269, 'uncertainty': 1.0, 'uncertainty_multiply_coeffi': 1.0}
      TTA Epoch: [4] [  0/123]  eta: 0:01:02  lr: 0.000223  entropy: 0.1383  loss: 0.1383  entr_unc: 0.1383  uncertainty: 1.0000  uncertainty_multiply_coeffi: 1.0000  time: 0.5089  data: 0.3292  max mem: 2942
      TTA Epoch: [4] [100/123]  eta: 0:00:01  lr: 0.000216  entropy: 0.0612  loss: 0.0612  entr_unc: 0.0612  uncertainty: 1.0000  uncertainty_multiply_coeffi: 1.0000  time: 0.0564  data: 0.0035  max mem: 2942
      TTA Epoch: [4] [122/123]  eta: 0:00:00  lr: 0.000214  entropy: 0.0663  loss: 0.0663  entr_unc: 0.0663  uncertainty: 1.0000  uncertainty_multiply_coeffi: 1.0000  time: 0.0503  data: 0.0030  max mem: 2942
      TTA Epoch: [4] Total time: 0:00:07 (0.0614 s / it)
     Averaged stats: lr: 0.0002  entropy: 0.0999  loss: 0.0999  entr_unc: 0.0999  uncertainty: 1.0000  uncertainty_multiply_coeffi: 1.0000
     itm tta time 0:00:07
     Computing matching score
      Evaluation: [   0/1978]  eta: 0:02:31    time: 0.0765  data: 0.0033  max mem: 2942
      Evaluation: [ 100/1978]  eta: 0:02:11    time: 0.0701  data: 0.0000  max mem: 2942
      Evaluation: [ 200/1978]  eta: 0:02:06    time: 0.0781  data: 0.0000  max mem: 2942
      Evaluation: [ 300/1978]  eta: 0:01:58    time: 0.0701  data: 0.0000  max mem: 2942
      Evaluation: [ 400/1978]  eta: 0:01:51    time: 0.0699  data: 0.0000  max mem: 2942
      Evaluation: [ 500/1978]  eta: 0:01:44    time: 0.0700  data: 0.0000  max mem: 2942
      Evaluation: [ 600/1978]  eta: 0:01:37    time: 0.0699  data: 0.0000  max mem: 2942
      Evaluation: [ 700/1978]  eta: 0:01:29    time: 0.0701  data: 0.0000  max mem: 2942
      Evaluation: [ 800/1978]  eta: 0:01:22    time: 0.0701  data: 0.0000  max mem: 2942
      Evaluation: [ 900/1978]  eta: 0:01:15    time: 0.0701  data: 0.0000  max mem: 2942
      Evaluation: [1000/1978]  eta: 0:01:08    time: 0.0701  data: 0.0000  max mem: 2942
      Evaluation: [1100/1978]  eta: 0:01:01    time: 0.0701  data: 0.0000  max mem: 2942
      Evaluation: [1200/1978]  eta: 0:00:54    time: 0.0701  data: 0.0000  max mem: 2942
      Evaluation: [1300/1978]  eta: 0:00:47    time: 0.0701  data: 0.0000  max mem: 2942
      Evaluation: [1400/1978]  eta: 0:00:40    time: 0.0703  data: 0.0000  max mem: 2942
      Evaluation: [1500/1978]  eta: 0:00:33    time: 0.0701  data: 0.0000  max mem: 2942
      Evaluation: [1600/1978]  eta: 0:00:26    time: 0.0700  data: 0.0000  max mem: 2942
      Evaluation: [1700/1978]  eta: 0:00:19    time: 0.0702  data: 0.0000  max mem: 2942
      Evaluation: [1800/1978]  eta: 0:00:12    time: 0.0701  data: 0.0000  max mem: 2942
      Evaluation: [1900/1978]  eta: 0:00:05    time: 0.0700  data: 0.0000  max mem: 2942
      Evaluation: [1977/1978]  eta: 0:00:00    time: 0.0701  data: 0.0000  max mem: 2942
      Evaluation: Total time: 0:02:18 (0.0702 s / it)
     Computing matching score time 0:02:19
### TTA ITM Score: 
+-------+--------+--------+--------+--------+--------+
| epoch |   R1   |   R5   |  R10   |  mAP   |  mINP  |
+-------+--------+--------+--------+--------+--------+
|  -999 | 69.414 | 95.197 | 97.776 | 81.233 | 81.233 |
|  -999 | 69.414 | 95.197 | 97.776 | 81.233 | 81.233 |
|  -999 | 84.277 | 99.039 | 99.596 | 91.276 | 91.276 |
|   0   | 84.985 | 98.787 | 99.393 | 91.541 | 91.541 |
|   1   | 84.580 | 98.787 | 99.393 | 91.360 | 91.360 |
|   2   | 84.732 | 98.736 | 99.494 | 91.437 | 91.437 |
|   3   | 85.035 | 98.888 | 99.596 | 91.635 | 91.635 |
|   4   | 84.985 | 98.736 | 99.494 | 91.592 | 91.592 |
+-------+--------+--------+--------+--------+--------+
     logs:  {'epo': 4, 'R1': 84.985, 'R5': 98.736, 'R10': 99.494, 'mAP': 91.592, 'mINP': 91.592, 'lr': 0.000219, 'entropy': 0.099913, 'loss': 0.099913, 'entr_unc': 0.099913, 'uncertainty': 1.0, 'uncertainty_multiply_coeffi': 1.0}
      TTA Epoch: [5] [  0/123]  eta: 0:00:46  lr: 0.000214  entropy: 0.0357  loss: 0.0357  entr_unc: 0.0357  uncertainty: 1.0000  uncertainty_multiply_coeffi: 1.0000  time: 0.3806  data: 0.2656  max mem: 2942
      TTA Epoch: [5] [100/123]  eta: 0:00:01  lr: 0.000083  entropy: 0.0647  loss: 0.0647  entr_unc: 0.0647  uncertainty: 1.0000  uncertainty_multiply_coeffi: 1.0000  time: 0.0598  data: 0.0053  max mem: 2942
      TTA Epoch: [5] [122/123]  eta: 0:00:00  lr: 0.000082  entropy: 0.0420  loss: 0.0420  entr_unc: 0.0420  uncertainty: 1.0000  uncertainty_multiply_coeffi: 1.0000  time: 0.0485  data: 0.0026  max mem: 2942
      TTA Epoch: [5] Total time: 0:00:07 (0.0611 s / it)
     Averaged stats: lr: 0.0002  entropy: 0.0940  loss: 0.0940  entr_unc: 0.0940  uncertainty: 1.0000  uncertainty_multiply_coeffi: 1.0000
     itm tta time 0:00:07
     Computing matching score
      Evaluation: [   0/1978]  eta: 0:02:27    time: 0.0747  data: 0.0034  max mem: 2942
      Evaluation: [ 100/1978]  eta: 0:02:11    time: 0.0699  data: 0.0000  max mem: 2942
      Evaluation: [ 200/1978]  eta: 0:02:04    time: 0.0700  data: 0.0000  max mem: 2942
      Evaluation: [ 300/1978]  eta: 0:01:57    time: 0.0699  data: 0.0000  max mem: 2942
      Evaluation: [ 400/1978]  eta: 0:01:50    time: 0.0699  data: 0.0000  max mem: 2942
      Evaluation: [ 500/1978]  eta: 0:01:43    time: 0.0699  data: 0.0000  max mem: 2942
      Evaluation: [ 600/1978]  eta: 0:01:36    time: 0.0699  data: 0.0000  max mem: 2942
      Evaluation: [ 700/1978]  eta: 0:01:29    time: 0.0700  data: 0.0000  max mem: 2942
      Evaluation: [ 800/1978]  eta: 0:01:22    time: 0.0700  data: 0.0000  max mem: 2942
      Evaluation: [ 900/1978]  eta: 0:01:15    time: 0.0700  data: 0.0000  max mem: 2942
      Evaluation: [1000/1978]  eta: 0:01:08    time: 0.0700  data: 0.0000  max mem: 2942
      Evaluation: [1100/1978]  eta: 0:01:01    time: 0.0700  data: 0.0000  max mem: 2942
      Evaluation: [1200/1978]  eta: 0:00:54    time: 0.0700  data: 0.0000  max mem: 2942
      Evaluation: [1300/1978]  eta: 0:00:47    time: 0.0699  data: 0.0000  max mem: 2942
      Evaluation: [1400/1978]  eta: 0:00:40    time: 0.0700  data: 0.0000  max mem: 2942
      Evaluation: [1500/1978]  eta: 0:00:33    time: 0.0700  data: 0.0000  max mem: 2942
      Evaluation: [1600/1978]  eta: 0:00:26    time: 0.0699  data: 0.0000  max mem: 2942
      Evaluation: [1700/1978]  eta: 0:00:19    time: 0.0700  data: 0.0000  max mem: 2942
      Evaluation: [1800/1978]  eta: 0:00:12    time: 0.0700  data: 0.0000  max mem: 2942
      Evaluation: [1900/1978]  eta: 0:00:05    time: 0.0700  data: 0.0000  max mem: 2942
      Evaluation: [1977/1978]  eta: 0:00:00    time: 0.0700  data: 0.0000  max mem: 2942
      Evaluation: Total time: 0:02:18 (0.0700 s / it)
     Computing matching score time 0:02:18
### TTA ITM Score: 
+-------+--------+--------+--------+--------+--------+
| epoch |   R1   |   R5   |  R10   |  mAP   |  mINP  |
+-------+--------+--------+--------+--------+--------+
|  -999 | 69.414 | 95.197 | 97.776 | 81.233 | 81.233 |
|  -999 | 69.414 | 95.197 | 97.776 | 81.233 | 81.233 |
|  -999 | 84.277 | 99.039 | 99.596 | 91.276 | 91.276 |
|   0   | 84.985 | 98.787 | 99.393 | 91.541 | 91.541 |
|   1   | 84.580 | 98.787 | 99.393 | 91.360 | 91.360 |
|   2   | 84.732 | 98.736 | 99.494 | 91.437 | 91.437 |
|   3   | 85.035 | 98.888 | 99.596 | 91.635 | 91.635 |
|   4   | 84.985 | 98.736 | 99.494 | 91.592 | 91.592 |
|   5   | 85.086 | 98.736 | 99.545 | 91.660 | 91.660 |
+-------+--------+--------+--------+--------+--------+
     logs:  {'epo': 5, 'R1': 85.086, 'R5': 98.736, 'R10': 99.545, 'mAP': 91.66, 'mINP': 91.66, 'lr': 0.000171, 'entropy': 0.094005, 'loss': 0.094005, 'entr_unc': 0.094005, 'uncertainty': 1.0, 'uncertainty_multiply_coeffi': 1.0}
      TTA Epoch: [6] [  0/123]  eta: 0:01:06  lr: 0.000082  entropy: 0.1619  loss: 0.1619  entr_unc: 0.1619  uncertainty: 1.0000  uncertainty_multiply_coeffi: 1.0000  time: 0.5406  data: 0.4176  max mem: 2942
      TTA Epoch: [6] [100/123]  eta: 0:00:01  lr: 0.000080  entropy: 0.1092  loss: 0.1092  entr_unc: 0.1092  uncertainty: 1.0000  uncertainty_multiply_coeffi: 1.0000  time: 0.0588  data: 0.0029  max mem: 2942
      TTA Epoch: [6] [122/123]  eta: 0:00:00  lr: 0.000079  entropy: 0.1200  loss: 0.1200  entr_unc: 0.1200  uncertainty: 1.0000  uncertainty_multiply_coeffi: 1.0000  time: 0.0488  data: 0.0014  max mem: 2942
      TTA Epoch: [6] Total time: 0:00:07 (0.0613 s / it)
     Averaged stats: lr: 0.0001  entropy: 0.0925  loss: 0.0925  entr_unc: 0.0925  uncertainty: 1.0000  uncertainty_multiply_coeffi: 1.0000
     itm tta time 0:00:07
     Computing matching score
      Evaluation: [   0/1978]  eta: 0:02:27    time: 0.0748  data: 0.0034  max mem: 2942
      Evaluation: [ 100/1978]  eta: 0:02:11    time: 0.0699  data: 0.0000  max mem: 2942
      Evaluation: [ 200/1978]  eta: 0:02:04    time: 0.0698  data: 0.0000  max mem: 2942
      Evaluation: [ 300/1978]  eta: 0:01:57    time: 0.0699  data: 0.0000  max mem: 2942
      Evaluation: [ 400/1978]  eta: 0:01:50    time: 0.0699  data: 0.0000  max mem: 2942
      Evaluation: [ 500/1978]  eta: 0:01:43    time: 0.0699  data: 0.0000  max mem: 2942
      Evaluation: [ 600/1978]  eta: 0:01:36    time: 0.0699  data: 0.0000  max mem: 2942
      Evaluation: [ 700/1978]  eta: 0:01:29    time: 0.0698  data: 0.0000  max mem: 2942
      Evaluation: [ 800/1978]  eta: 0:01:22    time: 0.0699  data: 0.0000  max mem: 2942
      Evaluation: [ 900/1978]  eta: 0:01:15    time: 0.0699  data: 0.0000  max mem: 2942
      Evaluation: [1000/1978]  eta: 0:01:08    time: 0.0699  data: 0.0000  max mem: 2942
      Evaluation: [1100/1978]  eta: 0:01:01    time: 0.0699  data: 0.0000  max mem: 2942
      Evaluation: [1200/1978]  eta: 0:00:54    time: 0.0699  data: 0.0000  max mem: 2942
      Evaluation: [1300/1978]  eta: 0:00:47    time: 0.0704  data: 0.0000  max mem: 2942
      Evaluation: [1400/1978]  eta: 0:00:40    time: 0.0699  data: 0.0000  max mem: 2942
      Evaluation: [1500/1978]  eta: 0:00:33    time: 0.0699  data: 0.0000  max mem: 2942
      Evaluation: [1600/1978]  eta: 0:00:26    time: 0.0699  data: 0.0000  max mem: 2942
      Evaluation: [1700/1978]  eta: 0:00:19    time: 0.0699  data: 0.0000  max mem: 2942
      Evaluation: [1800/1978]  eta: 0:00:12    time: 0.0700  data: 0.0000  max mem: 2942
      Evaluation: [1900/1978]  eta: 0:00:05    time: 0.0699  data: 0.0000  max mem: 2942
      Evaluation: [1977/1978]  eta: 0:00:00    time: 0.0699  data: 0.0000  max mem: 2942
      Evaluation: Total time: 0:02:18 (0.0700 s / it)
     Computing matching score time 0:02:18
### TTA ITM Score: 
+-------+--------+--------+--------+--------+--------+
| epoch |   R1   |   R5   |  R10   |  mAP   |  mINP  |
+-------+--------+--------+--------+--------+--------+
|  -999 | 69.414 | 95.197 | 97.776 | 81.233 | 81.233 |
|  -999 | 69.414 | 95.197 | 97.776 | 81.233 | 81.233 |
|  -999 | 84.277 | 99.039 | 99.596 | 91.276 | 91.276 |
|   0   | 84.985 | 98.787 | 99.393 | 91.541 | 91.541 |
|   1   | 84.580 | 98.787 | 99.393 | 91.360 | 91.360 |
|   2   | 84.732 | 98.736 | 99.494 | 91.437 | 91.437 |
|   3   | 85.035 | 98.888 | 99.596 | 91.635 | 91.635 |
|   4   | 84.985 | 98.736 | 99.494 | 91.592 | 91.592 |
|   5   | 85.086 | 98.736 | 99.545 | 91.660 | 91.660 |
|   6   | 85.035 | 98.787 | 99.545 | 91.647 | 91.647 |
+-------+--------+--------+--------+--------+--------+
     logs:  {'epo': 6, 'R1': 85.035, 'R5': 98.787, 'R10': 99.545, 'mAP': 91.647, 'mINP': 91.647, 'lr': 8.1e-05, 'entropy': 0.092511, 'loss': 0.092511, 'entr_unc': 0.092511, 'uncertainty': 1.0, 'uncertainty_multiply_coeffi': 1.0}
      TTA Epoch: [7] [  0/123]  eta: 0:00:52  lr: 0.000079  entropy: 0.1029  loss: 0.1029  entr_unc: 0.1029  uncertainty: 1.0000  uncertainty_multiply_coeffi: 1.0000  time: 0.4298  data: 0.2979  max mem: 2942
      TTA Epoch: [7] [100/123]  eta: 0:00:01  lr: 0.000076  entropy: 0.1045  loss: 0.1045  entr_unc: 0.1045  uncertainty: 1.0000  uncertainty_multiply_coeffi: 1.0000  time: 0.0604  data: 0.0071  max mem: 2942
      TTA Epoch: [7] [122/123]  eta: 0:00:00  lr: 0.000076  entropy: 0.1274  loss: 0.1274  entr_unc: 0.1274  uncertainty: 1.0000  uncertainty_multiply_coeffi: 1.0000  time: 0.0468  data: 0.0017  max mem: 2942
      TTA Epoch: [7] Total time: 0:00:07 (0.0612 s / it)
     Averaged stats: lr: 0.0001  entropy: 0.0861  loss: 0.0861  entr_unc: 0.0861  uncertainty: 1.0000  uncertainty_multiply_coeffi: 1.0000
     itm tta time 0:00:07
     Computing matching score
      Evaluation: [   0/1978]  eta: 0:02:27    time: 0.0747  data: 0.0033  max mem: 2942
      Evaluation: [ 100/1978]  eta: 0:02:11    time: 0.0700  data: 0.0000  max mem: 2942
      Evaluation: [ 200/1978]  eta: 0:02:04    time: 0.0700  data: 0.0000  max mem: 2942
      Evaluation: [ 300/1978]  eta: 0:01:57    time: 0.0700  data: 0.0000  max mem: 2942
      Evaluation: [ 400/1978]  eta: 0:01:50    time: 0.0701  data: 0.0000  max mem: 2942
      Evaluation: [ 500/1978]  eta: 0:01:43    time: 0.0701  data: 0.0000  max mem: 2942
      Evaluation: [ 600/1978]  eta: 0:01:36    time: 0.0700  data: 0.0000  max mem: 2942
      Evaluation: [ 700/1978]  eta: 0:01:29    time: 0.0701  data: 0.0000  max mem: 2942
      Evaluation: [ 800/1978]  eta: 0:01:22    time: 0.0701  data: 0.0000  max mem: 2942
      Evaluation: [ 900/1978]  eta: 0:01:15    time: 0.0700  data: 0.0000  max mem: 2942
      Evaluation: [1000/1978]  eta: 0:01:08    time: 0.0701  data: 0.0000  max mem: 2942
      Evaluation: [1100/1978]  eta: 0:01:01    time: 0.0700  data: 0.0000  max mem: 2942
      Evaluation: [1200/1978]  eta: 0:00:54    time: 0.0700  data: 0.0000  max mem: 2942
      Evaluation: [1300/1978]  eta: 0:00:47    time: 0.0700  data: 0.0000  max mem: 2942
      Evaluation: [1400/1978]  eta: 0:00:40    time: 0.0701  data: 0.0000  max mem: 2942
      Evaluation: [1500/1978]  eta: 0:00:33    time: 0.0701  data: 0.0000  max mem: 2942
      Evaluation: [1600/1978]  eta: 0:00:26    time: 0.0704  data: 0.0000  max mem: 2942
      Evaluation: [1700/1978]  eta: 0:00:19    time: 0.0700  data: 0.0000  max mem: 2942
      Evaluation: [1800/1978]  eta: 0:00:12    time: 0.0700  data: 0.0000  max mem: 2942
      Evaluation: [1900/1978]  eta: 0:00:05    time: 0.0700  data: 0.0000  max mem: 2942
      Evaluation: [1977/1978]  eta: 0:00:00    time: 0.0700  data: 0.0000  max mem: 2942
      Evaluation: Total time: 0:02:18 (0.0701 s / it)
     Computing matching score time 0:02:18
### TTA ITM Score: 
+-------+--------+--------+--------+--------+--------+
| epoch |   R1   |   R5   |  R10   |  mAP   |  mINP  |
+-------+--------+--------+--------+--------+--------+
|  -999 | 69.414 | 95.197 | 97.776 | 81.233 | 81.233 |
|  -999 | 69.414 | 95.197 | 97.776 | 81.233 | 81.233 |
|  -999 | 84.277 | 99.039 | 99.596 | 91.276 | 91.276 |
|   0   | 84.985 | 98.787 | 99.393 | 91.541 | 91.541 |
|   1   | 84.580 | 98.787 | 99.393 | 91.360 | 91.360 |
|   2   | 84.732 | 98.736 | 99.494 | 91.437 | 91.437 |
|   3   | 85.035 | 98.888 | 99.596 | 91.635 | 91.635 |
|   4   | 84.985 | 98.736 | 99.494 | 91.592 | 91.592 |
|   5   | 85.086 | 98.736 | 99.545 | 91.660 | 91.660 |
|   6   | 85.035 | 98.787 | 99.545 | 91.647 | 91.647 |
|   7   | 85.086 | 98.736 | 99.545 | 91.657 | 91.657 |
+-------+--------+--------+--------+--------+--------+
     logs:  {'epo': 7, 'R1': 85.086, 'R5': 98.736, 'R10': 99.545, 'mAP': 91.657, 'mINP': 91.657, 'lr': 7.7e-05, 'entropy': 0.086103, 'loss': 0.086103, 'entr_unc': 0.086103, 'uncertainty': 1.0, 'uncertainty_multiply_coeffi': 1.0}
      TTA Epoch: [8] [  0/123]  eta: 0:01:05  lr: 0.000076  entropy: 0.0129  loss: 0.0129  entr_unc: 0.0129  uncertainty: 1.0000  uncertainty_multiply_coeffi: 1.0000  time: 0.5291  data: 0.3831  max mem: 2942
      TTA Epoch: [8] [100/123]  eta: 0:00:01  lr: 0.000073  entropy: 0.0317  loss: 0.0317  entr_unc: 0.0317  uncertainty: 1.0000  uncertainty_multiply_coeffi: 1.0000  time: 0.0601  data: 0.0042  max mem: 2942
      TTA Epoch: [8] [122/123]  eta: 0:00:00  lr: 0.000072  entropy: 0.0170  loss: 0.0170  entr_unc: 0.0170  uncertainty: 1.0000  uncertainty_multiply_coeffi: 1.0000  time: 0.0489  data: 0.0029  max mem: 2942
      TTA Epoch: [8] Total time: 0:00:07 (0.0614 s / it)
     Averaged stats: lr: 0.0001  entropy: 0.0843  loss: 0.0843  entr_unc: 0.0843  uncertainty: 1.0000  uncertainty_multiply_coeffi: 1.0000
     itm tta time 0:00:07
     Computing matching score
      Evaluation: [   0/1978]  eta: 0:02:27    time: 0.0746  data: 0.0033  max mem: 2942
      Evaluation: [ 100/1978]  eta: 0:02:11    time: 0.0700  data: 0.0000  max mem: 2942
      Evaluation: [ 200/1978]  eta: 0:02:04    time: 0.0700  data: 0.0000  max mem: 2942
      Evaluation: [ 300/1978]  eta: 0:01:57    time: 0.0701  data: 0.0000  max mem: 2942
      Evaluation: [ 400/1978]  eta: 0:01:50    time: 0.0702  data: 0.0000  max mem: 2942
      Evaluation: [ 500/1978]  eta: 0:01:43    time: 0.0701  data: 0.0000  max mem: 2942
      Evaluation: [ 600/1978]  eta: 0:01:36    time: 0.0701  data: 0.0000  max mem: 2942
      Evaluation: [ 700/1978]  eta: 0:01:29    time: 0.0700  data: 0.0000  max mem: 2942
      Evaluation: [ 800/1978]  eta: 0:01:22    time: 0.0701  data: 0.0000  max mem: 2942
      Evaluation: [ 900/1978]  eta: 0:01:15    time: 0.0700  data: 0.0000  max mem: 2942
      Evaluation: [1000/1978]  eta: 0:01:09    time: 0.0725  data: 0.0000  max mem: 2942
      Evaluation: [1100/1978]  eta: 0:01:02    time: 0.0700  data: 0.0000  max mem: 2942
      Evaluation: [1200/1978]  eta: 0:00:54    time: 0.0701  data: 0.0000  max mem: 2942
      Evaluation: [1300/1978]  eta: 0:00:47    time: 0.0701  data: 0.0000  max mem: 2942
      Evaluation: [1400/1978]  eta: 0:00:40    time: 0.0701  data: 0.0000  max mem: 2942
      Evaluation: [1500/1978]  eta: 0:00:33    time: 0.0699  data: 0.0000  max mem: 2942
      Evaluation: [1600/1978]  eta: 0:00:26    time: 0.0700  data: 0.0000  max mem: 2942
      Evaluation: [1700/1978]  eta: 0:00:19    time: 0.0701  data: 0.0000  max mem: 2942
      Evaluation: [1800/1978]  eta: 0:00:12    time: 0.0701  data: 0.0000  max mem: 2942
      Evaluation: [1900/1978]  eta: 0:00:05    time: 0.0701  data: 0.0000  max mem: 2942
      Evaluation: [1977/1978]  eta: 0:00:00    time: 0.0700  data: 0.0000  max mem: 2942
      Evaluation: Total time: 0:02:19 (0.0705 s / it)
     Computing matching score time 0:02:19
### TTA ITM Score: 
+-------+--------+--------+--------+--------+--------+
| epoch |   R1   |   R5   |  R10   |  mAP   |  mINP  |
+-------+--------+--------+--------+--------+--------+
|  -999 | 69.414 | 95.197 | 97.776 | 81.233 | 81.233 |
|  -999 | 69.414 | 95.197 | 97.776 | 81.233 | 81.233 |
|  -999 | 84.277 | 99.039 | 99.596 | 91.276 | 91.276 |
|   0   | 84.985 | 98.787 | 99.393 | 91.541 | 91.541 |
|   1   | 84.580 | 98.787 | 99.393 | 91.360 | 91.360 |
|   2   | 84.732 | 98.736 | 99.494 | 91.437 | 91.437 |
|   3   | 85.035 | 98.888 | 99.596 | 91.635 | 91.635 |
|   4   | 84.985 | 98.736 | 99.494 | 91.592 | 91.592 |
|   5   | 85.086 | 98.736 | 99.545 | 91.660 | 91.660 |
|   6   | 85.035 | 98.787 | 99.545 | 91.647 | 91.647 |
|   7   | 85.086 | 98.736 | 99.545 | 91.657 | 91.657 |
|   8   | 85.035 | 98.837 | 99.545 | 91.642 | 91.642 |
+-------+--------+--------+--------+--------+--------+
     logs:  {'epo': 8, 'R1': 85.035, 'R5': 98.837, 'R10': 99.545, 'mAP': 91.642, 'mINP': 91.642, 'lr': 7.4e-05, 'entropy': 0.08429, 'loss': 0.08429, 'entr_unc': 0.08429, 'uncertainty': 1.0, 'uncertainty_multiply_coeffi': 1.0}
      TTA Epoch: [9] [  0/123]  eta: 0:01:05  lr: 0.000072  entropy: 0.0487  loss: 0.0487  entr_unc: 0.0487  uncertainty: 1.0000  uncertainty_multiply_coeffi: 1.0000  time: 0.5299  data: 0.4592  max mem: 2942
      TTA Epoch: [9] [100/123]  eta: 0:00:01  lr: 0.000069  entropy: 0.1881  loss: 0.1881  entr_unc: 0.1881  uncertainty: 1.0000  uncertainty_multiply_coeffi: 1.0000  time: 0.0556  data: 0.0043  max mem: 2942
      TTA Epoch: [9] [122/123]  eta: 0:00:00  lr: 0.000069  entropy: 0.0061  loss: 0.0061  entr_unc: 0.0061  uncertainty: 1.0000  uncertainty_multiply_coeffi: 1.0000  time: 0.0494  data: 0.0022  max mem: 2942
      TTA Epoch: [9] Total time: 0:00:07 (0.0612 s / it)
     Averaged stats: lr: 0.0001  entropy: 0.0824  loss: 0.0824  entr_unc: 0.0824  uncertainty: 1.0000  uncertainty_multiply_coeffi: 1.0000
     itm tta time 0:00:07
     Computing matching score
      Evaluation: [   0/1978]  eta: 0:02:27    time: 0.0747  data: 0.0033  max mem: 2942
      Evaluation: [ 100/1978]  eta: 0:02:11    time: 0.0701  data: 0.0000  max mem: 2942
      Evaluation: [ 200/1978]  eta: 0:02:04    time: 0.0700  data: 0.0000  max mem: 2942
      Evaluation: [ 300/1978]  eta: 0:01:57    time: 0.0700  data: 0.0000  max mem: 2942
      Evaluation: [ 400/1978]  eta: 0:01:50    time: 0.0700  data: 0.0000  max mem: 2942
      Evaluation: [ 500/1978]  eta: 0:01:43    time: 0.0700  data: 0.0000  max mem: 2942
      Evaluation: [ 600/1978]  eta: 0:01:36    time: 0.0780  data: 0.0000  max mem: 2942
      Evaluation: [ 700/1978]  eta: 0:01:29    time: 0.0701  data: 0.0000  max mem: 2942
      Evaluation: [ 800/1978]  eta: 0:01:22    time: 0.0700  data: 0.0000  max mem: 2942
      Evaluation: [ 900/1978]  eta: 0:01:15    time: 0.0705  data: 0.0000  max mem: 2942
      Evaluation: [1000/1978]  eta: 0:01:08    time: 0.0706  data: 0.0000  max mem: 2942
      Evaluation: [1100/1978]  eta: 0:01:01    time: 0.0700  data: 0.0000  max mem: 2942
      Evaluation: [1200/1978]  eta: 0:00:54    time: 0.0702  data: 0.0000  max mem: 2942
      Evaluation: [1300/1978]  eta: 0:00:47    time: 0.0700  data: 0.0000  max mem: 2942
      Evaluation: [1400/1978]  eta: 0:00:40    time: 0.0701  data: 0.0000  max mem: 2942
      Evaluation: [1500/1978]  eta: 0:00:33    time: 0.0701  data: 0.0000  max mem: 2942
      Evaluation: [1600/1978]  eta: 0:00:26    time: 0.0700  data: 0.0000  max mem: 2942
      Evaluation: [1700/1978]  eta: 0:00:19    time: 0.0702  data: 0.0000  max mem: 2942
      Evaluation: [1800/1978]  eta: 0:00:12    time: 0.0701  data: 0.0000  max mem: 2942
      Evaluation: [1900/1978]  eta: 0:00:05    time: 0.0701  data: 0.0000  max mem: 2942
      Evaluation: [1977/1978]  eta: 0:00:00    time: 0.0701  data: 0.0000  max mem: 2942
      Evaluation: Total time: 0:02:18 (0.0702 s / it)
     Computing matching score time 0:02:19
### TTA ITM Score: 
+-------+--------+--------+--------+--------+--------+
| epoch |   R1   |   R5   |  R10   |  mAP   |  mINP  |
+-------+--------+--------+--------+--------+--------+
|  -999 | 69.414 | 95.197 | 97.776 | 81.233 | 81.233 |
|  -999 | 69.414 | 95.197 | 97.776 | 81.233 | 81.233 |
|  -999 | 84.277 | 99.039 | 99.596 | 91.276 | 91.276 |
|   0   | 84.985 | 98.787 | 99.393 | 91.541 | 91.541 |
|   1   | 84.580 | 98.787 | 99.393 | 91.360 | 91.360 |
|   2   | 84.732 | 98.736 | 99.494 | 91.437 | 91.437 |
|   3   | 85.035 | 98.888 | 99.596 | 91.635 | 91.635 |
|   4   | 84.985 | 98.736 | 99.494 | 91.592 | 91.592 |
|   5   | 85.086 | 98.736 | 99.545 | 91.660 | 91.660 |
|   6   | 85.035 | 98.787 | 99.545 | 91.647 | 91.647 |
|   7   | 85.086 | 98.736 | 99.545 | 91.657 | 91.657 |
|   8   | 85.035 | 98.837 | 99.545 | 91.642 | 91.642 |
|   9   | 85.137 | 98.736 | 99.545 | 91.678 | 91.678 |
+-------+--------+--------+--------+--------+--------+
     logs:  {'epo': 9, 'R1': 85.137, 'R5': 98.736, 'R10': 99.545, 'mAP': 91.678, 'mINP': 91.678, 'lr': 7e-05, 'entropy': 0.082409, 'loss': 0.082409, 'entr_unc': 0.082409, 'uncertainty': 1.0, 'uncertainty_multiply_coeffi': 1.0}
      TTA Epoch: [10] [  0/123]  eta: 0:01:02  lr: 0.000069  entropy: 0.1532  loss: 0.1532  entr_unc: 0.1532  uncertainty: 1.0000  uncertainty_multiply_coeffi: 1.0000  time: 0.5083  data: 0.3275  max mem: 2942
      TTA Epoch: [10] [100/123]  eta: 0:00:01  lr: 0.000066  entropy: 0.0368  loss: 0.0368  entr_unc: 0.0368  uncertainty: 1.0000  uncertainty_multiply_coeffi: 1.0000  time: 0.0570  data: 0.0040  max mem: 2942
      TTA Epoch: [10] [122/123]  eta: 0:00:00  lr: 0.000065  entropy: 0.1014  loss: 0.1014  entr_unc: 0.1014  uncertainty: 1.0000  uncertainty_multiply_coeffi: 1.0000  time: 0.0489  data: 0.0022  max mem: 2942
      TTA Epoch: [10] Total time: 0:00:07 (0.0614 s / it)
     Averaged stats: lr: 0.0001  entropy: 0.0765  loss: 0.0765  entr_unc: 0.0765  uncertainty: 1.0000  uncertainty_multiply_coeffi: 1.0000
     itm tta time 0:00:07
     Computing matching score
      Evaluation: [   0/1978]  eta: 0:02:27    time: 0.0745  data: 0.0033  max mem: 2942
      Evaluation: [ 100/1978]  eta: 0:02:11    time: 0.0698  data: 0.0000  max mem: 2942
      Evaluation: [ 200/1978]  eta: 0:02:08    time: 0.0781  data: 0.0000  max mem: 2942
      Evaluation: [ 300/1978]  eta: 0:02:01    time: 0.0759  data: 0.0000  max mem: 2942
      Evaluation: [ 400/1978]  eta: 0:01:53    time: 0.0699  data: 0.0000  max mem: 2942
      Evaluation: [ 500/1978]  eta: 0:01:45    time: 0.0697  data: 0.0000  max mem: 2942
      Evaluation: [ 600/1978]  eta: 0:01:37    time: 0.0698  data: 0.0000  max mem: 2942
      Evaluation: [ 700/1978]  eta: 0:01:30    time: 0.0699  data: 0.0000  max mem: 2942
      Evaluation: [ 800/1978]  eta: 0:01:23    time: 0.0700  data: 0.0000  max mem: 2942
      Evaluation: [ 900/1978]  eta: 0:01:16    time: 0.0698  data: 0.0000  max mem: 2942
      Evaluation: [1000/1978]  eta: 0:01:09    time: 0.0698  data: 0.0000  max mem: 2942
      Evaluation: [1100/1978]  eta: 0:01:01    time: 0.0699  data: 0.0000  max mem: 2942
      Evaluation: [1200/1978]  eta: 0:00:54    time: 0.0701  data: 0.0000  max mem: 2942
      Evaluation: [1300/1978]  eta: 0:00:47    time: 0.0698  data: 0.0000  max mem: 2942
      Evaluation: [1400/1978]  eta: 0:00:40    time: 0.0698  data: 0.0000  max mem: 2942
      Evaluation: [1500/1978]  eta: 0:00:33    time: 0.0697  data: 0.0000  max mem: 2942
      Evaluation: [1600/1978]  eta: 0:00:26    time: 0.0699  data: 0.0000  max mem: 2942
      Evaluation: [1700/1978]  eta: 0:00:19    time: 0.0698  data: 0.0000  max mem: 2942
      Evaluation: [1800/1978]  eta: 0:00:12    time: 0.0698  data: 0.0000  max mem: 2942
      Evaluation: [1900/1978]  eta: 0:00:05    time: 0.0698  data: 0.0000  max mem: 2942
      Evaluation: [1977/1978]  eta: 0:00:00    time: 0.0703  data: 0.0000  max mem: 2942
      Evaluation: Total time: 0:02:18 (0.0702 s / it)
     Computing matching score time 0:02:19
### TTA ITM Score: 
+-------+--------+--------+--------+--------+--------+
| epoch |   R1   |   R5   |  R10   |  mAP   |  mINP  |
+-------+--------+--------+--------+--------+--------+
|  -999 | 69.414 | 95.197 | 97.776 | 81.233 | 81.233 |
|  -999 | 69.414 | 95.197 | 97.776 | 81.233 | 81.233 |
|  -999 | 84.277 | 99.039 | 99.596 | 91.276 | 91.276 |
|   0   | 84.985 | 98.787 | 99.393 | 91.541 | 91.541 |
|   1   | 84.580 | 98.787 | 99.393 | 91.360 | 91.360 |
|   2   | 84.732 | 98.736 | 99.494 | 91.437 | 91.437 |
|   3   | 85.035 | 98.888 | 99.596 | 91.635 | 91.635 |
|   4   | 84.985 | 98.736 | 99.494 | 91.592 | 91.592 |
|   5   | 85.086 | 98.736 | 99.545 | 91.660 | 91.660 |
|   6   | 85.035 | 98.787 | 99.545 | 91.647 | 91.647 |
|   7   | 85.086 | 98.736 | 99.545 | 91.657 | 91.657 |
|   8   | 85.035 | 98.837 | 99.545 | 91.642 | 91.642 |
|   9   | 85.137 | 98.736 | 99.545 | 91.678 | 91.678 |
|   10  | 85.187 | 98.787 | 99.545 | 91.724 | 91.724 |
+-------+--------+--------+--------+--------+--------+
     logs:  {'epo': 10, 'R1': 85.187, 'R5': 98.787, 'R10': 99.545, 'mAP': 91.724, 'mINP': 91.724, 'lr': 6.7e-05, 'entropy': 0.076486, 'loss': 0.076486, 'entr_unc': 0.076486, 'uncertainty': 1.0, 'uncertainty_multiply_coeffi': 1.0}
      TTA Epoch: [11] [  0/123]  eta: 0:01:01  lr: 0.000065  entropy: 0.1032  loss: 0.1032  entr_unc: 0.1032  uncertainty: 1.0000  uncertainty_multiply_coeffi: 1.0000  time: 0.4978  data: 0.3503  max mem: 2942
      TTA Epoch: [11] [100/123]  eta: 0:00:01  lr: 0.000063  entropy: 0.0134  loss: 0.0134  entr_unc: 0.0134  uncertainty: 1.0000  uncertainty_multiply_coeffi: 1.0000  time: 0.0596  data: 0.0038  max mem: 2942
      TTA Epoch: [11] [122/123]  eta: 0:00:00  lr: 0.000062  entropy: 0.0766  loss: 0.0766  entr_unc: 0.0766  uncertainty: 1.0000  uncertainty_multiply_coeffi: 1.0000  time: 0.0482  data: 0.0009  max mem: 2942
      TTA Epoch: [11] Total time: 0:00:07 (0.0612 s / it)
     Averaged stats: lr: 0.0001  entropy: 0.0782  loss: 0.0782  entr_unc: 0.0782  uncertainty: 1.0000  uncertainty_multiply_coeffi: 1.0000
     itm tta time 0:00:07
     Computing matching score
      Evaluation: [   0/1978]  eta: 0:02:28    time: 0.0749  data: 0.0035  max mem: 2942
      Evaluation: [ 100/1978]  eta: 0:02:11    time: 0.0702  data: 0.0000  max mem: 2942
      Evaluation: [ 200/1978]  eta: 0:02:04    time: 0.0700  data: 0.0000  max mem: 2942
      Evaluation: [ 300/1978]  eta: 0:01:58    time: 0.0702  data: 0.0000  max mem: 2942
      Evaluation: [ 400/1978]  eta: 0:01:51    time: 0.0700  data: 0.0000  max mem: 2942
      Evaluation: [ 500/1978]  eta: 0:01:44    time: 0.0701  data: 0.0000  max mem: 2942
      Evaluation: [ 600/1978]  eta: 0:01:37    time: 0.0701  data: 0.0000  max mem: 2942
      Evaluation: [ 700/1978]  eta: 0:01:30    time: 0.0700  data: 0.0000  max mem: 2942
      Evaluation: [ 800/1978]  eta: 0:01:22    time: 0.0701  data: 0.0000  max mem: 2942
      Evaluation: [ 900/1978]  eta: 0:01:15    time: 0.0701  data: 0.0000  max mem: 2942
      Evaluation: [1000/1978]  eta: 0:01:08    time: 0.0700  data: 0.0000  max mem: 2942
      Evaluation: [1100/1978]  eta: 0:01:01    time: 0.0703  data: 0.0000  max mem: 2942
      Evaluation: [1200/1978]  eta: 0:00:54    time: 0.0702  data: 0.0000  max mem: 2942
      Evaluation: [1300/1978]  eta: 0:00:47    time: 0.0703  data: 0.0000  max mem: 2942
      Evaluation: [1400/1978]  eta: 0:00:40    time: 0.0702  data: 0.0000  max mem: 2942
      Evaluation: [1500/1978]  eta: 0:00:33    time: 0.0702  data: 0.0000  max mem: 2942
      Evaluation: [1600/1978]  eta: 0:00:26    time: 0.0701  data: 0.0000  max mem: 2942
      Evaluation: [1700/1978]  eta: 0:00:19    time: 0.0701  data: 0.0000  max mem: 2942
      Evaluation: [1800/1978]  eta: 0:00:12    time: 0.0757  data: 0.0000  max mem: 2942
      Evaluation: [1900/1978]  eta: 0:00:05    time: 0.0702  data: 0.0000  max mem: 2942
      Evaluation: [1977/1978]  eta: 0:00:00    time: 0.0702  data: 0.0000  max mem: 2942
      Evaluation: Total time: 0:02:19 (0.0704 s / it)
     Computing matching score time 0:02:19
### TTA ITM Score: 
+-------+--------+--------+--------+--------+--------+
| epoch |   R1   |   R5   |  R10   |  mAP   |  mINP  |
+-------+--------+--------+--------+--------+--------+
|  -999 | 69.414 | 95.197 | 97.776 | 81.233 | 81.233 |
|  -999 | 69.414 | 95.197 | 97.776 | 81.233 | 81.233 |
|  -999 | 84.277 | 99.039 | 99.596 | 91.276 | 91.276 |
|   0   | 84.985 | 98.787 | 99.393 | 91.541 | 91.541 |
|   1   | 84.580 | 98.787 | 99.393 | 91.360 | 91.360 |
|   2   | 84.732 | 98.736 | 99.494 | 91.437 | 91.437 |
|   3   | 85.035 | 98.888 | 99.596 | 91.635 | 91.635 |
|   4   | 84.985 | 98.736 | 99.494 | 91.592 | 91.592 |
|   5   | 85.086 | 98.736 | 99.545 | 91.660 | 91.660 |
|   6   | 85.035 | 98.787 | 99.545 | 91.647 | 91.647 |
|   7   | 85.086 | 98.736 | 99.545 | 91.657 | 91.657 |
|   8   | 85.035 | 98.837 | 99.545 | 91.642 | 91.642 |
|   9   | 85.137 | 98.736 | 99.545 | 91.678 | 91.678 |
|   10  | 85.187 | 98.787 | 99.545 | 91.724 | 91.724 |
|   11  | 84.934 | 98.736 | 99.545 | 91.581 | 91.581 |
+-------+--------+--------+--------+--------+--------+
     logs:  {'epo': 11, 'R1': 84.934, 'R5': 98.736, 'R10': 99.545, 'mAP': 91.581, 'mINP': 91.581, 'lr': 6.4e-05, 'entropy': 0.078192, 'loss': 0.078192, 'entr_unc': 0.078192, 'uncertainty': 1.0, 'uncertainty_multiply_coeffi': 1.0}
      TTA Epoch: [12] [  0/123]  eta: 0:00:59  lr: 0.000062  entropy: 0.2413  loss: 0.2413  entr_unc: 0.2413  uncertainty: 1.0000  uncertainty_multiply_coeffi: 1.0000  time: 0.4830  data: 0.3377  max mem: 2942
      TTA Epoch: [12] [100/123]  eta: 0:00:01  lr: 0.000059  entropy: 0.0517  loss: 0.0517  entr_unc: 0.0517  uncertainty: 1.0000  uncertainty_multiply_coeffi: 1.0000  time: 0.0587  data: 0.0027  max mem: 2942
      TTA Epoch: [12] [122/123]  eta: 0:00:00  lr: 0.000059  entropy: 0.0341  loss: 0.0341  entr_unc: 0.0341  uncertainty: 1.0000  uncertainty_multiply_coeffi: 1.0000  time: 0.0497  data: 0.0008  max mem: 2942
      TTA Epoch: [12] Total time: 0:00:07 (0.0614 s / it)
     Averaged stats: lr: 0.0001  entropy: 0.0743  loss: 0.0743  entr_unc: 0.0743  uncertainty: 1.0000  uncertainty_multiply_coeffi: 1.0000
     itm tta time 0:00:07
     Computing matching score
      Evaluation: [   0/1978]  eta: 0:02:28    time: 0.0751  data: 0.0035  max mem: 2942
      Evaluation: [ 100/1978]  eta: 0:02:11    time: 0.0702  data: 0.0000  max mem: 2942
      Evaluation: [ 200/1978]  eta: 0:02:04    time: 0.0699  data: 0.0000  max mem: 2942
      Evaluation: [ 300/1978]  eta: 0:01:57    time: 0.0699  data: 0.0000  max mem: 2942
      Evaluation: [ 400/1978]  eta: 0:01:50    time: 0.0699  data: 0.0000  max mem: 2942
      Evaluation: [ 500/1978]  eta: 0:01:43    time: 0.0699  data: 0.0000  max mem: 2942
      Evaluation: [ 600/1978]  eta: 0:01:36    time: 0.0699  data: 0.0000  max mem: 2942
      Evaluation: [ 700/1978]  eta: 0:01:29    time: 0.0704  data: 0.0000  max mem: 2942
      Evaluation: [ 800/1978]  eta: 0:01:22    time: 0.0700  data: 0.0000  max mem: 2942
      Evaluation: [ 900/1978]  eta: 0:01:15    time: 0.0699  data: 0.0000  max mem: 2942
      Evaluation: [1000/1978]  eta: 0:01:08    time: 0.0700  data: 0.0000  max mem: 2942
      Evaluation: [1100/1978]  eta: 0:01:01    time: 0.0699  data: 0.0000  max mem: 2942
      Evaluation: [1200/1978]  eta: 0:00:54    time: 0.0700  data: 0.0000  max mem: 2942
      Evaluation: [1300/1978]  eta: 0:00:47    time: 0.0699  data: 0.0000  max mem: 2942
      Evaluation: [1400/1978]  eta: 0:00:40    time: 0.0699  data: 0.0000  max mem: 2942
      Evaluation: [1500/1978]  eta: 0:00:33    time: 0.0699  data: 0.0000  max mem: 2942
      Evaluation: [1600/1978]  eta: 0:00:26    time: 0.0700  data: 0.0000  max mem: 2942
      Evaluation: [1700/1978]  eta: 0:00:19    time: 0.0699  data: 0.0000  max mem: 2942
      Evaluation: [1800/1978]  eta: 0:00:12    time: 0.0699  data: 0.0000  max mem: 2942
      Evaluation: [1900/1978]  eta: 0:00:05    time: 0.0699  data: 0.0000  max mem: 2942
      Evaluation: [1977/1978]  eta: 0:00:00    time: 0.0700  data: 0.0000  max mem: 2942
      Evaluation: Total time: 0:02:18 (0.0700 s / it)
     Computing matching score time 0:02:18
### TTA ITM Score: 
+-------+--------+--------+--------+--------+--------+
| epoch |   R1   |   R5   |  R10   |  mAP   |  mINP  |
+-------+--------+--------+--------+--------+--------+
|  -999 | 69.414 | 95.197 | 97.776 | 81.233 | 81.233 |
|  -999 | 69.414 | 95.197 | 97.776 | 81.233 | 81.233 |
|  -999 | 84.277 | 99.039 | 99.596 | 91.276 | 91.276 |
|   0   | 84.985 | 98.787 | 99.393 | 91.541 | 91.541 |
|   1   | 84.580 | 98.787 | 99.393 | 91.360 | 91.360 |
|   2   | 84.732 | 98.736 | 99.494 | 91.437 | 91.437 |
|   3   | 85.035 | 98.888 | 99.596 | 91.635 | 91.635 |
|   4   | 84.985 | 98.736 | 99.494 | 91.592 | 91.592 |
|   5   | 85.086 | 98.736 | 99.545 | 91.660 | 91.660 |
|   6   | 85.035 | 98.787 | 99.545 | 91.647 | 91.647 |
|   7   | 85.086 | 98.736 | 99.545 | 91.657 | 91.657 |
|   8   | 85.035 | 98.837 | 99.545 | 91.642 | 91.642 |
|   9   | 85.137 | 98.736 | 99.545 | 91.678 | 91.678 |
|   10  | 85.187 | 98.787 | 99.545 | 91.724 | 91.724 |
|   11  | 84.934 | 98.736 | 99.545 | 91.581 | 91.581 |
|   12  | 84.985 | 98.736 | 99.494 | 91.617 | 91.617 |
+-------+--------+--------+--------+--------+--------+
     logs:  {'epo': 12, 'R1': 84.985, 'R5': 98.736, 'R10': 99.494, 'mAP': 91.617, 'mINP': 91.617, 'lr': 6e-05, 'entropy': 0.074255, 'loss': 0.074255, 'entr_unc': 0.074255, 'uncertainty': 1.0, 'uncertainty_multiply_coeffi': 1.0}
      TTA Epoch: [13] [  0/123]  eta: 0:01:08  lr: 0.000059  entropy: 0.0322  loss: 0.0322  entr_unc: 0.0322  uncertainty: 1.0000  uncertainty_multiply_coeffi: 1.0000  time: 0.5579  data: 0.4570  max mem: 2942
      TTA Epoch: [13] [100/123]  eta: 0:00:01  lr: 0.000056  entropy: 0.0358  loss: 0.0358  entr_unc: 0.0358  uncertainty: 1.0000  uncertainty_multiply_coeffi: 1.0000  time: 0.0581  data: 0.0035  max mem: 2942
      TTA Epoch: [13] [122/123]  eta: 0:00:00  lr: 0.000055  entropy: 0.0795  loss: 0.0795  entr_unc: 0.0795  uncertainty: 1.0000  uncertainty_multiply_coeffi: 1.0000  time: 0.0495  data: 0.0049  max mem: 2942
      TTA Epoch: [13] Total time: 0:00:07 (0.0612 s / it)
     Averaged stats: lr: 0.0001  entropy: 0.0759  loss: 0.0759  entr_unc: 0.0759  uncertainty: 1.0000  uncertainty_multiply_coeffi: 1.0000
     itm tta time 0:00:07
     Computing matching score
      Evaluation: [   0/1978]  eta: 0:02:27    time: 0.0746  data: 0.0034  max mem: 2942
      Evaluation: [ 100/1978]  eta: 0:02:11    time: 0.0700  data: 0.0000  max mem: 2942
      Evaluation: [ 200/1978]  eta: 0:02:04    time: 0.0701  data: 0.0000  max mem: 2942
      Evaluation: [ 300/1978]  eta: 0:01:57    time: 0.0700  data: 0.0000  max mem: 2942
      Evaluation: [ 400/1978]  eta: 0:01:50    time: 0.0701  data: 0.0000  max mem: 2942
      Evaluation: [ 500/1978]  eta: 0:01:43    time: 0.0700  data: 0.0000  max mem: 2942
      Evaluation: [ 600/1978]  eta: 0:01:36    time: 0.0700  data: 0.0000  max mem: 2942
      Evaluation: [ 700/1978]  eta: 0:01:29    time: 0.0700  data: 0.0000  max mem: 2942
      Evaluation: [ 800/1978]  eta: 0:01:22    time: 0.0701  data: 0.0000  max mem: 2942
      Evaluation: [ 900/1978]  eta: 0:01:15    time: 0.0700  data: 0.0000  max mem: 2942
      Evaluation: [1000/1978]  eta: 0:01:08    time: 0.0700  data: 0.0000  max mem: 2942
      Evaluation: [1100/1978]  eta: 0:01:01    time: 0.0701  data: 0.0000  max mem: 2942
      Evaluation: [1200/1978]  eta: 0:00:54    time: 0.0701  data: 0.0000  max mem: 2942
      Evaluation: [1300/1978]  eta: 0:00:47    time: 0.0700  data: 0.0000  max mem: 2942
      Evaluation: [1400/1978]  eta: 0:00:40    time: 0.0701  data: 0.0000  max mem: 2942
      Evaluation: [1500/1978]  eta: 0:00:33    time: 0.0701  data: 0.0000  max mem: 2942
      Evaluation: [1600/1978]  eta: 0:00:26    time: 0.0701  data: 0.0000  max mem: 2942
      Evaluation: [1700/1978]  eta: 0:00:19    time: 0.0703  data: 0.0000  max mem: 2942
      Evaluation: [1800/1978]  eta: 0:00:12    time: 0.0700  data: 0.0000  max mem: 2942
      Evaluation: [1900/1978]  eta: 0:00:05    time: 0.0701  data: 0.0000  max mem: 2942
      Evaluation: [1977/1978]  eta: 0:00:00    time: 0.0702  data: 0.0000  max mem: 2942
      Evaluation: Total time: 0:02:18 (0.0702 s / it)
     Computing matching score time 0:02:19
### TTA ITM Score: 
+-------+--------+--------+--------+--------+--------+
| epoch |   R1   |   R5   |  R10   |  mAP   |  mINP  |
+-------+--------+--------+--------+--------+--------+
|  -999 | 69.414 | 95.197 | 97.776 | 81.233 | 81.233 |
|  -999 | 69.414 | 95.197 | 97.776 | 81.233 | 81.233 |
|  -999 | 84.277 | 99.039 | 99.596 | 91.276 | 91.276 |
|   0   | 84.985 | 98.787 | 99.393 | 91.541 | 91.541 |
|   1   | 84.580 | 98.787 | 99.393 | 91.360 | 91.360 |
|   2   | 84.732 | 98.736 | 99.494 | 91.437 | 91.437 |
|   3   | 85.035 | 98.888 | 99.596 | 91.635 | 91.635 |
|   4   | 84.985 | 98.736 | 99.494 | 91.592 | 91.592 |
|   5   | 85.086 | 98.736 | 99.545 | 91.660 | 91.660 |
|   6   | 85.035 | 98.787 | 99.545 | 91.647 | 91.647 |
|   7   | 85.086 | 98.736 | 99.545 | 91.657 | 91.657 |
|   8   | 85.035 | 98.837 | 99.545 | 91.642 | 91.642 |
|   9   | 85.137 | 98.736 | 99.545 | 91.678 | 91.678 |
|   10  | 85.187 | 98.787 | 99.545 | 91.724 | 91.724 |
|   11  | 84.934 | 98.736 | 99.545 | 91.581 | 91.581 |
|   12  | 84.985 | 98.736 | 99.494 | 91.617 | 91.617 |
|   13  | 84.934 | 98.787 | 99.596 | 91.582 | 91.582 |
+-------+--------+--------+--------+--------+--------+
     logs:  {'epo': 13, 'R1': 84.934, 'R5': 98.787, 'R10': 99.596, 'mAP': 91.582, 'mINP': 91.582, 'lr': 5.7e-05, 'entropy': 0.075877, 'loss': 0.075877, 'entr_unc': 0.075877, 'uncertainty': 1.0, 'uncertainty_multiply_coeffi': 1.0}
      TTA Epoch: [14] [  0/123]  eta: 0:01:00  lr: 0.000055  entropy: 0.0341  loss: 0.0341  entr_unc: 0.0341  uncertainty: 1.0000  uncertainty_multiply_coeffi: 1.0000  time: 0.4908  data: 0.3365  max mem: 2942
      TTA Epoch: [14] [100/123]  eta: 0:00:01  lr: 0.000052  entropy: 0.0862  loss: 0.0862  entr_unc: 0.0862  uncertainty: 1.0000  uncertainty_multiply_coeffi: 1.0000  time: 0.0604  data: 0.0057  max mem: 2942
      TTA Epoch: [14] [122/123]  eta: 0:00:00  lr: 0.000052  entropy: 0.0494  loss: 0.0494  entr_unc: 0.0494  uncertainty: 1.0000  uncertainty_multiply_coeffi: 1.0000  time: 0.0516  data: 0.0024  max mem: 2942
      TTA Epoch: [14] Total time: 0:00:07 (0.0616 s / it)
     Averaged stats: lr: 0.0001  entropy: 0.0744  loss: 0.0744  entr_unc: 0.0744  uncertainty: 1.0000  uncertainty_multiply_coeffi: 1.0000
     itm tta time 0:00:07
     Computing matching score
      Evaluation: [   0/1978]  eta: 0:02:32    time: 0.0769  data: 0.0033  max mem: 2942
      Evaluation: [ 100/1978]  eta: 0:02:11    time: 0.0698  data: 0.0000  max mem: 2942
      Evaluation: [ 200/1978]  eta: 0:02:04    time: 0.0702  data: 0.0000  max mem: 2942
      Evaluation: [ 300/1978]  eta: 0:01:57    time: 0.0699  data: 0.0000  max mem: 2942
      Evaluation: [ 400/1978]  eta: 0:01:50    time: 0.0698  data: 0.0000  max mem: 2942
      Evaluation: [ 500/1978]  eta: 0:01:43    time: 0.0701  data: 0.0000  max mem: 2942
      Evaluation: [ 600/1978]  eta: 0:01:36    time: 0.0700  data: 0.0000  max mem: 2942
      Evaluation: [ 700/1978]  eta: 0:01:29    time: 0.0700  data: 0.0000  max mem: 2942
      Evaluation: [ 800/1978]  eta: 0:01:22    time: 0.0702  data: 0.0000  max mem: 2942
      Evaluation: [ 900/1978]  eta: 0:01:15    time: 0.0701  data: 0.0000  max mem: 2942
      Evaluation: [1000/1978]  eta: 0:01:08    time: 0.0698  data: 0.0000  max mem: 2942
      Evaluation: [1100/1978]  eta: 0:01:01    time: 0.0698  data: 0.0000  max mem: 2942
      Evaluation: [1200/1978]  eta: 0:00:54    time: 0.0698  data: 0.0000  max mem: 2942
      Evaluation: [1300/1978]  eta: 0:00:47    time: 0.0703  data: 0.0000  max mem: 2942
      Evaluation: [1400/1978]  eta: 0:00:40    time: 0.0698  data: 0.0000  max mem: 2942
      Evaluation: [1500/1978]  eta: 0:00:33    time: 0.0699  data: 0.0000  max mem: 2942
      Evaluation: [1600/1978]  eta: 0:00:26    time: 0.0697  data: 0.0000  max mem: 2942
      Evaluation: [1700/1978]  eta: 0:00:19    time: 0.0697  data: 0.0000  max mem: 2942
      Evaluation: [1800/1978]  eta: 0:00:12    time: 0.0698  data: 0.0000  max mem: 2942
      Evaluation: [1900/1978]  eta: 0:00:05    time: 0.0698  data: 0.0000  max mem: 2942
      Evaluation: [1977/1978]  eta: 0:00:00    time: 0.0698  data: 0.0000  max mem: 2942
      Evaluation: Total time: 0:02:18 (0.0699 s / it)
     Computing matching score time 0:02:18
### TTA ITM Score: 
+-------+--------+--------+--------+--------+--------+
| epoch |   R1   |   R5   |  R10   |  mAP   |  mINP  |
+-------+--------+--------+--------+--------+--------+
|  -999 | 69.414 | 95.197 | 97.776 | 81.233 | 81.233 |
|  -999 | 69.414 | 95.197 | 97.776 | 81.233 | 81.233 |
|  -999 | 84.277 | 99.039 | 99.596 | 91.276 | 91.276 |
|   0   | 84.985 | 98.787 | 99.393 | 91.541 | 91.541 |
|   1   | 84.580 | 98.787 | 99.393 | 91.360 | 91.360 |
|   2   | 84.732 | 98.736 | 99.494 | 91.437 | 91.437 |
|   3   | 85.035 | 98.888 | 99.596 | 91.635 | 91.635 |
|   4   | 84.985 | 98.736 | 99.494 | 91.592 | 91.592 |
|   5   | 85.086 | 98.736 | 99.545 | 91.660 | 91.660 |
|   6   | 85.035 | 98.787 | 99.545 | 91.647 | 91.647 |
|   7   | 85.086 | 98.736 | 99.545 | 91.657 | 91.657 |
|   8   | 85.035 | 98.837 | 99.545 | 91.642 | 91.642 |
|   9   | 85.137 | 98.736 | 99.545 | 91.678 | 91.678 |
|   10  | 85.187 | 98.787 | 99.545 | 91.724 | 91.724 |
|   11  | 84.934 | 98.736 | 99.545 | 91.581 | 91.581 |
|   12  | 84.985 | 98.736 | 99.494 | 91.617 | 91.617 |
|   13  | 84.934 | 98.787 | 99.596 | 91.582 | 91.582 |
|   14  | 85.035 | 98.787 | 99.545 | 91.610 | 91.610 |
+-------+--------+--------+--------+--------+--------+
     logs:  {'epo': 14, 'R1': 85.035, 'R5': 98.787, 'R10': 99.545, 'mAP': 91.61, 'mINP': 91.61, 'lr': 5.3e-05, 'entropy': 0.074413, 'loss': 0.074413, 'entr_unc': 0.074413, 'uncertainty': 1.0, 'uncertainty_multiply_coeffi': 1.0}
      TTA Epoch: [15] [  0/123]  eta: 0:01:16  lr: 0.000052  entropy: 0.1357  loss: 0.1357  entr_unc: 0.1357  uncertainty: 1.0000  uncertainty_multiply_coeffi: 1.0000  time: 0.6248  data: 0.4554  max mem: 2942
      TTA Epoch: [15] [100/123]  eta: 0:00:01  lr: 0.000049  entropy: 0.0456  loss: 0.0456  entr_unc: 0.0456  uncertainty: 1.0000  uncertainty_multiply_coeffi: 1.0000  time: 0.0587  data: 0.0053  max mem: 2942
      TTA Epoch: [15] [122/123]  eta: 0:00:00  lr: 0.000048  entropy: 0.0626  loss: 0.0626  entr_unc: 0.0626  uncertainty: 1.0000  uncertainty_multiply_coeffi: 1.0000  time: 0.0476  data: 0.0013  max mem: 2942
      TTA Epoch: [15] Total time: 0:00:07 (0.0615 s / it)
     Averaged stats: lr: 0.0001  entropy: 0.0680  loss: 0.0680  entr_unc: 0.0680  uncertainty: 1.0000  uncertainty_multiply_coeffi: 1.0000
     itm tta time 0:00:07
     Computing matching score
      Evaluation: [   0/1978]  eta: 0:02:27    time: 0.0747  data: 0.0033  max mem: 2942
      Evaluation: [ 100/1978]  eta: 0:02:11    time: 0.0702  data: 0.0000  max mem: 2942
      Evaluation: [ 200/1978]  eta: 0:02:04    time: 0.0701  data: 0.0000  max mem: 2942
      Evaluation: [ 300/1978]  eta: 0:01:57    time: 0.0721  data: 0.0000  max mem: 2942
      Evaluation: [ 400/1978]  eta: 0:01:51    time: 0.0701  data: 0.0000  max mem: 2942
      Evaluation: [ 500/1978]  eta: 0:01:44    time: 0.0703  data: 0.0000  max mem: 2942
      Evaluation: [ 600/1978]  eta: 0:01:37    time: 0.0700  data: 0.0000  max mem: 2942
      Evaluation: [ 700/1978]  eta: 0:01:30    time: 0.0701  data: 0.0000  max mem: 2942
      Evaluation: [ 800/1978]  eta: 0:01:23    time: 0.0700  data: 0.0000  max mem: 2942
      Evaluation: [ 900/1978]  eta: 0:01:16    time: 0.0700  data: 0.0000  max mem: 2942
      Evaluation: [1000/1978]  eta: 0:01:09    time: 0.0701  data: 0.0000  max mem: 2942
      Evaluation: [1100/1978]  eta: 0:01:02    time: 0.0701  data: 0.0000  max mem: 2942
      Evaluation: [1200/1978]  eta: 0:00:54    time: 0.0701  data: 0.0000  max mem: 2942
      Evaluation: [1300/1978]  eta: 0:00:47    time: 0.0702  data: 0.0000  max mem: 2942
      Evaluation: [1400/1978]  eta: 0:00:40    time: 0.0701  data: 0.0000  max mem: 2942
      Evaluation: [1500/1978]  eta: 0:00:33    time: 0.0701  data: 0.0000  max mem: 2942
      Evaluation: [1600/1978]  eta: 0:00:26    time: 0.0707  data: 0.0000  max mem: 2942
      Evaluation: [1700/1978]  eta: 0:00:19    time: 0.0703  data: 0.0000  max mem: 2942
      Evaluation: [1800/1978]  eta: 0:00:12    time: 0.0700  data: 0.0000  max mem: 2942
      Evaluation: [1900/1978]  eta: 0:00:05    time: 0.0701  data: 0.0000  max mem: 2942
      Evaluation: [1977/1978]  eta: 0:00:00    time: 0.0701  data: 0.0000  max mem: 2942
      Evaluation: Total time: 0:02:19 (0.0705 s / it)
     Computing matching score time 0:02:19
### TTA ITM Score: 
+-------+--------+--------+--------+--------+--------+
| epoch |   R1   |   R5   |  R10   |  mAP   |  mINP  |
+-------+--------+--------+--------+--------+--------+
|  -999 | 69.414 | 95.197 | 97.776 | 81.233 | 81.233 |
|  -999 | 69.414 | 95.197 | 97.776 | 81.233 | 81.233 |
|  -999 | 84.277 | 99.039 | 99.596 | 91.276 | 91.276 |
|   0   | 84.985 | 98.787 | 99.393 | 91.541 | 91.541 |
|   1   | 84.580 | 98.787 | 99.393 | 91.360 | 91.360 |
|   2   | 84.732 | 98.736 | 99.494 | 91.437 | 91.437 |
|   3   | 85.035 | 98.888 | 99.596 | 91.635 | 91.635 |
|   4   | 84.985 | 98.736 | 99.494 | 91.592 | 91.592 |
|   5   | 85.086 | 98.736 | 99.545 | 91.660 | 91.660 |
|   6   | 85.035 | 98.787 | 99.545 | 91.647 | 91.647 |
|   7   | 85.086 | 98.736 | 99.545 | 91.657 | 91.657 |
|   8   | 85.035 | 98.837 | 99.545 | 91.642 | 91.642 |
|   9   | 85.137 | 98.736 | 99.545 | 91.678 | 91.678 |
|   10  | 85.187 | 98.787 | 99.545 | 91.724 | 91.724 |
|   11  | 84.934 | 98.736 | 99.545 | 91.581 | 91.581 |
|   12  | 84.985 | 98.736 | 99.494 | 91.617 | 91.617 |
|   13  | 84.934 | 98.787 | 99.596 | 91.582 | 91.582 |
|   14  | 85.035 | 98.787 | 99.545 | 91.610 | 91.610 |
|   15  | 85.086 | 98.837 | 99.494 | 91.638 | 91.638 |
+-------+--------+--------+--------+--------+--------+
     logs:  {'epo': 15, 'R1': 85.086, 'R5': 98.837, 'R10': 99.494, 'mAP': 91.638, 'mINP': 91.638, 'lr': 5e-05, 'entropy': 0.067983, 'loss': 0.067983, 'entr_unc': 0.067983, 'uncertainty': 1.0, 'uncertainty_multiply_coeffi': 1.0}
      TTA Epoch: [16] [  0/123]  eta: 0:00:58  lr: 0.000048  entropy: 0.0026  loss: 0.0026  entr_unc: 0.0026  uncertainty: 1.0000  uncertainty_multiply_coeffi: 1.0000  time: 0.4771  data: 0.3212  max mem: 2942
      TTA Epoch: [16] [100/123]  eta: 0:00:01  lr: 0.000046  entropy: 0.0264  loss: 0.0264  entr_unc: 0.0264  uncertainty: 1.0000  uncertainty_multiply_coeffi: 1.0000  time: 0.0609  data: 0.0082  max mem: 2942
      TTA Epoch: [16] [122/123]  eta: 0:00:00  lr: 0.000045  entropy: 0.1002  loss: 0.1002  entr_unc: 0.1002  uncertainty: 1.0000  uncertainty_multiply_coeffi: 1.0000  time: 0.0489  data: 0.0036  max mem: 2942
      TTA Epoch: [16] Total time: 0:00:07 (0.0614 s / it)
     Averaged stats: lr: 0.0000  entropy: 0.0656  loss: 0.0656  entr_unc: 0.0656  uncertainty: 1.0000  uncertainty_multiply_coeffi: 1.0000
     itm tta time 0:00:07
     Computing matching score
      Evaluation: [   0/1978]  eta: 0:02:27    time: 0.0747  data: 0.0034  max mem: 2942
      Evaluation: [ 100/1978]  eta: 0:02:11    time: 0.0701  data: 0.0000  max mem: 2942
      Evaluation: [ 200/1978]  eta: 0:02:04    time: 0.0701  data: 0.0000  max mem: 2942
      Evaluation: [ 300/1978]  eta: 0:01:57    time: 0.0702  data: 0.0000  max mem: 2942
      Evaluation: [ 400/1978]  eta: 0:01:50    time: 0.0700  data: 0.0000  max mem: 2942
      Evaluation: [ 500/1978]  eta: 0:01:43    time: 0.0700  data: 0.0000  max mem: 2942
      Evaluation: [ 600/1978]  eta: 0:01:36    time: 0.0701  data: 0.0000  max mem: 2942
      Evaluation: [ 700/1978]  eta: 0:01:29    time: 0.0701  data: 0.0000  max mem: 2942
      Evaluation: [ 800/1978]  eta: 0:01:22    time: 0.0700  data: 0.0000  max mem: 2942
      Evaluation: [ 900/1978]  eta: 0:01:15    time: 0.0701  data: 0.0000  max mem: 2942
      Evaluation: [1000/1978]  eta: 0:01:08    time: 0.0701  data: 0.0000  max mem: 2942
      Evaluation: [1100/1978]  eta: 0:01:01    time: 0.0701  data: 0.0000  max mem: 2942
      Evaluation: [1200/1978]  eta: 0:00:54    time: 0.0699  data: 0.0000  max mem: 2942
      Evaluation: [1300/1978]  eta: 0:00:47    time: 0.0703  data: 0.0000  max mem: 2942
      Evaluation: [1400/1978]  eta: 0:00:40    time: 0.0699  data: 0.0000  max mem: 2942
      Evaluation: [1500/1978]  eta: 0:00:33    time: 0.0701  data: 0.0000  max mem: 2942
      Evaluation: [1600/1978]  eta: 0:00:26    time: 0.0701  data: 0.0000  max mem: 2942
      Evaluation: [1700/1978]  eta: 0:00:19    time: 0.0700  data: 0.0000  max mem: 2942
      Evaluation: [1800/1978]  eta: 0:00:12    time: 0.0700  data: 0.0000  max mem: 2942
      Evaluation: [1900/1978]  eta: 0:00:05    time: 0.0701  data: 0.0000  max mem: 2942
      Evaluation: [1977/1978]  eta: 0:00:00    time: 0.0700  data: 0.0000  max mem: 2942
      Evaluation: Total time: 0:02:18 (0.0701 s / it)
     Computing matching score time 0:02:18
### TTA ITM Score: 
+-------+--------+--------+--------+--------+--------+
| epoch |   R1   |   R5   |  R10   |  mAP   |  mINP  |
+-------+--------+--------+--------+--------+--------+
|  -999 | 69.414 | 95.197 | 97.776 | 81.233 | 81.233 |
|  -999 | 69.414 | 95.197 | 97.776 | 81.233 | 81.233 |
|  -999 | 84.277 | 99.039 | 99.596 | 91.276 | 91.276 |
|   0   | 84.985 | 98.787 | 99.393 | 91.541 | 91.541 |
|   1   | 84.580 | 98.787 | 99.393 | 91.360 | 91.360 |
|   2   | 84.732 | 98.736 | 99.494 | 91.437 | 91.437 |
|   3   | 85.035 | 98.888 | 99.596 | 91.635 | 91.635 |
|   4   | 84.985 | 98.736 | 99.494 | 91.592 | 91.592 |
|   5   | 85.086 | 98.736 | 99.545 | 91.660 | 91.660 |
|   6   | 85.035 | 98.787 | 99.545 | 91.647 | 91.647 |
|   7   | 85.086 | 98.736 | 99.545 | 91.657 | 91.657 |
|   8   | 85.035 | 98.837 | 99.545 | 91.642 | 91.642 |
|   9   | 85.137 | 98.736 | 99.545 | 91.678 | 91.678 |
|   10  | 85.187 | 98.787 | 99.545 | 91.724 | 91.724 |
|   11  | 84.934 | 98.736 | 99.545 | 91.581 | 91.581 |
|   12  | 84.985 | 98.736 | 99.494 | 91.617 | 91.617 |
|   13  | 84.934 | 98.787 | 99.596 | 91.582 | 91.582 |
|   14  | 85.035 | 98.787 | 99.545 | 91.610 | 91.610 |
|   15  | 85.086 | 98.837 | 99.494 | 91.638 | 91.638 |
|   16  | 85.187 | 98.837 | 99.494 | 91.680 | 91.680 |
+-------+--------+--------+--------+--------+--------+
     logs:  {'epo': 16, 'R1': 85.187, 'R5': 98.837, 'R10': 99.494, 'mAP': 91.68, 'mINP': 91.68, 'lr': 4.7e-05, 'entropy': 0.065593, 'loss': 0.065593, 'entr_unc': 0.065593, 'uncertainty': 1.0, 'uncertainty_multiply_coeffi': 1.0}
      TTA Epoch: [17] [  0/123]  eta: 0:01:05  lr: 0.000045  entropy: 0.0699  loss: 0.0699  entr_unc: 0.0699  uncertainty: 1.0000  uncertainty_multiply_coeffi: 1.0000  time: 0.5286  data: 0.4232  max mem: 2942
      TTA Epoch: [17] [100/123]  eta: 0:00:01  lr: 0.000042  entropy: 0.0900  loss: 0.0900  entr_unc: 0.0900  uncertainty: 1.0000  uncertainty_multiply_coeffi: 1.0000  time: 0.0573  data: 0.0037  max mem: 2942
      TTA Epoch: [17] [122/123]  eta: 0:00:00  lr: 0.000042  entropy: 0.0960  loss: 0.0960  entr_unc: 0.0960  uncertainty: 1.0000  uncertainty_multiply_coeffi: 1.0000  time: 0.0489  data: 0.0039  max mem: 2942
      TTA Epoch: [17] Total time: 0:00:07 (0.0612 s / it)
     Averaged stats: lr: 0.0000  entropy: 0.0730  loss: 0.0730  entr_unc: 0.0730  uncertainty: 1.0000  uncertainty_multiply_coeffi: 1.0000
     itm tta time 0:00:07
     Computing matching score
      Evaluation: [   0/1978]  eta: 0:02:28    time: 0.0748  data: 0.0034  max mem: 2942
      Evaluation: [ 100/1978]  eta: 0:02:11    time: 0.0701  data: 0.0000  max mem: 2942
      Evaluation: [ 200/1978]  eta: 0:02:04    time: 0.0700  data: 0.0000  max mem: 2942
      Evaluation: [ 300/1978]  eta: 0:01:57    time: 0.0701  data: 0.0000  max mem: 2942
      Evaluation: [ 400/1978]  eta: 0:01:50    time: 0.0702  data: 0.0000  max mem: 2942
      Evaluation: [ 500/1978]  eta: 0:01:43    time: 0.0701  data: 0.0000  max mem: 2942
      Evaluation: [ 600/1978]  eta: 0:01:36    time: 0.0701  data: 0.0000  max mem: 2942
      Evaluation: [ 700/1978]  eta: 0:01:29    time: 0.0701  data: 0.0000  max mem: 2942
      Evaluation: [ 800/1978]  eta: 0:01:22    time: 0.0701  data: 0.0000  max mem: 2942
      Evaluation: [ 900/1978]  eta: 0:01:15    time: 0.0701  data: 0.0000  max mem: 2942
      Evaluation: [1000/1978]  eta: 0:01:08    time: 0.0700  data: 0.0000  max mem: 2942
      Evaluation: [1100/1978]  eta: 0:01:01    time: 0.0701  data: 0.0000  max mem: 2942
      Evaluation: [1200/1978]  eta: 0:00:54    time: 0.0701  data: 0.0000  max mem: 2942
      Evaluation: [1300/1978]  eta: 0:00:47    time: 0.0701  data: 0.0000  max mem: 2942
      Evaluation: [1400/1978]  eta: 0:00:40    time: 0.0700  data: 0.0000  max mem: 2942
      Evaluation: [1500/1978]  eta: 0:00:33    time: 0.0702  data: 0.0000  max mem: 2942
      Evaluation: [1600/1978]  eta: 0:00:26    time: 0.0701  data: 0.0000  max mem: 2942
      Evaluation: [1700/1978]  eta: 0:00:19    time: 0.0702  data: 0.0000  max mem: 2942
      Evaluation: [1800/1978]  eta: 0:00:12    time: 0.0701  data: 0.0000  max mem: 2942
      Evaluation: [1900/1978]  eta: 0:00:05    time: 0.0700  data: 0.0000  max mem: 2942
      Evaluation: [1977/1978]  eta: 0:00:00    time: 0.0701  data: 0.0000  max mem: 2942
      Evaluation: Total time: 0:02:18 (0.0702 s / it)
     Computing matching score time 0:02:19
### TTA ITM Score: 
+-------+--------+--------+--------+--------+--------+
| epoch |   R1   |   R5   |  R10   |  mAP   |  mINP  |
+-------+--------+--------+--------+--------+--------+
|  -999 | 69.414 | 95.197 | 97.776 | 81.233 | 81.233 |
|  -999 | 69.414 | 95.197 | 97.776 | 81.233 | 81.233 |
|  -999 | 84.277 | 99.039 | 99.596 | 91.276 | 91.276 |
|   0   | 84.985 | 98.787 | 99.393 | 91.541 | 91.541 |
|   1   | 84.580 | 98.787 | 99.393 | 91.360 | 91.360 |
|   2   | 84.732 | 98.736 | 99.494 | 91.437 | 91.437 |
|   3   | 85.035 | 98.888 | 99.596 | 91.635 | 91.635 |
|   4   | 84.985 | 98.736 | 99.494 | 91.592 | 91.592 |
|   5   | 85.086 | 98.736 | 99.545 | 91.660 | 91.660 |
|   6   | 85.035 | 98.787 | 99.545 | 91.647 | 91.647 |
|   7   | 85.086 | 98.736 | 99.545 | 91.657 | 91.657 |
|   8   | 85.035 | 98.837 | 99.545 | 91.642 | 91.642 |
|   9   | 85.137 | 98.736 | 99.545 | 91.678 | 91.678 |
|   10  | 85.187 | 98.787 | 99.545 | 91.724 | 91.724 |
|   11  | 84.934 | 98.736 | 99.545 | 91.581 | 91.581 |
|   12  | 84.985 | 98.736 | 99.494 | 91.617 | 91.617 |
|   13  | 84.934 | 98.787 | 99.596 | 91.582 | 91.582 |
|   14  | 85.035 | 98.787 | 99.545 | 91.610 | 91.610 |
|   15  | 85.086 | 98.837 | 99.494 | 91.638 | 91.638 |
|   16  | 85.187 | 98.837 | 99.494 | 91.680 | 91.680 |
|   17  | 85.187 | 98.837 | 99.444 | 91.688 | 91.688 |
+-------+--------+--------+--------+--------+--------+
     logs:  {'epo': 17, 'R1': 85.187, 'R5': 98.837, 'R10': 99.444, 'mAP': 91.688, 'mINP': 91.688, 'lr': 4.3e-05, 'entropy': 0.073005, 'loss': 0.073005, 'entr_unc': 0.073005, 'uncertainty': 1.0, 'uncertainty_multiply_coeffi': 1.0}
      TTA Epoch: [18] [  0/123]  eta: 0:00:55  lr: 0.000042  entropy: 0.1705  loss: 0.1705  entr_unc: 0.1705  uncertainty: 1.0000  uncertainty_multiply_coeffi: 1.0000  time: 0.4514  data: 0.3070  max mem: 2942
      TTA Epoch: [18] [100/123]  eta: 0:00:01  lr: 0.000039  entropy: 0.0646  loss: 0.0646  entr_unc: 0.0646  uncertainty: 1.0000  uncertainty_multiply_coeffi: 1.0000  time: 0.0613  data: 0.0027  max mem: 2942
      TTA Epoch: [18] [122/123]  eta: 0:00:00  lr: 0.000038  entropy: 0.0583  loss: 0.0583  entr_unc: 0.0583  uncertainty: 1.0000  uncertainty_multiply_coeffi: 1.0000  time: 0.0490  data: 0.0055  max mem: 2942
      TTA Epoch: [18] Total time: 0:00:07 (0.0615 s / it)
     Averaged stats: lr: 0.0000  entropy: 0.0680  loss: 0.0680  entr_unc: 0.0680  uncertainty: 1.0000  uncertainty_multiply_coeffi: 1.0000
     itm tta time 0:00:07
     Computing matching score
      Evaluation: [   0/1978]  eta: 0:02:27    time: 0.0746  data: 0.0034  max mem: 2942
      Evaluation: [ 100/1978]  eta: 0:02:11    time: 0.0699  data: 0.0000  max mem: 2942
      Evaluation: [ 200/1978]  eta: 0:02:04    time: 0.0701  data: 0.0000  max mem: 2942
      Evaluation: [ 300/1978]  eta: 0:01:57    time: 0.0700  data: 0.0000  max mem: 2942
      Evaluation: [ 400/1978]  eta: 0:01:50    time: 0.0699  data: 0.0000  max mem: 2942
      Evaluation: [ 500/1978]  eta: 0:01:43    time: 0.0700  data: 0.0000  max mem: 2942
      Evaluation: [ 600/1978]  eta: 0:01:36    time: 0.0700  data: 0.0000  max mem: 2942
      Evaluation: [ 700/1978]  eta: 0:01:29    time: 0.0699  data: 0.0000  max mem: 2942
      Evaluation: [ 800/1978]  eta: 0:01:22    time: 0.0698  data: 0.0000  max mem: 2942
      Evaluation: [ 900/1978]  eta: 0:01:15    time: 0.0772  data: 0.0000  max mem: 2942
      Evaluation: [1000/1978]  eta: 0:01:08    time: 0.0699  data: 0.0000  max mem: 2942
      Evaluation: [1100/1978]  eta: 0:01:01    time: 0.0700  data: 0.0000  max mem: 2942
      Evaluation: [1200/1978]  eta: 0:00:54    time: 0.0699  data: 0.0000  max mem: 2942
      Evaluation: [1300/1978]  eta: 0:00:47    time: 0.0704  data: 0.0000  max mem: 2942
      Evaluation: [1400/1978]  eta: 0:00:40    time: 0.0701  data: 0.0000  max mem: 2942
      Evaluation: [1500/1978]  eta: 0:00:33    time: 0.0699  data: 0.0000  max mem: 2942
      Evaluation: [1600/1978]  eta: 0:00:26    time: 0.0700  data: 0.0000  max mem: 2942
      Evaluation: [1700/1978]  eta: 0:00:19    time: 0.0700  data: 0.0000  max mem: 2942
      Evaluation: [1800/1978]  eta: 0:00:12    time: 0.0700  data: 0.0000  max mem: 2942
      Evaluation: [1900/1978]  eta: 0:00:05    time: 0.0700  data: 0.0000  max mem: 2942
      Evaluation: [1977/1978]  eta: 0:00:00    time: 0.0699  data: 0.0000  max mem: 2942
      Evaluation: Total time: 0:02:18 (0.0702 s / it)
     Computing matching score time 0:02:19
### TTA ITM Score: 
+-------+--------+--------+--------+--------+--------+
| epoch |   R1   |   R5   |  R10   |  mAP   |  mINP  |
+-------+--------+--------+--------+--------+--------+
|  -999 | 69.414 | 95.197 | 97.776 | 81.233 | 81.233 |
|  -999 | 69.414 | 95.197 | 97.776 | 81.233 | 81.233 |
|  -999 | 84.277 | 99.039 | 99.596 | 91.276 | 91.276 |
|   0   | 84.985 | 98.787 | 99.393 | 91.541 | 91.541 |
|   1   | 84.580 | 98.787 | 99.393 | 91.360 | 91.360 |
|   2   | 84.732 | 98.736 | 99.494 | 91.437 | 91.437 |
|   3   | 85.035 | 98.888 | 99.596 | 91.635 | 91.635 |
|   4   | 84.985 | 98.736 | 99.494 | 91.592 | 91.592 |
|   5   | 85.086 | 98.736 | 99.545 | 91.660 | 91.660 |
|   6   | 85.035 | 98.787 | 99.545 | 91.647 | 91.647 |
|   7   | 85.086 | 98.736 | 99.545 | 91.657 | 91.657 |
|   8   | 85.035 | 98.837 | 99.545 | 91.642 | 91.642 |
|   9   | 85.137 | 98.736 | 99.545 | 91.678 | 91.678 |
|   10  | 85.187 | 98.787 | 99.545 | 91.724 | 91.724 |
|   11  | 84.934 | 98.736 | 99.545 | 91.581 | 91.581 |
|   12  | 84.985 | 98.736 | 99.494 | 91.617 | 91.617 |
|   13  | 84.934 | 98.787 | 99.596 | 91.582 | 91.582 |
|   14  | 85.035 | 98.787 | 99.545 | 91.610 | 91.610 |
|   15  | 85.086 | 98.837 | 99.494 | 91.638 | 91.638 |
|   16  | 85.187 | 98.837 | 99.494 | 91.680 | 91.680 |
|   17  | 85.187 | 98.837 | 99.444 | 91.688 | 91.688 |
|   18  | 85.238 | 98.837 | 99.444 | 91.697 | 91.697 |
+-------+--------+--------+--------+--------+--------+
     logs:  {'epo': 18, 'R1': 85.238, 'R5': 98.837, 'R10': 99.444, 'mAP': 91.697, 'mINP': 91.697, 'lr': 4e-05, 'entropy': 0.068018, 'loss': 0.068018, 'entr_unc': 0.068018, 'uncertainty': 1.0, 'uncertainty_multiply_coeffi': 1.0}
      TTA Epoch: [19] [  0/123]  eta: 0:00:55  lr: 0.000038  entropy: 0.0930  loss: 0.0930  entr_unc: 0.0930  uncertainty: 1.0000  uncertainty_multiply_coeffi: 1.0000  time: 0.4477  data: 0.3145  max mem: 2942
      TTA Epoch: [19] [100/123]  eta: 0:00:01  lr: 0.000035  entropy: 0.0392  loss: 0.0392  entr_unc: 0.0392  uncertainty: 1.0000  uncertainty_multiply_coeffi: 1.0000  time: 0.0583  data: 0.0041  max mem: 2942
      TTA Epoch: [19] [122/123]  eta: 0:00:00  lr: 0.000035  entropy: 0.0874  loss: 0.0874  entr_unc: 0.0874  uncertainty: 1.0000  uncertainty_multiply_coeffi: 1.0000  time: 0.0473  data: 0.0015  max mem: 2942
      TTA Epoch: [19] Total time: 0:00:07 (0.0609 s / it)
     Averaged stats: lr: 0.0000  entropy: 0.0681  loss: 0.0681  entr_unc: 0.0681  uncertainty: 1.0000  uncertainty_multiply_coeffi: 1.0000
     itm tta time 0:00:07
     Computing matching score
      Evaluation: [   0/1978]  eta: 0:02:27    time: 0.0748  data: 0.0033  max mem: 2942
      Evaluation: [ 100/1978]  eta: 0:02:13    time: 0.0700  data: 0.0000  max mem: 2942
      Evaluation: [ 200/1978]  eta: 0:02:05    time: 0.0701  data: 0.0000  max mem: 2942
      Evaluation: [ 300/1978]  eta: 0:01:58    time: 0.0702  data: 0.0000  max mem: 2942
      Evaluation: [ 400/1978]  eta: 0:01:51    time: 0.0700  data: 0.0000  max mem: 2942
      Evaluation: [ 500/1978]  eta: 0:01:43    time: 0.0703  data: 0.0000  max mem: 2942
      Evaluation: [ 600/1978]  eta: 0:01:36    time: 0.0700  data: 0.0000  max mem: 2942
      Evaluation: [ 700/1978]  eta: 0:01:29    time: 0.0701  data: 0.0000  max mem: 2942
      Evaluation: [ 800/1978]  eta: 0:01:22    time: 0.0701  data: 0.0000  max mem: 2942
      Evaluation: [ 900/1978]  eta: 0:01:15    time: 0.0701  data: 0.0000  max mem: 2942
      Evaluation: [1000/1978]  eta: 0:01:08    time: 0.0700  data: 0.0000  max mem: 2942
      Evaluation: [1100/1978]  eta: 0:01:01    time: 0.0700  data: 0.0000  max mem: 2942
      Evaluation: [1200/1978]  eta: 0:00:54    time: 0.0700  data: 0.0000  max mem: 2942
      Evaluation: [1300/1978]  eta: 0:00:47    time: 0.0700  data: 0.0000  max mem: 2942
      Evaluation: [1400/1978]  eta: 0:00:40    time: 0.0700  data: 0.0000  max mem: 2942
      Evaluation: [1500/1978]  eta: 0:00:33    time: 0.0701  data: 0.0000  max mem: 2942
      Evaluation: [1600/1978]  eta: 0:00:26    time: 0.0700  data: 0.0000  max mem: 2942
      Evaluation: [1700/1978]  eta: 0:00:19    time: 0.0700  data: 0.0000  max mem: 2942
      Evaluation: [1800/1978]  eta: 0:00:12    time: 0.0700  data: 0.0000  max mem: 2942
      Evaluation: [1900/1978]  eta: 0:00:05    time: 0.0701  data: 0.0000  max mem: 2942
      Evaluation: [1977/1978]  eta: 0:00:00    time: 0.0700  data: 0.0000  max mem: 2942
      Evaluation: Total time: 0:02:18 (0.0701 s / it)
     Computing matching score time 0:02:18
### TTA ITM Score: 
+-------+--------+--------+--------+--------+--------+
| epoch |   R1   |   R5   |  R10   |  mAP   |  mINP  |
+-------+--------+--------+--------+--------+--------+
|  -999 | 69.414 | 95.197 | 97.776 | 81.233 | 81.233 |
|  -999 | 69.414 | 95.197 | 97.776 | 81.233 | 81.233 |
|  -999 | 84.277 | 99.039 | 99.596 | 91.276 | 91.276 |
|   0   | 84.985 | 98.787 | 99.393 | 91.541 | 91.541 |
|   1   | 84.580 | 98.787 | 99.393 | 91.360 | 91.360 |
|   2   | 84.732 | 98.736 | 99.494 | 91.437 | 91.437 |
|   3   | 85.035 | 98.888 | 99.596 | 91.635 | 91.635 |
|   4   | 84.985 | 98.736 | 99.494 | 91.592 | 91.592 |
|   5   | 85.086 | 98.736 | 99.545 | 91.660 | 91.660 |
|   6   | 85.035 | 98.787 | 99.545 | 91.647 | 91.647 |
|   7   | 85.086 | 98.736 | 99.545 | 91.657 | 91.657 |
|   8   | 85.035 | 98.837 | 99.545 | 91.642 | 91.642 |
|   9   | 85.137 | 98.736 | 99.545 | 91.678 | 91.678 |
|   10  | 85.187 | 98.787 | 99.545 | 91.724 | 91.724 |
|   11  | 84.934 | 98.736 | 99.545 | 91.581 | 91.581 |
|   12  | 84.985 | 98.736 | 99.494 | 91.617 | 91.617 |
|   13  | 84.934 | 98.787 | 99.596 | 91.582 | 91.582 |
|   14  | 85.035 | 98.787 | 99.545 | 91.610 | 91.610 |
|   15  | 85.086 | 98.837 | 99.494 | 91.638 | 91.638 |
|   16  | 85.187 | 98.837 | 99.494 | 91.680 | 91.680 |
|   17  | 85.187 | 98.837 | 99.444 | 91.688 | 91.688 |
|   18  | 85.238 | 98.837 | 99.444 | 91.697 | 91.697 |
|   19  | 85.288 | 98.837 | 99.444 | 91.725 | 91.725 |
+-------+--------+--------+--------+--------+--------+
     logs:  {'epo': 19, 'R1': 85.288, 'R5': 98.837, 'R10': 99.444, 'mAP': 91.725, 'mINP': 91.725, 'lr': 3.6e-05, 'entropy': 0.068097, 'loss': 0.068097, 'entr_unc': 0.068097, 'uncertainty': 1.0, 'uncertainty_multiply_coeffi': 1.0}
      TTA Epoch: [20] [  0/123]  eta: 0:00:46  lr: 0.000035  entropy: 0.0597  loss: 0.0597  entr_unc: 0.0597  uncertainty: 1.0000  uncertainty_multiply_coeffi: 1.0000  time: 0.3813  data: 0.2672  max mem: 2942
      TTA Epoch: [20] [100/123]  eta: 0:00:01  lr: 0.000032  entropy: 0.0506  loss: 0.0506  entr_unc: 0.0506  uncertainty: 1.0000  uncertainty_multiply_coeffi: 1.0000  time: 0.0579  data: 0.0062  max mem: 2942
      TTA Epoch: [20] [122/123]  eta: 0:00:00  lr: 0.000031  entropy: 0.0250  loss: 0.0250  entr_unc: 0.0250  uncertainty: 1.0000  uncertainty_multiply_coeffi: 1.0000  time: 0.0489  data: 0.0009  max mem: 2942
      TTA Epoch: [20] Total time: 0:00:07 (0.0613 s / it)
     Averaged stats: lr: 0.0000  entropy: 0.0625  loss: 0.0625  entr_unc: 0.0625  uncertainty: 1.0000  uncertainty_multiply_coeffi: 1.0000
     itm tta time 0:00:07
     Computing matching score
      Evaluation: [   0/1978]  eta: 0:02:28    time: 0.0750  data: 0.0034  max mem: 2942
      Evaluation: [ 100/1978]  eta: 0:02:12    time: 0.0700  data: 0.0000  max mem: 2942
      Evaluation: [ 200/1978]  eta: 0:02:05    time: 0.0702  data: 0.0000  max mem: 2942
      Evaluation: [ 300/1978]  eta: 0:01:57    time: 0.0701  data: 0.0000  max mem: 2942
      Evaluation: [ 400/1978]  eta: 0:01:50    time: 0.0701  data: 0.0000  max mem: 2942
      Evaluation: [ 500/1978]  eta: 0:01:43    time: 0.0701  data: 0.0000  max mem: 2942
      Evaluation: [ 600/1978]  eta: 0:01:37    time: 0.0701  data: 0.0000  max mem: 2942
      Evaluation: [ 700/1978]  eta: 0:01:30    time: 0.0701  data: 0.0000  max mem: 2942
      Evaluation: [ 800/1978]  eta: 0:01:22    time: 0.0704  data: 0.0000  max mem: 2942
      Evaluation: [ 900/1978]  eta: 0:01:15    time: 0.0700  data: 0.0000  max mem: 2942
      Evaluation: [1000/1978]  eta: 0:01:08    time: 0.0700  data: 0.0000  max mem: 2942
      Evaluation: [1100/1978]  eta: 0:01:01    time: 0.0701  data: 0.0000  max mem: 2942
      Evaluation: [1200/1978]  eta: 0:00:54    time: 0.0700  data: 0.0000  max mem: 2942
      Evaluation: [1300/1978]  eta: 0:00:47    time: 0.0701  data: 0.0000  max mem: 2942
      Evaluation: [1400/1978]  eta: 0:00:40    time: 0.0704  data: 0.0000  max mem: 2942
      Evaluation: [1500/1978]  eta: 0:00:33    time: 0.0700  data: 0.0000  max mem: 2942
      Evaluation: [1600/1978]  eta: 0:00:26    time: 0.0701  data: 0.0000  max mem: 2942
      Evaluation: [1700/1978]  eta: 0:00:19    time: 0.0702  data: 0.0000  max mem: 2942
      Evaluation: [1800/1978]  eta: 0:00:12    time: 0.0782  data: 0.0000  max mem: 2942
      Evaluation: [1900/1978]  eta: 0:00:05    time: 0.0701  data: 0.0000  max mem: 2942
      Evaluation: [1977/1978]  eta: 0:00:00    time: 0.0700  data: 0.0000  max mem: 2942
      Evaluation: Total time: 0:02:19 (0.0704 s / it)
     Computing matching score time 0:02:19
### TTA ITM Score: 
+-------+--------+--------+--------+--------+--------+
| epoch |   R1   |   R5   |  R10   |  mAP   |  mINP  |
+-------+--------+--------+--------+--------+--------+
|  -999 | 69.414 | 95.197 | 97.776 | 81.233 | 81.233 |
|  -999 | 69.414 | 95.197 | 97.776 | 81.233 | 81.233 |
|  -999 | 84.277 | 99.039 | 99.596 | 91.276 | 91.276 |
|   0   | 84.985 | 98.787 | 99.393 | 91.541 | 91.541 |
|   1   | 84.580 | 98.787 | 99.393 | 91.360 | 91.360 |
|   2   | 84.732 | 98.736 | 99.494 | 91.437 | 91.437 |
|   3   | 85.035 | 98.888 | 99.596 | 91.635 | 91.635 |
|   4   | 84.985 | 98.736 | 99.494 | 91.592 | 91.592 |
|   5   | 85.086 | 98.736 | 99.545 | 91.660 | 91.660 |
|   6   | 85.035 | 98.787 | 99.545 | 91.647 | 91.647 |
|   7   | 85.086 | 98.736 | 99.545 | 91.657 | 91.657 |
|   8   | 85.035 | 98.837 | 99.545 | 91.642 | 91.642 |
|   9   | 85.137 | 98.736 | 99.545 | 91.678 | 91.678 |
|   10  | 85.187 | 98.787 | 99.545 | 91.724 | 91.724 |
|   11  | 84.934 | 98.736 | 99.545 | 91.581 | 91.581 |
|   12  | 84.985 | 98.736 | 99.494 | 91.617 | 91.617 |
|   13  | 84.934 | 98.787 | 99.596 | 91.582 | 91.582 |
|   14  | 85.035 | 98.787 | 99.545 | 91.610 | 91.610 |
|   15  | 85.086 | 98.837 | 99.494 | 91.638 | 91.638 |
|   16  | 85.187 | 98.837 | 99.494 | 91.680 | 91.680 |
|   17  | 85.187 | 98.837 | 99.444 | 91.688 | 91.688 |
|   18  | 85.238 | 98.837 | 99.444 | 91.697 | 91.697 |
|   19  | 85.288 | 98.837 | 99.444 | 91.725 | 91.725 |
|   20  | 85.288 | 98.837 | 99.494 | 91.732 | 91.732 |
+-------+--------+--------+--------+--------+--------+
     logs:  {'epo': 20, 'R1': 85.288, 'R5': 98.837, 'R10': 99.494, 'mAP': 91.732, 'mINP': 91.732, 'lr': 3.3e-05, 'entropy': 0.062508, 'loss': 0.062508, 'entr_unc': 0.062508, 'uncertainty': 1.0, 'uncertainty_multiply_coeffi': 1.0}
      TTA Epoch: [21] [  0/123]  eta: 0:00:48  lr: 0.000031  entropy: 0.1105  loss: 0.1105  entr_unc: 0.1105  uncertainty: 1.0000  uncertainty_multiply_coeffi: 1.0000  time: 0.3916  data: 0.2661  max mem: 2942
      TTA Epoch: [21] [100/123]  eta: 0:00:01  lr: 0.000029  entropy: 0.0964  loss: 0.0964  entr_unc: 0.0964  uncertainty: 1.0000  uncertainty_multiply_coeffi: 1.0000  time: 0.0599  data: 0.0023  max mem: 2942
      TTA Epoch: [21] [122/123]  eta: 0:00:00  lr: 0.000028  entropy: 0.0239  loss: 0.0239  entr_unc: 0.0239  uncertainty: 1.0000  uncertainty_multiply_coeffi: 1.0000  time: 0.0493  data: 0.0010  max mem: 2942
      TTA Epoch: [21] Total time: 0:00:07 (0.0613 s / it)
     Averaged stats: lr: 0.0000  entropy: 0.0661  loss: 0.0661  entr_unc: 0.0661  uncertainty: 1.0000  uncertainty_multiply_coeffi: 1.0000
     itm tta time 0:00:07
     Computing matching score
      Evaluation: [   0/1978]  eta: 0:02:32    time: 0.0772  data: 0.0033  max mem: 2942
      Evaluation: [ 100/1978]  eta: 0:02:12    time: 0.0701  data: 0.0000  max mem: 2942
      Evaluation: [ 200/1978]  eta: 0:02:04    time: 0.0702  data: 0.0000  max mem: 2942
      Evaluation: [ 300/1978]  eta: 0:01:57    time: 0.0701  data: 0.0000  max mem: 2942
      Evaluation: [ 400/1978]  eta: 0:01:51    time: 0.0702  data: 0.0000  max mem: 2942
      Evaluation: [ 500/1978]  eta: 0:01:44    time: 0.0701  data: 0.0000  max mem: 2942
      Evaluation: [ 600/1978]  eta: 0:01:37    time: 0.0735  data: 0.0000  max mem: 2942
      Evaluation: [ 700/1978]  eta: 0:01:30    time: 0.0702  data: 0.0000  max mem: 2942
      Evaluation: [ 800/1978]  eta: 0:01:23    time: 0.0701  data: 0.0000  max mem: 2942
      Evaluation: [ 900/1978]  eta: 0:01:16    time: 0.0701  data: 0.0000  max mem: 2942
      Evaluation: [1000/1978]  eta: 0:01:09    time: 0.0702  data: 0.0000  max mem: 2942
      Evaluation: [1100/1978]  eta: 0:01:01    time: 0.0703  data: 0.0000  max mem: 2942
      Evaluation: [1200/1978]  eta: 0:00:54    time: 0.0702  data: 0.0000  max mem: 2942
      Evaluation: [1300/1978]  eta: 0:00:47    time: 0.0700  data: 0.0000  max mem: 2942
      Evaluation: [1400/1978]  eta: 0:00:40    time: 0.0702  data: 0.0000  max mem: 2942
      Evaluation: [1500/1978]  eta: 0:00:33    time: 0.0709  data: 0.0000  max mem: 2942
      Evaluation: [1600/1978]  eta: 0:00:26    time: 0.0702  data: 0.0000  max mem: 2942
      Evaluation: [1700/1978]  eta: 0:00:19    time: 0.0702  data: 0.0000  max mem: 2942
      Evaluation: [1800/1978]  eta: 0:00:12    time: 0.0701  data: 0.0000  max mem: 2942
      Evaluation: [1900/1978]  eta: 0:00:05    time: 0.0701  data: 0.0000  max mem: 2942
      Evaluation: [1977/1978]  eta: 0:00:00    time: 0.0702  data: 0.0000  max mem: 2942
      Evaluation: Total time: 0:02:19 (0.0705 s / it)
     Computing matching score time 0:02:19
### TTA ITM Score: 
+-------+--------+--------+--------+--------+--------+
| epoch |   R1   |   R5   |  R10   |  mAP   |  mINP  |
+-------+--------+--------+--------+--------+--------+
|  -999 | 69.414 | 95.197 | 97.776 | 81.233 | 81.233 |
|  -999 | 69.414 | 95.197 | 97.776 | 81.233 | 81.233 |
|  -999 | 84.277 | 99.039 | 99.596 | 91.276 | 91.276 |
|   0   | 84.985 | 98.787 | 99.393 | 91.541 | 91.541 |
|   1   | 84.580 | 98.787 | 99.393 | 91.360 | 91.360 |
|   2   | 84.732 | 98.736 | 99.494 | 91.437 | 91.437 |
|   3   | 85.035 | 98.888 | 99.596 | 91.635 | 91.635 |
|   4   | 84.985 | 98.736 | 99.494 | 91.592 | 91.592 |
|   5   | 85.086 | 98.736 | 99.545 | 91.660 | 91.660 |
|   6   | 85.035 | 98.787 | 99.545 | 91.647 | 91.647 |
|   7   | 85.086 | 98.736 | 99.545 | 91.657 | 91.657 |
|   8   | 85.035 | 98.837 | 99.545 | 91.642 | 91.642 |
|   9   | 85.137 | 98.736 | 99.545 | 91.678 | 91.678 |
|   10  | 85.187 | 98.787 | 99.545 | 91.724 | 91.724 |
|   11  | 84.934 | 98.736 | 99.545 | 91.581 | 91.581 |
|   12  | 84.985 | 98.736 | 99.494 | 91.617 | 91.617 |
|   13  | 84.934 | 98.787 | 99.596 | 91.582 | 91.582 |
|   14  | 85.035 | 98.787 | 99.545 | 91.610 | 91.610 |
|   15  | 85.086 | 98.837 | 99.494 | 91.638 | 91.638 |
|   16  | 85.187 | 98.837 | 99.494 | 91.680 | 91.680 |
|   17  | 85.187 | 98.837 | 99.444 | 91.688 | 91.688 |
|   18  | 85.238 | 98.837 | 99.444 | 91.697 | 91.697 |
|   19  | 85.288 | 98.837 | 99.444 | 91.725 | 91.725 |
|   20  | 85.288 | 98.837 | 99.494 | 91.732 | 91.732 |
|   21  | 85.288 | 98.837 | 99.494 | 91.740 | 91.740 |
+-------+--------+--------+--------+--------+--------+
     logs:  {'epo': 21, 'R1': 85.288, 'R5': 98.837, 'R10': 99.494, 'mAP': 91.74, 'mINP': 91.74, 'lr': 3e-05, 'entropy': 0.06614, 'loss': 0.06614, 'entr_unc': 0.06614, 'uncertainty': 1.0, 'uncertainty_multiply_coeffi': 1.0}
      TTA Epoch: [22] [  0/123]  eta: 0:01:04  lr: 0.000028  entropy: 0.0681  loss: 0.0681  entr_unc: 0.0681  uncertainty: 1.0000  uncertainty_multiply_coeffi: 1.0000  time: 0.5223  data: 0.4036  max mem: 2942
      TTA Epoch: [22] [100/123]  eta: 0:00:01  lr: 0.000025  entropy: 0.0347  loss: 0.0347  entr_unc: 0.0347  uncertainty: 1.0000  uncertainty_multiply_coeffi: 1.0000  time: 0.0554  data: 0.0028  max mem: 2942
      TTA Epoch: [22] [122/123]  eta: 0:00:00  lr: 0.000025  entropy: 0.0639  loss: 0.0639  entr_unc: 0.0639  uncertainty: 1.0000  uncertainty_multiply_coeffi: 1.0000  time: 0.0502  data: 0.0023  max mem: 2942
      TTA Epoch: [22] Total time: 0:00:07 (0.0614 s / it)
     Averaged stats: lr: 0.0000  entropy: 0.0632  loss: 0.0632  entr_unc: 0.0632  uncertainty: 1.0000  uncertainty_multiply_coeffi: 1.0000
     itm tta time 0:00:07
     Computing matching score
      Evaluation: [   0/1978]  eta: 0:02:28    time: 0.0752  data: 0.0034  max mem: 2942
      Evaluation: [ 100/1978]  eta: 0:02:12    time: 0.0701  data: 0.0000  max mem: 2942
      Evaluation: [ 200/1978]  eta: 0:02:04    time: 0.0701  data: 0.0000  max mem: 2942
      Evaluation: [ 300/1978]  eta: 0:01:57    time: 0.0697  data: 0.0000  max mem: 2942
      Evaluation: [ 400/1978]  eta: 0:01:50    time: 0.0702  data: 0.0000  max mem: 2942
      Evaluation: [ 500/1978]  eta: 0:01:43    time: 0.0703  data: 0.0000  max mem: 2942
      Evaluation: [ 600/1978]  eta: 0:01:36    time: 0.0701  data: 0.0000  max mem: 2942
      Evaluation: [ 700/1978]  eta: 0:01:29    time: 0.0702  data: 0.0000  max mem: 2942
      Evaluation: [ 800/1978]  eta: 0:01:22    time: 0.0701  data: 0.0000  max mem: 2942
      Evaluation: [ 900/1978]  eta: 0:01:15    time: 0.0701  data: 0.0000  max mem: 2942
      Evaluation: [1000/1978]  eta: 0:01:08    time: 0.0701  data: 0.0000  max mem: 2942
      Evaluation: [1100/1978]  eta: 0:01:01    time: 0.0701  data: 0.0000  max mem: 2942
      Evaluation: [1200/1978]  eta: 0:00:54    time: 0.0702  data: 0.0000  max mem: 2942
      Evaluation: [1300/1978]  eta: 0:00:47    time: 0.0700  data: 0.0000  max mem: 2942
      Evaluation: [1400/1978]  eta: 0:00:40    time: 0.0702  data: 0.0000  max mem: 2942
      Evaluation: [1500/1978]  eta: 0:00:33    time: 0.0701  data: 0.0000  max mem: 2942
      Evaluation: [1600/1978]  eta: 0:00:26    time: 0.0701  data: 0.0000  max mem: 2942
      Evaluation: [1700/1978]  eta: 0:00:19    time: 0.0701  data: 0.0000  max mem: 2942
      Evaluation: [1800/1978]  eta: 0:00:12    time: 0.0765  data: 0.0000  max mem: 2942
      Evaluation: [1900/1978]  eta: 0:00:05    time: 0.0702  data: 0.0000  max mem: 2942
      Evaluation: [1977/1978]  eta: 0:00:00    time: 0.0702  data: 0.0000  max mem: 2942
      Evaluation: Total time: 0:02:19 (0.0704 s / it)
     Computing matching score time 0:02:19
### TTA ITM Score: 
+-------+--------+--------+--------+--------+--------+
| epoch |   R1   |   R5   |  R10   |  mAP   |  mINP  |
+-------+--------+--------+--------+--------+--------+
|  -999 | 69.414 | 95.197 | 97.776 | 81.233 | 81.233 |
|  -999 | 69.414 | 95.197 | 97.776 | 81.233 | 81.233 |
|  -999 | 84.277 | 99.039 | 99.596 | 91.276 | 91.276 |
|   0   | 84.985 | 98.787 | 99.393 | 91.541 | 91.541 |
|   1   | 84.580 | 98.787 | 99.393 | 91.360 | 91.360 |
|   2   | 84.732 | 98.736 | 99.494 | 91.437 | 91.437 |
|   3   | 85.035 | 98.888 | 99.596 | 91.635 | 91.635 |
|   4   | 84.985 | 98.736 | 99.494 | 91.592 | 91.592 |
|   5   | 85.086 | 98.736 | 99.545 | 91.660 | 91.660 |
|   6   | 85.035 | 98.787 | 99.545 | 91.647 | 91.647 |
|   7   | 85.086 | 98.736 | 99.545 | 91.657 | 91.657 |
|   8   | 85.035 | 98.837 | 99.545 | 91.642 | 91.642 |
|   9   | 85.137 | 98.736 | 99.545 | 91.678 | 91.678 |
|   10  | 85.187 | 98.787 | 99.545 | 91.724 | 91.724 |
|   11  | 84.934 | 98.736 | 99.545 | 91.581 | 91.581 |
|   12  | 84.985 | 98.736 | 99.494 | 91.617 | 91.617 |
|   13  | 84.934 | 98.787 | 99.596 | 91.582 | 91.582 |
|   14  | 85.035 | 98.787 | 99.545 | 91.610 | 91.610 |
|   15  | 85.086 | 98.837 | 99.494 | 91.638 | 91.638 |
|   16  | 85.187 | 98.837 | 99.494 | 91.680 | 91.680 |
|   17  | 85.187 | 98.837 | 99.444 | 91.688 | 91.688 |
|   18  | 85.238 | 98.837 | 99.444 | 91.697 | 91.697 |
|   19  | 85.288 | 98.837 | 99.444 | 91.725 | 91.725 |
|   20  | 85.288 | 98.837 | 99.494 | 91.732 | 91.732 |
|   21  | 85.288 | 98.837 | 99.494 | 91.740 | 91.740 |
|   22  | 85.288 | 98.837 | 99.494 | 91.737 | 91.737 |
+-------+--------+--------+--------+--------+--------+
     logs:  {'epo': 22, 'R1': 85.288, 'R5': 98.837, 'R10': 99.494, 'mAP': 91.737, 'mINP': 91.737, 'lr': 2.6e-05, 'entropy': 0.063198, 'loss': 0.063198, 'entr_unc': 0.063198, 'uncertainty': 1.0, 'uncertainty_multiply_coeffi': 1.0}
      TTA Epoch: [23] [  0/123]  eta: 0:00:57  lr: 0.000025  entropy: 0.1512  loss: 0.1512  entr_unc: 0.1512  uncertainty: 1.0000  uncertainty_multiply_coeffi: 1.0000  time: 0.4687  data: 0.3203  max mem: 2942
      TTA Epoch: [23] [100/123]  eta: 0:00:01  lr: 0.000022  entropy: 0.1487  loss: 0.1487  entr_unc: 0.1487  uncertainty: 1.0000  uncertainty_multiply_coeffi: 1.0000  time: 0.0607  data: 0.0031  max mem: 2942
      TTA Epoch: [23] [122/123]  eta: 0:00:00  lr: 0.000021  entropy: 0.0919  loss: 0.0919  entr_unc: 0.0919  uncertainty: 1.0000  uncertainty_multiply_coeffi: 1.0000  time: 0.0485  data: 0.0028  max mem: 2942
      TTA Epoch: [23] Total time: 0:00:07 (0.0613 s / it)
     Averaged stats: lr: 0.0000  entropy: 0.0631  loss: 0.0631  entr_unc: 0.0631  uncertainty: 1.0000  uncertainty_multiply_coeffi: 1.0000
     itm tta time 0:00:07
     Computing matching score
      Evaluation: [   0/1978]  eta: 0:02:30    time: 0.0760  data: 0.0034  max mem: 2942
      Evaluation: [ 100/1978]  eta: 0:02:12    time: 0.0700  data: 0.0000  max mem: 2942
      Evaluation: [ 200/1978]  eta: 0:02:04    time: 0.0702  data: 0.0000  max mem: 2942
      Evaluation: [ 300/1978]  eta: 0:01:57    time: 0.0701  data: 0.0000  max mem: 2942
      Evaluation: [ 400/1978]  eta: 0:01:50    time: 0.0701  data: 0.0000  max mem: 2942
      Evaluation: [ 500/1978]  eta: 0:01:43    time: 0.0700  data: 0.0000  max mem: 2942
      Evaluation: [ 600/1978]  eta: 0:01:36    time: 0.0702  data: 0.0000  max mem: 2942
      Evaluation: [ 700/1978]  eta: 0:01:29    time: 0.0701  data: 0.0000  max mem: 2942
      Evaluation: [ 800/1978]  eta: 0:01:22    time: 0.0702  data: 0.0000  max mem: 2942
      Evaluation: [ 900/1978]  eta: 0:01:15    time: 0.0701  data: 0.0000  max mem: 2942
      Evaluation: [1000/1978]  eta: 0:01:08    time: 0.0704  data: 0.0000  max mem: 2942
      Evaluation: [1100/1978]  eta: 0:01:01    time: 0.0700  data: 0.0000  max mem: 2942
      Evaluation: [1200/1978]  eta: 0:00:54    time: 0.0705  data: 0.0000  max mem: 2942
      Evaluation: [1300/1978]  eta: 0:00:47    time: 0.0702  data: 0.0000  max mem: 2942
      Evaluation: [1400/1978]  eta: 0:00:40    time: 0.0702  data: 0.0000  max mem: 2942
      Evaluation: [1500/1978]  eta: 0:00:33    time: 0.0702  data: 0.0000  max mem: 2942
      Evaluation: [1600/1978]  eta: 0:00:26    time: 0.0703  data: 0.0000  max mem: 2942
      Evaluation: [1700/1978]  eta: 0:00:19    time: 0.0703  data: 0.0000  max mem: 2942
      Evaluation: [1800/1978]  eta: 0:00:12    time: 0.0701  data: 0.0000  max mem: 2942
      Evaluation: [1900/1978]  eta: 0:00:05    time: 0.0703  data: 0.0000  max mem: 2942
      Evaluation: [1977/1978]  eta: 0:00:00    time: 0.0702  data: 0.0000  max mem: 2942
      Evaluation: Total time: 0:02:18 (0.0702 s / it)
     Computing matching score time 0:02:19
### TTA ITM Score: 
+-------+--------+--------+--------+--------+--------+
| epoch |   R1   |   R5   |  R10   |  mAP   |  mINP  |
+-------+--------+--------+--------+--------+--------+
|  -999 | 69.414 | 95.197 | 97.776 | 81.233 | 81.233 |
|  -999 | 69.414 | 95.197 | 97.776 | 81.233 | 81.233 |
|  -999 | 84.277 | 99.039 | 99.596 | 91.276 | 91.276 |
|   0   | 84.985 | 98.787 | 99.393 | 91.541 | 91.541 |
|   1   | 84.580 | 98.787 | 99.393 | 91.360 | 91.360 |
|   2   | 84.732 | 98.736 | 99.494 | 91.437 | 91.437 |
|   3   | 85.035 | 98.888 | 99.596 | 91.635 | 91.635 |
|   4   | 84.985 | 98.736 | 99.494 | 91.592 | 91.592 |
|   5   | 85.086 | 98.736 | 99.545 | 91.660 | 91.660 |
|   6   | 85.035 | 98.787 | 99.545 | 91.647 | 91.647 |
|   7   | 85.086 | 98.736 | 99.545 | 91.657 | 91.657 |
|   8   | 85.035 | 98.837 | 99.545 | 91.642 | 91.642 |
|   9   | 85.137 | 98.736 | 99.545 | 91.678 | 91.678 |
|   10  | 85.187 | 98.787 | 99.545 | 91.724 | 91.724 |
|   11  | 84.934 | 98.736 | 99.545 | 91.581 | 91.581 |
|   12  | 84.985 | 98.736 | 99.494 | 91.617 | 91.617 |
|   13  | 84.934 | 98.787 | 99.596 | 91.582 | 91.582 |
|   14  | 85.035 | 98.787 | 99.545 | 91.610 | 91.610 |
|   15  | 85.086 | 98.837 | 99.494 | 91.638 | 91.638 |
|   16  | 85.187 | 98.837 | 99.494 | 91.680 | 91.680 |
|   17  | 85.187 | 98.837 | 99.444 | 91.688 | 91.688 |
|   18  | 85.238 | 98.837 | 99.444 | 91.697 | 91.697 |
|   19  | 85.288 | 98.837 | 99.444 | 91.725 | 91.725 |
|   20  | 85.288 | 98.837 | 99.494 | 91.732 | 91.732 |
|   21  | 85.288 | 98.837 | 99.494 | 91.740 | 91.740 |
|   22  | 85.288 | 98.837 | 99.494 | 91.737 | 91.737 |
|   23  | 85.339 | 98.837 | 99.444 | 91.752 | 91.752 |
+-------+--------+--------+--------+--------+--------+
     logs:  {'epo': 23, 'R1': 85.339, 'R5': 98.837, 'R10': 99.444, 'mAP': 91.752, 'mINP': 91.752, 'lr': 2.3e-05, 'entropy': 0.063082, 'loss': 0.063082, 'entr_unc': 0.063082, 'uncertainty': 1.0, 'uncertainty_multiply_coeffi': 1.0}
      TTA Epoch: [24] [  0/123]  eta: 0:01:00  lr: 0.000021  entropy: 0.0526  loss: 0.0526  entr_unc: 0.0526  uncertainty: 1.0000  uncertainty_multiply_coeffi: 1.0000  time: 0.4919  data: 0.4074  max mem: 2942
      TTA Epoch: [24] [100/123]  eta: 0:00:01  lr: 0.000018  entropy: 0.0550  loss: 0.0550  entr_unc: 0.0550  uncertainty: 1.0000  uncertainty_multiply_coeffi: 1.0000  time: 0.0591  data: 0.0057  max mem: 2942
      TTA Epoch: [24] [122/123]  eta: 0:00:00  lr: 0.000018  entropy: 0.0443  loss: 0.0443  entr_unc: 0.0443  uncertainty: 1.0000  uncertainty_multiply_coeffi: 1.0000  time: 0.0483  data: 0.0016  max mem: 2942
      TTA Epoch: [24] Total time: 0:00:07 (0.0612 s / it)
     Averaged stats: lr: 0.0000  entropy: 0.0628  loss: 0.0628  entr_unc: 0.0628  uncertainty: 1.0000  uncertainty_multiply_coeffi: 1.0000
     itm tta time 0:00:07
     Computing matching score
      Evaluation: [   0/1978]  eta: 0:02:30    time: 0.0761  data: 0.0033  max mem: 2942
      Evaluation: [ 100/1978]  eta: 0:02:11    time: 0.0700  data: 0.0000  max mem: 2942
      Evaluation: [ 200/1978]  eta: 0:02:04    time: 0.0702  data: 0.0000  max mem: 2942
      Evaluation: [ 300/1978]  eta: 0:01:57    time: 0.0701  data: 0.0000  max mem: 2942
      Evaluation: [ 400/1978]  eta: 0:01:50    time: 0.0702  data: 0.0000  max mem: 2942
      Evaluation: [ 500/1978]  eta: 0:01:43    time: 0.0702  data: 0.0000  max mem: 2942
      Evaluation: [ 600/1978]  eta: 0:01:36    time: 0.0702  data: 0.0000  max mem: 2942
      Evaluation: [ 700/1978]  eta: 0:01:29    time: 0.0701  data: 0.0000  max mem: 2942
      Evaluation: [ 800/1978]  eta: 0:01:22    time: 0.0702  data: 0.0000  max mem: 2942
      Evaluation: [ 900/1978]  eta: 0:01:15    time: 0.0701  data: 0.0000  max mem: 2942
      Evaluation: [1000/1978]  eta: 0:01:08    time: 0.0702  data: 0.0000  max mem: 2942
      Evaluation: [1100/1978]  eta: 0:01:01    time: 0.0702  data: 0.0000  max mem: 2942
      Evaluation: [1200/1978]  eta: 0:00:54    time: 0.0700  data: 0.0000  max mem: 2942
      Evaluation: [1300/1978]  eta: 0:00:47    time: 0.0701  data: 0.0000  max mem: 2942
      Evaluation: [1400/1978]  eta: 0:00:40    time: 0.0701  data: 0.0000  max mem: 2942
      Evaluation: [1500/1978]  eta: 0:00:33    time: 0.0700  data: 0.0000  max mem: 2942
      Evaluation: [1600/1978]  eta: 0:00:26    time: 0.0700  data: 0.0000  max mem: 2942
      Evaluation: [1700/1978]  eta: 0:00:19    time: 0.0702  data: 0.0000  max mem: 2942
      Evaluation: [1800/1978]  eta: 0:00:12    time: 0.0700  data: 0.0000  max mem: 2942
      Evaluation: [1900/1978]  eta: 0:00:05    time: 0.0701  data: 0.0000  max mem: 2942
      Evaluation: [1977/1978]  eta: 0:00:00    time: 0.0700  data: 0.0000  max mem: 2942
      Evaluation: Total time: 0:02:18 (0.0702 s / it)
     Computing matching score time 0:02:19
### TTA ITM Score: 
+-------+--------+--------+--------+--------+--------+
| epoch |   R1   |   R5   |  R10   |  mAP   |  mINP  |
+-------+--------+--------+--------+--------+--------+
|  -999 | 69.414 | 95.197 | 97.776 | 81.233 | 81.233 |
|  -999 | 69.414 | 95.197 | 97.776 | 81.233 | 81.233 |
|  -999 | 84.277 | 99.039 | 99.596 | 91.276 | 91.276 |
|   0   | 84.985 | 98.787 | 99.393 | 91.541 | 91.541 |
|   1   | 84.580 | 98.787 | 99.393 | 91.360 | 91.360 |
|   2   | 84.732 | 98.736 | 99.494 | 91.437 | 91.437 |
|   3   | 85.035 | 98.888 | 99.596 | 91.635 | 91.635 |
|   4   | 84.985 | 98.736 | 99.494 | 91.592 | 91.592 |
|   5   | 85.086 | 98.736 | 99.545 | 91.660 | 91.660 |
|   6   | 85.035 | 98.787 | 99.545 | 91.647 | 91.647 |
|   7   | 85.086 | 98.736 | 99.545 | 91.657 | 91.657 |
|   8   | 85.035 | 98.837 | 99.545 | 91.642 | 91.642 |
|   9   | 85.137 | 98.736 | 99.545 | 91.678 | 91.678 |
|   10  | 85.187 | 98.787 | 99.545 | 91.724 | 91.724 |
|   11  | 84.934 | 98.736 | 99.545 | 91.581 | 91.581 |
|   12  | 84.985 | 98.736 | 99.494 | 91.617 | 91.617 |
|   13  | 84.934 | 98.787 | 99.596 | 91.582 | 91.582 |
|   14  | 85.035 | 98.787 | 99.545 | 91.610 | 91.610 |
|   15  | 85.086 | 98.837 | 99.494 | 91.638 | 91.638 |
|   16  | 85.187 | 98.837 | 99.494 | 91.680 | 91.680 |
|   17  | 85.187 | 98.837 | 99.444 | 91.688 | 91.688 |
|   18  | 85.238 | 98.837 | 99.444 | 91.697 | 91.697 |
|   19  | 85.288 | 98.837 | 99.444 | 91.725 | 91.725 |
|   20  | 85.288 | 98.837 | 99.494 | 91.732 | 91.732 |
|   21  | 85.288 | 98.837 | 99.494 | 91.740 | 91.740 |
|   22  | 85.288 | 98.837 | 99.494 | 91.737 | 91.737 |
|   23  | 85.339 | 98.837 | 99.444 | 91.752 | 91.752 |
|   24  | 85.339 | 98.837 | 99.545 | 91.758 | 91.758 |
+-------+--------+--------+--------+--------+--------+
     logs:  {'epo': 24, 'R1': 85.339, 'R5': 98.837, 'R10': 99.545, 'mAP': 91.758, 'mINP': 91.758, 'lr': 2e-05, 'entropy': 0.062825, 'loss': 0.062825, 'entr_unc': 0.062825, 'uncertainty': 1.0, 'uncertainty_multiply_coeffi': 1.0}
      TTA Epoch: [25] [  0/123]  eta: 0:01:01  lr: 0.000018  entropy: 0.1346  loss: 0.1346  entr_unc: 0.1346  uncertainty: 1.0000  uncertainty_multiply_coeffi: 1.0000  time: 0.4991  data: 0.4236  max mem: 2942
      TTA Epoch: [25] [100/123]  eta: 0:00:01  lr: 0.000015  entropy: 0.0179  loss: 0.0179  entr_unc: 0.0179  uncertainty: 1.0000  uncertainty_multiply_coeffi: 1.0000  time: 0.0579  data: 0.0063  max mem: 2942
      TTA Epoch: [25] [122/123]  eta: 0:00:00  lr: 0.000014  entropy: 0.0747  loss: 0.0747  entr_unc: 0.0747  uncertainty: 1.0000  uncertainty_multiply_coeffi: 1.0000  time: 0.0493  data: 0.0018  max mem: 2942
      TTA Epoch: [25] Total time: 0:00:07 (0.0612 s / it)
     Averaged stats: lr: 0.0000  entropy: 0.0634  loss: 0.0634  entr_unc: 0.0634  uncertainty: 1.0000  uncertainty_multiply_coeffi: 1.0000
     itm tta time 0:00:07
     Computing matching score
      Evaluation: [   0/1978]  eta: 0:02:27    time: 0.0748  data: 0.0034  max mem: 2942
      Evaluation: [ 100/1978]  eta: 0:02:12    time: 0.0702  data: 0.0000  max mem: 2942
      Evaluation: [ 200/1978]  eta: 0:02:04    time: 0.0701  data: 0.0000  max mem: 2942
      Evaluation: [ 300/1978]  eta: 0:01:57    time: 0.0701  data: 0.0000  max mem: 2942
      Evaluation: [ 400/1978]  eta: 0:01:50    time: 0.0701  data: 0.0000  max mem: 2942
      Evaluation: [ 500/1978]  eta: 0:01:43    time: 0.0701  data: 0.0000  max mem: 2942
      Evaluation: [ 600/1978]  eta: 0:01:36    time: 0.0700  data: 0.0000  max mem: 2942
      Evaluation: [ 700/1978]  eta: 0:01:29    time: 0.0700  data: 0.0000  max mem: 2942
      Evaluation: [ 800/1978]  eta: 0:01:22    time: 0.0702  data: 0.0000  max mem: 2942
      Evaluation: [ 900/1978]  eta: 0:01:15    time: 0.0701  data: 0.0000  max mem: 2942
      Evaluation: [1000/1978]  eta: 0:01:08    time: 0.0702  data: 0.0000  max mem: 2942
      Evaluation: [1100/1978]  eta: 0:01:01    time: 0.0700  data: 0.0000  max mem: 2942
      Evaluation: [1200/1978]  eta: 0:00:54    time: 0.0701  data: 0.0000  max mem: 2942
      Evaluation: [1300/1978]  eta: 0:00:47    time: 0.0702  data: 0.0000  max mem: 2942
      Evaluation: [1400/1978]  eta: 0:00:40    time: 0.0702  data: 0.0000  max mem: 2942
      Evaluation: [1500/1978]  eta: 0:00:33    time: 0.0702  data: 0.0000  max mem: 2942
      Evaluation: [1600/1978]  eta: 0:00:26    time: 0.0700  data: 0.0000  max mem: 2942
      Evaluation: [1700/1978]  eta: 0:00:19    time: 0.0701  data: 0.0000  max mem: 2942
      Evaluation: [1800/1978]  eta: 0:00:12    time: 0.0702  data: 0.0000  max mem: 2942
      Evaluation: [1900/1978]  eta: 0:00:05    time: 0.0700  data: 0.0000  max mem: 2942
      Evaluation: [1977/1978]  eta: 0:00:00    time: 0.0702  data: 0.0000  max mem: 2942
      Evaluation: Total time: 0:02:18 (0.0702 s / it)
     Computing matching score time 0:02:19
### TTA ITM Score: 
+-------+--------+--------+--------+--------+--------+
| epoch |   R1   |   R5   |  R10   |  mAP   |  mINP  |
+-------+--------+--------+--------+--------+--------+
|  -999 | 69.414 | 95.197 | 97.776 | 81.233 | 81.233 |
|  -999 | 69.414 | 95.197 | 97.776 | 81.233 | 81.233 |
|  -999 | 84.277 | 99.039 | 99.596 | 91.276 | 91.276 |
|   0   | 84.985 | 98.787 | 99.393 | 91.541 | 91.541 |
|   1   | 84.580 | 98.787 | 99.393 | 91.360 | 91.360 |
|   2   | 84.732 | 98.736 | 99.494 | 91.437 | 91.437 |
|   3   | 85.035 | 98.888 | 99.596 | 91.635 | 91.635 |
|   4   | 84.985 | 98.736 | 99.494 | 91.592 | 91.592 |
|   5   | 85.086 | 98.736 | 99.545 | 91.660 | 91.660 |
|   6   | 85.035 | 98.787 | 99.545 | 91.647 | 91.647 |
|   7   | 85.086 | 98.736 | 99.545 | 91.657 | 91.657 |
|   8   | 85.035 | 98.837 | 99.545 | 91.642 | 91.642 |
|   9   | 85.137 | 98.736 | 99.545 | 91.678 | 91.678 |
|   10  | 85.187 | 98.787 | 99.545 | 91.724 | 91.724 |
|   11  | 84.934 | 98.736 | 99.545 | 91.581 | 91.581 |
|   12  | 84.985 | 98.736 | 99.494 | 91.617 | 91.617 |
|   13  | 84.934 | 98.787 | 99.596 | 91.582 | 91.582 |
|   14  | 85.035 | 98.787 | 99.545 | 91.610 | 91.610 |
|   15  | 85.086 | 98.837 | 99.494 | 91.638 | 91.638 |
|   16  | 85.187 | 98.837 | 99.494 | 91.680 | 91.680 |
|   17  | 85.187 | 98.837 | 99.444 | 91.688 | 91.688 |
|   18  | 85.238 | 98.837 | 99.444 | 91.697 | 91.697 |
|   19  | 85.288 | 98.837 | 99.444 | 91.725 | 91.725 |
|   20  | 85.288 | 98.837 | 99.494 | 91.732 | 91.732 |
|   21  | 85.288 | 98.837 | 99.494 | 91.740 | 91.740 |
|   22  | 85.288 | 98.837 | 99.494 | 91.737 | 91.737 |
|   23  | 85.339 | 98.837 | 99.444 | 91.752 | 91.752 |
|   24  | 85.339 | 98.837 | 99.545 | 91.758 | 91.758 |
|   25  | 85.339 | 98.837 | 99.545 | 91.757 | 91.757 |
+-------+--------+--------+--------+--------+--------+
     logs:  {'epo': 25, 'R1': 85.339, 'R5': 98.837, 'R10': 99.545, 'mAP': 91.757, 'mINP': 91.757, 'lr': 1.6e-05, 'entropy': 0.063395, 'loss': 0.063395, 'entr_unc': 0.063395, 'uncertainty': 1.0, 'uncertainty_multiply_coeffi': 1.0}
      TTA Epoch: [26] [  0/123]  eta: 0:01:04  lr: 0.000014  entropy: 0.1295  loss: 0.1295  entr_unc: 0.1295  uncertainty: 1.0000  uncertainty_multiply_coeffi: 1.0000  time: 0.5205  data: 0.3280  max mem: 2942
      TTA Epoch: [26] [100/123]  eta: 0:00:01  lr: 0.000012  entropy: 0.0229  loss: 0.0229  entr_unc: 0.0229  uncertainty: 1.0000  uncertainty_multiply_coeffi: 1.0000  time: 0.0569  data: 0.0016  max mem: 2942
      TTA Epoch: [26] [122/123]  eta: 0:00:00  lr: 0.000011  entropy: 0.1060  loss: 0.1060  entr_unc: 0.1060  uncertainty: 1.0000  uncertainty_multiply_coeffi: 1.0000  time: 0.0495  data: 0.0015  max mem: 2942
      TTA Epoch: [26] Total time: 0:00:07 (0.0615 s / it)
     Averaged stats: lr: 0.0000  entropy: 0.0626  loss: 0.0626  entr_unc: 0.0626  uncertainty: 1.0000  uncertainty_multiply_coeffi: 1.0000
     itm tta time 0:00:07
     Computing matching score
      Evaluation: [   0/1978]  eta: 0:02:32    time: 0.0769  data: 0.0033  max mem: 2942
      Evaluation: [ 100/1978]  eta: 0:02:11    time: 0.0701  data: 0.0000  max mem: 2942
      Evaluation: [ 200/1978]  eta: 0:02:04    time: 0.0706  data: 0.0000  max mem: 2942
      Evaluation: [ 300/1978]  eta: 0:01:57    time: 0.0701  data: 0.0000  max mem: 2942
      Evaluation: [ 400/1978]  eta: 0:01:50    time: 0.0700  data: 0.0000  max mem: 2942
      Evaluation: [ 500/1978]  eta: 0:01:43    time: 0.0702  data: 0.0000  max mem: 2942
      Evaluation: [ 600/1978]  eta: 0:01:36    time: 0.0702  data: 0.0000  max mem: 2942
      Evaluation: [ 700/1978]  eta: 0:01:29    time: 0.0702  data: 0.0000  max mem: 2942
      Evaluation: [ 800/1978]  eta: 0:01:22    time: 0.0704  data: 0.0000  max mem: 2942
      Evaluation: [ 900/1978]  eta: 0:01:15    time: 0.0702  data: 0.0000  max mem: 2942
      Evaluation: [1000/1978]  eta: 0:01:08    time: 0.0702  data: 0.0000  max mem: 2942
      Evaluation: [1100/1978]  eta: 0:01:01    time: 0.0702  data: 0.0000  max mem: 2942
      Evaluation: [1200/1978]  eta: 0:00:54    time: 0.0702  data: 0.0000  max mem: 2942
      Evaluation: [1300/1978]  eta: 0:00:47    time: 0.0701  data: 0.0000  max mem: 2942
      Evaluation: [1400/1978]  eta: 0:00:40    time: 0.0702  data: 0.0000  max mem: 2942
      Evaluation: [1500/1978]  eta: 0:00:33    time: 0.0701  data: 0.0000  max mem: 2942
      Evaluation: [1600/1978]  eta: 0:00:26    time: 0.0702  data: 0.0000  max mem: 2942
      Evaluation: [1700/1978]  eta: 0:00:19    time: 0.0702  data: 0.0000  max mem: 2942
      Evaluation: [1800/1978]  eta: 0:00:12    time: 0.0701  data: 0.0000  max mem: 2942
      Evaluation: [1900/1978]  eta: 0:00:05    time: 0.0702  data: 0.0000  max mem: 2942
      Evaluation: [1977/1978]  eta: 0:00:00    time: 0.0705  data: 0.0000  max mem: 2942
      Evaluation: Total time: 0:02:18 (0.0702 s / it)
     Computing matching score time 0:02:19
### TTA ITM Score: 
+-------+--------+--------+--------+--------+--------+
| epoch |   R1   |   R5   |  R10   |  mAP   |  mINP  |
+-------+--------+--------+--------+--------+--------+
|  -999 | 69.414 | 95.197 | 97.776 | 81.233 | 81.233 |
|  -999 | 69.414 | 95.197 | 97.776 | 81.233 | 81.233 |
|  -999 | 84.277 | 99.039 | 99.596 | 91.276 | 91.276 |
|   0   | 84.985 | 98.787 | 99.393 | 91.541 | 91.541 |
|   1   | 84.580 | 98.787 | 99.393 | 91.360 | 91.360 |
|   2   | 84.732 | 98.736 | 99.494 | 91.437 | 91.437 |
|   3   | 85.035 | 98.888 | 99.596 | 91.635 | 91.635 |
|   4   | 84.985 | 98.736 | 99.494 | 91.592 | 91.592 |
|   5   | 85.086 | 98.736 | 99.545 | 91.660 | 91.660 |
|   6   | 85.035 | 98.787 | 99.545 | 91.647 | 91.647 |
|   7   | 85.086 | 98.736 | 99.545 | 91.657 | 91.657 |
|   8   | 85.035 | 98.837 | 99.545 | 91.642 | 91.642 |
|   9   | 85.137 | 98.736 | 99.545 | 91.678 | 91.678 |
|   10  | 85.187 | 98.787 | 99.545 | 91.724 | 91.724 |
|   11  | 84.934 | 98.736 | 99.545 | 91.581 | 91.581 |
|   12  | 84.985 | 98.736 | 99.494 | 91.617 | 91.617 |
|   13  | 84.934 | 98.787 | 99.596 | 91.582 | 91.582 |
|   14  | 85.035 | 98.787 | 99.545 | 91.610 | 91.610 |
|   15  | 85.086 | 98.837 | 99.494 | 91.638 | 91.638 |
|   16  | 85.187 | 98.837 | 99.494 | 91.680 | 91.680 |
|   17  | 85.187 | 98.837 | 99.444 | 91.688 | 91.688 |
|   18  | 85.238 | 98.837 | 99.444 | 91.697 | 91.697 |
|   19  | 85.288 | 98.837 | 99.444 | 91.725 | 91.725 |
|   20  | 85.288 | 98.837 | 99.494 | 91.732 | 91.732 |
|   21  | 85.288 | 98.837 | 99.494 | 91.740 | 91.740 |
|   22  | 85.288 | 98.837 | 99.494 | 91.737 | 91.737 |
|   23  | 85.339 | 98.837 | 99.444 | 91.752 | 91.752 |
|   24  | 85.339 | 98.837 | 99.545 | 91.758 | 91.758 |
|   25  | 85.339 | 98.837 | 99.545 | 91.757 | 91.757 |
|   26  | 85.339 | 98.837 | 99.545 | 91.757 | 91.757 |
+-------+--------+--------+--------+--------+--------+
     logs:  {'epo': 26, 'R1': 85.339, 'R5': 98.837, 'R10': 99.545, 'mAP': 91.757, 'mINP': 91.757, 'lr': 1.3e-05, 'entropy': 0.062623, 'loss': 0.062623, 'entr_unc': 0.062623, 'uncertainty': 1.0, 'uncertainty_multiply_coeffi': 1.0}
      TTA Epoch: [27] [  0/123]  eta: 0:00:50  lr: 0.000011  entropy: 0.0230  loss: 0.0230  entr_unc: 0.0230  uncertainty: 1.0000  uncertainty_multiply_coeffi: 1.0000  time: 0.4078  data: 0.2774  max mem: 2942
      TTA Epoch: [27] [100/123]  eta: 0:00:01  lr: 0.000008  entropy: 0.0355  loss: 0.0355  entr_unc: 0.0355  uncertainty: 1.0000  uncertainty_multiply_coeffi: 1.0000  time: 0.0605  data: 0.0042  max mem: 2942
      TTA Epoch: [27] [122/123]  eta: 0:00:00  lr: 0.000008  entropy: 0.0256  loss: 0.0256  entr_unc: 0.0256  uncertainty: 1.0000  uncertainty_multiply_coeffi: 1.0000  time: 0.0468  data: 0.0014  max mem: 2942
      TTA Epoch: [27] Total time: 0:00:07 (0.0611 s / it)
     Averaged stats: lr: 0.0000  entropy: 0.0583  loss: 0.0583  entr_unc: 0.0583  uncertainty: 1.0000  uncertainty_multiply_coeffi: 1.0000
     itm tta time 0:00:07
     Computing matching score
      Evaluation: [   0/1978]  eta: 0:02:30    time: 0.0762  data: 0.0034  max mem: 2942
      Evaluation: [ 100/1978]  eta: 0:02:12    time: 0.0702  data: 0.0000  max mem: 2942
      Evaluation: [ 200/1978]  eta: 0:02:04    time: 0.0701  data: 0.0000  max mem: 2942
      Evaluation: [ 300/1978]  eta: 0:01:57    time: 0.0701  data: 0.0000  max mem: 2942
      Evaluation: [ 400/1978]  eta: 0:01:50    time: 0.0701  data: 0.0000  max mem: 2942
      Evaluation: [ 500/1978]  eta: 0:01:44    time: 0.0701  data: 0.0000  max mem: 2942
      Evaluation: [ 600/1978]  eta: 0:01:37    time: 0.0702  data: 0.0000  max mem: 2942
      Evaluation: [ 700/1978]  eta: 0:01:30    time: 0.0703  data: 0.0000  max mem: 2942
      Evaluation: [ 800/1978]  eta: 0:01:23    time: 0.0702  data: 0.0000  max mem: 2942
      Evaluation: [ 900/1978]  eta: 0:01:15    time: 0.0702  data: 0.0000  max mem: 2942
      Evaluation: [1000/1978]  eta: 0:01:08    time: 0.0702  data: 0.0000  max mem: 2942
      Evaluation: [1100/1978]  eta: 0:01:01    time: 0.0704  data: 0.0000  max mem: 2942
      Evaluation: [1200/1978]  eta: 0:00:54    time: 0.0702  data: 0.0000  max mem: 2942
      Evaluation: [1300/1978]  eta: 0:00:47    time: 0.0702  data: 0.0000  max mem: 2942
      Evaluation: [1400/1978]  eta: 0:00:40    time: 0.0703  data: 0.0000  max mem: 2942
      Evaluation: [1500/1978]  eta: 0:00:33    time: 0.0701  data: 0.0000  max mem: 2942
      Evaluation: [1600/1978]  eta: 0:00:26    time: 0.0702  data: 0.0000  max mem: 2942
      Evaluation: [1700/1978]  eta: 0:00:19    time: 0.0704  data: 0.0000  max mem: 2942
      Evaluation: [1800/1978]  eta: 0:00:12    time: 0.0701  data: 0.0000  max mem: 2942
      Evaluation: [1900/1978]  eta: 0:00:05    time: 0.0702  data: 0.0000  max mem: 2942
      Evaluation: [1977/1978]  eta: 0:00:00    time: 0.0702  data: 0.0000  max mem: 2942
      Evaluation: Total time: 0:02:19 (0.0703 s / it)
     Computing matching score time 0:02:19
### TTA ITM Score: 
+-------+--------+--------+--------+--------+--------+
| epoch |   R1   |   R5   |  R10   |  mAP   |  mINP  |
+-------+--------+--------+--------+--------+--------+
|  -999 | 69.414 | 95.197 | 97.776 | 81.233 | 81.233 |
|  -999 | 69.414 | 95.197 | 97.776 | 81.233 | 81.233 |
|  -999 | 84.277 | 99.039 | 99.596 | 91.276 | 91.276 |
|   0   | 84.985 | 98.787 | 99.393 | 91.541 | 91.541 |
|   1   | 84.580 | 98.787 | 99.393 | 91.360 | 91.360 |
|   2   | 84.732 | 98.736 | 99.494 | 91.437 | 91.437 |
|   3   | 85.035 | 98.888 | 99.596 | 91.635 | 91.635 |
|   4   | 84.985 | 98.736 | 99.494 | 91.592 | 91.592 |
|   5   | 85.086 | 98.736 | 99.545 | 91.660 | 91.660 |
|   6   | 85.035 | 98.787 | 99.545 | 91.647 | 91.647 |
|   7   | 85.086 | 98.736 | 99.545 | 91.657 | 91.657 |
|   8   | 85.035 | 98.837 | 99.545 | 91.642 | 91.642 |
|   9   | 85.137 | 98.736 | 99.545 | 91.678 | 91.678 |
|   10  | 85.187 | 98.787 | 99.545 | 91.724 | 91.724 |
|   11  | 84.934 | 98.736 | 99.545 | 91.581 | 91.581 |
|   12  | 84.985 | 98.736 | 99.494 | 91.617 | 91.617 |
|   13  | 84.934 | 98.787 | 99.596 | 91.582 | 91.582 |
|   14  | 85.035 | 98.787 | 99.545 | 91.610 | 91.610 |
|   15  | 85.086 | 98.837 | 99.494 | 91.638 | 91.638 |
|   16  | 85.187 | 98.837 | 99.494 | 91.680 | 91.680 |
|   17  | 85.187 | 98.837 | 99.444 | 91.688 | 91.688 |
|   18  | 85.238 | 98.837 | 99.444 | 91.697 | 91.697 |
|   19  | 85.288 | 98.837 | 99.444 | 91.725 | 91.725 |
|   20  | 85.288 | 98.837 | 99.494 | 91.732 | 91.732 |
|   21  | 85.288 | 98.837 | 99.494 | 91.740 | 91.740 |
|   22  | 85.288 | 98.837 | 99.494 | 91.737 | 91.737 |
|   23  | 85.339 | 98.837 | 99.444 | 91.752 | 91.752 |
|   24  | 85.339 | 98.837 | 99.545 | 91.758 | 91.758 |
|   25  | 85.339 | 98.837 | 99.545 | 91.757 | 91.757 |
|   26  | 85.339 | 98.837 | 99.545 | 91.757 | 91.757 |
|   27  | 85.339 | 98.837 | 99.545 | 91.775 | 91.775 |
+-------+--------+--------+--------+--------+--------+
     logs:  {'epo': 27, 'R1': 85.339, 'R5': 98.837, 'R10': 99.545, 'mAP': 91.775, 'mINP': 91.775, 'lr': 9e-06, 'entropy': 0.058289, 'loss': 0.058289, 'entr_unc': 0.058289, 'uncertainty': 1.0, 'uncertainty_multiply_coeffi': 1.0}
      TTA Epoch: [28] [  0/123]  eta: 0:01:01  lr: 0.000008  entropy: 0.0354  loss: 0.0354  entr_unc: 0.0354  uncertainty: 1.0000  uncertainty_multiply_coeffi: 1.0000  time: 0.5036  data: 0.3157  max mem: 2942
      TTA Epoch: [28] [100/123]  eta: 0:00:01  lr: 0.000005  entropy: 0.0543  loss: 0.0543  entr_unc: 0.0543  uncertainty: 1.0000  uncertainty_multiply_coeffi: 1.0000  time: 0.0585  data: 0.0048  max mem: 2942
      TTA Epoch: [28] [122/123]  eta: 0:00:00  lr: 0.000004  entropy: 0.1253  loss: 0.1253  entr_unc: 0.1253  uncertainty: 1.0000  uncertainty_multiply_coeffi: 1.0000  time: 0.0491  data: 0.0026  max mem: 2942
      TTA Epoch: [28] Total time: 0:00:07 (0.0615 s / it)
     Averaged stats: lr: 0.0000  entropy: 0.0580  loss: 0.0580  entr_unc: 0.0580  uncertainty: 1.0000  uncertainty_multiply_coeffi: 1.0000
     itm tta time 0:00:07
     Computing matching score
      Evaluation: [   0/1978]  eta: 0:02:27    time: 0.0746  data: 0.0033  max mem: 2942
      Evaluation: [ 100/1978]  eta: 0:02:11    time: 0.0700  data: 0.0000  max mem: 2942
      Evaluation: [ 200/1978]  eta: 0:02:04    time: 0.0699  data: 0.0000  max mem: 2942
      Evaluation: [ 300/1978]  eta: 0:01:57    time: 0.0700  data: 0.0000  max mem: 2942
      Evaluation: [ 400/1978]  eta: 0:01:50    time: 0.0699  data: 0.0000  max mem: 2942
      Evaluation: [ 500/1978]  eta: 0:01:43    time: 0.0701  data: 0.0000  max mem: 2942
      Evaluation: [ 600/1978]  eta: 0:01:36    time: 0.0702  data: 0.0000  max mem: 2942
      Evaluation: [ 700/1978]  eta: 0:01:29    time: 0.0763  data: 0.0000  max mem: 2942
      Evaluation: [ 800/1978]  eta: 0:01:22    time: 0.0700  data: 0.0000  max mem: 2942
      Evaluation: [ 900/1978]  eta: 0:01:15    time: 0.0701  data: 0.0000  max mem: 2942
      Evaluation: [1000/1978]  eta: 0:01:08    time: 0.0700  data: 0.0000  max mem: 2942
      Evaluation: [1100/1978]  eta: 0:01:01    time: 0.0699  data: 0.0000  max mem: 2942
      Evaluation: [1200/1978]  eta: 0:00:54    time: 0.0700  data: 0.0000  max mem: 2942
      Evaluation: [1300/1978]  eta: 0:00:47    time: 0.0700  data: 0.0000  max mem: 2942
      Evaluation: [1400/1978]  eta: 0:00:40    time: 0.0699  data: 0.0000  max mem: 2942
      Evaluation: [1500/1978]  eta: 0:00:33    time: 0.0701  data: 0.0000  max mem: 2942
      Evaluation: [1600/1978]  eta: 0:00:26    time: 0.0699  data: 0.0000  max mem: 2942
      Evaluation: [1700/1978]  eta: 0:00:19    time: 0.0700  data: 0.0000  max mem: 2942
      Evaluation: [1800/1978]  eta: 0:00:12    time: 0.0700  data: 0.0000  max mem: 2942
      Evaluation: [1900/1978]  eta: 0:00:05    time: 0.0700  data: 0.0000  max mem: 2942
      Evaluation: [1977/1978]  eta: 0:00:00    time: 0.0700  data: 0.0000  max mem: 2942
      Evaluation: Total time: 0:02:18 (0.0701 s / it)
     Computing matching score time 0:02:18
### TTA ITM Score: 
+-------+--------+--------+--------+--------+--------+
| epoch |   R1   |   R5   |  R10   |  mAP   |  mINP  |
+-------+--------+--------+--------+--------+--------+
|  -999 | 69.414 | 95.197 | 97.776 | 81.233 | 81.233 |
|  -999 | 69.414 | 95.197 | 97.776 | 81.233 | 81.233 |
|  -999 | 84.277 | 99.039 | 99.596 | 91.276 | 91.276 |
|   0   | 84.985 | 98.787 | 99.393 | 91.541 | 91.541 |
|   1   | 84.580 | 98.787 | 99.393 | 91.360 | 91.360 |
|   2   | 84.732 | 98.736 | 99.494 | 91.437 | 91.437 |
|   3   | 85.035 | 98.888 | 99.596 | 91.635 | 91.635 |
|   4   | 84.985 | 98.736 | 99.494 | 91.592 | 91.592 |
|   5   | 85.086 | 98.736 | 99.545 | 91.660 | 91.660 |
|   6   | 85.035 | 98.787 | 99.545 | 91.647 | 91.647 |
|   7   | 85.086 | 98.736 | 99.545 | 91.657 | 91.657 |
|   8   | 85.035 | 98.837 | 99.545 | 91.642 | 91.642 |
|   9   | 85.137 | 98.736 | 99.545 | 91.678 | 91.678 |
|   10  | 85.187 | 98.787 | 99.545 | 91.724 | 91.724 |
|   11  | 84.934 | 98.736 | 99.545 | 91.581 | 91.581 |
|   12  | 84.985 | 98.736 | 99.494 | 91.617 | 91.617 |
|   13  | 84.934 | 98.787 | 99.596 | 91.582 | 91.582 |
|   14  | 85.035 | 98.787 | 99.545 | 91.610 | 91.610 |
|   15  | 85.086 | 98.837 | 99.494 | 91.638 | 91.638 |
|   16  | 85.187 | 98.837 | 99.494 | 91.680 | 91.680 |
|   17  | 85.187 | 98.837 | 99.444 | 91.688 | 91.688 |
|   18  | 85.238 | 98.837 | 99.444 | 91.697 | 91.697 |
|   19  | 85.288 | 98.837 | 99.444 | 91.725 | 91.725 |
|   20  | 85.288 | 98.837 | 99.494 | 91.732 | 91.732 |
|   21  | 85.288 | 98.837 | 99.494 | 91.740 | 91.740 |
|   22  | 85.288 | 98.837 | 99.494 | 91.737 | 91.737 |
|   23  | 85.339 | 98.837 | 99.444 | 91.752 | 91.752 |
|   24  | 85.339 | 98.837 | 99.545 | 91.758 | 91.758 |
|   25  | 85.339 | 98.837 | 99.545 | 91.757 | 91.757 |
|   26  | 85.339 | 98.837 | 99.545 | 91.757 | 91.757 |
|   27  | 85.339 | 98.837 | 99.545 | 91.775 | 91.775 |
|   28  | 85.339 | 98.837 | 99.545 | 91.766 | 91.766 |
+-------+--------+--------+--------+--------+--------+
     logs:  {'epo': 28, 'R1': 85.339, 'R5': 98.837, 'R10': 99.545, 'mAP': 91.766, 'mINP': 91.766, 'lr': 6e-06, 'entropy': 0.057981, 'loss': 0.057981, 'entr_unc': 0.057981, 'uncertainty': 1.0, 'uncertainty_multiply_coeffi': 1.0}
      TTA Epoch: [29] [  0/123]  eta: 0:00:52  lr: 0.000004  entropy: 0.0123  loss: 0.0123  entr_unc: 0.0123  uncertainty: 1.0000  uncertainty_multiply_coeffi: 1.0000  time: 0.4285  data: 0.2932  max mem: 2942
      TTA Epoch: [29] [100/123]  eta: 0:00:01  lr: 0.000001  entropy: 0.0141  loss: 0.0141  entr_unc: 0.0141  uncertainty: 1.0000  uncertainty_multiply_coeffi: 1.0000  time: 0.0573  data: 0.0044  max mem: 2942
      TTA Epoch: [29] [122/123]  eta: 0:00:00  lr: 0.000001  entropy: 0.0780  loss: 0.0780  entr_unc: 0.0780  uncertainty: 1.0000  uncertainty_multiply_coeffi: 1.0000  time: 0.0500  data: 0.0016  max mem: 2942
      TTA Epoch: [29] Total time: 0:00:07 (0.0615 s / it)
     Averaged stats: lr: 0.0000  entropy: 0.0656  loss: 0.0656  entr_unc: 0.0656  uncertainty: 1.0000  uncertainty_multiply_coeffi: 1.0000
     itm tta time 0:00:07
     Computing matching score
      Evaluation: [   0/1978]  eta: 0:02:32    time: 0.0773  data: 0.0034  max mem: 2942
      Evaluation: [ 100/1978]  eta: 0:02:11    time: 0.0705  data: 0.0000  max mem: 2942
      Evaluation: [ 200/1978]  eta: 0:02:04    time: 0.0704  data: 0.0000  max mem: 2942
      Evaluation: [ 300/1978]  eta: 0:01:57    time: 0.0700  data: 0.0000  max mem: 2942
      Evaluation: [ 400/1978]  eta: 0:01:50    time: 0.0700  data: 0.0000  max mem: 2942
      Evaluation: [ 500/1978]  eta: 0:01:43    time: 0.0700  data: 0.0000  max mem: 2942
      Evaluation: [ 600/1978]  eta: 0:01:36    time: 0.0700  data: 0.0000  max mem: 2942
      Evaluation: [ 700/1978]  eta: 0:01:29    time: 0.0700  data: 0.0000  max mem: 2942
      Evaluation: [ 800/1978]  eta: 0:01:22    time: 0.0700  data: 0.0000  max mem: 2942
      Evaluation: [ 900/1978]  eta: 0:01:15    time: 0.0701  data: 0.0000  max mem: 2942
      Evaluation: [1000/1978]  eta: 0:01:08    time: 0.0704  data: 0.0000  max mem: 2942
      Evaluation: [1100/1978]  eta: 0:01:01    time: 0.0701  data: 0.0000  max mem: 2942
      Evaluation: [1200/1978]  eta: 0:00:54    time: 0.0700  data: 0.0000  max mem: 2942
      Evaluation: [1300/1978]  eta: 0:00:47    time: 0.0701  data: 0.0000  max mem: 2942
      Evaluation: [1400/1978]  eta: 0:00:40    time: 0.0700  data: 0.0000  max mem: 2942
      Evaluation: [1500/1978]  eta: 0:00:33    time: 0.0701  data: 0.0000  max mem: 2942
      Evaluation: [1600/1978]  eta: 0:00:26    time: 0.0701  data: 0.0000  max mem: 2942
      Evaluation: [1700/1978]  eta: 0:00:19    time: 0.0700  data: 0.0000  max mem: 2942
      Evaluation: [1800/1978]  eta: 0:00:12    time: 0.0706  data: 0.0000  max mem: 2942
      Evaluation: [1900/1978]  eta: 0:00:05    time: 0.0701  data: 0.0000  max mem: 2942
      Evaluation: [1977/1978]  eta: 0:00:00    time: 0.0701  data: 0.0000  max mem: 2942
      Evaluation: Total time: 0:02:18 (0.0701 s / it)
     Computing matching score time 0:02:18
### TTA ITM Score: 
+-------+--------+--------+--------+--------+--------+
| epoch |   R1   |   R5   |  R10   |  mAP   |  mINP  |
+-------+--------+--------+--------+--------+--------+
|  -999 | 69.414 | 95.197 | 97.776 | 81.233 | 81.233 |
|  -999 | 69.414 | 95.197 | 97.776 | 81.233 | 81.233 |
|  -999 | 84.277 | 99.039 | 99.596 | 91.276 | 91.276 |
|   0   | 84.985 | 98.787 | 99.393 | 91.541 | 91.541 |
|   1   | 84.580 | 98.787 | 99.393 | 91.360 | 91.360 |
|   2   | 84.732 | 98.736 | 99.494 | 91.437 | 91.437 |
|   3   | 85.035 | 98.888 | 99.596 | 91.635 | 91.635 |
|   4   | 84.985 | 98.736 | 99.494 | 91.592 | 91.592 |
|   5   | 85.086 | 98.736 | 99.545 | 91.660 | 91.660 |
|   6   | 85.035 | 98.787 | 99.545 | 91.647 | 91.647 |
|   7   | 85.086 | 98.736 | 99.545 | 91.657 | 91.657 |
|   8   | 85.035 | 98.837 | 99.545 | 91.642 | 91.642 |
|   9   | 85.137 | 98.736 | 99.545 | 91.678 | 91.678 |
|   10  | 85.187 | 98.787 | 99.545 | 91.724 | 91.724 |
|   11  | 84.934 | 98.736 | 99.545 | 91.581 | 91.581 |
|   12  | 84.985 | 98.736 | 99.494 | 91.617 | 91.617 |
|   13  | 84.934 | 98.787 | 99.596 | 91.582 | 91.582 |
|   14  | 85.035 | 98.787 | 99.545 | 91.610 | 91.610 |
|   15  | 85.086 | 98.837 | 99.494 | 91.638 | 91.638 |
|   16  | 85.187 | 98.837 | 99.494 | 91.680 | 91.680 |
|   17  | 85.187 | 98.837 | 99.444 | 91.688 | 91.688 |
|   18  | 85.238 | 98.837 | 99.444 | 91.697 | 91.697 |
|   19  | 85.288 | 98.837 | 99.444 | 91.725 | 91.725 |
|   20  | 85.288 | 98.837 | 99.494 | 91.732 | 91.732 |
|   21  | 85.288 | 98.837 | 99.494 | 91.740 | 91.740 |
|   22  | 85.288 | 98.837 | 99.494 | 91.737 | 91.737 |
|   23  | 85.339 | 98.837 | 99.444 | 91.752 | 91.752 |
|   24  | 85.339 | 98.837 | 99.545 | 91.758 | 91.758 |
|   25  | 85.339 | 98.837 | 99.545 | 91.757 | 91.757 |
|   26  | 85.339 | 98.837 | 99.545 | 91.757 | 91.757 |
|   27  | 85.339 | 98.837 | 99.545 | 91.775 | 91.775 |
|   28  | 85.339 | 98.837 | 99.545 | 91.766 | 91.766 |
|   29  | 85.339 | 98.837 | 99.545 | 91.766 | 91.766 |
+-------+--------+--------+--------+--------+--------+
     logs:  {'epo': 29, 'R1': 85.339, 'R5': 98.837, 'R10': 99.545, 'mAP': 91.766, 'mINP': 91.766, 'lr': 3e-06, 'entropy': 0.065572, 'loss': 0.065572, 'entr_unc': 0.065572, 'uncertainty': 1.0, 'uncertainty_multiply_coeffi': 1.0}
### best epoch: 23
### Time 1:13:32
NNODES,  1
NODE_RANK,  0
MASTER_ADDR,  127.0.0.1
MASTER_PORT,  1612
NPROC_PER_NODE,  2
task:  tta_exp6.3.2
config:  configs/tta_exp6.3.2.yaml
output_dir:  output_rerun2/tta_exp6.3.2/2025091216571
python3 tta.py --config configs/tta_exp6.3.2.yaml --task tta_exp6.3.2 --output_dir output_rerun2/tta_exp6.3.2/2025091216571 --checkpoint checkpoint/cmp.pth --bs 0 --epo 0 --lr 0.0 --seed 42 --tta
