/home/user/yc57963/miniconda3/envs/cmp/lib/python3.10/site-packages/torch/utils/data/dataloader.py:627: UserWarning: This DataLoader will create 4 worker processes in total. Our suggested max number of worker in current system is 2, which is smaller than what this DataLoader is going to create. Please be aware that excessive worker creation might get DataLoader running slow or even freeze, lower the worker number to avoid potential slowness/freeze if necessary.
  warnings.warn(
/home/user/yc57963/miniconda3/envs/cmp/lib/python3.10/site-packages/torch/functional.py:554: UserWarning: torch.meshgrid: in an upcoming release, it will be required to pass the indexing argument. (Triggered internally at /pytorch/aten/src/ATen/native/TensorShape.cpp:4322.)
  return _VF.meshgrid(tensors, **kwargs)  # type: ignore[attr-defined]
Not using distributed mode
### Hyper-parameters:
     seed: 42
     device: cuda
     output_dir: output_rerun2/tta_exp6.2/2025091210505
     batch_size_tta: 16
     epochs: 30
     lr: 0.001
### Creating test dataset
from data/PAB/annotation/test/attr.json loading 1978 data
     test dataset -->    be_pose_img: True
     test_dataset: 1978
### Creating test dataloader
### be careful: func create_loader returns a list length of 1
     test_loader: 90
### Creating model
build_vision_encoder: load swin 224 x 224 ====>
missing_keys:  []
unexpected_keys:  ['head.weight', 'head.bias']
/home/user/yc57963/task/CMP/eval.py:123: UserWarning: To copy construct from a tensor, it is recommended to use sourceTensor.detach().clone() or sourceTensor.detach().clone().requires_grad_(True), rather than torch.tensor(sourceTensor).
  similarity = torch.tensor(scores_t2i)
build_text_encoder: load bert ====>
missing_keys: ['bert.encoder.layer.10.crossattention.output.LayerNorm.bias', 'bert.encoder.layer.10.crossattention.output.LayerNorm.weight', 'bert.encoder.layer.10.crossattention.output.dense.bias', 'bert.encoder.layer.10.crossattention.output.dense.weight', 'bert.encoder.layer.10.crossattention.self.key.bias', 'bert.encoder.layer.10.crossattention.self.key.weight', 'bert.encoder.layer.10.crossattention.self.query.bias', 'bert.encoder.layer.10.crossattention.self.query.weight', 'bert.encoder.layer.10.crossattention.self.value.bias', 'bert.encoder.layer.10.crossattention.self.value.weight', 'bert.encoder.layer.11.crossattention.output.LayerNorm.bias', 'bert.encoder.layer.11.crossattention.output.LayerNorm.weight', 'bert.encoder.layer.11.crossattention.output.dense.bias', 'bert.encoder.layer.11.crossattention.output.dense.weight', 'bert.encoder.layer.11.crossattention.self.key.bias', 'bert.encoder.layer.11.crossattention.self.key.weight', 'bert.encoder.layer.11.crossattention.self.query.bias', 'bert.encoder.layer.11.crossattention.self.query.weight', 'bert.encoder.layer.11.crossattention.self.value.bias', 'bert.encoder.layer.11.crossattention.self.value.weight', 'bert.encoder.layer.6.crossattention.output.LayerNorm.bias', 'bert.encoder.layer.6.crossattention.output.LayerNorm.weight', 'bert.encoder.layer.6.crossattention.output.dense.bias', 'bert.encoder.layer.6.crossattention.output.dense.weight', 'bert.encoder.layer.6.crossattention.self.key.bias', 'bert.encoder.layer.6.crossattention.self.key.weight', 'bert.encoder.layer.6.crossattention.self.query.bias', 'bert.encoder.layer.6.crossattention.self.query.weight', 'bert.encoder.layer.6.crossattention.self.value.bias', 'bert.encoder.layer.6.crossattention.self.value.weight', 'bert.encoder.layer.7.crossattention.output.LayerNorm.bias', 'bert.encoder.layer.7.crossattention.output.LayerNorm.weight', 'bert.encoder.layer.7.crossattention.output.dense.bias', 'bert.encoder.layer.7.crossattention.output.dense.weight', 'bert.encoder.layer.7.crossattention.self.key.bias', 'bert.encoder.layer.7.crossattention.self.key.weight', 'bert.encoder.layer.7.crossattention.self.query.bias', 'bert.encoder.layer.7.crossattention.self.query.weight', 'bert.encoder.layer.7.crossattention.self.value.bias', 'bert.encoder.layer.7.crossattention.self.value.weight', 'bert.encoder.layer.8.crossattention.output.LayerNorm.bias', 'bert.encoder.layer.8.crossattention.output.LayerNorm.weight', 'bert.encoder.layer.8.crossattention.output.dense.bias', 'bert.encoder.layer.8.crossattention.output.dense.weight', 'bert.encoder.layer.8.crossattention.self.key.bias', 'bert.encoder.layer.8.crossattention.self.key.weight', 'bert.encoder.layer.8.crossattention.self.query.bias', 'bert.encoder.layer.8.crossattention.self.query.weight', 'bert.encoder.layer.8.crossattention.self.value.bias', 'bert.encoder.layer.8.crossattention.self.value.weight', 'bert.encoder.layer.9.crossattention.output.LayerNorm.bias', 'bert.encoder.layer.9.crossattention.output.LayerNorm.weight', 'bert.encoder.layer.9.crossattention.output.dense.bias', 'bert.encoder.layer.9.crossattention.output.dense.weight', 'bert.encoder.layer.9.crossattention.self.key.bias', 'bert.encoder.layer.9.crossattention.self.key.weight', 'bert.encoder.layer.9.crossattention.self.query.bias', 'bert.encoder.layer.9.crossattention.self.query.weight', 'bert.encoder.layer.9.crossattention.self.value.bias', 'bert.encoder.layer.9.crossattention.self.value.weight']
unexpected_keys: ['cls.seq_relationship.bias', 'cls.seq_relationship.weight']
mismatched_keys: []
error_msgs: []
Label Smooth: 0.2
pose_conv
load checkpoint from checkpoint/cmp.pth
missing_keys:  ['uncertainty_temper', 'prompt_learning_embedding']
unexpected_keys:  []
     Total Params Sum:  254267289
### Inference ITC similiarity matrix
### Zero-Shot ITC Score: 
+-------+--------+--------+--------+--------+--------+
| epoch |   R1   |   R5   |  R10   |  mAP   |  mINP  |
+-------+--------+--------+--------+--------+--------+
|  -999 | 69.414 | 95.197 | 97.776 | 81.233 | 81.233 |
+-------+--------+--------+--------+--------+--------+
### Zero-Shot Score: 
+-------+--------+--------+--------+--------+--------+
| epoch |   R1   |   R5   |  R10   |  mAP   |  mINP  |
+-------+--------+--------+--------+--------+--------+
|  -999 | 69.414 | 95.197 | 97.776 | 81.233 | 81.233 |
|  -999 | 69.414 | 95.197 | 97.776 | 81.233 | 81.233 |
|  -999 | 84.277 | 99.039 | 99.596 | 91.276 | 91.276 |
+-------+--------+--------+--------+--------+--------+
### TTA:
     preprocess_tta_coefficients  start
     sample selection ...
     number of sample after sample_selection: 1978
     uncertainty ...
     preprocess_tta_coefficients  end
### Creating tta dataset
     tta_dataset: 1978
### Creating tta dataloader
### be careful: func create_loader returns a list length of 1
     tta_loader: 123
### Configure adapted weights
     TTA Dropout Modules: 
 [('vision_encoder.pos_drop', Dropout(p=0, inplace=False), True), ('vision_encoder.layers.0.blocks.0.attn.attn_drop', Dropout(p=0.0, inplace=False), True), ('vision_encoder.layers.0.blocks.0.attn.proj_drop', Dropout(p=0, inplace=False), True), ('vision_encoder.layers.0.blocks.0.mlp.drop', Dropout(p=0, inplace=False), True), ('vision_encoder.layers.0.blocks.1.attn.attn_drop', Dropout(p=0.0, inplace=False), True), ('vision_encoder.layers.0.blocks.1.attn.proj_drop', Dropout(p=0, inplace=False), True), ('vision_encoder.layers.0.blocks.1.mlp.drop', Dropout(p=0, inplace=False), True), ('vision_encoder.layers.1.blocks.0.attn.attn_drop', Dropout(p=0.0, inplace=False), True), ('vision_encoder.layers.1.blocks.0.attn.proj_drop', Dropout(p=0, inplace=False), True), ('vision_encoder.layers.1.blocks.0.mlp.drop', Dropout(p=0, inplace=False), True), ('vision_encoder.layers.1.blocks.1.attn.attn_drop', Dropout(p=0.0, inplace=False), True), ('vision_encoder.layers.1.blocks.1.attn.proj_drop', Dropout(p=0, inplace=False), True), ('vision_encoder.layers.1.blocks.1.mlp.drop', Dropout(p=0, inplace=False), True), ('vision_encoder.layers.2.blocks.0.attn.attn_drop', Dropout(p=0.0, inplace=False), True), ('vision_encoder.layers.2.blocks.0.attn.proj_drop', Dropout(p=0, inplace=False), True), ('vision_encoder.layers.2.blocks.0.mlp.drop', Dropout(p=0, inplace=False), True), ('vision_encoder.layers.2.blocks.1.attn.attn_drop', Dropout(p=0.0, inplace=False), True), ('vision_encoder.layers.2.blocks.1.attn.proj_drop', Dropout(p=0, inplace=False), True), ('vision_encoder.layers.2.blocks.1.mlp.drop', Dropout(p=0, inplace=False), True), ('vision_encoder.layers.2.blocks.2.attn.attn_drop', Dropout(p=0.0, inplace=False), True), ('vision_encoder.layers.2.blocks.2.attn.proj_drop', Dropout(p=0, inplace=False), True), ('vision_encoder.layers.2.blocks.2.mlp.drop', Dropout(p=0, inplace=False), True), ('vision_encoder.layers.2.blocks.3.attn.attn_drop', Dropout(p=0.0, inplace=False), True), ('vision_encoder.layers.2.blocks.3.attn.proj_drop', Dropout(p=0, inplace=False), True), ('vision_encoder.layers.2.blocks.3.mlp.drop', Dropout(p=0, inplace=False), True), ('vision_encoder.layers.2.blocks.4.attn.attn_drop', Dropout(p=0.0, inplace=False), True), ('vision_encoder.layers.2.blocks.4.attn.proj_drop', Dropout(p=0, inplace=False), True), ('vision_encoder.layers.2.blocks.4.mlp.drop', Dropout(p=0, inplace=False), True), ('vision_encoder.layers.2.blocks.5.attn.attn_drop', Dropout(p=0.0, inplace=False), True), ('vision_encoder.layers.2.blocks.5.attn.proj_drop', Dropout(p=0, inplace=False), True), ('vision_encoder.layers.2.blocks.5.mlp.drop', Dropout(p=0, inplace=False), True), ('vision_encoder.layers.2.blocks.6.attn.attn_drop', Dropout(p=0.0, inplace=False), True), ('vision_encoder.layers.2.blocks.6.attn.proj_drop', Dropout(p=0, inplace=False), True), ('vision_encoder.layers.2.blocks.6.mlp.drop', Dropout(p=0, inplace=False), True), ('vision_encoder.layers.2.blocks.7.attn.attn_drop', Dropout(p=0.0, inplace=False), True), ('vision_encoder.layers.2.blocks.7.attn.proj_drop', Dropout(p=0, inplace=False), True), ('vision_encoder.layers.2.blocks.7.mlp.drop', Dropout(p=0, inplace=False), True), ('vision_encoder.layers.2.blocks.8.attn.attn_drop', Dropout(p=0.0, inplace=False), True), ('vision_encoder.layers.2.blocks.8.attn.proj_drop', Dropout(p=0, inplace=False), True), ('vision_encoder.layers.2.blocks.8.mlp.drop', Dropout(p=0, inplace=False), True), ('vision_encoder.layers.2.blocks.9.attn.attn_drop', Dropout(p=0.0, inplace=False), True), ('vision_encoder.layers.2.blocks.9.attn.proj_drop', Dropout(p=0, inplace=False), True), ('vision_encoder.layers.2.blocks.9.mlp.drop', Dropout(p=0, inplace=False), True), ('vision_encoder.layers.2.blocks.10.attn.attn_drop', Dropout(p=0.0, inplace=False), True), ('vision_encoder.layers.2.blocks.10.attn.proj_drop', Dropout(p=0, inplace=False), True), ('vision_encoder.layers.2.blocks.10.mlp.drop', Dropout(p=0, inplace=False), True), ('vision_encoder.layers.2.blocks.11.attn.attn_drop', Dropout(p=0.0, inplace=False), True), ('vision_encoder.layers.2.blocks.11.attn.proj_drop', Dropout(p=0, inplace=False), True), ('vision_encoder.layers.2.blocks.11.mlp.drop', Dropout(p=0, inplace=False), True), ('vision_encoder.layers.2.blocks.12.attn.attn_drop', Dropout(p=0.0, inplace=False), True), ('vision_encoder.layers.2.blocks.12.attn.proj_drop', Dropout(p=0, inplace=False), True), ('vision_encoder.layers.2.blocks.12.mlp.drop', Dropout(p=0, inplace=False), True), ('vision_encoder.layers.2.blocks.13.attn.attn_drop', Dropout(p=0.0, inplace=False), True), ('vision_encoder.layers.2.blocks.13.attn.proj_drop', Dropout(p=0, inplace=False), True), ('vision_encoder.layers.2.blocks.13.mlp.drop', Dropout(p=0, inplace=False), True), ('vision_encoder.layers.2.blocks.14.attn.attn_drop', Dropout(p=0.0, inplace=False), True), ('vision_encoder.layers.2.blocks.14.attn.proj_drop', Dropout(p=0, inplace=False), True), ('vision_encoder.layers.2.blocks.14.mlp.drop', Dropout(p=0, inplace=False), True), ('vision_encoder.layers.2.blocks.15.attn.attn_drop', Dropout(p=0.0, inplace=False), True), ('vision_encoder.layers.2.blocks.15.attn.proj_drop', Dropout(p=0, inplace=False), True), ('vision_encoder.layers.2.blocks.15.mlp.drop', Dropout(p=0, inplace=False), True), ('vision_encoder.layers.2.blocks.16.attn.attn_drop', Dropout(p=0.0, inplace=False), True), ('vision_encoder.layers.2.blocks.16.attn.proj_drop', Dropout(p=0, inplace=False), True), ('vision_encoder.layers.2.blocks.16.mlp.drop', Dropout(p=0, inplace=False), True), ('vision_encoder.layers.2.blocks.17.attn.attn_drop', Dropout(p=0.0, inplace=False), True), ('vision_encoder.layers.2.blocks.17.attn.proj_drop', Dropout(p=0, inplace=False), True), ('vision_encoder.layers.2.blocks.17.mlp.drop', Dropout(p=0, inplace=False), True), ('vision_encoder.layers.3.blocks.0.attn.attn_drop', Dropout(p=0.0, inplace=False), True), ('vision_encoder.layers.3.blocks.0.attn.proj_drop', Dropout(p=0, inplace=False), True), ('vision_encoder.layers.3.blocks.0.mlp.drop', Dropout(p=0, inplace=False), True), ('vision_encoder.layers.3.blocks.1.attn.attn_drop', Dropout(p=0.0, inplace=False), True), ('vision_encoder.layers.3.blocks.1.attn.proj_drop', Dropout(p=0, inplace=False), True), ('vision_encoder.layers.3.blocks.1.mlp.drop', Dropout(p=0, inplace=False), True), ('text_encoder.bert.embeddings.dropout', Dropout(p=0.1, inplace=False), True), ('text_encoder.bert.encoder.layer.0.attention.self.dropout', Dropout(p=0.1, inplace=False), True), ('text_encoder.bert.encoder.layer.0.attention.output.dropout', Dropout(p=0.1, inplace=False), True), ('text_encoder.bert.encoder.layer.0.output.dropout', Dropout(p=0.1, inplace=False), True), ('text_encoder.bert.encoder.layer.1.attention.self.dropout', Dropout(p=0.1, inplace=False), True), ('text_encoder.bert.encoder.layer.1.attention.output.dropout', Dropout(p=0.1, inplace=False), True), ('text_encoder.bert.encoder.layer.1.output.dropout', Dropout(p=0.1, inplace=False), True), ('text_encoder.bert.encoder.layer.2.attention.self.dropout', Dropout(p=0.1, inplace=False), True), ('text_encoder.bert.encoder.layer.2.attention.output.dropout', Dropout(p=0.1, inplace=False), True), ('text_encoder.bert.encoder.layer.2.output.dropout', Dropout(p=0.1, inplace=False), True), ('text_encoder.bert.encoder.layer.3.attention.self.dropout', Dropout(p=0.1, inplace=False), True), ('text_encoder.bert.encoder.layer.3.attention.output.dropout', Dropout(p=0.1, inplace=False), True), ('text_encoder.bert.encoder.layer.3.output.dropout', Dropout(p=0.1, inplace=False), True), ('text_encoder.bert.encoder.layer.4.attention.self.dropout', Dropout(p=0.1, inplace=False), True), ('text_encoder.bert.encoder.layer.4.attention.output.dropout', Dropout(p=0.1, inplace=False), True), ('text_encoder.bert.encoder.layer.4.output.dropout', Dropout(p=0.1, inplace=False), True), ('text_encoder.bert.encoder.layer.5.attention.self.dropout', Dropout(p=0.1, inplace=False), True), ('text_encoder.bert.encoder.layer.5.attention.output.dropout', Dropout(p=0.1, inplace=False), True), ('text_encoder.bert.encoder.layer.5.output.dropout', Dropout(p=0.1, inplace=False), True), ('text_encoder.bert.encoder.layer.6.attention.self.dropout', Dropout(p=0.1, inplace=False), True), ('text_encoder.bert.encoder.layer.6.attention.output.dropout', Dropout(p=0.1, inplace=False), True), ('text_encoder.bert.encoder.layer.6.crossattention.self.dropout', Dropout(p=0.1, inplace=False), True), ('text_encoder.bert.encoder.layer.6.crossattention.output.dropout', Dropout(p=0.1, inplace=False), True), ('text_encoder.bert.encoder.layer.6.output.dropout', Dropout(p=0.1, inplace=False), True), ('text_encoder.bert.encoder.layer.7.attention.self.dropout', Dropout(p=0.1, inplace=False), True), ('text_encoder.bert.encoder.layer.7.attention.output.dropout', Dropout(p=0.1, inplace=False), True), ('text_encoder.bert.encoder.layer.7.crossattention.self.dropout', Dropout(p=0.1, inplace=False), True), ('text_encoder.bert.encoder.layer.7.crossattention.output.dropout', Dropout(p=0.1, inplace=False), True), ('text_encoder.bert.encoder.layer.7.output.dropout', Dropout(p=0.1, inplace=False), True), ('text_encoder.bert.encoder.layer.8.attention.self.dropout', Dropout(p=0.1, inplace=False), True), ('text_encoder.bert.encoder.layer.8.attention.output.dropout', Dropout(p=0.1, inplace=False), True), ('text_encoder.bert.encoder.layer.8.crossattention.self.dropout', Dropout(p=0.1, inplace=False), True), ('text_encoder.bert.encoder.layer.8.crossattention.output.dropout', Dropout(p=0.1, inplace=False), True), ('text_encoder.bert.encoder.layer.8.output.dropout', Dropout(p=0.1, inplace=False), True), ('text_encoder.bert.encoder.layer.9.attention.self.dropout', Dropout(p=0.1, inplace=False), True), ('text_encoder.bert.encoder.layer.9.attention.output.dropout', Dropout(p=0.1, inplace=False), True), ('text_encoder.bert.encoder.layer.9.crossattention.self.dropout', Dropout(p=0.1, inplace=False), True), ('text_encoder.bert.encoder.layer.9.crossattention.output.dropout', Dropout(p=0.1, inplace=False), True), ('text_encoder.bert.encoder.layer.9.output.dropout', Dropout(p=0.1, inplace=False), True), ('text_encoder.bert.encoder.layer.10.attention.self.dropout', Dropout(p=0.1, inplace=False), True), ('text_encoder.bert.encoder.layer.10.attention.output.dropout', Dropout(p=0.1, inplace=False), True), ('text_encoder.bert.encoder.layer.10.crossattention.self.dropout', Dropout(p=0.1, inplace=False), True), ('text_encoder.bert.encoder.layer.10.crossattention.output.dropout', Dropout(p=0.1, inplace=False), True), ('text_encoder.bert.encoder.layer.10.output.dropout', Dropout(p=0.1, inplace=False), True), ('text_encoder.bert.encoder.layer.11.attention.self.dropout', Dropout(p=0.1, inplace=False), True), ('text_encoder.bert.encoder.layer.11.attention.output.dropout', Dropout(p=0.1, inplace=False), True), ('text_encoder.bert.encoder.layer.11.crossattention.self.dropout', Dropout(p=0.1, inplace=False), True), ('text_encoder.bert.encoder.layer.11.crossattention.output.dropout', Dropout(p=0.1, inplace=False), True), ('text_encoder.bert.encoder.layer.11.output.dropout', Dropout(p=0.1, inplace=False), True), ('vision_proj.1', Dropout(p=0.5, inplace=False), True), ('text_proj.1', Dropout(p=0.5, inplace=False), True), ('pose_block.attn.attn_drop', Dropout(p=0.0, inplace=False), True), ('pose_block.attn.proj_drop', Dropout(p=0.0, inplace=False), True)]
     TTA Require Gradient Params: 
 [('prompt_learning_embedding', torch.Size([1, 4, 768])), ('text_encoder.bert.embeddings.LayerNorm.weight', torch.Size([768])), ('text_encoder.bert.embeddings.LayerNorm.bias', torch.Size([768])), ('text_encoder.bert.encoder.layer.6.attention.output.LayerNorm.weight', torch.Size([768])), ('text_encoder.bert.encoder.layer.6.attention.output.LayerNorm.bias', torch.Size([768])), ('text_encoder.bert.encoder.layer.6.crossattention.output.LayerNorm.weight', torch.Size([768])), ('text_encoder.bert.encoder.layer.6.crossattention.output.LayerNorm.bias', torch.Size([768])), ('text_encoder.bert.encoder.layer.6.output.LayerNorm.weight', torch.Size([768])), ('text_encoder.bert.encoder.layer.6.output.LayerNorm.bias', torch.Size([768])), ('text_encoder.bert.encoder.layer.7.attention.output.LayerNorm.weight', torch.Size([768])), ('text_encoder.bert.encoder.layer.7.attention.output.LayerNorm.bias', torch.Size([768])), ('text_encoder.bert.encoder.layer.7.crossattention.output.LayerNorm.weight', torch.Size([768])), ('text_encoder.bert.encoder.layer.7.crossattention.output.LayerNorm.bias', torch.Size([768])), ('text_encoder.bert.encoder.layer.7.output.LayerNorm.weight', torch.Size([768])), ('text_encoder.bert.encoder.layer.7.output.LayerNorm.bias', torch.Size([768])), ('text_encoder.bert.encoder.layer.8.attention.output.LayerNorm.weight', torch.Size([768])), ('text_encoder.bert.encoder.layer.8.attention.output.LayerNorm.bias', torch.Size([768])), ('text_encoder.bert.encoder.layer.8.crossattention.output.LayerNorm.weight', torch.Size([768])), ('text_encoder.bert.encoder.layer.8.crossattention.output.LayerNorm.bias', torch.Size([768])), ('text_encoder.bert.encoder.layer.8.output.LayerNorm.weight', torch.Size([768])), ('text_encoder.bert.encoder.layer.8.output.LayerNorm.bias', torch.Size([768])), ('text_encoder.bert.encoder.layer.9.attention.output.LayerNorm.weight', torch.Size([768])), ('text_encoder.bert.encoder.layer.9.attention.output.LayerNorm.bias', torch.Size([768])), ('text_encoder.bert.encoder.layer.9.crossattention.output.LayerNorm.weight', torch.Size([768])), ('text_encoder.bert.encoder.layer.9.crossattention.output.LayerNorm.bias', torch.Size([768])), ('text_encoder.bert.encoder.layer.9.output.LayerNorm.weight', torch.Size([768])), ('text_encoder.bert.encoder.layer.9.output.LayerNorm.bias', torch.Size([768])), ('text_encoder.bert.encoder.layer.10.attention.output.LayerNorm.weight', torch.Size([768])), ('text_encoder.bert.encoder.layer.10.attention.output.LayerNorm.bias', torch.Size([768])), ('text_encoder.bert.encoder.layer.10.crossattention.output.LayerNorm.weight', torch.Size([768])), ('text_encoder.bert.encoder.layer.10.crossattention.output.LayerNorm.bias', torch.Size([768])), ('text_encoder.bert.encoder.layer.10.output.LayerNorm.weight', torch.Size([768])), ('text_encoder.bert.encoder.layer.10.output.LayerNorm.bias', torch.Size([768])), ('text_encoder.bert.encoder.layer.11.attention.output.LayerNorm.weight', torch.Size([768])), ('text_encoder.bert.encoder.layer.11.attention.output.LayerNorm.bias', torch.Size([768])), ('text_encoder.bert.encoder.layer.11.crossattention.output.LayerNorm.weight', torch.Size([768])), ('text_encoder.bert.encoder.layer.11.crossattention.output.LayerNorm.bias', torch.Size([768])), ('text_encoder.bert.encoder.layer.11.output.LayerNorm.weight', torch.Size([768])), ('text_encoder.bert.encoder.layer.11.output.LayerNorm.bias', torch.Size([768])), ('text_encoder.cls.predictions.transform.LayerNorm.weight', torch.Size([768])), ('text_encoder.cls.predictions.transform.LayerNorm.bias', torch.Size([768])), ('itm_head.1.weight', torch.Size([1536])), ('itm_head.1.bias', torch.Size([1536]))]
     TTA Dropout Modules Number: 
 126
     TTA Require Gradient Params Sum: 
 36864
     lr:  0.001    lr_mult:  2
     model has 'init_params',  385
     num_tta_steps:  3720
     num_warmup_steps:  100
     sched: step
/home/user/yc57963/task/CMP/tta.py:213: FutureWarning: `torch.cuda.amp.GradScaler(args...)` is deprecated. Please use `torch.amp.GradScaler('cuda', args...)` instead.
  scaler = GradScaler()  # bf16
### Start ITM Test Time Adaptation
      TTA Epoch: [0] [  0/123]  eta: 0:02:13  lr: 0.000010  entropy: 0.5262  loss: 0.5262  entr_unc: 0.5262  uncertainty: 1.0000  uncertainty_multiply_coeffi: 1.0000  time: 1.0821  data: 0.5521  max mem: 2843
      TTA Epoch: [0] [100/123]  eta: 0:00:01  lr: 0.001000  entropy: 0.1629  loss: 0.1629  entr_unc: 0.1629  uncertainty: 1.0000  uncertainty_multiply_coeffi: 1.0000  time: 0.0543  data: 0.0036  max mem: 2876
      TTA Epoch: [0] [122/123]  eta: 0:00:00  lr: 0.000994  entropy: 0.2775  loss: 0.2775  entr_unc: 0.2775  uncertainty: 1.0000  uncertainty_multiply_coeffi: 1.0000  time: 0.0489  data: 0.0033  max mem: 2876
      TTA Epoch: [0] Total time: 0:00:07 (0.0634 s / it)
     Averaged stats: lr: 0.0006  entropy: 0.3017  loss: 0.3017  entr_unc: 0.3017  uncertainty: 1.0000  uncertainty_multiply_coeffi: 1.0000
     itm tta time 0:00:07
     Computing matching score
      Evaluation: [   0/1978]  eta: 0:09:21    time: 0.2839  data: 0.1621  max mem: 2876
      Evaluation: [ 100/1978]  eta: 0:02:13    time: 0.0695  data: 0.0000  max mem: 2876
      Evaluation: [ 200/1978]  eta: 0:02:04    time: 0.0693  data: 0.0000  max mem: 2876
      Evaluation: [ 300/1978]  eta: 0:01:57    time: 0.0698  data: 0.0000  max mem: 2876
      Evaluation: [ 400/1978]  eta: 0:01:49    time: 0.0688  data: 0.0000  max mem: 2876
      Evaluation: [ 500/1978]  eta: 0:01:42    time: 0.0688  data: 0.0000  max mem: 2876
      Evaluation: [ 600/1978]  eta: 0:01:35    time: 0.0691  data: 0.0000  max mem: 2876
      Evaluation: [ 700/1978]  eta: 0:01:28    time: 0.0694  data: 0.0000  max mem: 2876
      Evaluation: [ 800/1978]  eta: 0:01:21    time: 0.0694  data: 0.0000  max mem: 2876
      Evaluation: [ 900/1978]  eta: 0:01:14    time: 0.0692  data: 0.0000  max mem: 2876
      Evaluation: [1000/1978]  eta: 0:01:08    time: 0.0702  data: 0.0000  max mem: 2876
      Evaluation: [1100/1978]  eta: 0:01:01    time: 0.0691  data: 0.0000  max mem: 2876
      Evaluation: [1200/1978]  eta: 0:00:54    time: 0.0691  data: 0.0000  max mem: 2876
      Evaluation: [1300/1978]  eta: 0:00:47    time: 0.0701  data: 0.0000  max mem: 2876
      Evaluation: [1400/1978]  eta: 0:00:40    time: 0.0691  data: 0.0000  max mem: 2876
      Evaluation: [1500/1978]  eta: 0:00:33    time: 0.0700  data: 0.0000  max mem: 2876
      Evaluation: [1600/1978]  eta: 0:00:26    time: 0.0694  data: 0.0000  max mem: 2876
      Evaluation: [1700/1978]  eta: 0:00:19    time: 0.0692  data: 0.0000  max mem: 2876
      Evaluation: [1800/1978]  eta: 0:00:12    time: 0.0775  data: 0.0000  max mem: 2876
      Evaluation: [1900/1978]  eta: 0:00:05    time: 0.0692  data: 0.0000  max mem: 2876
      Evaluation: [1977/1978]  eta: 0:00:00    time: 0.0698  data: 0.0000  max mem: 2876
      Evaluation: Total time: 0:02:17 (0.0697 s / it)
     Computing matching score time 0:02:18
### TTA ITM Score: 
+-------+--------+--------+--------+--------+--------+
| epoch |   R1   |   R5   |  R10   |  mAP   |  mINP  |
+-------+--------+--------+--------+--------+--------+
|  -999 | 69.414 | 95.197 | 97.776 | 81.233 | 81.233 |
|  -999 | 69.414 | 95.197 | 97.776 | 81.233 | 81.233 |
|  -999 | 84.277 | 99.039 | 99.596 | 91.276 | 91.276 |
|   0   | 85.137 | 98.938 | 99.494 | 91.667 | 91.667 |
+-------+--------+--------+--------+--------+--------+
     logs:  {'epo': 0, 'R1': 85.137, 'R5': 98.938, 'R10': 99.494, 'mAP': 91.667, 'mINP': 91.667, 'lr': 0.000597, 'entropy': 0.301738, 'loss': 0.301738, 'entr_unc': 0.301738, 'uncertainty': 1.0, 'uncertainty_multiply_coeffi': 1.0}
      TTA Epoch: [1] [  0/123]  eta: 0:01:02  lr: 0.000993  entropy: 0.3163  loss: 0.3163  entr_unc: 0.3163  uncertainty: 1.0000  uncertainty_multiply_coeffi: 1.0000  time: 0.5063  data: 0.3441  max mem: 2876
      TTA Epoch: [1] [100/123]  eta: 0:00:01  lr: 0.000966  entropy: 0.1676  loss: 0.1676  entr_unc: 0.1676  uncertainty: 1.0000  uncertainty_multiply_coeffi: 1.0000  time: 0.0591  data: 0.0026  max mem: 2876
      TTA Epoch: [1] [122/123]  eta: 0:00:00  lr: 0.000960  entropy: 0.0577  loss: 0.0577  entr_unc: 0.0577  uncertainty: 1.0000  uncertainty_multiply_coeffi: 1.0000  time: 0.0494  data: 0.0032  max mem: 2876
      TTA Epoch: [1] Total time: 0:00:07 (0.0614 s / it)
     Averaged stats: lr: 0.0010  entropy: 0.1410  loss: 0.1410  entr_unc: 0.1410  uncertainty: 1.0000  uncertainty_multiply_coeffi: 1.0000
     itm tta time 0:00:07
     Computing matching score
      Evaluation: [   0/1978]  eta: 0:02:25    time: 0.0735  data: 0.0032  max mem: 2876
      Evaluation: [ 100/1978]  eta: 0:02:09    time: 0.0689  data: 0.0000  max mem: 2876
      Evaluation: [ 200/1978]  eta: 0:02:02    time: 0.0688  data: 0.0000  max mem: 2876
      Evaluation: [ 300/1978]  eta: 0:01:55    time: 0.0690  data: 0.0000  max mem: 2876
      Evaluation: [ 400/1978]  eta: 0:01:48    time: 0.0691  data: 0.0000  max mem: 2876
      Evaluation: [ 500/1978]  eta: 0:01:42    time: 0.0690  data: 0.0000  max mem: 2876
      Evaluation: [ 600/1978]  eta: 0:01:35    time: 0.0690  data: 0.0000  max mem: 2876
      Evaluation: [ 700/1978]  eta: 0:01:28    time: 0.0690  data: 0.0000  max mem: 2876
      Evaluation: [ 800/1978]  eta: 0:01:21    time: 0.0771  data: 0.0000  max mem: 2876
      Evaluation: [ 900/1978]  eta: 0:01:14    time: 0.0690  data: 0.0000  max mem: 2876
      Evaluation: [1000/1978]  eta: 0:01:07    time: 0.0694  data: 0.0000  max mem: 2876
      Evaluation: [1100/1978]  eta: 0:01:00    time: 0.0690  data: 0.0000  max mem: 2876
      Evaluation: [1200/1978]  eta: 0:00:54    time: 0.0690  data: 0.0000  max mem: 2876
      Evaluation: [1300/1978]  eta: 0:00:47    time: 0.0690  data: 0.0000  max mem: 2876
      Evaluation: [1400/1978]  eta: 0:00:40    time: 0.0691  data: 0.0000  max mem: 2876
      Evaluation: [1500/1978]  eta: 0:00:33    time: 0.0690  data: 0.0000  max mem: 2876
      Evaluation: [1600/1978]  eta: 0:00:26    time: 0.0697  data: 0.0000  max mem: 2876
      Evaluation: [1700/1978]  eta: 0:00:19    time: 0.0691  data: 0.0000  max mem: 2876
      Evaluation: [1800/1978]  eta: 0:00:12    time: 0.0693  data: 0.0000  max mem: 2876
      Evaluation: [1900/1978]  eta: 0:00:05    time: 0.0690  data: 0.0000  max mem: 2876
      Evaluation: [1977/1978]  eta: 0:00:00    time: 0.0692  data: 0.0000  max mem: 2876
      Evaluation: Total time: 0:02:17 (0.0693 s / it)
     Computing matching score time 0:02:17
### TTA ITM Score: 
+-------+--------+--------+--------+--------+--------+
| epoch |   R1   |   R5   |  R10   |  mAP   |  mINP  |
+-------+--------+--------+--------+--------+--------+
|  -999 | 69.414 | 95.197 | 97.776 | 81.233 | 81.233 |
|  -999 | 69.414 | 95.197 | 97.776 | 81.233 | 81.233 |
|  -999 | 84.277 | 99.039 | 99.596 | 91.276 | 91.276 |
|   0   | 85.137 | 98.938 | 99.494 | 91.667 | 91.667 |
|   1   | 84.783 | 98.534 | 99.343 | 91.352 | 91.352 |
+-------+--------+--------+--------+--------+--------+
     logs:  {'epo': 1, 'R1': 84.783, 'R5': 98.534, 'R10': 99.343, 'mAP': 91.352, 'mINP': 91.352, 'lr': 0.000977, 'entropy': 0.141012, 'loss': 0.141012, 'entr_unc': 0.141012, 'uncertainty': 1.0, 'uncertainty_multiply_coeffi': 1.0}
      TTA Epoch: [2] [  0/123]  eta: 0:00:57  lr: 0.000959  entropy: 0.0673  loss: 0.0673  entr_unc: 0.0673  uncertainty: 1.0000  uncertainty_multiply_coeffi: 1.0000  time: 0.4714  data: 0.3295  max mem: 2876
      TTA Epoch: [2] [100/123]  eta: 0:00:01  lr: 0.000932  entropy: 0.2085  loss: 0.2085  entr_unc: 0.2085  uncertainty: 1.0000  uncertainty_multiply_coeffi: 1.0000  time: 0.0577  data: 0.0047  max mem: 2876
      TTA Epoch: [2] [122/123]  eta: 0:00:00  lr: 0.000926  entropy: 0.1184  loss: 0.1184  entr_unc: 0.1184  uncertainty: 1.0000  uncertainty_multiply_coeffi: 1.0000  time: 0.0460  data: 0.0022  max mem: 2876
      TTA Epoch: [2] Total time: 0:00:07 (0.0599 s / it)
     Averaged stats: lr: 0.0009  entropy: 0.0903  loss: 0.0903  entr_unc: 0.0903  uncertainty: 1.0000  uncertainty_multiply_coeffi: 1.0000
     itm tta time 0:00:07
     Computing matching score
      Evaluation: [   0/1978]  eta: 0:02:26    time: 0.0740  data: 0.0032  max mem: 2876
      Evaluation: [ 100/1978]  eta: 0:02:09    time: 0.0694  data: 0.0000  max mem: 2876
      Evaluation: [ 200/1978]  eta: 0:02:02    time: 0.0691  data: 0.0000  max mem: 2876
      Evaluation: [ 300/1978]  eta: 0:01:55    time: 0.0691  data: 0.0000  max mem: 2876
      Evaluation: [ 400/1978]  eta: 0:01:49    time: 0.0693  data: 0.0000  max mem: 2876
      Evaluation: [ 500/1978]  eta: 0:01:42    time: 0.0691  data: 0.0000  max mem: 2876
      Evaluation: [ 600/1978]  eta: 0:01:35    time: 0.0693  data: 0.0000  max mem: 2876
      Evaluation: [ 700/1978]  eta: 0:01:28    time: 0.0691  data: 0.0000  max mem: 2876
      Evaluation: [ 800/1978]  eta: 0:01:21    time: 0.0692  data: 0.0000  max mem: 2876
      Evaluation: [ 900/1978]  eta: 0:01:14    time: 0.0691  data: 0.0000  max mem: 2876
      Evaluation: [1000/1978]  eta: 0:01:07    time: 0.0691  data: 0.0000  max mem: 2876
      Evaluation: [1100/1978]  eta: 0:01:00    time: 0.0691  data: 0.0000  max mem: 2876
      Evaluation: [1200/1978]  eta: 0:00:53    time: 0.0693  data: 0.0000  max mem: 2876
      Evaluation: [1300/1978]  eta: 0:00:46    time: 0.0692  data: 0.0000  max mem: 2876
      Evaluation: [1400/1978]  eta: 0:00:39    time: 0.0691  data: 0.0000  max mem: 2876
      Evaluation: [1500/1978]  eta: 0:00:33    time: 0.0692  data: 0.0000  max mem: 2876
      Evaluation: [1600/1978]  eta: 0:00:26    time: 0.0691  data: 0.0000  max mem: 2876
      Evaluation: [1700/1978]  eta: 0:00:19    time: 0.0691  data: 0.0000  max mem: 2876
      Evaluation: [1800/1978]  eta: 0:00:12    time: 0.0694  data: 0.0000  max mem: 2876
      Evaluation: [1900/1978]  eta: 0:00:05    time: 0.0692  data: 0.0000  max mem: 2876
      Evaluation: [1977/1978]  eta: 0:00:00    time: 0.0693  data: 0.0000  max mem: 2876
      Evaluation: Total time: 0:02:16 (0.0692 s / it)
     Computing matching score time 0:02:17
### TTA ITM Score: 
+-------+--------+--------+--------+--------+--------+
| epoch |   R1   |   R5   |  R10   |  mAP   |  mINP  |
+-------+--------+--------+--------+--------+--------+
|  -999 | 69.414 | 95.197 | 97.776 | 81.233 | 81.233 |
|  -999 | 69.414 | 95.197 | 97.776 | 81.233 | 81.233 |
|  -999 | 84.277 | 99.039 | 99.596 | 91.276 | 91.276 |
|   0   | 85.137 | 98.938 | 99.494 | 91.667 | 91.667 |
|   1   | 84.783 | 98.534 | 99.343 | 91.352 | 91.352 |
|   2   | 84.833 | 98.433 | 99.393 | 91.352 | 91.352 |
+-------+--------+--------+--------+--------+--------+
     logs:  {'epo': 2, 'R1': 84.833, 'R5': 98.433, 'R10': 99.393, 'mAP': 91.352, 'mINP': 91.352, 'lr': 0.000943, 'entropy': 0.090338, 'loss': 0.090338, 'entr_unc': 0.090338, 'uncertainty': 1.0, 'uncertainty_multiply_coeffi': 1.0}
      TTA Epoch: [3] [  0/123]  eta: 0:00:58  lr: 0.000925  entropy: 0.0150  loss: 0.0150  entr_unc: 0.0150  uncertainty: 1.0000  uncertainty_multiply_coeffi: 1.0000  time: 0.4772  data: 0.3306  max mem: 2876
      TTA Epoch: [3] [100/123]  eta: 0:00:01  lr: 0.000449  entropy: 0.0141  loss: 0.0141  entr_unc: 0.0141  uncertainty: 1.0000  uncertainty_multiply_coeffi: 1.0000  time: 0.0571  data: 0.0031  max mem: 2876
      TTA Epoch: [3] [122/123]  eta: 0:00:00  lr: 0.000446  entropy: 0.0322  loss: 0.0322  entr_unc: 0.0322  uncertainty: 1.0000  uncertainty_multiply_coeffi: 1.0000  time: 0.0482  data: 0.0025  max mem: 2876
      TTA Epoch: [3] Total time: 0:00:07 (0.0608 s / it)
     Averaged stats: lr: 0.0006  entropy: 0.0740  loss: 0.0740  entr_unc: 0.0740  uncertainty: 1.0000  uncertainty_multiply_coeffi: 1.0000
     itm tta time 0:00:07
     Computing matching score
      Evaluation: [   0/1978]  eta: 0:02:28    time: 0.0753  data: 0.0022  max mem: 2876
      Evaluation: [ 100/1978]  eta: 0:02:09    time: 0.0690  data: 0.0000  max mem: 2876
      Evaluation: [ 200/1978]  eta: 0:02:03    time: 0.0691  data: 0.0000  max mem: 2876
      Evaluation: [ 300/1978]  eta: 0:01:56    time: 0.0690  data: 0.0000  max mem: 2876
      Evaluation: [ 400/1978]  eta: 0:01:49    time: 0.0690  data: 0.0000  max mem: 2876
      Evaluation: [ 500/1978]  eta: 0:01:42    time: 0.0691  data: 0.0000  max mem: 2876
      Evaluation: [ 600/1978]  eta: 0:01:35    time: 0.0690  data: 0.0000  max mem: 2876
      Evaluation: [ 700/1978]  eta: 0:01:28    time: 0.0690  data: 0.0000  max mem: 2876
      Evaluation: [ 800/1978]  eta: 0:01:21    time: 0.0692  data: 0.0000  max mem: 2876
      Evaluation: [ 900/1978]  eta: 0:01:14    time: 0.0690  data: 0.0000  max mem: 2876
      Evaluation: [1000/1978]  eta: 0:01:07    time: 0.0692  data: 0.0000  max mem: 2876
      Evaluation: [1100/1978]  eta: 0:01:00    time: 0.0691  data: 0.0000  max mem: 2876
      Evaluation: [1200/1978]  eta: 0:00:53    time: 0.0689  data: 0.0000  max mem: 2876
      Evaluation: [1300/1978]  eta: 0:00:46    time: 0.0691  data: 0.0000  max mem: 2876
      Evaluation: [1400/1978]  eta: 0:00:39    time: 0.0692  data: 0.0000  max mem: 2876
      Evaluation: [1500/1978]  eta: 0:00:33    time: 0.0691  data: 0.0000  max mem: 2876
      Evaluation: [1600/1978]  eta: 0:00:26    time: 0.0690  data: 0.0000  max mem: 2876
      Evaluation: [1700/1978]  eta: 0:00:19    time: 0.0690  data: 0.0000  max mem: 2876
      Evaluation: [1800/1978]  eta: 0:00:12    time: 0.0690  data: 0.0000  max mem: 2876
      Evaluation: [1900/1978]  eta: 0:00:05    time: 0.0696  data: 0.0000  max mem: 2876
      Evaluation: [1977/1978]  eta: 0:00:00    time: 0.0692  data: 0.0000  max mem: 2876
      Evaluation: Total time: 0:02:16 (0.0692 s / it)
     Computing matching score time 0:02:17
### TTA ITM Score: 
+-------+--------+--------+--------+--------+--------+
| epoch |   R1   |   R5   |  R10   |  mAP   |  mINP  |
+-------+--------+--------+--------+--------+--------+
|  -999 | 69.414 | 95.197 | 97.776 | 81.233 | 81.233 |
|  -999 | 69.414 | 95.197 | 97.776 | 81.233 | 81.233 |
|  -999 | 84.277 | 99.039 | 99.596 | 91.276 | 91.276 |
|   0   | 85.137 | 98.938 | 99.494 | 91.667 | 91.667 |
|   1   | 84.783 | 98.534 | 99.343 | 91.352 | 91.352 |
|   2   | 84.833 | 98.433 | 99.393 | 91.352 | 91.352 |
|   3   | 84.934 | 98.281 | 99.343 | 91.338 | 91.338 |
+-------+--------+--------+--------+--------+--------+
     logs:  {'epo': 3, 'R1': 84.934, 'R5': 98.281, 'R10': 99.343, 'mAP': 91.338, 'mINP': 91.338, 'lr': 0.000567, 'entropy': 0.073966, 'loss': 0.073966, 'entr_unc': 0.073966, 'uncertainty': 1.0, 'uncertainty_multiply_coeffi': 1.0}
      TTA Epoch: [4] [  0/123]  eta: 0:01:01  lr: 0.000446  entropy: 0.0812  loss: 0.0812  entr_unc: 0.0812  uncertainty: 1.0000  uncertainty_multiply_coeffi: 1.0000  time: 0.5039  data: 0.3768  max mem: 2876
      TTA Epoch: [4] [100/123]  eta: 0:00:01  lr: 0.000432  entropy: 0.0320  loss: 0.0320  entr_unc: 0.0320  uncertainty: 1.0000  uncertainty_multiply_coeffi: 1.0000  time: 0.0561  data: 0.0032  max mem: 2876
      TTA Epoch: [4] [122/123]  eta: 0:00:00  lr: 0.000429  entropy: 0.0469  loss: 0.0469  entr_unc: 0.0469  uncertainty: 1.0000  uncertainty_multiply_coeffi: 1.0000  time: 0.0494  data: 0.0041  max mem: 2876
      TTA Epoch: [4] Total time: 0:00:07 (0.0612 s / it)
     Averaged stats: lr: 0.0004  entropy: 0.0556  loss: 0.0556  entr_unc: 0.0556  uncertainty: 1.0000  uncertainty_multiply_coeffi: 1.0000
     itm tta time 0:00:07
     Computing matching score
      Evaluation: [   0/1978]  eta: 0:02:31    time: 0.0768  data: 0.0032  max mem: 2876
      Evaluation: [ 100/1978]  eta: 0:02:13    time: 0.0747  data: 0.0000  max mem: 2876
      Evaluation: [ 200/1978]  eta: 0:02:04    time: 0.0691  data: 0.0000  max mem: 2876
      Evaluation: [ 300/1978]  eta: 0:01:56    time: 0.0690  data: 0.0000  max mem: 2876
      Evaluation: [ 400/1978]  eta: 0:01:49    time: 0.0694  data: 0.0000  max mem: 2876
      Evaluation: [ 500/1978]  eta: 0:01:42    time: 0.0691  data: 0.0000  max mem: 2876
      Evaluation: [ 600/1978]  eta: 0:01:35    time: 0.0697  data: 0.0000  max mem: 2876
      Evaluation: [ 700/1978]  eta: 0:01:28    time: 0.0691  data: 0.0000  max mem: 2876
      Evaluation: [ 800/1978]  eta: 0:01:21    time: 0.0691  data: 0.0000  max mem: 2876
      Evaluation: [ 900/1978]  eta: 0:01:14    time: 0.0692  data: 0.0000  max mem: 2876
      Evaluation: [1000/1978]  eta: 0:01:07    time: 0.0695  data: 0.0000  max mem: 2876
      Evaluation: [1100/1978]  eta: 0:01:00    time: 0.0691  data: 0.0000  max mem: 2876
      Evaluation: [1200/1978]  eta: 0:00:53    time: 0.0692  data: 0.0000  max mem: 2876
      Evaluation: [1300/1978]  eta: 0:00:47    time: 0.0692  data: 0.0000  max mem: 2876
      Evaluation: [1400/1978]  eta: 0:00:40    time: 0.0691  data: 0.0000  max mem: 2876
      Evaluation: [1500/1978]  eta: 0:00:33    time: 0.0691  data: 0.0000  max mem: 2876
      Evaluation: [1600/1978]  eta: 0:00:26    time: 0.0694  data: 0.0000  max mem: 2876
      Evaluation: [1700/1978]  eta: 0:00:19    time: 0.0692  data: 0.0000  max mem: 2876
      Evaluation: [1800/1978]  eta: 0:00:12    time: 0.0691  data: 0.0000  max mem: 2876
      Evaluation: [1900/1978]  eta: 0:00:05    time: 0.0691  data: 0.0000  max mem: 2876
      Evaluation: [1977/1978]  eta: 0:00:00    time: 0.0691  data: 0.0000  max mem: 2876
      Evaluation: Total time: 0:02:17 (0.0693 s / it)
     Computing matching score time 0:02:17
### TTA ITM Score: 
+-------+--------+--------+--------+--------+--------+
| epoch |   R1   |   R5   |  R10   |  mAP   |  mINP  |
+-------+--------+--------+--------+--------+--------+
|  -999 | 69.414 | 95.197 | 97.776 | 81.233 | 81.233 |
|  -999 | 69.414 | 95.197 | 97.776 | 81.233 | 81.233 |
|  -999 | 84.277 | 99.039 | 99.596 | 91.276 | 91.276 |
|   0   | 85.137 | 98.938 | 99.494 | 91.667 | 91.667 |
|   1   | 84.783 | 98.534 | 99.343 | 91.352 | 91.352 |
|   2   | 84.833 | 98.433 | 99.393 | 91.352 | 91.352 |
|   3   | 84.934 | 98.281 | 99.343 | 91.338 | 91.338 |
|   4   | 84.783 | 98.332 | 99.343 | 91.224 | 91.224 |
+-------+--------+--------+--------+--------+--------+
     logs:  {'epo': 4, 'R1': 84.783, 'R5': 98.332, 'R10': 99.343, 'mAP': 91.224, 'mINP': 91.224, 'lr': 0.000437, 'entropy': 0.055625, 'loss': 0.055625, 'entr_unc': 0.055625, 'uncertainty': 1.0, 'uncertainty_multiply_coeffi': 1.0}
      TTA Epoch: [5] [  0/123]  eta: 0:00:59  lr: 0.000429  entropy: 0.0074  loss: 0.0074  entr_unc: 0.0074  uncertainty: 1.0000  uncertainty_multiply_coeffi: 1.0000  time: 0.4845  data: 0.3249  max mem: 2876
      TTA Epoch: [5] [100/123]  eta: 0:00:01  lr: 0.000166  entropy: 0.0779  loss: 0.0779  entr_unc: 0.0779  uncertainty: 1.0000  uncertainty_multiply_coeffi: 1.0000  time: 0.0597  data: 0.0033  max mem: 2876
      TTA Epoch: [5] [122/123]  eta: 0:00:00  lr: 0.000165  entropy: 0.0957  loss: 0.0957  entr_unc: 0.0957  uncertainty: 1.0000  uncertainty_multiply_coeffi: 1.0000  time: 0.0482  data: 0.0028  max mem: 2876
      TTA Epoch: [5] Total time: 0:00:07 (0.0613 s / it)
     Averaged stats: lr: 0.0003  entropy: 0.0539  loss: 0.0539  entr_unc: 0.0539  uncertainty: 1.0000  uncertainty_multiply_coeffi: 1.0000
     itm tta time 0:00:07
     Computing matching score
      Evaluation: [   0/1978]  eta: 0:02:24    time: 0.0729  data: 0.0033  max mem: 2876
      Evaluation: [ 100/1978]  eta: 0:02:10    time: 0.0689  data: 0.0000  max mem: 2876
      Evaluation: [ 200/1978]  eta: 0:02:02    time: 0.0689  data: 0.0000  max mem: 2876
      Evaluation: [ 300/1978]  eta: 0:01:55    time: 0.0690  data: 0.0000  max mem: 2876
      Evaluation: [ 400/1978]  eta: 0:01:49    time: 0.0692  data: 0.0000  max mem: 2876
      Evaluation: [ 500/1978]  eta: 0:01:42    time: 0.0691  data: 0.0000  max mem: 2876
      Evaluation: [ 600/1978]  eta: 0:01:35    time: 0.0693  data: 0.0000  max mem: 2876
      Evaluation: [ 700/1978]  eta: 0:01:28    time: 0.0692  data: 0.0000  max mem: 2876
      Evaluation: [ 800/1978]  eta: 0:01:21    time: 0.0690  data: 0.0000  max mem: 2876
      Evaluation: [ 900/1978]  eta: 0:01:14    time: 0.0689  data: 0.0000  max mem: 2876
      Evaluation: [1000/1978]  eta: 0:01:07    time: 0.0690  data: 0.0000  max mem: 2876
      Evaluation: [1100/1978]  eta: 0:01:00    time: 0.0690  data: 0.0000  max mem: 2876
      Evaluation: [1200/1978]  eta: 0:00:53    time: 0.0769  data: 0.0000  max mem: 2876
      Evaluation: [1300/1978]  eta: 0:00:47    time: 0.0687  data: 0.0000  max mem: 2876
      Evaluation: [1400/1978]  eta: 0:00:40    time: 0.0689  data: 0.0000  max mem: 2876
      Evaluation: [1500/1978]  eta: 0:00:33    time: 0.0689  data: 0.0000  max mem: 2876
      Evaluation: [1600/1978]  eta: 0:00:26    time: 0.0688  data: 0.0000  max mem: 2876
      Evaluation: [1700/1978]  eta: 0:00:19    time: 0.0688  data: 0.0000  max mem: 2876
      Evaluation: [1800/1978]  eta: 0:00:12    time: 0.0688  data: 0.0000  max mem: 2876
      Evaluation: [1900/1978]  eta: 0:00:05    time: 0.0693  data: 0.0000  max mem: 2876
      Evaluation: [1977/1978]  eta: 0:00:00    time: 0.0688  data: 0.0000  max mem: 2876
      Evaluation: Total time: 0:02:16 (0.0692 s / it)
     Computing matching score time 0:02:17
### TTA ITM Score: 
+-------+--------+--------+--------+--------+--------+
| epoch |   R1   |   R5   |  R10   |  mAP   |  mINP  |
+-------+--------+--------+--------+--------+--------+
|  -999 | 69.414 | 95.197 | 97.776 | 81.233 | 81.233 |
|  -999 | 69.414 | 95.197 | 97.776 | 81.233 | 81.233 |
|  -999 | 84.277 | 99.039 | 99.596 | 91.276 | 91.276 |
|   0   | 85.137 | 98.938 | 99.494 | 91.667 | 91.667 |
|   1   | 84.783 | 98.534 | 99.343 | 91.352 | 91.352 |
|   2   | 84.833 | 98.433 | 99.393 | 91.352 | 91.352 |
|   3   | 84.934 | 98.281 | 99.343 | 91.338 | 91.338 |
|   4   | 84.783 | 98.332 | 99.343 | 91.224 | 91.224 |
|   5   | 84.833 | 98.534 | 99.393 | 91.266 | 91.266 |
+-------+--------+--------+--------+--------+--------+
     logs:  {'epo': 5, 'R1': 84.833, 'R5': 98.534, 'R10': 99.393, 'mAP': 91.266, 'mINP': 91.266, 'lr': 0.000341, 'entropy': 0.05393, 'loss': 0.05393, 'entr_unc': 0.05393, 'uncertainty': 1.0, 'uncertainty_multiply_coeffi': 1.0}
      TTA Epoch: [6] [  0/123]  eta: 0:00:48  lr: 0.000165  entropy: 0.0698  loss: 0.0698  entr_unc: 0.0698  uncertainty: 1.0000  uncertainty_multiply_coeffi: 1.0000  time: 0.3973  data: 0.2736  max mem: 2876
      TTA Epoch: [6] [100/123]  eta: 0:00:01  lr: 0.000159  entropy: 0.0704  loss: 0.0704  entr_unc: 0.0704  uncertainty: 1.0000  uncertainty_multiply_coeffi: 1.0000  time: 0.0600  data: 0.0066  max mem: 2876
      TTA Epoch: [6] [122/123]  eta: 0:00:00  lr: 0.000158  entropy: 0.0269  loss: 0.0269  entr_unc: 0.0269  uncertainty: 1.0000  uncertainty_multiply_coeffi: 1.0000  time: 0.0477  data: 0.0018  max mem: 2876
      TTA Epoch: [6] Total time: 0:00:07 (0.0608 s / it)
     Averaged stats: lr: 0.0002  entropy: 0.0519  loss: 0.0519  entr_unc: 0.0519  uncertainty: 1.0000  uncertainty_multiply_coeffi: 1.0000
     itm tta time 0:00:07
     Computing matching score
      Evaluation: [   0/1978]  eta: 0:02:25    time: 0.0737  data: 0.0033  max mem: 2876
      Evaluation: [ 100/1978]  eta: 0:02:12    time: 0.0763  data: 0.0000  max mem: 2876
      Evaluation: [ 200/1978]  eta: 0:02:03    time: 0.0689  data: 0.0000  max mem: 2876
      Evaluation: [ 300/1978]  eta: 0:01:56    time: 0.0691  data: 0.0000  max mem: 2876
      Evaluation: [ 400/1978]  eta: 0:01:49    time: 0.0688  data: 0.0000  max mem: 2876
      Evaluation: [ 500/1978]  eta: 0:01:42    time: 0.0689  data: 0.0000  max mem: 2876
      Evaluation: [ 600/1978]  eta: 0:01:35    time: 0.0690  data: 0.0000  max mem: 2876
      Evaluation: [ 700/1978]  eta: 0:01:28    time: 0.0690  data: 0.0000  max mem: 2876
      Evaluation: [ 800/1978]  eta: 0:01:21    time: 0.0691  data: 0.0000  max mem: 2876
      Evaluation: [ 900/1978]  eta: 0:01:14    time: 0.0691  data: 0.0000  max mem: 2876
      Evaluation: [1000/1978]  eta: 0:01:07    time: 0.0690  data: 0.0000  max mem: 2876
      Evaluation: [1100/1978]  eta: 0:01:00    time: 0.0688  data: 0.0000  max mem: 2876
      Evaluation: [1200/1978]  eta: 0:00:53    time: 0.0690  data: 0.0000  max mem: 2876
      Evaluation: [1300/1978]  eta: 0:00:46    time: 0.0690  data: 0.0000  max mem: 2876
      Evaluation: [1400/1978]  eta: 0:00:39    time: 0.0690  data: 0.0000  max mem: 2876
      Evaluation: [1500/1978]  eta: 0:00:33    time: 0.0692  data: 0.0000  max mem: 2876
      Evaluation: [1600/1978]  eta: 0:00:26    time: 0.0690  data: 0.0000  max mem: 2876
      Evaluation: [1700/1978]  eta: 0:00:19    time: 0.0689  data: 0.0000  max mem: 2876
      Evaluation: [1800/1978]  eta: 0:00:12    time: 0.0690  data: 0.0000  max mem: 2876
      Evaluation: [1900/1978]  eta: 0:00:05    time: 0.0688  data: 0.0000  max mem: 2876
      Evaluation: [1977/1978]  eta: 0:00:00    time: 0.0689  data: 0.0000  max mem: 2876
      Evaluation: Total time: 0:02:16 (0.0691 s / it)
     Computing matching score time 0:02:16
### TTA ITM Score: 
+-------+--------+--------+--------+--------+--------+
| epoch |   R1   |   R5   |  R10   |  mAP   |  mINP  |
+-------+--------+--------+--------+--------+--------+
|  -999 | 69.414 | 95.197 | 97.776 | 81.233 | 81.233 |
|  -999 | 69.414 | 95.197 | 97.776 | 81.233 | 81.233 |
|  -999 | 84.277 | 99.039 | 99.596 | 91.276 | 91.276 |
|   0   | 85.137 | 98.938 | 99.494 | 91.667 | 91.667 |
|   1   | 84.783 | 98.534 | 99.343 | 91.352 | 91.352 |
|   2   | 84.833 | 98.433 | 99.393 | 91.352 | 91.352 |
|   3   | 84.934 | 98.281 | 99.343 | 91.338 | 91.338 |
|   4   | 84.783 | 98.332 | 99.343 | 91.224 | 91.224 |
|   5   | 84.833 | 98.534 | 99.393 | 91.266 | 91.266 |
|   6   | 84.681 | 98.534 | 99.393 | 91.196 | 91.196 |
+-------+--------+--------+--------+--------+--------+
     logs:  {'epo': 6, 'R1': 84.681, 'R5': 98.534, 'R10': 99.393, 'mAP': 91.196, 'mINP': 91.196, 'lr': 0.000161, 'entropy': 0.051889, 'loss': 0.051889, 'entr_unc': 0.051889, 'uncertainty': 1.0, 'uncertainty_multiply_coeffi': 1.0}
      TTA Epoch: [7] [  0/123]  eta: 0:01:09  lr: 0.000158  entropy: 0.0422  loss: 0.0422  entr_unc: 0.0422  uncertainty: 1.0000  uncertainty_multiply_coeffi: 1.0000  time: 0.5623  data: 0.4238  max mem: 2876
      TTA Epoch: [7] [100/123]  eta: 0:00:01  lr: 0.000152  entropy: 0.0689  loss: 0.0689  entr_unc: 0.0689  uncertainty: 1.0000  uncertainty_multiply_coeffi: 1.0000  time: 0.0595  data: 0.0048  max mem: 2876
      TTA Epoch: [7] [122/123]  eta: 0:00:00  lr: 0.000151  entropy: 0.0593  loss: 0.0593  entr_unc: 0.0593  uncertainty: 1.0000  uncertainty_multiply_coeffi: 1.0000  time: 0.0478  data: 0.0021  max mem: 2876
      TTA Epoch: [7] Total time: 0:00:07 (0.0614 s / it)
     Averaged stats: lr: 0.0002  entropy: 0.0478  loss: 0.0478  entr_unc: 0.0478  uncertainty: 1.0000  uncertainty_multiply_coeffi: 1.0000
     itm tta time 0:00:07
     Computing matching score
      Evaluation: [   0/1978]  eta: 0:02:25    time: 0.0735  data: 0.0033  max mem: 2876
      Evaluation: [ 100/1978]  eta: 0:02:09    time: 0.0692  data: 0.0000  max mem: 2876
      Evaluation: [ 200/1978]  eta: 0:02:03    time: 0.0694  data: 0.0000  max mem: 2876
      Evaluation: [ 300/1978]  eta: 0:01:56    time: 0.0701  data: 0.0000  max mem: 2876
      Evaluation: [ 400/1978]  eta: 0:01:49    time: 0.0690  data: 0.0000  max mem: 2876
      Evaluation: [ 500/1978]  eta: 0:01:42    time: 0.0696  data: 0.0000  max mem: 2876
      Evaluation: [ 600/1978]  eta: 0:01:35    time: 0.0692  data: 0.0000  max mem: 2876
      Evaluation: [ 700/1978]  eta: 0:01:28    time: 0.0697  data: 0.0000  max mem: 2876
      Evaluation: [ 800/1978]  eta: 0:01:21    time: 0.0694  data: 0.0000  max mem: 2876
      Evaluation: [ 900/1978]  eta: 0:01:15    time: 0.0778  data: 0.0000  max mem: 2876
      Evaluation: [1000/1978]  eta: 0:01:08    time: 0.0693  data: 0.0000  max mem: 2876
      Evaluation: [1100/1978]  eta: 0:01:01    time: 0.0711  data: 0.0000  max mem: 2876
      Evaluation: [1200/1978]  eta: 0:00:54    time: 0.0694  data: 0.0000  max mem: 2876
      Evaluation: [1300/1978]  eta: 0:00:47    time: 0.0702  data: 0.0000  max mem: 2876
      Evaluation: [1400/1978]  eta: 0:00:40    time: 0.0691  data: 0.0000  max mem: 2876
      Evaluation: [1500/1978]  eta: 0:00:33    time: 0.0699  data: 0.0000  max mem: 2876
      Evaluation: [1600/1978]  eta: 0:00:26    time: 0.0691  data: 0.0000  max mem: 2876
      Evaluation: [1700/1978]  eta: 0:00:19    time: 0.0699  data: 0.0000  max mem: 2876
      Evaluation: [1800/1978]  eta: 0:00:12    time: 0.0702  data: 0.0000  max mem: 2876
      Evaluation: [1900/1978]  eta: 0:00:05    time: 0.0691  data: 0.0000  max mem: 2876
      Evaluation: [1977/1978]  eta: 0:00:00    time: 0.0692  data: 0.0000  max mem: 2876
      Evaluation: Total time: 0:02:18 (0.0698 s / it)
     Computing matching score time 0:02:18
### TTA ITM Score: 
+-------+--------+--------+--------+--------+--------+
| epoch |   R1   |   R5   |  R10   |  mAP   |  mINP  |
+-------+--------+--------+--------+--------+--------+
|  -999 | 69.414 | 95.197 | 97.776 | 81.233 | 81.233 |
|  -999 | 69.414 | 95.197 | 97.776 | 81.233 | 81.233 |
|  -999 | 84.277 | 99.039 | 99.596 | 91.276 | 91.276 |
|   0   | 85.137 | 98.938 | 99.494 | 91.667 | 91.667 |
|   1   | 84.783 | 98.534 | 99.343 | 91.352 | 91.352 |
|   2   | 84.833 | 98.433 | 99.393 | 91.352 | 91.352 |
|   3   | 84.934 | 98.281 | 99.343 | 91.338 | 91.338 |
|   4   | 84.783 | 98.332 | 99.343 | 91.224 | 91.224 |
|   5   | 84.833 | 98.534 | 99.393 | 91.266 | 91.266 |
|   6   | 84.681 | 98.534 | 99.393 | 91.196 | 91.196 |
|   7   | 84.681 | 98.534 | 99.444 | 91.179 | 91.179 |
+-------+--------+--------+--------+--------+--------+
     logs:  {'epo': 7, 'R1': 84.681, 'R5': 98.534, 'R10': 99.444, 'mAP': 91.179, 'mINP': 91.179, 'lr': 0.000155, 'entropy': 0.047833, 'loss': 0.047833, 'entr_unc': 0.047833, 'uncertainty': 1.0, 'uncertainty_multiply_coeffi': 1.0}
      TTA Epoch: [8] [  0/123]  eta: 0:00:49  lr: 0.000151  entropy: 0.0345  loss: 0.0345  entr_unc: 0.0345  uncertainty: 1.0000  uncertainty_multiply_coeffi: 1.0000  time: 0.3998  data: 0.2836  max mem: 2876
      TTA Epoch: [8] [100/123]  eta: 0:00:01  lr: 0.000146  entropy: 0.0288  loss: 0.0288  entr_unc: 0.0288  uncertainty: 1.0000  uncertainty_multiply_coeffi: 1.0000  time: 0.0578  data: 0.0034  max mem: 2876
      TTA Epoch: [8] [122/123]  eta: 0:00:00  lr: 0.000144  entropy: 0.0005  loss: 0.0005  entr_unc: 0.0005  uncertainty: 1.0000  uncertainty_multiply_coeffi: 1.0000  time: 0.0496  data: 0.0023  max mem: 2876
      TTA Epoch: [8] Total time: 0:00:07 (0.0613 s / it)
     Averaged stats: lr: 0.0001  entropy: 0.0467  loss: 0.0467  entr_unc: 0.0467  uncertainty: 1.0000  uncertainty_multiply_coeffi: 1.0000
     itm tta time 0:00:07
     Computing matching score
      Evaluation: [   0/1978]  eta: 0:02:25    time: 0.0736  data: 0.0034  max mem: 2876
      Evaluation: [ 100/1978]  eta: 0:02:10    time: 0.0688  data: 0.0000  max mem: 2876
      Evaluation: [ 200/1978]  eta: 0:02:03    time: 0.0694  data: 0.0000  max mem: 2876
      Evaluation: [ 300/1978]  eta: 0:01:56    time: 0.0708  data: 0.0000  max mem: 2876
      Evaluation: [ 400/1978]  eta: 0:01:49    time: 0.0688  data: 0.0000  max mem: 2876
      Evaluation: [ 500/1978]  eta: 0:01:42    time: 0.0700  data: 0.0000  max mem: 2876
      Evaluation: [ 600/1978]  eta: 0:01:35    time: 0.0699  data: 0.0000  max mem: 2876
      Evaluation: [ 700/1978]  eta: 0:01:28    time: 0.0692  data: 0.0000  max mem: 2876
      Evaluation: [ 800/1978]  eta: 0:01:21    time: 0.0695  data: 0.0000  max mem: 2876
      Evaluation: [ 900/1978]  eta: 0:01:14    time: 0.0701  data: 0.0000  max mem: 2876
      Evaluation: [1000/1978]  eta: 0:01:07    time: 0.0701  data: 0.0000  max mem: 2876
      Evaluation: [1100/1978]  eta: 0:01:01    time: 0.0698  data: 0.0000  max mem: 2876
      Evaluation: [1200/1978]  eta: 0:00:54    time: 0.0691  data: 0.0000  max mem: 2876
      Evaluation: [1300/1978]  eta: 0:00:47    time: 0.0694  data: 0.0000  max mem: 2876
      Evaluation: [1400/1978]  eta: 0:00:40    time: 0.0700  data: 0.0000  max mem: 2876
      Evaluation: [1500/1978]  eta: 0:00:33    time: 0.0692  data: 0.0000  max mem: 2876
      Evaluation: [1600/1978]  eta: 0:00:26    time: 0.0700  data: 0.0000  max mem: 2876
      Evaluation: [1700/1978]  eta: 0:00:19    time: 0.0689  data: 0.0000  max mem: 2876
      Evaluation: [1800/1978]  eta: 0:00:12    time: 0.0694  data: 0.0000  max mem: 2876
      Evaluation: [1900/1978]  eta: 0:00:05    time: 0.0703  data: 0.0000  max mem: 2876
      Evaluation: [1977/1978]  eta: 0:00:00    time: 0.0739  data: 0.0000  max mem: 2876
      Evaluation: Total time: 0:02:17 (0.0696 s / it)
     Computing matching score time 0:02:17
### TTA ITM Score: 
+-------+--------+--------+--------+--------+--------+
| epoch |   R1   |   R5   |  R10   |  mAP   |  mINP  |
+-------+--------+--------+--------+--------+--------+
|  -999 | 69.414 | 95.197 | 97.776 | 81.233 | 81.233 |
|  -999 | 69.414 | 95.197 | 97.776 | 81.233 | 81.233 |
|  -999 | 84.277 | 99.039 | 99.596 | 91.276 | 91.276 |
|   0   | 85.137 | 98.938 | 99.494 | 91.667 | 91.667 |
|   1   | 84.783 | 98.534 | 99.343 | 91.352 | 91.352 |
|   2   | 84.833 | 98.433 | 99.393 | 91.352 | 91.352 |
|   3   | 84.934 | 98.281 | 99.343 | 91.338 | 91.338 |
|   4   | 84.783 | 98.332 | 99.343 | 91.224 | 91.224 |
|   5   | 84.833 | 98.534 | 99.393 | 91.266 | 91.266 |
|   6   | 84.681 | 98.534 | 99.393 | 91.196 | 91.196 |
|   7   | 84.681 | 98.534 | 99.444 | 91.179 | 91.179 |
|   8   | 84.732 | 98.483 | 99.393 | 91.204 | 91.204 |
+-------+--------+--------+--------+--------+--------+
     logs:  {'epo': 8, 'R1': 84.732, 'R5': 98.483, 'R10': 99.393, 'mAP': 91.204, 'mINP': 91.204, 'lr': 0.000148, 'entropy': 0.046733, 'loss': 0.046733, 'entr_unc': 0.046733, 'uncertainty': 1.0, 'uncertainty_multiply_coeffi': 1.0}
      TTA Epoch: [9] [  0/123]  eta: 0:01:05  lr: 0.000144  entropy: 0.0853  loss: 0.0853  entr_unc: 0.0853  uncertainty: 1.0000  uncertainty_multiply_coeffi: 1.0000  time: 0.5334  data: 0.3969  max mem: 2876
      TTA Epoch: [9] [100/123]  eta: 0:00:01  lr: 0.000139  entropy: 0.0538  loss: 0.0538  entr_unc: 0.0538  uncertainty: 1.0000  uncertainty_multiply_coeffi: 1.0000  time: 0.0600  data: 0.0053  max mem: 2876
      TTA Epoch: [9] [122/123]  eta: 0:00:00  lr: 0.000138  entropy: 0.0336  loss: 0.0336  entr_unc: 0.0336  uncertainty: 1.0000  uncertainty_multiply_coeffi: 1.0000  time: 0.0482  data: 0.0044  max mem: 2876
      TTA Epoch: [9] Total time: 0:00:07 (0.0606 s / it)
     Averaged stats: lr: 0.0001  entropy: 0.0485  loss: 0.0485  entr_unc: 0.0485  uncertainty: 1.0000  uncertainty_multiply_coeffi: 1.0000
     itm tta time 0:00:07
     Computing matching score
      Evaluation: [   0/1978]  eta: 0:02:26    time: 0.0740  data: 0.0033  max mem: 2876
      Evaluation: [ 100/1978]  eta: 0:02:11    time: 0.0704  data: 0.0000  max mem: 2876
      Evaluation: [ 200/1978]  eta: 0:02:03    time: 0.0693  data: 0.0000  max mem: 2876
      Evaluation: [ 300/1978]  eta: 0:01:56    time: 0.0691  data: 0.0000  max mem: 2876
      Evaluation: [ 400/1978]  eta: 0:01:50    time: 0.0749  data: 0.0000  max mem: 2876
      Evaluation: [ 500/1978]  eta: 0:01:43    time: 0.0706  data: 0.0000  max mem: 2876
      Evaluation: [ 600/1978]  eta: 0:01:36    time: 0.0692  data: 0.0000  max mem: 2876
      Evaluation: [ 700/1978]  eta: 0:01:29    time: 0.0691  data: 0.0000  max mem: 2876
      Evaluation: [ 800/1978]  eta: 0:01:22    time: 0.0693  data: 0.0000  max mem: 2876
      Evaluation: [ 900/1978]  eta: 0:01:15    time: 0.0692  data: 0.0000  max mem: 2876
      Evaluation: [1000/1978]  eta: 0:01:08    time: 0.0696  data: 0.0000  max mem: 2876
      Evaluation: [1100/1978]  eta: 0:01:01    time: 0.0691  data: 0.0000  max mem: 2876
      Evaluation: [1200/1978]  eta: 0:00:54    time: 0.0694  data: 0.0000  max mem: 2876
      Evaluation: [1300/1978]  eta: 0:00:47    time: 0.0691  data: 0.0000  max mem: 2876
      Evaluation: [1400/1978]  eta: 0:00:40    time: 0.0692  data: 0.0000  max mem: 2876
      Evaluation: [1500/1978]  eta: 0:00:33    time: 0.0690  data: 0.0000  max mem: 2876
      Evaluation: [1600/1978]  eta: 0:00:26    time: 0.0691  data: 0.0000  max mem: 2876
      Evaluation: [1700/1978]  eta: 0:00:19    time: 0.0696  data: 0.0000  max mem: 2876
      Evaluation: [1800/1978]  eta: 0:00:12    time: 0.0692  data: 0.0000  max mem: 2876
      Evaluation: [1900/1978]  eta: 0:00:05    time: 0.0692  data: 0.0000  max mem: 2876
      Evaluation: [1977/1978]  eta: 0:00:00    time: 0.0691  data: 0.0000  max mem: 2876
      Evaluation: Total time: 0:02:17 (0.0696 s / it)
     Computing matching score time 0:02:17
### TTA ITM Score: 
+-------+--------+--------+--------+--------+--------+
| epoch |   R1   |   R5   |  R10   |  mAP   |  mINP  |
+-------+--------+--------+--------+--------+--------+
|  -999 | 69.414 | 95.197 | 97.776 | 81.233 | 81.233 |
|  -999 | 69.414 | 95.197 | 97.776 | 81.233 | 81.233 |
|  -999 | 84.277 | 99.039 | 99.596 | 91.276 | 91.276 |
|   0   | 85.137 | 98.938 | 99.494 | 91.667 | 91.667 |
|   1   | 84.783 | 98.534 | 99.343 | 91.352 | 91.352 |
|   2   | 84.833 | 98.433 | 99.393 | 91.352 | 91.352 |
|   3   | 84.934 | 98.281 | 99.343 | 91.338 | 91.338 |
|   4   | 84.783 | 98.332 | 99.343 | 91.224 | 91.224 |
|   5   | 84.833 | 98.534 | 99.393 | 91.266 | 91.266 |
|   6   | 84.681 | 98.534 | 99.393 | 91.196 | 91.196 |
|   7   | 84.681 | 98.534 | 99.444 | 91.179 | 91.179 |
|   8   | 84.732 | 98.483 | 99.393 | 91.204 | 91.204 |
|   9   | 84.226 | 98.433 | 99.343 | 90.948 | 90.948 |
+-------+--------+--------+--------+--------+--------+
     logs:  {'epo': 9, 'R1': 84.226, 'R5': 98.433, 'R10': 99.343, 'mAP': 90.948, 'mINP': 90.948, 'lr': 0.000141, 'entropy': 0.048483, 'loss': 0.048483, 'entr_unc': 0.048483, 'uncertainty': 1.0, 'uncertainty_multiply_coeffi': 1.0}
      TTA Epoch: [10] [  0/123]  eta: 0:00:48  lr: 0.000138  entropy: 0.0223  loss: 0.0223  entr_unc: 0.0223  uncertainty: 1.0000  uncertainty_multiply_coeffi: 1.0000  time: 0.3942  data: 0.2730  max mem: 2876
      TTA Epoch: [10] [100/123]  eta: 0:00:01  lr: 0.000132  entropy: 0.0558  loss: 0.0558  entr_unc: 0.0558  uncertainty: 1.0000  uncertainty_multiply_coeffi: 1.0000  time: 0.0574  data: 0.0024  max mem: 2876
      TTA Epoch: [10] [122/123]  eta: 0:00:00  lr: 0.000131  entropy: 0.0201  loss: 0.0201  entr_unc: 0.0201  uncertainty: 1.0000  uncertainty_multiply_coeffi: 1.0000  time: 0.0487  data: 0.0016  max mem: 2876
      TTA Epoch: [10] Total time: 0:00:07 (0.0617 s / it)
     Averaged stats: lr: 0.0001  entropy: 0.0433  loss: 0.0433  entr_unc: 0.0433  uncertainty: 1.0000  uncertainty_multiply_coeffi: 1.0000
     itm tta time 0:00:07
     Computing matching score
      Evaluation: [   0/1978]  eta: 0:02:24    time: 0.0732  data: 0.0033  max mem: 2876
      Evaluation: [ 100/1978]  eta: 0:02:10    time: 0.0707  data: 0.0000  max mem: 2876
      Evaluation: [ 200/1978]  eta: 0:02:05    time: 0.0763  data: 0.0000  max mem: 2876
      Evaluation: [ 300/1978]  eta: 0:01:57    time: 0.0693  data: 0.0000  max mem: 2876
      Evaluation: [ 400/1978]  eta: 0:01:50    time: 0.0693  data: 0.0000  max mem: 2876
      Evaluation: [ 500/1978]  eta: 0:01:43    time: 0.0696  data: 0.0000  max mem: 2876
      Evaluation: [ 600/1978]  eta: 0:01:36    time: 0.0690  data: 0.0000  max mem: 2876
      Evaluation: [ 700/1978]  eta: 0:01:28    time: 0.0698  data: 0.0000  max mem: 2876
      Evaluation: [ 800/1978]  eta: 0:01:21    time: 0.0692  data: 0.0000  max mem: 2876
      Evaluation: [ 900/1978]  eta: 0:01:15    time: 0.0696  data: 0.0000  max mem: 2876
      Evaluation: [1000/1978]  eta: 0:01:08    time: 0.0689  data: 0.0000  max mem: 2876
      Evaluation: [1100/1978]  eta: 0:01:01    time: 0.0692  data: 0.0000  max mem: 2876
      Evaluation: [1200/1978]  eta: 0:00:54    time: 0.0692  data: 0.0000  max mem: 2876
      Evaluation: [1300/1978]  eta: 0:00:47    time: 0.0698  data: 0.0000  max mem: 2876
      Evaluation: [1400/1978]  eta: 0:00:40    time: 0.0693  data: 0.0000  max mem: 2876
      Evaluation: [1500/1978]  eta: 0:00:33    time: 0.0691  data: 0.0000  max mem: 2876
      Evaluation: [1600/1978]  eta: 0:00:26    time: 0.0702  data: 0.0000  max mem: 2876
      Evaluation: [1700/1978]  eta: 0:00:19    time: 0.0690  data: 0.0000  max mem: 2876
      Evaluation: [1800/1978]  eta: 0:00:12    time: 0.0691  data: 0.0000  max mem: 2876
      Evaluation: [1900/1978]  eta: 0:00:05    time: 0.0698  data: 0.0000  max mem: 2876
      Evaluation: [1977/1978]  eta: 0:00:00    time: 0.0693  data: 0.0000  max mem: 2876
      Evaluation: Total time: 0:02:17 (0.0694 s / it)
     Computing matching score time 0:02:17
### TTA ITM Score: 
+-------+--------+--------+--------+--------+--------+
| epoch |   R1   |   R5   |  R10   |  mAP   |  mINP  |
+-------+--------+--------+--------+--------+--------+
|  -999 | 69.414 | 95.197 | 97.776 | 81.233 | 81.233 |
|  -999 | 69.414 | 95.197 | 97.776 | 81.233 | 81.233 |
|  -999 | 84.277 | 99.039 | 99.596 | 91.276 | 91.276 |
|   0   | 85.137 | 98.938 | 99.494 | 91.667 | 91.667 |
|   1   | 84.783 | 98.534 | 99.343 | 91.352 | 91.352 |
|   2   | 84.833 | 98.433 | 99.393 | 91.352 | 91.352 |
|   3   | 84.934 | 98.281 | 99.343 | 91.338 | 91.338 |
|   4   | 84.783 | 98.332 | 99.343 | 91.224 | 91.224 |
|   5   | 84.833 | 98.534 | 99.393 | 91.266 | 91.266 |
|   6   | 84.681 | 98.534 | 99.393 | 91.196 | 91.196 |
|   7   | 84.681 | 98.534 | 99.444 | 91.179 | 91.179 |
|   8   | 84.732 | 98.483 | 99.393 | 91.204 | 91.204 |
|   9   | 84.226 | 98.433 | 99.343 | 90.948 | 90.948 |
|   10  | 84.580 | 98.433 | 99.393 | 91.131 | 91.131 |
+-------+--------+--------+--------+--------+--------+
     logs:  {'epo': 10, 'R1': 84.58, 'R5': 98.433, 'R10': 99.393, 'mAP': 91.131, 'mINP': 91.131, 'lr': 0.000134, 'entropy': 0.043346, 'loss': 0.043346, 'entr_unc': 0.043346, 'uncertainty': 1.0, 'uncertainty_multiply_coeffi': 1.0}
      TTA Epoch: [11] [  0/123]  eta: 0:00:56  lr: 0.000131  entropy: 0.0216  loss: 0.0216  entr_unc: 0.0216  uncertainty: 1.0000  uncertainty_multiply_coeffi: 1.0000  time: 0.4556  data: 0.3102  max mem: 2876
      TTA Epoch: [11] [100/123]  eta: 0:00:01  lr: 0.000125  entropy: 0.0170  loss: 0.0170  entr_unc: 0.0170  uncertainty: 1.0000  uncertainty_multiply_coeffi: 1.0000  time: 0.0559  data: 0.0034  max mem: 2876
      TTA Epoch: [11] [122/123]  eta: 0:00:00  lr: 0.000124  entropy: 0.0026  loss: 0.0026  entr_unc: 0.0026  uncertainty: 1.0000  uncertainty_multiply_coeffi: 1.0000  time: 0.0471  data: 0.0030  max mem: 2876
      TTA Epoch: [11] Total time: 0:00:07 (0.0601 s / it)
     Averaged stats: lr: 0.0001  entropy: 0.0428  loss: 0.0428  entr_unc: 0.0428  uncertainty: 1.0000  uncertainty_multiply_coeffi: 1.0000
     itm tta time 0:00:07
     Computing matching score
      Evaluation: [   0/1978]  eta: 0:02:26    time: 0.0739  data: 0.0033  max mem: 2876
      Evaluation: [ 100/1978]  eta: 0:02:10    time: 0.0691  data: 0.0000  max mem: 2876
      Evaluation: [ 200/1978]  eta: 0:02:03    time: 0.0693  data: 0.0000  max mem: 2876
      Evaluation: [ 300/1978]  eta: 0:01:57    time: 0.0694  data: 0.0000  max mem: 2876
      Evaluation: [ 400/1978]  eta: 0:01:50    time: 0.0695  data: 0.0000  max mem: 2876
      Evaluation: [ 500/1978]  eta: 0:01:43    time: 0.0694  data: 0.0000  max mem: 2876
      Evaluation: [ 600/1978]  eta: 0:01:36    time: 0.0706  data: 0.0000  max mem: 2876
      Evaluation: [ 700/1978]  eta: 0:01:29    time: 0.0704  data: 0.0000  max mem: 2876
      Evaluation: [ 800/1978]  eta: 0:01:22    time: 0.0767  data: 0.0000  max mem: 2876
      Evaluation: [ 900/1978]  eta: 0:01:15    time: 0.0699  data: 0.0000  max mem: 2876
      Evaluation: [1000/1978]  eta: 0:01:08    time: 0.0705  data: 0.0000  max mem: 2876
      Evaluation: [1100/1978]  eta: 0:01:01    time: 0.0692  data: 0.0000  max mem: 2876
      Evaluation: [1200/1978]  eta: 0:00:54    time: 0.0693  data: 0.0000  max mem: 2876
      Evaluation: [1300/1978]  eta: 0:00:47    time: 0.0694  data: 0.0000  max mem: 2876
      Evaluation: [1400/1978]  eta: 0:00:40    time: 0.0693  data: 0.0000  max mem: 2876
      Evaluation: [1500/1978]  eta: 0:00:33    time: 0.0694  data: 0.0000  max mem: 2876
      Evaluation: [1600/1978]  eta: 0:00:26    time: 0.0695  data: 0.0000  max mem: 2876
      Evaluation: [1700/1978]  eta: 0:00:19    time: 0.0695  data: 0.0000  max mem: 2876
      Evaluation: [1800/1978]  eta: 0:00:12    time: 0.0696  data: 0.0000  max mem: 2876
      Evaluation: [1900/1978]  eta: 0:00:05    time: 0.0704  data: 0.0000  max mem: 2876
      Evaluation: [1977/1978]  eta: 0:00:00    time: 0.0705  data: 0.0000  max mem: 2876
      Evaluation: Total time: 0:02:18 (0.0700 s / it)
     Computing matching score time 0:02:18
### TTA ITM Score: 
+-------+--------+--------+--------+--------+--------+
| epoch |   R1   |   R5   |  R10   |  mAP   |  mINP  |
+-------+--------+--------+--------+--------+--------+
|  -999 | 69.414 | 95.197 | 97.776 | 81.233 | 81.233 |
|  -999 | 69.414 | 95.197 | 97.776 | 81.233 | 81.233 |
|  -999 | 84.277 | 99.039 | 99.596 | 91.276 | 91.276 |
|   0   | 85.137 | 98.938 | 99.494 | 91.667 | 91.667 |
|   1   | 84.783 | 98.534 | 99.343 | 91.352 | 91.352 |
|   2   | 84.833 | 98.433 | 99.393 | 91.352 | 91.352 |
|   3   | 84.934 | 98.281 | 99.343 | 91.338 | 91.338 |
|   4   | 84.783 | 98.332 | 99.343 | 91.224 | 91.224 |
|   5   | 84.833 | 98.534 | 99.393 | 91.266 | 91.266 |
|   6   | 84.681 | 98.534 | 99.393 | 91.196 | 91.196 |
|   7   | 84.681 | 98.534 | 99.444 | 91.179 | 91.179 |
|   8   | 84.732 | 98.483 | 99.393 | 91.204 | 91.204 |
|   9   | 84.226 | 98.433 | 99.343 | 90.948 | 90.948 |
|   10  | 84.580 | 98.433 | 99.393 | 91.131 | 91.131 |
|   11  | 84.631 | 98.483 | 99.444 | 91.162 | 91.162 |
+-------+--------+--------+--------+--------+--------+
     logs:  {'epo': 11, 'R1': 84.631, 'R5': 98.483, 'R10': 99.444, 'mAP': 91.162, 'mINP': 91.162, 'lr': 0.000127, 'entropy': 0.042767, 'loss': 0.042767, 'entr_unc': 0.042767, 'uncertainty': 1.0, 'uncertainty_multiply_coeffi': 1.0}
      TTA Epoch: [12] [  0/123]  eta: 0:01:08  lr: 0.000124  entropy: 0.0836  loss: 0.0836  entr_unc: 0.0836  uncertainty: 1.0000  uncertainty_multiply_coeffi: 1.0000  time: 0.5533  data: 0.4279  max mem: 2876
      TTA Epoch: [12] [100/123]  eta: 0:00:01  lr: 0.000118  entropy: 0.0021  loss: 0.0021  entr_unc: 0.0021  uncertainty: 1.0000  uncertainty_multiply_coeffi: 1.0000  time: 0.0585  data: 0.0051  max mem: 2876
      TTA Epoch: [12] [122/123]  eta: 0:00:00  lr: 0.000117  entropy: 0.0128  loss: 0.0128  entr_unc: 0.0128  uncertainty: 1.0000  uncertainty_multiply_coeffi: 1.0000  time: 0.0485  data: 0.0017  max mem: 2876
      TTA Epoch: [12] Total time: 0:00:07 (0.0616 s / it)
     Averaged stats: lr: 0.0001  entropy: 0.0449  loss: 0.0449  entr_unc: 0.0449  uncertainty: 1.0000  uncertainty_multiply_coeffi: 1.0000
     itm tta time 0:00:07
     Computing matching score
      Evaluation: [   0/1978]  eta: 0:02:25    time: 0.0738  data: 0.0033  max mem: 2876
      Evaluation: [ 100/1978]  eta: 0:02:10    time: 0.0689  data: 0.0000  max mem: 2876
      Evaluation: [ 200/1978]  eta: 0:02:03    time: 0.0693  data: 0.0000  max mem: 2876
      Evaluation: [ 300/1978]  eta: 0:01:55    time: 0.0688  data: 0.0000  max mem: 2876
      Evaluation: [ 400/1978]  eta: 0:01:48    time: 0.0688  data: 0.0000  max mem: 2876
      Evaluation: [ 500/1978]  eta: 0:01:42    time: 0.0693  data: 0.0000  max mem: 2876
      Evaluation: [ 600/1978]  eta: 0:01:35    time: 0.0697  data: 0.0000  max mem: 2876
      Evaluation: [ 700/1978]  eta: 0:01:29    time: 0.0762  data: 0.0000  max mem: 2876
      Evaluation: [ 800/1978]  eta: 0:01:22    time: 0.0704  data: 0.0000  max mem: 2876
      Evaluation: [ 900/1978]  eta: 0:01:15    time: 0.0689  data: 0.0000  max mem: 2876
      Evaluation: [1000/1978]  eta: 0:01:08    time: 0.0691  data: 0.0000  max mem: 2876
      Evaluation: [1100/1978]  eta: 0:01:01    time: 0.0699  data: 0.0000  max mem: 2876
      Evaluation: [1200/1978]  eta: 0:00:54    time: 0.0702  data: 0.0000  max mem: 2876
      Evaluation: [1300/1978]  eta: 0:00:47    time: 0.0701  data: 0.0000  max mem: 2876
      Evaluation: [1400/1978]  eta: 0:00:40    time: 0.0694  data: 0.0000  max mem: 2876
      Evaluation: [1500/1978]  eta: 0:00:33    time: 0.0690  data: 0.0000  max mem: 2876
      Evaluation: [1600/1978]  eta: 0:00:26    time: 0.0689  data: 0.0000  max mem: 2876
      Evaluation: [1700/1978]  eta: 0:00:19    time: 0.0698  data: 0.0000  max mem: 2876
      Evaluation: [1800/1978]  eta: 0:00:12    time: 0.0705  data: 0.0000  max mem: 2876
      Evaluation: [1900/1978]  eta: 0:00:05    time: 0.0706  data: 0.0000  max mem: 2876
      Evaluation: [1977/1978]  eta: 0:00:00    time: 0.0689  data: 0.0000  max mem: 2876
      Evaluation: Total time: 0:02:18 (0.0700 s / it)
     Computing matching score time 0:02:18
### TTA ITM Score: 
+-------+--------+--------+--------+--------+--------+
| epoch |   R1   |   R5   |  R10   |  mAP   |  mINP  |
+-------+--------+--------+--------+--------+--------+
|  -999 | 69.414 | 95.197 | 97.776 | 81.233 | 81.233 |
|  -999 | 69.414 | 95.197 | 97.776 | 81.233 | 81.233 |
|  -999 | 84.277 | 99.039 | 99.596 | 91.276 | 91.276 |
|   0   | 85.137 | 98.938 | 99.494 | 91.667 | 91.667 |
|   1   | 84.783 | 98.534 | 99.343 | 91.352 | 91.352 |
|   2   | 84.833 | 98.433 | 99.393 | 91.352 | 91.352 |
|   3   | 84.934 | 98.281 | 99.343 | 91.338 | 91.338 |
|   4   | 84.783 | 98.332 | 99.343 | 91.224 | 91.224 |
|   5   | 84.833 | 98.534 | 99.393 | 91.266 | 91.266 |
|   6   | 84.681 | 98.534 | 99.393 | 91.196 | 91.196 |
|   7   | 84.681 | 98.534 | 99.444 | 91.179 | 91.179 |
|   8   | 84.732 | 98.483 | 99.393 | 91.204 | 91.204 |
|   9   | 84.226 | 98.433 | 99.343 | 90.948 | 90.948 |
|   10  | 84.580 | 98.433 | 99.393 | 91.131 | 91.131 |
|   11  | 84.631 | 98.483 | 99.444 | 91.162 | 91.162 |
|   12  | 84.681 | 98.433 | 99.393 | 91.170 | 91.170 |
+-------+--------+--------+--------+--------+--------+
     logs:  {'epo': 12, 'R1': 84.681, 'R5': 98.433, 'R10': 99.393, 'mAP': 91.17, 'mINP': 91.17, 'lr': 0.000121, 'entropy': 0.044852, 'loss': 0.044852, 'entr_unc': 0.044852, 'uncertainty': 1.0, 'uncertainty_multiply_coeffi': 1.0}
      TTA Epoch: [13] [  0/123]  eta: 0:00:48  lr: 0.000117  entropy: 0.1633  loss: 0.1633  entr_unc: 0.1633  uncertainty: 1.0000  uncertainty_multiply_coeffi: 1.0000  time: 0.3966  data: 0.2813  max mem: 2876
      TTA Epoch: [13] [100/123]  eta: 0:00:01  lr: 0.000112  entropy: 0.0616  loss: 0.0616  entr_unc: 0.0616  uncertainty: 1.0000  uncertainty_multiply_coeffi: 1.0000  time: 0.0590  data: 0.0042  max mem: 2876
      TTA Epoch: [13] [122/123]  eta: 0:00:00  lr: 0.000110  entropy: 0.0554  loss: 0.0554  entr_unc: 0.0554  uncertainty: 1.0000  uncertainty_multiply_coeffi: 1.0000  time: 0.0491  data: 0.0024  max mem: 2876
      TTA Epoch: [13] Total time: 0:00:07 (0.0614 s / it)
     Averaged stats: lr: 0.0001  entropy: 0.0436  loss: 0.0436  entr_unc: 0.0436  uncertainty: 1.0000  uncertainty_multiply_coeffi: 1.0000
     itm tta time 0:00:07
     Computing matching score
      Evaluation: [   0/1978]  eta: 0:02:29    time: 0.0757  data: 0.0033  max mem: 2876
      Evaluation: [ 100/1978]  eta: 0:02:12    time: 0.0754  data: 0.0000  max mem: 2876
      Evaluation: [ 200/1978]  eta: 0:02:05    time: 0.0692  data: 0.0000  max mem: 2876
      Evaluation: [ 300/1978]  eta: 0:01:57    time: 0.0697  data: 0.0000  max mem: 2876
      Evaluation: [ 400/1978]  eta: 0:01:50    time: 0.0694  data: 0.0000  max mem: 2876
      Evaluation: [ 500/1978]  eta: 0:01:43    time: 0.0692  data: 0.0000  max mem: 2876
      Evaluation: [ 600/1978]  eta: 0:01:36    time: 0.0693  data: 0.0000  max mem: 2876
      Evaluation: [ 700/1978]  eta: 0:01:29    time: 0.0691  data: 0.0000  max mem: 2876
      Evaluation: [ 800/1978]  eta: 0:01:22    time: 0.0694  data: 0.0000  max mem: 2876
      Evaluation: [ 900/1978]  eta: 0:01:15    time: 0.0699  data: 0.0000  max mem: 2876
      Evaluation: [1000/1978]  eta: 0:01:08    time: 0.0694  data: 0.0000  max mem: 2876
      Evaluation: [1100/1978]  eta: 0:01:01    time: 0.0692  data: 0.0000  max mem: 2876
      Evaluation: [1200/1978]  eta: 0:00:54    time: 0.0695  data: 0.0000  max mem: 2876
      Evaluation: [1300/1978]  eta: 0:00:47    time: 0.0696  data: 0.0000  max mem: 2876
      Evaluation: [1400/1978]  eta: 0:00:40    time: 0.0693  data: 0.0000  max mem: 2876
      Evaluation: [1500/1978]  eta: 0:00:33    time: 0.0702  data: 0.0000  max mem: 2876
      Evaluation: [1600/1978]  eta: 0:00:26    time: 0.0691  data: 0.0000  max mem: 2876
      Evaluation: [1700/1978]  eta: 0:00:19    time: 0.0693  data: 0.0000  max mem: 2876
      Evaluation: [1800/1978]  eta: 0:00:12    time: 0.0691  data: 0.0000  max mem: 2876
      Evaluation: [1900/1978]  eta: 0:00:05    time: 0.0702  data: 0.0000  max mem: 2876
      Evaluation: [1977/1978]  eta: 0:00:00    time: 0.0693  data: 0.0000  max mem: 2876
      Evaluation: Total time: 0:02:17 (0.0696 s / it)
     Computing matching score time 0:02:17
### TTA ITM Score: 
+-------+--------+--------+--------+--------+--------+
| epoch |   R1   |   R5   |  R10   |  mAP   |  mINP  |
+-------+--------+--------+--------+--------+--------+
|  -999 | 69.414 | 95.197 | 97.776 | 81.233 | 81.233 |
|  -999 | 69.414 | 95.197 | 97.776 | 81.233 | 81.233 |
|  -999 | 84.277 | 99.039 | 99.596 | 91.276 | 91.276 |
|   0   | 85.137 | 98.938 | 99.494 | 91.667 | 91.667 |
|   1   | 84.783 | 98.534 | 99.343 | 91.352 | 91.352 |
|   2   | 84.833 | 98.433 | 99.393 | 91.352 | 91.352 |
|   3   | 84.934 | 98.281 | 99.343 | 91.338 | 91.338 |
|   4   | 84.783 | 98.332 | 99.343 | 91.224 | 91.224 |
|   5   | 84.833 | 98.534 | 99.393 | 91.266 | 91.266 |
|   6   | 84.681 | 98.534 | 99.393 | 91.196 | 91.196 |
|   7   | 84.681 | 98.534 | 99.444 | 91.179 | 91.179 |
|   8   | 84.732 | 98.483 | 99.393 | 91.204 | 91.204 |
|   9   | 84.226 | 98.433 | 99.343 | 90.948 | 90.948 |
|   10  | 84.580 | 98.433 | 99.393 | 91.131 | 91.131 |
|   11  | 84.631 | 98.483 | 99.444 | 91.162 | 91.162 |
|   12  | 84.681 | 98.433 | 99.393 | 91.170 | 91.170 |
|   13  | 84.884 | 98.584 | 99.444 | 91.298 | 91.298 |
+-------+--------+--------+--------+--------+--------+
     logs:  {'epo': 13, 'R1': 84.884, 'R5': 98.584, 'R10': 99.444, 'mAP': 91.298, 'mINP': 91.298, 'lr': 0.000114, 'entropy': 0.043555, 'loss': 0.043555, 'entr_unc': 0.043555, 'uncertainty': 1.0, 'uncertainty_multiply_coeffi': 1.0}
      TTA Epoch: [14] [  0/123]  eta: 0:00:56  lr: 0.000110  entropy: 0.0470  loss: 0.0470  entr_unc: 0.0470  uncertainty: 1.0000  uncertainty_multiply_coeffi: 1.0000  time: 0.4598  data: 0.3259  max mem: 2876
      TTA Epoch: [14] [100/123]  eta: 0:00:01  lr: 0.000105  entropy: 0.0019  loss: 0.0019  entr_unc: 0.0019  uncertainty: 1.0000  uncertainty_multiply_coeffi: 1.0000  time: 0.0605  data: 0.0068  max mem: 2876
      TTA Epoch: [14] [122/123]  eta: 0:00:00  lr: 0.000104  entropy: 0.0202  loss: 0.0202  entr_unc: 0.0202  uncertainty: 1.0000  uncertainty_multiply_coeffi: 1.0000  time: 0.0491  data: 0.0014  max mem: 2876
      TTA Epoch: [14] Total time: 0:00:07 (0.0618 s / it)
     Averaged stats: lr: 0.0001  entropy: 0.0394  loss: 0.0394  entr_unc: 0.0394  uncertainty: 1.0000  uncertainty_multiply_coeffi: 1.0000
     itm tta time 0:00:07
     Computing matching score
      Evaluation: [   0/1978]  eta: 0:02:25    time: 0.0736  data: 0.0034  max mem: 2876
      Evaluation: [ 100/1978]  eta: 0:02:10    time: 0.0689  data: 0.0000  max mem: 2876
      Evaluation: [ 200/1978]  eta: 0:02:04    time: 0.0693  data: 0.0000  max mem: 2876
      Evaluation: [ 300/1978]  eta: 0:01:56    time: 0.0692  data: 0.0000  max mem: 2876
      Evaluation: [ 400/1978]  eta: 0:01:50    time: 0.0691  data: 0.0000  max mem: 2876
      Evaluation: [ 500/1978]  eta: 0:01:43    time: 0.0695  data: 0.0000  max mem: 2876
      Evaluation: [ 600/1978]  eta: 0:01:36    time: 0.0699  data: 0.0000  max mem: 2876
      Evaluation: [ 700/1978]  eta: 0:01:29    time: 0.0691  data: 0.0000  max mem: 2876
      Evaluation: [ 800/1978]  eta: 0:01:22    time: 0.0698  data: 0.0000  max mem: 2876
      Evaluation: [ 900/1978]  eta: 0:01:15    time: 0.0689  data: 0.0000  max mem: 2876
      Evaluation: [1000/1978]  eta: 0:01:08    time: 0.0691  data: 0.0000  max mem: 2876
      Evaluation: [1100/1978]  eta: 0:01:01    time: 0.0703  data: 0.0000  max mem: 2876
      Evaluation: [1200/1978]  eta: 0:00:54    time: 0.0772  data: 0.0000  max mem: 2876
      Evaluation: [1300/1978]  eta: 0:00:47    time: 0.0713  data: 0.0000  max mem: 2876
      Evaluation: [1400/1978]  eta: 0:00:40    time: 0.0705  data: 0.0000  max mem: 2876
      Evaluation: [1500/1978]  eta: 0:00:33    time: 0.0705  data: 0.0000  max mem: 2876
      Evaluation: [1600/1978]  eta: 0:00:26    time: 0.0689  data: 0.0000  max mem: 2876
      Evaluation: [1700/1978]  eta: 0:00:19    time: 0.0699  data: 0.0000  max mem: 2876
      Evaluation: [1800/1978]  eta: 0:00:12    time: 0.0710  data: 0.0000  max mem: 2876
      Evaluation: [1900/1978]  eta: 0:00:05    time: 0.0702  data: 0.0000  max mem: 2876
      Evaluation: [1977/1978]  eta: 0:00:00    time: 0.0694  data: 0.0000  max mem: 2876
      Evaluation: Total time: 0:02:18 (0.0699 s / it)
     Computing matching score time 0:02:18
### TTA ITM Score: 
+-------+--------+--------+--------+--------+--------+
| epoch |   R1   |   R5   |  R10   |  mAP   |  mINP  |
+-------+--------+--------+--------+--------+--------+
|  -999 | 69.414 | 95.197 | 97.776 | 81.233 | 81.233 |
|  -999 | 69.414 | 95.197 | 97.776 | 81.233 | 81.233 |
|  -999 | 84.277 | 99.039 | 99.596 | 91.276 | 91.276 |
|   0   | 85.137 | 98.938 | 99.494 | 91.667 | 91.667 |
|   1   | 84.783 | 98.534 | 99.343 | 91.352 | 91.352 |
|   2   | 84.833 | 98.433 | 99.393 | 91.352 | 91.352 |
|   3   | 84.934 | 98.281 | 99.343 | 91.338 | 91.338 |
|   4   | 84.783 | 98.332 | 99.343 | 91.224 | 91.224 |
|   5   | 84.833 | 98.534 | 99.393 | 91.266 | 91.266 |
|   6   | 84.681 | 98.534 | 99.393 | 91.196 | 91.196 |
|   7   | 84.681 | 98.534 | 99.444 | 91.179 | 91.179 |
|   8   | 84.732 | 98.483 | 99.393 | 91.204 | 91.204 |
|   9   | 84.226 | 98.433 | 99.343 | 90.948 | 90.948 |
|   10  | 84.580 | 98.433 | 99.393 | 91.131 | 91.131 |
|   11  | 84.631 | 98.483 | 99.444 | 91.162 | 91.162 |
|   12  | 84.681 | 98.433 | 99.393 | 91.170 | 91.170 |
|   13  | 84.884 | 98.584 | 99.444 | 91.298 | 91.298 |
|   14  | 84.934 | 98.433 | 99.393 | 91.333 | 91.333 |
+-------+--------+--------+--------+--------+--------+
     logs:  {'epo': 14, 'R1': 84.934, 'R5': 98.433, 'R10': 99.393, 'mAP': 91.333, 'mINP': 91.333, 'lr': 0.000107, 'entropy': 0.039387, 'loss': 0.039387, 'entr_unc': 0.039387, 'uncertainty': 1.0, 'uncertainty_multiply_coeffi': 1.0}
      TTA Epoch: [15] [  0/123]  eta: 0:00:53  lr: 0.000104  entropy: 0.0003  loss: 0.0003  entr_unc: 0.0003  uncertainty: 1.0000  uncertainty_multiply_coeffi: 1.0000  time: 0.4344  data: 0.3043  max mem: 2876
      TTA Epoch: [15] [100/123]  eta: 0:00:01  lr: 0.000098  entropy: 0.0113  loss: 0.0113  entr_unc: 0.0113  uncertainty: 1.0000  uncertainty_multiply_coeffi: 1.0000  time: 0.0594  data: 0.0068  max mem: 2876
      TTA Epoch: [15] [122/123]  eta: 0:00:00  lr: 0.000097  entropy: 0.0214  loss: 0.0214  entr_unc: 0.0214  uncertainty: 1.0000  uncertainty_multiply_coeffi: 1.0000  time: 0.0486  data: 0.0041  max mem: 2876
      TTA Epoch: [15] Total time: 0:00:07 (0.0609 s / it)
     Averaged stats: lr: 0.0001  entropy: 0.0374  loss: 0.0374  entr_unc: 0.0374  uncertainty: 1.0000  uncertainty_multiply_coeffi: 1.0000
     itm tta time 0:00:07
     Computing matching score
      Evaluation: [   0/1978]  eta: 0:02:25    time: 0.0737  data: 0.0033  max mem: 2876
      Evaluation: [ 100/1978]  eta: 0:02:10    time: 0.0692  data: 0.0000  max mem: 2876
      Evaluation: [ 200/1978]  eta: 0:02:03    time: 0.0697  data: 0.0000  max mem: 2876
      Evaluation: [ 300/1978]  eta: 0:01:57    time: 0.0694  data: 0.0000  max mem: 2876
      Evaluation: [ 400/1978]  eta: 0:01:50    time: 0.0706  data: 0.0000  max mem: 2876
      Evaluation: [ 500/1978]  eta: 0:01:43    time: 0.0699  data: 0.0000  max mem: 2876
      Evaluation: [ 600/1978]  eta: 0:01:36    time: 0.0703  data: 0.0000  max mem: 2876
      Evaluation: [ 700/1978]  eta: 0:01:29    time: 0.0695  data: 0.0000  max mem: 2876
      Evaluation: [ 800/1978]  eta: 0:01:22    time: 0.0701  data: 0.0000  max mem: 2876
      Evaluation: [ 900/1978]  eta: 0:01:15    time: 0.0695  data: 0.0000  max mem: 2876
      Evaluation: [1000/1978]  eta: 0:01:08    time: 0.0696  data: 0.0000  max mem: 2876
      Evaluation: [1100/1978]  eta: 0:01:01    time: 0.0693  data: 0.0000  max mem: 2876
      Evaluation: [1200/1978]  eta: 0:00:54    time: 0.0700  data: 0.0000  max mem: 2876
      Evaluation: [1300/1978]  eta: 0:00:47    time: 0.0692  data: 0.0000  max mem: 2876
      Evaluation: [1400/1978]  eta: 0:00:40    time: 0.0697  data: 0.0000  max mem: 2876
      Evaluation: [1500/1978]  eta: 0:00:33    time: 0.0698  data: 0.0000  max mem: 2876
      Evaluation: [1600/1978]  eta: 0:00:26    time: 0.0696  data: 0.0000  max mem: 2876
      Evaluation: [1700/1978]  eta: 0:00:19    time: 0.0694  data: 0.0000  max mem: 2876
      Evaluation: [1800/1978]  eta: 0:00:12    time: 0.0695  data: 0.0000  max mem: 2876
      Evaluation: [1900/1978]  eta: 0:00:05    time: 0.0694  data: 0.0000  max mem: 2876
      Evaluation: [1977/1978]  eta: 0:00:00    time: 0.0694  data: 0.0000  max mem: 2876
      Evaluation: Total time: 0:02:17 (0.0697 s / it)
     Computing matching score time 0:02:18
### TTA ITM Score: 
+-------+--------+--------+--------+--------+--------+
| epoch |   R1   |   R5   |  R10   |  mAP   |  mINP  |
+-------+--------+--------+--------+--------+--------+
|  -999 | 69.414 | 95.197 | 97.776 | 81.233 | 81.233 |
|  -999 | 69.414 | 95.197 | 97.776 | 81.233 | 81.233 |
|  -999 | 84.277 | 99.039 | 99.596 | 91.276 | 91.276 |
|   0   | 85.137 | 98.938 | 99.494 | 91.667 | 91.667 |
|   1   | 84.783 | 98.534 | 99.343 | 91.352 | 91.352 |
|   2   | 84.833 | 98.433 | 99.393 | 91.352 | 91.352 |
|   3   | 84.934 | 98.281 | 99.343 | 91.338 | 91.338 |
|   4   | 84.783 | 98.332 | 99.343 | 91.224 | 91.224 |
|   5   | 84.833 | 98.534 | 99.393 | 91.266 | 91.266 |
|   6   | 84.681 | 98.534 | 99.393 | 91.196 | 91.196 |
|   7   | 84.681 | 98.534 | 99.444 | 91.179 | 91.179 |
|   8   | 84.732 | 98.483 | 99.393 | 91.204 | 91.204 |
|   9   | 84.226 | 98.433 | 99.343 | 90.948 | 90.948 |
|   10  | 84.580 | 98.433 | 99.393 | 91.131 | 91.131 |
|   11  | 84.631 | 98.483 | 99.444 | 91.162 | 91.162 |
|   12  | 84.681 | 98.433 | 99.393 | 91.170 | 91.170 |
|   13  | 84.884 | 98.584 | 99.444 | 91.298 | 91.298 |
|   14  | 84.934 | 98.433 | 99.393 | 91.333 | 91.333 |
|   15  | 84.884 | 98.483 | 99.393 | 91.284 | 91.284 |
+-------+--------+--------+--------+--------+--------+
     logs:  {'epo': 15, 'R1': 84.884, 'R5': 98.483, 'R10': 99.393, 'mAP': 91.284, 'mINP': 91.284, 'lr': 0.0001, 'entropy': 0.037401, 'loss': 0.037401, 'entr_unc': 0.037401, 'uncertainty': 1.0, 'uncertainty_multiply_coeffi': 1.0}
      TTA Epoch: [16] [  0/123]  eta: 0:01:00  lr: 0.000097  entropy: 0.0160  loss: 0.0160  entr_unc: 0.0160  uncertainty: 1.0000  uncertainty_multiply_coeffi: 1.0000  time: 0.4908  data: 0.3278  max mem: 2876
      TTA Epoch: [16] [100/123]  eta: 0:00:01  lr: 0.000091  entropy: 0.1049  loss: 0.1049  entr_unc: 0.1049  uncertainty: 1.0000  uncertainty_multiply_coeffi: 1.0000  time: 0.0599  data: 0.0053  max mem: 2876
      TTA Epoch: [16] [122/123]  eta: 0:00:00  lr: 0.000090  entropy: 0.0622  loss: 0.0622  entr_unc: 0.0622  uncertainty: 1.0000  uncertainty_multiply_coeffi: 1.0000  time: 0.0484  data: 0.0009  max mem: 2876
      TTA Epoch: [16] Total time: 0:00:07 (0.0608 s / it)
     Averaged stats: lr: 0.0001  entropy: 0.0386  loss: 0.0386  entr_unc: 0.0386  uncertainty: 1.0000  uncertainty_multiply_coeffi: 1.0000
     itm tta time 0:00:07
     Computing matching score
      Evaluation: [   0/1978]  eta: 0:02:28    time: 0.0748  data: 0.0023  max mem: 2876
      Evaluation: [ 100/1978]  eta: 0:02:10    time: 0.0697  data: 0.0000  max mem: 2876
      Evaluation: [ 200/1978]  eta: 0:02:03    time: 0.0692  data: 0.0000  max mem: 2876
      Evaluation: [ 300/1978]  eta: 0:01:57    time: 0.0691  data: 0.0000  max mem: 2876
      Evaluation: [ 400/1978]  eta: 0:01:50    time: 0.0692  data: 0.0000  max mem: 2876
      Evaluation: [ 500/1978]  eta: 0:01:43    time: 0.0699  data: 0.0000  max mem: 2876
      Evaluation: [ 600/1978]  eta: 0:01:36    time: 0.0764  data: 0.0000  max mem: 2876
      Evaluation: [ 700/1978]  eta: 0:01:29    time: 0.0693  data: 0.0000  max mem: 2876
      Evaluation: [ 800/1978]  eta: 0:01:22    time: 0.0692  data: 0.0000  max mem: 2876
      Evaluation: [ 900/1978]  eta: 0:01:15    time: 0.0692  data: 0.0000  max mem: 2876
      Evaluation: [1000/1978]  eta: 0:01:08    time: 0.0692  data: 0.0000  max mem: 2876
      Evaluation: [1100/1978]  eta: 0:01:01    time: 0.0698  data: 0.0000  max mem: 2876
      Evaluation: [1200/1978]  eta: 0:00:54    time: 0.0693  data: 0.0000  max mem: 2876
      Evaluation: [1300/1978]  eta: 0:00:47    time: 0.0693  data: 0.0000  max mem: 2876
      Evaluation: [1400/1978]  eta: 0:00:40    time: 0.0693  data: 0.0000  max mem: 2876
      Evaluation: [1500/1978]  eta: 0:00:33    time: 0.0694  data: 0.0000  max mem: 2876
      Evaluation: [1600/1978]  eta: 0:00:26    time: 0.0693  data: 0.0000  max mem: 2876
      Evaluation: [1700/1978]  eta: 0:00:19    time: 0.0699  data: 0.0000  max mem: 2876
      Evaluation: [1800/1978]  eta: 0:00:12    time: 0.0694  data: 0.0000  max mem: 2876
      Evaluation: [1900/1978]  eta: 0:00:05    time: 0.0692  data: 0.0000  max mem: 2876
      Evaluation: [1977/1978]  eta: 0:00:00    time: 0.0693  data: 0.0000  max mem: 2876
      Evaluation: Total time: 0:02:17 (0.0697 s / it)
     Computing matching score time 0:02:18
### TTA ITM Score: 
+-------+--------+--------+--------+--------+--------+
| epoch |   R1   |   R5   |  R10   |  mAP   |  mINP  |
+-------+--------+--------+--------+--------+--------+
|  -999 | 69.414 | 95.197 | 97.776 | 81.233 | 81.233 |
|  -999 | 69.414 | 95.197 | 97.776 | 81.233 | 81.233 |
|  -999 | 84.277 | 99.039 | 99.596 | 91.276 | 91.276 |
|   0   | 85.137 | 98.938 | 99.494 | 91.667 | 91.667 |
|   1   | 84.783 | 98.534 | 99.343 | 91.352 | 91.352 |
|   2   | 84.833 | 98.433 | 99.393 | 91.352 | 91.352 |
|   3   | 84.934 | 98.281 | 99.343 | 91.338 | 91.338 |
|   4   | 84.783 | 98.332 | 99.343 | 91.224 | 91.224 |
|   5   | 84.833 | 98.534 | 99.393 | 91.266 | 91.266 |
|   6   | 84.681 | 98.534 | 99.393 | 91.196 | 91.196 |
|   7   | 84.681 | 98.534 | 99.444 | 91.179 | 91.179 |
|   8   | 84.732 | 98.483 | 99.393 | 91.204 | 91.204 |
|   9   | 84.226 | 98.433 | 99.343 | 90.948 | 90.948 |
|   10  | 84.580 | 98.433 | 99.393 | 91.131 | 91.131 |
|   11  | 84.631 | 98.483 | 99.444 | 91.162 | 91.162 |
|   12  | 84.681 | 98.433 | 99.393 | 91.170 | 91.170 |
|   13  | 84.884 | 98.584 | 99.444 | 91.298 | 91.298 |
|   14  | 84.934 | 98.433 | 99.393 | 91.333 | 91.333 |
|   15  | 84.884 | 98.483 | 99.393 | 91.284 | 91.284 |
|   16  | 84.783 | 98.483 | 99.343 | 91.241 | 91.241 |
+-------+--------+--------+--------+--------+--------+
     logs:  {'epo': 16, 'R1': 84.783, 'R5': 98.483, 'R10': 99.343, 'mAP': 91.241, 'mINP': 91.241, 'lr': 9.3e-05, 'entropy': 0.038643, 'loss': 0.038643, 'entr_unc': 0.038643, 'uncertainty': 1.0, 'uncertainty_multiply_coeffi': 1.0}
      TTA Epoch: [17] [  0/123]  eta: 0:01:02  lr: 0.000090  entropy: 0.0006  loss: 0.0006  entr_unc: 0.0006  uncertainty: 1.0000  uncertainty_multiply_coeffi: 1.0000  time: 0.5055  data: 0.3353  max mem: 2876
      TTA Epoch: [17] [100/123]  eta: 0:00:01  lr: 0.000084  entropy: 0.0916  loss: 0.0916  entr_unc: 0.0916  uncertainty: 1.0000  uncertainty_multiply_coeffi: 1.0000  time: 0.0592  data: 0.0028  max mem: 2876
      TTA Epoch: [17] [122/123]  eta: 0:00:00  lr: 0.000083  entropy: 0.0739  loss: 0.0739  entr_unc: 0.0739  uncertainty: 1.0000  uncertainty_multiply_coeffi: 1.0000  time: 0.0491  data: 0.0033  max mem: 2876
      TTA Epoch: [17] Total time: 0:00:07 (0.0607 s / it)
     Averaged stats: lr: 0.0001  entropy: 0.0416  loss: 0.0416  entr_unc: 0.0416  uncertainty: 1.0000  uncertainty_multiply_coeffi: 1.0000
     itm tta time 0:00:07
     Computing matching score
      Evaluation: [   0/1978]  eta: 0:02:27    time: 0.0748  data: 0.0033  max mem: 2876
      Evaluation: [ 100/1978]  eta: 0:02:11    time: 0.0711  data: 0.0000  max mem: 2876
      Evaluation: [ 200/1978]  eta: 0:02:05    time: 0.0696  data: 0.0000  max mem: 2876
      Evaluation: [ 300/1978]  eta: 0:01:57    time: 0.0691  data: 0.0000  max mem: 2876
      Evaluation: [ 400/1978]  eta: 0:01:50    time: 0.0690  data: 0.0000  max mem: 2876
      Evaluation: [ 500/1978]  eta: 0:01:42    time: 0.0689  data: 0.0000  max mem: 2876
      Evaluation: [ 600/1978]  eta: 0:01:35    time: 0.0689  data: 0.0000  max mem: 2876
      Evaluation: [ 700/1978]  eta: 0:01:28    time: 0.0690  data: 0.0000  max mem: 2876
      Evaluation: [ 800/1978]  eta: 0:01:21    time: 0.0695  data: 0.0000  max mem: 2876
      Evaluation: [ 900/1978]  eta: 0:01:14    time: 0.0692  data: 0.0000  max mem: 2876
      Evaluation: [1000/1978]  eta: 0:01:07    time: 0.0691  data: 0.0000  max mem: 2876
      Evaluation: [1100/1978]  eta: 0:01:01    time: 0.0691  data: 0.0000  max mem: 2876
      Evaluation: [1200/1978]  eta: 0:00:54    time: 0.0699  data: 0.0000  max mem: 2876
      Evaluation: [1300/1978]  eta: 0:00:47    time: 0.0691  data: 0.0000  max mem: 2876
      Evaluation: [1400/1978]  eta: 0:00:40    time: 0.0699  data: 0.0000  max mem: 2876
      Evaluation: [1500/1978]  eta: 0:00:33    time: 0.0701  data: 0.0000  max mem: 2876
      Evaluation: [1600/1978]  eta: 0:00:26    time: 0.0703  data: 0.0000  max mem: 2876
      Evaluation: [1700/1978]  eta: 0:00:19    time: 0.0699  data: 0.0000  max mem: 2876
      Evaluation: [1800/1978]  eta: 0:00:12    time: 0.0693  data: 0.0000  max mem: 2876
      Evaluation: [1900/1978]  eta: 0:00:05    time: 0.0692  data: 0.0000  max mem: 2876
      Evaluation: [1977/1978]  eta: 0:00:00    time: 0.0690  data: 0.0000  max mem: 2876
      Evaluation: Total time: 0:02:17 (0.0696 s / it)
     Computing matching score time 0:02:17
### TTA ITM Score: 
+-------+--------+--------+--------+--------+--------+
| epoch |   R1   |   R5   |  R10   |  mAP   |  mINP  |
+-------+--------+--------+--------+--------+--------+
|  -999 | 69.414 | 95.197 | 97.776 | 81.233 | 81.233 |
|  -999 | 69.414 | 95.197 | 97.776 | 81.233 | 81.233 |
|  -999 | 84.277 | 99.039 | 99.596 | 91.276 | 91.276 |
|   0   | 85.137 | 98.938 | 99.494 | 91.667 | 91.667 |
|   1   | 84.783 | 98.534 | 99.343 | 91.352 | 91.352 |
|   2   | 84.833 | 98.433 | 99.393 | 91.352 | 91.352 |
|   3   | 84.934 | 98.281 | 99.343 | 91.338 | 91.338 |
|   4   | 84.783 | 98.332 | 99.343 | 91.224 | 91.224 |
|   5   | 84.833 | 98.534 | 99.393 | 91.266 | 91.266 |
|   6   | 84.681 | 98.534 | 99.393 | 91.196 | 91.196 |
|   7   | 84.681 | 98.534 | 99.444 | 91.179 | 91.179 |
|   8   | 84.732 | 98.483 | 99.393 | 91.204 | 91.204 |
|   9   | 84.226 | 98.433 | 99.343 | 90.948 | 90.948 |
|   10  | 84.580 | 98.433 | 99.393 | 91.131 | 91.131 |
|   11  | 84.631 | 98.483 | 99.444 | 91.162 | 91.162 |
|   12  | 84.681 | 98.433 | 99.393 | 91.170 | 91.170 |
|   13  | 84.884 | 98.584 | 99.444 | 91.298 | 91.298 |
|   14  | 84.934 | 98.433 | 99.393 | 91.333 | 91.333 |
|   15  | 84.884 | 98.483 | 99.393 | 91.284 | 91.284 |
|   16  | 84.783 | 98.483 | 99.343 | 91.241 | 91.241 |
|   17  | 84.631 | 98.534 | 99.393 | 91.195 | 91.195 |
+-------+--------+--------+--------+--------+--------+
     logs:  {'epo': 17, 'R1': 84.631, 'R5': 98.534, 'R10': 99.393, 'mAP': 91.195, 'mINP': 91.195, 'lr': 8.7e-05, 'entropy': 0.041565, 'loss': 0.041565, 'entr_unc': 0.041565, 'uncertainty': 1.0, 'uncertainty_multiply_coeffi': 1.0}
      TTA Epoch: [18] [  0/123]  eta: 0:00:48  lr: 0.000083  entropy: 0.0006  loss: 0.0006  entr_unc: 0.0006  uncertainty: 1.0000  uncertainty_multiply_coeffi: 1.0000  time: 0.3974  data: 0.2842  max mem: 2876
      TTA Epoch: [18] [100/123]  eta: 0:00:01  lr: 0.000078  entropy: 0.0023  loss: 0.0023  entr_unc: 0.0023  uncertainty: 1.0000  uncertainty_multiply_coeffi: 1.0000  time: 0.0574  data: 0.0057  max mem: 2876
      TTA Epoch: [18] [122/123]  eta: 0:00:00  lr: 0.000076  entropy: 0.1390  loss: 0.1390  entr_unc: 0.1390  uncertainty: 1.0000  uncertainty_multiply_coeffi: 1.0000  time: 0.0470  data: 0.0035  max mem: 2876
      TTA Epoch: [18] Total time: 0:00:07 (0.0600 s / it)
     Averaged stats: lr: 0.0001  entropy: 0.0400  loss: 0.0400  entr_unc: 0.0400  uncertainty: 1.0000  uncertainty_multiply_coeffi: 1.0000
     itm tta time 0:00:07
     Computing matching score
      Evaluation: [   0/1978]  eta: 0:02:30    time: 0.0761  data: 0.0024  max mem: 2876
      Evaluation: [ 100/1978]  eta: 0:02:13    time: 0.0759  data: 0.0000  max mem: 2876
      Evaluation: [ 200/1978]  eta: 0:02:05    time: 0.0740  data: 0.0000  max mem: 2876
      Evaluation: [ 300/1978]  eta: 0:01:58    time: 0.0691  data: 0.0000  max mem: 2876
      Evaluation: [ 400/1978]  eta: 0:01:51    time: 0.0757  data: 0.0000  max mem: 2876
      Evaluation: [ 500/1978]  eta: 0:01:44    time: 0.0696  data: 0.0000  max mem: 2876
      Evaluation: [ 600/1978]  eta: 0:01:36    time: 0.0692  data: 0.0000  max mem: 2876
      Evaluation: [ 700/1978]  eta: 0:01:29    time: 0.0693  data: 0.0000  max mem: 2876
      Evaluation: [ 800/1978]  eta: 0:01:22    time: 0.0693  data: 0.0000  max mem: 2876
      Evaluation: [ 900/1978]  eta: 0:01:15    time: 0.0691  data: 0.0000  max mem: 2876
      Evaluation: [1000/1978]  eta: 0:01:08    time: 0.0691  data: 0.0000  max mem: 2876
      Evaluation: [1100/1978]  eta: 0:01:01    time: 0.0694  data: 0.0000  max mem: 2876
      Evaluation: [1200/1978]  eta: 0:00:54    time: 0.0693  data: 0.0000  max mem: 2876
      Evaluation: [1300/1978]  eta: 0:00:47    time: 0.0697  data: 0.0000  max mem: 2876
      Evaluation: [1400/1978]  eta: 0:00:40    time: 0.0693  data: 0.0000  max mem: 2876
      Evaluation: [1500/1978]  eta: 0:00:33    time: 0.0692  data: 0.0000  max mem: 2876
      Evaluation: [1600/1978]  eta: 0:00:26    time: 0.0692  data: 0.0000  max mem: 2876
      Evaluation: [1700/1978]  eta: 0:00:19    time: 0.0694  data: 0.0000  max mem: 2876
      Evaluation: [1800/1978]  eta: 0:00:12    time: 0.0695  data: 0.0000  max mem: 2876
      Evaluation: [1900/1978]  eta: 0:00:05    time: 0.0693  data: 0.0000  max mem: 2876
      Evaluation: [1977/1978]  eta: 0:00:00    time: 0.0693  data: 0.0000  max mem: 2876
      Evaluation: Total time: 0:02:17 (0.0697 s / it)
     Computing matching score time 0:02:18
### TTA ITM Score: 
+-------+--------+--------+--------+--------+--------+
| epoch |   R1   |   R5   |  R10   |  mAP   |  mINP  |
+-------+--------+--------+--------+--------+--------+
|  -999 | 69.414 | 95.197 | 97.776 | 81.233 | 81.233 |
|  -999 | 69.414 | 95.197 | 97.776 | 81.233 | 81.233 |
|  -999 | 84.277 | 99.039 | 99.596 | 91.276 | 91.276 |
|   0   | 85.137 | 98.938 | 99.494 | 91.667 | 91.667 |
|   1   | 84.783 | 98.534 | 99.343 | 91.352 | 91.352 |
|   2   | 84.833 | 98.433 | 99.393 | 91.352 | 91.352 |
|   3   | 84.934 | 98.281 | 99.343 | 91.338 | 91.338 |
|   4   | 84.783 | 98.332 | 99.343 | 91.224 | 91.224 |
|   5   | 84.833 | 98.534 | 99.393 | 91.266 | 91.266 |
|   6   | 84.681 | 98.534 | 99.393 | 91.196 | 91.196 |
|   7   | 84.681 | 98.534 | 99.444 | 91.179 | 91.179 |
|   8   | 84.732 | 98.483 | 99.393 | 91.204 | 91.204 |
|   9   | 84.226 | 98.433 | 99.343 | 90.948 | 90.948 |
|   10  | 84.580 | 98.433 | 99.393 | 91.131 | 91.131 |
|   11  | 84.631 | 98.483 | 99.444 | 91.162 | 91.162 |
|   12  | 84.681 | 98.433 | 99.393 | 91.170 | 91.170 |
|   13  | 84.884 | 98.584 | 99.444 | 91.298 | 91.298 |
|   14  | 84.934 | 98.433 | 99.393 | 91.333 | 91.333 |
|   15  | 84.884 | 98.483 | 99.393 | 91.284 | 91.284 |
|   16  | 84.783 | 98.483 | 99.343 | 91.241 | 91.241 |
|   17  | 84.631 | 98.534 | 99.393 | 91.195 | 91.195 |
|   18  | 84.732 | 98.483 | 99.343 | 91.233 | 91.233 |
+-------+--------+--------+--------+--------+--------+
     logs:  {'epo': 18, 'R1': 84.732, 'R5': 98.483, 'R10': 99.343, 'mAP': 91.233, 'mINP': 91.233, 'lr': 8e-05, 'entropy': 0.040006, 'loss': 0.040006, 'entr_unc': 0.040006, 'uncertainty': 1.0, 'uncertainty_multiply_coeffi': 1.0}
      TTA Epoch: [19] [  0/123]  eta: 0:01:06  lr: 0.000076  entropy: 0.0150  loss: 0.0150  entr_unc: 0.0150  uncertainty: 1.0000  uncertainty_multiply_coeffi: 1.0000  time: 0.5410  data: 0.4058  max mem: 2876
      TTA Epoch: [19] [100/123]  eta: 0:00:01  lr: 0.000071  entropy: 0.0748  loss: 0.0748  entr_unc: 0.0748  uncertainty: 1.0000  uncertainty_multiply_coeffi: 1.0000  time: 0.0582  data: 0.0044  max mem: 2876
      TTA Epoch: [19] [122/123]  eta: 0:00:00  lr: 0.000070  entropy: 0.0017  loss: 0.0017  entr_unc: 0.0017  uncertainty: 1.0000  uncertainty_multiply_coeffi: 1.0000  time: 0.0476  data: 0.0023  max mem: 2876
      TTA Epoch: [19] Total time: 0:00:07 (0.0595 s / it)
     Averaged stats: lr: 0.0001  entropy: 0.0379  loss: 0.0379  entr_unc: 0.0379  uncertainty: 1.0000  uncertainty_multiply_coeffi: 1.0000
     itm tta time 0:00:07
     Computing matching score
      Evaluation: [   0/1978]  eta: 0:02:30    time: 0.0760  data: 0.0024  max mem: 2876
      Evaluation: [ 100/1978]  eta: 0:02:10    time: 0.0691  data: 0.0000  max mem: 2876
      Evaluation: [ 200/1978]  eta: 0:02:02    time: 0.0689  data: 0.0000  max mem: 2876
      Evaluation: [ 300/1978]  eta: 0:01:56    time: 0.0695  data: 0.0000  max mem: 2876
      Evaluation: [ 400/1978]  eta: 0:01:49    time: 0.0692  data: 0.0000  max mem: 2876
      Evaluation: [ 500/1978]  eta: 0:01:42    time: 0.0691  data: 0.0000  max mem: 2876
      Evaluation: [ 600/1978]  eta: 0:01:35    time: 0.0691  data: 0.0000  max mem: 2876
      Evaluation: [ 700/1978]  eta: 0:01:28    time: 0.0691  data: 0.0000  max mem: 2876
      Evaluation: [ 800/1978]  eta: 0:01:21    time: 0.0692  data: 0.0000  max mem: 2876
      Evaluation: [ 900/1978]  eta: 0:01:14    time: 0.0695  data: 0.0000  max mem: 2876
      Evaluation: [1000/1978]  eta: 0:01:07    time: 0.0691  data: 0.0000  max mem: 2876
      Evaluation: [1100/1978]  eta: 0:01:00    time: 0.0692  data: 0.0000  max mem: 2876
      Evaluation: [1200/1978]  eta: 0:00:53    time: 0.0691  data: 0.0000  max mem: 2876
      Evaluation: [1300/1978]  eta: 0:00:46    time: 0.0691  data: 0.0000  max mem: 2876
      Evaluation: [1400/1978]  eta: 0:00:40    time: 0.0691  data: 0.0000  max mem: 2876
      Evaluation: [1500/1978]  eta: 0:00:33    time: 0.0695  data: 0.0000  max mem: 2876
      Evaluation: [1600/1978]  eta: 0:00:26    time: 0.0692  data: 0.0000  max mem: 2876
      Evaluation: [1700/1978]  eta: 0:00:19    time: 0.0691  data: 0.0000  max mem: 2876
      Evaluation: [1800/1978]  eta: 0:00:12    time: 0.0691  data: 0.0000  max mem: 2876
      Evaluation: [1900/1978]  eta: 0:00:05    time: 0.0694  data: 0.0000  max mem: 2876
      Evaluation: [1977/1978]  eta: 0:00:00    time: 0.0692  data: 0.0000  max mem: 2876
      Evaluation: Total time: 0:02:16 (0.0692 s / it)
     Computing matching score time 0:02:17
### TTA ITM Score: 
+-------+--------+--------+--------+--------+--------+
| epoch |   R1   |   R5   |  R10   |  mAP   |  mINP  |
+-------+--------+--------+--------+--------+--------+
|  -999 | 69.414 | 95.197 | 97.776 | 81.233 | 81.233 |
|  -999 | 69.414 | 95.197 | 97.776 | 81.233 | 81.233 |
|  -999 | 84.277 | 99.039 | 99.596 | 91.276 | 91.276 |
|   0   | 85.137 | 98.938 | 99.494 | 91.667 | 91.667 |
|   1   | 84.783 | 98.534 | 99.343 | 91.352 | 91.352 |
|   2   | 84.833 | 98.433 | 99.393 | 91.352 | 91.352 |
|   3   | 84.934 | 98.281 | 99.343 | 91.338 | 91.338 |
|   4   | 84.783 | 98.332 | 99.343 | 91.224 | 91.224 |
|   5   | 84.833 | 98.534 | 99.393 | 91.266 | 91.266 |
|   6   | 84.681 | 98.534 | 99.393 | 91.196 | 91.196 |
|   7   | 84.681 | 98.534 | 99.444 | 91.179 | 91.179 |
|   8   | 84.732 | 98.483 | 99.393 | 91.204 | 91.204 |
|   9   | 84.226 | 98.433 | 99.343 | 90.948 | 90.948 |
|   10  | 84.580 | 98.433 | 99.393 | 91.131 | 91.131 |
|   11  | 84.631 | 98.483 | 99.444 | 91.162 | 91.162 |
|   12  | 84.681 | 98.433 | 99.393 | 91.170 | 91.170 |
|   13  | 84.884 | 98.584 | 99.444 | 91.298 | 91.298 |
|   14  | 84.934 | 98.433 | 99.393 | 91.333 | 91.333 |
|   15  | 84.884 | 98.483 | 99.393 | 91.284 | 91.284 |
|   16  | 84.783 | 98.483 | 99.343 | 91.241 | 91.241 |
|   17  | 84.631 | 98.534 | 99.393 | 91.195 | 91.195 |
|   18  | 84.732 | 98.483 | 99.343 | 91.233 | 91.233 |
|   19  | 84.934 | 98.483 | 99.343 | 91.329 | 91.329 |
+-------+--------+--------+--------+--------+--------+
     logs:  {'epo': 19, 'R1': 84.934, 'R5': 98.483, 'R10': 99.343, 'mAP': 91.329, 'mINP': 91.329, 'lr': 7.3e-05, 'entropy': 0.037903, 'loss': 0.037903, 'entr_unc': 0.037903, 'uncertainty': 1.0, 'uncertainty_multiply_coeffi': 1.0}
      TTA Epoch: [20] [  0/123]  eta: 0:00:53  lr: 0.000070  entropy: 0.0064  loss: 0.0064  entr_unc: 0.0064  uncertainty: 1.0000  uncertainty_multiply_coeffi: 1.0000  time: 0.4349  data: 0.3093  max mem: 2876
      TTA Epoch: [20] [100/123]  eta: 0:00:01  lr: 0.000064  entropy: 0.0099  loss: 0.0099  entr_unc: 0.0099  uncertainty: 1.0000  uncertainty_multiply_coeffi: 1.0000  time: 0.0595  data: 0.0049  max mem: 2876
      TTA Epoch: [20] [122/123]  eta: 0:00:00  lr: 0.000063  entropy: 0.0030  loss: 0.0030  entr_unc: 0.0030  uncertainty: 1.0000  uncertainty_multiply_coeffi: 1.0000  time: 0.0481  data: 0.0038  max mem: 2876
      TTA Epoch: [20] Total time: 0:00:07 (0.0612 s / it)
     Averaged stats: lr: 0.0001  entropy: 0.0385  loss: 0.0385  entr_unc: 0.0385  uncertainty: 1.0000  uncertainty_multiply_coeffi: 1.0000
     itm tta time 0:00:07
     Computing matching score
      Evaluation: [   0/1978]  eta: 0:02:31    time: 0.0767  data: 0.0032  max mem: 2876
      Evaluation: [ 100/1978]  eta: 0:02:09    time: 0.0689  data: 0.0000  max mem: 2876
      Evaluation: [ 200/1978]  eta: 0:02:02    time: 0.0689  data: 0.0000  max mem: 2876
      Evaluation: [ 300/1978]  eta: 0:01:55    time: 0.0690  data: 0.0000  max mem: 2876
      Evaluation: [ 400/1978]  eta: 0:01:48    time: 0.0691  data: 0.0000  max mem: 2876
      Evaluation: [ 500/1978]  eta: 0:01:42    time: 0.0690  data: 0.0000  max mem: 2876
      Evaluation: [ 600/1978]  eta: 0:01:35    time: 0.0690  data: 0.0000  max mem: 2876
      Evaluation: [ 700/1978]  eta: 0:01:28    time: 0.0690  data: 0.0000  max mem: 2876
      Evaluation: [ 800/1978]  eta: 0:01:21    time: 0.0690  data: 0.0000  max mem: 2876
      Evaluation: [ 900/1978]  eta: 0:01:14    time: 0.0691  data: 0.0000  max mem: 2876
      Evaluation: [1000/1978]  eta: 0:01:07    time: 0.0691  data: 0.0000  max mem: 2876
      Evaluation: [1100/1978]  eta: 0:01:00    time: 0.0693  data: 0.0000  max mem: 2876
      Evaluation: [1200/1978]  eta: 0:00:53    time: 0.0692  data: 0.0000  max mem: 2876
      Evaluation: [1300/1978]  eta: 0:00:46    time: 0.0691  data: 0.0000  max mem: 2876
      Evaluation: [1400/1978]  eta: 0:00:39    time: 0.0691  data: 0.0000  max mem: 2876
      Evaluation: [1500/1978]  eta: 0:00:33    time: 0.0690  data: 0.0000  max mem: 2876
      Evaluation: [1600/1978]  eta: 0:00:26    time: 0.0691  data: 0.0000  max mem: 2876
      Evaluation: [1700/1978]  eta: 0:00:19    time: 0.0693  data: 0.0000  max mem: 2876
      Evaluation: [1800/1978]  eta: 0:00:12    time: 0.0691  data: 0.0000  max mem: 2876
      Evaluation: [1900/1978]  eta: 0:00:05    time: 0.0691  data: 0.0000  max mem: 2876
      Evaluation: [1977/1978]  eta: 0:00:00    time: 0.0691  data: 0.0000  max mem: 2876
      Evaluation: Total time: 0:02:16 (0.0691 s / it)
     Computing matching score time 0:02:16
### TTA ITM Score: 
+-------+--------+--------+--------+--------+--------+
| epoch |   R1   |   R5   |  R10   |  mAP   |  mINP  |
+-------+--------+--------+--------+--------+--------+
|  -999 | 69.414 | 95.197 | 97.776 | 81.233 | 81.233 |
|  -999 | 69.414 | 95.197 | 97.776 | 81.233 | 81.233 |
|  -999 | 84.277 | 99.039 | 99.596 | 91.276 | 91.276 |
|   0   | 85.137 | 98.938 | 99.494 | 91.667 | 91.667 |
|   1   | 84.783 | 98.534 | 99.343 | 91.352 | 91.352 |
|   2   | 84.833 | 98.433 | 99.393 | 91.352 | 91.352 |
|   3   | 84.934 | 98.281 | 99.343 | 91.338 | 91.338 |
|   4   | 84.783 | 98.332 | 99.343 | 91.224 | 91.224 |
|   5   | 84.833 | 98.534 | 99.393 | 91.266 | 91.266 |
|   6   | 84.681 | 98.534 | 99.393 | 91.196 | 91.196 |
|   7   | 84.681 | 98.534 | 99.444 | 91.179 | 91.179 |
|   8   | 84.732 | 98.483 | 99.393 | 91.204 | 91.204 |
|   9   | 84.226 | 98.433 | 99.343 | 90.948 | 90.948 |
|   10  | 84.580 | 98.433 | 99.393 | 91.131 | 91.131 |
|   11  | 84.631 | 98.483 | 99.444 | 91.162 | 91.162 |
|   12  | 84.681 | 98.433 | 99.393 | 91.170 | 91.170 |
|   13  | 84.884 | 98.584 | 99.444 | 91.298 | 91.298 |
|   14  | 84.934 | 98.433 | 99.393 | 91.333 | 91.333 |
|   15  | 84.884 | 98.483 | 99.393 | 91.284 | 91.284 |
|   16  | 84.783 | 98.483 | 99.343 | 91.241 | 91.241 |
|   17  | 84.631 | 98.534 | 99.393 | 91.195 | 91.195 |
|   18  | 84.732 | 98.483 | 99.343 | 91.233 | 91.233 |
|   19  | 84.934 | 98.483 | 99.343 | 91.329 | 91.329 |
|   20  | 84.833 | 98.483 | 99.393 | 91.267 | 91.267 |
+-------+--------+--------+--------+--------+--------+
     logs:  {'epo': 20, 'R1': 84.833, 'R5': 98.483, 'R10': 99.393, 'mAP': 91.267, 'mINP': 91.267, 'lr': 6.6e-05, 'entropy': 0.038547, 'loss': 0.038547, 'entr_unc': 0.038547, 'uncertainty': 1.0, 'uncertainty_multiply_coeffi': 1.0}
      TTA Epoch: [21] [  0/123]  eta: 0:01:10  lr: 0.000063  entropy: 0.0238  loss: 0.0238  entr_unc: 0.0238  uncertainty: 1.0000  uncertainty_multiply_coeffi: 1.0000  time: 0.5692  data: 0.4670  max mem: 2876
      TTA Epoch: [21] [100/123]  eta: 0:00:01  lr: 0.000057  entropy: 0.0010  loss: 0.0010  entr_unc: 0.0010  uncertainty: 1.0000  uncertainty_multiply_coeffi: 1.0000  time: 0.0599  data: 0.0074  max mem: 2876
      TTA Epoch: [21] [122/123]  eta: 0:00:00  lr: 0.000056  entropy: 0.0142  loss: 0.0142  entr_unc: 0.0142  uncertainty: 1.0000  uncertainty_multiply_coeffi: 1.0000  time: 0.0492  data: 0.0030  max mem: 2876
      TTA Epoch: [21] Total time: 0:00:07 (0.0609 s / it)
     Averaged stats: lr: 0.0001  entropy: 0.0329  loss: 0.0329  entr_unc: 0.0329  uncertainty: 1.0000  uncertainty_multiply_coeffi: 1.0000
     itm tta time 0:00:07
     Computing matching score
      Evaluation: [   0/1978]  eta: 0:02:25    time: 0.0733  data: 0.0033  max mem: 2876
      Evaluation: [ 100/1978]  eta: 0:02:10    time: 0.0697  data: 0.0000  max mem: 2876
      Evaluation: [ 200/1978]  eta: 0:02:05    time: 0.0704  data: 0.0000  max mem: 2876
      Evaluation: [ 300/1978]  eta: 0:01:57    time: 0.0693  data: 0.0000  max mem: 2876
      Evaluation: [ 400/1978]  eta: 0:01:50    time: 0.0691  data: 0.0000  max mem: 2876
      Evaluation: [ 500/1978]  eta: 0:01:42    time: 0.0693  data: 0.0000  max mem: 2876
      Evaluation: [ 600/1978]  eta: 0:01:35    time: 0.0693  data: 0.0000  max mem: 2876
      Evaluation: [ 700/1978]  eta: 0:01:28    time: 0.0701  data: 0.0000  max mem: 2876
      Evaluation: [ 800/1978]  eta: 0:01:21    time: 0.0695  data: 0.0000  max mem: 2876
      Evaluation: [ 900/1978]  eta: 0:01:14    time: 0.0696  data: 0.0000  max mem: 2876
      Evaluation: [1000/1978]  eta: 0:01:08    time: 0.0692  data: 0.0000  max mem: 2876
      Evaluation: [1100/1978]  eta: 0:01:01    time: 0.0693  data: 0.0000  max mem: 2876
      Evaluation: [1200/1978]  eta: 0:00:54    time: 0.0692  data: 0.0000  max mem: 2876
      Evaluation: [1300/1978]  eta: 0:00:47    time: 0.0700  data: 0.0000  max mem: 2876
      Evaluation: [1400/1978]  eta: 0:00:40    time: 0.0695  data: 0.0000  max mem: 2876
      Evaluation: [1500/1978]  eta: 0:00:33    time: 0.0694  data: 0.0000  max mem: 2876
      Evaluation: [1600/1978]  eta: 0:00:26    time: 0.0692  data: 0.0000  max mem: 2876
      Evaluation: [1700/1978]  eta: 0:00:19    time: 0.0692  data: 0.0000  max mem: 2876
      Evaluation: [1800/1978]  eta: 0:00:12    time: 0.0694  data: 0.0000  max mem: 2876
      Evaluation: [1900/1978]  eta: 0:00:05    time: 0.0700  data: 0.0000  max mem: 2876
      Evaluation: [1977/1978]  eta: 0:00:00    time: 0.0697  data: 0.0000  max mem: 2876
      Evaluation: Total time: 0:02:17 (0.0695 s / it)
     Computing matching score time 0:02:17
### TTA ITM Score: 
+-------+--------+--------+--------+--------+--------+
| epoch |   R1   |   R5   |  R10   |  mAP   |  mINP  |
+-------+--------+--------+--------+--------+--------+
|  -999 | 69.414 | 95.197 | 97.776 | 81.233 | 81.233 |
|  -999 | 69.414 | 95.197 | 97.776 | 81.233 | 81.233 |
|  -999 | 84.277 | 99.039 | 99.596 | 91.276 | 91.276 |
|   0   | 85.137 | 98.938 | 99.494 | 91.667 | 91.667 |
|   1   | 84.783 | 98.534 | 99.343 | 91.352 | 91.352 |
|   2   | 84.833 | 98.433 | 99.393 | 91.352 | 91.352 |
|   3   | 84.934 | 98.281 | 99.343 | 91.338 | 91.338 |
|   4   | 84.783 | 98.332 | 99.343 | 91.224 | 91.224 |
|   5   | 84.833 | 98.534 | 99.393 | 91.266 | 91.266 |
|   6   | 84.681 | 98.534 | 99.393 | 91.196 | 91.196 |
|   7   | 84.681 | 98.534 | 99.444 | 91.179 | 91.179 |
|   8   | 84.732 | 98.483 | 99.393 | 91.204 | 91.204 |
|   9   | 84.226 | 98.433 | 99.343 | 90.948 | 90.948 |
|   10  | 84.580 | 98.433 | 99.393 | 91.131 | 91.131 |
|   11  | 84.631 | 98.483 | 99.444 | 91.162 | 91.162 |
|   12  | 84.681 | 98.433 | 99.393 | 91.170 | 91.170 |
|   13  | 84.884 | 98.584 | 99.444 | 91.298 | 91.298 |
|   14  | 84.934 | 98.433 | 99.393 | 91.333 | 91.333 |
|   15  | 84.884 | 98.483 | 99.393 | 91.284 | 91.284 |
|   16  | 84.783 | 98.483 | 99.343 | 91.241 | 91.241 |
|   17  | 84.631 | 98.534 | 99.393 | 91.195 | 91.195 |
|   18  | 84.732 | 98.483 | 99.343 | 91.233 | 91.233 |
|   19  | 84.934 | 98.483 | 99.343 | 91.329 | 91.329 |
|   20  | 84.833 | 98.483 | 99.393 | 91.267 | 91.267 |
|   21  | 84.833 | 98.483 | 99.393 | 91.285 | 91.285 |
+-------+--------+--------+--------+--------+--------+
     logs:  {'epo': 21, 'R1': 84.833, 'R5': 98.483, 'R10': 99.393, 'mAP': 91.285, 'mINP': 91.285, 'lr': 5.9e-05, 'entropy': 0.032903, 'loss': 0.032903, 'entr_unc': 0.032903, 'uncertainty': 1.0, 'uncertainty_multiply_coeffi': 1.0}
      TTA Epoch: [22] [  0/123]  eta: 0:01:03  lr: 0.000056  entropy: 0.0109  loss: 0.0109  entr_unc: 0.0109  uncertainty: 1.0000  uncertainty_multiply_coeffi: 1.0000  time: 0.5132  data: 0.3431  max mem: 2876
      TTA Epoch: [22] [100/123]  eta: 0:00:01  lr: 0.000050  entropy: 0.0089  loss: 0.0089  entr_unc: 0.0089  uncertainty: 1.0000  uncertainty_multiply_coeffi: 1.0000  time: 0.0590  data: 0.0028  max mem: 2876
      TTA Epoch: [22] [122/123]  eta: 0:00:00  lr: 0.000049  entropy: 0.1912  loss: 0.1912  entr_unc: 0.1912  uncertainty: 1.0000  uncertainty_multiply_coeffi: 1.0000  time: 0.0505  data: 0.0037  max mem: 2876
      TTA Epoch: [22] Total time: 0:00:07 (0.0606 s / it)
     Averaged stats: lr: 0.0001  entropy: 0.0353  loss: 0.0353  entr_unc: 0.0353  uncertainty: 1.0000  uncertainty_multiply_coeffi: 1.0000
     itm tta time 0:00:07
     Computing matching score
      Evaluation: [   0/1978]  eta: 0:02:27    time: 0.0747  data: 0.0032  max mem: 2876
      Evaluation: [ 100/1978]  eta: 0:02:10    time: 0.0696  data: 0.0000  max mem: 2876
      Evaluation: [ 200/1978]  eta: 0:02:03    time: 0.0692  data: 0.0000  max mem: 2876
      Evaluation: [ 300/1978]  eta: 0:01:56    time: 0.0693  data: 0.0000  max mem: 2876
      Evaluation: [ 400/1978]  eta: 0:01:49    time: 0.0698  data: 0.0000  max mem: 2876
      Evaluation: [ 500/1978]  eta: 0:01:42    time: 0.0691  data: 0.0000  max mem: 2876
      Evaluation: [ 600/1978]  eta: 0:01:35    time: 0.0696  data: 0.0000  max mem: 2876
      Evaluation: [ 700/1978]  eta: 0:01:28    time: 0.0690  data: 0.0000  max mem: 2876
      Evaluation: [ 800/1978]  eta: 0:01:21    time: 0.0695  data: 0.0000  max mem: 2876
      Evaluation: [ 900/1978]  eta: 0:01:14    time: 0.0747  data: 0.0000  max mem: 2876
      Evaluation: [1000/1978]  eta: 0:01:08    time: 0.0695  data: 0.0000  max mem: 2876
      Evaluation: [1100/1978]  eta: 0:01:01    time: 0.0698  data: 0.0000  max mem: 2876
      Evaluation: [1200/1978]  eta: 0:00:54    time: 0.0695  data: 0.0000  max mem: 2876
      Evaluation: [1300/1978]  eta: 0:00:47    time: 0.0690  data: 0.0000  max mem: 2876
      Evaluation: [1400/1978]  eta: 0:00:40    time: 0.0691  data: 0.0000  max mem: 2876
      Evaluation: [1500/1978]  eta: 0:00:33    time: 0.0690  data: 0.0000  max mem: 2876
      Evaluation: [1600/1978]  eta: 0:00:26    time: 0.0696  data: 0.0000  max mem: 2876
      Evaluation: [1700/1978]  eta: 0:00:19    time: 0.0691  data: 0.0000  max mem: 2876
      Evaluation: [1800/1978]  eta: 0:00:12    time: 0.0713  data: 0.0000  max mem: 2876
      Evaluation: [1900/1978]  eta: 0:00:05    time: 0.0694  data: 0.0000  max mem: 2876
      Evaluation: [1977/1978]  eta: 0:00:00    time: 0.0694  data: 0.0000  max mem: 2876
      Evaluation: Total time: 0:02:17 (0.0695 s / it)
     Computing matching score time 0:02:17
### TTA ITM Score: 
+-------+--------+--------+--------+--------+--------+
| epoch |   R1   |   R5   |  R10   |  mAP   |  mINP  |
+-------+--------+--------+--------+--------+--------+
|  -999 | 69.414 | 95.197 | 97.776 | 81.233 | 81.233 |
|  -999 | 69.414 | 95.197 | 97.776 | 81.233 | 81.233 |
|  -999 | 84.277 | 99.039 | 99.596 | 91.276 | 91.276 |
|   0   | 85.137 | 98.938 | 99.494 | 91.667 | 91.667 |
|   1   | 84.783 | 98.534 | 99.343 | 91.352 | 91.352 |
|   2   | 84.833 | 98.433 | 99.393 | 91.352 | 91.352 |
|   3   | 84.934 | 98.281 | 99.343 | 91.338 | 91.338 |
|   4   | 84.783 | 98.332 | 99.343 | 91.224 | 91.224 |
|   5   | 84.833 | 98.534 | 99.393 | 91.266 | 91.266 |
|   6   | 84.681 | 98.534 | 99.393 | 91.196 | 91.196 |
|   7   | 84.681 | 98.534 | 99.444 | 91.179 | 91.179 |
|   8   | 84.732 | 98.483 | 99.393 | 91.204 | 91.204 |
|   9   | 84.226 | 98.433 | 99.343 | 90.948 | 90.948 |
|   10  | 84.580 | 98.433 | 99.393 | 91.131 | 91.131 |
|   11  | 84.631 | 98.483 | 99.444 | 91.162 | 91.162 |
|   12  | 84.681 | 98.433 | 99.393 | 91.170 | 91.170 |
|   13  | 84.884 | 98.584 | 99.444 | 91.298 | 91.298 |
|   14  | 84.934 | 98.433 | 99.393 | 91.333 | 91.333 |
|   15  | 84.884 | 98.483 | 99.393 | 91.284 | 91.284 |
|   16  | 84.783 | 98.483 | 99.343 | 91.241 | 91.241 |
|   17  | 84.631 | 98.534 | 99.393 | 91.195 | 91.195 |
|   18  | 84.732 | 98.483 | 99.343 | 91.233 | 91.233 |
|   19  | 84.934 | 98.483 | 99.343 | 91.329 | 91.329 |
|   20  | 84.833 | 98.483 | 99.393 | 91.267 | 91.267 |
|   21  | 84.833 | 98.483 | 99.393 | 91.285 | 91.285 |
|   22  | 84.833 | 98.483 | 99.393 | 91.263 | 91.263 |
+-------+--------+--------+--------+--------+--------+
     logs:  {'epo': 22, 'R1': 84.833, 'R5': 98.483, 'R10': 99.393, 'mAP': 91.263, 'mINP': 91.263, 'lr': 5.3e-05, 'entropy': 0.035302, 'loss': 0.035302, 'entr_unc': 0.035302, 'uncertainty': 1.0, 'uncertainty_multiply_coeffi': 1.0}
      TTA Epoch: [23] [  0/123]  eta: 0:01:00  lr: 0.000049  entropy: 0.0846  loss: 0.0846  entr_unc: 0.0846  uncertainty: 1.0000  uncertainty_multiply_coeffi: 1.0000  time: 0.4905  data: 0.3074  max mem: 2876
      TTA Epoch: [23] [100/123]  eta: 0:00:01  lr: 0.000044  entropy: 0.0834  loss: 0.0834  entr_unc: 0.0834  uncertainty: 1.0000  uncertainty_multiply_coeffi: 1.0000  time: 0.0581  data: 0.0049  max mem: 2876
      TTA Epoch: [23] [122/123]  eta: 0:00:00  lr: 0.000042  entropy: 0.0132  loss: 0.0132  entr_unc: 0.0132  uncertainty: 1.0000  uncertainty_multiply_coeffi: 1.0000  time: 0.0499  data: 0.0027  max mem: 2876
      TTA Epoch: [23] Total time: 0:00:07 (0.0612 s / it)
     Averaged stats: lr: 0.0000  entropy: 0.0319  loss: 0.0319  entr_unc: 0.0319  uncertainty: 1.0000  uncertainty_multiply_coeffi: 1.0000
     itm tta time 0:00:07
     Computing matching score
      Evaluation: [   0/1978]  eta: 0:02:27    time: 0.0748  data: 0.0033  max mem: 2876
      Evaluation: [ 100/1978]  eta: 0:02:12    time: 0.0768  data: 0.0000  max mem: 2876
      Evaluation: [ 200/1978]  eta: 0:02:04    time: 0.0688  data: 0.0000  max mem: 2876
      Evaluation: [ 300/1978]  eta: 0:01:56    time: 0.0690  data: 0.0000  max mem: 2876
      Evaluation: [ 400/1978]  eta: 0:01:49    time: 0.0690  data: 0.0000  max mem: 2876
      Evaluation: [ 500/1978]  eta: 0:01:42    time: 0.0690  data: 0.0000  max mem: 2876
      Evaluation: [ 600/1978]  eta: 0:01:35    time: 0.0692  data: 0.0000  max mem: 2876
      Evaluation: [ 700/1978]  eta: 0:01:28    time: 0.0690  data: 0.0000  max mem: 2876
      Evaluation: [ 800/1978]  eta: 0:01:21    time: 0.0691  data: 0.0000  max mem: 2876
      Evaluation: [ 900/1978]  eta: 0:01:14    time: 0.0691  data: 0.0000  max mem: 2876
      Evaluation: [1000/1978]  eta: 0:01:07    time: 0.0691  data: 0.0000  max mem: 2876
      Evaluation: [1100/1978]  eta: 0:01:00    time: 0.0692  data: 0.0000  max mem: 2876
      Evaluation: [1200/1978]  eta: 0:00:53    time: 0.0691  data: 0.0000  max mem: 2876
      Evaluation: [1300/1978]  eta: 0:00:46    time: 0.0691  data: 0.0000  max mem: 2876
      Evaluation: [1400/1978]  eta: 0:00:40    time: 0.0689  data: 0.0000  max mem: 2876
      Evaluation: [1500/1978]  eta: 0:00:33    time: 0.0690  data: 0.0000  max mem: 2876
      Evaluation: [1600/1978]  eta: 0:00:26    time: 0.0691  data: 0.0000  max mem: 2876
      Evaluation: [1700/1978]  eta: 0:00:19    time: 0.0691  data: 0.0000  max mem: 2876
      Evaluation: [1800/1978]  eta: 0:00:12    time: 0.0692  data: 0.0000  max mem: 2876
      Evaluation: [1900/1978]  eta: 0:00:05    time: 0.0692  data: 0.0000  max mem: 2876
      Evaluation: [1977/1978]  eta: 0:00:00    time: 0.0690  data: 0.0000  max mem: 2876
      Evaluation: Total time: 0:02:16 (0.0692 s / it)
     Computing matching score time 0:02:17
### TTA ITM Score: 
+-------+--------+--------+--------+--------+--------+
| epoch |   R1   |   R5   |  R10   |  mAP   |  mINP  |
+-------+--------+--------+--------+--------+--------+
|  -999 | 69.414 | 95.197 | 97.776 | 81.233 | 81.233 |
|  -999 | 69.414 | 95.197 | 97.776 | 81.233 | 81.233 |
|  -999 | 84.277 | 99.039 | 99.596 | 91.276 | 91.276 |
|   0   | 85.137 | 98.938 | 99.494 | 91.667 | 91.667 |
|   1   | 84.783 | 98.534 | 99.343 | 91.352 | 91.352 |
|   2   | 84.833 | 98.433 | 99.393 | 91.352 | 91.352 |
|   3   | 84.934 | 98.281 | 99.343 | 91.338 | 91.338 |
|   4   | 84.783 | 98.332 | 99.343 | 91.224 | 91.224 |
|   5   | 84.833 | 98.534 | 99.393 | 91.266 | 91.266 |
|   6   | 84.681 | 98.534 | 99.393 | 91.196 | 91.196 |
|   7   | 84.681 | 98.534 | 99.444 | 91.179 | 91.179 |
|   8   | 84.732 | 98.483 | 99.393 | 91.204 | 91.204 |
|   9   | 84.226 | 98.433 | 99.343 | 90.948 | 90.948 |
|   10  | 84.580 | 98.433 | 99.393 | 91.131 | 91.131 |
|   11  | 84.631 | 98.483 | 99.444 | 91.162 | 91.162 |
|   12  | 84.681 | 98.433 | 99.393 | 91.170 | 91.170 |
|   13  | 84.884 | 98.584 | 99.444 | 91.298 | 91.298 |
|   14  | 84.934 | 98.433 | 99.393 | 91.333 | 91.333 |
|   15  | 84.884 | 98.483 | 99.393 | 91.284 | 91.284 |
|   16  | 84.783 | 98.483 | 99.343 | 91.241 | 91.241 |
|   17  | 84.631 | 98.534 | 99.393 | 91.195 | 91.195 |
|   18  | 84.732 | 98.483 | 99.343 | 91.233 | 91.233 |
|   19  | 84.934 | 98.483 | 99.343 | 91.329 | 91.329 |
|   20  | 84.833 | 98.483 | 99.393 | 91.267 | 91.267 |
|   21  | 84.833 | 98.483 | 99.393 | 91.285 | 91.285 |
|   22  | 84.833 | 98.483 | 99.393 | 91.263 | 91.263 |
|   23  | 84.833 | 98.483 | 99.343 | 91.262 | 91.262 |
+-------+--------+--------+--------+--------+--------+
     logs:  {'epo': 23, 'R1': 84.833, 'R5': 98.483, 'R10': 99.343, 'mAP': 91.262, 'mINP': 91.262, 'lr': 4.6e-05, 'entropy': 0.031939, 'loss': 0.031939, 'entr_unc': 0.031939, 'uncertainty': 1.0, 'uncertainty_multiply_coeffi': 1.0}
      TTA Epoch: [24] [  0/123]  eta: 0:01:02  lr: 0.000042  entropy: 0.0395  loss: 0.0395  entr_unc: 0.0395  uncertainty: 1.0000  uncertainty_multiply_coeffi: 1.0000  time: 0.5082  data: 0.3527  max mem: 2876
      TTA Epoch: [24] [100/123]  eta: 0:00:01  lr: 0.000037  entropy: 0.0361  loss: 0.0361  entr_unc: 0.0361  uncertainty: 1.0000  uncertainty_multiply_coeffi: 1.0000  time: 0.0564  data: 0.0031  max mem: 2876
      TTA Epoch: [24] [122/123]  eta: 0:00:00  lr: 0.000036  entropy: 0.1127  loss: 0.1127  entr_unc: 0.1127  uncertainty: 1.0000  uncertainty_multiply_coeffi: 1.0000  time: 0.0480  data: 0.0034  max mem: 2876
      TTA Epoch: [24] Total time: 0:00:07 (0.0605 s / it)
     Averaged stats: lr: 0.0000  entropy: 0.0396  loss: 0.0396  entr_unc: 0.0396  uncertainty: 1.0000  uncertainty_multiply_coeffi: 1.0000
     itm tta time 0:00:07
     Computing matching score
      Evaluation: [   0/1978]  eta: 0:02:27    time: 0.0748  data: 0.0034  max mem: 2876
      Evaluation: [ 100/1978]  eta: 0:02:10    time: 0.0694  data: 0.0000  max mem: 2876
      Evaluation: [ 200/1978]  eta: 0:02:03    time: 0.0695  data: 0.0000  max mem: 2876
      Evaluation: [ 300/1978]  eta: 0:01:56    time: 0.0693  data: 0.0000  max mem: 2876
      Evaluation: [ 400/1978]  eta: 0:01:49    time: 0.0689  data: 0.0000  max mem: 2876
      Evaluation: [ 500/1978]  eta: 0:01:42    time: 0.0687  data: 0.0000  max mem: 2876
      Evaluation: [ 600/1978]  eta: 0:01:35    time: 0.0689  data: 0.0000  max mem: 2876
      Evaluation: [ 700/1978]  eta: 0:01:28    time: 0.0693  data: 0.0000  max mem: 2876
      Evaluation: [ 800/1978]  eta: 0:01:21    time: 0.0690  data: 0.0000  max mem: 2876
      Evaluation: [ 900/1978]  eta: 0:01:14    time: 0.0693  data: 0.0000  max mem: 2876
      Evaluation: [1000/1978]  eta: 0:01:07    time: 0.0688  data: 0.0000  max mem: 2876
      Evaluation: [1100/1978]  eta: 0:01:00    time: 0.0689  data: 0.0000  max mem: 2876
      Evaluation: [1200/1978]  eta: 0:00:53    time: 0.0687  data: 0.0000  max mem: 2876
      Evaluation: [1300/1978]  eta: 0:00:46    time: 0.0689  data: 0.0000  max mem: 2876
      Evaluation: [1400/1978]  eta: 0:00:39    time: 0.0690  data: 0.0000  max mem: 2876
      Evaluation: [1500/1978]  eta: 0:00:33    time: 0.0691  data: 0.0000  max mem: 2876
      Evaluation: [1600/1978]  eta: 0:00:26    time: 0.0689  data: 0.0000  max mem: 2876
      Evaluation: [1700/1978]  eta: 0:00:19    time: 0.0689  data: 0.0000  max mem: 2876
      Evaluation: [1800/1978]  eta: 0:00:12    time: 0.0688  data: 0.0000  max mem: 2876
      Evaluation: [1900/1978]  eta: 0:00:05    time: 0.0689  data: 0.0000  max mem: 2876
      Evaluation: [1977/1978]  eta: 0:00:00    time: 0.0688  data: 0.0000  max mem: 2876
      Evaluation: Total time: 0:02:16 (0.0691 s / it)
     Computing matching score time 0:02:16
### TTA ITM Score: 
+-------+--------+--------+--------+--------+--------+
| epoch |   R1   |   R5   |  R10   |  mAP   |  mINP  |
+-------+--------+--------+--------+--------+--------+
|  -999 | 69.414 | 95.197 | 97.776 | 81.233 | 81.233 |
|  -999 | 69.414 | 95.197 | 97.776 | 81.233 | 81.233 |
|  -999 | 84.277 | 99.039 | 99.596 | 91.276 | 91.276 |
|   0   | 85.137 | 98.938 | 99.494 | 91.667 | 91.667 |
|   1   | 84.783 | 98.534 | 99.343 | 91.352 | 91.352 |
|   2   | 84.833 | 98.433 | 99.393 | 91.352 | 91.352 |
|   3   | 84.934 | 98.281 | 99.343 | 91.338 | 91.338 |
|   4   | 84.783 | 98.332 | 99.343 | 91.224 | 91.224 |
|   5   | 84.833 | 98.534 | 99.393 | 91.266 | 91.266 |
|   6   | 84.681 | 98.534 | 99.393 | 91.196 | 91.196 |
|   7   | 84.681 | 98.534 | 99.444 | 91.179 | 91.179 |
|   8   | 84.732 | 98.483 | 99.393 | 91.204 | 91.204 |
|   9   | 84.226 | 98.433 | 99.343 | 90.948 | 90.948 |
|   10  | 84.580 | 98.433 | 99.393 | 91.131 | 91.131 |
|   11  | 84.631 | 98.483 | 99.444 | 91.162 | 91.162 |
|   12  | 84.681 | 98.433 | 99.393 | 91.170 | 91.170 |
|   13  | 84.884 | 98.584 | 99.444 | 91.298 | 91.298 |
|   14  | 84.934 | 98.433 | 99.393 | 91.333 | 91.333 |
|   15  | 84.884 | 98.483 | 99.393 | 91.284 | 91.284 |
|   16  | 84.783 | 98.483 | 99.343 | 91.241 | 91.241 |
|   17  | 84.631 | 98.534 | 99.393 | 91.195 | 91.195 |
|   18  | 84.732 | 98.483 | 99.343 | 91.233 | 91.233 |
|   19  | 84.934 | 98.483 | 99.343 | 91.329 | 91.329 |
|   20  | 84.833 | 98.483 | 99.393 | 91.267 | 91.267 |
|   21  | 84.833 | 98.483 | 99.393 | 91.285 | 91.285 |
|   22  | 84.833 | 98.483 | 99.393 | 91.263 | 91.263 |
|   23  | 84.833 | 98.483 | 99.343 | 91.262 | 91.262 |
|   24  | 84.833 | 98.433 | 99.343 | 91.263 | 91.263 |
+-------+--------+--------+--------+--------+--------+
     logs:  {'epo': 24, 'R1': 84.833, 'R5': 98.433, 'R10': 99.343, 'mAP': 91.263, 'mINP': 91.263, 'lr': 3.9e-05, 'entropy': 0.039639, 'loss': 0.039639, 'entr_unc': 0.039639, 'uncertainty': 1.0, 'uncertainty_multiply_coeffi': 1.0}
      TTA Epoch: [25] [  0/123]  eta: 0:00:48  lr: 0.000036  entropy: 0.0519  loss: 0.0519  entr_unc: 0.0519  uncertainty: 1.0000  uncertainty_multiply_coeffi: 1.0000  time: 0.3968  data: 0.2717  max mem: 2876
      TTA Epoch: [25] [100/123]  eta: 0:00:01  lr: 0.000030  entropy: 0.0565  loss: 0.0565  entr_unc: 0.0565  uncertainty: 1.0000  uncertainty_multiply_coeffi: 1.0000  time: 0.0592  data: 0.0048  max mem: 2876
      TTA Epoch: [25] [122/123]  eta: 0:00:00  lr: 0.000029  entropy: 0.0245  loss: 0.0245  entr_unc: 0.0245  uncertainty: 1.0000  uncertainty_multiply_coeffi: 1.0000  time: 0.0478  data: 0.0017  max mem: 2876
      TTA Epoch: [25] Total time: 0:00:07 (0.0606 s / it)
     Averaged stats: lr: 0.0000  entropy: 0.0342  loss: 0.0342  entr_unc: 0.0342  uncertainty: 1.0000  uncertainty_multiply_coeffi: 1.0000
     itm tta time 0:00:07
     Computing matching score
      Evaluation: [   0/1978]  eta: 0:02:23    time: 0.0726  data: 0.0033  max mem: 2876
      Evaluation: [ 100/1978]  eta: 0:02:09    time: 0.0688  data: 0.0000  max mem: 2876
      Evaluation: [ 200/1978]  eta: 0:02:04    time: 0.0688  data: 0.0000  max mem: 2876
      Evaluation: [ 300/1978]  eta: 0:01:56    time: 0.0690  data: 0.0000  max mem: 2876
      Evaluation: [ 400/1978]  eta: 0:01:50    time: 0.0689  data: 0.0000  max mem: 2876
      Evaluation: [ 500/1978]  eta: 0:01:43    time: 0.0690  data: 0.0000  max mem: 2876
      Evaluation: [ 600/1978]  eta: 0:01:36    time: 0.0694  data: 0.0000  max mem: 2876
      Evaluation: [ 700/1978]  eta: 0:01:28    time: 0.0692  data: 0.0000  max mem: 2876
      Evaluation: [ 800/1978]  eta: 0:01:22    time: 0.0691  data: 0.0000  max mem: 2876
      Evaluation: [ 900/1978]  eta: 0:01:14    time: 0.0692  data: 0.0000  max mem: 2876
      Evaluation: [1000/1978]  eta: 0:01:07    time: 0.0692  data: 0.0000  max mem: 2876
      Evaluation: [1100/1978]  eta: 0:01:01    time: 0.0692  data: 0.0000  max mem: 2876
      Evaluation: [1200/1978]  eta: 0:00:54    time: 0.0693  data: 0.0000  max mem: 2876
      Evaluation: [1300/1978]  eta: 0:00:47    time: 0.0692  data: 0.0000  max mem: 2876
      Evaluation: [1400/1978]  eta: 0:00:40    time: 0.0691  data: 0.0000  max mem: 2876
      Evaluation: [1500/1978]  eta: 0:00:33    time: 0.0691  data: 0.0000  max mem: 2876
      Evaluation: [1600/1978]  eta: 0:00:26    time: 0.0689  data: 0.0000  max mem: 2876
      Evaluation: [1700/1978]  eta: 0:00:19    time: 0.0708  data: 0.0000  max mem: 2876
      Evaluation: [1800/1978]  eta: 0:00:12    time: 0.0694  data: 0.0000  max mem: 2876
      Evaluation: [1900/1978]  eta: 0:00:05    time: 0.0691  data: 0.0000  max mem: 2876
      Evaluation: [1977/1978]  eta: 0:00:00    time: 0.0693  data: 0.0000  max mem: 2876
      Evaluation: Total time: 0:02:17 (0.0695 s / it)
     Computing matching score time 0:02:17
### TTA ITM Score: 
+-------+--------+--------+--------+--------+--------+
| epoch |   R1   |   R5   |  R10   |  mAP   |  mINP  |
+-------+--------+--------+--------+--------+--------+
|  -999 | 69.414 | 95.197 | 97.776 | 81.233 | 81.233 |
|  -999 | 69.414 | 95.197 | 97.776 | 81.233 | 81.233 |
|  -999 | 84.277 | 99.039 | 99.596 | 91.276 | 91.276 |
|   0   | 85.137 | 98.938 | 99.494 | 91.667 | 91.667 |
|   1   | 84.783 | 98.534 | 99.343 | 91.352 | 91.352 |
|   2   | 84.833 | 98.433 | 99.393 | 91.352 | 91.352 |
|   3   | 84.934 | 98.281 | 99.343 | 91.338 | 91.338 |
|   4   | 84.783 | 98.332 | 99.343 | 91.224 | 91.224 |
|   5   | 84.833 | 98.534 | 99.393 | 91.266 | 91.266 |
|   6   | 84.681 | 98.534 | 99.393 | 91.196 | 91.196 |
|   7   | 84.681 | 98.534 | 99.444 | 91.179 | 91.179 |
|   8   | 84.732 | 98.483 | 99.393 | 91.204 | 91.204 |
|   9   | 84.226 | 98.433 | 99.343 | 90.948 | 90.948 |
|   10  | 84.580 | 98.433 | 99.393 | 91.131 | 91.131 |
|   11  | 84.631 | 98.483 | 99.444 | 91.162 | 91.162 |
|   12  | 84.681 | 98.433 | 99.393 | 91.170 | 91.170 |
|   13  | 84.884 | 98.584 | 99.444 | 91.298 | 91.298 |
|   14  | 84.934 | 98.433 | 99.393 | 91.333 | 91.333 |
|   15  | 84.884 | 98.483 | 99.393 | 91.284 | 91.284 |
|   16  | 84.783 | 98.483 | 99.343 | 91.241 | 91.241 |
|   17  | 84.631 | 98.534 | 99.393 | 91.195 | 91.195 |
|   18  | 84.732 | 98.483 | 99.343 | 91.233 | 91.233 |
|   19  | 84.934 | 98.483 | 99.343 | 91.329 | 91.329 |
|   20  | 84.833 | 98.483 | 99.393 | 91.267 | 91.267 |
|   21  | 84.833 | 98.483 | 99.393 | 91.285 | 91.285 |
|   22  | 84.833 | 98.483 | 99.393 | 91.263 | 91.263 |
|   23  | 84.833 | 98.483 | 99.343 | 91.262 | 91.262 |
|   24  | 84.833 | 98.433 | 99.343 | 91.263 | 91.263 |
|   25  | 84.833 | 98.433 | 99.343 | 91.265 | 91.265 |
+-------+--------+--------+--------+--------+--------+
     logs:  {'epo': 25, 'R1': 84.833, 'R5': 98.433, 'R10': 99.343, 'mAP': 91.265, 'mINP': 91.265, 'lr': 3.2e-05, 'entropy': 0.034172, 'loss': 0.034172, 'entr_unc': 0.034172, 'uncertainty': 1.0, 'uncertainty_multiply_coeffi': 1.0}
      TTA Epoch: [26] [  0/123]  eta: 0:01:01  lr: 0.000029  entropy: 0.0912  loss: 0.0912  entr_unc: 0.0912  uncertainty: 1.0000  uncertainty_multiply_coeffi: 1.0000  time: 0.5037  data: 0.3307  max mem: 2876
      TTA Epoch: [26] [100/123]  eta: 0:00:01  lr: 0.000023  entropy: 0.0058  loss: 0.0058  entr_unc: 0.0058  uncertainty: 1.0000  uncertainty_multiply_coeffi: 1.0000  time: 0.0581  data: 0.0057  max mem: 2876
      TTA Epoch: [26] [122/123]  eta: 0:00:00  lr: 0.000022  entropy: 0.0436  loss: 0.0436  entr_unc: 0.0436  uncertainty: 1.0000  uncertainty_multiply_coeffi: 1.0000  time: 0.0484  data: 0.0044  max mem: 2876
      TTA Epoch: [26] Total time: 0:00:07 (0.0610 s / it)
     Averaged stats: lr: 0.0000  entropy: 0.0358  loss: 0.0358  entr_unc: 0.0358  uncertainty: 1.0000  uncertainty_multiply_coeffi: 1.0000
     itm tta time 0:00:07
     Computing matching score
      Evaluation: [   0/1978]  eta: 0:02:31    time: 0.0768  data: 0.0033  max mem: 2876
      Evaluation: [ 100/1978]  eta: 0:02:09    time: 0.0686  data: 0.0000  max mem: 2876
      Evaluation: [ 200/1978]  eta: 0:02:03    time: 0.0699  data: 0.0000  max mem: 2876
      Evaluation: [ 300/1978]  eta: 0:01:56    time: 0.0694  data: 0.0000  max mem: 2876
      Evaluation: [ 400/1978]  eta: 0:01:49    time: 0.0689  data: 0.0000  max mem: 2876
      Evaluation: [ 500/1978]  eta: 0:01:42    time: 0.0690  data: 0.0000  max mem: 2876
      Evaluation: [ 600/1978]  eta: 0:01:35    time: 0.0690  data: 0.0000  max mem: 2876
      Evaluation: [ 700/1978]  eta: 0:01:28    time: 0.0690  data: 0.0000  max mem: 2876
      Evaluation: [ 800/1978]  eta: 0:01:21    time: 0.0691  data: 0.0000  max mem: 2876
      Evaluation: [ 900/1978]  eta: 0:01:14    time: 0.0689  data: 0.0000  max mem: 2876
      Evaluation: [1000/1978]  eta: 0:01:07    time: 0.0694  data: 0.0000  max mem: 2876
      Evaluation: [1100/1978]  eta: 0:01:00    time: 0.0692  data: 0.0000  max mem: 2876
      Evaluation: [1200/1978]  eta: 0:00:53    time: 0.0691  data: 0.0000  max mem: 2876
      Evaluation: [1300/1978]  eta: 0:00:46    time: 0.0692  data: 0.0000  max mem: 2876
      Evaluation: [1400/1978]  eta: 0:00:39    time: 0.0690  data: 0.0000  max mem: 2876
      Evaluation: [1500/1978]  eta: 0:00:33    time: 0.0699  data: 0.0000  max mem: 2876
      Evaluation: [1600/1978]  eta: 0:00:26    time: 0.0691  data: 0.0000  max mem: 2876
      Evaluation: [1700/1978]  eta: 0:00:19    time: 0.0692  data: 0.0000  max mem: 2876
      Evaluation: [1800/1978]  eta: 0:00:12    time: 0.0692  data: 0.0000  max mem: 2876
      Evaluation: [1900/1978]  eta: 0:00:05    time: 0.0691  data: 0.0000  max mem: 2876
      Evaluation: [1977/1978]  eta: 0:00:00    time: 0.0692  data: 0.0000  max mem: 2876
      Evaluation: Total time: 0:02:16 (0.0692 s / it)
     Computing matching score time 0:02:17
### TTA ITM Score: 
+-------+--------+--------+--------+--------+--------+
| epoch |   R1   |   R5   |  R10   |  mAP   |  mINP  |
+-------+--------+--------+--------+--------+--------+
|  -999 | 69.414 | 95.197 | 97.776 | 81.233 | 81.233 |
|  -999 | 69.414 | 95.197 | 97.776 | 81.233 | 81.233 |
|  -999 | 84.277 | 99.039 | 99.596 | 91.276 | 91.276 |
|   0   | 85.137 | 98.938 | 99.494 | 91.667 | 91.667 |
|   1   | 84.783 | 98.534 | 99.343 | 91.352 | 91.352 |
|   2   | 84.833 | 98.433 | 99.393 | 91.352 | 91.352 |
|   3   | 84.934 | 98.281 | 99.343 | 91.338 | 91.338 |
|   4   | 84.783 | 98.332 | 99.343 | 91.224 | 91.224 |
|   5   | 84.833 | 98.534 | 99.393 | 91.266 | 91.266 |
|   6   | 84.681 | 98.534 | 99.393 | 91.196 | 91.196 |
|   7   | 84.681 | 98.534 | 99.444 | 91.179 | 91.179 |
|   8   | 84.732 | 98.483 | 99.393 | 91.204 | 91.204 |
|   9   | 84.226 | 98.433 | 99.343 | 90.948 | 90.948 |
|   10  | 84.580 | 98.433 | 99.393 | 91.131 | 91.131 |
|   11  | 84.631 | 98.483 | 99.444 | 91.162 | 91.162 |
|   12  | 84.681 | 98.433 | 99.393 | 91.170 | 91.170 |
|   13  | 84.884 | 98.584 | 99.444 | 91.298 | 91.298 |
|   14  | 84.934 | 98.433 | 99.393 | 91.333 | 91.333 |
|   15  | 84.884 | 98.483 | 99.393 | 91.284 | 91.284 |
|   16  | 84.783 | 98.483 | 99.343 | 91.241 | 91.241 |
|   17  | 84.631 | 98.534 | 99.393 | 91.195 | 91.195 |
|   18  | 84.732 | 98.483 | 99.343 | 91.233 | 91.233 |
|   19  | 84.934 | 98.483 | 99.343 | 91.329 | 91.329 |
|   20  | 84.833 | 98.483 | 99.393 | 91.267 | 91.267 |
|   21  | 84.833 | 98.483 | 99.393 | 91.285 | 91.285 |
|   22  | 84.833 | 98.483 | 99.393 | 91.263 | 91.263 |
|   23  | 84.833 | 98.483 | 99.343 | 91.262 | 91.262 |
|   24  | 84.833 | 98.433 | 99.343 | 91.263 | 91.263 |
|   25  | 84.833 | 98.433 | 99.343 | 91.265 | 91.265 |
|   26  | 84.833 | 98.433 | 99.343 | 91.264 | 91.264 |
+-------+--------+--------+--------+--------+--------+
     logs:  {'epo': 26, 'R1': 84.833, 'R5': 98.433, 'R10': 99.343, 'mAP': 91.264, 'mINP': 91.264, 'lr': 2.5e-05, 'entropy': 0.035756, 'loss': 0.035756, 'entr_unc': 0.035756, 'uncertainty': 1.0, 'uncertainty_multiply_coeffi': 1.0}
      TTA Epoch: [27] [  0/123]  eta: 0:01:12  lr: 0.000022  entropy: 0.0000  loss: 0.0000  entr_unc: 0.0000  uncertainty: 1.0000  uncertainty_multiply_coeffi: 1.0000  time: 0.5874  data: 0.5005  max mem: 2876
      TTA Epoch: [27] [100/123]  eta: 0:00:01  lr: 0.000016  entropy: 0.0096  loss: 0.0096  entr_unc: 0.0096  uncertainty: 1.0000  uncertainty_multiply_coeffi: 1.0000  time: 0.0571  data: 0.0031  max mem: 2876
      TTA Epoch: [27] [122/123]  eta: 0:00:00  lr: 0.000015  entropy: 0.0000  loss: 0.0000  entr_unc: 0.0000  uncertainty: 1.0000  uncertainty_multiply_coeffi: 1.0000  time: 0.0469  data: 0.0023  max mem: 2876
      TTA Epoch: [27] Total time: 0:00:07 (0.0600 s / it)
     Averaged stats: lr: 0.0000  entropy: 0.0334  loss: 0.0334  entr_unc: 0.0334  uncertainty: 1.0000  uncertainty_multiply_coeffi: 1.0000
     itm tta time 0:00:07
     Computing matching score
      Evaluation: [   0/1978]  eta: 0:02:30    time: 0.0759  data: 0.0024  max mem: 2876
      Evaluation: [ 100/1978]  eta: 0:02:09    time: 0.0688  data: 0.0000  max mem: 2876
      Evaluation: [ 200/1978]  eta: 0:02:02    time: 0.0690  data: 0.0000  max mem: 2876
      Evaluation: [ 300/1978]  eta: 0:01:55    time: 0.0690  data: 0.0000  max mem: 2876
      Evaluation: [ 400/1978]  eta: 0:01:48    time: 0.0689  data: 0.0000  max mem: 2876
      Evaluation: [ 500/1978]  eta: 0:01:42    time: 0.0702  data: 0.0000  max mem: 2876
      Evaluation: [ 600/1978]  eta: 0:01:36    time: 0.0770  data: 0.0000  max mem: 2876
      Evaluation: [ 700/1978]  eta: 0:01:28    time: 0.0690  data: 0.0000  max mem: 2876
      Evaluation: [ 800/1978]  eta: 0:01:21    time: 0.0692  data: 0.0000  max mem: 2876
      Evaluation: [ 900/1978]  eta: 0:01:14    time: 0.0691  data: 0.0000  max mem: 2876
      Evaluation: [1000/1978]  eta: 0:01:07    time: 0.0691  data: 0.0000  max mem: 2876
      Evaluation: [1100/1978]  eta: 0:01:00    time: 0.0691  data: 0.0000  max mem: 2876
      Evaluation: [1200/1978]  eta: 0:00:54    time: 0.0695  data: 0.0000  max mem: 2876
      Evaluation: [1300/1978]  eta: 0:00:47    time: 0.0692  data: 0.0000  max mem: 2876
      Evaluation: [1400/1978]  eta: 0:00:40    time: 0.0692  data: 0.0000  max mem: 2876
      Evaluation: [1500/1978]  eta: 0:00:33    time: 0.0692  data: 0.0000  max mem: 2876
      Evaluation: [1600/1978]  eta: 0:00:26    time: 0.0692  data: 0.0000  max mem: 2876
      Evaluation: [1700/1978]  eta: 0:00:19    time: 0.0691  data: 0.0000  max mem: 2876
      Evaluation: [1800/1978]  eta: 0:00:12    time: 0.0697  data: 0.0000  max mem: 2876
      Evaluation: [1900/1978]  eta: 0:00:05    time: 0.0691  data: 0.0000  max mem: 2876
      Evaluation: [1977/1978]  eta: 0:00:00    time: 0.0691  data: 0.0000  max mem: 2876
      Evaluation: Total time: 0:02:17 (0.0694 s / it)
     Computing matching score time 0:02:17
### TTA ITM Score: 
+-------+--------+--------+--------+--------+--------+
| epoch |   R1   |   R5   |  R10   |  mAP   |  mINP  |
+-------+--------+--------+--------+--------+--------+
|  -999 | 69.414 | 95.197 | 97.776 | 81.233 | 81.233 |
|  -999 | 69.414 | 95.197 | 97.776 | 81.233 | 81.233 |
|  -999 | 84.277 | 99.039 | 99.596 | 91.276 | 91.276 |
|   0   | 85.137 | 98.938 | 99.494 | 91.667 | 91.667 |
|   1   | 84.783 | 98.534 | 99.343 | 91.352 | 91.352 |
|   2   | 84.833 | 98.433 | 99.393 | 91.352 | 91.352 |
|   3   | 84.934 | 98.281 | 99.343 | 91.338 | 91.338 |
|   4   | 84.783 | 98.332 | 99.343 | 91.224 | 91.224 |
|   5   | 84.833 | 98.534 | 99.393 | 91.266 | 91.266 |
|   6   | 84.681 | 98.534 | 99.393 | 91.196 | 91.196 |
|   7   | 84.681 | 98.534 | 99.444 | 91.179 | 91.179 |
|   8   | 84.732 | 98.483 | 99.393 | 91.204 | 91.204 |
|   9   | 84.226 | 98.433 | 99.343 | 90.948 | 90.948 |
|   10  | 84.580 | 98.433 | 99.393 | 91.131 | 91.131 |
|   11  | 84.631 | 98.483 | 99.444 | 91.162 | 91.162 |
|   12  | 84.681 | 98.433 | 99.393 | 91.170 | 91.170 |
|   13  | 84.884 | 98.584 | 99.444 | 91.298 | 91.298 |
|   14  | 84.934 | 98.433 | 99.393 | 91.333 | 91.333 |
|   15  | 84.884 | 98.483 | 99.393 | 91.284 | 91.284 |
|   16  | 84.783 | 98.483 | 99.343 | 91.241 | 91.241 |
|   17  | 84.631 | 98.534 | 99.393 | 91.195 | 91.195 |
|   18  | 84.732 | 98.483 | 99.343 | 91.233 | 91.233 |
|   19  | 84.934 | 98.483 | 99.343 | 91.329 | 91.329 |
|   20  | 84.833 | 98.483 | 99.393 | 91.267 | 91.267 |
|   21  | 84.833 | 98.483 | 99.393 | 91.285 | 91.285 |
|   22  | 84.833 | 98.483 | 99.393 | 91.263 | 91.263 |
|   23  | 84.833 | 98.483 | 99.343 | 91.262 | 91.262 |
|   24  | 84.833 | 98.433 | 99.343 | 91.263 | 91.263 |
|   25  | 84.833 | 98.433 | 99.343 | 91.265 | 91.265 |
|   26  | 84.833 | 98.433 | 99.343 | 91.264 | 91.264 |
|   27  | 84.884 | 98.433 | 99.343 | 91.289 | 91.289 |
+-------+--------+--------+--------+--------+--------+
     logs:  {'epo': 27, 'R1': 84.884, 'R5': 98.433, 'R10': 99.343, 'mAP': 91.289, 'mINP': 91.289, 'lr': 1.9e-05, 'entropy': 0.033429, 'loss': 0.033429, 'entr_unc': 0.033429, 'uncertainty': 1.0, 'uncertainty_multiply_coeffi': 1.0}
      TTA Epoch: [28] [  0/123]  eta: 0:00:53  lr: 0.000015  entropy: 0.0100  loss: 0.0100  entr_unc: 0.0100  uncertainty: 1.0000  uncertainty_multiply_coeffi: 1.0000  time: 0.4323  data: 0.2976  max mem: 2876
      TTA Epoch: [28] [100/123]  eta: 0:00:01  lr: 0.000010  entropy: 0.0000  loss: 0.0000  entr_unc: 0.0000  uncertainty: 1.0000  uncertainty_multiply_coeffi: 1.0000  time: 0.0573  data: 0.0050  max mem: 2876
      TTA Epoch: [28] [122/123]  eta: 0:00:00  lr: 0.000008  entropy: 0.0105  loss: 0.0105  entr_unc: 0.0105  uncertainty: 1.0000  uncertainty_multiply_coeffi: 1.0000  time: 0.0486  data: 0.0041  max mem: 2876
      TTA Epoch: [28] Total time: 0:00:07 (0.0606 s / it)
     Averaged stats: lr: 0.0000  entropy: 0.0361  loss: 0.0361  entr_unc: 0.0361  uncertainty: 1.0000  uncertainty_multiply_coeffi: 1.0000
     itm tta time 0:00:07
     Computing matching score
      Evaluation: [   0/1978]  eta: 0:02:27    time: 0.0746  data: 0.0033  max mem: 2876
      Evaluation: [ 100/1978]  eta: 0:02:09    time: 0.0690  data: 0.0000  max mem: 2876
      Evaluation: [ 200/1978]  eta: 0:02:03    time: 0.0691  data: 0.0000  max mem: 2876
      Evaluation: [ 300/1978]  eta: 0:01:59    time: 0.0723  data: 0.0000  max mem: 2876
      Evaluation: [ 400/1978]  eta: 0:01:51    time: 0.0694  data: 0.0000  max mem: 2876
      Evaluation: [ 500/1978]  eta: 0:01:44    time: 0.0689  data: 0.0000  max mem: 2876
      Evaluation: [ 600/1978]  eta: 0:01:36    time: 0.0689  data: 0.0000  max mem: 2876
      Evaluation: [ 700/1978]  eta: 0:01:29    time: 0.0691  data: 0.0000  max mem: 2876
      Evaluation: [ 800/1978]  eta: 0:01:22    time: 0.0696  data: 0.0000  max mem: 2876
      Evaluation: [ 900/1978]  eta: 0:01:15    time: 0.0689  data: 0.0000  max mem: 2876
      Evaluation: [1000/1978]  eta: 0:01:08    time: 0.0693  data: 0.0000  max mem: 2876
      Evaluation: [1100/1978]  eta: 0:01:01    time: 0.0691  data: 0.0000  max mem: 2876
      Evaluation: [1200/1978]  eta: 0:00:54    time: 0.0695  data: 0.0000  max mem: 2876
      Evaluation: [1300/1978]  eta: 0:00:47    time: 0.0692  data: 0.0000  max mem: 2876
      Evaluation: [1400/1978]  eta: 0:00:40    time: 0.0693  data: 0.0000  max mem: 2876
      Evaluation: [1500/1978]  eta: 0:00:33    time: 0.0692  data: 0.0000  max mem: 2876
      Evaluation: [1600/1978]  eta: 0:00:26    time: 0.0691  data: 0.0000  max mem: 2876
      Evaluation: [1700/1978]  eta: 0:00:19    time: 0.0694  data: 0.0000  max mem: 2876
      Evaluation: [1800/1978]  eta: 0:00:12    time: 0.0691  data: 0.0000  max mem: 2876
      Evaluation: [1900/1978]  eta: 0:00:05    time: 0.0693  data: 0.0000  max mem: 2876
      Evaluation: [1977/1978]  eta: 0:00:00    time: 0.0702  data: 0.0000  max mem: 2876
      Evaluation: Total time: 0:02:17 (0.0696 s / it)
     Computing matching score time 0:02:17
### TTA ITM Score: 
+-------+--------+--------+--------+--------+--------+
| epoch |   R1   |   R5   |  R10   |  mAP   |  mINP  |
+-------+--------+--------+--------+--------+--------+
|  -999 | 69.414 | 95.197 | 97.776 | 81.233 | 81.233 |
|  -999 | 69.414 | 95.197 | 97.776 | 81.233 | 81.233 |
|  -999 | 84.277 | 99.039 | 99.596 | 91.276 | 91.276 |
|   0   | 85.137 | 98.938 | 99.494 | 91.667 | 91.667 |
|   1   | 84.783 | 98.534 | 99.343 | 91.352 | 91.352 |
|   2   | 84.833 | 98.433 | 99.393 | 91.352 | 91.352 |
|   3   | 84.934 | 98.281 | 99.343 | 91.338 | 91.338 |
|   4   | 84.783 | 98.332 | 99.343 | 91.224 | 91.224 |
|   5   | 84.833 | 98.534 | 99.393 | 91.266 | 91.266 |
|   6   | 84.681 | 98.534 | 99.393 | 91.196 | 91.196 |
|   7   | 84.681 | 98.534 | 99.444 | 91.179 | 91.179 |
|   8   | 84.732 | 98.483 | 99.393 | 91.204 | 91.204 |
|   9   | 84.226 | 98.433 | 99.343 | 90.948 | 90.948 |
|   10  | 84.580 | 98.433 | 99.393 | 91.131 | 91.131 |
|   11  | 84.631 | 98.483 | 99.444 | 91.162 | 91.162 |
|   12  | 84.681 | 98.433 | 99.393 | 91.170 | 91.170 |
|   13  | 84.884 | 98.584 | 99.444 | 91.298 | 91.298 |
|   14  | 84.934 | 98.433 | 99.393 | 91.333 | 91.333 |
|   15  | 84.884 | 98.483 | 99.393 | 91.284 | 91.284 |
|   16  | 84.783 | 98.483 | 99.343 | 91.241 | 91.241 |
|   17  | 84.631 | 98.534 | 99.393 | 91.195 | 91.195 |
|   18  | 84.732 | 98.483 | 99.343 | 91.233 | 91.233 |
|   19  | 84.934 | 98.483 | 99.343 | 91.329 | 91.329 |
|   20  | 84.833 | 98.483 | 99.393 | 91.267 | 91.267 |
|   21  | 84.833 | 98.483 | 99.393 | 91.285 | 91.285 |
|   22  | 84.833 | 98.483 | 99.393 | 91.263 | 91.263 |
|   23  | 84.833 | 98.483 | 99.343 | 91.262 | 91.262 |
|   24  | 84.833 | 98.433 | 99.343 | 91.263 | 91.263 |
|   25  | 84.833 | 98.433 | 99.343 | 91.265 | 91.265 |
|   26  | 84.833 | 98.433 | 99.343 | 91.264 | 91.264 |
|   27  | 84.884 | 98.433 | 99.343 | 91.289 | 91.289 |
|   28  | 84.884 | 98.433 | 99.343 | 91.288 | 91.288 |
+-------+--------+--------+--------+--------+--------+
     logs:  {'epo': 28, 'R1': 84.884, 'R5': 98.433, 'R10': 99.343, 'mAP': 91.288, 'mINP': 91.288, 'lr': 1.2e-05, 'entropy': 0.036085, 'loss': 0.036085, 'entr_unc': 0.036085, 'uncertainty': 1.0, 'uncertainty_multiply_coeffi': 1.0}
      TTA Epoch: [29] [  0/123]  eta: 0:01:01  lr: 0.000008  entropy: 0.0032  loss: 0.0032  entr_unc: 0.0032  uncertainty: 1.0000  uncertainty_multiply_coeffi: 1.0000  time: 0.5003  data: 0.3092  max mem: 2876
      TTA Epoch: [29] [100/123]  eta: 0:00:01  lr: 0.000003  entropy: 0.0021  loss: 0.0021  entr_unc: 0.0021  uncertainty: 1.0000  uncertainty_multiply_coeffi: 1.0000  time: 0.0608  data: 0.0037  max mem: 2876
      TTA Epoch: [29] [122/123]  eta: 0:00:00  lr: 0.000002  entropy: 0.0343  loss: 0.0343  entr_unc: 0.0343  uncertainty: 1.0000  uncertainty_multiply_coeffi: 1.0000  time: 0.0485  data: 0.0042  max mem: 2876
      TTA Epoch: [29] Total time: 0:00:07 (0.0607 s / it)
     Averaged stats: lr: 0.0000  entropy: 0.0332  loss: 0.0332  entr_unc: 0.0332  uncertainty: 1.0000  uncertainty_multiply_coeffi: 1.0000
     itm tta time 0:00:07
     Computing matching score
      Evaluation: [   0/1978]  eta: 0:02:28    time: 0.0751  data: 0.0033  max mem: 2876
      Evaluation: [ 100/1978]  eta: 0:02:10    time: 0.0690  data: 0.0000  max mem: 2876
      Evaluation: [ 200/1978]  eta: 0:02:02    time: 0.0691  data: 0.0000  max mem: 2876
      Evaluation: [ 300/1978]  eta: 0:01:56    time: 0.0691  data: 0.0000  max mem: 2876
      Evaluation: [ 400/1978]  eta: 0:01:49    time: 0.0693  data: 0.0000  max mem: 2876
      Evaluation: [ 500/1978]  eta: 0:01:42    time: 0.0693  data: 0.0000  max mem: 2876
      Evaluation: [ 600/1978]  eta: 0:01:35    time: 0.0691  data: 0.0000  max mem: 2876
      Evaluation: [ 700/1978]  eta: 0:01:28    time: 0.0692  data: 0.0000  max mem: 2876
      Evaluation: [ 800/1978]  eta: 0:01:21    time: 0.0691  data: 0.0000  max mem: 2876
      Evaluation: [ 900/1978]  eta: 0:01:14    time: 0.0691  data: 0.0000  max mem: 2876
      Evaluation: [1000/1978]  eta: 0:01:07    time: 0.0691  data: 0.0000  max mem: 2876
      Evaluation: [1100/1978]  eta: 0:01:00    time: 0.0692  data: 0.0000  max mem: 2876
      Evaluation: [1200/1978]  eta: 0:00:53    time: 0.0692  data: 0.0000  max mem: 2876
      Evaluation: [1300/1978]  eta: 0:00:46    time: 0.0691  data: 0.0000  max mem: 2876
      Evaluation: [1400/1978]  eta: 0:00:40    time: 0.0691  data: 0.0000  max mem: 2876
      Evaluation: [1500/1978]  eta: 0:00:33    time: 0.0691  data: 0.0000  max mem: 2876
      Evaluation: [1600/1978]  eta: 0:00:26    time: 0.0692  data: 0.0000  max mem: 2876
      Evaluation: [1700/1978]  eta: 0:00:19    time: 0.0692  data: 0.0000  max mem: 2876
      Evaluation: [1800/1978]  eta: 0:00:12    time: 0.0691  data: 0.0000  max mem: 2876
      Evaluation: [1900/1978]  eta: 0:00:05    time: 0.0691  data: 0.0000  max mem: 2876
      Evaluation: [1977/1978]  eta: 0:00:00    time: 0.0691  data: 0.0000  max mem: 2876
      Evaluation: Total time: 0:02:16 (0.0692 s / it)
     Computing matching score time 0:02:17
### TTA ITM Score: 
+-------+--------+--------+--------+--------+--------+
| epoch |   R1   |   R5   |  R10   |  mAP   |  mINP  |
+-------+--------+--------+--------+--------+--------+
|  -999 | 69.414 | 95.197 | 97.776 | 81.233 | 81.233 |
|  -999 | 69.414 | 95.197 | 97.776 | 81.233 | 81.233 |
|  -999 | 84.277 | 99.039 | 99.596 | 91.276 | 91.276 |
|   0   | 85.137 | 98.938 | 99.494 | 91.667 | 91.667 |
|   1   | 84.783 | 98.534 | 99.343 | 91.352 | 91.352 |
|   2   | 84.833 | 98.433 | 99.393 | 91.352 | 91.352 |
|   3   | 84.934 | 98.281 | 99.343 | 91.338 | 91.338 |
|   4   | 84.783 | 98.332 | 99.343 | 91.224 | 91.224 |
|   5   | 84.833 | 98.534 | 99.393 | 91.266 | 91.266 |
|   6   | 84.681 | 98.534 | 99.393 | 91.196 | 91.196 |
|   7   | 84.681 | 98.534 | 99.444 | 91.179 | 91.179 |
|   8   | 84.732 | 98.483 | 99.393 | 91.204 | 91.204 |
|   9   | 84.226 | 98.433 | 99.343 | 90.948 | 90.948 |
|   10  | 84.580 | 98.433 | 99.393 | 91.131 | 91.131 |
|   11  | 84.631 | 98.483 | 99.444 | 91.162 | 91.162 |
|   12  | 84.681 | 98.433 | 99.393 | 91.170 | 91.170 |
|   13  | 84.884 | 98.584 | 99.444 | 91.298 | 91.298 |
|   14  | 84.934 | 98.433 | 99.393 | 91.333 | 91.333 |
|   15  | 84.884 | 98.483 | 99.393 | 91.284 | 91.284 |
|   16  | 84.783 | 98.483 | 99.343 | 91.241 | 91.241 |
|   17  | 84.631 | 98.534 | 99.393 | 91.195 | 91.195 |
|   18  | 84.732 | 98.483 | 99.343 | 91.233 | 91.233 |
|   19  | 84.934 | 98.483 | 99.343 | 91.329 | 91.329 |
|   20  | 84.833 | 98.483 | 99.393 | 91.267 | 91.267 |
|   21  | 84.833 | 98.483 | 99.393 | 91.285 | 91.285 |
|   22  | 84.833 | 98.483 | 99.393 | 91.263 | 91.263 |
|   23  | 84.833 | 98.483 | 99.343 | 91.262 | 91.262 |
|   24  | 84.833 | 98.433 | 99.343 | 91.263 | 91.263 |
|   25  | 84.833 | 98.433 | 99.343 | 91.265 | 91.265 |
|   26  | 84.833 | 98.433 | 99.343 | 91.264 | 91.264 |
|   27  | 84.884 | 98.433 | 99.343 | 91.289 | 91.289 |
|   28  | 84.884 | 98.433 | 99.343 | 91.288 | 91.288 |
|   29  | 84.884 | 98.433 | 99.343 | 91.288 | 91.288 |
+-------+--------+--------+--------+--------+--------+
     logs:  {'epo': 29, 'R1': 84.884, 'R5': 98.433, 'R10': 99.343, 'mAP': 91.288, 'mINP': 91.288, 'lr': 5e-06, 'entropy': 0.033236, 'loss': 0.033236, 'entr_unc': 0.033236, 'uncertainty': 1.0, 'uncertainty_multiply_coeffi': 1.0}
### best epoch: 0
### Time 1:12:47
NNODES,  1
NODE_RANK,  0
MASTER_ADDR,  127.0.0.1
MASTER_PORT,  1612
NPROC_PER_NODE,  2
task:  tta_exp6.2
config:  configs/tta_exp6.2.yaml
output_dir:  output_rerun2/tta_exp6.2/2025091210505
python3 tta.py --config configs/tta_exp6.2.yaml --task tta_exp6.2 --output_dir output_rerun2/tta_exp6.2/2025091210505 --checkpoint checkpoint/cmp.pth --bs 0 --epo 0 --lr 0.0 --seed 42 --tta
