/home/jiahao/miniconda3/envs/cmp/lib/python3.10/site-packages/torch/functional.py:554: UserWarning: torch.meshgrid: in an upcoming release, it will be required to pass the indexing argument. (Triggered internally at /pytorch/aten/src/ATen/native/TensorShape.cpp:4322.)
  return _VF.meshgrid(tensors, **kwargs)  # type: ignore[attr-defined]
Not using distributed mode
### Hyper-parameters:
     seed: 42
     device: cuda
     output_dir: output_rerun2/tta_exp10/2025091116555
     batch_size_tta: 16
     epochs: 30
     lr: 0.001
### Creating test dataset
from data/PAB/annotation/test/attr.json loading 1978 data
     test dataset -->    be_pose_img: True
     test_dataset: 1978
### Creating test dataloader
### be careful: func create_loader returns a list length of 1
     test_loader: 90
### Creating model
build_vision_encoder: load swin 224 x 224 ====>
missing_keys:  []
unexpected_keys:  ['head.weight', 'head.bias']
/home/jiahao/task/CMP/eval.py:123: UserWarning: To copy construct from a tensor, it is recommended to use sourceTensor.detach().clone() or sourceTensor.detach().clone().requires_grad_(True), rather than torch.tensor(sourceTensor).
  similarity = torch.tensor(scores_t2i)
build_text_encoder: load bert ====>
missing_keys: ['bert.encoder.layer.10.crossattention.output.LayerNorm.bias', 'bert.encoder.layer.10.crossattention.output.LayerNorm.weight', 'bert.encoder.layer.10.crossattention.output.dense.bias', 'bert.encoder.layer.10.crossattention.output.dense.weight', 'bert.encoder.layer.10.crossattention.self.key.bias', 'bert.encoder.layer.10.crossattention.self.key.weight', 'bert.encoder.layer.10.crossattention.self.query.bias', 'bert.encoder.layer.10.crossattention.self.query.weight', 'bert.encoder.layer.10.crossattention.self.value.bias', 'bert.encoder.layer.10.crossattention.self.value.weight', 'bert.encoder.layer.11.crossattention.output.LayerNorm.bias', 'bert.encoder.layer.11.crossattention.output.LayerNorm.weight', 'bert.encoder.layer.11.crossattention.output.dense.bias', 'bert.encoder.layer.11.crossattention.output.dense.weight', 'bert.encoder.layer.11.crossattention.self.key.bias', 'bert.encoder.layer.11.crossattention.self.key.weight', 'bert.encoder.layer.11.crossattention.self.query.bias', 'bert.encoder.layer.11.crossattention.self.query.weight', 'bert.encoder.layer.11.crossattention.self.value.bias', 'bert.encoder.layer.11.crossattention.self.value.weight', 'bert.encoder.layer.6.crossattention.output.LayerNorm.bias', 'bert.encoder.layer.6.crossattention.output.LayerNorm.weight', 'bert.encoder.layer.6.crossattention.output.dense.bias', 'bert.encoder.layer.6.crossattention.output.dense.weight', 'bert.encoder.layer.6.crossattention.self.key.bias', 'bert.encoder.layer.6.crossattention.self.key.weight', 'bert.encoder.layer.6.crossattention.self.query.bias', 'bert.encoder.layer.6.crossattention.self.query.weight', 'bert.encoder.layer.6.crossattention.self.value.bias', 'bert.encoder.layer.6.crossattention.self.value.weight', 'bert.encoder.layer.7.crossattention.output.LayerNorm.bias', 'bert.encoder.layer.7.crossattention.output.LayerNorm.weight', 'bert.encoder.layer.7.crossattention.output.dense.bias', 'bert.encoder.layer.7.crossattention.output.dense.weight', 'bert.encoder.layer.7.crossattention.self.key.bias', 'bert.encoder.layer.7.crossattention.self.key.weight', 'bert.encoder.layer.7.crossattention.self.query.bias', 'bert.encoder.layer.7.crossattention.self.query.weight', 'bert.encoder.layer.7.crossattention.self.value.bias', 'bert.encoder.layer.7.crossattention.self.value.weight', 'bert.encoder.layer.8.crossattention.output.LayerNorm.bias', 'bert.encoder.layer.8.crossattention.output.LayerNorm.weight', 'bert.encoder.layer.8.crossattention.output.dense.bias', 'bert.encoder.layer.8.crossattention.output.dense.weight', 'bert.encoder.layer.8.crossattention.self.key.bias', 'bert.encoder.layer.8.crossattention.self.key.weight', 'bert.encoder.layer.8.crossattention.self.query.bias', 'bert.encoder.layer.8.crossattention.self.query.weight', 'bert.encoder.layer.8.crossattention.self.value.bias', 'bert.encoder.layer.8.crossattention.self.value.weight', 'bert.encoder.layer.9.crossattention.output.LayerNorm.bias', 'bert.encoder.layer.9.crossattention.output.LayerNorm.weight', 'bert.encoder.layer.9.crossattention.output.dense.bias', 'bert.encoder.layer.9.crossattention.output.dense.weight', 'bert.encoder.layer.9.crossattention.self.key.bias', 'bert.encoder.layer.9.crossattention.self.key.weight', 'bert.encoder.layer.9.crossattention.self.query.bias', 'bert.encoder.layer.9.crossattention.self.query.weight', 'bert.encoder.layer.9.crossattention.self.value.bias', 'bert.encoder.layer.9.crossattention.self.value.weight']
unexpected_keys: ['cls.seq_relationship.bias', 'cls.seq_relationship.weight']
mismatched_keys: []
error_msgs: []
Label Smooth: 0.2
pose_conv
load checkpoint from checkpoint/cmp.pth
missing_keys:  ['uncertainty_temper', 'prompt_learning_embedding']
unexpected_keys:  []
     Total Params Sum:  254264985
### Inference ITC similiarity matrix
### Zero-Shot ITC Score: 
+-------+--------+--------+--------+--------+--------+
| epoch |   R1   |   R5   |  R10   |  mAP   |  mINP  |
+-------+--------+--------+--------+--------+--------+
|  -999 | 69.414 | 95.197 | 97.776 | 81.233 | 81.233 |
+-------+--------+--------+--------+--------+--------+
### Zero-Shot Score: 
+-------+--------+--------+--------+--------+--------+
| epoch |   R1   |   R5   |  R10   |  mAP   |  mINP  |
+-------+--------+--------+--------+--------+--------+
|  -999 | 69.414 | 95.197 | 97.776 | 81.233 | 81.233 |
|  -999 | 69.414 | 95.197 | 97.776 | 81.233 | 81.233 |
|  -999 | 84.277 | 99.039 | 99.596 | 91.276 | 91.276 |
+-------+--------+--------+--------+--------+--------+
### TTA:
     preprocess_tta_coefficients  start
     sample selection ...
     number of sample after sample_selection: 1257
     uncertainty ...
     preprocess_tta_coefficients  end
### Creating tta dataset
     tta_dataset: 1257
### Creating tta dataloader
### be careful: func create_loader returns a list length of 1
     tta_loader: 78
### Configure adapted weights
     TTA Dropout Modules: 
 [('vision_encoder.pos_drop', Dropout(p=0, inplace=False), True), ('vision_encoder.layers.0.blocks.0.attn.attn_drop', Dropout(p=0.0, inplace=False), True), ('vision_encoder.layers.0.blocks.0.attn.proj_drop', Dropout(p=0, inplace=False), True), ('vision_encoder.layers.0.blocks.0.mlp.drop', Dropout(p=0, inplace=False), True), ('vision_encoder.layers.0.blocks.1.attn.attn_drop', Dropout(p=0.0, inplace=False), True), ('vision_encoder.layers.0.blocks.1.attn.proj_drop', Dropout(p=0, inplace=False), True), ('vision_encoder.layers.0.blocks.1.mlp.drop', Dropout(p=0, inplace=False), True), ('vision_encoder.layers.1.blocks.0.attn.attn_drop', Dropout(p=0.0, inplace=False), True), ('vision_encoder.layers.1.blocks.0.attn.proj_drop', Dropout(p=0, inplace=False), True), ('vision_encoder.layers.1.blocks.0.mlp.drop', Dropout(p=0, inplace=False), True), ('vision_encoder.layers.1.blocks.1.attn.attn_drop', Dropout(p=0.0, inplace=False), True), ('vision_encoder.layers.1.blocks.1.attn.proj_drop', Dropout(p=0, inplace=False), True), ('vision_encoder.layers.1.blocks.1.mlp.drop', Dropout(p=0, inplace=False), True), ('vision_encoder.layers.2.blocks.0.attn.attn_drop', Dropout(p=0.0, inplace=False), True), ('vision_encoder.layers.2.blocks.0.attn.proj_drop', Dropout(p=0, inplace=False), True), ('vision_encoder.layers.2.blocks.0.mlp.drop', Dropout(p=0, inplace=False), True), ('vision_encoder.layers.2.blocks.1.attn.attn_drop', Dropout(p=0.0, inplace=False), True), ('vision_encoder.layers.2.blocks.1.attn.proj_drop', Dropout(p=0, inplace=False), True), ('vision_encoder.layers.2.blocks.1.mlp.drop', Dropout(p=0, inplace=False), True), ('vision_encoder.layers.2.blocks.2.attn.attn_drop', Dropout(p=0.0, inplace=False), True), ('vision_encoder.layers.2.blocks.2.attn.proj_drop', Dropout(p=0, inplace=False), True), ('vision_encoder.layers.2.blocks.2.mlp.drop', Dropout(p=0, inplace=False), True), ('vision_encoder.layers.2.blocks.3.attn.attn_drop', Dropout(p=0.0, inplace=False), True), ('vision_encoder.layers.2.blocks.3.attn.proj_drop', Dropout(p=0, inplace=False), True), ('vision_encoder.layers.2.blocks.3.mlp.drop', Dropout(p=0, inplace=False), True), ('vision_encoder.layers.2.blocks.4.attn.attn_drop', Dropout(p=0.0, inplace=False), True), ('vision_encoder.layers.2.blocks.4.attn.proj_drop', Dropout(p=0, inplace=False), True), ('vision_encoder.layers.2.blocks.4.mlp.drop', Dropout(p=0, inplace=False), True), ('vision_encoder.layers.2.blocks.5.attn.attn_drop', Dropout(p=0.0, inplace=False), True), ('vision_encoder.layers.2.blocks.5.attn.proj_drop', Dropout(p=0, inplace=False), True), ('vision_encoder.layers.2.blocks.5.mlp.drop', Dropout(p=0, inplace=False), True), ('vision_encoder.layers.2.blocks.6.attn.attn_drop', Dropout(p=0.0, inplace=False), True), ('vision_encoder.layers.2.blocks.6.attn.proj_drop', Dropout(p=0, inplace=False), True), ('vision_encoder.layers.2.blocks.6.mlp.drop', Dropout(p=0, inplace=False), True), ('vision_encoder.layers.2.blocks.7.attn.attn_drop', Dropout(p=0.0, inplace=False), True), ('vision_encoder.layers.2.blocks.7.attn.proj_drop', Dropout(p=0, inplace=False), True), ('vision_encoder.layers.2.blocks.7.mlp.drop', Dropout(p=0, inplace=False), True), ('vision_encoder.layers.2.blocks.8.attn.attn_drop', Dropout(p=0.0, inplace=False), True), ('vision_encoder.layers.2.blocks.8.attn.proj_drop', Dropout(p=0, inplace=False), True), ('vision_encoder.layers.2.blocks.8.mlp.drop', Dropout(p=0, inplace=False), True), ('vision_encoder.layers.2.blocks.9.attn.attn_drop', Dropout(p=0.0, inplace=False), True), ('vision_encoder.layers.2.blocks.9.attn.proj_drop', Dropout(p=0, inplace=False), True), ('vision_encoder.layers.2.blocks.9.mlp.drop', Dropout(p=0, inplace=False), True), ('vision_encoder.layers.2.blocks.10.attn.attn_drop', Dropout(p=0.0, inplace=False), True), ('vision_encoder.layers.2.blocks.10.attn.proj_drop', Dropout(p=0, inplace=False), True), ('vision_encoder.layers.2.blocks.10.mlp.drop', Dropout(p=0, inplace=False), True), ('vision_encoder.layers.2.blocks.11.attn.attn_drop', Dropout(p=0.0, inplace=False), True), ('vision_encoder.layers.2.blocks.11.attn.proj_drop', Dropout(p=0, inplace=False), True), ('vision_encoder.layers.2.blocks.11.mlp.drop', Dropout(p=0, inplace=False), True), ('vision_encoder.layers.2.blocks.12.attn.attn_drop', Dropout(p=0.0, inplace=False), True), ('vision_encoder.layers.2.blocks.12.attn.proj_drop', Dropout(p=0, inplace=False), True), ('vision_encoder.layers.2.blocks.12.mlp.drop', Dropout(p=0, inplace=False), True), ('vision_encoder.layers.2.blocks.13.attn.attn_drop', Dropout(p=0.0, inplace=False), True), ('vision_encoder.layers.2.blocks.13.attn.proj_drop', Dropout(p=0, inplace=False), True), ('vision_encoder.layers.2.blocks.13.mlp.drop', Dropout(p=0, inplace=False), True), ('vision_encoder.layers.2.blocks.14.attn.attn_drop', Dropout(p=0.0, inplace=False), True), ('vision_encoder.layers.2.blocks.14.attn.proj_drop', Dropout(p=0, inplace=False), True), ('vision_encoder.layers.2.blocks.14.mlp.drop', Dropout(p=0, inplace=False), True), ('vision_encoder.layers.2.blocks.15.attn.attn_drop', Dropout(p=0.0, inplace=False), True), ('vision_encoder.layers.2.blocks.15.attn.proj_drop', Dropout(p=0, inplace=False), True), ('vision_encoder.layers.2.blocks.15.mlp.drop', Dropout(p=0, inplace=False), True), ('vision_encoder.layers.2.blocks.16.attn.attn_drop', Dropout(p=0.0, inplace=False), True), ('vision_encoder.layers.2.blocks.16.attn.proj_drop', Dropout(p=0, inplace=False), True), ('vision_encoder.layers.2.blocks.16.mlp.drop', Dropout(p=0, inplace=False), True), ('vision_encoder.layers.2.blocks.17.attn.attn_drop', Dropout(p=0.0, inplace=False), True), ('vision_encoder.layers.2.blocks.17.attn.proj_drop', Dropout(p=0, inplace=False), True), ('vision_encoder.layers.2.blocks.17.mlp.drop', Dropout(p=0, inplace=False), True), ('vision_encoder.layers.3.blocks.0.attn.attn_drop', Dropout(p=0.0, inplace=False), True), ('vision_encoder.layers.3.blocks.0.attn.proj_drop', Dropout(p=0, inplace=False), True), ('vision_encoder.layers.3.blocks.0.mlp.drop', Dropout(p=0, inplace=False), True), ('vision_encoder.layers.3.blocks.1.attn.attn_drop', Dropout(p=0.0, inplace=False), True), ('vision_encoder.layers.3.blocks.1.attn.proj_drop', Dropout(p=0, inplace=False), True), ('vision_encoder.layers.3.blocks.1.mlp.drop', Dropout(p=0, inplace=False), True), ('text_encoder.bert.embeddings.dropout', Dropout(p=0.1, inplace=False), True), ('text_encoder.bert.encoder.layer.0.attention.self.dropout', Dropout(p=0.1, inplace=False), True), ('text_encoder.bert.encoder.layer.0.attention.output.dropout', Dropout(p=0.1, inplace=False), True), ('text_encoder.bert.encoder.layer.0.output.dropout', Dropout(p=0.1, inplace=False), True), ('text_encoder.bert.encoder.layer.1.attention.self.dropout', Dropout(p=0.1, inplace=False), True), ('text_encoder.bert.encoder.layer.1.attention.output.dropout', Dropout(p=0.1, inplace=False), True), ('text_encoder.bert.encoder.layer.1.output.dropout', Dropout(p=0.1, inplace=False), True), ('text_encoder.bert.encoder.layer.2.attention.self.dropout', Dropout(p=0.1, inplace=False), True), ('text_encoder.bert.encoder.layer.2.attention.output.dropout', Dropout(p=0.1, inplace=False), True), ('text_encoder.bert.encoder.layer.2.output.dropout', Dropout(p=0.1, inplace=False), True), ('text_encoder.bert.encoder.layer.3.attention.self.dropout', Dropout(p=0.1, inplace=False), True), ('text_encoder.bert.encoder.layer.3.attention.output.dropout', Dropout(p=0.1, inplace=False), True), ('text_encoder.bert.encoder.layer.3.output.dropout', Dropout(p=0.1, inplace=False), True), ('text_encoder.bert.encoder.layer.4.attention.self.dropout', Dropout(p=0.1, inplace=False), True), ('text_encoder.bert.encoder.layer.4.attention.output.dropout', Dropout(p=0.1, inplace=False), True), ('text_encoder.bert.encoder.layer.4.output.dropout', Dropout(p=0.1, inplace=False), True), ('text_encoder.bert.encoder.layer.5.attention.self.dropout', Dropout(p=0.1, inplace=False), True), ('text_encoder.bert.encoder.layer.5.attention.output.dropout', Dropout(p=0.1, inplace=False), True), ('text_encoder.bert.encoder.layer.5.output.dropout', Dropout(p=0.1, inplace=False), True), ('text_encoder.bert.encoder.layer.6.attention.self.dropout', Dropout(p=0.1, inplace=False), True), ('text_encoder.bert.encoder.layer.6.attention.output.dropout', Dropout(p=0.1, inplace=False), True), ('text_encoder.bert.encoder.layer.6.crossattention.self.dropout', Dropout(p=0.1, inplace=False), True), ('text_encoder.bert.encoder.layer.6.crossattention.output.dropout', Dropout(p=0.1, inplace=False), True), ('text_encoder.bert.encoder.layer.6.output.dropout', Dropout(p=0.1, inplace=False), True), ('text_encoder.bert.encoder.layer.7.attention.self.dropout', Dropout(p=0.1, inplace=False), True), ('text_encoder.bert.encoder.layer.7.attention.output.dropout', Dropout(p=0.1, inplace=False), True), ('text_encoder.bert.encoder.layer.7.crossattention.self.dropout', Dropout(p=0.1, inplace=False), True), ('text_encoder.bert.encoder.layer.7.crossattention.output.dropout', Dropout(p=0.1, inplace=False), True), ('text_encoder.bert.encoder.layer.7.output.dropout', Dropout(p=0.1, inplace=False), True), ('text_encoder.bert.encoder.layer.8.attention.self.dropout', Dropout(p=0.1, inplace=False), True), ('text_encoder.bert.encoder.layer.8.attention.output.dropout', Dropout(p=0.1, inplace=False), True), ('text_encoder.bert.encoder.layer.8.crossattention.self.dropout', Dropout(p=0.1, inplace=False), True), ('text_encoder.bert.encoder.layer.8.crossattention.output.dropout', Dropout(p=0.1, inplace=False), True), ('text_encoder.bert.encoder.layer.8.output.dropout', Dropout(p=0.1, inplace=False), True), ('text_encoder.bert.encoder.layer.9.attention.self.dropout', Dropout(p=0.1, inplace=False), True), ('text_encoder.bert.encoder.layer.9.attention.output.dropout', Dropout(p=0.1, inplace=False), True), ('text_encoder.bert.encoder.layer.9.crossattention.self.dropout', Dropout(p=0.1, inplace=False), True), ('text_encoder.bert.encoder.layer.9.crossattention.output.dropout', Dropout(p=0.1, inplace=False), True), ('text_encoder.bert.encoder.layer.9.output.dropout', Dropout(p=0.1, inplace=False), True), ('text_encoder.bert.encoder.layer.10.attention.self.dropout', Dropout(p=0.1, inplace=False), True), ('text_encoder.bert.encoder.layer.10.attention.output.dropout', Dropout(p=0.1, inplace=False), True), ('text_encoder.bert.encoder.layer.10.crossattention.self.dropout', Dropout(p=0.1, inplace=False), True), ('text_encoder.bert.encoder.layer.10.crossattention.output.dropout', Dropout(p=0.1, inplace=False), True), ('text_encoder.bert.encoder.layer.10.output.dropout', Dropout(p=0.1, inplace=False), True), ('text_encoder.bert.encoder.layer.11.attention.self.dropout', Dropout(p=0.1, inplace=False), True), ('text_encoder.bert.encoder.layer.11.attention.output.dropout', Dropout(p=0.1, inplace=False), True), ('text_encoder.bert.encoder.layer.11.crossattention.self.dropout', Dropout(p=0.1, inplace=False), True), ('text_encoder.bert.encoder.layer.11.crossattention.output.dropout', Dropout(p=0.1, inplace=False), True), ('text_encoder.bert.encoder.layer.11.output.dropout', Dropout(p=0.1, inplace=False), True), ('vision_proj.1', Dropout(p=0.5, inplace=False), True), ('text_proj.1', Dropout(p=0.5, inplace=False), True), ('pose_block.attn.attn_drop', Dropout(p=0.0, inplace=False), True), ('pose_block.attn.proj_drop', Dropout(p=0.0, inplace=False), True)]
     TTA Require Gradient Params: 
 [('text_encoder.bert.embeddings.LayerNorm.weight', torch.Size([768])), ('text_encoder.bert.embeddings.LayerNorm.bias', torch.Size([768])), ('text_encoder.bert.encoder.layer.6.attention.output.LayerNorm.weight', torch.Size([768])), ('text_encoder.bert.encoder.layer.6.attention.output.LayerNorm.bias', torch.Size([768])), ('text_encoder.bert.encoder.layer.6.crossattention.output.LayerNorm.weight', torch.Size([768])), ('text_encoder.bert.encoder.layer.6.crossattention.output.LayerNorm.bias', torch.Size([768])), ('text_encoder.bert.encoder.layer.6.output.LayerNorm.weight', torch.Size([768])), ('text_encoder.bert.encoder.layer.6.output.LayerNorm.bias', torch.Size([768])), ('text_encoder.bert.encoder.layer.7.attention.output.LayerNorm.weight', torch.Size([768])), ('text_encoder.bert.encoder.layer.7.attention.output.LayerNorm.bias', torch.Size([768])), ('text_encoder.bert.encoder.layer.7.crossattention.output.LayerNorm.weight', torch.Size([768])), ('text_encoder.bert.encoder.layer.7.crossattention.output.LayerNorm.bias', torch.Size([768])), ('text_encoder.bert.encoder.layer.7.output.LayerNorm.weight', torch.Size([768])), ('text_encoder.bert.encoder.layer.7.output.LayerNorm.bias', torch.Size([768])), ('text_encoder.bert.encoder.layer.8.attention.output.LayerNorm.weight', torch.Size([768])), ('text_encoder.bert.encoder.layer.8.attention.output.LayerNorm.bias', torch.Size([768])), ('text_encoder.bert.encoder.layer.8.crossattention.output.LayerNorm.weight', torch.Size([768])), ('text_encoder.bert.encoder.layer.8.crossattention.output.LayerNorm.bias', torch.Size([768])), ('text_encoder.bert.encoder.layer.8.output.LayerNorm.weight', torch.Size([768])), ('text_encoder.bert.encoder.layer.8.output.LayerNorm.bias', torch.Size([768])), ('text_encoder.bert.encoder.layer.9.attention.output.LayerNorm.weight', torch.Size([768])), ('text_encoder.bert.encoder.layer.9.attention.output.LayerNorm.bias', torch.Size([768])), ('text_encoder.bert.encoder.layer.9.crossattention.output.LayerNorm.weight', torch.Size([768])), ('text_encoder.bert.encoder.layer.9.crossattention.output.LayerNorm.bias', torch.Size([768])), ('text_encoder.bert.encoder.layer.9.output.LayerNorm.weight', torch.Size([768])), ('text_encoder.bert.encoder.layer.9.output.LayerNorm.bias', torch.Size([768])), ('text_encoder.bert.encoder.layer.10.attention.output.LayerNorm.weight', torch.Size([768])), ('text_encoder.bert.encoder.layer.10.attention.output.LayerNorm.bias', torch.Size([768])), ('text_encoder.bert.encoder.layer.10.crossattention.output.LayerNorm.weight', torch.Size([768])), ('text_encoder.bert.encoder.layer.10.crossattention.output.LayerNorm.bias', torch.Size([768])), ('text_encoder.bert.encoder.layer.10.output.LayerNorm.weight', torch.Size([768])), ('text_encoder.bert.encoder.layer.10.output.LayerNorm.bias', torch.Size([768])), ('text_encoder.bert.encoder.layer.11.attention.output.LayerNorm.weight', torch.Size([768])), ('text_encoder.bert.encoder.layer.11.attention.output.LayerNorm.bias', torch.Size([768])), ('text_encoder.bert.encoder.layer.11.crossattention.output.LayerNorm.weight', torch.Size([768])), ('text_encoder.bert.encoder.layer.11.crossattention.output.LayerNorm.bias', torch.Size([768])), ('text_encoder.bert.encoder.layer.11.output.LayerNorm.weight', torch.Size([768])), ('text_encoder.bert.encoder.layer.11.output.LayerNorm.bias', torch.Size([768])), ('text_encoder.cls.predictions.transform.LayerNorm.weight', torch.Size([768])), ('text_encoder.cls.predictions.transform.LayerNorm.bias', torch.Size([768])), ('itm_head.1.weight', torch.Size([1536])), ('itm_head.1.bias', torch.Size([1536]))]
     TTA Dropout Modules Number: 
 126
     TTA Require Gradient Params Sum: 
 33792
     lr:  0.001    lr_mult:  2
     model has 'init_params',  386
     num_tta_steps:  2370
     num_warmup_steps:  100
     sched: step
/home/jiahao/task/CMP/tta.py:213: FutureWarning: `torch.cuda.amp.GradScaler(args...)` is deprecated. Please use `torch.amp.GradScaler('cuda', args...)` instead.
  scaler = GradScaler()  # bf16
### Start ITM Test Time Adaptation
      TTA Epoch: [0] [ 0/78]  eta: 0:01:30  lr: 0.000010  entropy: 0.2943  loss: 2.7217  entr_unc: 0.1129  uncertainty: 2.6088  uncertainty_multiply_coeffi: 2.6088  time: 1.1542  data: 0.5017  max mem: 2639
      TTA Epoch: [0] [77/78]  eta: 0:00:00  lr: 0.000780  entropy: 0.0769  loss: 2.6426  entr_unc: 0.0296  uncertainty: 2.6130  uncertainty_multiply_coeffi: 2.6130  time: 0.0611  data: 0.0002  max mem: 2671
      TTA Epoch: [0] Total time: 0:00:06 (0.0825 s / it)
     Averaged stats: lr: 0.0004  entropy: 0.2551  loss: 2.7077  entr_unc: 0.0978  uncertainty: 2.6099  uncertainty_multiply_coeffi: 2.6099
     itm tta time 0:00:06
     Computing matching score
      Evaluation: [   0/1978]  eta: 0:04:29    time: 0.1364  data: 0.0034  max mem: 2671
      Evaluation: [ 100/1978]  eta: 0:02:28    time: 0.0782  data: 0.0000  max mem: 2671
      Evaluation: [ 200/1978]  eta: 0:02:15    time: 0.0754  data: 0.0000  max mem: 2671
      Evaluation: [ 300/1978]  eta: 0:02:06    time: 0.0668  data: 0.0000  max mem: 2671
      Evaluation: [ 400/1978]  eta: 0:02:00    time: 0.0785  data: 0.0000  max mem: 2671
      Evaluation: [ 500/1978]  eta: 0:01:51    time: 0.0767  data: 0.0000  max mem: 2671
      Evaluation: [ 600/1978]  eta: 0:01:45    time: 0.0788  data: 0.0000  max mem: 2671
      Evaluation: [ 700/1978]  eta: 0:01:37    time: 0.0794  data: 0.0000  max mem: 2671
      Evaluation: [ 800/1978]  eta: 0:01:30    time: 0.0761  data: 0.0000  max mem: 2671
      Evaluation: [ 900/1978]  eta: 0:01:22    time: 0.0759  data: 0.0000  max mem: 2671
      Evaluation: [1000/1978]  eta: 0:01:14    time: 0.0781  data: 0.0000  max mem: 2671
      Evaluation: [1100/1978]  eta: 0:01:07    time: 0.0784  data: 0.0000  max mem: 2671
      Evaluation: [1200/1978]  eta: 0:00:59    time: 0.0766  data: 0.0000  max mem: 2671
      Evaluation: [1300/1978]  eta: 0:00:51    time: 0.0761  data: 0.0000  max mem: 2671
      Evaluation: [1400/1978]  eta: 0:00:44    time: 0.0781  data: 0.0000  max mem: 2671
      Evaluation: [1500/1978]  eta: 0:00:36    time: 0.0781  data: 0.0000  max mem: 2671
      Evaluation: [1600/1978]  eta: 0:00:29    time: 0.0762  data: 0.0000  max mem: 2671
      Evaluation: [1700/1978]  eta: 0:00:21    time: 0.0802  data: 0.0000  max mem: 2671
      Evaluation: [1800/1978]  eta: 0:00:13    time: 0.0803  data: 0.0000  max mem: 2671
      Evaluation: [1900/1978]  eta: 0:00:05    time: 0.0777  data: 0.0000  max mem: 2671
      Evaluation: [1977/1978]  eta: 0:00:00    time: 0.0796  data: 0.0000  max mem: 2671
      Evaluation: Total time: 0:02:32 (0.0769 s / it)
     Computing matching score time 0:02:35
### TTA ITM Score: 
+-------+--------+--------+--------+--------+--------+
| epoch |   R1   |   R5   |  R10   |  mAP   |  mINP  |
+-------+--------+--------+--------+--------+--------+
|  -999 | 69.414 | 95.197 | 97.776 | 81.233 | 81.233 |
|  -999 | 69.414 | 95.197 | 97.776 | 81.233 | 81.233 |
|  -999 | 84.277 | 99.039 | 99.596 | 91.276 | 91.276 |
|   0   | 84.378 | 98.736 | 99.191 | 91.161 | 91.161 |
+-------+--------+--------+--------+--------+--------+
     logs:  {'epo': 0, 'R1': np.float32(84.378), 'R5': np.float32(98.736), 'R10': np.float32(99.191), 'mAP': np.float32(91.161), 'mINP': np.float32(91.161), 'lr': 0.000395, 'entropy': 0.25512, 'loss': 2.707712, 'entr_unc': 0.097765, 'uncertainty': 2.609947, 'uncertainty_multiply_coeffi': 2.609947}
      TTA Epoch: [1] [ 0/78]  eta: 0:00:59  lr: 0.000790  entropy: 0.0991  loss: 2.6342  entr_unc: 0.0381  uncertainty: 2.5961  uncertainty_multiply_coeffi: 2.5961  time: 0.7663  data: 0.6524  max mem: 2671
      TTA Epoch: [1] [77/78]  eta: 0:00:00  lr: 0.000975  entropy: 0.1180  loss: 2.6489  entr_unc: 0.0459  uncertainty: 2.6030  uncertainty_multiply_coeffi: 2.6030  time: 0.0683  data: 0.0001  max mem: 2671
      TTA Epoch: [1] Total time: 0:00:06 (0.0801 s / it)
     Averaged stats: lr: 0.0010  entropy: 0.1246  loss: 2.6576  entr_unc: 0.0478  uncertainty: 2.6098  uncertainty_multiply_coeffi: 2.6098
     itm tta time 0:00:06
     Computing matching score
      Evaluation: [   0/1978]  eta: 0:02:41    time: 0.0816  data: 0.0036  max mem: 2671
      Evaluation: [ 100/1978]  eta: 0:02:25    time: 0.0839  data: 0.0000  max mem: 2671
      Evaluation: [ 200/1978]  eta: 0:02:16    time: 0.0692  data: 0.0000  max mem: 2671
      Evaluation: [ 300/1978]  eta: 0:02:08    time: 0.0766  data: 0.0000  max mem: 2671
      Evaluation: [ 400/1978]  eta: 0:02:00    time: 0.0759  data: 0.0000  max mem: 2671
      Evaluation: [ 500/1978]  eta: 0:01:53    time: 0.0730  data: 0.0000  max mem: 2671
      Evaluation: [ 600/1978]  eta: 0:01:45    time: 0.0765  data: 0.0000  max mem: 2671
      Evaluation: [ 700/1978]  eta: 0:01:37    time: 0.0765  data: 0.0000  max mem: 2671
      Evaluation: [ 800/1978]  eta: 0:01:30    time: 0.0707  data: 0.0000  max mem: 2671
      Evaluation: [ 900/1978]  eta: 0:01:22    time: 0.0800  data: 0.0000  max mem: 2671
      Evaluation: [1000/1978]  eta: 0:01:14    time: 0.0790  data: 0.0000  max mem: 2671
      Evaluation: [1100/1978]  eta: 0:01:07    time: 0.0757  data: 0.0000  max mem: 2671
      Evaluation: [1200/1978]  eta: 0:00:59    time: 0.0811  data: 0.0000  max mem: 2671
      Evaluation: [1300/1978]  eta: 0:00:52    time: 0.0770  data: 0.0000  max mem: 2671
      Evaluation: [1400/1978]  eta: 0:00:44    time: 0.0765  data: 0.0000  max mem: 2671
      Evaluation: [1500/1978]  eta: 0:00:36    time: 0.0784  data: 0.0000  max mem: 2671
      Evaluation: [1600/1978]  eta: 0:00:29    time: 0.0765  data: 0.0000  max mem: 2671
      Evaluation: [1700/1978]  eta: 0:00:21    time: 0.0796  data: 0.0000  max mem: 2671
      Evaluation: [1800/1978]  eta: 0:00:13    time: 0.0784  data: 0.0000  max mem: 2671
      Evaluation: [1900/1978]  eta: 0:00:05    time: 0.0795  data: 0.0000  max mem: 2671
      Evaluation: [1977/1978]  eta: 0:00:00    time: 0.0708  data: 0.0000  max mem: 2671
      Evaluation: Total time: 0:02:31 (0.0768 s / it)
     Computing matching score time 0:02:38
### TTA ITM Score: 
+-------+--------+--------+--------+--------+--------+
| epoch |   R1   |   R5   |  R10   |  mAP   |  mINP  |
+-------+--------+--------+--------+--------+--------+
|  -999 | 69.414 | 95.197 | 97.776 | 81.233 | 81.233 |
|  -999 | 69.414 | 95.197 | 97.776 | 81.233 | 81.233 |
|  -999 | 84.277 | 99.039 | 99.596 | 91.276 | 91.276 |
|   0   | 84.378 | 98.736 | 99.191 | 91.161 | 91.161 |
|   1   | 83.771 | 98.382 | 99.090 | 90.716 | 90.716 |
+-------+--------+--------+--------+--------+--------+
     logs:  {'epo': 1, 'R1': np.float32(83.771), 'R5': np.float32(98.382), 'R10': np.float32(99.09), 'mAP': np.float32(90.716), 'mINP': np.float32(90.716), 'lr': 0.000961, 'entropy': 0.124609, 'loss': 2.657586, 'entr_unc': 0.047785, 'uncertainty': 2.609801, 'uncertainty_multiply_coeffi': 2.609801}
      TTA Epoch: [2] [ 0/78]  eta: 0:00:50  lr: 0.000975  entropy: 0.1737  loss: 2.6632  entr_unc: 0.0667  uncertainty: 2.5965  uncertainty_multiply_coeffi: 2.5965  time: 0.6527  data: 0.5028  max mem: 2671
      TTA Epoch: [2] [77/78]  eta: 0:00:00  lr: 0.000941  entropy: 0.1692  loss: 2.6927  entr_unc: 0.0642  uncertainty: 2.6286  uncertainty_multiply_coeffi: 2.6286  time: 0.0701  data: 0.0003  max mem: 2671
      TTA Epoch: [2] Total time: 0:00:06 (0.0779 s / it)
     Averaged stats: lr: 0.0010  entropy: 0.0813  loss: 2.6411  entr_unc: 0.0312  uncertainty: 2.6099  uncertainty_multiply_coeffi: 2.6099
     itm tta time 0:00:06
     Computing matching score
      Evaluation: [   0/1978]  eta: 0:02:47    time: 0.0849  data: 0.0030  max mem: 2671
      Evaluation: [ 100/1978]  eta: 0:02:22    time: 0.0805  data: 0.0000  max mem: 2671
      Evaluation: [ 200/1978]  eta: 0:02:16    time: 0.0698  data: 0.0000  max mem: 2671
      Evaluation: [ 300/1978]  eta: 0:02:09    time: 0.0793  data: 0.0000  max mem: 2671
      Evaluation: [ 400/1978]  eta: 0:02:01    time: 0.0783  data: 0.0000  max mem: 2671
      Evaluation: [ 500/1978]  eta: 0:01:53    time: 0.0683  data: 0.0000  max mem: 2671
      Evaluation: [ 600/1978]  eta: 0:01:45    time: 0.0795  data: 0.0000  max mem: 2671
      Evaluation: [ 700/1978]  eta: 0:01:38    time: 0.0781  data: 0.0000  max mem: 2671
      Evaluation: [ 800/1978]  eta: 0:01:30    time: 0.0714  data: 0.0000  max mem: 2671
      Evaluation: [ 900/1978]  eta: 0:01:22    time: 0.0853  data: 0.0000  max mem: 2671
      Evaluation: [1000/1978]  eta: 0:01:15    time: 0.0761  data: 0.0000  max mem: 2671
      Evaluation: [1100/1978]  eta: 0:01:07    time: 0.0768  data: 0.0000  max mem: 2671
      Evaluation: [1200/1978]  eta: 0:00:59    time: 0.0762  data: 0.0000  max mem: 2671
      Evaluation: [1300/1978]  eta: 0:00:52    time: 0.0759  data: 0.0000  max mem: 2671
      Evaluation: [1400/1978]  eta: 0:00:44    time: 0.0770  data: 0.0000  max mem: 2671
      Evaluation: [1500/1978]  eta: 0:00:36    time: 0.0778  data: 0.0000  max mem: 2671
      Evaluation: [1600/1978]  eta: 0:00:29    time: 0.0773  data: 0.0000  max mem: 2671
      Evaluation: [1700/1978]  eta: 0:00:21    time: 0.0803  data: 0.0000  max mem: 2671
      Evaluation: [1800/1978]  eta: 0:00:13    time: 0.0769  data: 0.0000  max mem: 2671
      Evaluation: [1900/1978]  eta: 0:00:05    time: 0.0777  data: 0.0000  max mem: 2671
      Evaluation: [1977/1978]  eta: 0:00:00    time: 0.0717  data: 0.0000  max mem: 2671
      Evaluation: Total time: 0:02:32 (0.0770 s / it)
     Computing matching score time 0:02:38
### TTA ITM Score: 
+-------+--------+--------+--------+--------+--------+
| epoch |   R1   |   R5   |  R10   |  mAP   |  mINP  |
+-------+--------+--------+--------+--------+--------+
|  -999 | 69.414 | 95.197 | 97.776 | 81.233 | 81.233 |
|  -999 | 69.414 | 95.197 | 97.776 | 81.233 | 81.233 |
|  -999 | 84.277 | 99.039 | 99.596 | 91.276 | 91.276 |
|   0   | 84.378 | 98.736 | 99.191 | 91.161 | 91.161 |
|   1   | 83.771 | 98.382 | 99.090 | 90.716 | 90.716 |
|   2   | 84.479 | 98.635 | 99.494 | 91.194 | 91.194 |
+-------+--------+--------+--------+--------+--------+
     logs:  {'epo': 2, 'R1': np.float32(84.479), 'R5': np.float32(98.635), 'R10': np.float32(99.494), 'mAP': np.float32(91.194), 'mINP': np.float32(91.194), 'lr': 0.000958, 'entropy': 0.081335, 'loss': 2.641069, 'entr_unc': 0.031188, 'uncertainty': 2.60988, 'uncertainty_multiply_coeffi': 2.60988}
      TTA Epoch: [3] [ 0/78]  eta: 0:00:57  lr: 0.000941  entropy: 0.0769  loss: 2.6378  entr_unc: 0.0291  uncertainty: 2.6086  uncertainty_multiply_coeffi: 2.6086  time: 0.7357  data: 0.6617  max mem: 2671
      TTA Epoch: [3] [77/78]  eta: 0:00:00  lr: 0.000907  entropy: 0.0440  loss: 2.6131  entr_unc: 0.0170  uncertainty: 2.5961  uncertainty_multiply_coeffi: 2.5961  time: 0.0678  data: 0.0002  max mem: 2671
      TTA Epoch: [3] Total time: 0:00:06 (0.0803 s / it)
     Averaged stats: lr: 0.0009  entropy: 0.0664  loss: 2.6355  entr_unc: 0.0255  uncertainty: 2.6100  uncertainty_multiply_coeffi: 2.6100
     itm tta time 0:00:06
     Computing matching score
      Evaluation: [   0/1978]  eta: 0:02:51    time: 0.0869  data: 0.0040  max mem: 2671
      Evaluation: [ 100/1978]  eta: 0:02:22    time: 0.0777  data: 0.0000  max mem: 2671
      Evaluation: [ 200/1978]  eta: 0:02:14    time: 0.0701  data: 0.0000  max mem: 2671
      Evaluation: [ 300/1978]  eta: 0:02:07    time: 0.0779  data: 0.0000  max mem: 2671
      Evaluation: [ 400/1978]  eta: 0:02:00    time: 0.0779  data: 0.0000  max mem: 2671
      Evaluation: [ 500/1978]  eta: 0:01:52    time: 0.0690  data: 0.0000  max mem: 2671
      Evaluation: [ 600/1978]  eta: 0:01:45    time: 0.0774  data: 0.0000  max mem: 2671
      Evaluation: [ 700/1978]  eta: 0:01:37    time: 0.0781  data: 0.0000  max mem: 2671
      Evaluation: [ 800/1978]  eta: 0:01:29    time: 0.0695  data: 0.0000  max mem: 2671
      Evaluation: [ 900/1978]  eta: 0:01:22    time: 0.0772  data: 0.0000  max mem: 2671
      Evaluation: [1000/1978]  eta: 0:01:14    time: 0.0784  data: 0.0000  max mem: 2671
      Evaluation: [1100/1978]  eta: 0:01:07    time: 0.0709  data: 0.0000  max mem: 2671
      Evaluation: [1200/1978]  eta: 0:00:59    time: 0.0766  data: 0.0000  max mem: 2671
      Evaluation: [1300/1978]  eta: 0:00:51    time: 0.0770  data: 0.0000  max mem: 2671
      Evaluation: [1400/1978]  eta: 0:00:44    time: 0.0727  data: 0.0000  max mem: 2671
      Evaluation: [1500/1978]  eta: 0:00:36    time: 0.0800  data: 0.0000  max mem: 2671
      Evaluation: [1600/1978]  eta: 0:00:29    time: 0.0787  data: 0.0000  max mem: 2671
      Evaluation: [1700/1978]  eta: 0:00:21    time: 0.0781  data: 0.0000  max mem: 2671
      Evaluation: [1800/1978]  eta: 0:00:13    time: 0.0798  data: 0.0000  max mem: 2671
      Evaluation: [1900/1978]  eta: 0:00:06    time: 0.0761  data: 0.0000  max mem: 2671
      Evaluation: [1977/1978]  eta: 0:00:00    time: 0.0710  data: 0.0000  max mem: 2671
      Evaluation: Total time: 0:02:32 (0.0769 s / it)
     Computing matching score time 0:02:38
### TTA ITM Score: 
+-------+--------+--------+--------+--------+--------+
| epoch |   R1   |   R5   |  R10   |  mAP   |  mINP  |
+-------+--------+--------+--------+--------+--------+
|  -999 | 69.414 | 95.197 | 97.776 | 81.233 | 81.233 |
|  -999 | 69.414 | 95.197 | 97.776 | 81.233 | 81.233 |
|  -999 | 84.277 | 99.039 | 99.596 | 91.276 | 91.276 |
|   0   | 84.378 | 98.736 | 99.191 | 91.161 | 91.161 |
|   1   | 83.771 | 98.382 | 99.090 | 90.716 | 90.716 |
|   2   | 84.479 | 98.635 | 99.494 | 91.194 | 91.194 |
|   3   | 84.429 | 98.584 | 99.444 | 91.175 | 91.175 |
+-------+--------+--------+--------+--------+--------+
     logs:  {'epo': 3, 'R1': np.float32(84.429), 'R5': np.float32(98.584), 'R10': np.float32(99.444), 'mAP': np.float32(91.175), 'mINP': np.float32(91.175), 'lr': 0.000924, 'entropy': 0.066387, 'loss': 2.635535, 'entr_unc': 0.025488, 'uncertainty': 2.610047, 'uncertainty_multiply_coeffi': 2.610047}
      TTA Epoch: [4] [ 0/78]  eta: 0:00:42  lr: 0.000906  entropy: 0.0381  loss: 2.6271  entr_unc: 0.0148  uncertainty: 2.6123  uncertainty_multiply_coeffi: 2.6123  time: 0.5435  data: 0.4545  max mem: 2671
      TTA Epoch: [4] [77/78]  eta: 0:00:00  lr: 0.000872  entropy: 0.0787  loss: 2.6364  entr_unc: 0.0302  uncertainty: 2.6062  uncertainty_multiply_coeffi: 2.6062  time: 0.0685  data: 0.0001  max mem: 2671
      TTA Epoch: [4] Total time: 0:00:06 (0.0770 s / it)
     Averaged stats: lr: 0.0009  entropy: 0.0511  loss: 2.6295  entr_unc: 0.0196  uncertainty: 2.6099  uncertainty_multiply_coeffi: 2.6099
     itm tta time 0:00:06
     Computing matching score
      Evaluation: [   0/1978]  eta: 0:02:45    time: 0.0838  data: 0.0036  max mem: 2671
      Evaluation: [ 100/1978]  eta: 0:02:23    time: 0.0766  data: 0.0000  max mem: 2671
      Evaluation: [ 200/1978]  eta: 0:02:17    time: 0.0719  data: 0.0000  max mem: 2671
      Evaluation: [ 300/1978]  eta: 0:02:11    time: 0.0775  data: 0.0000  max mem: 2671
      Evaluation: [ 400/1978]  eta: 0:02:03    time: 0.0789  data: 0.0000  max mem: 2671
      Evaluation: [ 500/1978]  eta: 0:01:55    time: 0.0737  data: 0.0000  max mem: 2671
      Evaluation: [ 600/1978]  eta: 0:01:47    time: 0.0775  data: 0.0000  max mem: 2671
      Evaluation: [ 700/1978]  eta: 0:01:38    time: 0.0788  data: 0.0000  max mem: 2671
      Evaluation: [ 800/1978]  eta: 0:01:30    time: 0.0718  data: 0.0000  max mem: 2671
      Evaluation: [ 900/1978]  eta: 0:01:23    time: 0.0775  data: 0.0000  max mem: 2671
      Evaluation: [1000/1978]  eta: 0:01:15    time: 0.0774  data: 0.0000  max mem: 2671
      Evaluation: [1100/1978]  eta: 0:01:07    time: 0.0748  data: 0.0000  max mem: 2671
      Evaluation: [1200/1978]  eta: 0:01:00    time: 0.0774  data: 0.0000  max mem: 2671
      Evaluation: [1300/1978]  eta: 0:00:52    time: 0.0776  data: 0.0000  max mem: 2671
      Evaluation: [1400/1978]  eta: 0:00:44    time: 0.0765  data: 0.0000  max mem: 2671
      Evaluation: [1500/1978]  eta: 0:00:36    time: 0.0783  data: 0.0000  max mem: 2671
      Evaluation: [1600/1978]  eta: 0:00:29    time: 0.0783  data: 0.0000  max mem: 2671
      Evaluation: [1700/1978]  eta: 0:00:21    time: 0.0788  data: 0.0000  max mem: 2671
      Evaluation: [1800/1978]  eta: 0:00:13    time: 0.0768  data: 0.0000  max mem: 2671
      Evaluation: [1900/1978]  eta: 0:00:06    time: 0.0798  data: 0.0000  max mem: 2671
      Evaluation: [1977/1978]  eta: 0:00:00    time: 0.0726  data: 0.0000  max mem: 2671
      Evaluation: Total time: 0:02:32 (0.0772 s / it)
     Computing matching score time 0:02:38
### TTA ITM Score: 
+-------+--------+--------+--------+--------+--------+
| epoch |   R1   |   R5   |  R10   |  mAP   |  mINP  |
+-------+--------+--------+--------+--------+--------+
|  -999 | 69.414 | 95.197 | 97.776 | 81.233 | 81.233 |
|  -999 | 69.414 | 95.197 | 97.776 | 81.233 | 81.233 |
|  -999 | 84.277 | 99.039 | 99.596 | 91.276 | 91.276 |
|   0   | 84.378 | 98.736 | 99.191 | 91.161 | 91.161 |
|   1   | 83.771 | 98.382 | 99.090 | 90.716 | 90.716 |
|   2   | 84.479 | 98.635 | 99.494 | 91.194 | 91.194 |
|   3   | 84.429 | 98.584 | 99.444 | 91.175 | 91.175 |
|   4   | 84.429 | 98.483 | 99.191 | 91.092 | 91.092 |
+-------+--------+--------+--------+--------+--------+
     logs:  {'epo': 4, 'R1': np.float32(84.429), 'R5': np.float32(98.483), 'R10': np.float32(99.191), 'mAP': np.float32(91.092), 'mINP': np.float32(91.092), 'lr': 0.000889, 'entropy': 0.05112, 'loss': 2.629524, 'entr_unc': 0.019597, 'uncertainty': 2.609926, 'uncertainty_multiply_coeffi': 2.609926}
      TTA Epoch: [5] [ 0/78]  eta: 0:00:44  lr: 0.000872  entropy: 0.1234  loss: 2.6433  entr_unc: 0.0475  uncertainty: 2.5958  uncertainty_multiply_coeffi: 2.5958  time: 0.5746  data: 0.4791  max mem: 2671
      TTA Epoch: [5] [77/78]  eta: 0:00:00  lr: 0.000419  entropy: 0.1031  loss: 2.6661  entr_unc: 0.0390  uncertainty: 2.6271  uncertainty_multiply_coeffi: 2.6271  time: 0.0689  data: 0.0002  max mem: 2671
      TTA Epoch: [5] Total time: 0:00:06 (0.0796 s / it)
     Averaged stats: lr: 0.0005  entropy: 0.0463  loss: 2.6277  entr_unc: 0.0178  uncertainty: 2.6099  uncertainty_multiply_coeffi: 2.6099
     itm tta time 0:00:06
     Computing matching score
      Evaluation: [   0/1978]  eta: 0:02:34    time: 0.0782  data: 0.0036  max mem: 2671
      Evaluation: [ 100/1978]  eta: 0:02:22    time: 0.0767  data: 0.0000  max mem: 2671
      Evaluation: [ 200/1978]  eta: 0:02:15    time: 0.0707  data: 0.0000  max mem: 2671
      Evaluation: [ 300/1978]  eta: 0:02:09    time: 0.0789  data: 0.0000  max mem: 2671
      Evaluation: [ 400/1978]  eta: 0:02:01    time: 0.0766  data: 0.0000  max mem: 2671
      Evaluation: [ 500/1978]  eta: 0:01:54    time: 0.0710  data: 0.0000  max mem: 2671
      Evaluation: [ 600/1978]  eta: 0:01:46    time: 0.0748  data: 0.0000  max mem: 2671
      Evaluation: [ 700/1978]  eta: 0:01:38    time: 0.0779  data: 0.0000  max mem: 2671
      Evaluation: [ 800/1978]  eta: 0:01:30    time: 0.0694  data: 0.0000  max mem: 2671
      Evaluation: [ 900/1978]  eta: 0:01:23    time: 0.0793  data: 0.0000  max mem: 2671
      Evaluation: [1000/1978]  eta: 0:01:15    time: 0.0780  data: 0.0000  max mem: 2671
      Evaluation: [1100/1978]  eta: 0:01:07    time: 0.0727  data: 0.0000  max mem: 2671
      Evaluation: [1200/1978]  eta: 0:01:00    time: 0.0786  data: 0.0000  max mem: 2671
      Evaluation: [1300/1978]  eta: 0:00:52    time: 0.0778  data: 0.0000  max mem: 2671
      Evaluation: [1400/1978]  eta: 0:00:44    time: 0.0783  data: 0.0000  max mem: 2671
      Evaluation: [1500/1978]  eta: 0:00:36    time: 0.0836  data: 0.0000  max mem: 2671
      Evaluation: [1600/1978]  eta: 0:00:29    time: 0.0805  data: 0.0000  max mem: 2671
      Evaluation: [1700/1978]  eta: 0:00:21    time: 0.0776  data: 0.0000  max mem: 2671
      Evaluation: [1800/1978]  eta: 0:00:13    time: 0.0832  data: 0.0000  max mem: 2671
      Evaluation: [1900/1978]  eta: 0:00:06    time: 0.0798  data: 0.0000  max mem: 2671
      Evaluation: [1977/1978]  eta: 0:00:00    time: 0.0787  data: 0.0000  max mem: 2671
      Evaluation: Total time: 0:02:33 (0.0774 s / it)
     Computing matching score time 0:02:39
### TTA ITM Score: 
+-------+--------+--------+--------+--------+--------+
| epoch |   R1   |   R5   |  R10   |  mAP   |  mINP  |
+-------+--------+--------+--------+--------+--------+
|  -999 | 69.414 | 95.197 | 97.776 | 81.233 | 81.233 |
|  -999 | 69.414 | 95.197 | 97.776 | 81.233 | 81.233 |
|  -999 | 84.277 | 99.039 | 99.596 | 91.276 | 91.276 |
|   0   | 84.378 | 98.736 | 99.191 | 91.161 | 91.161 |
|   1   | 83.771 | 98.382 | 99.090 | 90.716 | 90.716 |
|   2   | 84.479 | 98.635 | 99.494 | 91.194 | 91.194 |
|   3   | 84.429 | 98.584 | 99.444 | 91.175 | 91.175 |
|   4   | 84.429 | 98.483 | 99.191 | 91.092 | 91.092 |
|   5   | 84.631 | 98.584 | 99.343 | 91.274 | 91.274 |
+-------+--------+--------+--------+--------+--------+
     logs:  {'epo': 5, 'R1': np.float32(84.631), 'R5': np.float32(98.584), 'R10': np.float32(99.343), 'mAP': np.float32(91.274), 'mINP': np.float32(91.274), 'lr': 0.000478, 'entropy': 0.04633, 'loss': 2.627733, 'entr_unc': 0.017816, 'uncertainty': 2.609918, 'uncertainty_multiply_coeffi': 2.609918}
      TTA Epoch: [6] [ 0/78]  eta: 0:00:41  lr: 0.000419  entropy: 0.0046  loss: 2.6113  entr_unc: 0.0018  uncertainty: 2.6095  uncertainty_multiply_coeffi: 2.6095  time: 0.5292  data: 0.4232  max mem: 2671
      TTA Epoch: [6] [77/78]  eta: 0:00:00  lr: 0.000402  entropy: 0.0200  loss: 2.6194  entr_unc: 0.0078  uncertainty: 2.6116  uncertainty_multiply_coeffi: 2.6116  time: 0.0676  data: 0.0002  max mem: 2671
      TTA Epoch: [6] Total time: 0:00:05 (0.0760 s / it)
     Averaged stats: lr: 0.0004  entropy: 0.0398  loss: 2.6253  entr_unc: 0.0153  uncertainty: 2.6100  uncertainty_multiply_coeffi: 2.6100
     itm tta time 0:00:06
     Computing matching score
      Evaluation: [   0/1978]  eta: 0:02:47    time: 0.0849  data: 0.0044  max mem: 2671
      Evaluation: [ 100/1978]  eta: 0:02:23    time: 0.0774  data: 0.0000  max mem: 2671
      Evaluation: [ 200/1978]  eta: 0:02:16    time: 0.0772  data: 0.0000  max mem: 2671
      Evaluation: [ 300/1978]  eta: 0:02:10    time: 0.0837  data: 0.0000  max mem: 2671
      Evaluation: [ 400/1978]  eta: 0:02:02    time: 0.0774  data: 0.0000  max mem: 2671
      Evaluation: [ 500/1978]  eta: 0:01:54    time: 0.0691  data: 0.0000  max mem: 2671
      Evaluation: [ 600/1978]  eta: 0:01:46    time: 0.0773  data: 0.0000  max mem: 2671
      Evaluation: [ 700/1978]  eta: 0:01:38    time: 0.0805  data: 0.0000  max mem: 2671
      Evaluation: [ 800/1978]  eta: 0:01:30    time: 0.0698  data: 0.0000  max mem: 2671
      Evaluation: [ 900/1978]  eta: 0:01:23    time: 0.0786  data: 0.0000  max mem: 2671
      Evaluation: [1000/1978]  eta: 0:01:15    time: 0.0766  data: 0.0000  max mem: 2671
      Evaluation: [1100/1978]  eta: 0:01:07    time: 0.0731  data: 0.0000  max mem: 2671
      Evaluation: [1200/1978]  eta: 0:01:00    time: 0.0783  data: 0.0000  max mem: 2671
      Evaluation: [1300/1978]  eta: 0:00:52    time: 0.0775  data: 0.0000  max mem: 2671
      Evaluation: [1400/1978]  eta: 0:00:44    time: 0.0759  data: 0.0000  max mem: 2671
      Evaluation: [1500/1978]  eta: 0:00:36    time: 0.0764  data: 0.0000  max mem: 2671
      Evaluation: [1600/1978]  eta: 0:00:29    time: 0.0794  data: 0.0000  max mem: 2671
      Evaluation: [1700/1978]  eta: 0:00:21    time: 0.0776  data: 0.0000  max mem: 2671
      Evaluation: [1800/1978]  eta: 0:00:13    time: 0.0799  data: 0.0000  max mem: 2671
      Evaluation: [1900/1978]  eta: 0:00:06    time: 0.0777  data: 0.0000  max mem: 2671
      Evaluation: [1977/1978]  eta: 0:00:00    time: 0.0703  data: 0.0000  max mem: 2671
      Evaluation: Total time: 0:02:32 (0.0770 s / it)
     Computing matching score time 0:02:38
### TTA ITM Score: 
+-------+--------+--------+--------+--------+--------+
| epoch |   R1   |   R5   |  R10   |  mAP   |  mINP  |
+-------+--------+--------+--------+--------+--------+
|  -999 | 69.414 | 95.197 | 97.776 | 81.233 | 81.233 |
|  -999 | 69.414 | 95.197 | 97.776 | 81.233 | 81.233 |
|  -999 | 84.277 | 99.039 | 99.596 | 91.276 | 91.276 |
|   0   | 84.378 | 98.736 | 99.191 | 91.161 | 91.161 |
|   1   | 83.771 | 98.382 | 99.090 | 90.716 | 90.716 |
|   2   | 84.479 | 98.635 | 99.494 | 91.194 | 91.194 |
|   3   | 84.429 | 98.584 | 99.444 | 91.175 | 91.175 |
|   4   | 84.429 | 98.483 | 99.191 | 91.092 | 91.092 |
|   5   | 84.631 | 98.584 | 99.343 | 91.274 | 91.274 |
|   6   | 84.833 | 98.686 | 99.393 | 91.373 | 91.373 |
+-------+--------+--------+--------+--------+--------+
     logs:  {'epo': 6, 'R1': np.float32(84.833), 'R5': np.float32(98.686), 'R10': np.float32(99.393), 'mAP': np.float32(91.373), 'mINP': np.float32(91.373), 'lr': 0.00041, 'entropy': 0.039823, 'loss': 2.625312, 'entr_unc': 0.015288, 'uncertainty': 2.610025, 'uncertainty_multiply_coeffi': 2.610025}
      TTA Epoch: [7] [ 0/78]  eta: 0:00:42  lr: 0.000402  entropy: 0.0711  loss: 2.6516  entr_unc: 0.0273  uncertainty: 2.6244  uncertainty_multiply_coeffi: 2.6244  time: 0.5445  data: 0.4564  max mem: 2671
      TTA Epoch: [7] [77/78]  eta: 0:00:00  lr: 0.000385  entropy: 0.0580  loss: 2.6412  entr_unc: 0.0226  uncertainty: 2.6186  uncertainty_multiply_coeffi: 2.6186  time: 0.0724  data: 0.0002  max mem: 2671
      TTA Epoch: [7] Total time: 0:00:06 (0.0774 s / it)
     Averaged stats: lr: 0.0004  entropy: 0.0360  loss: 2.6237  entr_unc: 0.0138  uncertainty: 2.6099  uncertainty_multiply_coeffi: 2.6099
     itm tta time 0:00:06
     Computing matching score
      Evaluation: [   0/1978]  eta: 0:02:29    time: 0.0754  data: 0.0036  max mem: 2671
      Evaluation: [ 100/1978]  eta: 0:02:20    time: 0.0758  data: 0.0000  max mem: 2671
      Evaluation: [ 200/1978]  eta: 0:02:15    time: 0.0749  data: 0.0000  max mem: 2671
      Evaluation: [ 300/1978]  eta: 0:02:08    time: 0.0769  data: 0.0000  max mem: 2671
      Evaluation: [ 400/1978]  eta: 0:02:00    time: 0.0777  data: 0.0000  max mem: 2671
      Evaluation: [ 500/1978]  eta: 0:01:52    time: 0.0715  data: 0.0000  max mem: 2671
      Evaluation: [ 600/1978]  eta: 0:01:45    time: 0.0774  data: 0.0000  max mem: 2671
      Evaluation: [ 700/1978]  eta: 0:01:37    time: 0.0775  data: 0.0000  max mem: 2671
      Evaluation: [ 800/1978]  eta: 0:01:29    time: 0.0742  data: 0.0000  max mem: 2671
      Evaluation: [ 900/1978]  eta: 0:01:22    time: 0.0797  data: 0.0000  max mem: 2671
      Evaluation: [1000/1978]  eta: 0:01:14    time: 0.0763  data: 0.0000  max mem: 2671
      Evaluation: [1100/1978]  eta: 0:01:06    time: 0.0701  data: 0.0000  max mem: 2671
      Evaluation: [1200/1978]  eta: 0:00:59    time: 0.0801  data: 0.0000  max mem: 2671
      Evaluation: [1300/1978]  eta: 0:00:51    time: 0.0775  data: 0.0000  max mem: 2671
      Evaluation: [1400/1978]  eta: 0:00:44    time: 0.0681  data: 0.0000  max mem: 2671
      Evaluation: [1500/1978]  eta: 0:00:36    time: 0.0788  data: 0.0000  max mem: 2671
      Evaluation: [1600/1978]  eta: 0:00:28    time: 0.0762  data: 0.0000  max mem: 2671
      Evaluation: [1700/1978]  eta: 0:00:21    time: 0.0692  data: 0.0000  max mem: 2671
      Evaluation: [1800/1978]  eta: 0:00:13    time: 0.0770  data: 0.0000  max mem: 2671
      Evaluation: [1900/1978]  eta: 0:00:05    time: 0.0768  data: 0.0000  max mem: 2671
      Evaluation: [1977/1978]  eta: 0:00:00    time: 0.0782  data: 0.0000  max mem: 2671
      Evaluation: Total time: 0:02:31 (0.0766 s / it)
     Computing matching score time 0:02:33
### TTA ITM Score: 
+-------+--------+--------+--------+--------+--------+
| epoch |   R1   |   R5   |  R10   |  mAP   |  mINP  |
+-------+--------+--------+--------+--------+--------+
|  -999 | 69.414 | 95.197 | 97.776 | 81.233 | 81.233 |
|  -999 | 69.414 | 95.197 | 97.776 | 81.233 | 81.233 |
|  -999 | 84.277 | 99.039 | 99.596 | 91.276 | 91.276 |
|   0   | 84.378 | 98.736 | 99.191 | 91.161 | 91.161 |
|   1   | 83.771 | 98.382 | 99.090 | 90.716 | 90.716 |
|   2   | 84.479 | 98.635 | 99.494 | 91.194 | 91.194 |
|   3   | 84.429 | 98.584 | 99.444 | 91.175 | 91.175 |
|   4   | 84.429 | 98.483 | 99.191 | 91.092 | 91.092 |
|   5   | 84.631 | 98.584 | 99.343 | 91.274 | 91.274 |
|   6   | 84.833 | 98.686 | 99.393 | 91.373 | 91.373 |
|   7   | 84.884 | 98.686 | 99.444 | 91.395 | 91.395 |
+-------+--------+--------+--------+--------+--------+
     logs:  {'epo': 7, 'R1': np.float32(84.884), 'R5': np.float32(98.686), 'R10': np.float32(99.444), 'mAP': np.float32(91.395), 'mINP': np.float32(91.395), 'lr': 0.000393, 'entropy': 0.035978, 'loss': 2.623684, 'entr_unc': 0.013824, 'uncertainty': 2.609861, 'uncertainty_multiply_coeffi': 2.609861}
      TTA Epoch: [8] [ 0/78]  eta: 0:00:40  lr: 0.000384  entropy: 0.0063  loss: 2.6081  entr_unc: 0.0024  uncertainty: 2.6057  uncertainty_multiply_coeffi: 2.6057  time: 0.5207  data: 0.4395  max mem: 2671
      TTA Epoch: [8] [77/78]  eta: 0:00:00  lr: 0.000147  entropy: 0.0138  loss: 2.6278  entr_unc: 0.0053  uncertainty: 2.6225  uncertainty_multiply_coeffi: 2.6225  time: 0.0681  data: 0.0001  max mem: 2671
      TTA Epoch: [8] Total time: 0:00:05 (0.0735 s / it)
     Averaged stats: lr: 0.0004  entropy: 0.0329  loss: 2.6225  entr_unc: 0.0126  uncertainty: 2.6098  uncertainty_multiply_coeffi: 2.6098
     itm tta time 0:00:05
     Computing matching score
      Evaluation: [   0/1978]  eta: 0:02:35    time: 0.0787  data: 0.0036  max mem: 2671
      Evaluation: [ 100/1978]  eta: 0:02:22    time: 0.0765  data: 0.0000  max mem: 2671
      Evaluation: [ 200/1978]  eta: 0:02:16    time: 0.0777  data: 0.0000  max mem: 2671
      Evaluation: [ 300/1978]  eta: 0:02:08    time: 0.0791  data: 0.0000  max mem: 2671
      Evaluation: [ 400/1978]  eta: 0:02:01    time: 0.0762  data: 0.0000  max mem: 2671
      Evaluation: [ 500/1978]  eta: 0:01:53    time: 0.0761  data: 0.0000  max mem: 2671
      Evaluation: [ 600/1978]  eta: 0:01:45    time: 0.0744  data: 0.0000  max mem: 2671
      Evaluation: [ 700/1978]  eta: 0:01:38    time: 0.0744  data: 0.0000  max mem: 2671
      Evaluation: [ 800/1978]  eta: 0:01:30    time: 0.0782  data: 0.0000  max mem: 2671
      Evaluation: [ 900/1978]  eta: 0:01:22    time: 0.0730  data: 0.0000  max mem: 2671
      Evaluation: [1000/1978]  eta: 0:01:14    time: 0.0763  data: 0.0000  max mem: 2671
      Evaluation: [1100/1978]  eta: 0:01:07    time: 0.0774  data: 0.0000  max mem: 2671
      Evaluation: [1200/1978]  eta: 0:00:59    time: 0.0721  data: 0.0000  max mem: 2671
      Evaluation: [1300/1978]  eta: 0:00:52    time: 0.0784  data: 0.0000  max mem: 2671
      Evaluation: [1400/1978]  eta: 0:00:44    time: 0.0807  data: 0.0000  max mem: 2671
      Evaluation: [1500/1978]  eta: 0:00:36    time: 0.0724  data: 0.0000  max mem: 2671
      Evaluation: [1600/1978]  eta: 0:00:29    time: 0.0792  data: 0.0000  max mem: 2671
      Evaluation: [1700/1978]  eta: 0:00:21    time: 0.0759  data: 0.0000  max mem: 2671
      Evaluation: [1800/1978]  eta: 0:00:13    time: 0.0721  data: 0.0000  max mem: 2671
      Evaluation: [1900/1978]  eta: 0:00:05    time: 0.0762  data: 0.0000  max mem: 2671
      Evaluation: [1977/1978]  eta: 0:00:00    time: 0.0782  data: 0.0000  max mem: 2671
      Evaluation: Total time: 0:02:32 (0.0769 s / it)
     Computing matching score time 0:02:37
### TTA ITM Score: 
+-------+--------+--------+--------+--------+--------+
| epoch |   R1   |   R5   |  R10   |  mAP   |  mINP  |
+-------+--------+--------+--------+--------+--------+
|  -999 | 69.414 | 95.197 | 97.776 | 81.233 | 81.233 |
|  -999 | 69.414 | 95.197 | 97.776 | 81.233 | 81.233 |
|  -999 | 84.277 | 99.039 | 99.596 | 91.276 | 91.276 |
|   0   | 84.378 | 98.736 | 99.191 | 91.161 | 91.161 |
|   1   | 83.771 | 98.382 | 99.090 | 90.716 | 90.716 |
|   2   | 84.479 | 98.635 | 99.494 | 91.194 | 91.194 |
|   3   | 84.429 | 98.584 | 99.444 | 91.175 | 91.175 |
|   4   | 84.429 | 98.483 | 99.191 | 91.092 | 91.092 |
|   5   | 84.631 | 98.584 | 99.343 | 91.274 | 91.274 |
|   6   | 84.833 | 98.686 | 99.393 | 91.373 | 91.373 |
|   7   | 84.884 | 98.686 | 99.444 | 91.395 | 91.395 |
|   8   | 84.934 | 98.686 | 99.393 | 91.397 | 91.397 |
+-------+--------+--------+--------+--------+--------+
     logs:  {'epo': 8, 'R1': np.float32(84.934), 'R5': np.float32(98.686), 'R10': np.float32(99.393), 'mAP': np.float32(91.397), 'mINP': np.float32(91.397), 'lr': 0.000367, 'entropy': 0.032907, 'loss': 2.622468, 'entr_unc': 0.012628, 'uncertainty': 2.60984, 'uncertainty_multiply_coeffi': 2.60984}
      TTA Epoch: [9] [ 0/78]  eta: 0:00:49  lr: 0.000147  entropy: 0.0724  loss: 2.6259  entr_unc: 0.0280  uncertainty: 2.5979  uncertainty_multiply_coeffi: 2.5979  time: 0.6361  data: 0.5515  max mem: 2671
      TTA Epoch: [9] [77/78]  eta: 0:00:00  lr: 0.000140  entropy: 0.0334  loss: 2.6304  entr_unc: 0.0128  uncertainty: 2.6176  uncertainty_multiply_coeffi: 2.6176  time: 0.0696  data: 0.0002  max mem: 2671
      TTA Epoch: [9] Total time: 0:00:06 (0.0778 s / it)
     Averaged stats: lr: 0.0001  entropy: 0.0296  loss: 2.6213  entr_unc: 0.0114  uncertainty: 2.6099  uncertainty_multiply_coeffi: 2.6099
     itm tta time 0:00:06
     Computing matching score
      Evaluation: [   0/1978]  eta: 0:02:41    time: 0.0819  data: 0.0024  max mem: 2671
      Evaluation: [ 100/1978]  eta: 0:02:24    time: 0.0811  data: 0.0000  max mem: 2671
      Evaluation: [ 200/1978]  eta: 0:02:16    time: 0.0737  data: 0.0000  max mem: 2671
      Evaluation: [ 300/1978]  eta: 0:02:10    time: 0.0807  data: 0.0000  max mem: 2671
      Evaluation: [ 400/1978]  eta: 0:02:01    time: 0.0764  data: 0.0000  max mem: 2671
      Evaluation: [ 500/1978]  eta: 0:01:53    time: 0.0721  data: 0.0000  max mem: 2671
      Evaluation: [ 600/1978]  eta: 0:01:46    time: 0.0757  data: 0.0000  max mem: 2671
      Evaluation: [ 700/1978]  eta: 0:01:38    time: 0.0773  data: 0.0000  max mem: 2671
      Evaluation: [ 800/1978]  eta: 0:01:30    time: 0.0682  data: 0.0000  max mem: 2671
      Evaluation: [ 900/1978]  eta: 0:01:22    time: 0.0780  data: 0.0000  max mem: 2671
      Evaluation: [1000/1978]  eta: 0:01:14    time: 0.0766  data: 0.0000  max mem: 2671
      Evaluation: [1100/1978]  eta: 0:01:07    time: 0.0721  data: 0.0000  max mem: 2671
      Evaluation: [1200/1978]  eta: 0:00:59    time: 0.0798  data: 0.0000  max mem: 2671
      Evaluation: [1300/1978]  eta: 0:00:52    time: 0.0802  data: 0.0000  max mem: 2671
      Evaluation: [1400/1978]  eta: 0:00:44    time: 0.0786  data: 0.0000  max mem: 2671
      Evaluation: [1500/1978]  eta: 0:00:36    time: 0.0774  data: 0.0000  max mem: 2671
      Evaluation: [1600/1978]  eta: 0:00:29    time: 0.0850  data: 0.0000  max mem: 2671
      Evaluation: [1700/1978]  eta: 0:00:21    time: 0.0773  data: 0.0000  max mem: 2671
      Evaluation: [1800/1978]  eta: 0:00:13    time: 0.0768  data: 0.0000  max mem: 2671
      Evaluation: [1900/1978]  eta: 0:00:06    time: 0.0773  data: 0.0000  max mem: 2671
      Evaluation: [1977/1978]  eta: 0:00:00    time: 0.0814  data: 0.0000  max mem: 2671
      Evaluation: Total time: 0:02:33 (0.0774 s / it)
     Computing matching score time 0:02:38
### TTA ITM Score: 
+-------+--------+--------+--------+--------+--------+
| epoch |   R1   |   R5   |  R10   |  mAP   |  mINP  |
+-------+--------+--------+--------+--------+--------+
|  -999 | 69.414 | 95.197 | 97.776 | 81.233 | 81.233 |
|  -999 | 69.414 | 95.197 | 97.776 | 81.233 | 81.233 |
|  -999 | 84.277 | 99.039 | 99.596 | 91.276 | 91.276 |
|   0   | 84.378 | 98.736 | 99.191 | 91.161 | 91.161 |
|   1   | 83.771 | 98.382 | 99.090 | 90.716 | 90.716 |
|   2   | 84.479 | 98.635 | 99.494 | 91.194 | 91.194 |
|   3   | 84.429 | 98.584 | 99.444 | 91.175 | 91.175 |
|   4   | 84.429 | 98.483 | 99.191 | 91.092 | 91.092 |
|   5   | 84.631 | 98.584 | 99.343 | 91.274 | 91.274 |
|   6   | 84.833 | 98.686 | 99.393 | 91.373 | 91.373 |
|   7   | 84.884 | 98.686 | 99.444 | 91.395 | 91.395 |
|   8   | 84.934 | 98.686 | 99.393 | 91.397 | 91.397 |
|   9   | 84.732 | 98.635 | 99.343 | 91.268 | 91.268 |
+-------+--------+--------+--------+--------+--------+
     logs:  {'epo': 9, 'R1': np.float32(84.732), 'R5': np.float32(98.635), 'R10': np.float32(99.343), 'mAP': np.float32(91.268), 'mINP': np.float32(91.268), 'lr': 0.000143, 'entropy': 0.029631, 'loss': 2.621286, 'entr_unc': 0.011396, 'uncertainty': 2.60989, 'uncertainty_multiply_coeffi': 2.60989}
      TTA Epoch: [10] [ 0/78]  eta: 0:00:43  lr: 0.000140  entropy: 0.0460  loss: 2.6381  entr_unc: 0.0176  uncertainty: 2.6205  uncertainty_multiply_coeffi: 2.6205  time: 0.5588  data: 0.4756  max mem: 2671
      TTA Epoch: [10] [77/78]  eta: 0:00:00  lr: 0.000133  entropy: 0.0362  loss: 2.6219  entr_unc: 0.0139  uncertainty: 2.6080  uncertainty_multiply_coeffi: 2.6080  time: 0.0688  data: 0.0002  max mem: 2671
      TTA Epoch: [10] Total time: 0:00:05 (0.0767 s / it)
     Averaged stats: lr: 0.0001  entropy: 0.0260  loss: 2.6198  entr_unc: 0.0100  uncertainty: 2.6098  uncertainty_multiply_coeffi: 2.6098
     itm tta time 0:00:06
     Computing matching score
      Evaluation: [   0/1978]  eta: 0:02:41    time: 0.0818  data: 0.0036  max mem: 2671
      Evaluation: [ 100/1978]  eta: 0:02:28    time: 0.0837  data: 0.0000  max mem: 2671
      Evaluation: [ 200/1978]  eta: 0:02:19    time: 0.0720  data: 0.0000  max mem: 2671
      Evaluation: [ 300/1978]  eta: 0:02:12    time: 0.0833  data: 0.0000  max mem: 2671
      Evaluation: [ 400/1978]  eta: 0:02:04    time: 0.0835  data: 0.0000  max mem: 2671
      Evaluation: [ 500/1978]  eta: 0:01:56    time: 0.0783  data: 0.0000  max mem: 2671
      Evaluation: [ 600/1978]  eta: 0:01:48    time: 0.0789  data: 0.0000  max mem: 2671
      Evaluation: [ 700/1978]  eta: 0:01:39    time: 0.0783  data: 0.0000  max mem: 2671
      Evaluation: [ 800/1978]  eta: 0:01:31    time: 0.0777  data: 0.0000  max mem: 2671
      Evaluation: [ 900/1978]  eta: 0:01:23    time: 0.0766  data: 0.0000  max mem: 2671
      Evaluation: [1000/1978]  eta: 0:01:15    time: 0.0765  data: 0.0000  max mem: 2671
      Evaluation: [1100/1978]  eta: 0:01:08    time: 0.0784  data: 0.0000  max mem: 2671
      Evaluation: [1200/1978]  eta: 0:01:00    time: 0.0816  data: 0.0000  max mem: 2671
      Evaluation: [1300/1978]  eta: 0:00:52    time: 0.0815  data: 0.0000  max mem: 2671
      Evaluation: [1400/1978]  eta: 0:00:44    time: 0.0772  data: 0.0000  max mem: 2671
      Evaluation: [1500/1978]  eta: 0:00:37    time: 0.0771  data: 0.0000  max mem: 2671
      Evaluation: [1600/1978]  eta: 0:00:29    time: 0.0754  data: 0.0000  max mem: 2671
      Evaluation: [1700/1978]  eta: 0:00:21    time: 0.0763  data: 0.0000  max mem: 2671
      Evaluation: [1800/1978]  eta: 0:00:13    time: 0.0802  data: 0.0000  max mem: 2671
      Evaluation: [1900/1978]  eta: 0:00:06    time: 0.0761  data: 0.0000  max mem: 2671
      Evaluation: [1977/1978]  eta: 0:00:00    time: 0.0700  data: 0.0000  max mem: 2671
      Evaluation: Total time: 0:02:32 (0.0771 s / it)
     Computing matching score time 0:02:38
### TTA ITM Score: 
+-------+--------+--------+--------+--------+--------+
| epoch |   R1   |   R5   |  R10   |  mAP   |  mINP  |
+-------+--------+--------+--------+--------+--------+
|  -999 | 69.414 | 95.197 | 97.776 | 81.233 | 81.233 |
|  -999 | 69.414 | 95.197 | 97.776 | 81.233 | 81.233 |
|  -999 | 84.277 | 99.039 | 99.596 | 91.276 | 91.276 |
|   0   | 84.378 | 98.736 | 99.191 | 91.161 | 91.161 |
|   1   | 83.771 | 98.382 | 99.090 | 90.716 | 90.716 |
|   2   | 84.479 | 98.635 | 99.494 | 91.194 | 91.194 |
|   3   | 84.429 | 98.584 | 99.444 | 91.175 | 91.175 |
|   4   | 84.429 | 98.483 | 99.191 | 91.092 | 91.092 |
|   5   | 84.631 | 98.584 | 99.343 | 91.274 | 91.274 |
|   6   | 84.833 | 98.686 | 99.393 | 91.373 | 91.373 |
|   7   | 84.884 | 98.686 | 99.444 | 91.395 | 91.395 |
|   8   | 84.934 | 98.686 | 99.393 | 91.397 | 91.397 |
|   9   | 84.732 | 98.635 | 99.343 | 91.268 | 91.268 |
|   10  | 84.681 | 98.635 | 99.242 | 91.223 | 91.223 |
+-------+--------+--------+--------+--------+--------+
     logs:  {'epo': 10, 'R1': np.float32(84.681), 'R5': np.float32(98.635), 'R10': np.float32(99.242), 'mAP': np.float32(91.223), 'mINP': np.float32(91.223), 'lr': 0.000137, 'entropy': 0.025964, 'loss': 2.6198, 'entr_unc': 0.009974, 'uncertainty': 2.609827, 'uncertainty_multiply_coeffi': 2.609827}
      TTA Epoch: [11] [ 0/78]  eta: 0:00:43  lr: 0.000133  entropy: 0.0009  loss: 2.5997  entr_unc: 0.0003  uncertainty: 2.5994  uncertainty_multiply_coeffi: 2.5994  time: 0.5614  data: 0.4698  max mem: 2671
      TTA Epoch: [11] [77/78]  eta: 0:00:00  lr: 0.000126  entropy: 0.0529  loss: 2.6263  entr_unc: 0.0203  uncertainty: 2.6060  uncertainty_multiply_coeffi: 2.6060  time: 0.0688  data: 0.0001  max mem: 2671
      TTA Epoch: [11] Total time: 0:00:05 (0.0763 s / it)
     Averaged stats: lr: 0.0001  entropy: 0.0225  loss: 2.6186  entr_unc: 0.0086  uncertainty: 2.6100  uncertainty_multiply_coeffi: 2.6100
     itm tta time 0:00:06
     Computing matching score
      Evaluation: [   0/1978]  eta: 0:03:02    time: 0.0921  data: 0.0036  max mem: 2671
      Evaluation: [ 100/1978]  eta: 0:02:21    time: 0.0766  data: 0.0000  max mem: 2671
      Evaluation: [ 200/1978]  eta: 0:02:15    time: 0.0769  data: 0.0000  max mem: 2671
      Evaluation: [ 300/1978]  eta: 0:02:07    time: 0.0766  data: 0.0000  max mem: 2671
      Evaluation: [ 400/1978]  eta: 0:02:00    time: 0.0770  data: 0.0000  max mem: 2671
      Evaluation: [ 500/1978]  eta: 0:01:52    time: 0.0781  data: 0.0000  max mem: 2671
      Evaluation: [ 600/1978]  eta: 0:01:45    time: 0.0769  data: 0.0000  max mem: 2671
      Evaluation: [ 700/1978]  eta: 0:01:37    time: 0.0766  data: 0.0000  max mem: 2671
      Evaluation: [ 800/1978]  eta: 0:01:29    time: 0.0771  data: 0.0000  max mem: 2671
      Evaluation: [ 900/1978]  eta: 0:01:22    time: 0.0793  data: 0.0000  max mem: 2671
      Evaluation: [1000/1978]  eta: 0:01:14    time: 0.0751  data: 0.0000  max mem: 2671
      Evaluation: [1100/1978]  eta: 0:01:06    time: 0.0794  data: 0.0000  max mem: 2671
      Evaluation: [1200/1978]  eta: 0:00:59    time: 0.0786  data: 0.0000  max mem: 2671
      Evaluation: [1300/1978]  eta: 0:00:51    time: 0.0761  data: 0.0000  max mem: 2671
      Evaluation: [1400/1978]  eta: 0:00:44    time: 0.0802  data: 0.0000  max mem: 2671
      Evaluation: [1500/1978]  eta: 0:00:36    time: 0.0799  data: 0.0000  max mem: 2671
      Evaluation: [1600/1978]  eta: 0:00:28    time: 0.0800  data: 0.0000  max mem: 2671
      Evaluation: [1700/1978]  eta: 0:00:21    time: 0.0715  data: 0.0000  max mem: 2671
      Evaluation: [1800/1978]  eta: 0:00:13    time: 0.0765  data: 0.0000  max mem: 2671
      Evaluation: [1900/1978]  eta: 0:00:05    time: 0.0771  data: 0.0000  max mem: 2671
      Evaluation: [1977/1978]  eta: 0:00:00    time: 0.0767  data: 0.0000  max mem: 2671
      Evaluation: Total time: 0:02:31 (0.0766 s / it)
     Computing matching score time 0:02:33
### TTA ITM Score: 
+-------+--------+--------+--------+--------+--------+
| epoch |   R1   |   R5   |  R10   |  mAP   |  mINP  |
+-------+--------+--------+--------+--------+--------+
|  -999 | 69.414 | 95.197 | 97.776 | 81.233 | 81.233 |
|  -999 | 69.414 | 95.197 | 97.776 | 81.233 | 81.233 |
|  -999 | 84.277 | 99.039 | 99.596 | 91.276 | 91.276 |
|   0   | 84.378 | 98.736 | 99.191 | 91.161 | 91.161 |
|   1   | 83.771 | 98.382 | 99.090 | 90.716 | 90.716 |
|   2   | 84.479 | 98.635 | 99.494 | 91.194 | 91.194 |
|   3   | 84.429 | 98.584 | 99.444 | 91.175 | 91.175 |
|   4   | 84.429 | 98.483 | 99.191 | 91.092 | 91.092 |
|   5   | 84.631 | 98.584 | 99.343 | 91.274 | 91.274 |
|   6   | 84.833 | 98.686 | 99.393 | 91.373 | 91.373 |
|   7   | 84.884 | 98.686 | 99.444 | 91.395 | 91.395 |
|   8   | 84.934 | 98.686 | 99.393 | 91.397 | 91.397 |
|   9   | 84.732 | 98.635 | 99.343 | 91.268 | 91.268 |
|   10  | 84.681 | 98.635 | 99.242 | 91.223 | 91.223 |
|   11  | 84.783 | 98.635 | 99.292 | 91.272 | 91.272 |
+-------+--------+--------+--------+--------+--------+
     logs:  {'epo': 11, 'R1': np.float32(84.783), 'R5': np.float32(98.635), 'R10': np.float32(99.292), 'mAP': np.float32(91.272), 'mINP': np.float32(91.272), 'lr': 0.00013, 'entropy': 0.022522, 'loss': 2.618604, 'entr_unc': 0.008645, 'uncertainty': 2.609959, 'uncertainty_multiply_coeffi': 2.609959}
      TTA Epoch: [12] [ 0/78]  eta: 0:01:03  lr: 0.000126  entropy: 0.0363  loss: 2.6236  entr_unc: 0.0144  uncertainty: 2.6092  uncertainty_multiply_coeffi: 2.6092  time: 0.8147  data: 0.7405  max mem: 2671
      TTA Epoch: [12] [77/78]  eta: 0:00:00  lr: 0.000119  entropy: 0.0432  loss: 2.6330  entr_unc: 0.0165  uncertainty: 2.6165  uncertainty_multiply_coeffi: 2.6165  time: 0.0677  data: 0.0001  max mem: 2671
      TTA Epoch: [12] Total time: 0:00:06 (0.0804 s / it)
     Averaged stats: lr: 0.0001  entropy: 0.0258  loss: 2.6197  entr_unc: 0.0099  uncertainty: 2.6098  uncertainty_multiply_coeffi: 2.6098
     itm tta time 0:00:06
     Computing matching score
      Evaluation: [   0/1978]  eta: 0:02:53    time: 0.0878  data: 0.0040  max mem: 2671
      Evaluation: [ 100/1978]  eta: 0:02:21    time: 0.0784  data: 0.0000  max mem: 2671
      Evaluation: [ 200/1978]  eta: 0:02:13    time: 0.0768  data: 0.0000  max mem: 2671
      Evaluation: [ 300/1978]  eta: 0:02:07    time: 0.0800  data: 0.0000  max mem: 2671
      Evaluation: [ 400/1978]  eta: 0:02:00    time: 0.0809  data: 0.0000  max mem: 2671
      Evaluation: [ 500/1978]  eta: 0:01:53    time: 0.0812  data: 0.0000  max mem: 2671
      Evaluation: [ 600/1978]  eta: 0:01:45    time: 0.0774  data: 0.0000  max mem: 2671
      Evaluation: [ 700/1978]  eta: 0:01:38    time: 0.0768  data: 0.0000  max mem: 2671
      Evaluation: [ 800/1978]  eta: 0:01:30    time: 0.0784  data: 0.0000  max mem: 2671
      Evaluation: [ 900/1978]  eta: 0:01:22    time: 0.0769  data: 0.0000  max mem: 2671
      Evaluation: [1000/1978]  eta: 0:01:14    time: 0.0783  data: 0.0000  max mem: 2671
      Evaluation: [1100/1978]  eta: 0:01:07    time: 0.0772  data: 0.0000  max mem: 2671
      Evaluation: [1200/1978]  eta: 0:00:59    time: 0.0707  data: 0.0000  max mem: 2671
      Evaluation: [1300/1978]  eta: 0:00:52    time: 0.0771  data: 0.0000  max mem: 2671
      Evaluation: [1400/1978]  eta: 0:00:44    time: 0.0803  data: 0.0000  max mem: 2671
      Evaluation: [1500/1978]  eta: 0:00:36    time: 0.0686  data: 0.0000  max mem: 2671
      Evaluation: [1600/1978]  eta: 0:00:29    time: 0.0772  data: 0.0000  max mem: 2671
      Evaluation: [1700/1978]  eta: 0:00:21    time: 0.0789  data: 0.0000  max mem: 2671
      Evaluation: [1800/1978]  eta: 0:00:13    time: 0.0705  data: 0.0000  max mem: 2671
      Evaluation: [1900/1978]  eta: 0:00:06    time: 0.0819  data: 0.0000  max mem: 2671
      Evaluation: [1977/1978]  eta: 0:00:00    time: 0.0798  data: 0.0000  max mem: 2671
      Evaluation: Total time: 0:02:32 (0.0770 s / it)
     Computing matching score time 0:02:37
### TTA ITM Score: 
+-------+--------+--------+--------+--------+--------+
| epoch |   R1   |   R5   |  R10   |  mAP   |  mINP  |
+-------+--------+--------+--------+--------+--------+
|  -999 | 69.414 | 95.197 | 97.776 | 81.233 | 81.233 |
|  -999 | 69.414 | 95.197 | 97.776 | 81.233 | 81.233 |
|  -999 | 84.277 | 99.039 | 99.596 | 91.276 | 91.276 |
|   0   | 84.378 | 98.736 | 99.191 | 91.161 | 91.161 |
|   1   | 83.771 | 98.382 | 99.090 | 90.716 | 90.716 |
|   2   | 84.479 | 98.635 | 99.494 | 91.194 | 91.194 |
|   3   | 84.429 | 98.584 | 99.444 | 91.175 | 91.175 |
|   4   | 84.429 | 98.483 | 99.191 | 91.092 | 91.092 |
|   5   | 84.631 | 98.584 | 99.343 | 91.274 | 91.274 |
|   6   | 84.833 | 98.686 | 99.393 | 91.373 | 91.373 |
|   7   | 84.884 | 98.686 | 99.444 | 91.395 | 91.395 |
|   8   | 84.934 | 98.686 | 99.393 | 91.397 | 91.397 |
|   9   | 84.732 | 98.635 | 99.343 | 91.268 | 91.268 |
|   10  | 84.681 | 98.635 | 99.242 | 91.223 | 91.223 |
|   11  | 84.783 | 98.635 | 99.292 | 91.272 | 91.272 |
|   12  | 84.681 | 98.635 | 99.242 | 91.223 | 91.223 |
+-------+--------+--------+--------+--------+--------+
     logs:  {'epo': 12, 'R1': np.float32(84.681), 'R5': np.float32(98.635), 'R10': np.float32(99.242), 'mAP': np.float32(91.223), 'mINP': np.float32(91.223), 'lr': 0.000123, 'entropy': 0.025777, 'loss': 2.61975, 'entr_unc': 0.009928, 'uncertainty': 2.609821, 'uncertainty_multiply_coeffi': 2.609821}
      TTA Epoch: [13] [ 0/78]  eta: 0:00:39  lr: 0.000119  entropy: 0.0032  loss: 2.6103  entr_unc: 0.0012  uncertainty: 2.6091  uncertainty_multiply_coeffi: 2.6091  time: 0.5084  data: 0.4228  max mem: 2671
      TTA Epoch: [13] [77/78]  eta: 0:00:00  lr: 0.000113  entropy: 0.0004  loss: 2.6105  entr_unc: 0.0001  uncertainty: 2.6104  uncertainty_multiply_coeffi: 2.6104  time: 0.0667  data: 0.0001  max mem: 2671
      TTA Epoch: [13] Total time: 0:00:05 (0.0741 s / it)
     Averaged stats: lr: 0.0001  entropy: 0.0270  loss: 2.6203  entr_unc: 0.0104  uncertainty: 2.6099  uncertainty_multiply_coeffi: 2.6099
     itm tta time 0:00:05
     Computing matching score
      Evaluation: [   0/1978]  eta: 0:02:45    time: 0.0835  data: 0.0036  max mem: 2671
      Evaluation: [ 100/1978]  eta: 0:02:22    time: 0.0760  data: 0.0000  max mem: 2671
      Evaluation: [ 200/1978]  eta: 0:02:16    time: 0.0770  data: 0.0000  max mem: 2671
      Evaluation: [ 300/1978]  eta: 0:02:08    time: 0.0815  data: 0.0000  max mem: 2671
      Evaluation: [ 400/1978]  eta: 0:02:01    time: 0.0805  data: 0.0000  max mem: 2671
      Evaluation: [ 500/1978]  eta: 0:01:53    time: 0.0778  data: 0.0000  max mem: 2671
      Evaluation: [ 600/1978]  eta: 0:01:46    time: 0.0819  data: 0.0000  max mem: 2671
      Evaluation: [ 700/1978]  eta: 0:01:38    time: 0.0782  data: 0.0000  max mem: 2671
      Evaluation: [ 800/1978]  eta: 0:01:30    time: 0.0704  data: 0.0000  max mem: 2671
      Evaluation: [ 900/1978]  eta: 0:01:23    time: 0.0789  data: 0.0000  max mem: 2671
      Evaluation: [1000/1978]  eta: 0:01:15    time: 0.0755  data: 0.0000  max mem: 2671
      Evaluation: [1100/1978]  eta: 0:01:07    time: 0.0708  data: 0.0000  max mem: 2671
      Evaluation: [1200/1978]  eta: 0:00:59    time: 0.0794  data: 0.0000  max mem: 2671
      Evaluation: [1300/1978]  eta: 0:00:52    time: 0.0786  data: 0.0000  max mem: 2671
      Evaluation: [1400/1978]  eta: 0:00:44    time: 0.0700  data: 0.0000  max mem: 2671
      Evaluation: [1500/1978]  eta: 0:00:36    time: 0.0832  data: 0.0000  max mem: 2671
      Evaluation: [1600/1978]  eta: 0:00:29    time: 0.0778  data: 0.0000  max mem: 2671
      Evaluation: [1700/1978]  eta: 0:00:21    time: 0.0691  data: 0.0000  max mem: 2671
      Evaluation: [1800/1978]  eta: 0:00:13    time: 0.0770  data: 0.0000  max mem: 2671
      Evaluation: [1900/1978]  eta: 0:00:06    time: 0.0781  data: 0.0000  max mem: 2671
      Evaluation: [1977/1978]  eta: 0:00:00    time: 0.0799  data: 0.0000  max mem: 2671
      Evaluation: Total time: 0:02:32 (0.0772 s / it)
     Computing matching score time 0:02:34
### TTA ITM Score: 
+-------+--------+--------+--------+--------+--------+
| epoch |   R1   |   R5   |  R10   |  mAP   |  mINP  |
+-------+--------+--------+--------+--------+--------+
|  -999 | 69.414 | 95.197 | 97.776 | 81.233 | 81.233 |
|  -999 | 69.414 | 95.197 | 97.776 | 81.233 | 81.233 |
|  -999 | 84.277 | 99.039 | 99.596 | 91.276 | 91.276 |
|   0   | 84.378 | 98.736 | 99.191 | 91.161 | 91.161 |
|   1   | 83.771 | 98.382 | 99.090 | 90.716 | 90.716 |
|   2   | 84.479 | 98.635 | 99.494 | 91.194 | 91.194 |
|   3   | 84.429 | 98.584 | 99.444 | 91.175 | 91.175 |
|   4   | 84.429 | 98.483 | 99.191 | 91.092 | 91.092 |
|   5   | 84.631 | 98.584 | 99.343 | 91.274 | 91.274 |
|   6   | 84.833 | 98.686 | 99.393 | 91.373 | 91.373 |
|   7   | 84.884 | 98.686 | 99.444 | 91.395 | 91.395 |
|   8   | 84.934 | 98.686 | 99.393 | 91.397 | 91.397 |
|   9   | 84.732 | 98.635 | 99.343 | 91.268 | 91.268 |
|   10  | 84.681 | 98.635 | 99.242 | 91.223 | 91.223 |
|   11  | 84.783 | 98.635 | 99.292 | 91.272 | 91.272 |
|   12  | 84.681 | 98.635 | 99.242 | 91.223 | 91.223 |
|   13  | 84.580 | 98.635 | 99.343 | 91.178 | 91.178 |
+-------+--------+--------+--------+--------+--------+
     logs:  {'epo': 13, 'R1': np.float32(84.58), 'R5': np.float32(98.635), 'R10': np.float32(99.343), 'mAP': np.float32(91.178), 'mINP': np.float32(91.178), 'lr': 0.000116, 'entropy': 0.027023, 'loss': 2.62028, 'entr_unc': 0.010381, 'uncertainty': 2.6099, 'uncertainty_multiply_coeffi': 2.6099}
      TTA Epoch: [14] [ 0/78]  eta: 0:00:40  lr: 0.000113  entropy: 0.1010  loss: 2.6582  entr_unc: 0.0388  uncertainty: 2.6194  uncertainty_multiply_coeffi: 2.6194  time: 0.5172  data: 0.4326  max mem: 2671
      TTA Epoch: [14] [77/78]  eta: 0:00:00  lr: 0.000106  entropy: 0.0129  loss: 2.6129  entr_unc: 0.0050  uncertainty: 2.6080  uncertainty_multiply_coeffi: 2.6080  time: 0.0674  data: 0.0001  max mem: 2671
      TTA Epoch: [14] Total time: 0:00:05 (0.0742 s / it)
     Averaged stats: lr: 0.0001  entropy: 0.0268  loss: 2.6202  entr_unc: 0.0103  uncertainty: 2.6099  uncertainty_multiply_coeffi: 2.6099
     itm tta time 0:00:05
     Computing matching score
      Evaluation: [   0/1978]  eta: 0:02:30    time: 0.0762  data: 0.0036  max mem: 2671
      Evaluation: [ 100/1978]  eta: 0:02:24    time: 0.0751  data: 0.0000  max mem: 2671
      Evaluation: [ 200/1978]  eta: 0:02:14    time: 0.0780  data: 0.0000  max mem: 2671
      Evaluation: [ 300/1978]  eta: 0:02:08    time: 0.0761  data: 0.0000  max mem: 2671
      Evaluation: [ 400/1978]  eta: 0:02:00    time: 0.0761  data: 0.0000  max mem: 2671
      Evaluation: [ 500/1978]  eta: 0:01:52    time: 0.0760  data: 0.0000  max mem: 2671
      Evaluation: [ 600/1978]  eta: 0:01:45    time: 0.0799  data: 0.0000  max mem: 2671
      Evaluation: [ 700/1978]  eta: 0:01:37    time: 0.0787  data: 0.0000  max mem: 2671
      Evaluation: [ 800/1978]  eta: 0:01:29    time: 0.0757  data: 0.0000  max mem: 2671
      Evaluation: [ 900/1978]  eta: 0:01:22    time: 0.0799  data: 0.0000  max mem: 2671
      Evaluation: [1000/1978]  eta: 0:01:14    time: 0.0816  data: 0.0000  max mem: 2671
      Evaluation: [1100/1978]  eta: 0:01:07    time: 0.0752  data: 0.0000  max mem: 2671
      Evaluation: [1200/1978]  eta: 0:00:59    time: 0.0753  data: 0.0000  max mem: 2671
      Evaluation: [1300/1978]  eta: 0:00:51    time: 0.0783  data: 0.0000  max mem: 2671
      Evaluation: [1400/1978]  eta: 0:00:44    time: 0.0775  data: 0.0000  max mem: 2671
      Evaluation: [1500/1978]  eta: 0:00:36    time: 0.0759  data: 0.0000  max mem: 2671
      Evaluation: [1600/1978]  eta: 0:00:28    time: 0.0760  data: 0.0000  max mem: 2671
      Evaluation: [1700/1978]  eta: 0:00:21    time: 0.0761  data: 0.0000  max mem: 2671
      Evaluation: [1800/1978]  eta: 0:00:13    time: 0.0771  data: 0.0000  max mem: 2671
      Evaluation: [1900/1978]  eta: 0:00:05    time: 0.0756  data: 0.0000  max mem: 2671
      Evaluation: [1977/1978]  eta: 0:00:00    time: 0.0691  data: 0.0000  max mem: 2671
      Evaluation: Total time: 0:02:30 (0.0763 s / it)
     Computing matching score time 0:02:37
### TTA ITM Score: 
+-------+--------+--------+--------+--------+--------+
| epoch |   R1   |   R5   |  R10   |  mAP   |  mINP  |
+-------+--------+--------+--------+--------+--------+
|  -999 | 69.414 | 95.197 | 97.776 | 81.233 | 81.233 |
|  -999 | 69.414 | 95.197 | 97.776 | 81.233 | 81.233 |
|  -999 | 84.277 | 99.039 | 99.596 | 91.276 | 91.276 |
|   0   | 84.378 | 98.736 | 99.191 | 91.161 | 91.161 |
|   1   | 83.771 | 98.382 | 99.090 | 90.716 | 90.716 |
|   2   | 84.479 | 98.635 | 99.494 | 91.194 | 91.194 |
|   3   | 84.429 | 98.584 | 99.444 | 91.175 | 91.175 |
|   4   | 84.429 | 98.483 | 99.191 | 91.092 | 91.092 |
|   5   | 84.631 | 98.584 | 99.343 | 91.274 | 91.274 |
|   6   | 84.833 | 98.686 | 99.393 | 91.373 | 91.373 |
|   7   | 84.884 | 98.686 | 99.444 | 91.395 | 91.395 |
|   8   | 84.934 | 98.686 | 99.393 | 91.397 | 91.397 |
|   9   | 84.732 | 98.635 | 99.343 | 91.268 | 91.268 |
|   10  | 84.681 | 98.635 | 99.242 | 91.223 | 91.223 |
|   11  | 84.783 | 98.635 | 99.292 | 91.272 | 91.272 |
|   12  | 84.681 | 98.635 | 99.242 | 91.223 | 91.223 |
|   13  | 84.580 | 98.635 | 99.343 | 91.178 | 91.178 |
|   14  | 84.580 | 98.635 | 99.292 | 91.171 | 91.171 |
+-------+--------+--------+--------+--------+--------+
     logs:  {'epo': 14, 'R1': np.float32(84.58), 'R5': np.float32(98.635), 'R10': np.float32(99.292), 'mAP': np.float32(91.171), 'mINP': np.float32(91.171), 'lr': 0.000109, 'entropy': 0.026815, 'loss': 2.62017, 'entr_unc': 0.010306, 'uncertainty': 2.609863, 'uncertainty_multiply_coeffi': 2.609863}
      TTA Epoch: [15] [ 0/78]  eta: 0:00:42  lr: 0.000106  entropy: 0.0128  loss: 2.6191  entr_unc: 0.0048  uncertainty: 2.6142  uncertainty_multiply_coeffi: 2.6142  time: 0.5456  data: 0.4669  max mem: 2671
      TTA Epoch: [15] [77/78]  eta: 0:00:00  lr: 0.000099  entropy: 0.0008  loss: 2.6083  entr_unc: 0.0003  uncertainty: 2.6080  uncertainty_multiply_coeffi: 2.6080  time: 0.0688  data: 0.0002  max mem: 2671
      TTA Epoch: [15] Total time: 0:00:05 (0.0765 s / it)
     Averaged stats: lr: 0.0001  entropy: 0.0254  loss: 2.6196  entr_unc: 0.0098  uncertainty: 2.6099  uncertainty_multiply_coeffi: 2.6099
     itm tta time 0:00:06
     Computing matching score
      Evaluation: [   0/1978]  eta: 0:02:21    time: 0.0713  data: 0.0023  max mem: 2671
      Evaluation: [ 100/1978]  eta: 0:02:19    time: 0.0762  data: 0.0000  max mem: 2671
      Evaluation: [ 200/1978]  eta: 0:02:15    time: 0.0778  data: 0.0000  max mem: 2671
      Evaluation: [ 300/1978]  eta: 0:02:07    time: 0.0773  data: 0.0000  max mem: 2671
      Evaluation: [ 400/1978]  eta: 0:02:01    time: 0.0785  data: 0.0000  max mem: 2671
      Evaluation: [ 500/1978]  eta: 0:01:52    time: 0.0699  data: 0.0000  max mem: 2671
      Evaluation: [ 600/1978]  eta: 0:01:45    time: 0.0798  data: 0.0000  max mem: 2671
      Evaluation: [ 700/1978]  eta: 0:01:38    time: 0.0768  data: 0.0000  max mem: 2671
      Evaluation: [ 800/1978]  eta: 0:01:30    time: 0.0712  data: 0.0000  max mem: 2671
      Evaluation: [ 900/1978]  eta: 0:01:22    time: 0.0761  data: 0.0000  max mem: 2671
      Evaluation: [1000/1978]  eta: 0:01:14    time: 0.0758  data: 0.0000  max mem: 2671
      Evaluation: [1100/1978]  eta: 0:01:07    time: 0.0665  data: 0.0000  max mem: 2671
      Evaluation: [1200/1978]  eta: 0:00:59    time: 0.0768  data: 0.0000  max mem: 2671
      Evaluation: [1300/1978]  eta: 0:00:51    time: 0.0825  data: 0.0000  max mem: 2671
      Evaluation: [1400/1978]  eta: 0:00:44    time: 0.0685  data: 0.0000  max mem: 2671
      Evaluation: [1500/1978]  eta: 0:00:36    time: 0.0781  data: 0.0000  max mem: 2671
      Evaluation: [1600/1978]  eta: 0:00:28    time: 0.0764  data: 0.0000  max mem: 2671
      Evaluation: [1700/1978]  eta: 0:00:21    time: 0.0676  data: 0.0000  max mem: 2671
      Evaluation: [1800/1978]  eta: 0:00:13    time: 0.0767  data: 0.0000  max mem: 2671
      Evaluation: [1900/1978]  eta: 0:00:05    time: 0.0801  data: 0.0000  max mem: 2671
      Evaluation: [1977/1978]  eta: 0:00:00    time: 0.0719  data: 0.0000  max mem: 2671
      Evaluation: Total time: 0:02:31 (0.0767 s / it)
     Computing matching score time 0:02:37
### TTA ITM Score: 
+-------+--------+--------+--------+--------+--------+
| epoch |   R1   |   R5   |  R10   |  mAP   |  mINP  |
+-------+--------+--------+--------+--------+--------+
|  -999 | 69.414 | 95.197 | 97.776 | 81.233 | 81.233 |
|  -999 | 69.414 | 95.197 | 97.776 | 81.233 | 81.233 |
|  -999 | 84.277 | 99.039 | 99.596 | 91.276 | 91.276 |
|   0   | 84.378 | 98.736 | 99.191 | 91.161 | 91.161 |
|   1   | 83.771 | 98.382 | 99.090 | 90.716 | 90.716 |
|   2   | 84.479 | 98.635 | 99.494 | 91.194 | 91.194 |
|   3   | 84.429 | 98.584 | 99.444 | 91.175 | 91.175 |
|   4   | 84.429 | 98.483 | 99.191 | 91.092 | 91.092 |
|   5   | 84.631 | 98.584 | 99.343 | 91.274 | 91.274 |
|   6   | 84.833 | 98.686 | 99.393 | 91.373 | 91.373 |
|   7   | 84.884 | 98.686 | 99.444 | 91.395 | 91.395 |
|   8   | 84.934 | 98.686 | 99.393 | 91.397 | 91.397 |
|   9   | 84.732 | 98.635 | 99.343 | 91.268 | 91.268 |
|   10  | 84.681 | 98.635 | 99.242 | 91.223 | 91.223 |
|   11  | 84.783 | 98.635 | 99.292 | 91.272 | 91.272 |
|   12  | 84.681 | 98.635 | 99.242 | 91.223 | 91.223 |
|   13  | 84.580 | 98.635 | 99.343 | 91.178 | 91.178 |
|   14  | 84.580 | 98.635 | 99.292 | 91.171 | 91.171 |
|   15  | 84.479 | 98.686 | 99.292 | 91.135 | 91.135 |
+-------+--------+--------+--------+--------+--------+
     logs:  {'epo': 15, 'R1': np.float32(84.479), 'R5': np.float32(98.686), 'R10': np.float32(99.292), 'mAP': np.float32(91.135), 'mINP': np.float32(91.135), 'lr': 0.000102, 'entropy': 0.025432, 'loss': 2.619624, 'entr_unc': 0.009758, 'uncertainty': 2.609866, 'uncertainty_multiply_coeffi': 2.609866}
      TTA Epoch: [16] [ 0/78]  eta: 0:00:43  lr: 0.000099  entropy: 0.0467  loss: 2.6271  entr_unc: 0.0182  uncertainty: 2.6089  uncertainty_multiply_coeffi: 2.6089  time: 0.5534  data: 0.4952  max mem: 2671
      TTA Epoch: [16] [77/78]  eta: 0:00:00  lr: 0.000092  entropy: 0.0014  loss: 2.5991  entr_unc: 0.0005  uncertainty: 2.5985  uncertainty_multiply_coeffi: 2.5985  time: 0.0683  data: 0.0001  max mem: 2671
      TTA Epoch: [16] Total time: 0:00:05 (0.0740 s / it)
     Averaged stats: lr: 0.0001  entropy: 0.0242  loss: 2.6192  entr_unc: 0.0093  uncertainty: 2.6099  uncertainty_multiply_coeffi: 2.6099
     itm tta time 0:00:05
     Computing matching score
      Evaluation: [   0/1978]  eta: 0:02:54    time: 0.0881  data: 0.0035  max mem: 2671
      Evaluation: [ 100/1978]  eta: 0:02:25    time: 0.0773  data: 0.0000  max mem: 2671
      Evaluation: [ 200/1978]  eta: 0:02:18    time: 0.0775  data: 0.0000  max mem: 2671
      Evaluation: [ 300/1978]  eta: 0:02:10    time: 0.0782  data: 0.0000  max mem: 2671
      Evaluation: [ 400/1978]  eta: 0:02:01    time: 0.0774  data: 0.0000  max mem: 2671
      Evaluation: [ 500/1978]  eta: 0:01:54    time: 0.0786  data: 0.0000  max mem: 2671
      Evaluation: [ 600/1978]  eta: 0:01:47    time: 0.0843  data: 0.0000  max mem: 2671
      Evaluation: [ 700/1978]  eta: 0:01:38    time: 0.0774  data: 0.0000  max mem: 2671
      Evaluation: [ 800/1978]  eta: 0:01:31    time: 0.0705  data: 0.0000  max mem: 2671
      Evaluation: [ 900/1978]  eta: 0:01:23    time: 0.0766  data: 0.0000  max mem: 2671
      Evaluation: [1000/1978]  eta: 0:01:15    time: 0.0769  data: 0.0000  max mem: 2671
      Evaluation: [1100/1978]  eta: 0:01:07    time: 0.0690  data: 0.0000  max mem: 2671
      Evaluation: [1200/1978]  eta: 0:01:00    time: 0.0782  data: 0.0000  max mem: 2671
      Evaluation: [1300/1978]  eta: 0:00:52    time: 0.0771  data: 0.0000  max mem: 2671
      Evaluation: [1400/1978]  eta: 0:00:44    time: 0.0685  data: 0.0000  max mem: 2671
      Evaluation: [1500/1978]  eta: 0:00:36    time: 0.0761  data: 0.0000  max mem: 2671
      Evaluation: [1600/1978]  eta: 0:00:29    time: 0.0781  data: 0.0000  max mem: 2671
      Evaluation: [1700/1978]  eta: 0:00:21    time: 0.0696  data: 0.0000  max mem: 2671
      Evaluation: [1800/1978]  eta: 0:00:13    time: 0.0786  data: 0.0000  max mem: 2671
      Evaluation: [1900/1978]  eta: 0:00:06    time: 0.0759  data: 0.0000  max mem: 2671
      Evaluation: [1977/1978]  eta: 0:00:00    time: 0.0698  data: 0.0000  max mem: 2671
      Evaluation: Total time: 0:02:32 (0.0771 s / it)
     Computing matching score time 0:02:39
### TTA ITM Score: 
+-------+--------+--------+--------+--------+--------+
| epoch |   R1   |   R5   |  R10   |  mAP   |  mINP  |
+-------+--------+--------+--------+--------+--------+
|  -999 | 69.414 | 95.197 | 97.776 | 81.233 | 81.233 |
|  -999 | 69.414 | 95.197 | 97.776 | 81.233 | 81.233 |
|  -999 | 84.277 | 99.039 | 99.596 | 91.276 | 91.276 |
|   0   | 84.378 | 98.736 | 99.191 | 91.161 | 91.161 |
|   1   | 83.771 | 98.382 | 99.090 | 90.716 | 90.716 |
|   2   | 84.479 | 98.635 | 99.494 | 91.194 | 91.194 |
|   3   | 84.429 | 98.584 | 99.444 | 91.175 | 91.175 |
|   4   | 84.429 | 98.483 | 99.191 | 91.092 | 91.092 |
|   5   | 84.631 | 98.584 | 99.343 | 91.274 | 91.274 |
|   6   | 84.833 | 98.686 | 99.393 | 91.373 | 91.373 |
|   7   | 84.884 | 98.686 | 99.444 | 91.395 | 91.395 |
|   8   | 84.934 | 98.686 | 99.393 | 91.397 | 91.397 |
|   9   | 84.732 | 98.635 | 99.343 | 91.268 | 91.268 |
|   10  | 84.681 | 98.635 | 99.242 | 91.223 | 91.223 |
|   11  | 84.783 | 98.635 | 99.292 | 91.272 | 91.272 |
|   12  | 84.681 | 98.635 | 99.242 | 91.223 | 91.223 |
|   13  | 84.580 | 98.635 | 99.343 | 91.178 | 91.178 |
|   14  | 84.580 | 98.635 | 99.292 | 91.171 | 91.171 |
|   15  | 84.479 | 98.686 | 99.292 | 91.135 | 91.135 |
|   16  | 84.429 | 98.635 | 99.242 | 91.096 | 91.096 |
+-------+--------+--------+--------+--------+--------+
     logs:  {'epo': 16, 'R1': np.float32(84.429), 'R5': np.float32(98.635), 'R10': np.float32(99.242), 'mAP': np.float32(91.096), 'mINP': np.float32(91.096), 'lr': 9.5e-05, 'entropy': 0.024186, 'loss': 2.619165, 'entr_unc': 0.009299, 'uncertainty': 2.609867, 'uncertainty_multiply_coeffi': 2.609867}
      TTA Epoch: [17] [ 0/78]  eta: 0:00:44  lr: 0.000092  entropy: 0.0102  loss: 2.6135  entr_unc: 0.0040  uncertainty: 2.6095  uncertainty_multiply_coeffi: 2.6095  time: 0.5669  data: 0.4736  max mem: 2671
      TTA Epoch: [17] [77/78]  eta: 0:00:00  lr: 0.000085  entropy: 0.0548  loss: 2.6246  entr_unc: 0.0213  uncertainty: 2.6033  uncertainty_multiply_coeffi: 2.6033  time: 0.0688  data: 0.0002  max mem: 2671
      TTA Epoch: [17] Total time: 0:00:05 (0.0759 s / it)
     Averaged stats: lr: 0.0001  entropy: 0.0209  loss: 2.6180  entr_unc: 0.0081  uncertainty: 2.6100  uncertainty_multiply_coeffi: 2.6100
     itm tta time 0:00:06
     Computing matching score
      Evaluation: [   0/1978]  eta: 0:02:44    time: 0.0831  data: 0.0025  max mem: 2671
      Evaluation: [ 100/1978]  eta: 0:02:23    time: 0.0766  data: 0.0000  max mem: 2671
      Evaluation: [ 200/1978]  eta: 0:02:16    time: 0.0741  data: 0.0000  max mem: 2671
      Evaluation: [ 300/1978]  eta: 0:02:09    time: 0.0771  data: 0.0000  max mem: 2671
      Evaluation: [ 400/1978]  eta: 0:02:01    time: 0.0789  data: 0.0000  max mem: 2671
      Evaluation: [ 500/1978]  eta: 0:01:53    time: 0.0679  data: 0.0000  max mem: 2671
      Evaluation: [ 600/1978]  eta: 0:01:46    time: 0.0762  data: 0.0000  max mem: 2671
      Evaluation: [ 700/1978]  eta: 0:01:38    time: 0.0769  data: 0.0000  max mem: 2671
      Evaluation: [ 800/1978]  eta: 0:01:30    time: 0.0741  data: 0.0000  max mem: 2671
      Evaluation: [ 900/1978]  eta: 0:01:23    time: 0.0759  data: 0.0000  max mem: 2671
      Evaluation: [1000/1978]  eta: 0:01:15    time: 0.0749  data: 0.0000  max mem: 2671
      Evaluation: [1100/1978]  eta: 0:01:07    time: 0.0684  data: 0.0000  max mem: 2671
      Evaluation: [1200/1978]  eta: 0:00:59    time: 0.0783  data: 0.0000  max mem: 2671
      Evaluation: [1300/1978]  eta: 0:00:52    time: 0.0790  data: 0.0000  max mem: 2671
      Evaluation: [1400/1978]  eta: 0:00:44    time: 0.0773  data: 0.0000  max mem: 2671
      Evaluation: [1500/1978]  eta: 0:00:36    time: 0.0822  data: 0.0000  max mem: 2671
      Evaluation: [1600/1978]  eta: 0:00:29    time: 0.0774  data: 0.0000  max mem: 2671
      Evaluation: [1700/1978]  eta: 0:00:21    time: 0.0779  data: 0.0000  max mem: 2671
      Evaluation: [1800/1978]  eta: 0:00:13    time: 0.0778  data: 0.0000  max mem: 2671
      Evaluation: [1900/1978]  eta: 0:00:06    time: 0.0765  data: 0.0000  max mem: 2671
      Evaluation: [1977/1978]  eta: 0:00:00    time: 0.0672  data: 0.0000  max mem: 2671
      Evaluation: Total time: 0:02:32 (0.0772 s / it)
     Computing matching score time 0:02:38
### TTA ITM Score: 
+-------+--------+--------+--------+--------+--------+
| epoch |   R1   |   R5   |  R10   |  mAP   |  mINP  |
+-------+--------+--------+--------+--------+--------+
|  -999 | 69.414 | 95.197 | 97.776 | 81.233 | 81.233 |
|  -999 | 69.414 | 95.197 | 97.776 | 81.233 | 81.233 |
|  -999 | 84.277 | 99.039 | 99.596 | 91.276 | 91.276 |
|   0   | 84.378 | 98.736 | 99.191 | 91.161 | 91.161 |
|   1   | 83.771 | 98.382 | 99.090 | 90.716 | 90.716 |
|   2   | 84.479 | 98.635 | 99.494 | 91.194 | 91.194 |
|   3   | 84.429 | 98.584 | 99.444 | 91.175 | 91.175 |
|   4   | 84.429 | 98.483 | 99.191 | 91.092 | 91.092 |
|   5   | 84.631 | 98.584 | 99.343 | 91.274 | 91.274 |
|   6   | 84.833 | 98.686 | 99.393 | 91.373 | 91.373 |
|   7   | 84.884 | 98.686 | 99.444 | 91.395 | 91.395 |
|   8   | 84.934 | 98.686 | 99.393 | 91.397 | 91.397 |
|   9   | 84.732 | 98.635 | 99.343 | 91.268 | 91.268 |
|   10  | 84.681 | 98.635 | 99.242 | 91.223 | 91.223 |
|   11  | 84.783 | 98.635 | 99.292 | 91.272 | 91.272 |
|   12  | 84.681 | 98.635 | 99.242 | 91.223 | 91.223 |
|   13  | 84.580 | 98.635 | 99.343 | 91.178 | 91.178 |
|   14  | 84.580 | 98.635 | 99.292 | 91.171 | 91.171 |
|   15  | 84.479 | 98.686 | 99.292 | 91.135 | 91.135 |
|   16  | 84.429 | 98.635 | 99.242 | 91.096 | 91.096 |
|   17  | 84.732 | 98.635 | 99.292 | 91.257 | 91.257 |
+-------+--------+--------+--------+--------+--------+
     logs:  {'epo': 17, 'R1': np.float32(84.732), 'R5': np.float32(98.635), 'R10': np.float32(99.292), 'mAP': np.float32(91.257), 'mINP': np.float32(91.257), 'lr': 8.9e-05, 'entropy': 0.020947, 'loss': 2.618038, 'entr_unc': 0.008067, 'uncertainty': 2.609971, 'uncertainty_multiply_coeffi': 2.609971}
      TTA Epoch: [18] [ 0/78]  eta: 0:00:40  lr: 0.000085  entropy: 0.0981  loss: 2.6543  entr_unc: 0.0375  uncertainty: 2.6168  uncertainty_multiply_coeffi: 2.6168  time: 0.5192  data: 0.4421  max mem: 2671
      TTA Epoch: [18] [77/78]  eta: 0:00:00  lr: 0.000078  entropy: 0.0838  loss: 2.6489  entr_unc: 0.0321  uncertainty: 2.6168  uncertainty_multiply_coeffi: 2.6168  time: 0.0683  data: 0.0002  max mem: 2671
      TTA Epoch: [18] Total time: 0:00:05 (0.0746 s / it)
     Averaged stats: lr: 0.0001  entropy: 0.0241  loss: 2.6192  entr_unc: 0.0093  uncertainty: 2.6099  uncertainty_multiply_coeffi: 2.6099
     itm tta time 0:00:05
     Computing matching score
      Evaluation: [   0/1978]  eta: 0:02:47    time: 0.0849  data: 0.0047  max mem: 2671
      Evaluation: [ 100/1978]  eta: 0:02:26    time: 0.0773  data: 0.0000  max mem: 2671
      Evaluation: [ 200/1978]  eta: 0:02:17    time: 0.0778  data: 0.0000  max mem: 2671
      Evaluation: [ 300/1978]  eta: 0:02:09    time: 0.0789  data: 0.0000  max mem: 2671
      Evaluation: [ 400/1978]  eta: 0:02:01    time: 0.0752  data: 0.0000  max mem: 2671
      Evaluation: [ 500/1978]  eta: 0:01:53    time: 0.0775  data: 0.0000  max mem: 2671
      Evaluation: [ 600/1978]  eta: 0:01:45    time: 0.0815  data: 0.0000  max mem: 2671
      Evaluation: [ 700/1978]  eta: 0:01:37    time: 0.0766  data: 0.0000  max mem: 2671
      Evaluation: [ 800/1978]  eta: 0:01:30    time: 0.0702  data: 0.0000  max mem: 2671
      Evaluation: [ 900/1978]  eta: 0:01:22    time: 0.0824  data: 0.0000  max mem: 2671
      Evaluation: [1000/1978]  eta: 0:01:15    time: 0.0802  data: 0.0000  max mem: 2671
      Evaluation: [1100/1978]  eta: 0:01:07    time: 0.0685  data: 0.0000  max mem: 2671
      Evaluation: [1200/1978]  eta: 0:00:59    time: 0.0803  data: 0.0000  max mem: 2671
      Evaluation: [1300/1978]  eta: 0:00:52    time: 0.0767  data: 0.0000  max mem: 2671
      Evaluation: [1400/1978]  eta: 0:00:44    time: 0.0695  data: 0.0000  max mem: 2671
      Evaluation: [1500/1978]  eta: 0:00:36    time: 0.0753  data: 0.0000  max mem: 2671
      Evaluation: [1600/1978]  eta: 0:00:28    time: 0.0762  data: 0.0000  max mem: 2671
      Evaluation: [1700/1978]  eta: 0:00:21    time: 0.0704  data: 0.0000  max mem: 2671
      Evaluation: [1800/1978]  eta: 0:00:13    time: 0.0796  data: 0.0000  max mem: 2671
      Evaluation: [1900/1978]  eta: 0:00:05    time: 0.0762  data: 0.0000  max mem: 2671
      Evaluation: [1977/1978]  eta: 0:00:00    time: 0.0765  data: 0.0000  max mem: 2671
      Evaluation: Total time: 0:02:31 (0.0766 s / it)
     Computing matching score time 0:02:33
### TTA ITM Score: 
+-------+--------+--------+--------+--------+--------+
| epoch |   R1   |   R5   |  R10   |  mAP   |  mINP  |
+-------+--------+--------+--------+--------+--------+
|  -999 | 69.414 | 95.197 | 97.776 | 81.233 | 81.233 |
|  -999 | 69.414 | 95.197 | 97.776 | 81.233 | 81.233 |
|  -999 | 84.277 | 99.039 | 99.596 | 91.276 | 91.276 |
|   0   | 84.378 | 98.736 | 99.191 | 91.161 | 91.161 |
|   1   | 83.771 | 98.382 | 99.090 | 90.716 | 90.716 |
|   2   | 84.479 | 98.635 | 99.494 | 91.194 | 91.194 |
|   3   | 84.429 | 98.584 | 99.444 | 91.175 | 91.175 |
|   4   | 84.429 | 98.483 | 99.191 | 91.092 | 91.092 |
|   5   | 84.631 | 98.584 | 99.343 | 91.274 | 91.274 |
|   6   | 84.833 | 98.686 | 99.393 | 91.373 | 91.373 |
|   7   | 84.884 | 98.686 | 99.444 | 91.395 | 91.395 |
|   8   | 84.934 | 98.686 | 99.393 | 91.397 | 91.397 |
|   9   | 84.732 | 98.635 | 99.343 | 91.268 | 91.268 |
|   10  | 84.681 | 98.635 | 99.242 | 91.223 | 91.223 |
|   11  | 84.783 | 98.635 | 99.292 | 91.272 | 91.272 |
|   12  | 84.681 | 98.635 | 99.242 | 91.223 | 91.223 |
|   13  | 84.580 | 98.635 | 99.343 | 91.178 | 91.178 |
|   14  | 84.580 | 98.635 | 99.292 | 91.171 | 91.171 |
|   15  | 84.479 | 98.686 | 99.292 | 91.135 | 91.135 |
|   16  | 84.429 | 98.635 | 99.242 | 91.096 | 91.096 |
|   17  | 84.732 | 98.635 | 99.292 | 91.257 | 91.257 |
|   18  | 84.732 | 98.635 | 99.292 | 91.253 | 91.253 |
+-------+--------+--------+--------+--------+--------+
     logs:  {'epo': 18, 'R1': np.float32(84.732), 'R5': np.float32(98.635), 'R10': np.float32(99.292), 'mAP': np.float32(91.253), 'mINP': np.float32(91.253), 'lr': 8.2e-05, 'entropy': 0.024097, 'loss': 2.619197, 'entr_unc': 0.00926, 'uncertainty': 2.609937, 'uncertainty_multiply_coeffi': 2.609937}
      TTA Epoch: [19] [ 0/78]  eta: 0:00:41  lr: 0.000078  entropy: 0.0246  loss: 2.6155  entr_unc: 0.0094  uncertainty: 2.6062  uncertainty_multiply_coeffi: 2.6062  time: 0.5376  data: 0.4554  max mem: 2671
      TTA Epoch: [19] [77/78]  eta: 0:00:00  lr: 0.000071  entropy: 0.0026  loss: 2.6135  entr_unc: 0.0010  uncertainty: 2.6125  uncertainty_multiply_coeffi: 2.6125  time: 0.0689  data: 0.0002  max mem: 2671
      TTA Epoch: [19] Total time: 0:00:05 (0.0756 s / it)
     Averaged stats: lr: 0.0001  entropy: 0.0212  loss: 2.6182  entr_unc: 0.0081  uncertainty: 2.6101  uncertainty_multiply_coeffi: 2.6101
     itm tta time 0:00:06
     Computing matching score
      Evaluation: [   0/1978]  eta: 0:02:47    time: 0.0845  data: 0.0037  max mem: 2671
      Evaluation: [ 100/1978]  eta: 0:02:21    time: 0.0782  data: 0.0000  max mem: 2671
      Evaluation: [ 200/1978]  eta: 0:02:13    time: 0.0692  data: 0.0000  max mem: 2671
      Evaluation: [ 300/1978]  eta: 0:02:08    time: 0.0829  data: 0.0000  max mem: 2671
      Evaluation: [ 400/1978]  eta: 0:02:00    time: 0.0766  data: 0.0000  max mem: 2671
      Evaluation: [ 500/1978]  eta: 0:01:52    time: 0.0727  data: 0.0000  max mem: 2671
      Evaluation: [ 600/1978]  eta: 0:01:45    time: 0.0809  data: 0.0000  max mem: 2671
      Evaluation: [ 700/1978]  eta: 0:01:37    time: 0.0768  data: 0.0000  max mem: 2671
      Evaluation: [ 800/1978]  eta: 0:01:29    time: 0.0759  data: 0.0000  max mem: 2671
      Evaluation: [ 900/1978]  eta: 0:01:22    time: 0.0760  data: 0.0000  max mem: 2671
      Evaluation: [1000/1978]  eta: 0:01:14    time: 0.0769  data: 0.0000  max mem: 2671
      Evaluation: [1100/1978]  eta: 0:01:06    time: 0.0758  data: 0.0000  max mem: 2671
      Evaluation: [1200/1978]  eta: 0:00:59    time: 0.0793  data: 0.0000  max mem: 2671
      Evaluation: [1300/1978]  eta: 0:00:51    time: 0.0764  data: 0.0000  max mem: 2671
      Evaluation: [1400/1978]  eta: 0:00:43    time: 0.0764  data: 0.0000  max mem: 2671
      Evaluation: [1500/1978]  eta: 0:00:36    time: 0.0771  data: 0.0000  max mem: 2671
      Evaluation: [1600/1978]  eta: 0:00:28    time: 0.0759  data: 0.0000  max mem: 2671
      Evaluation: [1700/1978]  eta: 0:00:21    time: 0.0758  data: 0.0000  max mem: 2671
      Evaluation: [1800/1978]  eta: 0:00:13    time: 0.0770  data: 0.0000  max mem: 2671
      Evaluation: [1900/1978]  eta: 0:00:05    time: 0.0762  data: 0.0000  max mem: 2671
      Evaluation: [1977/1978]  eta: 0:00:00    time: 0.0744  data: 0.0000  max mem: 2671
      Evaluation: Total time: 0:02:30 (0.0762 s / it)
     Computing matching score time 0:02:33
### TTA ITM Score: 
+-------+--------+--------+--------+--------+--------+
| epoch |   R1   |   R5   |  R10   |  mAP   |  mINP  |
+-------+--------+--------+--------+--------+--------+
|  -999 | 69.414 | 95.197 | 97.776 | 81.233 | 81.233 |
|  -999 | 69.414 | 95.197 | 97.776 | 81.233 | 81.233 |
|  -999 | 84.277 | 99.039 | 99.596 | 91.276 | 91.276 |
|   0   | 84.378 | 98.736 | 99.191 | 91.161 | 91.161 |
|   1   | 83.771 | 98.382 | 99.090 | 90.716 | 90.716 |
|   2   | 84.479 | 98.635 | 99.494 | 91.194 | 91.194 |
|   3   | 84.429 | 98.584 | 99.444 | 91.175 | 91.175 |
|   4   | 84.429 | 98.483 | 99.191 | 91.092 | 91.092 |
|   5   | 84.631 | 98.584 | 99.343 | 91.274 | 91.274 |
|   6   | 84.833 | 98.686 | 99.393 | 91.373 | 91.373 |
|   7   | 84.884 | 98.686 | 99.444 | 91.395 | 91.395 |
|   8   | 84.934 | 98.686 | 99.393 | 91.397 | 91.397 |
|   9   | 84.732 | 98.635 | 99.343 | 91.268 | 91.268 |
|   10  | 84.681 | 98.635 | 99.242 | 91.223 | 91.223 |
|   11  | 84.783 | 98.635 | 99.292 | 91.272 | 91.272 |
|   12  | 84.681 | 98.635 | 99.242 | 91.223 | 91.223 |
|   13  | 84.580 | 98.635 | 99.343 | 91.178 | 91.178 |
|   14  | 84.580 | 98.635 | 99.292 | 91.171 | 91.171 |
|   15  | 84.479 | 98.686 | 99.292 | 91.135 | 91.135 |
|   16  | 84.429 | 98.635 | 99.242 | 91.096 | 91.096 |
|   17  | 84.732 | 98.635 | 99.292 | 91.257 | 91.257 |
|   18  | 84.732 | 98.635 | 99.292 | 91.253 | 91.253 |
|   19  | 84.783 | 98.635 | 99.343 | 91.270 | 91.270 |
+-------+--------+--------+--------+--------+--------+
     logs:  {'epo': 19, 'R1': np.float32(84.783), 'R5': np.float32(98.635), 'R10': np.float32(99.343), 'mAP': np.float32(91.27), 'mINP': np.float32(91.27), 'lr': 7.5e-05, 'entropy': 0.021217, 'loss': 2.618182, 'entr_unc': 0.008127, 'uncertainty': 2.610055, 'uncertainty_multiply_coeffi': 2.610055}
      TTA Epoch: [20] [ 0/78]  eta: 0:00:42  lr: 0.000071  entropy: 0.0427  loss: 2.6230  entr_unc: 0.0161  uncertainty: 2.6069  uncertainty_multiply_coeffi: 2.6069  time: 0.5407  data: 0.4464  max mem: 2671
      TTA Epoch: [20] [77/78]  eta: 0:00:00  lr: 0.000064  entropy: 0.0448  loss: 2.6278  entr_unc: 0.0172  uncertainty: 2.6106  uncertainty_multiply_coeffi: 2.6106  time: 0.0681  data: 0.0001  max mem: 2671
      TTA Epoch: [20] Total time: 0:00:05 (0.0749 s / it)
     Averaged stats: lr: 0.0001  entropy: 0.0229  loss: 2.6187  entr_unc: 0.0088  uncertainty: 2.6099  uncertainty_multiply_coeffi: 2.6099
     itm tta time 0:00:05
     Computing matching score
      Evaluation: [   0/1978]  eta: 0:01:47    time: 0.0543  data: 0.0049  max mem: 2671
      Evaluation: [ 100/1978]  eta: 0:02:21    time: 0.0762  data: 0.0000  max mem: 2671
      Evaluation: [ 200/1978]  eta: 0:02:15    time: 0.0807  data: 0.0000  max mem: 2671
      Evaluation: [ 300/1978]  eta: 0:02:07    time: 0.0699  data: 0.0000  max mem: 2671
      Evaluation: [ 400/1978]  eta: 0:02:01    time: 0.0760  data: 0.0000  max mem: 2671
      Evaluation: [ 500/1978]  eta: 0:01:53    time: 0.0760  data: 0.0000  max mem: 2671
      Evaluation: [ 600/1978]  eta: 0:01:45    time: 0.0721  data: 0.0000  max mem: 2671
      Evaluation: [ 700/1978]  eta: 0:01:38    time: 0.0782  data: 0.0000  max mem: 2671
      Evaluation: [ 800/1978]  eta: 0:01:30    time: 0.0761  data: 0.0000  max mem: 2671
      Evaluation: [ 900/1978]  eta: 0:01:22    time: 0.0699  data: 0.0000  max mem: 2671
      Evaluation: [1000/1978]  eta: 0:01:15    time: 0.0779  data: 0.0000  max mem: 2671
      Evaluation: [1100/1978]  eta: 0:01:07    time: 0.0761  data: 0.0000  max mem: 2671
      Evaluation: [1200/1978]  eta: 0:00:59    time: 0.0700  data: 0.0000  max mem: 2671
      Evaluation: [1300/1978]  eta: 0:00:52    time: 0.0747  data: 0.0000  max mem: 2671
      Evaluation: [1400/1978]  eta: 0:00:44    time: 0.0782  data: 0.0000  max mem: 2671
      Evaluation: [1500/1978]  eta: 0:00:36    time: 0.0698  data: 0.0000  max mem: 2671
      Evaluation: [1600/1978]  eta: 0:00:29    time: 0.0771  data: 0.0000  max mem: 2671
      Evaluation: [1700/1978]  eta: 0:00:21    time: 0.0796  data: 0.0000  max mem: 2671
      Evaluation: [1800/1978]  eta: 0:00:13    time: 0.0768  data: 0.0000  max mem: 2671
      Evaluation: [1900/1978]  eta: 0:00:05    time: 0.0798  data: 0.0000  max mem: 2671
      Evaluation: [1977/1978]  eta: 0:00:00    time: 0.0786  data: 0.0000  max mem: 2671
      Evaluation: Total time: 0:02:31 (0.0768 s / it)
     Computing matching score time 0:02:36
### TTA ITM Score: 
+-------+--------+--------+--------+--------+--------+
| epoch |   R1   |   R5   |  R10   |  mAP   |  mINP  |
+-------+--------+--------+--------+--------+--------+
|  -999 | 69.414 | 95.197 | 97.776 | 81.233 | 81.233 |
|  -999 | 69.414 | 95.197 | 97.776 | 81.233 | 81.233 |
|  -999 | 84.277 | 99.039 | 99.596 | 91.276 | 91.276 |
|   0   | 84.378 | 98.736 | 99.191 | 91.161 | 91.161 |
|   1   | 83.771 | 98.382 | 99.090 | 90.716 | 90.716 |
|   2   | 84.479 | 98.635 | 99.494 | 91.194 | 91.194 |
|   3   | 84.429 | 98.584 | 99.444 | 91.175 | 91.175 |
|   4   | 84.429 | 98.483 | 99.191 | 91.092 | 91.092 |
|   5   | 84.631 | 98.584 | 99.343 | 91.274 | 91.274 |
|   6   | 84.833 | 98.686 | 99.393 | 91.373 | 91.373 |
|   7   | 84.884 | 98.686 | 99.444 | 91.395 | 91.395 |
|   8   | 84.934 | 98.686 | 99.393 | 91.397 | 91.397 |
|   9   | 84.732 | 98.635 | 99.343 | 91.268 | 91.268 |
|   10  | 84.681 | 98.635 | 99.242 | 91.223 | 91.223 |
|   11  | 84.783 | 98.635 | 99.292 | 91.272 | 91.272 |
|   12  | 84.681 | 98.635 | 99.242 | 91.223 | 91.223 |
|   13  | 84.580 | 98.635 | 99.343 | 91.178 | 91.178 |
|   14  | 84.580 | 98.635 | 99.292 | 91.171 | 91.171 |
|   15  | 84.479 | 98.686 | 99.292 | 91.135 | 91.135 |
|   16  | 84.429 | 98.635 | 99.242 | 91.096 | 91.096 |
|   17  | 84.732 | 98.635 | 99.292 | 91.257 | 91.257 |
|   18  | 84.732 | 98.635 | 99.292 | 91.253 | 91.253 |
|   19  | 84.783 | 98.635 | 99.343 | 91.270 | 91.270 |
|   20  | 84.732 | 98.635 | 99.343 | 91.249 | 91.249 |
+-------+--------+--------+--------+--------+--------+
     logs:  {'epo': 20, 'R1': np.float32(84.732), 'R5': np.float32(98.635), 'R10': np.float32(99.343), 'mAP': np.float32(91.249), 'mINP': np.float32(91.249), 'lr': 6.8e-05, 'entropy': 0.022936, 'loss': 2.618713, 'entr_unc': 0.00879, 'uncertainty': 2.609923, 'uncertainty_multiply_coeffi': 2.609923}
      TTA Epoch: [21] [ 0/78]  eta: 0:00:42  lr: 0.000064  entropy: 0.0415  loss: 2.6085  entr_unc: 0.0158  uncertainty: 2.5927  uncertainty_multiply_coeffi: 2.5927  time: 0.5504  data: 0.4679  max mem: 2671
      TTA Epoch: [21] [77/78]  eta: 0:00:00  lr: 0.000058  entropy: 0.0349  loss: 2.6224  entr_unc: 0.0136  uncertainty: 2.6088  uncertainty_multiply_coeffi: 2.6088  time: 0.0689  data: 0.0002  max mem: 2671
      TTA Epoch: [21] Total time: 0:00:05 (0.0767 s / it)
     Averaged stats: lr: 0.0001  entropy: 0.0230  loss: 2.6188  entr_unc: 0.0089  uncertainty: 2.6100  uncertainty_multiply_coeffi: 2.6100
     itm tta time 0:00:06
     Computing matching score
      Evaluation: [   0/1978]  eta: 0:02:39    time: 0.0807  data: 0.0025  max mem: 2671
      Evaluation: [ 100/1978]  eta: 0:02:22    time: 0.0784  data: 0.0000  max mem: 2671
      Evaluation: [ 200/1978]  eta: 0:02:15    time: 0.0698  data: 0.0000  max mem: 2671
      Evaluation: [ 300/1978]  eta: 0:02:10    time: 0.0765  data: 0.0000  max mem: 2671
      Evaluation: [ 400/1978]  eta: 0:02:01    time: 0.0780  data: 0.0000  max mem: 2671
      Evaluation: [ 500/1978]  eta: 0:01:54    time: 0.0704  data: 0.0000  max mem: 2671
      Evaluation: [ 600/1978]  eta: 0:01:46    time: 0.0767  data: 0.0000  max mem: 2671
      Evaluation: [ 700/1978]  eta: 0:01:39    time: 0.0780  data: 0.0000  max mem: 2671
      Evaluation: [ 800/1978]  eta: 0:01:31    time: 0.0709  data: 0.0000  max mem: 2671
      Evaluation: [ 900/1978]  eta: 0:01:23    time: 0.0771  data: 0.0000  max mem: 2671
      Evaluation: [1000/1978]  eta: 0:01:15    time: 0.0772  data: 0.0000  max mem: 2671
      Evaluation: [1100/1978]  eta: 0:01:08    time: 0.0795  data: 0.0000  max mem: 2671
      Evaluation: [1200/1978]  eta: 0:01:00    time: 0.0790  data: 0.0000  max mem: 2671
      Evaluation: [1300/1978]  eta: 0:00:52    time: 0.0811  data: 0.0000  max mem: 2671
      Evaluation: [1400/1978]  eta: 0:00:44    time: 0.0754  data: 0.0000  max mem: 2671
      Evaluation: [1500/1978]  eta: 0:00:37    time: 0.0783  data: 0.0000  max mem: 2671
      Evaluation: [1600/1978]  eta: 0:00:29    time: 0.0762  data: 0.0000  max mem: 2671
      Evaluation: [1700/1978]  eta: 0:00:21    time: 0.0759  data: 0.0000  max mem: 2671
      Evaluation: [1800/1978]  eta: 0:00:13    time: 0.0801  data: 0.0000  max mem: 2671
      Evaluation: [1900/1978]  eta: 0:00:06    time: 0.0786  data: 0.0000  max mem: 2671
      Evaluation: [1977/1978]  eta: 0:00:00    time: 0.0742  data: 0.0000  max mem: 2671
      Evaluation: Total time: 0:02:33 (0.0774 s / it)
     Computing matching score time 0:02:39
### TTA ITM Score: 
+-------+--------+--------+--------+--------+--------+
| epoch |   R1   |   R5   |  R10   |  mAP   |  mINP  |
+-------+--------+--------+--------+--------+--------+
|  -999 | 69.414 | 95.197 | 97.776 | 81.233 | 81.233 |
|  -999 | 69.414 | 95.197 | 97.776 | 81.233 | 81.233 |
|  -999 | 84.277 | 99.039 | 99.596 | 91.276 | 91.276 |
|   0   | 84.378 | 98.736 | 99.191 | 91.161 | 91.161 |
|   1   | 83.771 | 98.382 | 99.090 | 90.716 | 90.716 |
|   2   | 84.479 | 98.635 | 99.494 | 91.194 | 91.194 |
|   3   | 84.429 | 98.584 | 99.444 | 91.175 | 91.175 |
|   4   | 84.429 | 98.483 | 99.191 | 91.092 | 91.092 |
|   5   | 84.631 | 98.584 | 99.343 | 91.274 | 91.274 |
|   6   | 84.833 | 98.686 | 99.393 | 91.373 | 91.373 |
|   7   | 84.884 | 98.686 | 99.444 | 91.395 | 91.395 |
|   8   | 84.934 | 98.686 | 99.393 | 91.397 | 91.397 |
|   9   | 84.732 | 98.635 | 99.343 | 91.268 | 91.268 |
|   10  | 84.681 | 98.635 | 99.242 | 91.223 | 91.223 |
|   11  | 84.783 | 98.635 | 99.292 | 91.272 | 91.272 |
|   12  | 84.681 | 98.635 | 99.242 | 91.223 | 91.223 |
|   13  | 84.580 | 98.635 | 99.343 | 91.178 | 91.178 |
|   14  | 84.580 | 98.635 | 99.292 | 91.171 | 91.171 |
|   15  | 84.479 | 98.686 | 99.292 | 91.135 | 91.135 |
|   16  | 84.429 | 98.635 | 99.242 | 91.096 | 91.096 |
|   17  | 84.732 | 98.635 | 99.292 | 91.257 | 91.257 |
|   18  | 84.732 | 98.635 | 99.292 | 91.253 | 91.253 |
|   19  | 84.783 | 98.635 | 99.343 | 91.270 | 91.270 |
|   20  | 84.732 | 98.635 | 99.343 | 91.249 | 91.249 |
|   21  | 84.783 | 98.635 | 99.343 | 91.277 | 91.277 |
+-------+--------+--------+--------+--------+--------+
     logs:  {'epo': 21, 'R1': np.float32(84.783), 'R5': np.float32(98.635), 'R10': np.float32(99.343), 'mAP': np.float32(91.277), 'mINP': np.float32(91.277), 'lr': 6.1e-05, 'entropy': 0.023042, 'loss': 2.618824, 'entr_unc': 0.008858, 'uncertainty': 2.609966, 'uncertainty_multiply_coeffi': 2.609966}
      TTA Epoch: [22] [ 0/78]  eta: 0:00:44  lr: 0.000058  entropy: 0.0173  loss: 2.6090  entr_unc: 0.0066  uncertainty: 2.6024  uncertainty_multiply_coeffi: 2.6024  time: 0.5761  data: 0.4874  max mem: 2671
      TTA Epoch: [22] [77/78]  eta: 0:00:00  lr: 0.000051  entropy: 0.0065  loss: 2.6068  entr_unc: 0.0025  uncertainty: 2.6043  uncertainty_multiply_coeffi: 2.6043  time: 0.0709  data: 0.0002  max mem: 2671
      TTA Epoch: [22] Total time: 0:00:06 (0.0777 s / it)
     Averaged stats: lr: 0.0001  entropy: 0.0198  loss: 2.6174  entr_unc: 0.0076  uncertainty: 2.6098  uncertainty_multiply_coeffi: 2.6098
     itm tta time 0:00:06
     Computing matching score
      Evaluation: [   0/1978]  eta: 0:03:02    time: 0.0922  data: 0.0056  max mem: 2671
      Evaluation: [ 100/1978]  eta: 0:02:22    time: 0.0782  data: 0.0000  max mem: 2671
      Evaluation: [ 200/1978]  eta: 0:02:15    time: 0.0693  data: 0.0000  max mem: 2671
      Evaluation: [ 300/1978]  eta: 0:02:08    time: 0.0782  data: 0.0000  max mem: 2671
      Evaluation: [ 400/1978]  eta: 0:02:00    time: 0.0768  data: 0.0000  max mem: 2671
      Evaluation: [ 500/1978]  eta: 0:01:52    time: 0.0711  data: 0.0000  max mem: 2671
      Evaluation: [ 600/1978]  eta: 0:01:45    time: 0.0766  data: 0.0000  max mem: 2671
      Evaluation: [ 700/1978]  eta: 0:01:37    time: 0.0765  data: 0.0000  max mem: 2671
      Evaluation: [ 800/1978]  eta: 0:01:30    time: 0.0714  data: 0.0000  max mem: 2671
      Evaluation: [ 900/1978]  eta: 0:01:22    time: 0.0779  data: 0.0000  max mem: 2671
      Evaluation: [1000/1978]  eta: 0:01:15    time: 0.0790  data: 0.0000  max mem: 2671
      Evaluation: [1100/1978]  eta: 0:01:07    time: 0.0681  data: 0.0000  max mem: 2671
      Evaluation: [1200/1978]  eta: 0:00:59    time: 0.0774  data: 0.0000  max mem: 2671
      Evaluation: [1300/1978]  eta: 0:00:51    time: 0.0762  data: 0.0000  max mem: 2671
      Evaluation: [1400/1978]  eta: 0:00:44    time: 0.0676  data: 0.0000  max mem: 2671
      Evaluation: [1500/1978]  eta: 0:00:36    time: 0.0760  data: 0.0000  max mem: 2671
      Evaluation: [1600/1978]  eta: 0:00:28    time: 0.0772  data: 0.0000  max mem: 2671
      Evaluation: [1700/1978]  eta: 0:00:21    time: 0.0695  data: 0.0000  max mem: 2671
      Evaluation: [1800/1978]  eta: 0:00:13    time: 0.0752  data: 0.0000  max mem: 2671
      Evaluation: [1900/1978]  eta: 0:00:05    time: 0.0779  data: 0.0000  max mem: 2671
      Evaluation: [1977/1978]  eta: 0:00:00    time: 0.0763  data: 0.0000  max mem: 2671
      Evaluation: Total time: 0:02:31 (0.0764 s / it)
     Computing matching score time 0:02:32
### TTA ITM Score: 
+-------+--------+--------+--------+--------+--------+
| epoch |   R1   |   R5   |  R10   |  mAP   |  mINP  |
+-------+--------+--------+--------+--------+--------+
|  -999 | 69.414 | 95.197 | 97.776 | 81.233 | 81.233 |
|  -999 | 69.414 | 95.197 | 97.776 | 81.233 | 81.233 |
|  -999 | 84.277 | 99.039 | 99.596 | 91.276 | 91.276 |
|   0   | 84.378 | 98.736 | 99.191 | 91.161 | 91.161 |
|   1   | 83.771 | 98.382 | 99.090 | 90.716 | 90.716 |
|   2   | 84.479 | 98.635 | 99.494 | 91.194 | 91.194 |
|   3   | 84.429 | 98.584 | 99.444 | 91.175 | 91.175 |
|   4   | 84.429 | 98.483 | 99.191 | 91.092 | 91.092 |
|   5   | 84.631 | 98.584 | 99.343 | 91.274 | 91.274 |
|   6   | 84.833 | 98.686 | 99.393 | 91.373 | 91.373 |
|   7   | 84.884 | 98.686 | 99.444 | 91.395 | 91.395 |
|   8   | 84.934 | 98.686 | 99.393 | 91.397 | 91.397 |
|   9   | 84.732 | 98.635 | 99.343 | 91.268 | 91.268 |
|   10  | 84.681 | 98.635 | 99.242 | 91.223 | 91.223 |
|   11  | 84.783 | 98.635 | 99.292 | 91.272 | 91.272 |
|   12  | 84.681 | 98.635 | 99.242 | 91.223 | 91.223 |
|   13  | 84.580 | 98.635 | 99.343 | 91.178 | 91.178 |
|   14  | 84.580 | 98.635 | 99.292 | 91.171 | 91.171 |
|   15  | 84.479 | 98.686 | 99.292 | 91.135 | 91.135 |
|   16  | 84.429 | 98.635 | 99.242 | 91.096 | 91.096 |
|   17  | 84.732 | 98.635 | 99.292 | 91.257 | 91.257 |
|   18  | 84.732 | 98.635 | 99.292 | 91.253 | 91.253 |
|   19  | 84.783 | 98.635 | 99.343 | 91.270 | 91.270 |
|   20  | 84.732 | 98.635 | 99.343 | 91.249 | 91.249 |
|   21  | 84.783 | 98.635 | 99.343 | 91.277 | 91.277 |
|   22  | 84.732 | 98.635 | 99.343 | 91.245 | 91.245 |
+-------+--------+--------+--------+--------+--------+
     logs:  {'epo': 22, 'R1': np.float32(84.732), 'R5': np.float32(98.635), 'R10': np.float32(99.343), 'mAP': np.float32(91.245), 'mINP': np.float32(91.245), 'lr': 5.4e-05, 'entropy': 0.019839, 'loss': 2.617446, 'entr_unc': 0.007627, 'uncertainty': 2.60982, 'uncertainty_multiply_coeffi': 2.60982}
      TTA Epoch: [23] [ 0/78]  eta: 0:00:46  lr: 0.000051  entropy: 0.0269  loss: 2.6240  entr_unc: 0.0102  uncertainty: 2.6137  uncertainty_multiply_coeffi: 2.6137  time: 0.6010  data: 0.5010  max mem: 2671
      TTA Epoch: [23] [77/78]  eta: 0:00:00  lr: 0.000044  entropy: 0.0313  loss: 2.6183  entr_unc: 0.0120  uncertainty: 2.6063  uncertainty_multiply_coeffi: 2.6063  time: 0.0687  data: 0.0001  max mem: 2671
      TTA Epoch: [23] Total time: 0:00:05 (0.0768 s / it)
     Averaged stats: lr: 0.0000  entropy: 0.0205  loss: 2.6178  entr_unc: 0.0079  uncertainty: 2.6099  uncertainty_multiply_coeffi: 2.6099
     itm tta time 0:00:06
     Computing matching score
      Evaluation: [   0/1978]  eta: 0:02:44    time: 0.0834  data: 0.0036  max mem: 2671
      Evaluation: [ 100/1978]  eta: 0:02:22    time: 0.0801  data: 0.0000  max mem: 2671
      Evaluation: [ 200/1978]  eta: 0:02:14    time: 0.0729  data: 0.0000  max mem: 2671
      Evaluation: [ 300/1978]  eta: 0:02:08    time: 0.0794  data: 0.0000  max mem: 2671
      Evaluation: [ 400/1978]  eta: 0:02:00    time: 0.0798  data: 0.0000  max mem: 2671
      Evaluation: [ 500/1978]  eta: 0:01:53    time: 0.0756  data: 0.0000  max mem: 2671
      Evaluation: [ 600/1978]  eta: 0:01:45    time: 0.0769  data: 0.0000  max mem: 2671
      Evaluation: [ 700/1978]  eta: 0:01:37    time: 0.0755  data: 0.0000  max mem: 2671
      Evaluation: [ 800/1978]  eta: 0:01:30    time: 0.0762  data: 0.0000  max mem: 2671
      Evaluation: [ 900/1978]  eta: 0:01:22    time: 0.0771  data: 0.0000  max mem: 2671
      Evaluation: [1000/1978]  eta: 0:01:14    time: 0.0782  data: 0.0000  max mem: 2671
      Evaluation: [1100/1978]  eta: 0:01:07    time: 0.0757  data: 0.0000  max mem: 2671
      Evaluation: [1200/1978]  eta: 0:00:59    time: 0.0748  data: 0.0000  max mem: 2671
      Evaluation: [1300/1978]  eta: 0:00:51    time: 0.0760  data: 0.0000  max mem: 2671
      Evaluation: [1400/1978]  eta: 0:00:44    time: 0.0795  data: 0.0000  max mem: 2671
      Evaluation: [1500/1978]  eta: 0:00:36    time: 0.0755  data: 0.0000  max mem: 2671
      Evaluation: [1600/1978]  eta: 0:00:28    time: 0.0778  data: 0.0000  max mem: 2671
      Evaluation: [1700/1978]  eta: 0:00:21    time: 0.0787  data: 0.0000  max mem: 2671
      Evaluation: [1800/1978]  eta: 0:00:13    time: 0.0787  data: 0.0000  max mem: 2671
      Evaluation: [1900/1978]  eta: 0:00:05    time: 0.0772  data: 0.0000  max mem: 2671
      Evaluation: [1977/1978]  eta: 0:00:00    time: 0.0681  data: 0.0000  max mem: 2671
      Evaluation: Total time: 0:02:30 (0.0763 s / it)
     Computing matching score time 0:02:37
### TTA ITM Score: 
+-------+--------+--------+--------+--------+--------+
| epoch |   R1   |   R5   |  R10   |  mAP   |  mINP  |
+-------+--------+--------+--------+--------+--------+
|  -999 | 69.414 | 95.197 | 97.776 | 81.233 | 81.233 |
|  -999 | 69.414 | 95.197 | 97.776 | 81.233 | 81.233 |
|  -999 | 84.277 | 99.039 | 99.596 | 91.276 | 91.276 |
|   0   | 84.378 | 98.736 | 99.191 | 91.161 | 91.161 |
|   1   | 83.771 | 98.382 | 99.090 | 90.716 | 90.716 |
|   2   | 84.479 | 98.635 | 99.494 | 91.194 | 91.194 |
|   3   | 84.429 | 98.584 | 99.444 | 91.175 | 91.175 |
|   4   | 84.429 | 98.483 | 99.191 | 91.092 | 91.092 |
|   5   | 84.631 | 98.584 | 99.343 | 91.274 | 91.274 |
|   6   | 84.833 | 98.686 | 99.393 | 91.373 | 91.373 |
|   7   | 84.884 | 98.686 | 99.444 | 91.395 | 91.395 |
|   8   | 84.934 | 98.686 | 99.393 | 91.397 | 91.397 |
|   9   | 84.732 | 98.635 | 99.343 | 91.268 | 91.268 |
|   10  | 84.681 | 98.635 | 99.242 | 91.223 | 91.223 |
|   11  | 84.783 | 98.635 | 99.292 | 91.272 | 91.272 |
|   12  | 84.681 | 98.635 | 99.242 | 91.223 | 91.223 |
|   13  | 84.580 | 98.635 | 99.343 | 91.178 | 91.178 |
|   14  | 84.580 | 98.635 | 99.292 | 91.171 | 91.171 |
|   15  | 84.479 | 98.686 | 99.292 | 91.135 | 91.135 |
|   16  | 84.429 | 98.635 | 99.242 | 91.096 | 91.096 |
|   17  | 84.732 | 98.635 | 99.292 | 91.257 | 91.257 |
|   18  | 84.732 | 98.635 | 99.292 | 91.253 | 91.253 |
|   19  | 84.783 | 98.635 | 99.343 | 91.270 | 91.270 |
|   20  | 84.732 | 98.635 | 99.343 | 91.249 | 91.249 |
|   21  | 84.783 | 98.635 | 99.343 | 91.277 | 91.277 |
|   22  | 84.732 | 98.635 | 99.343 | 91.245 | 91.245 |
|   23  | 84.833 | 98.584 | 99.292 | 91.282 | 91.282 |
+-------+--------+--------+--------+--------+--------+
     logs:  {'epo': 23, 'R1': np.float32(84.833), 'R5': np.float32(98.584), 'R10': np.float32(99.292), 'mAP': np.float32(91.282), 'mINP': np.float32(91.282), 'lr': 4.7e-05, 'entropy': 0.020469, 'loss': 2.61777, 'entr_unc': 0.00786, 'uncertainty': 2.60991, 'uncertainty_multiply_coeffi': 2.60991}
      TTA Epoch: [24] [ 0/78]  eta: 0:00:41  lr: 0.000044  entropy: 0.0386  loss: 2.6345  entr_unc: 0.0146  uncertainty: 2.6198  uncertainty_multiply_coeffi: 2.6198  time: 0.5296  data: 0.4494  max mem: 2671
      TTA Epoch: [24] [77/78]  eta: 0:00:00  lr: 0.000037  entropy: 0.0017  loss: 2.6090  entr_unc: 0.0006  uncertainty: 2.6084  uncertainty_multiply_coeffi: 2.6084  time: 0.0687  data: 0.0002  max mem: 2671
      TTA Epoch: [24] Total time: 0:00:05 (0.0765 s / it)
     Averaged stats: lr: 0.0000  entropy: 0.0243  loss: 2.6192  entr_unc: 0.0093  uncertainty: 2.6099  uncertainty_multiply_coeffi: 2.6099
     itm tta time 0:00:06
     Computing matching score
      Evaluation: [   0/1978]  eta: 0:02:51    time: 0.0865  data: 0.0037  max mem: 2671
      Evaluation: [ 100/1978]  eta: 0:02:23    time: 0.0763  data: 0.0000  max mem: 2671
      Evaluation: [ 200/1978]  eta: 0:02:16    time: 0.0733  data: 0.0000  max mem: 2671
      Evaluation: [ 300/1978]  eta: 0:02:08    time: 0.0793  data: 0.0000  max mem: 2671
      Evaluation: [ 400/1978]  eta: 0:02:00    time: 0.0762  data: 0.0000  max mem: 2671
      Evaluation: [ 500/1978]  eta: 0:01:53    time: 0.0734  data: 0.0000  max mem: 2671
      Evaluation: [ 600/1978]  eta: 0:01:45    time: 0.0782  data: 0.0000  max mem: 2671
      Evaluation: [ 700/1978]  eta: 0:01:37    time: 0.0772  data: 0.0000  max mem: 2671
      Evaluation: [ 800/1978]  eta: 0:01:29    time: 0.0744  data: 0.0000  max mem: 2671
      Evaluation: [ 900/1978]  eta: 0:01:22    time: 0.0764  data: 0.0000  max mem: 2671
      Evaluation: [1000/1978]  eta: 0:01:14    time: 0.0759  data: 0.0000  max mem: 2671
      Evaluation: [1100/1978]  eta: 0:01:07    time: 0.0730  data: 0.0000  max mem: 2671
      Evaluation: [1200/1978]  eta: 0:00:59    time: 0.0768  data: 0.0000  max mem: 2671
      Evaluation: [1300/1978]  eta: 0:00:51    time: 0.0770  data: 0.0000  max mem: 2671
      Evaluation: [1400/1978]  eta: 0:00:44    time: 0.0717  data: 0.0000  max mem: 2671
      Evaluation: [1500/1978]  eta: 0:00:36    time: 0.0794  data: 0.0000  max mem: 2671
      Evaluation: [1600/1978]  eta: 0:00:28    time: 0.0759  data: 0.0000  max mem: 2671
      Evaluation: [1700/1978]  eta: 0:00:21    time: 0.0716  data: 0.0000  max mem: 2671
      Evaluation: [1800/1978]  eta: 0:00:13    time: 0.0756  data: 0.0000  max mem: 2671
      Evaluation: [1900/1978]  eta: 0:00:05    time: 0.0773  data: 0.0000  max mem: 2671
      Evaluation: [1977/1978]  eta: 0:00:00    time: 0.0764  data: 0.0000  max mem: 2671
      Evaluation: Total time: 0:02:31 (0.0764 s / it)
     Computing matching score time 0:02:34
### TTA ITM Score: 
+-------+--------+--------+--------+--------+--------+
| epoch |   R1   |   R5   |  R10   |  mAP   |  mINP  |
+-------+--------+--------+--------+--------+--------+
|  -999 | 69.414 | 95.197 | 97.776 | 81.233 | 81.233 |
|  -999 | 69.414 | 95.197 | 97.776 | 81.233 | 81.233 |
|  -999 | 84.277 | 99.039 | 99.596 | 91.276 | 91.276 |
|   0   | 84.378 | 98.736 | 99.191 | 91.161 | 91.161 |
|   1   | 83.771 | 98.382 | 99.090 | 90.716 | 90.716 |
|   2   | 84.479 | 98.635 | 99.494 | 91.194 | 91.194 |
|   3   | 84.429 | 98.584 | 99.444 | 91.175 | 91.175 |
|   4   | 84.429 | 98.483 | 99.191 | 91.092 | 91.092 |
|   5   | 84.631 | 98.584 | 99.343 | 91.274 | 91.274 |
|   6   | 84.833 | 98.686 | 99.393 | 91.373 | 91.373 |
|   7   | 84.884 | 98.686 | 99.444 | 91.395 | 91.395 |
|   8   | 84.934 | 98.686 | 99.393 | 91.397 | 91.397 |
|   9   | 84.732 | 98.635 | 99.343 | 91.268 | 91.268 |
|   10  | 84.681 | 98.635 | 99.242 | 91.223 | 91.223 |
|   11  | 84.783 | 98.635 | 99.292 | 91.272 | 91.272 |
|   12  | 84.681 | 98.635 | 99.242 | 91.223 | 91.223 |
|   13  | 84.580 | 98.635 | 99.343 | 91.178 | 91.178 |
|   14  | 84.580 | 98.635 | 99.292 | 91.171 | 91.171 |
|   15  | 84.479 | 98.686 | 99.292 | 91.135 | 91.135 |
|   16  | 84.429 | 98.635 | 99.242 | 91.096 | 91.096 |
|   17  | 84.732 | 98.635 | 99.292 | 91.257 | 91.257 |
|   18  | 84.732 | 98.635 | 99.292 | 91.253 | 91.253 |
|   19  | 84.783 | 98.635 | 99.343 | 91.270 | 91.270 |
|   20  | 84.732 | 98.635 | 99.343 | 91.249 | 91.249 |
|   21  | 84.783 | 98.635 | 99.343 | 91.277 | 91.277 |
|   22  | 84.732 | 98.635 | 99.343 | 91.245 | 91.245 |
|   23  | 84.833 | 98.584 | 99.292 | 91.282 | 91.282 |
|   24  | 84.631 | 98.584 | 99.343 | 91.185 | 91.185 |
+-------+--------+--------+--------+--------+--------+
     logs:  {'epo': 24, 'R1': np.float32(84.631), 'R5': np.float32(98.584), 'R10': np.float32(99.343), 'mAP': np.float32(91.185), 'mINP': np.float32(91.185), 'lr': 4e-05, 'entropy': 0.024274, 'loss': 2.619176, 'entr_unc': 0.009313, 'uncertainty': 2.609863, 'uncertainty_multiply_coeffi': 2.609863}
      TTA Epoch: [25] [ 0/78]  eta: 0:00:49  lr: 0.000037  entropy: 0.0024  loss: 2.6092  entr_unc: 0.0009  uncertainty: 2.6082  uncertainty_multiply_coeffi: 2.6082  time: 0.6374  data: 0.5375  max mem: 2671
      TTA Epoch: [25] [77/78]  eta: 0:00:00  lr: 0.000030  entropy: 0.0137  loss: 2.6045  entr_unc: 0.0053  uncertainty: 2.5991  uncertainty_multiply_coeffi: 2.5991  time: 0.0589  data: 0.0002  max mem: 2671
      TTA Epoch: [25] Total time: 0:00:05 (0.0742 s / it)
     Averaged stats: lr: 0.0000  entropy: 0.0241  loss: 2.6192  entr_unc: 0.0092  uncertainty: 2.6099  uncertainty_multiply_coeffi: 2.6099
     itm tta time 0:00:05
     Computing matching score
      Evaluation: [   0/1978]  eta: 0:02:30    time: 0.0760  data: 0.0025  max mem: 2671
      Evaluation: [ 100/1978]  eta: 0:02:26    time: 0.0837  data: 0.0000  max mem: 2671
      Evaluation: [ 200/1978]  eta: 0:02:17    time: 0.0769  data: 0.0000  max mem: 2671
      Evaluation: [ 300/1978]  eta: 0:02:08    time: 0.0705  data: 0.0000  max mem: 2671
      Evaluation: [ 400/1978]  eta: 0:02:02    time: 0.0802  data: 0.0000  max mem: 2671
      Evaluation: [ 500/1978]  eta: 0:01:54    time: 0.0773  data: 0.0000  max mem: 2671
      Evaluation: [ 600/1978]  eta: 0:01:46    time: 0.0766  data: 0.0000  max mem: 2671
      Evaluation: [ 700/1978]  eta: 0:01:39    time: 0.0807  data: 0.0000  max mem: 2671
      Evaluation: [ 800/1978]  eta: 0:01:31    time: 0.0799  data: 0.0000  max mem: 2671
      Evaluation: [ 900/1978]  eta: 0:01:23    time: 0.0777  data: 0.0000  max mem: 2671
      Evaluation: [1000/1978]  eta: 0:01:15    time: 0.0762  data: 0.0000  max mem: 2671
      Evaluation: [1100/1978]  eta: 0:01:07    time: 0.0789  data: 0.0000  max mem: 2671
      Evaluation: [1200/1978]  eta: 0:01:00    time: 0.0796  data: 0.0000  max mem: 2671
      Evaluation: [1300/1978]  eta: 0:00:52    time: 0.0792  data: 0.0000  max mem: 2671
      Evaluation: [1400/1978]  eta: 0:00:44    time: 0.0789  data: 0.0000  max mem: 2671
      Evaluation: [1500/1978]  eta: 0:00:36    time: 0.0816  data: 0.0000  max mem: 2671
      Evaluation: [1600/1978]  eta: 0:00:29    time: 0.0722  data: 0.0000  max mem: 2671
      Evaluation: [1700/1978]  eta: 0:00:21    time: 0.0783  data: 0.0000  max mem: 2671
      Evaluation: [1800/1978]  eta: 0:00:13    time: 0.0765  data: 0.0000  max mem: 2671
      Evaluation: [1900/1978]  eta: 0:00:06    time: 0.0698  data: 0.0000  max mem: 2671
      Evaluation: [1977/1978]  eta: 0:00:00    time: 0.0785  data: 0.0000  max mem: 2671
      Evaluation: Total time: 0:02:33 (0.0774 s / it)
     Computing matching score time 0:02:36
### TTA ITM Score: 
+-------+--------+--------+--------+--------+--------+
| epoch |   R1   |   R5   |  R10   |  mAP   |  mINP  |
+-------+--------+--------+--------+--------+--------+
|  -999 | 69.414 | 95.197 | 97.776 | 81.233 | 81.233 |
|  -999 | 69.414 | 95.197 | 97.776 | 81.233 | 81.233 |
|  -999 | 84.277 | 99.039 | 99.596 | 91.276 | 91.276 |
|   0   | 84.378 | 98.736 | 99.191 | 91.161 | 91.161 |
|   1   | 83.771 | 98.382 | 99.090 | 90.716 | 90.716 |
|   2   | 84.479 | 98.635 | 99.494 | 91.194 | 91.194 |
|   3   | 84.429 | 98.584 | 99.444 | 91.175 | 91.175 |
|   4   | 84.429 | 98.483 | 99.191 | 91.092 | 91.092 |
|   5   | 84.631 | 98.584 | 99.343 | 91.274 | 91.274 |
|   6   | 84.833 | 98.686 | 99.393 | 91.373 | 91.373 |
|   7   | 84.884 | 98.686 | 99.444 | 91.395 | 91.395 |
|   8   | 84.934 | 98.686 | 99.393 | 91.397 | 91.397 |
|   9   | 84.732 | 98.635 | 99.343 | 91.268 | 91.268 |
|   10  | 84.681 | 98.635 | 99.242 | 91.223 | 91.223 |
|   11  | 84.783 | 98.635 | 99.292 | 91.272 | 91.272 |
|   12  | 84.681 | 98.635 | 99.242 | 91.223 | 91.223 |
|   13  | 84.580 | 98.635 | 99.343 | 91.178 | 91.178 |
|   14  | 84.580 | 98.635 | 99.292 | 91.171 | 91.171 |
|   15  | 84.479 | 98.686 | 99.292 | 91.135 | 91.135 |
|   16  | 84.429 | 98.635 | 99.242 | 91.096 | 91.096 |
|   17  | 84.732 | 98.635 | 99.292 | 91.257 | 91.257 |
|   18  | 84.732 | 98.635 | 99.292 | 91.253 | 91.253 |
|   19  | 84.783 | 98.635 | 99.343 | 91.270 | 91.270 |
|   20  | 84.732 | 98.635 | 99.343 | 91.249 | 91.249 |
|   21  | 84.783 | 98.635 | 99.343 | 91.277 | 91.277 |
|   22  | 84.732 | 98.635 | 99.343 | 91.245 | 91.245 |
|   23  | 84.833 | 98.584 | 99.292 | 91.282 | 91.282 |
|   24  | 84.631 | 98.584 | 99.343 | 91.185 | 91.185 |
|   25  | 84.732 | 98.635 | 99.343 | 91.255 | 91.255 |
+-------+--------+--------+--------+--------+--------+
     logs:  {'epo': 25, 'R1': np.float32(84.732), 'R5': np.float32(98.635), 'R10': np.float32(99.343), 'mAP': np.float32(91.255), 'mINP': np.float32(91.255), 'lr': 3.4e-05, 'entropy': 0.024061, 'loss': 2.619176, 'entr_unc': 0.009249, 'uncertainty': 2.609927, 'uncertainty_multiply_coeffi': 2.609927}
      TTA Epoch: [26] [ 0/78]  eta: 0:00:46  lr: 0.000030  entropy: 0.0408  loss: 2.6174  entr_unc: 0.0158  uncertainty: 2.6016  uncertainty_multiply_coeffi: 2.6016  time: 0.5919  data: 0.4838  max mem: 2671
      TTA Epoch: [26] [77/78]  eta: 0:00:00  lr: 0.000023  entropy: 0.0015  loss: 2.6210  entr_unc: 0.0006  uncertainty: 2.6204  uncertainty_multiply_coeffi: 2.6204  time: 0.0691  data: 0.0001  max mem: 2671
      TTA Epoch: [26] Total time: 0:00:06 (0.0773 s / it)
     Averaged stats: lr: 0.0000  entropy: 0.0237  loss: 2.6190  entr_unc: 0.0091  uncertainty: 2.6099  uncertainty_multiply_coeffi: 2.6099
     itm tta time 0:00:06
     Computing matching score
      Evaluation: [   0/1978]  eta: 0:02:44    time: 0.0831  data: 0.0052  max mem: 2671
      Evaluation: [ 100/1978]  eta: 0:02:21    time: 0.0769  data: 0.0000  max mem: 2671
      Evaluation: [ 200/1978]  eta: 0:02:16    time: 0.0690  data: 0.0000  max mem: 2671
      Evaluation: [ 300/1978]  eta: 0:02:09    time: 0.0785  data: 0.0000  max mem: 2671
      Evaluation: [ 400/1978]  eta: 0:02:01    time: 0.0758  data: 0.0000  max mem: 2671
      Evaluation: [ 500/1978]  eta: 0:01:54    time: 0.0698  data: 0.0000  max mem: 2671
      Evaluation: [ 600/1978]  eta: 0:01:46    time: 0.0767  data: 0.0000  max mem: 2671
      Evaluation: [ 700/1978]  eta: 0:01:38    time: 0.0762  data: 0.0000  max mem: 2671
      Evaluation: [ 800/1978]  eta: 0:01:30    time: 0.0707  data: 0.0000  max mem: 2671
      Evaluation: [ 900/1978]  eta: 0:01:22    time: 0.0764  data: 0.0000  max mem: 2671
      Evaluation: [1000/1978]  eta: 0:01:15    time: 0.0778  data: 0.0000  max mem: 2671
      Evaluation: [1100/1978]  eta: 0:01:07    time: 0.0726  data: 0.0000  max mem: 2671
      Evaluation: [1200/1978]  eta: 0:00:59    time: 0.0770  data: 0.0000  max mem: 2671
      Evaluation: [1300/1978]  eta: 0:00:52    time: 0.0770  data: 0.0000  max mem: 2671
      Evaluation: [1400/1978]  eta: 0:00:44    time: 0.0698  data: 0.0000  max mem: 2671
      Evaluation: [1500/1978]  eta: 0:00:36    time: 0.0762  data: 0.0000  max mem: 2671
      Evaluation: [1600/1978]  eta: 0:00:29    time: 0.0760  data: 0.0000  max mem: 2671
      Evaluation: [1700/1978]  eta: 0:00:21    time: 0.0672  data: 0.0000  max mem: 2671
      Evaluation: [1800/1978]  eta: 0:00:13    time: 0.0775  data: 0.0000  max mem: 2671
      Evaluation: [1900/1978]  eta: 0:00:05    time: 0.0776  data: 0.0000  max mem: 2671
      Evaluation: [1977/1978]  eta: 0:00:00    time: 0.0787  data: 0.0000  max mem: 2671
      Evaluation: Total time: 0:02:31 (0.0767 s / it)
     Computing matching score time 0:02:33
### TTA ITM Score: 
+-------+--------+--------+--------+--------+--------+
| epoch |   R1   |   R5   |  R10   |  mAP   |  mINP  |
+-------+--------+--------+--------+--------+--------+
|  -999 | 69.414 | 95.197 | 97.776 | 81.233 | 81.233 |
|  -999 | 69.414 | 95.197 | 97.776 | 81.233 | 81.233 |
|  -999 | 84.277 | 99.039 | 99.596 | 91.276 | 91.276 |
|   0   | 84.378 | 98.736 | 99.191 | 91.161 | 91.161 |
|   1   | 83.771 | 98.382 | 99.090 | 90.716 | 90.716 |
|   2   | 84.479 | 98.635 | 99.494 | 91.194 | 91.194 |
|   3   | 84.429 | 98.584 | 99.444 | 91.175 | 91.175 |
|   4   | 84.429 | 98.483 | 99.191 | 91.092 | 91.092 |
|   5   | 84.631 | 98.584 | 99.343 | 91.274 | 91.274 |
|   6   | 84.833 | 98.686 | 99.393 | 91.373 | 91.373 |
|   7   | 84.884 | 98.686 | 99.444 | 91.395 | 91.395 |
|   8   | 84.934 | 98.686 | 99.393 | 91.397 | 91.397 |
|   9   | 84.732 | 98.635 | 99.343 | 91.268 | 91.268 |
|   10  | 84.681 | 98.635 | 99.242 | 91.223 | 91.223 |
|   11  | 84.783 | 98.635 | 99.292 | 91.272 | 91.272 |
|   12  | 84.681 | 98.635 | 99.242 | 91.223 | 91.223 |
|   13  | 84.580 | 98.635 | 99.343 | 91.178 | 91.178 |
|   14  | 84.580 | 98.635 | 99.292 | 91.171 | 91.171 |
|   15  | 84.479 | 98.686 | 99.292 | 91.135 | 91.135 |
|   16  | 84.429 | 98.635 | 99.242 | 91.096 | 91.096 |
|   17  | 84.732 | 98.635 | 99.292 | 91.257 | 91.257 |
|   18  | 84.732 | 98.635 | 99.292 | 91.253 | 91.253 |
|   19  | 84.783 | 98.635 | 99.343 | 91.270 | 91.270 |
|   20  | 84.732 | 98.635 | 99.343 | 91.249 | 91.249 |
|   21  | 84.783 | 98.635 | 99.343 | 91.277 | 91.277 |
|   22  | 84.732 | 98.635 | 99.343 | 91.245 | 91.245 |
|   23  | 84.833 | 98.584 | 99.292 | 91.282 | 91.282 |
|   24  | 84.631 | 98.584 | 99.343 | 91.185 | 91.185 |
|   25  | 84.732 | 98.635 | 99.343 | 91.255 | 91.255 |
|   26  | 84.681 | 98.534 | 99.343 | 91.223 | 91.223 |
+-------+--------+--------+--------+--------+--------+
     logs:  {'epo': 26, 'R1': np.float32(84.681), 'R5': np.float32(98.534), 'R10': np.float32(99.343), 'mAP': np.float32(91.223), 'mINP': np.float32(91.223), 'lr': 2.7e-05, 'entropy': 0.023706, 'loss': 2.619027, 'entr_unc': 0.009094, 'uncertainty': 2.609933, 'uncertainty_multiply_coeffi': 2.609933}
      TTA Epoch: [27] [ 0/78]  eta: 0:00:45  lr: 0.000023  entropy: 0.0042  loss: 2.6000  entr_unc: 0.0017  uncertainty: 2.5983  uncertainty_multiply_coeffi: 2.5983  time: 0.5807  data: 0.4934  max mem: 2671
      TTA Epoch: [27] [77/78]  eta: 0:00:00  lr: 0.000016  entropy: 0.0117  loss: 2.6070  entr_unc: 0.0045  uncertainty: 2.6026  uncertainty_multiply_coeffi: 2.6026  time: 0.0704  data: 0.0002  max mem: 2671
      TTA Epoch: [27] Total time: 0:00:05 (0.0763 s / it)
     Averaged stats: lr: 0.0000  entropy: 0.0182  loss: 2.6169  entr_unc: 0.0070  uncertainty: 2.6099  uncertainty_multiply_coeffi: 2.6099
     itm tta time 0:00:06
     Computing matching score
      Evaluation: [   0/1978]  eta: 0:02:56    time: 0.0894  data: 0.0046  max mem: 2671
      Evaluation: [ 100/1978]  eta: 0:02:25    time: 0.0801  data: 0.0000  max mem: 2671
      Evaluation: [ 200/1978]  eta: 0:02:17    time: 0.0773  data: 0.0000  max mem: 2671
      Evaluation: [ 300/1978]  eta: 0:02:10    time: 0.0783  data: 0.0000  max mem: 2671
      Evaluation: [ 400/1978]  eta: 0:02:03    time: 0.0823  data: 0.0000  max mem: 2671
      Evaluation: [ 500/1978]  eta: 0:01:55    time: 0.0806  data: 0.0000  max mem: 2671
      Evaluation: [ 600/1978]  eta: 0:01:46    time: 0.0686  data: 0.0000  max mem: 2671
      Evaluation: [ 700/1978]  eta: 0:01:38    time: 0.0769  data: 0.0000  max mem: 2671
      Evaluation: [ 800/1978]  eta: 0:01:30    time: 0.0759  data: 0.0000  max mem: 2671
      Evaluation: [ 900/1978]  eta: 0:01:22    time: 0.0706  data: 0.0000  max mem: 2671
      Evaluation: [1000/1978]  eta: 0:01:15    time: 0.0751  data: 0.0000  max mem: 2671
      Evaluation: [1100/1978]  eta: 0:01:07    time: 0.0759  data: 0.0000  max mem: 2671
      Evaluation: [1200/1978]  eta: 0:00:59    time: 0.0752  data: 0.0000  max mem: 2671
      Evaluation: [1300/1978]  eta: 0:00:51    time: 0.0762  data: 0.0000  max mem: 2671
      Evaluation: [1400/1978]  eta: 0:00:44    time: 0.0750  data: 0.0000  max mem: 2671
      Evaluation: [1500/1978]  eta: 0:00:36    time: 0.0785  data: 0.0000  max mem: 2671
      Evaluation: [1600/1978]  eta: 0:00:28    time: 0.0767  data: 0.0000  max mem: 2671
      Evaluation: [1700/1978]  eta: 0:00:21    time: 0.0760  data: 0.0000  max mem: 2671
      Evaluation: [1800/1978]  eta: 0:00:13    time: 0.0752  data: 0.0000  max mem: 2671
      Evaluation: [1900/1978]  eta: 0:00:05    time: 0.0779  data: 0.0000  max mem: 2671
      Evaluation: [1977/1978]  eta: 0:00:00    time: 0.0734  data: 0.0000  max mem: 2671
      Evaluation: Total time: 0:02:30 (0.0763 s / it)
     Computing matching score time 0:02:37
### TTA ITM Score: 
+-------+--------+--------+--------+--------+--------+
| epoch |   R1   |   R5   |  R10   |  mAP   |  mINP  |
+-------+--------+--------+--------+--------+--------+
|  -999 | 69.414 | 95.197 | 97.776 | 81.233 | 81.233 |
|  -999 | 69.414 | 95.197 | 97.776 | 81.233 | 81.233 |
|  -999 | 84.277 | 99.039 | 99.596 | 91.276 | 91.276 |
|   0   | 84.378 | 98.736 | 99.191 | 91.161 | 91.161 |
|   1   | 83.771 | 98.382 | 99.090 | 90.716 | 90.716 |
|   2   | 84.479 | 98.635 | 99.494 | 91.194 | 91.194 |
|   3   | 84.429 | 98.584 | 99.444 | 91.175 | 91.175 |
|   4   | 84.429 | 98.483 | 99.191 | 91.092 | 91.092 |
|   5   | 84.631 | 98.584 | 99.343 | 91.274 | 91.274 |
|   6   | 84.833 | 98.686 | 99.393 | 91.373 | 91.373 |
|   7   | 84.884 | 98.686 | 99.444 | 91.395 | 91.395 |
|   8   | 84.934 | 98.686 | 99.393 | 91.397 | 91.397 |
|   9   | 84.732 | 98.635 | 99.343 | 91.268 | 91.268 |
|   10  | 84.681 | 98.635 | 99.242 | 91.223 | 91.223 |
|   11  | 84.783 | 98.635 | 99.292 | 91.272 | 91.272 |
|   12  | 84.681 | 98.635 | 99.242 | 91.223 | 91.223 |
|   13  | 84.580 | 98.635 | 99.343 | 91.178 | 91.178 |
|   14  | 84.580 | 98.635 | 99.292 | 91.171 | 91.171 |
|   15  | 84.479 | 98.686 | 99.292 | 91.135 | 91.135 |
|   16  | 84.429 | 98.635 | 99.242 | 91.096 | 91.096 |
|   17  | 84.732 | 98.635 | 99.292 | 91.257 | 91.257 |
|   18  | 84.732 | 98.635 | 99.292 | 91.253 | 91.253 |
|   19  | 84.783 | 98.635 | 99.343 | 91.270 | 91.270 |
|   20  | 84.732 | 98.635 | 99.343 | 91.249 | 91.249 |
|   21  | 84.783 | 98.635 | 99.343 | 91.277 | 91.277 |
|   22  | 84.732 | 98.635 | 99.343 | 91.245 | 91.245 |
|   23  | 84.833 | 98.584 | 99.292 | 91.282 | 91.282 |
|   24  | 84.631 | 98.584 | 99.343 | 91.185 | 91.185 |
|   25  | 84.732 | 98.635 | 99.343 | 91.255 | 91.255 |
|   26  | 84.681 | 98.534 | 99.343 | 91.223 | 91.223 |
|   27  | 84.732 | 98.584 | 99.343 | 91.245 | 91.245 |
+-------+--------+--------+--------+--------+--------+
     logs:  {'epo': 27, 'R1': np.float32(84.732), 'R5': np.float32(98.584), 'R10': np.float32(99.343), 'mAP': np.float32(91.245), 'mINP': np.float32(91.245), 'lr': 2e-05, 'entropy': 0.018193, 'loss': 2.616925, 'entr_unc': 0.006988, 'uncertainty': 2.609936, 'uncertainty_multiply_coeffi': 2.609936}
      TTA Epoch: [28] [ 0/78]  eta: 0:00:42  lr: 0.000016  entropy: 0.0434  loss: 2.6253  entr_unc: 0.0166  uncertainty: 2.6087  uncertainty_multiply_coeffi: 2.6087  time: 0.5400  data: 0.4556  max mem: 2671
      TTA Epoch: [28] [77/78]  eta: 0:00:00  lr: 0.000010  entropy: 0.0003  loss: 2.6081  entr_unc: 0.0001  uncertainty: 2.6080  uncertainty_multiply_coeffi: 2.6080  time: 0.0676  data: 0.0002  max mem: 2671
      TTA Epoch: [28] Total time: 0:00:05 (0.0745 s / it)
     Averaged stats: lr: 0.0000  entropy: 0.0207  loss: 2.6179  entr_unc: 0.0080  uncertainty: 2.6099  uncertainty_multiply_coeffi: 2.6099
     itm tta time 0:00:05
     Computing matching score
      Evaluation: [   0/1978]  eta: 0:02:24    time: 0.0730  data: 0.0037  max mem: 2671
      Evaluation: [ 100/1978]  eta: 0:02:20    time: 0.0766  data: 0.0000  max mem: 2671
      Evaluation: [ 200/1978]  eta: 0:02:15    time: 0.0794  data: 0.0000  max mem: 2671
      Evaluation: [ 300/1978]  eta: 0:02:07    time: 0.0761  data: 0.0000  max mem: 2671
      Evaluation: [ 400/1978]  eta: 0:01:58    time: 0.0762  data: 0.0000  max mem: 2671
      Evaluation: [ 500/1978]  eta: 0:01:52    time: 0.0764  data: 0.0000  max mem: 2671
      Evaluation: [ 600/1978]  eta: 0:01:44    time: 0.0772  data: 0.0000  max mem: 2671
      Evaluation: [ 700/1978]  eta: 0:01:37    time: 0.0764  data: 0.0000  max mem: 2671
      Evaluation: [ 800/1978]  eta: 0:01:29    time: 0.0757  data: 0.0000  max mem: 2671
      Evaluation: [ 900/1978]  eta: 0:01:21    time: 0.0819  data: 0.0000  max mem: 2671
      Evaluation: [1000/1978]  eta: 0:01:14    time: 0.0801  data: 0.0000  max mem: 2671
      Evaluation: [1100/1978]  eta: 0:01:06    time: 0.0761  data: 0.0000  max mem: 2671
      Evaluation: [1200/1978]  eta: 0:00:59    time: 0.0791  data: 0.0000  max mem: 2671
      Evaluation: [1300/1978]  eta: 0:00:51    time: 0.0760  data: 0.0000  max mem: 2671
      Evaluation: [1400/1978]  eta: 0:00:44    time: 0.0807  data: 0.0000  max mem: 2671
      Evaluation: [1500/1978]  eta: 0:00:36    time: 0.0771  data: 0.0000  max mem: 2671
      Evaluation: [1600/1978]  eta: 0:00:28    time: 0.0751  data: 0.0000  max mem: 2671
      Evaluation: [1700/1978]  eta: 0:00:21    time: 0.0724  data: 0.0000  max mem: 2671
      Evaluation: [1800/1978]  eta: 0:00:13    time: 0.0768  data: 0.0000  max mem: 2671
      Evaluation: [1900/1978]  eta: 0:00:05    time: 0.0771  data: 0.0000  max mem: 2671
      Evaluation: [1977/1978]  eta: 0:00:00    time: 0.0771  data: 0.0000  max mem: 2671
      Evaluation: Total time: 0:02:30 (0.0762 s / it)
     Computing matching score time 0:02:32
### TTA ITM Score: 
+-------+--------+--------+--------+--------+--------+
| epoch |   R1   |   R5   |  R10   |  mAP   |  mINP  |
+-------+--------+--------+--------+--------+--------+
|  -999 | 69.414 | 95.197 | 97.776 | 81.233 | 81.233 |
|  -999 | 69.414 | 95.197 | 97.776 | 81.233 | 81.233 |
|  -999 | 84.277 | 99.039 | 99.596 | 91.276 | 91.276 |
|   0   | 84.378 | 98.736 | 99.191 | 91.161 | 91.161 |
|   1   | 83.771 | 98.382 | 99.090 | 90.716 | 90.716 |
|   2   | 84.479 | 98.635 | 99.494 | 91.194 | 91.194 |
|   3   | 84.429 | 98.584 | 99.444 | 91.175 | 91.175 |
|   4   | 84.429 | 98.483 | 99.191 | 91.092 | 91.092 |
|   5   | 84.631 | 98.584 | 99.343 | 91.274 | 91.274 |
|   6   | 84.833 | 98.686 | 99.393 | 91.373 | 91.373 |
|   7   | 84.884 | 98.686 | 99.444 | 91.395 | 91.395 |
|   8   | 84.934 | 98.686 | 99.393 | 91.397 | 91.397 |
|   9   | 84.732 | 98.635 | 99.343 | 91.268 | 91.268 |
|   10  | 84.681 | 98.635 | 99.242 | 91.223 | 91.223 |
|   11  | 84.783 | 98.635 | 99.292 | 91.272 | 91.272 |
|   12  | 84.681 | 98.635 | 99.242 | 91.223 | 91.223 |
|   13  | 84.580 | 98.635 | 99.343 | 91.178 | 91.178 |
|   14  | 84.580 | 98.635 | 99.292 | 91.171 | 91.171 |
|   15  | 84.479 | 98.686 | 99.292 | 91.135 | 91.135 |
|   16  | 84.429 | 98.635 | 99.242 | 91.096 | 91.096 |
|   17  | 84.732 | 98.635 | 99.292 | 91.257 | 91.257 |
|   18  | 84.732 | 98.635 | 99.292 | 91.253 | 91.253 |
|   19  | 84.783 | 98.635 | 99.343 | 91.270 | 91.270 |
|   20  | 84.732 | 98.635 | 99.343 | 91.249 | 91.249 |
|   21  | 84.783 | 98.635 | 99.343 | 91.277 | 91.277 |
|   22  | 84.732 | 98.635 | 99.343 | 91.245 | 91.245 |
|   23  | 84.833 | 98.584 | 99.292 | 91.282 | 91.282 |
|   24  | 84.631 | 98.584 | 99.343 | 91.185 | 91.185 |
|   25  | 84.732 | 98.635 | 99.343 | 91.255 | 91.255 |
|   26  | 84.681 | 98.534 | 99.343 | 91.223 | 91.223 |
|   27  | 84.732 | 98.584 | 99.343 | 91.245 | 91.245 |
|   28  | 84.631 | 98.584 | 99.343 | 91.195 | 91.195 |
+-------+--------+--------+--------+--------+--------+
     logs:  {'epo': 28, 'R1': np.float32(84.631), 'R5': np.float32(98.584), 'R10': np.float32(99.343), 'mAP': np.float32(91.195), 'mINP': np.float32(91.195), 'lr': 1.3e-05, 'entropy': 0.020698, 'loss': 2.617859, 'entr_unc': 0.007954, 'uncertainty': 2.609905, 'uncertainty_multiply_coeffi': 2.609905}
      TTA Epoch: [29] [ 0/78]  eta: 0:00:40  lr: 0.000009  entropy: 0.0003  loss: 2.6040  entr_unc: 0.0001  uncertainty: 2.6039  uncertainty_multiply_coeffi: 2.6039  time: 0.5177  data: 0.4184  max mem: 2671
      TTA Epoch: [29] [77/78]  eta: 0:00:00  lr: 0.000003  entropy: 0.0100  loss: 2.6171  entr_unc: 0.0038  uncertainty: 2.6133  uncertainty_multiply_coeffi: 2.6133  time: 0.0675  data: 0.0002  max mem: 2671
      TTA Epoch: [29] Total time: 0:00:05 (0.0746 s / it)
     Averaged stats: lr: 0.0000  entropy: 0.0239  loss: 2.6191  entr_unc: 0.0092  uncertainty: 2.6099  uncertainty_multiply_coeffi: 2.6099
     itm tta time 0:00:05
     Computing matching score
      Evaluation: [   0/1978]  eta: 0:02:26    time: 0.0739  data: 0.0037  max mem: 2671
      Evaluation: [ 100/1978]  eta: 0:02:21    time: 0.0766  data: 0.0000  max mem: 2671
      Evaluation: [ 200/1978]  eta: 0:02:15    time: 0.0722  data: 0.0000  max mem: 2671
      Evaluation: [ 300/1978]  eta: 0:02:08    time: 0.0769  data: 0.0000  max mem: 2671
      Evaluation: [ 400/1978]  eta: 0:02:00    time: 0.0794  data: 0.0000  max mem: 2671
      Evaluation: [ 500/1978]  eta: 0:01:52    time: 0.0689  data: 0.0000  max mem: 2671
      Evaluation: [ 600/1978]  eta: 0:01:45    time: 0.0791  data: 0.0000  max mem: 2671
      Evaluation: [ 700/1978]  eta: 0:01:38    time: 0.0781  data: 0.0000  max mem: 2671
      Evaluation: [ 800/1978]  eta: 0:01:30    time: 0.0728  data: 0.0000  max mem: 2671
      Evaluation: [ 900/1978]  eta: 0:01:22    time: 0.0773  data: 0.0000  max mem: 2671
      Evaluation: [1000/1978]  eta: 0:01:15    time: 0.0821  data: 0.0000  max mem: 2671
      Evaluation: [1100/1978]  eta: 0:01:07    time: 0.0766  data: 0.0000  max mem: 2671
      Evaluation: [1200/1978]  eta: 0:00:59    time: 0.0822  data: 0.0000  max mem: 2671
      Evaluation: [1300/1978]  eta: 0:00:52    time: 0.0763  data: 0.0000  max mem: 2671
      Evaluation: [1400/1978]  eta: 0:00:44    time: 0.0760  data: 0.0000  max mem: 2671
      Evaluation: [1500/1978]  eta: 0:00:36    time: 0.0824  data: 0.0000  max mem: 2671
      Evaluation: [1600/1978]  eta: 0:00:29    time: 0.0764  data: 0.0000  max mem: 2671
      Evaluation: [1700/1978]  eta: 0:00:21    time: 0.0760  data: 0.0000  max mem: 2671
      Evaluation: [1800/1978]  eta: 0:00:13    time: 0.0811  data: 0.0000  max mem: 2671
      Evaluation: [1900/1978]  eta: 0:00:05    time: 0.0764  data: 0.0000  max mem: 2671
      Evaluation: [1977/1978]  eta: 0:00:00    time: 0.0681  data: 0.0000  max mem: 2671
      Evaluation: Total time: 0:02:31 (0.0767 s / it)
     Computing matching score time 0:02:38
### TTA ITM Score: 
+-------+--------+--------+--------+--------+--------+
| epoch |   R1   |   R5   |  R10   |  mAP   |  mINP  |
+-------+--------+--------+--------+--------+--------+
|  -999 | 69.414 | 95.197 | 97.776 | 81.233 | 81.233 |
|  -999 | 69.414 | 95.197 | 97.776 | 81.233 | 81.233 |
|  -999 | 84.277 | 99.039 | 99.596 | 91.276 | 91.276 |
|   0   | 84.378 | 98.736 | 99.191 | 91.161 | 91.161 |
|   1   | 83.771 | 98.382 | 99.090 | 90.716 | 90.716 |
|   2   | 84.479 | 98.635 | 99.494 | 91.194 | 91.194 |
|   3   | 84.429 | 98.584 | 99.444 | 91.175 | 91.175 |
|   4   | 84.429 | 98.483 | 99.191 | 91.092 | 91.092 |
|   5   | 84.631 | 98.584 | 99.343 | 91.274 | 91.274 |
|   6   | 84.833 | 98.686 | 99.393 | 91.373 | 91.373 |
|   7   | 84.884 | 98.686 | 99.444 | 91.395 | 91.395 |
|   8   | 84.934 | 98.686 | 99.393 | 91.397 | 91.397 |
|   9   | 84.732 | 98.635 | 99.343 | 91.268 | 91.268 |
|   10  | 84.681 | 98.635 | 99.242 | 91.223 | 91.223 |
|   11  | 84.783 | 98.635 | 99.292 | 91.272 | 91.272 |
|   12  | 84.681 | 98.635 | 99.242 | 91.223 | 91.223 |
|   13  | 84.580 | 98.635 | 99.343 | 91.178 | 91.178 |
|   14  | 84.580 | 98.635 | 99.292 | 91.171 | 91.171 |
|   15  | 84.479 | 98.686 | 99.292 | 91.135 | 91.135 |
|   16  | 84.429 | 98.635 | 99.242 | 91.096 | 91.096 |
|   17  | 84.732 | 98.635 | 99.292 | 91.257 | 91.257 |
|   18  | 84.732 | 98.635 | 99.292 | 91.253 | 91.253 |
|   19  | 84.783 | 98.635 | 99.343 | 91.270 | 91.270 |
|   20  | 84.732 | 98.635 | 99.343 | 91.249 | 91.249 |
|   21  | 84.783 | 98.635 | 99.343 | 91.277 | 91.277 |
|   22  | 84.732 | 98.635 | 99.343 | 91.245 | 91.245 |
|   23  | 84.833 | 98.584 | 99.292 | 91.282 | 91.282 |
|   24  | 84.631 | 98.584 | 99.343 | 91.185 | 91.185 |
|   25  | 84.732 | 98.635 | 99.343 | 91.255 | 91.255 |
|   26  | 84.681 | 98.534 | 99.343 | 91.223 | 91.223 |
|   27  | 84.732 | 98.584 | 99.343 | 91.245 | 91.245 |
|   28  | 84.631 | 98.584 | 99.343 | 91.195 | 91.195 |
|   29  | 84.631 | 98.584 | 99.343 | 91.186 | 91.186 |
+-------+--------+--------+--------+--------+--------+
     logs:  {'epo': 29, 'R1': np.float32(84.631), 'R5': np.float32(98.584), 'R10': np.float32(99.343), 'mAP': np.float32(91.186), 'mINP': np.float32(91.186), 'lr': 6e-06, 'entropy': 0.023943, 'loss': 2.619134, 'entr_unc': 0.009202, 'uncertainty': 2.609932, 'uncertainty_multiply_coeffi': 2.609932}
### best epoch: 8
### Time 1:21:31
NNODES,  1
NODE_RANK,  0
MASTER_ADDR,  127.0.0.1
MASTER_PORT,  1612
NPROC_PER_NODE,  2
task:  tta_exp10
config:  configs/tta_exp10.yaml
output_dir:  output_rerun2/tta_exp10/2025091116555
python3 tta.py --config configs/tta_exp10.yaml --task tta_exp10 --output_dir output_rerun2/tta_exp10/2025091116555 --checkpoint checkpoint/cmp.pth --bs 0 --epo 0 --lr 0.0 --seed 42 --tta
