/home/user/yc57963/miniconda3/envs/cmp/lib/python3.10/site-packages/torch/utils/data/dataloader.py:627: UserWarning: This DataLoader will create 4 worker processes in total. Our suggested max number of worker in current system is 2, which is smaller than what this DataLoader is going to create. Please be aware that excessive worker creation might get DataLoader running slow or even freeze, lower the worker number to avoid potential slowness/freeze if necessary.
  warnings.warn(
/home/user/yc57963/miniconda3/envs/cmp/lib/python3.10/site-packages/torch/functional.py:554: UserWarning: torch.meshgrid: in an upcoming release, it will be required to pass the indexing argument. (Triggered internally at /pytorch/aten/src/ATen/native/TensorShape.cpp:4322.)
  return _VF.meshgrid(tensors, **kwargs)  # type: ignore[attr-defined]
Not using distributed mode
### Hyper-parameters:
     seed: 42
     device: cuda
     output_dir: output_rerun2/tta_exp1/2025091206351
     batch_size_tta: 16
     epochs: 30
     lr: 0.001
### Creating test dataset
from data/PAB/annotation/test/attr.json loading 1978 data
     test dataset -->    be_pose_img: True
     test_dataset: 1978
### Creating test dataloader
### be careful: func create_loader returns a list length of 1
     test_loader: 90
### Creating model
build_vision_encoder: load swin 224 x 224 ====>
missing_keys:  []
unexpected_keys:  ['head.weight', 'head.bias']
/home/user/yc57963/task/CMP/eval.py:123: UserWarning: To copy construct from a tensor, it is recommended to use sourceTensor.detach().clone() or sourceTensor.detach().clone().requires_grad_(True), rather than torch.tensor(sourceTensor).
  similarity = torch.tensor(scores_t2i)
build_text_encoder: load bert ====>
missing_keys: ['bert.encoder.layer.10.crossattention.output.LayerNorm.bias', 'bert.encoder.layer.10.crossattention.output.LayerNorm.weight', 'bert.encoder.layer.10.crossattention.output.dense.bias', 'bert.encoder.layer.10.crossattention.output.dense.weight', 'bert.encoder.layer.10.crossattention.self.key.bias', 'bert.encoder.layer.10.crossattention.self.key.weight', 'bert.encoder.layer.10.crossattention.self.query.bias', 'bert.encoder.layer.10.crossattention.self.query.weight', 'bert.encoder.layer.10.crossattention.self.value.bias', 'bert.encoder.layer.10.crossattention.self.value.weight', 'bert.encoder.layer.11.crossattention.output.LayerNorm.bias', 'bert.encoder.layer.11.crossattention.output.LayerNorm.weight', 'bert.encoder.layer.11.crossattention.output.dense.bias', 'bert.encoder.layer.11.crossattention.output.dense.weight', 'bert.encoder.layer.11.crossattention.self.key.bias', 'bert.encoder.layer.11.crossattention.self.key.weight', 'bert.encoder.layer.11.crossattention.self.query.bias', 'bert.encoder.layer.11.crossattention.self.query.weight', 'bert.encoder.layer.11.crossattention.self.value.bias', 'bert.encoder.layer.11.crossattention.self.value.weight', 'bert.encoder.layer.6.crossattention.output.LayerNorm.bias', 'bert.encoder.layer.6.crossattention.output.LayerNorm.weight', 'bert.encoder.layer.6.crossattention.output.dense.bias', 'bert.encoder.layer.6.crossattention.output.dense.weight', 'bert.encoder.layer.6.crossattention.self.key.bias', 'bert.encoder.layer.6.crossattention.self.key.weight', 'bert.encoder.layer.6.crossattention.self.query.bias', 'bert.encoder.layer.6.crossattention.self.query.weight', 'bert.encoder.layer.6.crossattention.self.value.bias', 'bert.encoder.layer.6.crossattention.self.value.weight', 'bert.encoder.layer.7.crossattention.output.LayerNorm.bias', 'bert.encoder.layer.7.crossattention.output.LayerNorm.weight', 'bert.encoder.layer.7.crossattention.output.dense.bias', 'bert.encoder.layer.7.crossattention.output.dense.weight', 'bert.encoder.layer.7.crossattention.self.key.bias', 'bert.encoder.layer.7.crossattention.self.key.weight', 'bert.encoder.layer.7.crossattention.self.query.bias', 'bert.encoder.layer.7.crossattention.self.query.weight', 'bert.encoder.layer.7.crossattention.self.value.bias', 'bert.encoder.layer.7.crossattention.self.value.weight', 'bert.encoder.layer.8.crossattention.output.LayerNorm.bias', 'bert.encoder.layer.8.crossattention.output.LayerNorm.weight', 'bert.encoder.layer.8.crossattention.output.dense.bias', 'bert.encoder.layer.8.crossattention.output.dense.weight', 'bert.encoder.layer.8.crossattention.self.key.bias', 'bert.encoder.layer.8.crossattention.self.key.weight', 'bert.encoder.layer.8.crossattention.self.query.bias', 'bert.encoder.layer.8.crossattention.self.query.weight', 'bert.encoder.layer.8.crossattention.self.value.bias', 'bert.encoder.layer.8.crossattention.self.value.weight', 'bert.encoder.layer.9.crossattention.output.LayerNorm.bias', 'bert.encoder.layer.9.crossattention.output.LayerNorm.weight', 'bert.encoder.layer.9.crossattention.output.dense.bias', 'bert.encoder.layer.9.crossattention.output.dense.weight', 'bert.encoder.layer.9.crossattention.self.key.bias', 'bert.encoder.layer.9.crossattention.self.key.weight', 'bert.encoder.layer.9.crossattention.self.query.bias', 'bert.encoder.layer.9.crossattention.self.query.weight', 'bert.encoder.layer.9.crossattention.self.value.bias', 'bert.encoder.layer.9.crossattention.self.value.weight']
unexpected_keys: ['cls.seq_relationship.bias', 'cls.seq_relationship.weight']
mismatched_keys: []
error_msgs: []
Label Smooth: 0.2
pose_conv
load checkpoint from checkpoint/cmp.pth
missing_keys:  ['uncertainty_temper', 'prompt_learning_embedding']
unexpected_keys:  []
     Total Params Sum:  254264985
### Inference ITC similiarity matrix
### Zero-Shot ITC Score: 
+-------+--------+--------+--------+--------+--------+
| epoch |   R1   |   R5   |  R10   |  mAP   |  mINP  |
+-------+--------+--------+--------+--------+--------+
|  -999 | 69.414 | 95.197 | 97.776 | 81.233 | 81.233 |
+-------+--------+--------+--------+--------+--------+
### Zero-Shot Score: 
+-------+--------+--------+--------+--------+--------+
| epoch |   R1   |   R5   |  R10   |  mAP   |  mINP  |
+-------+--------+--------+--------+--------+--------+
|  -999 | 69.414 | 95.197 | 97.776 | 81.233 | 81.233 |
|  -999 | 69.414 | 95.197 | 97.776 | 81.233 | 81.233 |
|  -999 | 84.277 | 99.039 | 99.596 | 91.276 | 91.276 |
+-------+--------+--------+--------+--------+--------+
### TTA:
     preprocess_tta_coefficients  start
     sample selection ...
     number of sample after sample_selection: 1257
     uncertainty ...
     preprocess_tta_coefficients  end
### Creating tta dataset
     tta_dataset: 1257
### Creating tta dataloader
### be careful: func create_loader returns a list length of 1
     tta_loader: 78
### Configure adapted weights
     TTA Dropout Modules: 
 [('vision_encoder.pos_drop', Dropout(p=0, inplace=False), True), ('vision_encoder.layers.0.blocks.0.attn.attn_drop', Dropout(p=0.0, inplace=False), True), ('vision_encoder.layers.0.blocks.0.attn.proj_drop', Dropout(p=0, inplace=False), True), ('vision_encoder.layers.0.blocks.0.mlp.drop', Dropout(p=0, inplace=False), True), ('vision_encoder.layers.0.blocks.1.attn.attn_drop', Dropout(p=0.0, inplace=False), True), ('vision_encoder.layers.0.blocks.1.attn.proj_drop', Dropout(p=0, inplace=False), True), ('vision_encoder.layers.0.blocks.1.mlp.drop', Dropout(p=0, inplace=False), True), ('vision_encoder.layers.1.blocks.0.attn.attn_drop', Dropout(p=0.0, inplace=False), True), ('vision_encoder.layers.1.blocks.0.attn.proj_drop', Dropout(p=0, inplace=False), True), ('vision_encoder.layers.1.blocks.0.mlp.drop', Dropout(p=0, inplace=False), True), ('vision_encoder.layers.1.blocks.1.attn.attn_drop', Dropout(p=0.0, inplace=False), True), ('vision_encoder.layers.1.blocks.1.attn.proj_drop', Dropout(p=0, inplace=False), True), ('vision_encoder.layers.1.blocks.1.mlp.drop', Dropout(p=0, inplace=False), True), ('vision_encoder.layers.2.blocks.0.attn.attn_drop', Dropout(p=0.0, inplace=False), True), ('vision_encoder.layers.2.blocks.0.attn.proj_drop', Dropout(p=0, inplace=False), True), ('vision_encoder.layers.2.blocks.0.mlp.drop', Dropout(p=0, inplace=False), True), ('vision_encoder.layers.2.blocks.1.attn.attn_drop', Dropout(p=0.0, inplace=False), True), ('vision_encoder.layers.2.blocks.1.attn.proj_drop', Dropout(p=0, inplace=False), True), ('vision_encoder.layers.2.blocks.1.mlp.drop', Dropout(p=0, inplace=False), True), ('vision_encoder.layers.2.blocks.2.attn.attn_drop', Dropout(p=0.0, inplace=False), True), ('vision_encoder.layers.2.blocks.2.attn.proj_drop', Dropout(p=0, inplace=False), True), ('vision_encoder.layers.2.blocks.2.mlp.drop', Dropout(p=0, inplace=False), True), ('vision_encoder.layers.2.blocks.3.attn.attn_drop', Dropout(p=0.0, inplace=False), True), ('vision_encoder.layers.2.blocks.3.attn.proj_drop', Dropout(p=0, inplace=False), True), ('vision_encoder.layers.2.blocks.3.mlp.drop', Dropout(p=0, inplace=False), True), ('vision_encoder.layers.2.blocks.4.attn.attn_drop', Dropout(p=0.0, inplace=False), True), ('vision_encoder.layers.2.blocks.4.attn.proj_drop', Dropout(p=0, inplace=False), True), ('vision_encoder.layers.2.blocks.4.mlp.drop', Dropout(p=0, inplace=False), True), ('vision_encoder.layers.2.blocks.5.attn.attn_drop', Dropout(p=0.0, inplace=False), True), ('vision_encoder.layers.2.blocks.5.attn.proj_drop', Dropout(p=0, inplace=False), True), ('vision_encoder.layers.2.blocks.5.mlp.drop', Dropout(p=0, inplace=False), True), ('vision_encoder.layers.2.blocks.6.attn.attn_drop', Dropout(p=0.0, inplace=False), True), ('vision_encoder.layers.2.blocks.6.attn.proj_drop', Dropout(p=0, inplace=False), True), ('vision_encoder.layers.2.blocks.6.mlp.drop', Dropout(p=0, inplace=False), True), ('vision_encoder.layers.2.blocks.7.attn.attn_drop', Dropout(p=0.0, inplace=False), True), ('vision_encoder.layers.2.blocks.7.attn.proj_drop', Dropout(p=0, inplace=False), True), ('vision_encoder.layers.2.blocks.7.mlp.drop', Dropout(p=0, inplace=False), True), ('vision_encoder.layers.2.blocks.8.attn.attn_drop', Dropout(p=0.0, inplace=False), True), ('vision_encoder.layers.2.blocks.8.attn.proj_drop', Dropout(p=0, inplace=False), True), ('vision_encoder.layers.2.blocks.8.mlp.drop', Dropout(p=0, inplace=False), True), ('vision_encoder.layers.2.blocks.9.attn.attn_drop', Dropout(p=0.0, inplace=False), True), ('vision_encoder.layers.2.blocks.9.attn.proj_drop', Dropout(p=0, inplace=False), True), ('vision_encoder.layers.2.blocks.9.mlp.drop', Dropout(p=0, inplace=False), True), ('vision_encoder.layers.2.blocks.10.attn.attn_drop', Dropout(p=0.0, inplace=False), True), ('vision_encoder.layers.2.blocks.10.attn.proj_drop', Dropout(p=0, inplace=False), True), ('vision_encoder.layers.2.blocks.10.mlp.drop', Dropout(p=0, inplace=False), True), ('vision_encoder.layers.2.blocks.11.attn.attn_drop', Dropout(p=0.0, inplace=False), True), ('vision_encoder.layers.2.blocks.11.attn.proj_drop', Dropout(p=0, inplace=False), True), ('vision_encoder.layers.2.blocks.11.mlp.drop', Dropout(p=0, inplace=False), True), ('vision_encoder.layers.2.blocks.12.attn.attn_drop', Dropout(p=0.0, inplace=False), True), ('vision_encoder.layers.2.blocks.12.attn.proj_drop', Dropout(p=0, inplace=False), True), ('vision_encoder.layers.2.blocks.12.mlp.drop', Dropout(p=0, inplace=False), True), ('vision_encoder.layers.2.blocks.13.attn.attn_drop', Dropout(p=0.0, inplace=False), True), ('vision_encoder.layers.2.blocks.13.attn.proj_drop', Dropout(p=0, inplace=False), True), ('vision_encoder.layers.2.blocks.13.mlp.drop', Dropout(p=0, inplace=False), True), ('vision_encoder.layers.2.blocks.14.attn.attn_drop', Dropout(p=0.0, inplace=False), True), ('vision_encoder.layers.2.blocks.14.attn.proj_drop', Dropout(p=0, inplace=False), True), ('vision_encoder.layers.2.blocks.14.mlp.drop', Dropout(p=0, inplace=False), True), ('vision_encoder.layers.2.blocks.15.attn.attn_drop', Dropout(p=0.0, inplace=False), True), ('vision_encoder.layers.2.blocks.15.attn.proj_drop', Dropout(p=0, inplace=False), True), ('vision_encoder.layers.2.blocks.15.mlp.drop', Dropout(p=0, inplace=False), True), ('vision_encoder.layers.2.blocks.16.attn.attn_drop', Dropout(p=0.0, inplace=False), True), ('vision_encoder.layers.2.blocks.16.attn.proj_drop', Dropout(p=0, inplace=False), True), ('vision_encoder.layers.2.blocks.16.mlp.drop', Dropout(p=0, inplace=False), True), ('vision_encoder.layers.2.blocks.17.attn.attn_drop', Dropout(p=0.0, inplace=False), True), ('vision_encoder.layers.2.blocks.17.attn.proj_drop', Dropout(p=0, inplace=False), True), ('vision_encoder.layers.2.blocks.17.mlp.drop', Dropout(p=0, inplace=False), True), ('vision_encoder.layers.3.blocks.0.attn.attn_drop', Dropout(p=0.0, inplace=False), True), ('vision_encoder.layers.3.blocks.0.attn.proj_drop', Dropout(p=0, inplace=False), True), ('vision_encoder.layers.3.blocks.0.mlp.drop', Dropout(p=0, inplace=False), True), ('vision_encoder.layers.3.blocks.1.attn.attn_drop', Dropout(p=0.0, inplace=False), True), ('vision_encoder.layers.3.blocks.1.attn.proj_drop', Dropout(p=0, inplace=False), True), ('vision_encoder.layers.3.blocks.1.mlp.drop', Dropout(p=0, inplace=False), True), ('text_encoder.bert.embeddings.dropout', Dropout(p=0.1, inplace=False), True), ('text_encoder.bert.encoder.layer.0.attention.self.dropout', Dropout(p=0.1, inplace=False), True), ('text_encoder.bert.encoder.layer.0.attention.output.dropout', Dropout(p=0.1, inplace=False), True), ('text_encoder.bert.encoder.layer.0.output.dropout', Dropout(p=0.1, inplace=False), True), ('text_encoder.bert.encoder.layer.1.attention.self.dropout', Dropout(p=0.1, inplace=False), True), ('text_encoder.bert.encoder.layer.1.attention.output.dropout', Dropout(p=0.1, inplace=False), True), ('text_encoder.bert.encoder.layer.1.output.dropout', Dropout(p=0.1, inplace=False), True), ('text_encoder.bert.encoder.layer.2.attention.self.dropout', Dropout(p=0.1, inplace=False), True), ('text_encoder.bert.encoder.layer.2.attention.output.dropout', Dropout(p=0.1, inplace=False), True), ('text_encoder.bert.encoder.layer.2.output.dropout', Dropout(p=0.1, inplace=False), True), ('text_encoder.bert.encoder.layer.3.attention.self.dropout', Dropout(p=0.1, inplace=False), True), ('text_encoder.bert.encoder.layer.3.attention.output.dropout', Dropout(p=0.1, inplace=False), True), ('text_encoder.bert.encoder.layer.3.output.dropout', Dropout(p=0.1, inplace=False), True), ('text_encoder.bert.encoder.layer.4.attention.self.dropout', Dropout(p=0.1, inplace=False), True), ('text_encoder.bert.encoder.layer.4.attention.output.dropout', Dropout(p=0.1, inplace=False), True), ('text_encoder.bert.encoder.layer.4.output.dropout', Dropout(p=0.1, inplace=False), True), ('text_encoder.bert.encoder.layer.5.attention.self.dropout', Dropout(p=0.1, inplace=False), True), ('text_encoder.bert.encoder.layer.5.attention.output.dropout', Dropout(p=0.1, inplace=False), True), ('text_encoder.bert.encoder.layer.5.output.dropout', Dropout(p=0.1, inplace=False), True), ('text_encoder.bert.encoder.layer.6.attention.self.dropout', Dropout(p=0.1, inplace=False), True), ('text_encoder.bert.encoder.layer.6.attention.output.dropout', Dropout(p=0.1, inplace=False), True), ('text_encoder.bert.encoder.layer.6.crossattention.self.dropout', Dropout(p=0.1, inplace=False), True), ('text_encoder.bert.encoder.layer.6.crossattention.output.dropout', Dropout(p=0.1, inplace=False), True), ('text_encoder.bert.encoder.layer.6.output.dropout', Dropout(p=0.1, inplace=False), True), ('text_encoder.bert.encoder.layer.7.attention.self.dropout', Dropout(p=0.1, inplace=False), True), ('text_encoder.bert.encoder.layer.7.attention.output.dropout', Dropout(p=0.1, inplace=False), True), ('text_encoder.bert.encoder.layer.7.crossattention.self.dropout', Dropout(p=0.1, inplace=False), True), ('text_encoder.bert.encoder.layer.7.crossattention.output.dropout', Dropout(p=0.1, inplace=False), True), ('text_encoder.bert.encoder.layer.7.output.dropout', Dropout(p=0.1, inplace=False), True), ('text_encoder.bert.encoder.layer.8.attention.self.dropout', Dropout(p=0.1, inplace=False), True), ('text_encoder.bert.encoder.layer.8.attention.output.dropout', Dropout(p=0.1, inplace=False), True), ('text_encoder.bert.encoder.layer.8.crossattention.self.dropout', Dropout(p=0.1, inplace=False), True), ('text_encoder.bert.encoder.layer.8.crossattention.output.dropout', Dropout(p=0.1, inplace=False), True), ('text_encoder.bert.encoder.layer.8.output.dropout', Dropout(p=0.1, inplace=False), True), ('text_encoder.bert.encoder.layer.9.attention.self.dropout', Dropout(p=0.1, inplace=False), True), ('text_encoder.bert.encoder.layer.9.attention.output.dropout', Dropout(p=0.1, inplace=False), True), ('text_encoder.bert.encoder.layer.9.crossattention.self.dropout', Dropout(p=0.1, inplace=False), True), ('text_encoder.bert.encoder.layer.9.crossattention.output.dropout', Dropout(p=0.1, inplace=False), True), ('text_encoder.bert.encoder.layer.9.output.dropout', Dropout(p=0.1, inplace=False), True), ('text_encoder.bert.encoder.layer.10.attention.self.dropout', Dropout(p=0.1, inplace=False), True), ('text_encoder.bert.encoder.layer.10.attention.output.dropout', Dropout(p=0.1, inplace=False), True), ('text_encoder.bert.encoder.layer.10.crossattention.self.dropout', Dropout(p=0.1, inplace=False), True), ('text_encoder.bert.encoder.layer.10.crossattention.output.dropout', Dropout(p=0.1, inplace=False), True), ('text_encoder.bert.encoder.layer.10.output.dropout', Dropout(p=0.1, inplace=False), True), ('text_encoder.bert.encoder.layer.11.attention.self.dropout', Dropout(p=0.1, inplace=False), True), ('text_encoder.bert.encoder.layer.11.attention.output.dropout', Dropout(p=0.1, inplace=False), True), ('text_encoder.bert.encoder.layer.11.crossattention.self.dropout', Dropout(p=0.1, inplace=False), True), ('text_encoder.bert.encoder.layer.11.crossattention.output.dropout', Dropout(p=0.1, inplace=False), True), ('text_encoder.bert.encoder.layer.11.output.dropout', Dropout(p=0.1, inplace=False), True), ('vision_proj.1', Dropout(p=0.5, inplace=False), True), ('text_proj.1', Dropout(p=0.5, inplace=False), True), ('pose_block.attn.attn_drop', Dropout(p=0.0, inplace=False), True), ('pose_block.attn.proj_drop', Dropout(p=0.0, inplace=False), True)]
     TTA Require Gradient Params: 
 [('text_encoder.bert.embeddings.LayerNorm.weight', torch.Size([768])), ('text_encoder.bert.embeddings.LayerNorm.bias', torch.Size([768])), ('text_encoder.bert.encoder.layer.6.attention.output.LayerNorm.weight', torch.Size([768])), ('text_encoder.bert.encoder.layer.6.attention.output.LayerNorm.bias', torch.Size([768])), ('text_encoder.bert.encoder.layer.6.crossattention.output.LayerNorm.weight', torch.Size([768])), ('text_encoder.bert.encoder.layer.6.crossattention.output.LayerNorm.bias', torch.Size([768])), ('text_encoder.bert.encoder.layer.6.output.LayerNorm.weight', torch.Size([768])), ('text_encoder.bert.encoder.layer.6.output.LayerNorm.bias', torch.Size([768])), ('text_encoder.bert.encoder.layer.7.attention.output.LayerNorm.weight', torch.Size([768])), ('text_encoder.bert.encoder.layer.7.attention.output.LayerNorm.bias', torch.Size([768])), ('text_encoder.bert.encoder.layer.7.crossattention.output.LayerNorm.weight', torch.Size([768])), ('text_encoder.bert.encoder.layer.7.crossattention.output.LayerNorm.bias', torch.Size([768])), ('text_encoder.bert.encoder.layer.7.output.LayerNorm.weight', torch.Size([768])), ('text_encoder.bert.encoder.layer.7.output.LayerNorm.bias', torch.Size([768])), ('text_encoder.bert.encoder.layer.8.attention.output.LayerNorm.weight', torch.Size([768])), ('text_encoder.bert.encoder.layer.8.attention.output.LayerNorm.bias', torch.Size([768])), ('text_encoder.bert.encoder.layer.8.crossattention.output.LayerNorm.weight', torch.Size([768])), ('text_encoder.bert.encoder.layer.8.crossattention.output.LayerNorm.bias', torch.Size([768])), ('text_encoder.bert.encoder.layer.8.output.LayerNorm.weight', torch.Size([768])), ('text_encoder.bert.encoder.layer.8.output.LayerNorm.bias', torch.Size([768])), ('text_encoder.bert.encoder.layer.9.attention.output.LayerNorm.weight', torch.Size([768])), ('text_encoder.bert.encoder.layer.9.attention.output.LayerNorm.bias', torch.Size([768])), ('text_encoder.bert.encoder.layer.9.crossattention.output.LayerNorm.weight', torch.Size([768])), ('text_encoder.bert.encoder.layer.9.crossattention.output.LayerNorm.bias', torch.Size([768])), ('text_encoder.bert.encoder.layer.9.output.LayerNorm.weight', torch.Size([768])), ('text_encoder.bert.encoder.layer.9.output.LayerNorm.bias', torch.Size([768])), ('text_encoder.bert.encoder.layer.10.attention.output.LayerNorm.weight', torch.Size([768])), ('text_encoder.bert.encoder.layer.10.attention.output.LayerNorm.bias', torch.Size([768])), ('text_encoder.bert.encoder.layer.10.crossattention.output.LayerNorm.weight', torch.Size([768])), ('text_encoder.bert.encoder.layer.10.crossattention.output.LayerNorm.bias', torch.Size([768])), ('text_encoder.bert.encoder.layer.10.output.LayerNorm.weight', torch.Size([768])), ('text_encoder.bert.encoder.layer.10.output.LayerNorm.bias', torch.Size([768])), ('text_encoder.bert.encoder.layer.11.attention.output.LayerNorm.weight', torch.Size([768])), ('text_encoder.bert.encoder.layer.11.attention.output.LayerNorm.bias', torch.Size([768])), ('text_encoder.bert.encoder.layer.11.crossattention.output.LayerNorm.weight', torch.Size([768])), ('text_encoder.bert.encoder.layer.11.crossattention.output.LayerNorm.bias', torch.Size([768])), ('text_encoder.bert.encoder.layer.11.output.LayerNorm.weight', torch.Size([768])), ('text_encoder.bert.encoder.layer.11.output.LayerNorm.bias', torch.Size([768])), ('text_encoder.cls.predictions.transform.LayerNorm.weight', torch.Size([768])), ('text_encoder.cls.predictions.transform.LayerNorm.bias', torch.Size([768])), ('itm_head.1.weight', torch.Size([1536])), ('itm_head.1.bias', torch.Size([1536]))]
     TTA Dropout Modules Number: 
 126
     TTA Require Gradient Params Sum: 
 33792
     lr:  0.001    lr_mult:  2
     model has 'init_params',  385
     num_tta_steps:  2370
     num_warmup_steps:  100
     sched: step
/home/user/yc57963/task/CMP/tta.py:213: FutureWarning: `torch.cuda.amp.GradScaler(args...)` is deprecated. Please use `torch.amp.GradScaler('cuda', args...)` instead.
  scaler = GradScaler()  # bf16
### Start ITM Test Time Adaptation
      TTA Epoch: [0] [ 0/78]  eta: 0:01:20  lr: 0.000010  entropy: 0.3183  loss: 0.3183  entr_unc: 0.3183  uncertainty: 1.0000  uncertainty_multiply_coeffi: 1.0000  time: 1.0356  data: 0.4427  max mem: 2639
      TTA Epoch: [0] [77/78]  eta: 0:00:00  lr: 0.000780  entropy: 0.1255  loss: 0.1255  entr_unc: 0.1255  uncertainty: 1.0000  uncertainty_multiply_coeffi: 1.0000  time: 0.0441  data: 0.0044  max mem: 2671
      TTA Epoch: [0] Total time: 0:00:04 (0.0634 s / it)
     Averaged stats: lr: 0.0004  entropy: 0.2525  loss: 0.2525  entr_unc: 0.2525  uncertainty: 1.0000  uncertainty_multiply_coeffi: 1.0000
     itm tta time 0:00:05
     Computing matching score
      Evaluation: [   0/1978]  eta: 0:03:38    time: 0.1104  data: 0.0031  max mem: 2671
      Evaluation: [ 100/1978]  eta: 0:02:07    time: 0.0668  data: 0.0000  max mem: 2671
      Evaluation: [ 200/1978]  eta: 0:01:59    time: 0.0666  data: 0.0000  max mem: 2671
      Evaluation: [ 300/1978]  eta: 0:01:52    time: 0.0671  data: 0.0000  max mem: 2671
      Evaluation: [ 400/1978]  eta: 0:01:46    time: 0.0678  data: 0.0000  max mem: 2671
      Evaluation: [ 500/1978]  eta: 0:01:39    time: 0.0667  data: 0.0000  max mem: 2671
      Evaluation: [ 600/1978]  eta: 0:01:32    time: 0.0667  data: 0.0000  max mem: 2671
      Evaluation: [ 700/1978]  eta: 0:01:25    time: 0.0684  data: 0.0000  max mem: 2671
      Evaluation: [ 800/1978]  eta: 0:01:19    time: 0.0670  data: 0.0000  max mem: 2671
      Evaluation: [ 900/1978]  eta: 0:01:12    time: 0.0667  data: 0.0000  max mem: 2671
      Evaluation: [1000/1978]  eta: 0:01:05    time: 0.0667  data: 0.0000  max mem: 2671
      Evaluation: [1100/1978]  eta: 0:00:59    time: 0.0680  data: 0.0000  max mem: 2671
      Evaluation: [1200/1978]  eta: 0:00:52    time: 0.0667  data: 0.0000  max mem: 2671
      Evaluation: [1300/1978]  eta: 0:00:45    time: 0.0667  data: 0.0000  max mem: 2671
      Evaluation: [1400/1978]  eta: 0:00:38    time: 0.0676  data: 0.0000  max mem: 2671
      Evaluation: [1500/1978]  eta: 0:00:32    time: 0.0678  data: 0.0000  max mem: 2671
      Evaluation: [1600/1978]  eta: 0:00:25    time: 0.0675  data: 0.0000  max mem: 2671
      Evaluation: [1700/1978]  eta: 0:00:18    time: 0.0674  data: 0.0000  max mem: 2671
      Evaluation: [1800/1978]  eta: 0:00:11    time: 0.0676  data: 0.0000  max mem: 2671
      Evaluation: [1900/1978]  eta: 0:00:05    time: 0.0676  data: 0.0000  max mem: 2671
      Evaluation: [1977/1978]  eta: 0:00:00    time: 0.0686  data: 0.0000  max mem: 2671
      Evaluation: Total time: 0:02:13 (0.0673 s / it)
     Computing matching score time 0:02:13
### TTA ITM Score: 
+-------+--------+--------+--------+--------+--------+
| epoch |   R1   |   R5   |  R10   |  mAP   |  mINP  |
+-------+--------+--------+--------+--------+--------+
|  -999 | 69.414 | 95.197 | 97.776 | 81.233 | 81.233 |
|  -999 | 69.414 | 95.197 | 97.776 | 81.233 | 81.233 |
|  -999 | 84.277 | 99.039 | 99.596 | 91.276 | 91.276 |
|   0   | 84.328 | 98.635 | 99.343 | 91.127 | 91.127 |
+-------+--------+--------+--------+--------+--------+
     logs:  {'epo': 0, 'R1': 84.328, 'R5': 98.635, 'R10': 99.343, 'mAP': 91.127, 'mINP': 91.127, 'lr': 0.000395, 'entropy': 0.252454, 'loss': 0.252454, 'entr_unc': 0.252454, 'uncertainty': 1.0, 'uncertainty_multiply_coeffi': 1.0}
      TTA Epoch: [1] [ 0/78]  eta: 0:00:36  lr: 0.000790  entropy: 0.1492  loss: 0.1492  entr_unc: 0.1492  uncertainty: 1.0000  uncertainty_multiply_coeffi: 1.0000  time: 0.4648  data: 0.3724  max mem: 2671
      TTA Epoch: [1] [77/78]  eta: 0:00:00  lr: 0.000975  entropy: 0.0470  loss: 0.0470  entr_unc: 0.0470  uncertainty: 1.0000  uncertainty_multiply_coeffi: 1.0000  time: 0.0459  data: 0.0029  max mem: 2671
      TTA Epoch: [1] Total time: 0:00:04 (0.0596 s / it)
     Averaged stats: lr: 0.0010  entropy: 0.1313  loss: 0.1313  entr_unc: 0.1313  uncertainty: 1.0000  uncertainty_multiply_coeffi: 1.0000
     itm tta time 0:00:04
     Computing matching score
      Evaluation: [   0/1978]  eta: 0:02:22    time: 0.0722  data: 0.0030  max mem: 2671
      Evaluation: [ 100/1978]  eta: 0:02:06    time: 0.0669  data: 0.0000  max mem: 2671
      Evaluation: [ 200/1978]  eta: 0:01:59    time: 0.0669  data: 0.0000  max mem: 2671
      Evaluation: [ 300/1978]  eta: 0:01:52    time: 0.0670  data: 0.0000  max mem: 2671
      Evaluation: [ 400/1978]  eta: 0:01:45    time: 0.0669  data: 0.0000  max mem: 2671
      Evaluation: [ 500/1978]  eta: 0:01:39    time: 0.0674  data: 0.0000  max mem: 2671
      Evaluation: [ 600/1978]  eta: 0:01:32    time: 0.0669  data: 0.0000  max mem: 2671
      Evaluation: [ 700/1978]  eta: 0:01:25    time: 0.0670  data: 0.0000  max mem: 2671
      Evaluation: [ 800/1978]  eta: 0:01:18    time: 0.0669  data: 0.0000  max mem: 2671
      Evaluation: [ 900/1978]  eta: 0:01:12    time: 0.0669  data: 0.0000  max mem: 2671
      Evaluation: [1000/1978]  eta: 0:01:05    time: 0.0671  data: 0.0000  max mem: 2671
      Evaluation: [1100/1978]  eta: 0:00:58    time: 0.0671  data: 0.0000  max mem: 2671
      Evaluation: [1200/1978]  eta: 0:00:52    time: 0.0681  data: 0.0000  max mem: 2671
      Evaluation: [1300/1978]  eta: 0:00:45    time: 0.0669  data: 0.0000  max mem: 2671
      Evaluation: [1400/1978]  eta: 0:00:38    time: 0.0669  data: 0.0000  max mem: 2671
      Evaluation: [1500/1978]  eta: 0:00:32    time: 0.0669  data: 0.0000  max mem: 2671
      Evaluation: [1600/1978]  eta: 0:00:25    time: 0.0675  data: 0.0000  max mem: 2671
      Evaluation: [1700/1978]  eta: 0:00:18    time: 0.0670  data: 0.0000  max mem: 2671
      Evaluation: [1800/1978]  eta: 0:00:11    time: 0.0669  data: 0.0000  max mem: 2671
      Evaluation: [1900/1978]  eta: 0:00:05    time: 0.0669  data: 0.0000  max mem: 2671
      Evaluation: [1977/1978]  eta: 0:00:00    time: 0.0669  data: 0.0000  max mem: 2671
      Evaluation: Total time: 0:02:12 (0.0670 s / it)
     Computing matching score time 0:02:12
### TTA ITM Score: 
+-------+--------+--------+--------+--------+--------+
| epoch |   R1   |   R5   |  R10   |  mAP   |  mINP  |
+-------+--------+--------+--------+--------+--------+
|  -999 | 69.414 | 95.197 | 97.776 | 81.233 | 81.233 |
|  -999 | 69.414 | 95.197 | 97.776 | 81.233 | 81.233 |
|  -999 | 84.277 | 99.039 | 99.596 | 91.276 | 91.276 |
|   0   | 84.328 | 98.635 | 99.343 | 91.127 | 91.127 |
|   1   | 84.681 | 98.837 | 99.343 | 91.338 | 91.338 |
+-------+--------+--------+--------+--------+--------+
     logs:  {'epo': 1, 'R1': 84.681, 'R5': 98.837, 'R10': 99.343, 'mAP': 91.338, 'mINP': 91.338, 'lr': 0.000961, 'entropy': 0.131251, 'loss': 0.131251, 'entr_unc': 0.131251, 'uncertainty': 1.0, 'uncertainty_multiply_coeffi': 1.0}
      TTA Epoch: [2] [ 0/78]  eta: 0:00:40  lr: 0.000975  entropy: 0.0750  loss: 0.0750  entr_unc: 0.0750  uncertainty: 1.0000  uncertainty_multiply_coeffi: 1.0000  time: 0.5142  data: 0.4250  max mem: 2671
      TTA Epoch: [2] [77/78]  eta: 0:00:00  lr: 0.000941  entropy: 0.0557  loss: 0.0557  entr_unc: 0.0557  uncertainty: 1.0000  uncertainty_multiply_coeffi: 1.0000  time: 0.0440  data: 0.0032  max mem: 2671
      TTA Epoch: [2] Total time: 0:00:04 (0.0595 s / it)
     Averaged stats: lr: 0.0010  entropy: 0.0830  loss: 0.0830  entr_unc: 0.0830  uncertainty: 1.0000  uncertainty_multiply_coeffi: 1.0000
     itm tta time 0:00:04
     Computing matching score
      Evaluation: [   0/1978]  eta: 0:02:20    time: 0.0709  data: 0.0030  max mem: 2671
      Evaluation: [ 100/1978]  eta: 0:02:07    time: 0.0682  data: 0.0000  max mem: 2671
      Evaluation: [ 200/1978]  eta: 0:01:59    time: 0.0671  data: 0.0000  max mem: 2671
      Evaluation: [ 300/1978]  eta: 0:01:53    time: 0.0676  data: 0.0000  max mem: 2671
      Evaluation: [ 400/1978]  eta: 0:01:46    time: 0.0667  data: 0.0000  max mem: 2671
      Evaluation: [ 500/1978]  eta: 0:01:39    time: 0.0682  data: 0.0000  max mem: 2671
      Evaluation: [ 600/1978]  eta: 0:01:32    time: 0.0677  data: 0.0000  max mem: 2671
      Evaluation: [ 700/1978]  eta: 0:01:25    time: 0.0667  data: 0.0000  max mem: 2671
      Evaluation: [ 800/1978]  eta: 0:01:19    time: 0.0684  data: 0.0000  max mem: 2671
      Evaluation: [ 900/1978]  eta: 0:01:12    time: 0.0681  data: 0.0000  max mem: 2671
      Evaluation: [1000/1978]  eta: 0:01:05    time: 0.0677  data: 0.0000  max mem: 2671
      Evaluation: [1100/1978]  eta: 0:00:59    time: 0.0681  data: 0.0000  max mem: 2671
      Evaluation: [1200/1978]  eta: 0:00:52    time: 0.0680  data: 0.0000  max mem: 2671
      Evaluation: [1300/1978]  eta: 0:00:45    time: 0.0668  data: 0.0000  max mem: 2671
      Evaluation: [1400/1978]  eta: 0:00:39    time: 0.0681  data: 0.0000  max mem: 2671
      Evaluation: [1500/1978]  eta: 0:00:32    time: 0.0686  data: 0.0000  max mem: 2671
      Evaluation: [1600/1978]  eta: 0:00:25    time: 0.0678  data: 0.0000  max mem: 2671
      Evaluation: [1700/1978]  eta: 0:00:18    time: 0.0678  data: 0.0000  max mem: 2671
      Evaluation: [1800/1978]  eta: 0:00:12    time: 0.0681  data: 0.0000  max mem: 2671
      Evaluation: [1900/1978]  eta: 0:00:05    time: 0.0680  data: 0.0000  max mem: 2671
      Evaluation: [1977/1978]  eta: 0:00:00    time: 0.0678  data: 0.0000  max mem: 2671
      Evaluation: Total time: 0:02:13 (0.0677 s / it)
     Computing matching score time 0:02:14
### TTA ITM Score: 
+-------+--------+--------+--------+--------+--------+
| epoch |   R1   |   R5   |  R10   |  mAP   |  mINP  |
+-------+--------+--------+--------+--------+--------+
|  -999 | 69.414 | 95.197 | 97.776 | 81.233 | 81.233 |
|  -999 | 69.414 | 95.197 | 97.776 | 81.233 | 81.233 |
|  -999 | 84.277 | 99.039 | 99.596 | 91.276 | 91.276 |
|   0   | 84.328 | 98.635 | 99.343 | 91.127 | 91.127 |
|   1   | 84.681 | 98.837 | 99.343 | 91.338 | 91.338 |
|   2   | 84.328 | 98.736 | 99.292 | 91.122 | 91.122 |
+-------+--------+--------+--------+--------+--------+
     logs:  {'epo': 2, 'R1': 84.328, 'R5': 98.736, 'R10': 99.292, 'mAP': 91.122, 'mINP': 91.122, 'lr': 0.000958, 'entropy': 0.083046, 'loss': 0.083046, 'entr_unc': 0.083046, 'uncertainty': 1.0, 'uncertainty_multiply_coeffi': 1.0}
      TTA Epoch: [3] [ 0/78]  eta: 0:00:37  lr: 0.000941  entropy: 0.0286  loss: 0.0286  entr_unc: 0.0286  uncertainty: 1.0000  uncertainty_multiply_coeffi: 1.0000  time: 0.4746  data: 0.3740  max mem: 2671
      TTA Epoch: [3] [77/78]  eta: 0:00:00  lr: 0.000907  entropy: 0.0242  loss: 0.0242  entr_unc: 0.0242  uncertainty: 1.0000  uncertainty_multiply_coeffi: 1.0000  time: 0.0464  data: 0.0041  max mem: 2671
      TTA Epoch: [3] Total time: 0:00:04 (0.0597 s / it)
     Averaged stats: lr: 0.0009  entropy: 0.0615  loss: 0.0615  entr_unc: 0.0615  uncertainty: 1.0000  uncertainty_multiply_coeffi: 1.0000
     itm tta time 0:00:04
     Computing matching score
      Evaluation: [   0/1978]  eta: 0:02:25    time: 0.0738  data: 0.0030  max mem: 2671
      Evaluation: [ 100/1978]  eta: 0:02:05    time: 0.0668  data: 0.0000  max mem: 2671
      Evaluation: [ 200/1978]  eta: 0:01:58    time: 0.0668  data: 0.0000  max mem: 2671
      Evaluation: [ 300/1978]  eta: 0:01:52    time: 0.0675  data: 0.0000  max mem: 2671
      Evaluation: [ 400/1978]  eta: 0:01:45    time: 0.0672  data: 0.0000  max mem: 2671
      Evaluation: [ 500/1978]  eta: 0:01:39    time: 0.0668  data: 0.0000  max mem: 2671
      Evaluation: [ 600/1978]  eta: 0:01:32    time: 0.0668  data: 0.0000  max mem: 2671
      Evaluation: [ 700/1978]  eta: 0:01:25    time: 0.0669  data: 0.0000  max mem: 2671
      Evaluation: [ 800/1978]  eta: 0:01:18    time: 0.0670  data: 0.0000  max mem: 2671
      Evaluation: [ 900/1978]  eta: 0:01:12    time: 0.0670  data: 0.0000  max mem: 2671
      Evaluation: [1000/1978]  eta: 0:01:05    time: 0.0672  data: 0.0000  max mem: 2671
      Evaluation: [1100/1978]  eta: 0:00:58    time: 0.0675  data: 0.0000  max mem: 2671
      Evaluation: [1200/1978]  eta: 0:00:52    time: 0.0679  data: 0.0000  max mem: 2671
      Evaluation: [1300/1978]  eta: 0:00:45    time: 0.0675  data: 0.0000  max mem: 2671
      Evaluation: [1400/1978]  eta: 0:00:38    time: 0.0674  data: 0.0000  max mem: 2671
      Evaluation: [1500/1978]  eta: 0:00:32    time: 0.0673  data: 0.0000  max mem: 2671
      Evaluation: [1600/1978]  eta: 0:00:25    time: 0.0670  data: 0.0000  max mem: 2671
      Evaluation: [1700/1978]  eta: 0:00:18    time: 0.0670  data: 0.0000  max mem: 2671
      Evaluation: [1800/1978]  eta: 0:00:11    time: 0.0674  data: 0.0000  max mem: 2671
      Evaluation: [1900/1978]  eta: 0:00:05    time: 0.0676  data: 0.0000  max mem: 2671
      Evaluation: [1977/1978]  eta: 0:00:00    time: 0.0668  data: 0.0000  max mem: 2671
      Evaluation: Total time: 0:02:12 (0.0671 s / it)
     Computing matching score time 0:02:12
### TTA ITM Score: 
+-------+--------+--------+--------+--------+--------+
| epoch |   R1   |   R5   |  R10   |  mAP   |  mINP  |
+-------+--------+--------+--------+--------+--------+
|  -999 | 69.414 | 95.197 | 97.776 | 81.233 | 81.233 |
|  -999 | 69.414 | 95.197 | 97.776 | 81.233 | 81.233 |
|  -999 | 84.277 | 99.039 | 99.596 | 91.276 | 91.276 |
|   0   | 84.328 | 98.635 | 99.343 | 91.127 | 91.127 |
|   1   | 84.681 | 98.837 | 99.343 | 91.338 | 91.338 |
|   2   | 84.328 | 98.736 | 99.292 | 91.122 | 91.122 |
|   3   | 83.923 | 98.433 | 99.090 | 90.866 | 90.866 |
+-------+--------+--------+--------+--------+--------+
     logs:  {'epo': 3, 'R1': 83.923, 'R5': 98.433, 'R10': 99.09, 'mAP': 90.866, 'mINP': 90.866, 'lr': 0.000924, 'entropy': 0.061512, 'loss': 0.061512, 'entr_unc': 0.061512, 'uncertainty': 1.0, 'uncertainty_multiply_coeffi': 1.0}
      TTA Epoch: [4] [ 0/78]  eta: 0:00:40  lr: 0.000906  entropy: 0.1461  loss: 0.1461  entr_unc: 0.1461  uncertainty: 1.0000  uncertainty_multiply_coeffi: 1.0000  time: 0.5197  data: 0.4009  max mem: 2671
      TTA Epoch: [4] [77/78]  eta: 0:00:00  lr: 0.000872  entropy: 0.0025  loss: 0.0025  entr_unc: 0.0025  uncertainty: 1.0000  uncertainty_multiply_coeffi: 1.0000  time: 0.0478  data: 0.0042  max mem: 2671
      TTA Epoch: [4] Total time: 0:00:04 (0.0596 s / it)
     Averaged stats: lr: 0.0009  entropy: 0.0495  loss: 0.0495  entr_unc: 0.0495  uncertainty: 1.0000  uncertainty_multiply_coeffi: 1.0000
     itm tta time 0:00:04
     Computing matching score
      Evaluation: [   0/1978]  eta: 0:02:23    time: 0.0727  data: 0.0030  max mem: 2671
      Evaluation: [ 100/1978]  eta: 0:02:06    time: 0.0677  data: 0.0000  max mem: 2671
      Evaluation: [ 200/1978]  eta: 0:02:00    time: 0.0678  data: 0.0000  max mem: 2671
      Evaluation: [ 300/1978]  eta: 0:01:53    time: 0.0674  data: 0.0000  max mem: 2671
      Evaluation: [ 400/1978]  eta: 0:01:46    time: 0.0667  data: 0.0000  max mem: 2671
      Evaluation: [ 500/1978]  eta: 0:01:39    time: 0.0670  data: 0.0000  max mem: 2671
      Evaluation: [ 600/1978]  eta: 0:01:32    time: 0.0673  data: 0.0000  max mem: 2671
      Evaluation: [ 700/1978]  eta: 0:01:26    time: 0.0683  data: 0.0000  max mem: 2671
      Evaluation: [ 800/1978]  eta: 0:01:19    time: 0.0673  data: 0.0000  max mem: 2671
      Evaluation: [ 900/1978]  eta: 0:01:12    time: 0.0672  data: 0.0000  max mem: 2671
      Evaluation: [1000/1978]  eta: 0:01:05    time: 0.0667  data: 0.0000  max mem: 2671
      Evaluation: [1100/1978]  eta: 0:00:59    time: 0.0669  data: 0.0000  max mem: 2671
      Evaluation: [1200/1978]  eta: 0:00:52    time: 0.0678  data: 0.0000  max mem: 2671
      Evaluation: [1300/1978]  eta: 0:00:45    time: 0.0676  data: 0.0000  max mem: 2671
      Evaluation: [1400/1978]  eta: 0:00:38    time: 0.0668  data: 0.0000  max mem: 2671
      Evaluation: [1500/1978]  eta: 0:00:32    time: 0.0675  data: 0.0000  max mem: 2671
      Evaluation: [1600/1978]  eta: 0:00:25    time: 0.0677  data: 0.0000  max mem: 2671
      Evaluation: [1700/1978]  eta: 0:00:18    time: 0.0685  data: 0.0000  max mem: 2671
      Evaluation: [1800/1978]  eta: 0:00:12    time: 0.0670  data: 0.0000  max mem: 2671
      Evaluation: [1900/1978]  eta: 0:00:05    time: 0.0680  data: 0.0000  max mem: 2671
      Evaluation: [1977/1978]  eta: 0:00:00    time: 0.0678  data: 0.0000  max mem: 2671
      Evaluation: Total time: 0:02:13 (0.0675 s / it)
     Computing matching score time 0:02:13
### TTA ITM Score: 
+-------+--------+--------+--------+--------+--------+
| epoch |   R1   |   R5   |  R10   |  mAP   |  mINP  |
+-------+--------+--------+--------+--------+--------+
|  -999 | 69.414 | 95.197 | 97.776 | 81.233 | 81.233 |
|  -999 | 69.414 | 95.197 | 97.776 | 81.233 | 81.233 |
|  -999 | 84.277 | 99.039 | 99.596 | 91.276 | 91.276 |
|   0   | 84.328 | 98.635 | 99.343 | 91.127 | 91.127 |
|   1   | 84.681 | 98.837 | 99.343 | 91.338 | 91.338 |
|   2   | 84.328 | 98.736 | 99.292 | 91.122 | 91.122 |
|   3   | 83.923 | 98.433 | 99.090 | 90.866 | 90.866 |
|   4   | 84.226 | 98.483 | 99.242 | 91.008 | 91.008 |
+-------+--------+--------+--------+--------+--------+
     logs:  {'epo': 4, 'R1': 84.226, 'R5': 98.483, 'R10': 99.242, 'mAP': 91.008, 'mINP': 91.008, 'lr': 0.000889, 'entropy': 0.049456, 'loss': 0.049456, 'entr_unc': 0.049456, 'uncertainty': 1.0, 'uncertainty_multiply_coeffi': 1.0}
      TTA Epoch: [5] [ 0/78]  eta: 0:00:38  lr: 0.000872  entropy: 0.0220  loss: 0.0220  entr_unc: 0.0220  uncertainty: 1.0000  uncertainty_multiply_coeffi: 1.0000  time: 0.4877  data: 0.3523  max mem: 2671
      TTA Epoch: [5] [77/78]  eta: 0:00:00  lr: 0.000419  entropy: 0.0100  loss: 0.0100  entr_unc: 0.0100  uncertainty: 1.0000  uncertainty_multiply_coeffi: 1.0000  time: 0.0455  data: 0.0024  max mem: 2671
      TTA Epoch: [5] Total time: 0:00:04 (0.0598 s / it)
     Averaged stats: lr: 0.0005  entropy: 0.0385  loss: 0.0385  entr_unc: 0.0385  uncertainty: 1.0000  uncertainty_multiply_coeffi: 1.0000
     itm tta time 0:00:04
     Computing matching score
      Evaluation: [   0/1978]  eta: 0:02:20    time: 0.0709  data: 0.0030  max mem: 2671
      Evaluation: [ 100/1978]  eta: 0:02:06    time: 0.0674  data: 0.0000  max mem: 2671
      Evaluation: [ 200/1978]  eta: 0:02:00    time: 0.0674  data: 0.0000  max mem: 2671
      Evaluation: [ 300/1978]  eta: 0:01:53    time: 0.0675  data: 0.0000  max mem: 2671
      Evaluation: [ 400/1978]  eta: 0:01:46    time: 0.0679  data: 0.0000  max mem: 2671
      Evaluation: [ 500/1978]  eta: 0:01:39    time: 0.0671  data: 0.0000  max mem: 2671
      Evaluation: [ 600/1978]  eta: 0:01:32    time: 0.0670  data: 0.0000  max mem: 2671
      Evaluation: [ 700/1978]  eta: 0:01:26    time: 0.0679  data: 0.0000  max mem: 2671
      Evaluation: [ 800/1978]  eta: 0:01:19    time: 0.0676  data: 0.0000  max mem: 2671
      Evaluation: [ 900/1978]  eta: 0:01:12    time: 0.0678  data: 0.0000  max mem: 2671
      Evaluation: [1000/1978]  eta: 0:01:05    time: 0.0670  data: 0.0000  max mem: 2671
      Evaluation: [1100/1978]  eta: 0:00:59    time: 0.0676  data: 0.0000  max mem: 2671
      Evaluation: [1200/1978]  eta: 0:00:52    time: 0.0675  data: 0.0000  max mem: 2671
      Evaluation: [1300/1978]  eta: 0:00:45    time: 0.0673  data: 0.0000  max mem: 2671
      Evaluation: [1400/1978]  eta: 0:00:38    time: 0.0670  data: 0.0000  max mem: 2671
      Evaluation: [1500/1978]  eta: 0:00:32    time: 0.0679  data: 0.0000  max mem: 2671
      Evaluation: [1600/1978]  eta: 0:00:25    time: 0.0682  data: 0.0000  max mem: 2671
      Evaluation: [1700/1978]  eta: 0:00:18    time: 0.0671  data: 0.0000  max mem: 2671
      Evaluation: [1800/1978]  eta: 0:00:12    time: 0.0671  data: 0.0000  max mem: 2671
      Evaluation: [1900/1978]  eta: 0:00:05    time: 0.0678  data: 0.0000  max mem: 2671
      Evaluation: [1977/1978]  eta: 0:00:00    time: 0.0679  data: 0.0000  max mem: 2671
      Evaluation: Total time: 0:02:13 (0.0675 s / it)
     Computing matching score time 0:02:13
### TTA ITM Score: 
+-------+--------+--------+--------+--------+--------+
| epoch |   R1   |   R5   |  R10   |  mAP   |  mINP  |
+-------+--------+--------+--------+--------+--------+
|  -999 | 69.414 | 95.197 | 97.776 | 81.233 | 81.233 |
|  -999 | 69.414 | 95.197 | 97.776 | 81.233 | 81.233 |
|  -999 | 84.277 | 99.039 | 99.596 | 91.276 | 91.276 |
|   0   | 84.328 | 98.635 | 99.343 | 91.127 | 91.127 |
|   1   | 84.681 | 98.837 | 99.343 | 91.338 | 91.338 |
|   2   | 84.328 | 98.736 | 99.292 | 91.122 | 91.122 |
|   3   | 83.923 | 98.433 | 99.090 | 90.866 | 90.866 |
|   4   | 84.226 | 98.483 | 99.242 | 91.008 | 91.008 |
|   5   | 84.277 | 98.635 | 99.393 | 91.019 | 91.019 |
+-------+--------+--------+--------+--------+--------+
     logs:  {'epo': 5, 'R1': 84.277, 'R5': 98.635, 'R10': 99.393, 'mAP': 91.019, 'mINP': 91.019, 'lr': 0.000478, 'entropy': 0.03849, 'loss': 0.03849, 'entr_unc': 0.03849, 'uncertainty': 1.0, 'uncertainty_multiply_coeffi': 1.0}
      TTA Epoch: [6] [ 0/78]  eta: 0:00:38  lr: 0.000419  entropy: 0.0085  loss: 0.0085  entr_unc: 0.0085  uncertainty: 1.0000  uncertainty_multiply_coeffi: 1.0000  time: 0.4967  data: 0.3906  max mem: 2671
      TTA Epoch: [6] [77/78]  eta: 0:00:00  lr: 0.000402  entropy: 0.0421  loss: 0.0421  entr_unc: 0.0421  uncertainty: 1.0000  uncertainty_multiply_coeffi: 1.0000  time: 0.0451  data: 0.0014  max mem: 2671
      TTA Epoch: [6] Total time: 0:00:04 (0.0598 s / it)
     Averaged stats: lr: 0.0004  entropy: 0.0318  loss: 0.0318  entr_unc: 0.0318  uncertainty: 1.0000  uncertainty_multiply_coeffi: 1.0000
     itm tta time 0:00:04
     Computing matching score
      Evaluation: [   0/1978]  eta: 0:02:28    time: 0.0751  data: 0.0031  max mem: 2671
      Evaluation: [ 100/1978]  eta: 0:02:06    time: 0.0668  data: 0.0000  max mem: 2671
      Evaluation: [ 200/1978]  eta: 0:01:59    time: 0.0668  data: 0.0000  max mem: 2671
      Evaluation: [ 300/1978]  eta: 0:01:52    time: 0.0669  data: 0.0000  max mem: 2671
      Evaluation: [ 400/1978]  eta: 0:01:45    time: 0.0668  data: 0.0000  max mem: 2671
      Evaluation: [ 500/1978]  eta: 0:01:38    time: 0.0669  data: 0.0000  max mem: 2671
      Evaluation: [ 600/1978]  eta: 0:01:32    time: 0.0669  data: 0.0000  max mem: 2671
      Evaluation: [ 700/1978]  eta: 0:01:25    time: 0.0671  data: 0.0000  max mem: 2671
      Evaluation: [ 800/1978]  eta: 0:01:18    time: 0.0669  data: 0.0000  max mem: 2671
      Evaluation: [ 900/1978]  eta: 0:01:12    time: 0.0672  data: 0.0000  max mem: 2671
      Evaluation: [1000/1978]  eta: 0:01:05    time: 0.0669  data: 0.0000  max mem: 2671
      Evaluation: [1100/1978]  eta: 0:00:58    time: 0.0669  data: 0.0000  max mem: 2671
      Evaluation: [1200/1978]  eta: 0:00:52    time: 0.0669  data: 0.0000  max mem: 2671
      Evaluation: [1300/1978]  eta: 0:00:45    time: 0.0672  data: 0.0000  max mem: 2671
      Evaluation: [1400/1978]  eta: 0:00:38    time: 0.0669  data: 0.0000  max mem: 2671
      Evaluation: [1500/1978]  eta: 0:00:32    time: 0.0669  data: 0.0000  max mem: 2671
      Evaluation: [1600/1978]  eta: 0:00:25    time: 0.0669  data: 0.0000  max mem: 2671
      Evaluation: [1700/1978]  eta: 0:00:18    time: 0.0669  data: 0.0000  max mem: 2671
      Evaluation: [1800/1978]  eta: 0:00:11    time: 0.0669  data: 0.0000  max mem: 2671
      Evaluation: [1900/1978]  eta: 0:00:05    time: 0.0672  data: 0.0000  max mem: 2671
      Evaluation: [1977/1978]  eta: 0:00:00    time: 0.0670  data: 0.0000  max mem: 2671
      Evaluation: Total time: 0:02:12 (0.0670 s / it)
     Computing matching score time 0:02:12
### TTA ITM Score: 
+-------+--------+--------+--------+--------+--------+
| epoch |   R1   |   R5   |  R10   |  mAP   |  mINP  |
+-------+--------+--------+--------+--------+--------+
|  -999 | 69.414 | 95.197 | 97.776 | 81.233 | 81.233 |
|  -999 | 69.414 | 95.197 | 97.776 | 81.233 | 81.233 |
|  -999 | 84.277 | 99.039 | 99.596 | 91.276 | 91.276 |
|   0   | 84.328 | 98.635 | 99.343 | 91.127 | 91.127 |
|   1   | 84.681 | 98.837 | 99.343 | 91.338 | 91.338 |
|   2   | 84.328 | 98.736 | 99.292 | 91.122 | 91.122 |
|   3   | 83.923 | 98.433 | 99.090 | 90.866 | 90.866 |
|   4   | 84.226 | 98.483 | 99.242 | 91.008 | 91.008 |
|   5   | 84.277 | 98.635 | 99.393 | 91.019 | 91.019 |
|   6   | 84.176 | 98.686 | 99.444 | 91.027 | 91.027 |
+-------+--------+--------+--------+--------+--------+
     logs:  {'epo': 6, 'R1': 84.176, 'R5': 98.686, 'R10': 99.444, 'mAP': 91.027, 'mINP': 91.027, 'lr': 0.00041, 'entropy': 0.031789, 'loss': 0.031789, 'entr_unc': 0.031789, 'uncertainty': 1.0, 'uncertainty_multiply_coeffi': 1.0}
      TTA Epoch: [7] [ 0/78]  eta: 0:00:39  lr: 0.000402  entropy: 0.0009  loss: 0.0009  entr_unc: 0.0009  uncertainty: 1.0000  uncertainty_multiply_coeffi: 1.0000  time: 0.5114  data: 0.4105  max mem: 2671
      TTA Epoch: [7] [77/78]  eta: 0:00:00  lr: 0.000385  entropy: 0.0955  loss: 0.0955  entr_unc: 0.0955  uncertainty: 1.0000  uncertainty_multiply_coeffi: 1.0000  time: 0.0439  data: 0.0011  max mem: 2671
      TTA Epoch: [7] Total time: 0:00:04 (0.0589 s / it)
     Averaged stats: lr: 0.0004  entropy: 0.0300  loss: 0.0300  entr_unc: 0.0300  uncertainty: 1.0000  uncertainty_multiply_coeffi: 1.0000
     itm tta time 0:00:04
     Computing matching score
      Evaluation: [   0/1978]  eta: 0:02:20    time: 0.0711  data: 0.0030  max mem: 2671
      Evaluation: [ 100/1978]  eta: 0:02:05    time: 0.0666  data: 0.0000  max mem: 2671
      Evaluation: [ 200/1978]  eta: 0:01:58    time: 0.0667  data: 0.0000  max mem: 2671
      Evaluation: [ 300/1978]  eta: 0:01:52    time: 0.0667  data: 0.0000  max mem: 2671
      Evaluation: [ 400/1978]  eta: 0:01:45    time: 0.0673  data: 0.0000  max mem: 2671
      Evaluation: [ 500/1978]  eta: 0:01:38    time: 0.0669  data: 0.0000  max mem: 2671
      Evaluation: [ 600/1978]  eta: 0:01:32    time: 0.0671  data: 0.0000  max mem: 2671
      Evaluation: [ 700/1978]  eta: 0:01:25    time: 0.0671  data: 0.0000  max mem: 2671
      Evaluation: [ 800/1978]  eta: 0:01:18    time: 0.0668  data: 0.0000  max mem: 2671
      Evaluation: [ 900/1978]  eta: 0:01:12    time: 0.0668  data: 0.0000  max mem: 2671
      Evaluation: [1000/1978]  eta: 0:01:05    time: 0.0671  data: 0.0000  max mem: 2671
      Evaluation: [1100/1978]  eta: 0:00:58    time: 0.0669  data: 0.0000  max mem: 2671
      Evaluation: [1200/1978]  eta: 0:00:52    time: 0.0667  data: 0.0000  max mem: 2671
      Evaluation: [1300/1978]  eta: 0:00:45    time: 0.0668  data: 0.0000  max mem: 2671
      Evaluation: [1400/1978]  eta: 0:00:38    time: 0.0667  data: 0.0000  max mem: 2671
      Evaluation: [1500/1978]  eta: 0:00:31    time: 0.0667  data: 0.0000  max mem: 2671
      Evaluation: [1600/1978]  eta: 0:00:25    time: 0.0667  data: 0.0000  max mem: 2671
      Evaluation: [1700/1978]  eta: 0:00:18    time: 0.0671  data: 0.0000  max mem: 2671
      Evaluation: [1800/1978]  eta: 0:00:11    time: 0.0668  data: 0.0000  max mem: 2671
      Evaluation: [1900/1978]  eta: 0:00:05    time: 0.0668  data: 0.0000  max mem: 2671
      Evaluation: [1977/1978]  eta: 0:00:00    time: 0.0667  data: 0.0000  max mem: 2671
      Evaluation: Total time: 0:02:12 (0.0669 s / it)
     Computing matching score time 0:02:12
### TTA ITM Score: 
+-------+--------+--------+--------+--------+--------+
| epoch |   R1   |   R5   |  R10   |  mAP   |  mINP  |
+-------+--------+--------+--------+--------+--------+
|  -999 | 69.414 | 95.197 | 97.776 | 81.233 | 81.233 |
|  -999 | 69.414 | 95.197 | 97.776 | 81.233 | 81.233 |
|  -999 | 84.277 | 99.039 | 99.596 | 91.276 | 91.276 |
|   0   | 84.328 | 98.635 | 99.343 | 91.127 | 91.127 |
|   1   | 84.681 | 98.837 | 99.343 | 91.338 | 91.338 |
|   2   | 84.328 | 98.736 | 99.292 | 91.122 | 91.122 |
|   3   | 83.923 | 98.433 | 99.090 | 90.866 | 90.866 |
|   4   | 84.226 | 98.483 | 99.242 | 91.008 | 91.008 |
|   5   | 84.277 | 98.635 | 99.393 | 91.019 | 91.019 |
|   6   | 84.176 | 98.686 | 99.444 | 91.027 | 91.027 |
|   7   | 84.277 | 98.635 | 99.444 | 91.075 | 91.075 |
+-------+--------+--------+--------+--------+--------+
     logs:  {'epo': 7, 'R1': 84.277, 'R5': 98.635, 'R10': 99.444, 'mAP': 91.075, 'mINP': 91.075, 'lr': 0.000393, 'entropy': 0.029969, 'loss': 0.029969, 'entr_unc': 0.029969, 'uncertainty': 1.0, 'uncertainty_multiply_coeffi': 1.0}
      TTA Epoch: [8] [ 0/78]  eta: 0:00:40  lr: 0.000384  entropy: 0.0001  loss: 0.0001  entr_unc: 0.0001  uncertainty: 1.0000  uncertainty_multiply_coeffi: 1.0000  time: 0.5164  data: 0.3633  max mem: 2671
      TTA Epoch: [8] [77/78]  eta: 0:00:00  lr: 0.000147  entropy: 0.0099  loss: 0.0099  entr_unc: 0.0099  uncertainty: 1.0000  uncertainty_multiply_coeffi: 1.0000  time: 0.0439  data: 0.0013  max mem: 2671
      TTA Epoch: [8] Total time: 0:00:04 (0.0586 s / it)
     Averaged stats: lr: 0.0004  entropy: 0.0284  loss: 0.0284  entr_unc: 0.0284  uncertainty: 1.0000  uncertainty_multiply_coeffi: 1.0000
     itm tta time 0:00:04
     Computing matching score
      Evaluation: [   0/1978]  eta: 0:02:20    time: 0.0709  data: 0.0031  max mem: 2671
      Evaluation: [ 100/1978]  eta: 0:02:05    time: 0.0667  data: 0.0000  max mem: 2671
      Evaluation: [ 200/1978]  eta: 0:01:58    time: 0.0671  data: 0.0000  max mem: 2671
      Evaluation: [ 300/1978]  eta: 0:01:52    time: 0.0668  data: 0.0000  max mem: 2671
      Evaluation: [ 400/1978]  eta: 0:01:45    time: 0.0666  data: 0.0000  max mem: 2671
      Evaluation: [ 500/1978]  eta: 0:01:38    time: 0.0667  data: 0.0000  max mem: 2671
      Evaluation: [ 600/1978]  eta: 0:01:32    time: 0.0667  data: 0.0000  max mem: 2671
      Evaluation: [ 700/1978]  eta: 0:01:25    time: 0.0667  data: 0.0000  max mem: 2671
      Evaluation: [ 800/1978]  eta: 0:01:18    time: 0.0668  data: 0.0000  max mem: 2671
      Evaluation: [ 900/1978]  eta: 0:01:12    time: 0.0671  data: 0.0000  max mem: 2671
      Evaluation: [1000/1978]  eta: 0:01:05    time: 0.0668  data: 0.0000  max mem: 2671
      Evaluation: [1100/1978]  eta: 0:00:58    time: 0.0670  data: 0.0000  max mem: 2671
      Evaluation: [1200/1978]  eta: 0:00:51    time: 0.0666  data: 0.0000  max mem: 2671
      Evaluation: [1300/1978]  eta: 0:00:45    time: 0.0668  data: 0.0000  max mem: 2671
      Evaluation: [1400/1978]  eta: 0:00:38    time: 0.0668  data: 0.0000  max mem: 2671
      Evaluation: [1500/1978]  eta: 0:00:31    time: 0.0670  data: 0.0000  max mem: 2671
      Evaluation: [1600/1978]  eta: 0:00:25    time: 0.0669  data: 0.0000  max mem: 2671
      Evaluation: [1700/1978]  eta: 0:00:18    time: 0.0667  data: 0.0000  max mem: 2671
      Evaluation: [1800/1978]  eta: 0:00:11    time: 0.0667  data: 0.0000  max mem: 2671
      Evaluation: [1900/1978]  eta: 0:00:05    time: 0.0667  data: 0.0000  max mem: 2671
      Evaluation: [1977/1978]  eta: 0:00:00    time: 0.0668  data: 0.0000  max mem: 2671
      Evaluation: Total time: 0:02:12 (0.0668 s / it)
     Computing matching score time 0:02:12
### TTA ITM Score: 
+-------+--------+--------+--------+--------+--------+
| epoch |   R1   |   R5   |  R10   |  mAP   |  mINP  |
+-------+--------+--------+--------+--------+--------+
|  -999 | 69.414 | 95.197 | 97.776 | 81.233 | 81.233 |
|  -999 | 69.414 | 95.197 | 97.776 | 81.233 | 81.233 |
|  -999 | 84.277 | 99.039 | 99.596 | 91.276 | 91.276 |
|   0   | 84.328 | 98.635 | 99.343 | 91.127 | 91.127 |
|   1   | 84.681 | 98.837 | 99.343 | 91.338 | 91.338 |
|   2   | 84.328 | 98.736 | 99.292 | 91.122 | 91.122 |
|   3   | 83.923 | 98.433 | 99.090 | 90.866 | 90.866 |
|   4   | 84.226 | 98.483 | 99.242 | 91.008 | 91.008 |
|   5   | 84.277 | 98.635 | 99.393 | 91.019 | 91.019 |
|   6   | 84.176 | 98.686 | 99.444 | 91.027 | 91.027 |
|   7   | 84.277 | 98.635 | 99.444 | 91.075 | 91.075 |
|   8   | 84.176 | 98.534 | 99.343 | 90.984 | 90.984 |
+-------+--------+--------+--------+--------+--------+
     logs:  {'epo': 8, 'R1': 84.176, 'R5': 98.534, 'R10': 99.343, 'mAP': 90.984, 'mINP': 90.984, 'lr': 0.000367, 'entropy': 0.028449, 'loss': 0.028449, 'entr_unc': 0.028449, 'uncertainty': 1.0, 'uncertainty_multiply_coeffi': 1.0}
      TTA Epoch: [9] [ 0/78]  eta: 0:00:36  lr: 0.000147  entropy: 0.0499  loss: 0.0499  entr_unc: 0.0499  uncertainty: 1.0000  uncertainty_multiply_coeffi: 1.0000  time: 0.4741  data: 0.3358  max mem: 2671
      TTA Epoch: [9] [77/78]  eta: 0:00:00  lr: 0.000140  entropy: 0.0053  loss: 0.0053  entr_unc: 0.0053  uncertainty: 1.0000  uncertainty_multiply_coeffi: 1.0000  time: 0.0464  data: 0.0023  max mem: 2671
      TTA Epoch: [9] Total time: 0:00:04 (0.0592 s / it)
     Averaged stats: lr: 0.0001  entropy: 0.0234  loss: 0.0234  entr_unc: 0.0234  uncertainty: 1.0000  uncertainty_multiply_coeffi: 1.0000
     itm tta time 0:00:04
     Computing matching score
      Evaluation: [   0/1978]  eta: 0:02:19    time: 0.0708  data: 0.0030  max mem: 2671
      Evaluation: [ 100/1978]  eta: 0:02:06    time: 0.0672  data: 0.0000  max mem: 2671
      Evaluation: [ 200/1978]  eta: 0:01:59    time: 0.0667  data: 0.0000  max mem: 2671
      Evaluation: [ 300/1978]  eta: 0:01:52    time: 0.0669  data: 0.0000  max mem: 2671
      Evaluation: [ 400/1978]  eta: 0:01:45    time: 0.0668  data: 0.0000  max mem: 2671
      Evaluation: [ 500/1978]  eta: 0:01:38    time: 0.0668  data: 0.0000  max mem: 2671
      Evaluation: [ 600/1978]  eta: 0:01:32    time: 0.0668  data: 0.0000  max mem: 2671
      Evaluation: [ 700/1978]  eta: 0:01:25    time: 0.0670  data: 0.0000  max mem: 2671
      Evaluation: [ 800/1978]  eta: 0:01:18    time: 0.0668  data: 0.0000  max mem: 2671
      Evaluation: [ 900/1978]  eta: 0:01:12    time: 0.0668  data: 0.0000  max mem: 2671
      Evaluation: [1000/1978]  eta: 0:01:05    time: 0.0668  data: 0.0000  max mem: 2671
      Evaluation: [1100/1978]  eta: 0:00:58    time: 0.0667  data: 0.0000  max mem: 2671
      Evaluation: [1200/1978]  eta: 0:00:52    time: 0.0667  data: 0.0000  max mem: 2671
      Evaluation: [1300/1978]  eta: 0:00:45    time: 0.0667  data: 0.0000  max mem: 2671
      Evaluation: [1400/1978]  eta: 0:00:38    time: 0.0671  data: 0.0000  max mem: 2671
      Evaluation: [1500/1978]  eta: 0:00:31    time: 0.0670  data: 0.0000  max mem: 2671
      Evaluation: [1600/1978]  eta: 0:00:25    time: 0.0671  data: 0.0000  max mem: 2671
      Evaluation: [1700/1978]  eta: 0:00:18    time: 0.0669  data: 0.0000  max mem: 2671
      Evaluation: [1800/1978]  eta: 0:00:11    time: 0.0668  data: 0.0000  max mem: 2671
      Evaluation: [1900/1978]  eta: 0:00:05    time: 0.0676  data: 0.0000  max mem: 2671
      Evaluation: [1977/1978]  eta: 0:00:00    time: 0.0671  data: 0.0000  max mem: 2671
      Evaluation: Total time: 0:02:12 (0.0669 s / it)
     Computing matching score time 0:02:12
### TTA ITM Score: 
+-------+--------+--------+--------+--------+--------+
| epoch |   R1   |   R5   |  R10   |  mAP   |  mINP  |
+-------+--------+--------+--------+--------+--------+
|  -999 | 69.414 | 95.197 | 97.776 | 81.233 | 81.233 |
|  -999 | 69.414 | 95.197 | 97.776 | 81.233 | 81.233 |
|  -999 | 84.277 | 99.039 | 99.596 | 91.276 | 91.276 |
|   0   | 84.328 | 98.635 | 99.343 | 91.127 | 91.127 |
|   1   | 84.681 | 98.837 | 99.343 | 91.338 | 91.338 |
|   2   | 84.328 | 98.736 | 99.292 | 91.122 | 91.122 |
|   3   | 83.923 | 98.433 | 99.090 | 90.866 | 90.866 |
|   4   | 84.226 | 98.483 | 99.242 | 91.008 | 91.008 |
|   5   | 84.277 | 98.635 | 99.393 | 91.019 | 91.019 |
|   6   | 84.176 | 98.686 | 99.444 | 91.027 | 91.027 |
|   7   | 84.277 | 98.635 | 99.444 | 91.075 | 91.075 |
|   8   | 84.176 | 98.534 | 99.343 | 90.984 | 90.984 |
|   9   | 84.125 | 98.433 | 99.343 | 90.964 | 90.964 |
+-------+--------+--------+--------+--------+--------+
     logs:  {'epo': 9, 'R1': 84.125, 'R5': 98.433, 'R10': 99.343, 'mAP': 90.964, 'mINP': 90.964, 'lr': 0.000143, 'entropy': 0.023418, 'loss': 0.023418, 'entr_unc': 0.023418, 'uncertainty': 1.0, 'uncertainty_multiply_coeffi': 1.0}
      TTA Epoch: [10] [ 0/78]  eta: 0:00:32  lr: 0.000140  entropy: 0.0432  loss: 0.0432  entr_unc: 0.0432  uncertainty: 1.0000  uncertainty_multiply_coeffi: 1.0000  time: 0.4127  data: 0.3079  max mem: 2671
      TTA Epoch: [10] [77/78]  eta: 0:00:00  lr: 0.000133  entropy: 0.0296  loss: 0.0296  entr_unc: 0.0296  uncertainty: 1.0000  uncertainty_multiply_coeffi: 1.0000  time: 0.0470  data: 0.0063  max mem: 2671
      TTA Epoch: [10] Total time: 0:00:04 (0.0593 s / it)
     Averaged stats: lr: 0.0001  entropy: 0.0267  loss: 0.0267  entr_unc: 0.0267  uncertainty: 1.0000  uncertainty_multiply_coeffi: 1.0000
     itm tta time 0:00:04
     Computing matching score
      Evaluation: [   0/1978]  eta: 0:02:20    time: 0.0709  data: 0.0031  max mem: 2671
      Evaluation: [ 100/1978]  eta: 0:02:05    time: 0.0672  data: 0.0000  max mem: 2671
      Evaluation: [ 200/1978]  eta: 0:01:58    time: 0.0666  data: 0.0000  max mem: 2671
      Evaluation: [ 300/1978]  eta: 0:01:52    time: 0.0667  data: 0.0000  max mem: 2671
      Evaluation: [ 400/1978]  eta: 0:01:45    time: 0.0667  data: 0.0000  max mem: 2671
      Evaluation: [ 500/1978]  eta: 0:01:38    time: 0.0668  data: 0.0000  max mem: 2671
      Evaluation: [ 600/1978]  eta: 0:01:32    time: 0.0667  data: 0.0000  max mem: 2671
      Evaluation: [ 700/1978]  eta: 0:01:25    time: 0.0667  data: 0.0000  max mem: 2671
      Evaluation: [ 800/1978]  eta: 0:01:18    time: 0.0666  data: 0.0000  max mem: 2671
      Evaluation: [ 900/1978]  eta: 0:01:11    time: 0.0666  data: 0.0000  max mem: 2671
      Evaluation: [1000/1978]  eta: 0:01:05    time: 0.0667  data: 0.0000  max mem: 2671
      Evaluation: [1100/1978]  eta: 0:00:58    time: 0.0671  data: 0.0000  max mem: 2671
      Evaluation: [1200/1978]  eta: 0:00:51    time: 0.0666  data: 0.0000  max mem: 2671
      Evaluation: [1300/1978]  eta: 0:00:45    time: 0.0673  data: 0.0000  max mem: 2671
      Evaluation: [1400/1978]  eta: 0:00:38    time: 0.0666  data: 0.0000  max mem: 2671
      Evaluation: [1500/1978]  eta: 0:00:31    time: 0.0666  data: 0.0000  max mem: 2671
      Evaluation: [1600/1978]  eta: 0:00:25    time: 0.0667  data: 0.0000  max mem: 2671
      Evaluation: [1700/1978]  eta: 0:00:18    time: 0.0671  data: 0.0000  max mem: 2671
      Evaluation: [1800/1978]  eta: 0:00:11    time: 0.0667  data: 0.0000  max mem: 2671
      Evaluation: [1900/1978]  eta: 0:00:05    time: 0.0667  data: 0.0000  max mem: 2671
      Evaluation: [1977/1978]  eta: 0:00:00    time: 0.0666  data: 0.0000  max mem: 2671
      Evaluation: Total time: 0:02:12 (0.0668 s / it)
     Computing matching score time 0:02:12
### TTA ITM Score: 
+-------+--------+--------+--------+--------+--------+
| epoch |   R1   |   R5   |  R10   |  mAP   |  mINP  |
+-------+--------+--------+--------+--------+--------+
|  -999 | 69.414 | 95.197 | 97.776 | 81.233 | 81.233 |
|  -999 | 69.414 | 95.197 | 97.776 | 81.233 | 81.233 |
|  -999 | 84.277 | 99.039 | 99.596 | 91.276 | 91.276 |
|   0   | 84.328 | 98.635 | 99.343 | 91.127 | 91.127 |
|   1   | 84.681 | 98.837 | 99.343 | 91.338 | 91.338 |
|   2   | 84.328 | 98.736 | 99.292 | 91.122 | 91.122 |
|   3   | 83.923 | 98.433 | 99.090 | 90.866 | 90.866 |
|   4   | 84.226 | 98.483 | 99.242 | 91.008 | 91.008 |
|   5   | 84.277 | 98.635 | 99.393 | 91.019 | 91.019 |
|   6   | 84.176 | 98.686 | 99.444 | 91.027 | 91.027 |
|   7   | 84.277 | 98.635 | 99.444 | 91.075 | 91.075 |
|   8   | 84.176 | 98.534 | 99.343 | 90.984 | 90.984 |
|   9   | 84.125 | 98.433 | 99.343 | 90.964 | 90.964 |
|   10  | 84.024 | 98.483 | 99.343 | 90.906 | 90.906 |
+-------+--------+--------+--------+--------+--------+
     logs:  {'epo': 10, 'R1': 84.024, 'R5': 98.483, 'R10': 99.343, 'mAP': 90.906, 'mINP': 90.906, 'lr': 0.000137, 'entropy': 0.026742, 'loss': 0.026742, 'entr_unc': 0.026742, 'uncertainty': 1.0, 'uncertainty_multiply_coeffi': 1.0}
      TTA Epoch: [11] [ 0/78]  eta: 0:00:40  lr: 0.000133  entropy: 0.0448  loss: 0.0448  entr_unc: 0.0448  uncertainty: 1.0000  uncertainty_multiply_coeffi: 1.0000  time: 0.5230  data: 0.4261  max mem: 2671
      TTA Epoch: [11] [77/78]  eta: 0:00:00  lr: 0.000126  entropy: 0.0495  loss: 0.0495  entr_unc: 0.0495  uncertainty: 1.0000  uncertainty_multiply_coeffi: 1.0000  time: 0.0435  data: 0.0030  max mem: 2671
      TTA Epoch: [11] Total time: 0:00:04 (0.0589 s / it)
     Averaged stats: lr: 0.0001  entropy: 0.0192  loss: 0.0192  entr_unc: 0.0192  uncertainty: 1.0000  uncertainty_multiply_coeffi: 1.0000
     itm tta time 0:00:04
     Computing matching score
      Evaluation: [   0/1978]  eta: 0:02:20    time: 0.0710  data: 0.0031  max mem: 2671
      Evaluation: [ 100/1978]  eta: 0:02:05    time: 0.0668  data: 0.0000  max mem: 2671
      Evaluation: [ 200/1978]  eta: 0:01:58    time: 0.0671  data: 0.0000  max mem: 2671
      Evaluation: [ 300/1978]  eta: 0:01:52    time: 0.0668  data: 0.0000  max mem: 2671
      Evaluation: [ 400/1978]  eta: 0:01:45    time: 0.0668  data: 0.0000  max mem: 2671
      Evaluation: [ 500/1978]  eta: 0:01:38    time: 0.0668  data: 0.0000  max mem: 2671
      Evaluation: [ 600/1978]  eta: 0:01:32    time: 0.0667  data: 0.0000  max mem: 2671
      Evaluation: [ 700/1978]  eta: 0:01:25    time: 0.0668  data: 0.0000  max mem: 2671
      Evaluation: [ 800/1978]  eta: 0:01:18    time: 0.0668  data: 0.0000  max mem: 2671
      Evaluation: [ 900/1978]  eta: 0:01:12    time: 0.0671  data: 0.0000  max mem: 2671
      Evaluation: [1000/1978]  eta: 0:01:05    time: 0.0670  data: 0.0000  max mem: 2671
      Evaluation: [1100/1978]  eta: 0:00:58    time: 0.0668  data: 0.0000  max mem: 2671
      Evaluation: [1200/1978]  eta: 0:00:52    time: 0.0672  data: 0.0000  max mem: 2671
      Evaluation: [1300/1978]  eta: 0:00:45    time: 0.0668  data: 0.0000  max mem: 2671
      Evaluation: [1400/1978]  eta: 0:00:38    time: 0.0670  data: 0.0000  max mem: 2671
      Evaluation: [1500/1978]  eta: 0:00:31    time: 0.0670  data: 0.0000  max mem: 2671
      Evaluation: [1600/1978]  eta: 0:00:25    time: 0.0669  data: 0.0000  max mem: 2671
      Evaluation: [1700/1978]  eta: 0:00:18    time: 0.0668  data: 0.0000  max mem: 2671
      Evaluation: [1800/1978]  eta: 0:00:11    time: 0.0670  data: 0.0000  max mem: 2671
      Evaluation: [1900/1978]  eta: 0:00:05    time: 0.0668  data: 0.0000  max mem: 2671
      Evaluation: [1977/1978]  eta: 0:00:00    time: 0.0670  data: 0.0000  max mem: 2671
      Evaluation: Total time: 0:02:12 (0.0669 s / it)
     Computing matching score time 0:02:12
### TTA ITM Score: 
+-------+--------+--------+--------+--------+--------+
| epoch |   R1   |   R5   |  R10   |  mAP   |  mINP  |
+-------+--------+--------+--------+--------+--------+
|  -999 | 69.414 | 95.197 | 97.776 | 81.233 | 81.233 |
|  -999 | 69.414 | 95.197 | 97.776 | 81.233 | 81.233 |
|  -999 | 84.277 | 99.039 | 99.596 | 91.276 | 91.276 |
|   0   | 84.328 | 98.635 | 99.343 | 91.127 | 91.127 |
|   1   | 84.681 | 98.837 | 99.343 | 91.338 | 91.338 |
|   2   | 84.328 | 98.736 | 99.292 | 91.122 | 91.122 |
|   3   | 83.923 | 98.433 | 99.090 | 90.866 | 90.866 |
|   4   | 84.226 | 98.483 | 99.242 | 91.008 | 91.008 |
|   5   | 84.277 | 98.635 | 99.393 | 91.019 | 91.019 |
|   6   | 84.176 | 98.686 | 99.444 | 91.027 | 91.027 |
|   7   | 84.277 | 98.635 | 99.444 | 91.075 | 91.075 |
|   8   | 84.176 | 98.534 | 99.343 | 90.984 | 90.984 |
|   9   | 84.125 | 98.433 | 99.343 | 90.964 | 90.964 |
|   10  | 84.024 | 98.483 | 99.343 | 90.906 | 90.906 |
|   11  | 84.125 | 98.382 | 99.343 | 90.948 | 90.948 |
+-------+--------+--------+--------+--------+--------+
     logs:  {'epo': 11, 'R1': 84.125, 'R5': 98.382, 'R10': 99.343, 'mAP': 90.948, 'mINP': 90.948, 'lr': 0.00013, 'entropy': 0.019169, 'loss': 0.019169, 'entr_unc': 0.019169, 'uncertainty': 1.0, 'uncertainty_multiply_coeffi': 1.0}
      TTA Epoch: [12] [ 0/78]  eta: 0:00:41  lr: 0.000126  entropy: 0.0021  loss: 0.0021  entr_unc: 0.0021  uncertainty: 1.0000  uncertainty_multiply_coeffi: 1.0000  time: 0.5288  data: 0.4328  max mem: 2671
      TTA Epoch: [12] [77/78]  eta: 0:00:00  lr: 0.000119  entropy: 0.0145  loss: 0.0145  entr_unc: 0.0145  uncertainty: 1.0000  uncertainty_multiply_coeffi: 1.0000  time: 0.0440  data: 0.0033  max mem: 2671
      TTA Epoch: [12] Total time: 0:00:04 (0.0592 s / it)
     Averaged stats: lr: 0.0001  entropy: 0.0214  loss: 0.0214  entr_unc: 0.0214  uncertainty: 1.0000  uncertainty_multiply_coeffi: 1.0000
     itm tta time 0:00:04
     Computing matching score
      Evaluation: [   0/1978]  eta: 0:02:20    time: 0.0710  data: 0.0031  max mem: 2671
      Evaluation: [ 100/1978]  eta: 0:02:05    time: 0.0669  data: 0.0000  max mem: 2671
      Evaluation: [ 200/1978]  eta: 0:01:59    time: 0.0670  data: 0.0000  max mem: 2671
      Evaluation: [ 300/1978]  eta: 0:01:52    time: 0.0669  data: 0.0000  max mem: 2671
      Evaluation: [ 400/1978]  eta: 0:01:45    time: 0.0670  data: 0.0000  max mem: 2671
      Evaluation: [ 500/1978]  eta: 0:01:39    time: 0.0669  data: 0.0000  max mem: 2671
      Evaluation: [ 600/1978]  eta: 0:01:32    time: 0.0672  data: 0.0000  max mem: 2671
      Evaluation: [ 700/1978]  eta: 0:01:25    time: 0.0669  data: 0.0000  max mem: 2671
      Evaluation: [ 800/1978]  eta: 0:01:18    time: 0.0670  data: 0.0000  max mem: 2671
      Evaluation: [ 900/1978]  eta: 0:01:12    time: 0.0670  data: 0.0000  max mem: 2671
      Evaluation: [1000/1978]  eta: 0:01:05    time: 0.0670  data: 0.0000  max mem: 2671
      Evaluation: [1100/1978]  eta: 0:00:58    time: 0.0670  data: 0.0000  max mem: 2671
      Evaluation: [1200/1978]  eta: 0:00:52    time: 0.0674  data: 0.0000  max mem: 2671
      Evaluation: [1300/1978]  eta: 0:00:45    time: 0.0670  data: 0.0000  max mem: 2671
      Evaluation: [1400/1978]  eta: 0:00:38    time: 0.0669  data: 0.0000  max mem: 2671
      Evaluation: [1500/1978]  eta: 0:00:32    time: 0.0669  data: 0.0000  max mem: 2671
      Evaluation: [1600/1978]  eta: 0:00:25    time: 0.0669  data: 0.0000  max mem: 2671
      Evaluation: [1700/1978]  eta: 0:00:18    time: 0.0675  data: 0.0000  max mem: 2671
      Evaluation: [1800/1978]  eta: 0:00:11    time: 0.0670  data: 0.0000  max mem: 2671
      Evaluation: [1900/1978]  eta: 0:00:05    time: 0.0670  data: 0.0000  max mem: 2671
      Evaluation: [1977/1978]  eta: 0:00:00    time: 0.0669  data: 0.0000  max mem: 2671
      Evaluation: Total time: 0:02:12 (0.0671 s / it)
     Computing matching score time 0:02:12
### TTA ITM Score: 
+-------+--------+--------+--------+--------+--------+
| epoch |   R1   |   R5   |  R10   |  mAP   |  mINP  |
+-------+--------+--------+--------+--------+--------+
|  -999 | 69.414 | 95.197 | 97.776 | 81.233 | 81.233 |
|  -999 | 69.414 | 95.197 | 97.776 | 81.233 | 81.233 |
|  -999 | 84.277 | 99.039 | 99.596 | 91.276 | 91.276 |
|   0   | 84.328 | 98.635 | 99.343 | 91.127 | 91.127 |
|   1   | 84.681 | 98.837 | 99.343 | 91.338 | 91.338 |
|   2   | 84.328 | 98.736 | 99.292 | 91.122 | 91.122 |
|   3   | 83.923 | 98.433 | 99.090 | 90.866 | 90.866 |
|   4   | 84.226 | 98.483 | 99.242 | 91.008 | 91.008 |
|   5   | 84.277 | 98.635 | 99.393 | 91.019 | 91.019 |
|   6   | 84.176 | 98.686 | 99.444 | 91.027 | 91.027 |
|   7   | 84.277 | 98.635 | 99.444 | 91.075 | 91.075 |
|   8   | 84.176 | 98.534 | 99.343 | 90.984 | 90.984 |
|   9   | 84.125 | 98.433 | 99.343 | 90.964 | 90.964 |
|   10  | 84.024 | 98.483 | 99.343 | 90.906 | 90.906 |
|   11  | 84.125 | 98.382 | 99.343 | 90.948 | 90.948 |
|   12  | 84.075 | 98.433 | 99.393 | 90.931 | 90.931 |
+-------+--------+--------+--------+--------+--------+
     logs:  {'epo': 12, 'R1': 84.075, 'R5': 98.433, 'R10': 99.393, 'mAP': 90.931, 'mINP': 90.931, 'lr': 0.000123, 'entropy': 0.02139, 'loss': 0.02139, 'entr_unc': 0.02139, 'uncertainty': 1.0, 'uncertainty_multiply_coeffi': 1.0}
      TTA Epoch: [13] [ 0/78]  eta: 0:00:39  lr: 0.000119  entropy: 0.0042  loss: 0.0042  entr_unc: 0.0042  uncertainty: 1.0000  uncertainty_multiply_coeffi: 1.0000  time: 0.5057  data: 0.3876  max mem: 2671
      TTA Epoch: [13] [77/78]  eta: 0:00:00  lr: 0.000113  entropy: 0.0671  loss: 0.0671  entr_unc: 0.0671  uncertainty: 1.0000  uncertainty_multiply_coeffi: 1.0000  time: 0.0454  data: 0.0035  max mem: 2671
      TTA Epoch: [13] Total time: 0:00:04 (0.0594 s / it)
     Averaged stats: lr: 0.0001  entropy: 0.0243  loss: 0.0243  entr_unc: 0.0243  uncertainty: 1.0000  uncertainty_multiply_coeffi: 1.0000
     itm tta time 0:00:04
     Computing matching score
      Evaluation: [   0/1978]  eta: 0:02:20    time: 0.0710  data: 0.0030  max mem: 2671
      Evaluation: [ 100/1978]  eta: 0:02:05    time: 0.0667  data: 0.0000  max mem: 2671
      Evaluation: [ 200/1978]  eta: 0:01:58    time: 0.0668  data: 0.0000  max mem: 2671
      Evaluation: [ 300/1978]  eta: 0:01:52    time: 0.0669  data: 0.0000  max mem: 2671
      Evaluation: [ 400/1978]  eta: 0:01:45    time: 0.0670  data: 0.0000  max mem: 2671
      Evaluation: [ 500/1978]  eta: 0:01:38    time: 0.0670  data: 0.0000  max mem: 2671
      Evaluation: [ 600/1978]  eta: 0:01:32    time: 0.0668  data: 0.0000  max mem: 2671
      Evaluation: [ 700/1978]  eta: 0:01:25    time: 0.0668  data: 0.0000  max mem: 2671
      Evaluation: [ 800/1978]  eta: 0:01:18    time: 0.0668  data: 0.0000  max mem: 2671
      Evaluation: [ 900/1978]  eta: 0:01:12    time: 0.0668  data: 0.0000  max mem: 2671
      Evaluation: [1000/1978]  eta: 0:01:05    time: 0.0669  data: 0.0000  max mem: 2671
      Evaluation: [1100/1978]  eta: 0:00:58    time: 0.0668  data: 0.0000  max mem: 2671
      Evaluation: [1200/1978]  eta: 0:00:52    time: 0.0671  data: 0.0000  max mem: 2671
      Evaluation: [1300/1978]  eta: 0:00:45    time: 0.0667  data: 0.0000  max mem: 2671
      Evaluation: [1400/1978]  eta: 0:00:38    time: 0.0668  data: 0.0000  max mem: 2671
      Evaluation: [1500/1978]  eta: 0:00:31    time: 0.0668  data: 0.0000  max mem: 2671
      Evaluation: [1600/1978]  eta: 0:00:25    time: 0.0675  data: 0.0000  max mem: 2671
      Evaluation: [1700/1978]  eta: 0:00:18    time: 0.0668  data: 0.0000  max mem: 2671
      Evaluation: [1800/1978]  eta: 0:00:11    time: 0.0669  data: 0.0000  max mem: 2671
      Evaluation: [1900/1978]  eta: 0:00:05    time: 0.0668  data: 0.0000  max mem: 2671
      Evaluation: [1977/1978]  eta: 0:00:00    time: 0.0668  data: 0.0000  max mem: 2671
      Evaluation: Total time: 0:02:12 (0.0669 s / it)
     Computing matching score time 0:02:12
### TTA ITM Score: 
+-------+--------+--------+--------+--------+--------+
| epoch |   R1   |   R5   |  R10   |  mAP   |  mINP  |
+-------+--------+--------+--------+--------+--------+
|  -999 | 69.414 | 95.197 | 97.776 | 81.233 | 81.233 |
|  -999 | 69.414 | 95.197 | 97.776 | 81.233 | 81.233 |
|  -999 | 84.277 | 99.039 | 99.596 | 91.276 | 91.276 |
|   0   | 84.328 | 98.635 | 99.343 | 91.127 | 91.127 |
|   1   | 84.681 | 98.837 | 99.343 | 91.338 | 91.338 |
|   2   | 84.328 | 98.736 | 99.292 | 91.122 | 91.122 |
|   3   | 83.923 | 98.433 | 99.090 | 90.866 | 90.866 |
|   4   | 84.226 | 98.483 | 99.242 | 91.008 | 91.008 |
|   5   | 84.277 | 98.635 | 99.393 | 91.019 | 91.019 |
|   6   | 84.176 | 98.686 | 99.444 | 91.027 | 91.027 |
|   7   | 84.277 | 98.635 | 99.444 | 91.075 | 91.075 |
|   8   | 84.176 | 98.534 | 99.343 | 90.984 | 90.984 |
|   9   | 84.125 | 98.433 | 99.343 | 90.964 | 90.964 |
|   10  | 84.024 | 98.483 | 99.343 | 90.906 | 90.906 |
|   11  | 84.125 | 98.382 | 99.343 | 90.948 | 90.948 |
|   12  | 84.075 | 98.433 | 99.393 | 90.931 | 90.931 |
|   13  | 83.974 | 98.483 | 99.393 | 90.874 | 90.874 |
+-------+--------+--------+--------+--------+--------+
     logs:  {'epo': 13, 'R1': 83.974, 'R5': 98.483, 'R10': 99.393, 'mAP': 90.874, 'mINP': 90.874, 'lr': 0.000116, 'entropy': 0.024303, 'loss': 0.024303, 'entr_unc': 0.024303, 'uncertainty': 1.0, 'uncertainty_multiply_coeffi': 1.0}
      TTA Epoch: [14] [ 0/78]  eta: 0:00:39  lr: 0.000113  entropy: 0.0000  loss: 0.0000  entr_unc: 0.0000  uncertainty: 1.0000  uncertainty_multiply_coeffi: 1.0000  time: 0.5039  data: 0.4081  max mem: 2671
      TTA Epoch: [14] [77/78]  eta: 0:00:00  lr: 0.000106  entropy: 0.0025  loss: 0.0025  entr_unc: 0.0025  uncertainty: 1.0000  uncertainty_multiply_coeffi: 1.0000  time: 0.0447  data: 0.0030  max mem: 2671
      TTA Epoch: [14] Total time: 0:00:04 (0.0591 s / it)
     Averaged stats: lr: 0.0001  entropy: 0.0230  loss: 0.0230  entr_unc: 0.0230  uncertainty: 1.0000  uncertainty_multiply_coeffi: 1.0000
     itm tta time 0:00:04
     Computing matching score
      Evaluation: [   0/1978]  eta: 0:02:20    time: 0.0709  data: 0.0031  max mem: 2671
      Evaluation: [ 100/1978]  eta: 0:02:05    time: 0.0668  data: 0.0000  max mem: 2671
      Evaluation: [ 200/1978]  eta: 0:01:58    time: 0.0668  data: 0.0000  max mem: 2671
      Evaluation: [ 300/1978]  eta: 0:01:52    time: 0.0667  data: 0.0000  max mem: 2671
      Evaluation: [ 400/1978]  eta: 0:01:45    time: 0.0667  data: 0.0000  max mem: 2671
      Evaluation: [ 500/1978]  eta: 0:01:38    time: 0.0667  data: 0.0000  max mem: 2671
      Evaluation: [ 600/1978]  eta: 0:01:32    time: 0.0667  data: 0.0000  max mem: 2671
      Evaluation: [ 700/1978]  eta: 0:01:25    time: 0.0667  data: 0.0000  max mem: 2671
      Evaluation: [ 800/1978]  eta: 0:01:18    time: 0.0674  data: 0.0000  max mem: 2671
      Evaluation: [ 900/1978]  eta: 0:01:12    time: 0.0667  data: 0.0000  max mem: 2671
      Evaluation: [1000/1978]  eta: 0:01:05    time: 0.0666  data: 0.0000  max mem: 2671
      Evaluation: [1100/1978]  eta: 0:00:58    time: 0.0667  data: 0.0000  max mem: 2671
      Evaluation: [1200/1978]  eta: 0:00:51    time: 0.0667  data: 0.0000  max mem: 2671
      Evaluation: [1300/1978]  eta: 0:00:45    time: 0.0667  data: 0.0000  max mem: 2671
      Evaluation: [1400/1978]  eta: 0:00:38    time: 0.0667  data: 0.0000  max mem: 2671
      Evaluation: [1500/1978]  eta: 0:00:31    time: 0.0671  data: 0.0000  max mem: 2671
      Evaluation: [1600/1978]  eta: 0:00:25    time: 0.0668  data: 0.0000  max mem: 2671
      Evaluation: [1700/1978]  eta: 0:00:18    time: 0.0672  data: 0.0000  max mem: 2671
      Evaluation: [1800/1978]  eta: 0:00:11    time: 0.0668  data: 0.0000  max mem: 2671
      Evaluation: [1900/1978]  eta: 0:00:05    time: 0.0668  data: 0.0000  max mem: 2671
      Evaluation: [1977/1978]  eta: 0:00:00    time: 0.0669  data: 0.0000  max mem: 2671
      Evaluation: Total time: 0:02:12 (0.0668 s / it)
     Computing matching score time 0:02:12
### TTA ITM Score: 
+-------+--------+--------+--------+--------+--------+
| epoch |   R1   |   R5   |  R10   |  mAP   |  mINP  |
+-------+--------+--------+--------+--------+--------+
|  -999 | 69.414 | 95.197 | 97.776 | 81.233 | 81.233 |
|  -999 | 69.414 | 95.197 | 97.776 | 81.233 | 81.233 |
|  -999 | 84.277 | 99.039 | 99.596 | 91.276 | 91.276 |
|   0   | 84.328 | 98.635 | 99.343 | 91.127 | 91.127 |
|   1   | 84.681 | 98.837 | 99.343 | 91.338 | 91.338 |
|   2   | 84.328 | 98.736 | 99.292 | 91.122 | 91.122 |
|   3   | 83.923 | 98.433 | 99.090 | 90.866 | 90.866 |
|   4   | 84.226 | 98.483 | 99.242 | 91.008 | 91.008 |
|   5   | 84.277 | 98.635 | 99.393 | 91.019 | 91.019 |
|   6   | 84.176 | 98.686 | 99.444 | 91.027 | 91.027 |
|   7   | 84.277 | 98.635 | 99.444 | 91.075 | 91.075 |
|   8   | 84.176 | 98.534 | 99.343 | 90.984 | 90.984 |
|   9   | 84.125 | 98.433 | 99.343 | 90.964 | 90.964 |
|   10  | 84.024 | 98.483 | 99.343 | 90.906 | 90.906 |
|   11  | 84.125 | 98.382 | 99.343 | 90.948 | 90.948 |
|   12  | 84.075 | 98.433 | 99.393 | 90.931 | 90.931 |
|   13  | 83.974 | 98.483 | 99.393 | 90.874 | 90.874 |
|   14  | 84.226 | 98.433 | 99.343 | 91.017 | 91.017 |
+-------+--------+--------+--------+--------+--------+
     logs:  {'epo': 14, 'R1': 84.226, 'R5': 98.433, 'R10': 99.343, 'mAP': 91.017, 'mINP': 91.017, 'lr': 0.000109, 'entropy': 0.02304, 'loss': 0.02304, 'entr_unc': 0.02304, 'uncertainty': 1.0, 'uncertainty_multiply_coeffi': 1.0}
      TTA Epoch: [15] [ 0/78]  eta: 0:00:33  lr: 0.000106  entropy: 0.0137  loss: 0.0137  entr_unc: 0.0137  uncertainty: 1.0000  uncertainty_multiply_coeffi: 1.0000  time: 0.4280  data: 0.3197  max mem: 2671
      TTA Epoch: [15] [77/78]  eta: 0:00:00  lr: 0.000099  entropy: 0.0044  loss: 0.0044  entr_unc: 0.0044  uncertainty: 1.0000  uncertainty_multiply_coeffi: 1.0000  time: 0.0442  data: 0.0012  max mem: 2671
      TTA Epoch: [15] Total time: 0:00:04 (0.0592 s / it)
     Averaged stats: lr: 0.0001  entropy: 0.0196  loss: 0.0196  entr_unc: 0.0196  uncertainty: 1.0000  uncertainty_multiply_coeffi: 1.0000
     itm tta time 0:00:04
     Computing matching score
      Evaluation: [   0/1978]  eta: 0:02:20    time: 0.0709  data: 0.0031  max mem: 2671
      Evaluation: [ 100/1978]  eta: 0:02:05    time: 0.0668  data: 0.0000  max mem: 2671
      Evaluation: [ 200/1978]  eta: 0:01:58    time: 0.0672  data: 0.0000  max mem: 2671
      Evaluation: [ 300/1978]  eta: 0:01:52    time: 0.0667  data: 0.0000  max mem: 2671
      Evaluation: [ 400/1978]  eta: 0:01:45    time: 0.0667  data: 0.0000  max mem: 2671
      Evaluation: [ 500/1978]  eta: 0:01:38    time: 0.0668  data: 0.0000  max mem: 2671
      Evaluation: [ 600/1978]  eta: 0:01:32    time: 0.0672  data: 0.0000  max mem: 2671
      Evaluation: [ 700/1978]  eta: 0:01:25    time: 0.0669  data: 0.0000  max mem: 2671
      Evaluation: [ 800/1978]  eta: 0:01:18    time: 0.0667  data: 0.0000  max mem: 2671
      Evaluation: [ 900/1978]  eta: 0:01:12    time: 0.0668  data: 0.0000  max mem: 2671
      Evaluation: [1000/1978]  eta: 0:01:05    time: 0.0668  data: 0.0000  max mem: 2671
      Evaluation: [1100/1978]  eta: 0:00:58    time: 0.0667  data: 0.0000  max mem: 2671
      Evaluation: [1200/1978]  eta: 0:00:51    time: 0.0667  data: 0.0000  max mem: 2671
      Evaluation: [1300/1978]  eta: 0:00:45    time: 0.0672  data: 0.0000  max mem: 2671
      Evaluation: [1400/1978]  eta: 0:00:38    time: 0.0667  data: 0.0000  max mem: 2671
      Evaluation: [1500/1978]  eta: 0:00:31    time: 0.0667  data: 0.0000  max mem: 2671
      Evaluation: [1600/1978]  eta: 0:00:25    time: 0.0667  data: 0.0000  max mem: 2671
      Evaluation: [1700/1978]  eta: 0:00:18    time: 0.0668  data: 0.0000  max mem: 2671
      Evaluation: [1800/1978]  eta: 0:00:11    time: 0.0673  data: 0.0000  max mem: 2671
      Evaluation: [1900/1978]  eta: 0:00:05    time: 0.0669  data: 0.0000  max mem: 2671
      Evaluation: [1977/1978]  eta: 0:00:00    time: 0.0667  data: 0.0000  max mem: 2671
      Evaluation: Total time: 0:02:12 (0.0668 s / it)
     Computing matching score time 0:02:12
### TTA ITM Score: 
+-------+--------+--------+--------+--------+--------+
| epoch |   R1   |   R5   |  R10   |  mAP   |  mINP  |
+-------+--------+--------+--------+--------+--------+
|  -999 | 69.414 | 95.197 | 97.776 | 81.233 | 81.233 |
|  -999 | 69.414 | 95.197 | 97.776 | 81.233 | 81.233 |
|  -999 | 84.277 | 99.039 | 99.596 | 91.276 | 91.276 |
|   0   | 84.328 | 98.635 | 99.343 | 91.127 | 91.127 |
|   1   | 84.681 | 98.837 | 99.343 | 91.338 | 91.338 |
|   2   | 84.328 | 98.736 | 99.292 | 91.122 | 91.122 |
|   3   | 83.923 | 98.433 | 99.090 | 90.866 | 90.866 |
|   4   | 84.226 | 98.483 | 99.242 | 91.008 | 91.008 |
|   5   | 84.277 | 98.635 | 99.393 | 91.019 | 91.019 |
|   6   | 84.176 | 98.686 | 99.444 | 91.027 | 91.027 |
|   7   | 84.277 | 98.635 | 99.444 | 91.075 | 91.075 |
|   8   | 84.176 | 98.534 | 99.343 | 90.984 | 90.984 |
|   9   | 84.125 | 98.433 | 99.343 | 90.964 | 90.964 |
|   10  | 84.024 | 98.483 | 99.343 | 90.906 | 90.906 |
|   11  | 84.125 | 98.382 | 99.343 | 90.948 | 90.948 |
|   12  | 84.075 | 98.433 | 99.393 | 90.931 | 90.931 |
|   13  | 83.974 | 98.483 | 99.393 | 90.874 | 90.874 |
|   14  | 84.226 | 98.433 | 99.343 | 91.017 | 91.017 |
|   15  | 84.075 | 98.382 | 99.343 | 90.954 | 90.954 |
+-------+--------+--------+--------+--------+--------+
     logs:  {'epo': 15, 'R1': 84.075, 'R5': 98.382, 'R10': 99.343, 'mAP': 90.954, 'mINP': 90.954, 'lr': 0.000102, 'entropy': 0.019585, 'loss': 0.019585, 'entr_unc': 0.019585, 'uncertainty': 1.0, 'uncertainty_multiply_coeffi': 1.0}
      TTA Epoch: [16] [ 0/78]  eta: 0:00:41  lr: 0.000099  entropy: 0.0224  loss: 0.0224  entr_unc: 0.0224  uncertainty: 1.0000  uncertainty_multiply_coeffi: 1.0000  time: 0.5336  data: 0.4180  max mem: 2671
      TTA Epoch: [16] [77/78]  eta: 0:00:00  lr: 0.000092  entropy: 0.0116  loss: 0.0116  entr_unc: 0.0116  uncertainty: 1.0000  uncertainty_multiply_coeffi: 1.0000  time: 0.0447  data: 0.0030  max mem: 2671
      TTA Epoch: [16] Total time: 0:00:04 (0.0588 s / it)
     Averaged stats: lr: 0.0001  entropy: 0.0192  loss: 0.0192  entr_unc: 0.0192  uncertainty: 1.0000  uncertainty_multiply_coeffi: 1.0000
     itm tta time 0:00:04
     Computing matching score
      Evaluation: [   0/1978]  eta: 0:02:25    time: 0.0737  data: 0.0031  max mem: 2671
      Evaluation: [ 100/1978]  eta: 0:02:06    time: 0.0668  data: 0.0000  max mem: 2671
      Evaluation: [ 200/1978]  eta: 0:01:59    time: 0.0668  data: 0.0000  max mem: 2671
      Evaluation: [ 300/1978]  eta: 0:01:52    time: 0.0668  data: 0.0000  max mem: 2671
      Evaluation: [ 400/1978]  eta: 0:01:45    time: 0.0669  data: 0.0000  max mem: 2671
      Evaluation: [ 500/1978]  eta: 0:01:38    time: 0.0672  data: 0.0000  max mem: 2671
      Evaluation: [ 600/1978]  eta: 0:01:32    time: 0.0668  data: 0.0000  max mem: 2671
      Evaluation: [ 700/1978]  eta: 0:01:25    time: 0.0668  data: 0.0000  max mem: 2671
      Evaluation: [ 800/1978]  eta: 0:01:18    time: 0.0667  data: 0.0000  max mem: 2671
      Evaluation: [ 900/1978]  eta: 0:01:12    time: 0.0668  data: 0.0000  max mem: 2671
      Evaluation: [1000/1978]  eta: 0:01:05    time: 0.0671  data: 0.0000  max mem: 2671
      Evaluation: [1100/1978]  eta: 0:00:58    time: 0.0669  data: 0.0000  max mem: 2671
      Evaluation: [1200/1978]  eta: 0:00:52    time: 0.0671  data: 0.0000  max mem: 2671
      Evaluation: [1300/1978]  eta: 0:00:45    time: 0.0670  data: 0.0000  max mem: 2671
      Evaluation: [1400/1978]  eta: 0:00:38    time: 0.0668  data: 0.0000  max mem: 2671
      Evaluation: [1500/1978]  eta: 0:00:31    time: 0.0668  data: 0.0000  max mem: 2671
      Evaluation: [1600/1978]  eta: 0:00:25    time: 0.0668  data: 0.0000  max mem: 2671
      Evaluation: [1700/1978]  eta: 0:00:18    time: 0.0670  data: 0.0000  max mem: 2671
      Evaluation: [1800/1978]  eta: 0:00:11    time: 0.0668  data: 0.0000  max mem: 2671
      Evaluation: [1900/1978]  eta: 0:00:05    time: 0.0671  data: 0.0000  max mem: 2671
      Evaluation: [1977/1978]  eta: 0:00:00    time: 0.0669  data: 0.0000  max mem: 2671
      Evaluation: Total time: 0:02:12 (0.0669 s / it)
     Computing matching score time 0:02:12
### TTA ITM Score: 
+-------+--------+--------+--------+--------+--------+
| epoch |   R1   |   R5   |  R10   |  mAP   |  mINP  |
+-------+--------+--------+--------+--------+--------+
|  -999 | 69.414 | 95.197 | 97.776 | 81.233 | 81.233 |
|  -999 | 69.414 | 95.197 | 97.776 | 81.233 | 81.233 |
|  -999 | 84.277 | 99.039 | 99.596 | 91.276 | 91.276 |
|   0   | 84.328 | 98.635 | 99.343 | 91.127 | 91.127 |
|   1   | 84.681 | 98.837 | 99.343 | 91.338 | 91.338 |
|   2   | 84.328 | 98.736 | 99.292 | 91.122 | 91.122 |
|   3   | 83.923 | 98.433 | 99.090 | 90.866 | 90.866 |
|   4   | 84.226 | 98.483 | 99.242 | 91.008 | 91.008 |
|   5   | 84.277 | 98.635 | 99.393 | 91.019 | 91.019 |
|   6   | 84.176 | 98.686 | 99.444 | 91.027 | 91.027 |
|   7   | 84.277 | 98.635 | 99.444 | 91.075 | 91.075 |
|   8   | 84.176 | 98.534 | 99.343 | 90.984 | 90.984 |
|   9   | 84.125 | 98.433 | 99.343 | 90.964 | 90.964 |
|   10  | 84.024 | 98.483 | 99.343 | 90.906 | 90.906 |
|   11  | 84.125 | 98.382 | 99.343 | 90.948 | 90.948 |
|   12  | 84.075 | 98.433 | 99.393 | 90.931 | 90.931 |
|   13  | 83.974 | 98.483 | 99.393 | 90.874 | 90.874 |
|   14  | 84.226 | 98.433 | 99.343 | 91.017 | 91.017 |
|   15  | 84.075 | 98.382 | 99.343 | 90.954 | 90.954 |
|   16  | 84.125 | 98.382 | 99.343 | 90.965 | 90.965 |
+-------+--------+--------+--------+--------+--------+
     logs:  {'epo': 16, 'R1': 84.125, 'R5': 98.382, 'R10': 99.343, 'mAP': 90.965, 'mINP': 90.965, 'lr': 9.5e-05, 'entropy': 0.019218, 'loss': 0.019218, 'entr_unc': 0.019218, 'uncertainty': 1.0, 'uncertainty_multiply_coeffi': 1.0}
      TTA Epoch: [17] [ 0/78]  eta: 0:00:41  lr: 0.000092  entropy: 0.0158  loss: 0.0158  entr_unc: 0.0158  uncertainty: 1.0000  uncertainty_multiply_coeffi: 1.0000  time: 0.5326  data: 0.4332  max mem: 2671
      TTA Epoch: [17] [77/78]  eta: 0:00:00  lr: 0.000085  entropy: 0.0259  loss: 0.0259  entr_unc: 0.0259  uncertainty: 1.0000  uncertainty_multiply_coeffi: 1.0000  time: 0.0466  data: 0.0040  max mem: 2671
      TTA Epoch: [17] Total time: 0:00:04 (0.0591 s / it)
     Averaged stats: lr: 0.0001  entropy: 0.0170  loss: 0.0170  entr_unc: 0.0170  uncertainty: 1.0000  uncertainty_multiply_coeffi: 1.0000
     itm tta time 0:00:04
     Computing matching score
      Evaluation: [   0/1978]  eta: 0:02:20    time: 0.0709  data: 0.0031  max mem: 2671
      Evaluation: [ 100/1978]  eta: 0:02:06    time: 0.0668  data: 0.0000  max mem: 2671
      Evaluation: [ 200/1978]  eta: 0:01:59    time: 0.0671  data: 0.0000  max mem: 2671
      Evaluation: [ 300/1978]  eta: 0:01:52    time: 0.0668  data: 0.0000  max mem: 2671
      Evaluation: [ 400/1978]  eta: 0:01:45    time: 0.0676  data: 0.0000  max mem: 2671
      Evaluation: [ 500/1978]  eta: 0:01:39    time: 0.0669  data: 0.0000  max mem: 2671
      Evaluation: [ 600/1978]  eta: 0:01:32    time: 0.0669  data: 0.0000  max mem: 2671
      Evaluation: [ 700/1978]  eta: 0:01:25    time: 0.0668  data: 0.0000  max mem: 2671
      Evaluation: [ 800/1978]  eta: 0:01:18    time: 0.0675  data: 0.0000  max mem: 2671
      Evaluation: [ 900/1978]  eta: 0:01:12    time: 0.0669  data: 0.0000  max mem: 2671
      Evaluation: [1000/1978]  eta: 0:01:05    time: 0.0669  data: 0.0000  max mem: 2671
      Evaluation: [1100/1978]  eta: 0:00:58    time: 0.0673  data: 0.0000  max mem: 2671
      Evaluation: [1200/1978]  eta: 0:00:52    time: 0.0668  data: 0.0000  max mem: 2671
      Evaluation: [1300/1978]  eta: 0:00:45    time: 0.0670  data: 0.0000  max mem: 2671
      Evaluation: [1400/1978]  eta: 0:00:38    time: 0.0673  data: 0.0000  max mem: 2671
      Evaluation: [1500/1978]  eta: 0:00:32    time: 0.0674  data: 0.0000  max mem: 2671
      Evaluation: [1600/1978]  eta: 0:00:25    time: 0.0669  data: 0.0000  max mem: 2671
      Evaluation: [1700/1978]  eta: 0:00:18    time: 0.0670  data: 0.0000  max mem: 2671
      Evaluation: [1800/1978]  eta: 0:00:11    time: 0.0669  data: 0.0000  max mem: 2671
      Evaluation: [1900/1978]  eta: 0:00:05    time: 0.0669  data: 0.0000  max mem: 2671
      Evaluation: [1977/1978]  eta: 0:00:00    time: 0.0670  data: 0.0000  max mem: 2671
      Evaluation: Total time: 0:02:12 (0.0670 s / it)
     Computing matching score time 0:02:12
### TTA ITM Score: 
+-------+--------+--------+--------+--------+--------+
| epoch |   R1   |   R5   |  R10   |  mAP   |  mINP  |
+-------+--------+--------+--------+--------+--------+
|  -999 | 69.414 | 95.197 | 97.776 | 81.233 | 81.233 |
|  -999 | 69.414 | 95.197 | 97.776 | 81.233 | 81.233 |
|  -999 | 84.277 | 99.039 | 99.596 | 91.276 | 91.276 |
|   0   | 84.328 | 98.635 | 99.343 | 91.127 | 91.127 |
|   1   | 84.681 | 98.837 | 99.343 | 91.338 | 91.338 |
|   2   | 84.328 | 98.736 | 99.292 | 91.122 | 91.122 |
|   3   | 83.923 | 98.433 | 99.090 | 90.866 | 90.866 |
|   4   | 84.226 | 98.483 | 99.242 | 91.008 | 91.008 |
|   5   | 84.277 | 98.635 | 99.393 | 91.019 | 91.019 |
|   6   | 84.176 | 98.686 | 99.444 | 91.027 | 91.027 |
|   7   | 84.277 | 98.635 | 99.444 | 91.075 | 91.075 |
|   8   | 84.176 | 98.534 | 99.343 | 90.984 | 90.984 |
|   9   | 84.125 | 98.433 | 99.343 | 90.964 | 90.964 |
|   10  | 84.024 | 98.483 | 99.343 | 90.906 | 90.906 |
|   11  | 84.125 | 98.382 | 99.343 | 90.948 | 90.948 |
|   12  | 84.075 | 98.433 | 99.393 | 90.931 | 90.931 |
|   13  | 83.974 | 98.483 | 99.393 | 90.874 | 90.874 |
|   14  | 84.226 | 98.433 | 99.343 | 91.017 | 91.017 |
|   15  | 84.075 | 98.382 | 99.343 | 90.954 | 90.954 |
|   16  | 84.125 | 98.382 | 99.343 | 90.965 | 90.965 |
|   17  | 84.176 | 98.382 | 99.343 | 90.993 | 90.993 |
+-------+--------+--------+--------+--------+--------+
     logs:  {'epo': 17, 'R1': 84.176, 'R5': 98.382, 'R10': 99.343, 'mAP': 90.993, 'mINP': 90.993, 'lr': 8.9e-05, 'entropy': 0.017033, 'loss': 0.017033, 'entr_unc': 0.017033, 'uncertainty': 1.0, 'uncertainty_multiply_coeffi': 1.0}
      TTA Epoch: [18] [ 0/78]  eta: 0:00:40  lr: 0.000085  entropy: 0.0001  loss: 0.0001  entr_unc: 0.0001  uncertainty: 1.0000  uncertainty_multiply_coeffi: 1.0000  time: 0.5164  data: 0.4186  max mem: 2671
      TTA Epoch: [18] [77/78]  eta: 0:00:00  lr: 0.000078  entropy: 0.0033  loss: 0.0033  entr_unc: 0.0033  uncertainty: 1.0000  uncertainty_multiply_coeffi: 1.0000  time: 0.0441  data: 0.0029  max mem: 2671
      TTA Epoch: [18] Total time: 0:00:04 (0.0589 s / it)
     Averaged stats: lr: 0.0001  entropy: 0.0235  loss: 0.0235  entr_unc: 0.0235  uncertainty: 1.0000  uncertainty_multiply_coeffi: 1.0000
     itm tta time 0:00:04
     Computing matching score
      Evaluation: [   0/1978]  eta: 0:02:20    time: 0.0711  data: 0.0031  max mem: 2671
      Evaluation: [ 100/1978]  eta: 0:02:05    time: 0.0668  data: 0.0000  max mem: 2671
      Evaluation: [ 200/1978]  eta: 0:01:58    time: 0.0669  data: 0.0000  max mem: 2671
      Evaluation: [ 300/1978]  eta: 0:01:52    time: 0.0668  data: 0.0000  max mem: 2671
      Evaluation: [ 400/1978]  eta: 0:01:45    time: 0.0667  data: 0.0000  max mem: 2671
      Evaluation: [ 500/1978]  eta: 0:01:38    time: 0.0668  data: 0.0000  max mem: 2671
      Evaluation: [ 600/1978]  eta: 0:01:32    time: 0.0671  data: 0.0000  max mem: 2671
      Evaluation: [ 700/1978]  eta: 0:01:25    time: 0.0669  data: 0.0000  max mem: 2671
      Evaluation: [ 800/1978]  eta: 0:01:18    time: 0.0668  data: 0.0000  max mem: 2671
      Evaluation: [ 900/1978]  eta: 0:01:12    time: 0.0668  data: 0.0000  max mem: 2671
      Evaluation: [1000/1978]  eta: 0:01:05    time: 0.0667  data: 0.0000  max mem: 2671
      Evaluation: [1100/1978]  eta: 0:00:58    time: 0.0669  data: 0.0000  max mem: 2671
      Evaluation: [1200/1978]  eta: 0:00:52    time: 0.0671  data: 0.0000  max mem: 2671
      Evaluation: [1300/1978]  eta: 0:00:45    time: 0.0670  data: 0.0000  max mem: 2671
      Evaluation: [1400/1978]  eta: 0:00:38    time: 0.0670  data: 0.0000  max mem: 2671
      Evaluation: [1500/1978]  eta: 0:00:31    time: 0.0667  data: 0.0000  max mem: 2671
      Evaluation: [1600/1978]  eta: 0:00:25    time: 0.0668  data: 0.0000  max mem: 2671
      Evaluation: [1700/1978]  eta: 0:00:18    time: 0.0668  data: 0.0000  max mem: 2671
      Evaluation: [1800/1978]  eta: 0:00:11    time: 0.0674  data: 0.0000  max mem: 2671
      Evaluation: [1900/1978]  eta: 0:00:05    time: 0.0669  data: 0.0000  max mem: 2671
      Evaluation: [1977/1978]  eta: 0:00:00    time: 0.0669  data: 0.0000  max mem: 2671
      Evaluation: Total time: 0:02:12 (0.0669 s / it)
     Computing matching score time 0:02:12
### TTA ITM Score: 
+-------+--------+--------+--------+--------+--------+
| epoch |   R1   |   R5   |  R10   |  mAP   |  mINP  |
+-------+--------+--------+--------+--------+--------+
|  -999 | 69.414 | 95.197 | 97.776 | 81.233 | 81.233 |
|  -999 | 69.414 | 95.197 | 97.776 | 81.233 | 81.233 |
|  -999 | 84.277 | 99.039 | 99.596 | 91.276 | 91.276 |
|   0   | 84.328 | 98.635 | 99.343 | 91.127 | 91.127 |
|   1   | 84.681 | 98.837 | 99.343 | 91.338 | 91.338 |
|   2   | 84.328 | 98.736 | 99.292 | 91.122 | 91.122 |
|   3   | 83.923 | 98.433 | 99.090 | 90.866 | 90.866 |
|   4   | 84.226 | 98.483 | 99.242 | 91.008 | 91.008 |
|   5   | 84.277 | 98.635 | 99.393 | 91.019 | 91.019 |
|   6   | 84.176 | 98.686 | 99.444 | 91.027 | 91.027 |
|   7   | 84.277 | 98.635 | 99.444 | 91.075 | 91.075 |
|   8   | 84.176 | 98.534 | 99.343 | 90.984 | 90.984 |
|   9   | 84.125 | 98.433 | 99.343 | 90.964 | 90.964 |
|   10  | 84.024 | 98.483 | 99.343 | 90.906 | 90.906 |
|   11  | 84.125 | 98.382 | 99.343 | 90.948 | 90.948 |
|   12  | 84.075 | 98.433 | 99.393 | 90.931 | 90.931 |
|   13  | 83.974 | 98.483 | 99.393 | 90.874 | 90.874 |
|   14  | 84.226 | 98.433 | 99.343 | 91.017 | 91.017 |
|   15  | 84.075 | 98.382 | 99.343 | 90.954 | 90.954 |
|   16  | 84.125 | 98.382 | 99.343 | 90.965 | 90.965 |
|   17  | 84.176 | 98.382 | 99.343 | 90.993 | 90.993 |
|   18  | 84.125 | 98.332 | 99.343 | 90.969 | 90.969 |
+-------+--------+--------+--------+--------+--------+
     logs:  {'epo': 18, 'R1': 84.125, 'R5': 98.332, 'R10': 99.343, 'mAP': 90.969, 'mINP': 90.969, 'lr': 8.2e-05, 'entropy': 0.023451, 'loss': 0.023451, 'entr_unc': 0.023451, 'uncertainty': 1.0, 'uncertainty_multiply_coeffi': 1.0}
      TTA Epoch: [19] [ 0/78]  eta: 0:00:30  lr: 0.000078  entropy: 0.0000  loss: 0.0000  entr_unc: 0.0000  uncertainty: 1.0000  uncertainty_multiply_coeffi: 1.0000  time: 0.3948  data: 0.2959  max mem: 2671
      TTA Epoch: [19] [77/78]  eta: 0:00:00  lr: 0.000071  entropy: 0.0278  loss: 0.0278  entr_unc: 0.0278  uncertainty: 1.0000  uncertainty_multiply_coeffi: 1.0000  time: 0.0440  data: 0.0032  max mem: 2671
      TTA Epoch: [19] Total time: 0:00:04 (0.0589 s / it)
     Averaged stats: lr: 0.0001  entropy: 0.0173  loss: 0.0173  entr_unc: 0.0173  uncertainty: 1.0000  uncertainty_multiply_coeffi: 1.0000
     itm tta time 0:00:04
     Computing matching score
      Evaluation: [   0/1978]  eta: 0:02:20    time: 0.0711  data: 0.0030  max mem: 2671
      Evaluation: [ 100/1978]  eta: 0:02:05    time: 0.0667  data: 0.0000  max mem: 2671
      Evaluation: [ 200/1978]  eta: 0:01:58    time: 0.0668  data: 0.0000  max mem: 2671
      Evaluation: [ 300/1978]  eta: 0:01:52    time: 0.0668  data: 0.0000  max mem: 2671
      Evaluation: [ 400/1978]  eta: 0:01:45    time: 0.0668  data: 0.0000  max mem: 2671
      Evaluation: [ 500/1978]  eta: 0:01:38    time: 0.0671  data: 0.0000  max mem: 2671
      Evaluation: [ 600/1978]  eta: 0:01:32    time: 0.0668  data: 0.0000  max mem: 2671
      Evaluation: [ 700/1978]  eta: 0:01:25    time: 0.0669  data: 0.0000  max mem: 2671
      Evaluation: [ 800/1978]  eta: 0:01:18    time: 0.0668  data: 0.0000  max mem: 2671
      Evaluation: [ 900/1978]  eta: 0:01:12    time: 0.0669  data: 0.0000  max mem: 2671
      Evaluation: [1000/1978]  eta: 0:01:05    time: 0.0669  data: 0.0000  max mem: 2671
      Evaluation: [1100/1978]  eta: 0:00:58    time: 0.0670  data: 0.0000  max mem: 2671
      Evaluation: [1200/1978]  eta: 0:00:52    time: 0.0668  data: 0.0000  max mem: 2671
      Evaluation: [1300/1978]  eta: 0:00:45    time: 0.0669  data: 0.0000  max mem: 2671
      Evaluation: [1400/1978]  eta: 0:00:38    time: 0.0668  data: 0.0000  max mem: 2671
      Evaluation: [1500/1978]  eta: 0:00:31    time: 0.0669  data: 0.0000  max mem: 2671
      Evaluation: [1600/1978]  eta: 0:00:25    time: 0.0669  data: 0.0000  max mem: 2671
      Evaluation: [1700/1978]  eta: 0:00:18    time: 0.0674  data: 0.0000  max mem: 2671
      Evaluation: [1800/1978]  eta: 0:00:11    time: 0.0669  data: 0.0000  max mem: 2671
      Evaluation: [1900/1978]  eta: 0:00:05    time: 0.0668  data: 0.0000  max mem: 2671
      Evaluation: [1977/1978]  eta: 0:00:00    time: 0.0669  data: 0.0000  max mem: 2671
      Evaluation: Total time: 0:02:12 (0.0669 s / it)
     Computing matching score time 0:02:12
### TTA ITM Score: 
+-------+--------+--------+--------+--------+--------+
| epoch |   R1   |   R5   |  R10   |  mAP   |  mINP  |
+-------+--------+--------+--------+--------+--------+
|  -999 | 69.414 | 95.197 | 97.776 | 81.233 | 81.233 |
|  -999 | 69.414 | 95.197 | 97.776 | 81.233 | 81.233 |
|  -999 | 84.277 | 99.039 | 99.596 | 91.276 | 91.276 |
|   0   | 84.328 | 98.635 | 99.343 | 91.127 | 91.127 |
|   1   | 84.681 | 98.837 | 99.343 | 91.338 | 91.338 |
|   2   | 84.328 | 98.736 | 99.292 | 91.122 | 91.122 |
|   3   | 83.923 | 98.433 | 99.090 | 90.866 | 90.866 |
|   4   | 84.226 | 98.483 | 99.242 | 91.008 | 91.008 |
|   5   | 84.277 | 98.635 | 99.393 | 91.019 | 91.019 |
|   6   | 84.176 | 98.686 | 99.444 | 91.027 | 91.027 |
|   7   | 84.277 | 98.635 | 99.444 | 91.075 | 91.075 |
|   8   | 84.176 | 98.534 | 99.343 | 90.984 | 90.984 |
|   9   | 84.125 | 98.433 | 99.343 | 90.964 | 90.964 |
|   10  | 84.024 | 98.483 | 99.343 | 90.906 | 90.906 |
|   11  | 84.125 | 98.382 | 99.343 | 90.948 | 90.948 |
|   12  | 84.075 | 98.433 | 99.393 | 90.931 | 90.931 |
|   13  | 83.974 | 98.483 | 99.393 | 90.874 | 90.874 |
|   14  | 84.226 | 98.433 | 99.343 | 91.017 | 91.017 |
|   15  | 84.075 | 98.382 | 99.343 | 90.954 | 90.954 |
|   16  | 84.125 | 98.382 | 99.343 | 90.965 | 90.965 |
|   17  | 84.176 | 98.382 | 99.343 | 90.993 | 90.993 |
|   18  | 84.125 | 98.332 | 99.343 | 90.969 | 90.969 |
|   19  | 84.176 | 98.382 | 99.343 | 90.989 | 90.989 |
+-------+--------+--------+--------+--------+--------+
     logs:  {'epo': 19, 'R1': 84.176, 'R5': 98.382, 'R10': 99.343, 'mAP': 90.989, 'mINP': 90.989, 'lr': 7.5e-05, 'entropy': 0.017297, 'loss': 0.017297, 'entr_unc': 0.017297, 'uncertainty': 1.0, 'uncertainty_multiply_coeffi': 1.0}
      TTA Epoch: [20] [ 0/78]  eta: 0:00:38  lr: 0.000071  entropy: 0.0131  loss: 0.0131  entr_unc: 0.0131  uncertainty: 1.0000  uncertainty_multiply_coeffi: 1.0000  time: 0.4938  data: 0.3949  max mem: 2671
      TTA Epoch: [20] [77/78]  eta: 0:00:00  lr: 0.000064  entropy: 0.0087  loss: 0.0087  entr_unc: 0.0087  uncertainty: 1.0000  uncertainty_multiply_coeffi: 1.0000  time: 0.0434  data: 0.0011  max mem: 2671
      TTA Epoch: [20] Total time: 0:00:04 (0.0583 s / it)
     Averaged stats: lr: 0.0001  entropy: 0.0202  loss: 0.0202  entr_unc: 0.0202  uncertainty: 1.0000  uncertainty_multiply_coeffi: 1.0000
     itm tta time 0:00:04
     Computing matching score
      Evaluation: [   0/1978]  eta: 0:02:20    time: 0.0712  data: 0.0031  max mem: 2671
      Evaluation: [ 100/1978]  eta: 0:02:05    time: 0.0666  data: 0.0000  max mem: 2671
      Evaluation: [ 200/1978]  eta: 0:01:58    time: 0.0668  data: 0.0000  max mem: 2671
      Evaluation: [ 300/1978]  eta: 0:01:52    time: 0.0669  data: 0.0000  max mem: 2671
      Evaluation: [ 400/1978]  eta: 0:01:45    time: 0.0667  data: 0.0000  max mem: 2671
      Evaluation: [ 500/1978]  eta: 0:01:38    time: 0.0668  data: 0.0000  max mem: 2671
      Evaluation: [ 600/1978]  eta: 0:01:32    time: 0.0667  data: 0.0000  max mem: 2671
      Evaluation: [ 700/1978]  eta: 0:01:25    time: 0.0668  data: 0.0000  max mem: 2671
      Evaluation: [ 800/1978]  eta: 0:01:18    time: 0.0668  data: 0.0000  max mem: 2671
      Evaluation: [ 900/1978]  eta: 0:01:12    time: 0.0672  data: 0.0000  max mem: 2671
      Evaluation: [1000/1978]  eta: 0:01:05    time: 0.0669  data: 0.0000  max mem: 2671
      Evaluation: [1100/1978]  eta: 0:00:58    time: 0.0672  data: 0.0000  max mem: 2671
      Evaluation: [1200/1978]  eta: 0:00:52    time: 0.0668  data: 0.0000  max mem: 2671
      Evaluation: [1300/1978]  eta: 0:00:45    time: 0.0668  data: 0.0000  max mem: 2671
      Evaluation: [1400/1978]  eta: 0:00:38    time: 0.0669  data: 0.0000  max mem: 2671
      Evaluation: [1500/1978]  eta: 0:00:31    time: 0.0668  data: 0.0000  max mem: 2671
      Evaluation: [1600/1978]  eta: 0:00:25    time: 0.0671  data: 0.0000  max mem: 2671
      Evaluation: [1700/1978]  eta: 0:00:18    time: 0.0669  data: 0.0000  max mem: 2671
      Evaluation: [1800/1978]  eta: 0:00:11    time: 0.0669  data: 0.0000  max mem: 2671
      Evaluation: [1900/1978]  eta: 0:00:05    time: 0.0669  data: 0.0000  max mem: 2671
      Evaluation: [1977/1978]  eta: 0:00:00    time: 0.0668  data: 0.0000  max mem: 2671
      Evaluation: Total time: 0:02:12 (0.0669 s / it)
     Computing matching score time 0:02:12
### TTA ITM Score: 
+-------+--------+--------+--------+--------+--------+
| epoch |   R1   |   R5   |  R10   |  mAP   |  mINP  |
+-------+--------+--------+--------+--------+--------+
|  -999 | 69.414 | 95.197 | 97.776 | 81.233 | 81.233 |
|  -999 | 69.414 | 95.197 | 97.776 | 81.233 | 81.233 |
|  -999 | 84.277 | 99.039 | 99.596 | 91.276 | 91.276 |
|   0   | 84.328 | 98.635 | 99.343 | 91.127 | 91.127 |
|   1   | 84.681 | 98.837 | 99.343 | 91.338 | 91.338 |
|   2   | 84.328 | 98.736 | 99.292 | 91.122 | 91.122 |
|   3   | 83.923 | 98.433 | 99.090 | 90.866 | 90.866 |
|   4   | 84.226 | 98.483 | 99.242 | 91.008 | 91.008 |
|   5   | 84.277 | 98.635 | 99.393 | 91.019 | 91.019 |
|   6   | 84.176 | 98.686 | 99.444 | 91.027 | 91.027 |
|   7   | 84.277 | 98.635 | 99.444 | 91.075 | 91.075 |
|   8   | 84.176 | 98.534 | 99.343 | 90.984 | 90.984 |
|   9   | 84.125 | 98.433 | 99.343 | 90.964 | 90.964 |
|   10  | 84.024 | 98.483 | 99.343 | 90.906 | 90.906 |
|   11  | 84.125 | 98.382 | 99.343 | 90.948 | 90.948 |
|   12  | 84.075 | 98.433 | 99.393 | 90.931 | 90.931 |
|   13  | 83.974 | 98.483 | 99.393 | 90.874 | 90.874 |
|   14  | 84.226 | 98.433 | 99.343 | 91.017 | 91.017 |
|   15  | 84.075 | 98.382 | 99.343 | 90.954 | 90.954 |
|   16  | 84.125 | 98.382 | 99.343 | 90.965 | 90.965 |
|   17  | 84.176 | 98.382 | 99.343 | 90.993 | 90.993 |
|   18  | 84.125 | 98.332 | 99.343 | 90.969 | 90.969 |
|   19  | 84.176 | 98.382 | 99.343 | 90.989 | 90.989 |
|   20  | 84.125 | 98.382 | 99.343 | 90.969 | 90.969 |
+-------+--------+--------+--------+--------+--------+
     logs:  {'epo': 20, 'R1': 84.125, 'R5': 98.382, 'R10': 99.343, 'mAP': 90.969, 'mINP': 90.969, 'lr': 6.8e-05, 'entropy': 0.020175, 'loss': 0.020175, 'entr_unc': 0.020175, 'uncertainty': 1.0, 'uncertainty_multiply_coeffi': 1.0}
      TTA Epoch: [21] [ 0/78]  eta: 0:00:42  lr: 0.000064  entropy: 0.0710  loss: 0.0710  entr_unc: 0.0710  uncertainty: 1.0000  uncertainty_multiply_coeffi: 1.0000  time: 0.5399  data: 0.4496  max mem: 2671
      TTA Epoch: [21] [77/78]  eta: 0:00:00  lr: 0.000058  entropy: 0.0860  loss: 0.0860  entr_unc: 0.0860  uncertainty: 1.0000  uncertainty_multiply_coeffi: 1.0000  time: 0.0458  data: 0.0029  max mem: 2671
      TTA Epoch: [21] Total time: 0:00:04 (0.0589 s / it)
     Averaged stats: lr: 0.0001  entropy: 0.0232  loss: 0.0232  entr_unc: 0.0232  uncertainty: 1.0000  uncertainty_multiply_coeffi: 1.0000
     itm tta time 0:00:04
     Computing matching score
      Evaluation: [   0/1978]  eta: 0:02:27    time: 0.0745  data: 0.0031  max mem: 2671
      Evaluation: [ 100/1978]  eta: 0:02:05    time: 0.0671  data: 0.0000  max mem: 2671
      Evaluation: [ 200/1978]  eta: 0:01:59    time: 0.0669  data: 0.0000  max mem: 2671
      Evaluation: [ 300/1978]  eta: 0:01:52    time: 0.0670  data: 0.0000  max mem: 2671
      Evaluation: [ 400/1978]  eta: 0:01:45    time: 0.0668  data: 0.0000  max mem: 2671
      Evaluation: [ 500/1978]  eta: 0:01:38    time: 0.0668  data: 0.0000  max mem: 2671
      Evaluation: [ 600/1978]  eta: 0:01:32    time: 0.0668  data: 0.0000  max mem: 2671
      Evaluation: [ 700/1978]  eta: 0:01:25    time: 0.0669  data: 0.0000  max mem: 2671
      Evaluation: [ 800/1978]  eta: 0:01:18    time: 0.0669  data: 0.0000  max mem: 2671
      Evaluation: [ 900/1978]  eta: 0:01:12    time: 0.0668  data: 0.0000  max mem: 2671
      Evaluation: [1000/1978]  eta: 0:01:05    time: 0.0672  data: 0.0000  max mem: 2671
      Evaluation: [1100/1978]  eta: 0:00:58    time: 0.0668  data: 0.0000  max mem: 2671
      Evaluation: [1200/1978]  eta: 0:00:52    time: 0.0668  data: 0.0000  max mem: 2671
      Evaluation: [1300/1978]  eta: 0:00:45    time: 0.0668  data: 0.0000  max mem: 2671
      Evaluation: [1400/1978]  eta: 0:00:38    time: 0.0676  data: 0.0000  max mem: 2671
      Evaluation: [1500/1978]  eta: 0:00:31    time: 0.0668  data: 0.0000  max mem: 2671
      Evaluation: [1600/1978]  eta: 0:00:25    time: 0.0667  data: 0.0000  max mem: 2671
      Evaluation: [1700/1978]  eta: 0:00:18    time: 0.0669  data: 0.0000  max mem: 2671
      Evaluation: [1800/1978]  eta: 0:00:11    time: 0.0668  data: 0.0000  max mem: 2671
      Evaluation: [1900/1978]  eta: 0:00:05    time: 0.0669  data: 0.0000  max mem: 2671
      Evaluation: [1977/1978]  eta: 0:00:00    time: 0.0675  data: 0.0000  max mem: 2671
      Evaluation: Total time: 0:02:12 (0.0669 s / it)
     Computing matching score time 0:02:12
### TTA ITM Score: 
+-------+--------+--------+--------+--------+--------+
| epoch |   R1   |   R5   |  R10   |  mAP   |  mINP  |
+-------+--------+--------+--------+--------+--------+
|  -999 | 69.414 | 95.197 | 97.776 | 81.233 | 81.233 |
|  -999 | 69.414 | 95.197 | 97.776 | 81.233 | 81.233 |
|  -999 | 84.277 | 99.039 | 99.596 | 91.276 | 91.276 |
|   0   | 84.328 | 98.635 | 99.343 | 91.127 | 91.127 |
|   1   | 84.681 | 98.837 | 99.343 | 91.338 | 91.338 |
|   2   | 84.328 | 98.736 | 99.292 | 91.122 | 91.122 |
|   3   | 83.923 | 98.433 | 99.090 | 90.866 | 90.866 |
|   4   | 84.226 | 98.483 | 99.242 | 91.008 | 91.008 |
|   5   | 84.277 | 98.635 | 99.393 | 91.019 | 91.019 |
|   6   | 84.176 | 98.686 | 99.444 | 91.027 | 91.027 |
|   7   | 84.277 | 98.635 | 99.444 | 91.075 | 91.075 |
|   8   | 84.176 | 98.534 | 99.343 | 90.984 | 90.984 |
|   9   | 84.125 | 98.433 | 99.343 | 90.964 | 90.964 |
|   10  | 84.024 | 98.483 | 99.343 | 90.906 | 90.906 |
|   11  | 84.125 | 98.382 | 99.343 | 90.948 | 90.948 |
|   12  | 84.075 | 98.433 | 99.393 | 90.931 | 90.931 |
|   13  | 83.974 | 98.483 | 99.393 | 90.874 | 90.874 |
|   14  | 84.226 | 98.433 | 99.343 | 91.017 | 91.017 |
|   15  | 84.075 | 98.382 | 99.343 | 90.954 | 90.954 |
|   16  | 84.125 | 98.382 | 99.343 | 90.965 | 90.965 |
|   17  | 84.176 | 98.382 | 99.343 | 90.993 | 90.993 |
|   18  | 84.125 | 98.332 | 99.343 | 90.969 | 90.969 |
|   19  | 84.176 | 98.382 | 99.343 | 90.989 | 90.989 |
|   20  | 84.125 | 98.382 | 99.343 | 90.969 | 90.969 |
|   21  | 84.176 | 98.534 | 99.444 | 91.019 | 91.019 |
+-------+--------+--------+--------+--------+--------+
     logs:  {'epo': 21, 'R1': 84.176, 'R5': 98.534, 'R10': 99.444, 'mAP': 91.019, 'mINP': 91.019, 'lr': 6.1e-05, 'entropy': 0.023211, 'loss': 0.023211, 'entr_unc': 0.023211, 'uncertainty': 1.0, 'uncertainty_multiply_coeffi': 1.0}
      TTA Epoch: [22] [ 0/78]  eta: 0:00:40  lr: 0.000058  entropy: 0.0423  loss: 0.0423  entr_unc: 0.0423  uncertainty: 1.0000  uncertainty_multiply_coeffi: 1.0000  time: 0.5221  data: 0.4153  max mem: 2671
      TTA Epoch: [22] [77/78]  eta: 0:00:00  lr: 0.000051  entropy: 0.0348  loss: 0.0348  entr_unc: 0.0348  uncertainty: 1.0000  uncertainty_multiply_coeffi: 1.0000  time: 0.0440  data: 0.0025  max mem: 2671
      TTA Epoch: [22] Total time: 0:00:04 (0.0594 s / it)
     Averaged stats: lr: 0.0001  entropy: 0.0217  loss: 0.0217  entr_unc: 0.0217  uncertainty: 1.0000  uncertainty_multiply_coeffi: 1.0000
     itm tta time 0:00:04
     Computing matching score
      Evaluation: [   0/1978]  eta: 0:02:25    time: 0.0736  data: 0.0031  max mem: 2671
      Evaluation: [ 100/1978]  eta: 0:02:05    time: 0.0668  data: 0.0000  max mem: 2671
      Evaluation: [ 200/1978]  eta: 0:01:58    time: 0.0668  data: 0.0000  max mem: 2671
      Evaluation: [ 300/1978]  eta: 0:01:52    time: 0.0667  data: 0.0000  max mem: 2671
      Evaluation: [ 400/1978]  eta: 0:01:45    time: 0.0669  data: 0.0000  max mem: 2671
      Evaluation: [ 500/1978]  eta: 0:01:38    time: 0.0668  data: 0.0000  max mem: 2671
      Evaluation: [ 600/1978]  eta: 0:01:32    time: 0.0672  data: 0.0000  max mem: 2671
      Evaluation: [ 700/1978]  eta: 0:01:25    time: 0.0667  data: 0.0000  max mem: 2671
      Evaluation: [ 800/1978]  eta: 0:01:18    time: 0.0673  data: 0.0000  max mem: 2671
      Evaluation: [ 900/1978]  eta: 0:01:12    time: 0.0667  data: 0.0000  max mem: 2671
      Evaluation: [1000/1978]  eta: 0:01:05    time: 0.0668  data: 0.0000  max mem: 2671
      Evaluation: [1100/1978]  eta: 0:00:58    time: 0.0668  data: 0.0000  max mem: 2671
      Evaluation: [1200/1978]  eta: 0:00:52    time: 0.0670  data: 0.0000  max mem: 2671
      Evaluation: [1300/1978]  eta: 0:00:45    time: 0.0669  data: 0.0000  max mem: 2671
      Evaluation: [1400/1978]  eta: 0:00:38    time: 0.0669  data: 0.0000  max mem: 2671
      Evaluation: [1500/1978]  eta: 0:00:31    time: 0.0668  data: 0.0000  max mem: 2671
      Evaluation: [1600/1978]  eta: 0:00:25    time: 0.0669  data: 0.0000  max mem: 2671
      Evaluation: [1700/1978]  eta: 0:00:18    time: 0.0668  data: 0.0000  max mem: 2671
      Evaluation: [1800/1978]  eta: 0:00:11    time: 0.0671  data: 0.0000  max mem: 2671
      Evaluation: [1900/1978]  eta: 0:00:05    time: 0.0669  data: 0.0000  max mem: 2671
      Evaluation: [1977/1978]  eta: 0:00:00    time: 0.0669  data: 0.0000  max mem: 2671
      Evaluation: Total time: 0:02:12 (0.0669 s / it)
     Computing matching score time 0:02:12
### TTA ITM Score: 
+-------+--------+--------+--------+--------+--------+
| epoch |   R1   |   R5   |  R10   |  mAP   |  mINP  |
+-------+--------+--------+--------+--------+--------+
|  -999 | 69.414 | 95.197 | 97.776 | 81.233 | 81.233 |
|  -999 | 69.414 | 95.197 | 97.776 | 81.233 | 81.233 |
|  -999 | 84.277 | 99.039 | 99.596 | 91.276 | 91.276 |
|   0   | 84.328 | 98.635 | 99.343 | 91.127 | 91.127 |
|   1   | 84.681 | 98.837 | 99.343 | 91.338 | 91.338 |
|   2   | 84.328 | 98.736 | 99.292 | 91.122 | 91.122 |
|   3   | 83.923 | 98.433 | 99.090 | 90.866 | 90.866 |
|   4   | 84.226 | 98.483 | 99.242 | 91.008 | 91.008 |
|   5   | 84.277 | 98.635 | 99.393 | 91.019 | 91.019 |
|   6   | 84.176 | 98.686 | 99.444 | 91.027 | 91.027 |
|   7   | 84.277 | 98.635 | 99.444 | 91.075 | 91.075 |
|   8   | 84.176 | 98.534 | 99.343 | 90.984 | 90.984 |
|   9   | 84.125 | 98.433 | 99.343 | 90.964 | 90.964 |
|   10  | 84.024 | 98.483 | 99.343 | 90.906 | 90.906 |
|   11  | 84.125 | 98.382 | 99.343 | 90.948 | 90.948 |
|   12  | 84.075 | 98.433 | 99.393 | 90.931 | 90.931 |
|   13  | 83.974 | 98.483 | 99.393 | 90.874 | 90.874 |
|   14  | 84.226 | 98.433 | 99.343 | 91.017 | 91.017 |
|   15  | 84.075 | 98.382 | 99.343 | 90.954 | 90.954 |
|   16  | 84.125 | 98.382 | 99.343 | 90.965 | 90.965 |
|   17  | 84.176 | 98.382 | 99.343 | 90.993 | 90.993 |
|   18  | 84.125 | 98.332 | 99.343 | 90.969 | 90.969 |
|   19  | 84.176 | 98.382 | 99.343 | 90.989 | 90.989 |
|   20  | 84.125 | 98.382 | 99.343 | 90.969 | 90.969 |
|   21  | 84.176 | 98.534 | 99.444 | 91.019 | 91.019 |
|   22  | 84.176 | 98.483 | 99.444 | 91.005 | 91.005 |
+-------+--------+--------+--------+--------+--------+
     logs:  {'epo': 22, 'R1': 84.176, 'R5': 98.483, 'R10': 99.444, 'mAP': 91.005, 'mINP': 91.005, 'lr': 5.4e-05, 'entropy': 0.021674, 'loss': 0.021674, 'entr_unc': 0.021674, 'uncertainty': 1.0, 'uncertainty_multiply_coeffi': 1.0}
      TTA Epoch: [23] [ 0/78]  eta: 0:00:40  lr: 0.000051  entropy: 0.0010  loss: 0.0010  entr_unc: 0.0010  uncertainty: 1.0000  uncertainty_multiply_coeffi: 1.0000  time: 0.5132  data: 0.3729  max mem: 2671
      TTA Epoch: [23] [77/78]  eta: 0:00:00  lr: 0.000044  entropy: 0.0175  loss: 0.0175  entr_unc: 0.0175  uncertainty: 1.0000  uncertainty_multiply_coeffi: 1.0000  time: 0.0453  data: 0.0023  max mem: 2671
      TTA Epoch: [23] Total time: 0:00:04 (0.0595 s / it)
     Averaged stats: lr: 0.0000  entropy: 0.0195  loss: 0.0195  entr_unc: 0.0195  uncertainty: 1.0000  uncertainty_multiply_coeffi: 1.0000
     itm tta time 0:00:04
     Computing matching score
      Evaluation: [   0/1978]  eta: 0:02:20    time: 0.0711  data: 0.0031  max mem: 2671
      Evaluation: [ 100/1978]  eta: 0:02:05    time: 0.0668  data: 0.0000  max mem: 2671
      Evaluation: [ 200/1978]  eta: 0:01:59    time: 0.0668  data: 0.0000  max mem: 2671
      Evaluation: [ 300/1978]  eta: 0:01:52    time: 0.0667  data: 0.0000  max mem: 2671
      Evaluation: [ 400/1978]  eta: 0:01:45    time: 0.0670  data: 0.0000  max mem: 2671
      Evaluation: [ 500/1978]  eta: 0:01:38    time: 0.0672  data: 0.0000  max mem: 2671
      Evaluation: [ 600/1978]  eta: 0:01:32    time: 0.0672  data: 0.0000  max mem: 2671
      Evaluation: [ 700/1978]  eta: 0:01:25    time: 0.0669  data: 0.0000  max mem: 2671
      Evaluation: [ 800/1978]  eta: 0:01:18    time: 0.0670  data: 0.0000  max mem: 2671
      Evaluation: [ 900/1978]  eta: 0:01:12    time: 0.0669  data: 0.0000  max mem: 2671
      Evaluation: [1000/1978]  eta: 0:01:05    time: 0.0669  data: 0.0000  max mem: 2671
      Evaluation: [1100/1978]  eta: 0:00:58    time: 0.0668  data: 0.0000  max mem: 2671
      Evaluation: [1200/1978]  eta: 0:00:52    time: 0.0670  data: 0.0000  max mem: 2671
      Evaluation: [1300/1978]  eta: 0:00:45    time: 0.0668  data: 0.0000  max mem: 2671
      Evaluation: [1400/1978]  eta: 0:00:38    time: 0.0668  data: 0.0000  max mem: 2671
      Evaluation: [1500/1978]  eta: 0:00:31    time: 0.0668  data: 0.0000  max mem: 2671
      Evaluation: [1600/1978]  eta: 0:00:25    time: 0.0675  data: 0.0000  max mem: 2671
      Evaluation: [1700/1978]  eta: 0:00:18    time: 0.0669  data: 0.0000  max mem: 2671
      Evaluation: [1800/1978]  eta: 0:00:11    time: 0.0671  data: 0.0000  max mem: 2671
      Evaluation: [1900/1978]  eta: 0:00:05    time: 0.0667  data: 0.0000  max mem: 2671
      Evaluation: [1977/1978]  eta: 0:00:00    time: 0.0669  data: 0.0000  max mem: 2671
      Evaluation: Total time: 0:02:12 (0.0669 s / it)
     Computing matching score time 0:02:12
### TTA ITM Score: 
+-------+--------+--------+--------+--------+--------+
| epoch |   R1   |   R5   |  R10   |  mAP   |  mINP  |
+-------+--------+--------+--------+--------+--------+
|  -999 | 69.414 | 95.197 | 97.776 | 81.233 | 81.233 |
|  -999 | 69.414 | 95.197 | 97.776 | 81.233 | 81.233 |
|  -999 | 84.277 | 99.039 | 99.596 | 91.276 | 91.276 |
|   0   | 84.328 | 98.635 | 99.343 | 91.127 | 91.127 |
|   1   | 84.681 | 98.837 | 99.343 | 91.338 | 91.338 |
|   2   | 84.328 | 98.736 | 99.292 | 91.122 | 91.122 |
|   3   | 83.923 | 98.433 | 99.090 | 90.866 | 90.866 |
|   4   | 84.226 | 98.483 | 99.242 | 91.008 | 91.008 |
|   5   | 84.277 | 98.635 | 99.393 | 91.019 | 91.019 |
|   6   | 84.176 | 98.686 | 99.444 | 91.027 | 91.027 |
|   7   | 84.277 | 98.635 | 99.444 | 91.075 | 91.075 |
|   8   | 84.176 | 98.534 | 99.343 | 90.984 | 90.984 |
|   9   | 84.125 | 98.433 | 99.343 | 90.964 | 90.964 |
|   10  | 84.024 | 98.483 | 99.343 | 90.906 | 90.906 |
|   11  | 84.125 | 98.382 | 99.343 | 90.948 | 90.948 |
|   12  | 84.075 | 98.433 | 99.393 | 90.931 | 90.931 |
|   13  | 83.974 | 98.483 | 99.393 | 90.874 | 90.874 |
|   14  | 84.226 | 98.433 | 99.343 | 91.017 | 91.017 |
|   15  | 84.075 | 98.382 | 99.343 | 90.954 | 90.954 |
|   16  | 84.125 | 98.382 | 99.343 | 90.965 | 90.965 |
|   17  | 84.176 | 98.382 | 99.343 | 90.993 | 90.993 |
|   18  | 84.125 | 98.332 | 99.343 | 90.969 | 90.969 |
|   19  | 84.176 | 98.382 | 99.343 | 90.989 | 90.989 |
|   20  | 84.125 | 98.382 | 99.343 | 90.969 | 90.969 |
|   21  | 84.176 | 98.534 | 99.444 | 91.019 | 91.019 |
|   22  | 84.176 | 98.483 | 99.444 | 91.005 | 91.005 |
|   23  | 84.176 | 98.483 | 99.343 | 90.988 | 90.988 |
+-------+--------+--------+--------+--------+--------+
     logs:  {'epo': 23, 'R1': 84.176, 'R5': 98.483, 'R10': 99.343, 'mAP': 90.988, 'mINP': 90.988, 'lr': 4.7e-05, 'entropy': 0.019488, 'loss': 0.019488, 'entr_unc': 0.019488, 'uncertainty': 1.0, 'uncertainty_multiply_coeffi': 1.0}
      TTA Epoch: [24] [ 0/78]  eta: 0:00:37  lr: 0.000044  entropy: 0.0000  loss: 0.0000  entr_unc: 0.0000  uncertainty: 1.0000  uncertainty_multiply_coeffi: 1.0000  time: 0.4845  data: 0.3730  max mem: 2671
      TTA Epoch: [24] [77/78]  eta: 0:00:00  lr: 0.000037  entropy: 0.0002  loss: 0.0002  entr_unc: 0.0002  uncertainty: 1.0000  uncertainty_multiply_coeffi: 1.0000  time: 0.0445  data: 0.0028  max mem: 2671
      TTA Epoch: [24] Total time: 0:00:04 (0.0588 s / it)
     Averaged stats: lr: 0.0000  entropy: 0.0221  loss: 0.0221  entr_unc: 0.0221  uncertainty: 1.0000  uncertainty_multiply_coeffi: 1.0000
     itm tta time 0:00:04
     Computing matching score
      Evaluation: [   0/1978]  eta: 0:02:20    time: 0.0710  data: 0.0031  max mem: 2671
      Evaluation: [ 100/1978]  eta: 0:02:05    time: 0.0670  data: 0.0000  max mem: 2671
      Evaluation: [ 200/1978]  eta: 0:01:59    time: 0.0671  data: 0.0000  max mem: 2671
      Evaluation: [ 300/1978]  eta: 0:01:52    time: 0.0669  data: 0.0000  max mem: 2671
      Evaluation: [ 400/1978]  eta: 0:01:45    time: 0.0669  data: 0.0000  max mem: 2671
      Evaluation: [ 500/1978]  eta: 0:01:39    time: 0.0668  data: 0.0000  max mem: 2671
      Evaluation: [ 600/1978]  eta: 0:01:32    time: 0.0669  data: 0.0000  max mem: 2671
      Evaluation: [ 700/1978]  eta: 0:01:25    time: 0.0669  data: 0.0000  max mem: 2671
      Evaluation: [ 800/1978]  eta: 0:01:18    time: 0.0674  data: 0.0000  max mem: 2671
      Evaluation: [ 900/1978]  eta: 0:01:12    time: 0.0670  data: 0.0000  max mem: 2671
      Evaluation: [1000/1978]  eta: 0:01:05    time: 0.0670  data: 0.0000  max mem: 2671
      Evaluation: [1100/1978]  eta: 0:00:58    time: 0.0668  data: 0.0000  max mem: 2671
      Evaluation: [1200/1978]  eta: 0:00:52    time: 0.0669  data: 0.0000  max mem: 2671
      Evaluation: [1300/1978]  eta: 0:00:45    time: 0.0668  data: 0.0000  max mem: 2671
      Evaluation: [1400/1978]  eta: 0:00:38    time: 0.0668  data: 0.0000  max mem: 2671
      Evaluation: [1500/1978]  eta: 0:00:32    time: 0.0671  data: 0.0000  max mem: 2671
      Evaluation: [1600/1978]  eta: 0:00:25    time: 0.0670  data: 0.0000  max mem: 2671
      Evaluation: [1700/1978]  eta: 0:00:18    time: 0.0675  data: 0.0000  max mem: 2671
      Evaluation: [1800/1978]  eta: 0:00:11    time: 0.0669  data: 0.0000  max mem: 2671
      Evaluation: [1900/1978]  eta: 0:00:05    time: 0.0669  data: 0.0000  max mem: 2671
      Evaluation: [1977/1978]  eta: 0:00:00    time: 0.0669  data: 0.0000  max mem: 2671
      Evaluation: Total time: 0:02:12 (0.0670 s / it)
     Computing matching score time 0:02:12
### TTA ITM Score: 
+-------+--------+--------+--------+--------+--------+
| epoch |   R1   |   R5   |  R10   |  mAP   |  mINP  |
+-------+--------+--------+--------+--------+--------+
|  -999 | 69.414 | 95.197 | 97.776 | 81.233 | 81.233 |
|  -999 | 69.414 | 95.197 | 97.776 | 81.233 | 81.233 |
|  -999 | 84.277 | 99.039 | 99.596 | 91.276 | 91.276 |
|   0   | 84.328 | 98.635 | 99.343 | 91.127 | 91.127 |
|   1   | 84.681 | 98.837 | 99.343 | 91.338 | 91.338 |
|   2   | 84.328 | 98.736 | 99.292 | 91.122 | 91.122 |
|   3   | 83.923 | 98.433 | 99.090 | 90.866 | 90.866 |
|   4   | 84.226 | 98.483 | 99.242 | 91.008 | 91.008 |
|   5   | 84.277 | 98.635 | 99.393 | 91.019 | 91.019 |
|   6   | 84.176 | 98.686 | 99.444 | 91.027 | 91.027 |
|   7   | 84.277 | 98.635 | 99.444 | 91.075 | 91.075 |
|   8   | 84.176 | 98.534 | 99.343 | 90.984 | 90.984 |
|   9   | 84.125 | 98.433 | 99.343 | 90.964 | 90.964 |
|   10  | 84.024 | 98.483 | 99.343 | 90.906 | 90.906 |
|   11  | 84.125 | 98.382 | 99.343 | 90.948 | 90.948 |
|   12  | 84.075 | 98.433 | 99.393 | 90.931 | 90.931 |
|   13  | 83.974 | 98.483 | 99.393 | 90.874 | 90.874 |
|   14  | 84.226 | 98.433 | 99.343 | 91.017 | 91.017 |
|   15  | 84.075 | 98.382 | 99.343 | 90.954 | 90.954 |
|   16  | 84.125 | 98.382 | 99.343 | 90.965 | 90.965 |
|   17  | 84.176 | 98.382 | 99.343 | 90.993 | 90.993 |
|   18  | 84.125 | 98.332 | 99.343 | 90.969 | 90.969 |
|   19  | 84.176 | 98.382 | 99.343 | 90.989 | 90.989 |
|   20  | 84.125 | 98.382 | 99.343 | 90.969 | 90.969 |
|   21  | 84.176 | 98.534 | 99.444 | 91.019 | 91.019 |
|   22  | 84.176 | 98.483 | 99.444 | 91.005 | 91.005 |
|   23  | 84.176 | 98.483 | 99.343 | 90.988 | 90.988 |
|   24  | 84.226 | 98.433 | 99.343 | 91.003 | 91.003 |
+-------+--------+--------+--------+--------+--------+
     logs:  {'epo': 24, 'R1': 84.226, 'R5': 98.433, 'R10': 99.343, 'mAP': 91.003, 'mINP': 91.003, 'lr': 4e-05, 'entropy': 0.022119, 'loss': 0.022119, 'entr_unc': 0.022119, 'uncertainty': 1.0, 'uncertainty_multiply_coeffi': 1.0}
      TTA Epoch: [25] [ 0/78]  eta: 0:00:39  lr: 0.000037  entropy: 0.0286  loss: 0.0286  entr_unc: 0.0286  uncertainty: 1.0000  uncertainty_multiply_coeffi: 1.0000  time: 0.5128  data: 0.4258  max mem: 2671
      TTA Epoch: [25] [77/78]  eta: 0:00:00  lr: 0.000030  entropy: 0.0284  loss: 0.0284  entr_unc: 0.0284  uncertainty: 1.0000  uncertainty_multiply_coeffi: 1.0000  time: 0.0449  data: 0.0040  max mem: 2671
      TTA Epoch: [25] Total time: 0:00:04 (0.0591 s / it)
     Averaged stats: lr: 0.0000  entropy: 0.0201  loss: 0.0201  entr_unc: 0.0201  uncertainty: 1.0000  uncertainty_multiply_coeffi: 1.0000
     itm tta time 0:00:04
     Computing matching score
      Evaluation: [   0/1978]  eta: 0:02:20    time: 0.0711  data: 0.0031  max mem: 2671
      Evaluation: [ 100/1978]  eta: 0:02:05    time: 0.0667  data: 0.0000  max mem: 2671
      Evaluation: [ 200/1978]  eta: 0:01:58    time: 0.0672  data: 0.0000  max mem: 2671
      Evaluation: [ 300/1978]  eta: 0:01:52    time: 0.0667  data: 0.0000  max mem: 2671
      Evaluation: [ 400/1978]  eta: 0:01:45    time: 0.0669  data: 0.0000  max mem: 2671
      Evaluation: [ 500/1978]  eta: 0:01:38    time: 0.0668  data: 0.0000  max mem: 2671
      Evaluation: [ 600/1978]  eta: 0:01:32    time: 0.0672  data: 0.0000  max mem: 2671
      Evaluation: [ 700/1978]  eta: 0:01:25    time: 0.0668  data: 0.0000  max mem: 2671
      Evaluation: [ 800/1978]  eta: 0:01:18    time: 0.0668  data: 0.0000  max mem: 2671
      Evaluation: [ 900/1978]  eta: 0:01:12    time: 0.0668  data: 0.0000  max mem: 2671
      Evaluation: [1000/1978]  eta: 0:01:05    time: 0.0668  data: 0.0000  max mem: 2671
      Evaluation: [1100/1978]  eta: 0:00:58    time: 0.0668  data: 0.0000  max mem: 2671
      Evaluation: [1200/1978]  eta: 0:00:52    time: 0.0667  data: 0.0000  max mem: 2671
      Evaluation: [1300/1978]  eta: 0:00:45    time: 0.0671  data: 0.0000  max mem: 2671
      Evaluation: [1400/1978]  eta: 0:00:38    time: 0.0669  data: 0.0000  max mem: 2671
      Evaluation: [1500/1978]  eta: 0:00:31    time: 0.0668  data: 0.0000  max mem: 2671
      Evaluation: [1600/1978]  eta: 0:00:25    time: 0.0668  data: 0.0000  max mem: 2671
      Evaluation: [1700/1978]  eta: 0:00:18    time: 0.0668  data: 0.0000  max mem: 2671
      Evaluation: [1800/1978]  eta: 0:00:11    time: 0.0667  data: 0.0000  max mem: 2671
      Evaluation: [1900/1978]  eta: 0:00:05    time: 0.0670  data: 0.0000  max mem: 2671
      Evaluation: [1977/1978]  eta: 0:00:00    time: 0.0668  data: 0.0000  max mem: 2671
      Evaluation: Total time: 0:02:12 (0.0669 s / it)
     Computing matching score time 0:02:12
### TTA ITM Score: 
+-------+--------+--------+--------+--------+--------+
| epoch |   R1   |   R5   |  R10   |  mAP   |  mINP  |
+-------+--------+--------+--------+--------+--------+
|  -999 | 69.414 | 95.197 | 97.776 | 81.233 | 81.233 |
|  -999 | 69.414 | 95.197 | 97.776 | 81.233 | 81.233 |
|  -999 | 84.277 | 99.039 | 99.596 | 91.276 | 91.276 |
|   0   | 84.328 | 98.635 | 99.343 | 91.127 | 91.127 |
|   1   | 84.681 | 98.837 | 99.343 | 91.338 | 91.338 |
|   2   | 84.328 | 98.736 | 99.292 | 91.122 | 91.122 |
|   3   | 83.923 | 98.433 | 99.090 | 90.866 | 90.866 |
|   4   | 84.226 | 98.483 | 99.242 | 91.008 | 91.008 |
|   5   | 84.277 | 98.635 | 99.393 | 91.019 | 91.019 |
|   6   | 84.176 | 98.686 | 99.444 | 91.027 | 91.027 |
|   7   | 84.277 | 98.635 | 99.444 | 91.075 | 91.075 |
|   8   | 84.176 | 98.534 | 99.343 | 90.984 | 90.984 |
|   9   | 84.125 | 98.433 | 99.343 | 90.964 | 90.964 |
|   10  | 84.024 | 98.483 | 99.343 | 90.906 | 90.906 |
|   11  | 84.125 | 98.382 | 99.343 | 90.948 | 90.948 |
|   12  | 84.075 | 98.433 | 99.393 | 90.931 | 90.931 |
|   13  | 83.974 | 98.483 | 99.393 | 90.874 | 90.874 |
|   14  | 84.226 | 98.433 | 99.343 | 91.017 | 91.017 |
|   15  | 84.075 | 98.382 | 99.343 | 90.954 | 90.954 |
|   16  | 84.125 | 98.382 | 99.343 | 90.965 | 90.965 |
|   17  | 84.176 | 98.382 | 99.343 | 90.993 | 90.993 |
|   18  | 84.125 | 98.332 | 99.343 | 90.969 | 90.969 |
|   19  | 84.176 | 98.382 | 99.343 | 90.989 | 90.989 |
|   20  | 84.125 | 98.382 | 99.343 | 90.969 | 90.969 |
|   21  | 84.176 | 98.534 | 99.444 | 91.019 | 91.019 |
|   22  | 84.176 | 98.483 | 99.444 | 91.005 | 91.005 |
|   23  | 84.176 | 98.483 | 99.343 | 90.988 | 90.988 |
|   24  | 84.226 | 98.433 | 99.343 | 91.003 | 91.003 |
|   25  | 84.176 | 98.483 | 99.343 | 90.978 | 90.978 |
+-------+--------+--------+--------+--------+--------+
     logs:  {'epo': 25, 'R1': 84.176, 'R5': 98.483, 'R10': 99.343, 'mAP': 90.978, 'mINP': 90.978, 'lr': 3.4e-05, 'entropy': 0.020102, 'loss': 0.020102, 'entr_unc': 0.020102, 'uncertainty': 1.0, 'uncertainty_multiply_coeffi': 1.0}
      TTA Epoch: [26] [ 0/78]  eta: 0:00:40  lr: 0.000030  entropy: 0.0013  loss: 0.0013  entr_unc: 0.0013  uncertainty: 1.0000  uncertainty_multiply_coeffi: 1.0000  time: 0.5182  data: 0.4348  max mem: 2671
      TTA Epoch: [26] [77/78]  eta: 0:00:00  lr: 0.000023  entropy: 0.0386  loss: 0.0386  entr_unc: 0.0386  uncertainty: 1.0000  uncertainty_multiply_coeffi: 1.0000  time: 0.0472  data: 0.0033  max mem: 2671
      TTA Epoch: [26] Total time: 0:00:04 (0.0592 s / it)
     Averaged stats: lr: 0.0000  entropy: 0.0220  loss: 0.0220  entr_unc: 0.0220  uncertainty: 1.0000  uncertainty_multiply_coeffi: 1.0000
     itm tta time 0:00:04
     Computing matching score
      Evaluation: [   0/1978]  eta: 0:02:20    time: 0.0710  data: 0.0031  max mem: 2671
      Evaluation: [ 100/1978]  eta: 0:02:05    time: 0.0671  data: 0.0000  max mem: 2671
      Evaluation: [ 200/1978]  eta: 0:01:58    time: 0.0668  data: 0.0000  max mem: 2671
      Evaluation: [ 300/1978]  eta: 0:01:52    time: 0.0667  data: 0.0000  max mem: 2671
      Evaluation: [ 400/1978]  eta: 0:01:45    time: 0.0668  data: 0.0000  max mem: 2671
      Evaluation: [ 500/1978]  eta: 0:01:38    time: 0.0676  data: 0.0000  max mem: 2671
      Evaluation: [ 600/1978]  eta: 0:01:32    time: 0.0669  data: 0.0000  max mem: 2671
      Evaluation: [ 700/1978]  eta: 0:01:25    time: 0.0668  data: 0.0000  max mem: 2671
      Evaluation: [ 800/1978]  eta: 0:01:18    time: 0.0667  data: 0.0000  max mem: 2671
      Evaluation: [ 900/1978]  eta: 0:01:12    time: 0.0667  data: 0.0000  max mem: 2671
      Evaluation: [1000/1978]  eta: 0:01:05    time: 0.0669  data: 0.0000  max mem: 2671
      Evaluation: [1100/1978]  eta: 0:00:58    time: 0.0670  data: 0.0000  max mem: 2671
      Evaluation: [1200/1978]  eta: 0:00:52    time: 0.0669  data: 0.0000  max mem: 2671
      Evaluation: [1300/1978]  eta: 0:00:45    time: 0.0669  data: 0.0000  max mem: 2671
      Evaluation: [1400/1978]  eta: 0:00:38    time: 0.0668  data: 0.0000  max mem: 2671
      Evaluation: [1500/1978]  eta: 0:00:31    time: 0.0669  data: 0.0000  max mem: 2671
      Evaluation: [1600/1978]  eta: 0:00:25    time: 0.0668  data: 0.0000  max mem: 2671
      Evaluation: [1700/1978]  eta: 0:00:18    time: 0.0670  data: 0.0000  max mem: 2671
      Evaluation: [1800/1978]  eta: 0:00:11    time: 0.0671  data: 0.0000  max mem: 2671
      Evaluation: [1900/1978]  eta: 0:00:05    time: 0.0672  data: 0.0000  max mem: 2671
      Evaluation: [1977/1978]  eta: 0:00:00    time: 0.0673  data: 0.0000  max mem: 2671
      Evaluation: Total time: 0:02:12 (0.0669 s / it)
     Computing matching score time 0:02:12
### TTA ITM Score: 
+-------+--------+--------+--------+--------+--------+
| epoch |   R1   |   R5   |  R10   |  mAP   |  mINP  |
+-------+--------+--------+--------+--------+--------+
|  -999 | 69.414 | 95.197 | 97.776 | 81.233 | 81.233 |
|  -999 | 69.414 | 95.197 | 97.776 | 81.233 | 81.233 |
|  -999 | 84.277 | 99.039 | 99.596 | 91.276 | 91.276 |
|   0   | 84.328 | 98.635 | 99.343 | 91.127 | 91.127 |
|   1   | 84.681 | 98.837 | 99.343 | 91.338 | 91.338 |
|   2   | 84.328 | 98.736 | 99.292 | 91.122 | 91.122 |
|   3   | 83.923 | 98.433 | 99.090 | 90.866 | 90.866 |
|   4   | 84.226 | 98.483 | 99.242 | 91.008 | 91.008 |
|   5   | 84.277 | 98.635 | 99.393 | 91.019 | 91.019 |
|   6   | 84.176 | 98.686 | 99.444 | 91.027 | 91.027 |
|   7   | 84.277 | 98.635 | 99.444 | 91.075 | 91.075 |
|   8   | 84.176 | 98.534 | 99.343 | 90.984 | 90.984 |
|   9   | 84.125 | 98.433 | 99.343 | 90.964 | 90.964 |
|   10  | 84.024 | 98.483 | 99.343 | 90.906 | 90.906 |
|   11  | 84.125 | 98.382 | 99.343 | 90.948 | 90.948 |
|   12  | 84.075 | 98.433 | 99.393 | 90.931 | 90.931 |
|   13  | 83.974 | 98.483 | 99.393 | 90.874 | 90.874 |
|   14  | 84.226 | 98.433 | 99.343 | 91.017 | 91.017 |
|   15  | 84.075 | 98.382 | 99.343 | 90.954 | 90.954 |
|   16  | 84.125 | 98.382 | 99.343 | 90.965 | 90.965 |
|   17  | 84.176 | 98.382 | 99.343 | 90.993 | 90.993 |
|   18  | 84.125 | 98.332 | 99.343 | 90.969 | 90.969 |
|   19  | 84.176 | 98.382 | 99.343 | 90.989 | 90.989 |
|   20  | 84.125 | 98.382 | 99.343 | 90.969 | 90.969 |
|   21  | 84.176 | 98.534 | 99.444 | 91.019 | 91.019 |
|   22  | 84.176 | 98.483 | 99.444 | 91.005 | 91.005 |
|   23  | 84.176 | 98.483 | 99.343 | 90.988 | 90.988 |
|   24  | 84.226 | 98.433 | 99.343 | 91.003 | 91.003 |
|   25  | 84.176 | 98.483 | 99.343 | 90.978 | 90.978 |
|   26  | 84.226 | 98.483 | 99.343 | 90.999 | 90.999 |
+-------+--------+--------+--------+--------+--------+
     logs:  {'epo': 26, 'R1': 84.226, 'R5': 98.483, 'R10': 99.343, 'mAP': 90.999, 'mINP': 90.999, 'lr': 2.7e-05, 'entropy': 0.022045, 'loss': 0.022045, 'entr_unc': 0.022045, 'uncertainty': 1.0, 'uncertainty_multiply_coeffi': 1.0}
      TTA Epoch: [27] [ 0/78]  eta: 0:00:40  lr: 0.000023  entropy: 0.1103  loss: 0.1103  entr_unc: 0.1103  uncertainty: 1.0000  uncertainty_multiply_coeffi: 1.0000  time: 0.5155  data: 0.4079  max mem: 2671
      TTA Epoch: [27] [77/78]  eta: 0:00:00  lr: 0.000016  entropy: 0.0262  loss: 0.0262  entr_unc: 0.0262  uncertainty: 1.0000  uncertainty_multiply_coeffi: 1.0000  time: 0.0461  data: 0.0025  max mem: 2671
      TTA Epoch: [27] Total time: 0:00:04 (0.0590 s / it)
     Averaged stats: lr: 0.0000  entropy: 0.0161  loss: 0.0161  entr_unc: 0.0161  uncertainty: 1.0000  uncertainty_multiply_coeffi: 1.0000
     itm tta time 0:00:04
     Computing matching score
      Evaluation: [   0/1978]  eta: 0:02:20    time: 0.0712  data: 0.0032  max mem: 2671
      Evaluation: [ 100/1978]  eta: 0:02:05    time: 0.0668  data: 0.0000  max mem: 2671
      Evaluation: [ 200/1978]  eta: 0:01:59    time: 0.0672  data: 0.0000  max mem: 2671
      Evaluation: [ 300/1978]  eta: 0:01:52    time: 0.0670  data: 0.0000  max mem: 2671
      Evaluation: [ 400/1978]  eta: 0:01:45    time: 0.0670  data: 0.0000  max mem: 2671
      Evaluation: [ 500/1978]  eta: 0:01:39    time: 0.0670  data: 0.0000  max mem: 2671
      Evaluation: [ 600/1978]  eta: 0:01:32    time: 0.0669  data: 0.0000  max mem: 2671
      Evaluation: [ 700/1978]  eta: 0:01:25    time: 0.0669  data: 0.0000  max mem: 2671
      Evaluation: [ 800/1978]  eta: 0:01:18    time: 0.0668  data: 0.0000  max mem: 2671
      Evaluation: [ 900/1978]  eta: 0:01:12    time: 0.0670  data: 0.0000  max mem: 2671
      Evaluation: [1000/1978]  eta: 0:01:05    time: 0.0669  data: 0.0000  max mem: 2671
      Evaluation: [1100/1978]  eta: 0:00:58    time: 0.0675  data: 0.0000  max mem: 2671
      Evaluation: [1200/1978]  eta: 0:00:52    time: 0.0669  data: 0.0000  max mem: 2671
      Evaluation: [1300/1978]  eta: 0:00:45    time: 0.0668  data: 0.0000  max mem: 2671
      Evaluation: [1400/1978]  eta: 0:00:38    time: 0.0668  data: 0.0000  max mem: 2671
      Evaluation: [1500/1978]  eta: 0:00:32    time: 0.0677  data: 0.0000  max mem: 2671
      Evaluation: [1600/1978]  eta: 0:00:25    time: 0.0669  data: 0.0000  max mem: 2671
      Evaluation: [1700/1978]  eta: 0:00:18    time: 0.0668  data: 0.0000  max mem: 2671
      Evaluation: [1800/1978]  eta: 0:00:11    time: 0.0669  data: 0.0000  max mem: 2671
      Evaluation: [1900/1978]  eta: 0:00:05    time: 0.0669  data: 0.0000  max mem: 2671
      Evaluation: [1977/1978]  eta: 0:00:00    time: 0.0669  data: 0.0000  max mem: 2671
      Evaluation: Total time: 0:02:12 (0.0670 s / it)
     Computing matching score time 0:02:12
### TTA ITM Score: 
+-------+--------+--------+--------+--------+--------+
| epoch |   R1   |   R5   |  R10   |  mAP   |  mINP  |
+-------+--------+--------+--------+--------+--------+
|  -999 | 69.414 | 95.197 | 97.776 | 81.233 | 81.233 |
|  -999 | 69.414 | 95.197 | 97.776 | 81.233 | 81.233 |
|  -999 | 84.277 | 99.039 | 99.596 | 91.276 | 91.276 |
|   0   | 84.328 | 98.635 | 99.343 | 91.127 | 91.127 |
|   1   | 84.681 | 98.837 | 99.343 | 91.338 | 91.338 |
|   2   | 84.328 | 98.736 | 99.292 | 91.122 | 91.122 |
|   3   | 83.923 | 98.433 | 99.090 | 90.866 | 90.866 |
|   4   | 84.226 | 98.483 | 99.242 | 91.008 | 91.008 |
|   5   | 84.277 | 98.635 | 99.393 | 91.019 | 91.019 |
|   6   | 84.176 | 98.686 | 99.444 | 91.027 | 91.027 |
|   7   | 84.277 | 98.635 | 99.444 | 91.075 | 91.075 |
|   8   | 84.176 | 98.534 | 99.343 | 90.984 | 90.984 |
|   9   | 84.125 | 98.433 | 99.343 | 90.964 | 90.964 |
|   10  | 84.024 | 98.483 | 99.343 | 90.906 | 90.906 |
|   11  | 84.125 | 98.382 | 99.343 | 90.948 | 90.948 |
|   12  | 84.075 | 98.433 | 99.393 | 90.931 | 90.931 |
|   13  | 83.974 | 98.483 | 99.393 | 90.874 | 90.874 |
|   14  | 84.226 | 98.433 | 99.343 | 91.017 | 91.017 |
|   15  | 84.075 | 98.382 | 99.343 | 90.954 | 90.954 |
|   16  | 84.125 | 98.382 | 99.343 | 90.965 | 90.965 |
|   17  | 84.176 | 98.382 | 99.343 | 90.993 | 90.993 |
|   18  | 84.125 | 98.332 | 99.343 | 90.969 | 90.969 |
|   19  | 84.176 | 98.382 | 99.343 | 90.989 | 90.989 |
|   20  | 84.125 | 98.382 | 99.343 | 90.969 | 90.969 |
|   21  | 84.176 | 98.534 | 99.444 | 91.019 | 91.019 |
|   22  | 84.176 | 98.483 | 99.444 | 91.005 | 91.005 |
|   23  | 84.176 | 98.483 | 99.343 | 90.988 | 90.988 |
|   24  | 84.226 | 98.433 | 99.343 | 91.003 | 91.003 |
|   25  | 84.176 | 98.483 | 99.343 | 90.978 | 90.978 |
|   26  | 84.226 | 98.483 | 99.343 | 90.999 | 90.999 |
|   27  | 84.226 | 98.483 | 99.343 | 90.999 | 90.999 |
+-------+--------+--------+--------+--------+--------+
     logs:  {'epo': 27, 'R1': 84.226, 'R5': 98.483, 'R10': 99.343, 'mAP': 90.999, 'mINP': 90.999, 'lr': 2e-05, 'entropy': 0.016085, 'loss': 0.016085, 'entr_unc': 0.016085, 'uncertainty': 1.0, 'uncertainty_multiply_coeffi': 1.0}
      TTA Epoch: [28] [ 0/78]  eta: 0:00:39  lr: 0.000016  entropy: 0.0080  loss: 0.0080  entr_unc: 0.0080  uncertainty: 1.0000  uncertainty_multiply_coeffi: 1.0000  time: 0.5089  data: 0.3942  max mem: 2671
      TTA Epoch: [28] [77/78]  eta: 0:00:00  lr: 0.000010  entropy: 0.0125  loss: 0.0125  entr_unc: 0.0125  uncertainty: 1.0000  uncertainty_multiply_coeffi: 1.0000  time: 0.0449  data: 0.0021  max mem: 2671
      TTA Epoch: [28] Total time: 0:00:04 (0.0591 s / it)
     Averaged stats: lr: 0.0000  entropy: 0.0214  loss: 0.0214  entr_unc: 0.0214  uncertainty: 1.0000  uncertainty_multiply_coeffi: 1.0000
     itm tta time 0:00:04
     Computing matching score
      Evaluation: [   0/1978]  eta: 0:02:20    time: 0.0710  data: 0.0031  max mem: 2671
      Evaluation: [ 100/1978]  eta: 0:02:05    time: 0.0667  data: 0.0000  max mem: 2671
      Evaluation: [ 200/1978]  eta: 0:01:58    time: 0.0667  data: 0.0000  max mem: 2671
      Evaluation: [ 300/1978]  eta: 0:01:52    time: 0.0667  data: 0.0000  max mem: 2671
      Evaluation: [ 400/1978]  eta: 0:01:45    time: 0.0667  data: 0.0000  max mem: 2671
      Evaluation: [ 500/1978]  eta: 0:01:38    time: 0.0668  data: 0.0000  max mem: 2671
      Evaluation: [ 600/1978]  eta: 0:01:32    time: 0.0670  data: 0.0000  max mem: 2671
      Evaluation: [ 700/1978]  eta: 0:01:25    time: 0.0668  data: 0.0000  max mem: 2671
      Evaluation: [ 800/1978]  eta: 0:01:18    time: 0.0669  data: 0.0000  max mem: 2671
      Evaluation: [ 900/1978]  eta: 0:01:12    time: 0.0671  data: 0.0000  max mem: 2671
      Evaluation: [1000/1978]  eta: 0:01:05    time: 0.0667  data: 0.0000  max mem: 2671
      Evaluation: [1100/1978]  eta: 0:00:58    time: 0.0669  data: 0.0000  max mem: 2671
      Evaluation: [1200/1978]  eta: 0:00:52    time: 0.0668  data: 0.0000  max mem: 2671
      Evaluation: [1300/1978]  eta: 0:00:45    time: 0.0667  data: 0.0000  max mem: 2671
      Evaluation: [1400/1978]  eta: 0:00:38    time: 0.0667  data: 0.0000  max mem: 2671
      Evaluation: [1500/1978]  eta: 0:00:31    time: 0.0667  data: 0.0000  max mem: 2671
      Evaluation: [1600/1978]  eta: 0:00:25    time: 0.0667  data: 0.0000  max mem: 2671
      Evaluation: [1700/1978]  eta: 0:00:18    time: 0.0667  data: 0.0000  max mem: 2671
      Evaluation: [1800/1978]  eta: 0:00:11    time: 0.0676  data: 0.0000  max mem: 2671
      Evaluation: [1900/1978]  eta: 0:00:05    time: 0.0669  data: 0.0000  max mem: 2671
      Evaluation: [1977/1978]  eta: 0:00:00    time: 0.0672  data: 0.0000  max mem: 2671
      Evaluation: Total time: 0:02:12 (0.0669 s / it)
     Computing matching score time 0:02:12
### TTA ITM Score: 
+-------+--------+--------+--------+--------+--------+
| epoch |   R1   |   R5   |  R10   |  mAP   |  mINP  |
+-------+--------+--------+--------+--------+--------+
|  -999 | 69.414 | 95.197 | 97.776 | 81.233 | 81.233 |
|  -999 | 69.414 | 95.197 | 97.776 | 81.233 | 81.233 |
|  -999 | 84.277 | 99.039 | 99.596 | 91.276 | 91.276 |
|   0   | 84.328 | 98.635 | 99.343 | 91.127 | 91.127 |
|   1   | 84.681 | 98.837 | 99.343 | 91.338 | 91.338 |
|   2   | 84.328 | 98.736 | 99.292 | 91.122 | 91.122 |
|   3   | 83.923 | 98.433 | 99.090 | 90.866 | 90.866 |
|   4   | 84.226 | 98.483 | 99.242 | 91.008 | 91.008 |
|   5   | 84.277 | 98.635 | 99.393 | 91.019 | 91.019 |
|   6   | 84.176 | 98.686 | 99.444 | 91.027 | 91.027 |
|   7   | 84.277 | 98.635 | 99.444 | 91.075 | 91.075 |
|   8   | 84.176 | 98.534 | 99.343 | 90.984 | 90.984 |
|   9   | 84.125 | 98.433 | 99.343 | 90.964 | 90.964 |
|   10  | 84.024 | 98.483 | 99.343 | 90.906 | 90.906 |
|   11  | 84.125 | 98.382 | 99.343 | 90.948 | 90.948 |
|   12  | 84.075 | 98.433 | 99.393 | 90.931 | 90.931 |
|   13  | 83.974 | 98.483 | 99.393 | 90.874 | 90.874 |
|   14  | 84.226 | 98.433 | 99.343 | 91.017 | 91.017 |
|   15  | 84.075 | 98.382 | 99.343 | 90.954 | 90.954 |
|   16  | 84.125 | 98.382 | 99.343 | 90.965 | 90.965 |
|   17  | 84.176 | 98.382 | 99.343 | 90.993 | 90.993 |
|   18  | 84.125 | 98.332 | 99.343 | 90.969 | 90.969 |
|   19  | 84.176 | 98.382 | 99.343 | 90.989 | 90.989 |
|   20  | 84.125 | 98.382 | 99.343 | 90.969 | 90.969 |
|   21  | 84.176 | 98.534 | 99.444 | 91.019 | 91.019 |
|   22  | 84.176 | 98.483 | 99.444 | 91.005 | 91.005 |
|   23  | 84.176 | 98.483 | 99.343 | 90.988 | 90.988 |
|   24  | 84.226 | 98.433 | 99.343 | 91.003 | 91.003 |
|   25  | 84.176 | 98.483 | 99.343 | 90.978 | 90.978 |
|   26  | 84.226 | 98.483 | 99.343 | 90.999 | 90.999 |
|   27  | 84.226 | 98.483 | 99.343 | 90.999 | 90.999 |
|   28  | 84.176 | 98.483 | 99.343 | 90.974 | 90.974 |
+-------+--------+--------+--------+--------+--------+
     logs:  {'epo': 28, 'R1': 84.176, 'R5': 98.483, 'R10': 99.343, 'mAP': 90.974, 'mINP': 90.974, 'lr': 1.3e-05, 'entropy': 0.021392, 'loss': 0.021392, 'entr_unc': 0.021392, 'uncertainty': 1.0, 'uncertainty_multiply_coeffi': 1.0}
      TTA Epoch: [29] [ 0/78]  eta: 0:00:39  lr: 0.000009  entropy: 0.0041  loss: 0.0041  entr_unc: 0.0041  uncertainty: 1.0000  uncertainty_multiply_coeffi: 1.0000  time: 0.5003  data: 0.3976  max mem: 2671
      TTA Epoch: [29] [77/78]  eta: 0:00:00  lr: 0.000003  entropy: 0.0000  loss: 0.0000  entr_unc: 0.0000  uncertainty: 1.0000  uncertainty_multiply_coeffi: 1.0000  time: 0.0464  data: 0.0055  max mem: 2671
      TTA Epoch: [29] Total time: 0:00:04 (0.0591 s / it)
     Averaged stats: lr: 0.0000  entropy: 0.0228  loss: 0.0228  entr_unc: 0.0228  uncertainty: 1.0000  uncertainty_multiply_coeffi: 1.0000
     itm tta time 0:00:04
     Computing matching score
      Evaluation: [   0/1978]  eta: 0:02:18    time: 0.0701  data: 0.0031  max mem: 2671
      Evaluation: [ 100/1978]  eta: 0:02:05    time: 0.0666  data: 0.0000  max mem: 2671
      Evaluation: [ 200/1978]  eta: 0:01:58    time: 0.0666  data: 0.0000  max mem: 2671
      Evaluation: [ 300/1978]  eta: 0:01:51    time: 0.0668  data: 0.0000  max mem: 2671
      Evaluation: [ 400/1978]  eta: 0:01:45    time: 0.0667  data: 0.0000  max mem: 2671
      Evaluation: [ 500/1978]  eta: 0:01:38    time: 0.0670  data: 0.0000  max mem: 2671
      Evaluation: [ 600/1978]  eta: 0:01:32    time: 0.0667  data: 0.0000  max mem: 2671
      Evaluation: [ 700/1978]  eta: 0:01:25    time: 0.0666  data: 0.0000  max mem: 2671
      Evaluation: [ 800/1978]  eta: 0:01:18    time: 0.0667  data: 0.0000  max mem: 2671
      Evaluation: [ 900/1978]  eta: 0:01:11    time: 0.0667  data: 0.0000  max mem: 2671
      Evaluation: [1000/1978]  eta: 0:01:05    time: 0.0673  data: 0.0000  max mem: 2671
      Evaluation: [1100/1978]  eta: 0:00:58    time: 0.0668  data: 0.0000  max mem: 2671
      Evaluation: [1200/1978]  eta: 0:00:51    time: 0.0668  data: 0.0000  max mem: 2671
      Evaluation: [1300/1978]  eta: 0:00:45    time: 0.0667  data: 0.0000  max mem: 2671
      Evaluation: [1400/1978]  eta: 0:00:38    time: 0.0667  data: 0.0000  max mem: 2671
      Evaluation: [1500/1978]  eta: 0:00:31    time: 0.0667  data: 0.0000  max mem: 2671
      Evaluation: [1600/1978]  eta: 0:00:25    time: 0.0667  data: 0.0000  max mem: 2671
      Evaluation: [1700/1978]  eta: 0:00:18    time: 0.0670  data: 0.0000  max mem: 2671
      Evaluation: [1800/1978]  eta: 0:00:11    time: 0.0668  data: 0.0000  max mem: 2671
      Evaluation: [1900/1978]  eta: 0:00:05    time: 0.0668  data: 0.0000  max mem: 2671
      Evaluation: [1977/1978]  eta: 0:00:00    time: 0.0667  data: 0.0000  max mem: 2671
      Evaluation: Total time: 0:02:12 (0.0668 s / it)
     Computing matching score time 0:02:12
### TTA ITM Score: 
+-------+--------+--------+--------+--------+--------+
| epoch |   R1   |   R5   |  R10   |  mAP   |  mINP  |
+-------+--------+--------+--------+--------+--------+
|  -999 | 69.414 | 95.197 | 97.776 | 81.233 | 81.233 |
|  -999 | 69.414 | 95.197 | 97.776 | 81.233 | 81.233 |
|  -999 | 84.277 | 99.039 | 99.596 | 91.276 | 91.276 |
|   0   | 84.328 | 98.635 | 99.343 | 91.127 | 91.127 |
|   1   | 84.681 | 98.837 | 99.343 | 91.338 | 91.338 |
|   2   | 84.328 | 98.736 | 99.292 | 91.122 | 91.122 |
|   3   | 83.923 | 98.433 | 99.090 | 90.866 | 90.866 |
|   4   | 84.226 | 98.483 | 99.242 | 91.008 | 91.008 |
|   5   | 84.277 | 98.635 | 99.393 | 91.019 | 91.019 |
|   6   | 84.176 | 98.686 | 99.444 | 91.027 | 91.027 |
|   7   | 84.277 | 98.635 | 99.444 | 91.075 | 91.075 |
|   8   | 84.176 | 98.534 | 99.343 | 90.984 | 90.984 |
|   9   | 84.125 | 98.433 | 99.343 | 90.964 | 90.964 |
|   10  | 84.024 | 98.483 | 99.343 | 90.906 | 90.906 |
|   11  | 84.125 | 98.382 | 99.343 | 90.948 | 90.948 |
|   12  | 84.075 | 98.433 | 99.393 | 90.931 | 90.931 |
|   13  | 83.974 | 98.483 | 99.393 | 90.874 | 90.874 |
|   14  | 84.226 | 98.433 | 99.343 | 91.017 | 91.017 |
|   15  | 84.075 | 98.382 | 99.343 | 90.954 | 90.954 |
|   16  | 84.125 | 98.382 | 99.343 | 90.965 | 90.965 |
|   17  | 84.176 | 98.382 | 99.343 | 90.993 | 90.993 |
|   18  | 84.125 | 98.332 | 99.343 | 90.969 | 90.969 |
|   19  | 84.176 | 98.382 | 99.343 | 90.989 | 90.989 |
|   20  | 84.125 | 98.382 | 99.343 | 90.969 | 90.969 |
|   21  | 84.176 | 98.534 | 99.444 | 91.019 | 91.019 |
|   22  | 84.176 | 98.483 | 99.444 | 91.005 | 91.005 |
|   23  | 84.176 | 98.483 | 99.343 | 90.988 | 90.988 |
|   24  | 84.226 | 98.433 | 99.343 | 91.003 | 91.003 |
|   25  | 84.176 | 98.483 | 99.343 | 90.978 | 90.978 |
|   26  | 84.226 | 98.483 | 99.343 | 90.999 | 90.999 |
|   27  | 84.226 | 98.483 | 99.343 | 90.999 | 90.999 |
|   28  | 84.176 | 98.483 | 99.343 | 90.974 | 90.974 |
|   29  | 84.226 | 98.483 | 99.343 | 90.999 | 90.999 |
+-------+--------+--------+--------+--------+--------+
     logs:  {'epo': 29, 'R1': 84.226, 'R5': 98.483, 'R10': 99.343, 'mAP': 90.999, 'mINP': 90.999, 'lr': 6e-06, 'entropy': 0.022799, 'loss': 0.022799, 'entr_unc': 0.022799, 'uncertainty': 1.0, 'uncertainty_multiply_coeffi': 1.0}
### best epoch: 1
### Time 1:08:54
NNODES,  1
NODE_RANK,  0
MASTER_ADDR,  127.0.0.1
MASTER_PORT,  1612
NPROC_PER_NODE,  2
task:  tta_exp1
config:  configs/tta_exp1.yaml
output_dir:  output_rerun2/tta_exp1/2025091206351
python3 tta.py --config configs/tta_exp1.yaml --task tta_exp1 --output_dir output_rerun2/tta_exp1/2025091206351 --checkpoint checkpoint/cmp.pth --bs 0 --epo 0 --lr 0.0 --seed 42 --tta
