/home/user/yc57963/miniconda3/envs/cmp/lib/python3.10/site-packages/torch/utils/data/dataloader.py:627: UserWarning: This DataLoader will create 4 worker processes in total. Our suggested max number of worker in current system is 2, which is smaller than what this DataLoader is going to create. Please be aware that excessive worker creation might get DataLoader running slow or even freeze, lower the worker number to avoid potential slowness/freeze if necessary.
  warnings.warn(
/home/user/yc57963/miniconda3/envs/cmp/lib/python3.10/site-packages/torch/functional.py:554: UserWarning: torch.meshgrid: in an upcoming release, it will be required to pass the indexing argument. (Triggered internally at /pytorch/aten/src/ATen/native/TensorShape.cpp:4322.)
  return _VF.meshgrid(tensors, **kwargs)  # type: ignore[attr-defined]
Not using distributed mode
### Hyper-parameters:
     seed: 42
     device: cuda
     output_dir: output_rerun2/tta_exp3.3/2025091120253
     batch_size_tta: 16
     epochs: 30
     lr: 0.001
### Creating test dataset
from data/PAB/annotation/test/attr.json loading 1978 data
     test dataset -->    be_pose_img: True
     test_dataset: 1978
### Creating test dataloader
### be careful: func create_loader returns a list length of 1
     test_loader: 90
### Creating model
build_vision_encoder: load swin 224 x 224 ====>
missing_keys:  []
unexpected_keys:  ['head.weight', 'head.bias']
/home/user/yc57963/task/CMP/eval.py:123: UserWarning: To copy construct from a tensor, it is recommended to use sourceTensor.detach().clone() or sourceTensor.detach().clone().requires_grad_(True), rather than torch.tensor(sourceTensor).
  similarity = torch.tensor(scores_t2i)
build_text_encoder: load bert ====>
missing_keys: ['bert.encoder.layer.10.crossattention.output.LayerNorm.bias', 'bert.encoder.layer.10.crossattention.output.LayerNorm.weight', 'bert.encoder.layer.10.crossattention.output.dense.bias', 'bert.encoder.layer.10.crossattention.output.dense.weight', 'bert.encoder.layer.10.crossattention.self.key.bias', 'bert.encoder.layer.10.crossattention.self.key.weight', 'bert.encoder.layer.10.crossattention.self.query.bias', 'bert.encoder.layer.10.crossattention.self.query.weight', 'bert.encoder.layer.10.crossattention.self.value.bias', 'bert.encoder.layer.10.crossattention.self.value.weight', 'bert.encoder.layer.11.crossattention.output.LayerNorm.bias', 'bert.encoder.layer.11.crossattention.output.LayerNorm.weight', 'bert.encoder.layer.11.crossattention.output.dense.bias', 'bert.encoder.layer.11.crossattention.output.dense.weight', 'bert.encoder.layer.11.crossattention.self.key.bias', 'bert.encoder.layer.11.crossattention.self.key.weight', 'bert.encoder.layer.11.crossattention.self.query.bias', 'bert.encoder.layer.11.crossattention.self.query.weight', 'bert.encoder.layer.11.crossattention.self.value.bias', 'bert.encoder.layer.11.crossattention.self.value.weight', 'bert.encoder.layer.6.crossattention.output.LayerNorm.bias', 'bert.encoder.layer.6.crossattention.output.LayerNorm.weight', 'bert.encoder.layer.6.crossattention.output.dense.bias', 'bert.encoder.layer.6.crossattention.output.dense.weight', 'bert.encoder.layer.6.crossattention.self.key.bias', 'bert.encoder.layer.6.crossattention.self.key.weight', 'bert.encoder.layer.6.crossattention.self.query.bias', 'bert.encoder.layer.6.crossattention.self.query.weight', 'bert.encoder.layer.6.crossattention.self.value.bias', 'bert.encoder.layer.6.crossattention.self.value.weight', 'bert.encoder.layer.7.crossattention.output.LayerNorm.bias', 'bert.encoder.layer.7.crossattention.output.LayerNorm.weight', 'bert.encoder.layer.7.crossattention.output.dense.bias', 'bert.encoder.layer.7.crossattention.output.dense.weight', 'bert.encoder.layer.7.crossattention.self.key.bias', 'bert.encoder.layer.7.crossattention.self.key.weight', 'bert.encoder.layer.7.crossattention.self.query.bias', 'bert.encoder.layer.7.crossattention.self.query.weight', 'bert.encoder.layer.7.crossattention.self.value.bias', 'bert.encoder.layer.7.crossattention.self.value.weight', 'bert.encoder.layer.8.crossattention.output.LayerNorm.bias', 'bert.encoder.layer.8.crossattention.output.LayerNorm.weight', 'bert.encoder.layer.8.crossattention.output.dense.bias', 'bert.encoder.layer.8.crossattention.output.dense.weight', 'bert.encoder.layer.8.crossattention.self.key.bias', 'bert.encoder.layer.8.crossattention.self.key.weight', 'bert.encoder.layer.8.crossattention.self.query.bias', 'bert.encoder.layer.8.crossattention.self.query.weight', 'bert.encoder.layer.8.crossattention.self.value.bias', 'bert.encoder.layer.8.crossattention.self.value.weight', 'bert.encoder.layer.9.crossattention.output.LayerNorm.bias', 'bert.encoder.layer.9.crossattention.output.LayerNorm.weight', 'bert.encoder.layer.9.crossattention.output.dense.bias', 'bert.encoder.layer.9.crossattention.output.dense.weight', 'bert.encoder.layer.9.crossattention.self.key.bias', 'bert.encoder.layer.9.crossattention.self.key.weight', 'bert.encoder.layer.9.crossattention.self.query.bias', 'bert.encoder.layer.9.crossattention.self.query.weight', 'bert.encoder.layer.9.crossattention.self.value.bias', 'bert.encoder.layer.9.crossattention.self.value.weight']
unexpected_keys: ['cls.seq_relationship.bias', 'cls.seq_relationship.weight']
mismatched_keys: []
error_msgs: []
Label Smooth: 0.2
pose_conv
load checkpoint from checkpoint/cmp.pth
missing_keys:  ['uncertainty_temper', 'prompt_learning_embedding']
unexpected_keys:  []
     Total Params Sum:  254264985
### Inference ITC similiarity matrix
### Zero-Shot ITC Score: 
+-------+--------+--------+--------+--------+--------+
| epoch |   R1   |   R5   |  R10   |  mAP   |  mINP  |
+-------+--------+--------+--------+--------+--------+
|  -999 | 69.414 | 95.197 | 97.776 | 81.233 | 81.233 |
+-------+--------+--------+--------+--------+--------+
### Zero-Shot Score: 
+-------+--------+--------+--------+--------+--------+
| epoch |   R1   |   R5   |  R10   |  mAP   |  mINP  |
+-------+--------+--------+--------+--------+--------+
|  -999 | 69.414 | 95.197 | 97.776 | 81.233 | 81.233 |
|  -999 | 69.414 | 95.197 | 97.776 | 81.233 | 81.233 |
|  -999 | 84.277 | 99.039 | 99.596 | 91.276 | 91.276 |
+-------+--------+--------+--------+--------+--------+
### TTA:
     preprocess_tta_coefficients  start
     sample selection ...
     number of sample after sample_selection: 1978
     uncertainty ...
     preprocess_tta_coefficients  end
### Creating tta dataset
     tta_dataset: 1978
### Creating tta dataloader
### be careful: func create_loader returns a list length of 1
     tta_loader: 123
### Configure adapted weights
     TTA Dropout Modules: 
 [('vision_encoder.pos_drop', Dropout(p=0, inplace=False), True), ('vision_encoder.layers.0.blocks.0.attn.attn_drop', Dropout(p=0.0, inplace=False), True), ('vision_encoder.layers.0.blocks.0.attn.proj_drop', Dropout(p=0, inplace=False), True), ('vision_encoder.layers.0.blocks.0.mlp.drop', Dropout(p=0, inplace=False), True), ('vision_encoder.layers.0.blocks.1.attn.attn_drop', Dropout(p=0.0, inplace=False), True), ('vision_encoder.layers.0.blocks.1.attn.proj_drop', Dropout(p=0, inplace=False), True), ('vision_encoder.layers.0.blocks.1.mlp.drop', Dropout(p=0, inplace=False), True), ('vision_encoder.layers.1.blocks.0.attn.attn_drop', Dropout(p=0.0, inplace=False), True), ('vision_encoder.layers.1.blocks.0.attn.proj_drop', Dropout(p=0, inplace=False), True), ('vision_encoder.layers.1.blocks.0.mlp.drop', Dropout(p=0, inplace=False), True), ('vision_encoder.layers.1.blocks.1.attn.attn_drop', Dropout(p=0.0, inplace=False), True), ('vision_encoder.layers.1.blocks.1.attn.proj_drop', Dropout(p=0, inplace=False), True), ('vision_encoder.layers.1.blocks.1.mlp.drop', Dropout(p=0, inplace=False), True), ('vision_encoder.layers.2.blocks.0.attn.attn_drop', Dropout(p=0.0, inplace=False), True), ('vision_encoder.layers.2.blocks.0.attn.proj_drop', Dropout(p=0, inplace=False), True), ('vision_encoder.layers.2.blocks.0.mlp.drop', Dropout(p=0, inplace=False), True), ('vision_encoder.layers.2.blocks.1.attn.attn_drop', Dropout(p=0.0, inplace=False), True), ('vision_encoder.layers.2.blocks.1.attn.proj_drop', Dropout(p=0, inplace=False), True), ('vision_encoder.layers.2.blocks.1.mlp.drop', Dropout(p=0, inplace=False), True), ('vision_encoder.layers.2.blocks.2.attn.attn_drop', Dropout(p=0.0, inplace=False), True), ('vision_encoder.layers.2.blocks.2.attn.proj_drop', Dropout(p=0, inplace=False), True), ('vision_encoder.layers.2.blocks.2.mlp.drop', Dropout(p=0, inplace=False), True), ('vision_encoder.layers.2.blocks.3.attn.attn_drop', Dropout(p=0.0, inplace=False), True), ('vision_encoder.layers.2.blocks.3.attn.proj_drop', Dropout(p=0, inplace=False), True), ('vision_encoder.layers.2.blocks.3.mlp.drop', Dropout(p=0, inplace=False), True), ('vision_encoder.layers.2.blocks.4.attn.attn_drop', Dropout(p=0.0, inplace=False), True), ('vision_encoder.layers.2.blocks.4.attn.proj_drop', Dropout(p=0, inplace=False), True), ('vision_encoder.layers.2.blocks.4.mlp.drop', Dropout(p=0, inplace=False), True), ('vision_encoder.layers.2.blocks.5.attn.attn_drop', Dropout(p=0.0, inplace=False), True), ('vision_encoder.layers.2.blocks.5.attn.proj_drop', Dropout(p=0, inplace=False), True), ('vision_encoder.layers.2.blocks.5.mlp.drop', Dropout(p=0, inplace=False), True), ('vision_encoder.layers.2.blocks.6.attn.attn_drop', Dropout(p=0.0, inplace=False), True), ('vision_encoder.layers.2.blocks.6.attn.proj_drop', Dropout(p=0, inplace=False), True), ('vision_encoder.layers.2.blocks.6.mlp.drop', Dropout(p=0, inplace=False), True), ('vision_encoder.layers.2.blocks.7.attn.attn_drop', Dropout(p=0.0, inplace=False), True), ('vision_encoder.layers.2.blocks.7.attn.proj_drop', Dropout(p=0, inplace=False), True), ('vision_encoder.layers.2.blocks.7.mlp.drop', Dropout(p=0, inplace=False), True), ('vision_encoder.layers.2.blocks.8.attn.attn_drop', Dropout(p=0.0, inplace=False), True), ('vision_encoder.layers.2.blocks.8.attn.proj_drop', Dropout(p=0, inplace=False), True), ('vision_encoder.layers.2.blocks.8.mlp.drop', Dropout(p=0, inplace=False), True), ('vision_encoder.layers.2.blocks.9.attn.attn_drop', Dropout(p=0.0, inplace=False), True), ('vision_encoder.layers.2.blocks.9.attn.proj_drop', Dropout(p=0, inplace=False), True), ('vision_encoder.layers.2.blocks.9.mlp.drop', Dropout(p=0, inplace=False), True), ('vision_encoder.layers.2.blocks.10.attn.attn_drop', Dropout(p=0.0, inplace=False), True), ('vision_encoder.layers.2.blocks.10.attn.proj_drop', Dropout(p=0, inplace=False), True), ('vision_encoder.layers.2.blocks.10.mlp.drop', Dropout(p=0, inplace=False), True), ('vision_encoder.layers.2.blocks.11.attn.attn_drop', Dropout(p=0.0, inplace=False), True), ('vision_encoder.layers.2.blocks.11.attn.proj_drop', Dropout(p=0, inplace=False), True), ('vision_encoder.layers.2.blocks.11.mlp.drop', Dropout(p=0, inplace=False), True), ('vision_encoder.layers.2.blocks.12.attn.attn_drop', Dropout(p=0.0, inplace=False), True), ('vision_encoder.layers.2.blocks.12.attn.proj_drop', Dropout(p=0, inplace=False), True), ('vision_encoder.layers.2.blocks.12.mlp.drop', Dropout(p=0, inplace=False), True), ('vision_encoder.layers.2.blocks.13.attn.attn_drop', Dropout(p=0.0, inplace=False), True), ('vision_encoder.layers.2.blocks.13.attn.proj_drop', Dropout(p=0, inplace=False), True), ('vision_encoder.layers.2.blocks.13.mlp.drop', Dropout(p=0, inplace=False), True), ('vision_encoder.layers.2.blocks.14.attn.attn_drop', Dropout(p=0.0, inplace=False), True), ('vision_encoder.layers.2.blocks.14.attn.proj_drop', Dropout(p=0, inplace=False), True), ('vision_encoder.layers.2.blocks.14.mlp.drop', Dropout(p=0, inplace=False), True), ('vision_encoder.layers.2.blocks.15.attn.attn_drop', Dropout(p=0.0, inplace=False), True), ('vision_encoder.layers.2.blocks.15.attn.proj_drop', Dropout(p=0, inplace=False), True), ('vision_encoder.layers.2.blocks.15.mlp.drop', Dropout(p=0, inplace=False), True), ('vision_encoder.layers.2.blocks.16.attn.attn_drop', Dropout(p=0.0, inplace=False), True), ('vision_encoder.layers.2.blocks.16.attn.proj_drop', Dropout(p=0, inplace=False), True), ('vision_encoder.layers.2.blocks.16.mlp.drop', Dropout(p=0, inplace=False), True), ('vision_encoder.layers.2.blocks.17.attn.attn_drop', Dropout(p=0.0, inplace=False), True), ('vision_encoder.layers.2.blocks.17.attn.proj_drop', Dropout(p=0, inplace=False), True), ('vision_encoder.layers.2.blocks.17.mlp.drop', Dropout(p=0, inplace=False), True), ('vision_encoder.layers.3.blocks.0.attn.attn_drop', Dropout(p=0.0, inplace=False), True), ('vision_encoder.layers.3.blocks.0.attn.proj_drop', Dropout(p=0, inplace=False), True), ('vision_encoder.layers.3.blocks.0.mlp.drop', Dropout(p=0, inplace=False), True), ('vision_encoder.layers.3.blocks.1.attn.attn_drop', Dropout(p=0.0, inplace=False), True), ('vision_encoder.layers.3.blocks.1.attn.proj_drop', Dropout(p=0, inplace=False), True), ('vision_encoder.layers.3.blocks.1.mlp.drop', Dropout(p=0, inplace=False), True), ('text_encoder.bert.embeddings.dropout', Dropout(p=0.1, inplace=False), True), ('text_encoder.bert.encoder.layer.0.attention.self.dropout', Dropout(p=0.1, inplace=False), True), ('text_encoder.bert.encoder.layer.0.attention.output.dropout', Dropout(p=0.1, inplace=False), True), ('text_encoder.bert.encoder.layer.0.output.dropout', Dropout(p=0.1, inplace=False), True), ('text_encoder.bert.encoder.layer.1.attention.self.dropout', Dropout(p=0.1, inplace=False), True), ('text_encoder.bert.encoder.layer.1.attention.output.dropout', Dropout(p=0.1, inplace=False), True), ('text_encoder.bert.encoder.layer.1.output.dropout', Dropout(p=0.1, inplace=False), True), ('text_encoder.bert.encoder.layer.2.attention.self.dropout', Dropout(p=0.1, inplace=False), True), ('text_encoder.bert.encoder.layer.2.attention.output.dropout', Dropout(p=0.1, inplace=False), True), ('text_encoder.bert.encoder.layer.2.output.dropout', Dropout(p=0.1, inplace=False), True), ('text_encoder.bert.encoder.layer.3.attention.self.dropout', Dropout(p=0.1, inplace=False), True), ('text_encoder.bert.encoder.layer.3.attention.output.dropout', Dropout(p=0.1, inplace=False), True), ('text_encoder.bert.encoder.layer.3.output.dropout', Dropout(p=0.1, inplace=False), True), ('text_encoder.bert.encoder.layer.4.attention.self.dropout', Dropout(p=0.1, inplace=False), True), ('text_encoder.bert.encoder.layer.4.attention.output.dropout', Dropout(p=0.1, inplace=False), True), ('text_encoder.bert.encoder.layer.4.output.dropout', Dropout(p=0.1, inplace=False), True), ('text_encoder.bert.encoder.layer.5.attention.self.dropout', Dropout(p=0.1, inplace=False), True), ('text_encoder.bert.encoder.layer.5.attention.output.dropout', Dropout(p=0.1, inplace=False), True), ('text_encoder.bert.encoder.layer.5.output.dropout', Dropout(p=0.1, inplace=False), True), ('text_encoder.bert.encoder.layer.6.attention.self.dropout', Dropout(p=0.1, inplace=False), True), ('text_encoder.bert.encoder.layer.6.attention.output.dropout', Dropout(p=0.1, inplace=False), True), ('text_encoder.bert.encoder.layer.6.crossattention.self.dropout', Dropout(p=0.1, inplace=False), True), ('text_encoder.bert.encoder.layer.6.crossattention.output.dropout', Dropout(p=0.1, inplace=False), True), ('text_encoder.bert.encoder.layer.6.output.dropout', Dropout(p=0.1, inplace=False), True), ('text_encoder.bert.encoder.layer.7.attention.self.dropout', Dropout(p=0.1, inplace=False), True), ('text_encoder.bert.encoder.layer.7.attention.output.dropout', Dropout(p=0.1, inplace=False), True), ('text_encoder.bert.encoder.layer.7.crossattention.self.dropout', Dropout(p=0.1, inplace=False), True), ('text_encoder.bert.encoder.layer.7.crossattention.output.dropout', Dropout(p=0.1, inplace=False), True), ('text_encoder.bert.encoder.layer.7.output.dropout', Dropout(p=0.1, inplace=False), True), ('text_encoder.bert.encoder.layer.8.attention.self.dropout', Dropout(p=0.1, inplace=False), True), ('text_encoder.bert.encoder.layer.8.attention.output.dropout', Dropout(p=0.1, inplace=False), True), ('text_encoder.bert.encoder.layer.8.crossattention.self.dropout', Dropout(p=0.1, inplace=False), True), ('text_encoder.bert.encoder.layer.8.crossattention.output.dropout', Dropout(p=0.1, inplace=False), True), ('text_encoder.bert.encoder.layer.8.output.dropout', Dropout(p=0.1, inplace=False), True), ('text_encoder.bert.encoder.layer.9.attention.self.dropout', Dropout(p=0.1, inplace=False), True), ('text_encoder.bert.encoder.layer.9.attention.output.dropout', Dropout(p=0.1, inplace=False), True), ('text_encoder.bert.encoder.layer.9.crossattention.self.dropout', Dropout(p=0.1, inplace=False), True), ('text_encoder.bert.encoder.layer.9.crossattention.output.dropout', Dropout(p=0.1, inplace=False), True), ('text_encoder.bert.encoder.layer.9.output.dropout', Dropout(p=0.1, inplace=False), True), ('text_encoder.bert.encoder.layer.10.attention.self.dropout', Dropout(p=0.1, inplace=False), True), ('text_encoder.bert.encoder.layer.10.attention.output.dropout', Dropout(p=0.1, inplace=False), True), ('text_encoder.bert.encoder.layer.10.crossattention.self.dropout', Dropout(p=0.1, inplace=False), True), ('text_encoder.bert.encoder.layer.10.crossattention.output.dropout', Dropout(p=0.1, inplace=False), True), ('text_encoder.bert.encoder.layer.10.output.dropout', Dropout(p=0.1, inplace=False), True), ('text_encoder.bert.encoder.layer.11.attention.self.dropout', Dropout(p=0.1, inplace=False), True), ('text_encoder.bert.encoder.layer.11.attention.output.dropout', Dropout(p=0.1, inplace=False), True), ('text_encoder.bert.encoder.layer.11.crossattention.self.dropout', Dropout(p=0.1, inplace=False), True), ('text_encoder.bert.encoder.layer.11.crossattention.output.dropout', Dropout(p=0.1, inplace=False), True), ('text_encoder.bert.encoder.layer.11.output.dropout', Dropout(p=0.1, inplace=False), True), ('vision_proj.1', Dropout(p=0.5, inplace=False), True), ('text_proj.1', Dropout(p=0.5, inplace=False), True), ('pose_block.attn.attn_drop', Dropout(p=0.0, inplace=False), True), ('pose_block.attn.proj_drop', Dropout(p=0.0, inplace=False), True)]
     TTA Require Gradient Params: 
 [('text_encoder.bert.embeddings.LayerNorm.weight', torch.Size([768])), ('text_encoder.bert.embeddings.LayerNorm.bias', torch.Size([768])), ('text_encoder.bert.encoder.layer.6.attention.output.LayerNorm.weight', torch.Size([768])), ('text_encoder.bert.encoder.layer.6.attention.output.LayerNorm.bias', torch.Size([768])), ('text_encoder.bert.encoder.layer.6.crossattention.output.LayerNorm.weight', torch.Size([768])), ('text_encoder.bert.encoder.layer.6.crossattention.output.LayerNorm.bias', torch.Size([768])), ('text_encoder.bert.encoder.layer.6.output.LayerNorm.weight', torch.Size([768])), ('text_encoder.bert.encoder.layer.6.output.LayerNorm.bias', torch.Size([768])), ('text_encoder.bert.encoder.layer.7.attention.output.LayerNorm.weight', torch.Size([768])), ('text_encoder.bert.encoder.layer.7.attention.output.LayerNorm.bias', torch.Size([768])), ('text_encoder.bert.encoder.layer.7.crossattention.output.LayerNorm.weight', torch.Size([768])), ('text_encoder.bert.encoder.layer.7.crossattention.output.LayerNorm.bias', torch.Size([768])), ('text_encoder.bert.encoder.layer.7.output.LayerNorm.weight', torch.Size([768])), ('text_encoder.bert.encoder.layer.7.output.LayerNorm.bias', torch.Size([768])), ('text_encoder.bert.encoder.layer.8.attention.output.LayerNorm.weight', torch.Size([768])), ('text_encoder.bert.encoder.layer.8.attention.output.LayerNorm.bias', torch.Size([768])), ('text_encoder.bert.encoder.layer.8.crossattention.output.LayerNorm.weight', torch.Size([768])), ('text_encoder.bert.encoder.layer.8.crossattention.output.LayerNorm.bias', torch.Size([768])), ('text_encoder.bert.encoder.layer.8.output.LayerNorm.weight', torch.Size([768])), ('text_encoder.bert.encoder.layer.8.output.LayerNorm.bias', torch.Size([768])), ('text_encoder.bert.encoder.layer.9.attention.output.LayerNorm.weight', torch.Size([768])), ('text_encoder.bert.encoder.layer.9.attention.output.LayerNorm.bias', torch.Size([768])), ('text_encoder.bert.encoder.layer.9.crossattention.output.LayerNorm.weight', torch.Size([768])), ('text_encoder.bert.encoder.layer.9.crossattention.output.LayerNorm.bias', torch.Size([768])), ('text_encoder.bert.encoder.layer.9.output.LayerNorm.weight', torch.Size([768])), ('text_encoder.bert.encoder.layer.9.output.LayerNorm.bias', torch.Size([768])), ('text_encoder.bert.encoder.layer.10.attention.output.LayerNorm.weight', torch.Size([768])), ('text_encoder.bert.encoder.layer.10.attention.output.LayerNorm.bias', torch.Size([768])), ('text_encoder.bert.encoder.layer.10.crossattention.output.LayerNorm.weight', torch.Size([768])), ('text_encoder.bert.encoder.layer.10.crossattention.output.LayerNorm.bias', torch.Size([768])), ('text_encoder.bert.encoder.layer.10.output.LayerNorm.weight', torch.Size([768])), ('text_encoder.bert.encoder.layer.10.output.LayerNorm.bias', torch.Size([768])), ('text_encoder.bert.encoder.layer.11.attention.output.LayerNorm.weight', torch.Size([768])), ('text_encoder.bert.encoder.layer.11.attention.output.LayerNorm.bias', torch.Size([768])), ('text_encoder.bert.encoder.layer.11.crossattention.output.LayerNorm.weight', torch.Size([768])), ('text_encoder.bert.encoder.layer.11.crossattention.output.LayerNorm.bias', torch.Size([768])), ('text_encoder.bert.encoder.layer.11.output.LayerNorm.weight', torch.Size([768])), ('text_encoder.bert.encoder.layer.11.output.LayerNorm.bias', torch.Size([768])), ('text_encoder.cls.predictions.transform.LayerNorm.weight', torch.Size([768])), ('text_encoder.cls.predictions.transform.LayerNorm.bias', torch.Size([768])), ('itm_head.1.weight', torch.Size([1536])), ('itm_head.1.bias', torch.Size([1536]))]
     TTA Dropout Modules Number: 
 126
     TTA Require Gradient Params Sum: 
 33792
     lr:  0.001    lr_mult:  2
     model has 'init_params',  385
     num_tta_steps:  3720
     num_warmup_steps:  100
     sched: step
/home/user/yc57963/task/CMP/tta.py:213: FutureWarning: `torch.cuda.amp.GradScaler(args...)` is deprecated. Please use `torch.amp.GradScaler('cuda', args...)` instead.
  scaler = GradScaler()  # bf16
### Start ITM Test Time Adaptation
      TTA Epoch: [0] [  0/123]  eta: 0:02:06  lr: 0.000010  entropy: 0.3604  loss: 2.4838  entr_unc: 0.1504  uncertainty: 2.3334  uncertainty_multiply_coeffi: 2.3334  time: 1.0308  data: 0.3123  max mem: 2639
      TTA Epoch: [0] [100/123]  eta: 0:00:01  lr: 0.001000  entropy: 0.0859  loss: 2.3627  entr_unc: 0.0354  uncertainty: 2.3273  uncertainty_multiply_coeffi: 2.3273  time: 0.0550  data: 0.0046  max mem: 2671
      TTA Epoch: [0] [122/123]  eta: 0:00:00  lr: 0.000994  entropy: 0.1274  loss: 2.3915  entr_unc: 0.0536  uncertainty: 2.3379  uncertainty_multiply_coeffi: 2.3379  time: 0.0477  data: 0.0045  max mem: 2671
      TTA Epoch: [0] Total time: 0:00:07 (0.0628 s / it)
     Averaged stats: lr: 0.0006  entropy: 0.2837  loss: 2.4872  entr_unc: 0.1190  uncertainty: 2.3681  uncertainty_multiply_coeffi: 2.3681
     itm tta time 0:00:07
     Computing matching score
      Evaluation: [   0/1978]  eta: 0:03:56    time: 0.1196  data: 0.0034  max mem: 2671
      Evaluation: [ 100/1978]  eta: 0:02:10    time: 0.0683  data: 0.0000  max mem: 2671
      Evaluation: [ 200/1978]  eta: 0:02:03    time: 0.0694  data: 0.0000  max mem: 2671
      Evaluation: [ 300/1978]  eta: 0:01:56    time: 0.0688  data: 0.0000  max mem: 2671
      Evaluation: [ 400/1978]  eta: 0:01:49    time: 0.0683  data: 0.0000  max mem: 2671
      Evaluation: [ 500/1978]  eta: 0:01:42    time: 0.0692  data: 0.0000  max mem: 2671
      Evaluation: [ 600/1978]  eta: 0:01:35    time: 0.0696  data: 0.0000  max mem: 2671
      Evaluation: [ 700/1978]  eta: 0:01:28    time: 0.0695  data: 0.0000  max mem: 2671
      Evaluation: [ 800/1978]  eta: 0:01:21    time: 0.0701  data: 0.0000  max mem: 2671
      Evaluation: [ 900/1978]  eta: 0:01:14    time: 0.0690  data: 0.0000  max mem: 2671
      Evaluation: [1000/1978]  eta: 0:01:07    time: 0.0700  data: 0.0000  max mem: 2671
      Evaluation: [1100/1978]  eta: 0:01:00    time: 0.0695  data: 0.0000  max mem: 2671
      Evaluation: [1200/1978]  eta: 0:00:53    time: 0.0694  data: 0.0000  max mem: 2671
      Evaluation: [1300/1978]  eta: 0:00:46    time: 0.0691  data: 0.0000  max mem: 2671
      Evaluation: [1400/1978]  eta: 0:00:39    time: 0.0686  data: 0.0000  max mem: 2671
      Evaluation: [1500/1978]  eta: 0:00:33    time: 0.0696  data: 0.0000  max mem: 2671
      Evaluation: [1600/1978]  eta: 0:00:26    time: 0.0686  data: 0.0000  max mem: 2671
      Evaluation: [1700/1978]  eta: 0:00:19    time: 0.0698  data: 0.0000  max mem: 2671
      Evaluation: [1800/1978]  eta: 0:00:12    time: 0.0692  data: 0.0000  max mem: 2671
      Evaluation: [1900/1978]  eta: 0:00:05    time: 0.0687  data: 0.0000  max mem: 2671
      Evaluation: [1977/1978]  eta: 0:00:00    time: 0.0700  data: 0.0000  max mem: 2671
      Evaluation: Total time: 0:02:16 (0.0691 s / it)
     Computing matching score time 0:02:16
### TTA ITM Score: 
+-------+--------+--------+--------+--------+--------+
| epoch |   R1   |   R5   |  R10   |  mAP   |  mINP  |
+-------+--------+--------+--------+--------+--------+
|  -999 | 69.414 | 95.197 | 97.776 | 81.233 | 81.233 |
|  -999 | 69.414 | 95.197 | 97.776 | 81.233 | 81.233 |
|  -999 | 84.277 | 99.039 | 99.596 | 91.276 | 91.276 |
|   0   | 84.429 | 98.837 | 99.343 | 91.262 | 91.262 |
+-------+--------+--------+--------+--------+--------+
     logs:  {'epo': 0, 'R1': 84.429, 'R5': 98.837, 'R10': 99.343, 'mAP': 91.262, 'mINP': 91.262, 'lr': 0.000597, 'entropy': 0.283739, 'loss': 2.487179, 'entr_unc': 0.119037, 'uncertainty': 2.368142, 'uncertainty_multiply_coeffi': 2.368142}
      TTA Epoch: [1] [  0/123]  eta: 0:00:59  lr: 0.000993  entropy: 0.1392  loss: 2.3947  entr_unc: 0.0575  uncertainty: 2.3372  uncertainty_multiply_coeffi: 2.3372  time: 0.4806  data: 0.3217  max mem: 2671
      TTA Epoch: [1] [100/123]  eta: 0:00:01  lr: 0.000966  entropy: 0.0555  loss: 2.3381  entr_unc: 0.0251  uncertainty: 2.3130  uncertainty_multiply_coeffi: 2.3130  time: 0.0596  data: 0.0050  max mem: 2671
      TTA Epoch: [1] [122/123]  eta: 0:00:00  lr: 0.000960  entropy: 0.1630  loss: 2.4503  entr_unc: 0.0658  uncertainty: 2.3845  uncertainty_multiply_coeffi: 2.3845  time: 0.0479  data: 0.0031  max mem: 2671
      TTA Epoch: [1] Total time: 0:00:07 (0.0597 s / it)
     Averaged stats: lr: 0.0010  entropy: 0.1421  loss: 2.4277  entr_unc: 0.0591  uncertainty: 2.3687  uncertainty_multiply_coeffi: 2.3687
     itm tta time 0:00:07
     Computing matching score
      Evaluation: [   0/1978]  eta: 0:02:20    time: 0.0709  data: 0.0032  max mem: 2671
      Evaluation: [ 100/1978]  eta: 0:02:08    time: 0.0684  data: 0.0000  max mem: 2671
      Evaluation: [ 200/1978]  eta: 0:02:01    time: 0.0684  data: 0.0000  max mem: 2671
      Evaluation: [ 300/1978]  eta: 0:01:54    time: 0.0680  data: 0.0000  max mem: 2671
      Evaluation: [ 400/1978]  eta: 0:01:47    time: 0.0682  data: 0.0000  max mem: 2671
      Evaluation: [ 500/1978]  eta: 0:01:41    time: 0.0686  data: 0.0000  max mem: 2671
      Evaluation: [ 600/1978]  eta: 0:01:34    time: 0.0681  data: 0.0000  max mem: 2671
      Evaluation: [ 700/1978]  eta: 0:01:27    time: 0.0687  data: 0.0000  max mem: 2671
      Evaluation: [ 800/1978]  eta: 0:01:20    time: 0.0681  data: 0.0000  max mem: 2671
      Evaluation: [ 900/1978]  eta: 0:01:13    time: 0.0690  data: 0.0000  max mem: 2671
      Evaluation: [1000/1978]  eta: 0:01:06    time: 0.0682  data: 0.0000  max mem: 2671
      Evaluation: [1100/1978]  eta: 0:01:00    time: 0.0689  data: 0.0000  max mem: 2671
      Evaluation: [1200/1978]  eta: 0:00:53    time: 0.0688  data: 0.0000  max mem: 2671
      Evaluation: [1300/1978]  eta: 0:00:46    time: 0.0689  data: 0.0000  max mem: 2671
      Evaluation: [1400/1978]  eta: 0:00:39    time: 0.0688  data: 0.0000  max mem: 2671
      Evaluation: [1500/1978]  eta: 0:00:32    time: 0.0682  data: 0.0000  max mem: 2671
      Evaluation: [1600/1978]  eta: 0:00:25    time: 0.0683  data: 0.0000  max mem: 2671
      Evaluation: [1700/1978]  eta: 0:00:19    time: 0.0692  data: 0.0000  max mem: 2671
      Evaluation: [1800/1978]  eta: 0:00:12    time: 0.0684  data: 0.0000  max mem: 2671
      Evaluation: [1900/1978]  eta: 0:00:05    time: 0.0691  data: 0.0000  max mem: 2671
      Evaluation: [1977/1978]  eta: 0:00:00    time: 0.0686  data: 0.0000  max mem: 2671
      Evaluation: Total time: 0:02:15 (0.0685 s / it)
     Computing matching score time 0:02:15
### TTA ITM Score: 
+-------+--------+--------+--------+--------+--------+
| epoch |   R1   |   R5   |  R10   |  mAP   |  mINP  |
+-------+--------+--------+--------+--------+--------+
|  -999 | 69.414 | 95.197 | 97.776 | 81.233 | 81.233 |
|  -999 | 69.414 | 95.197 | 97.776 | 81.233 | 81.233 |
|  -999 | 84.277 | 99.039 | 99.596 | 91.276 | 91.276 |
|   0   | 84.429 | 98.837 | 99.343 | 91.262 | 91.262 |
|   1   | 84.934 | 98.837 | 99.393 | 91.519 | 91.519 |
+-------+--------+--------+--------+--------+--------+
     logs:  {'epo': 1, 'R1': 84.934, 'R5': 98.837, 'R10': 99.393, 'mAP': 91.519, 'mINP': 91.519, 'lr': 0.000977, 'entropy': 0.142071, 'loss': 2.427747, 'entr_unc': 0.059078, 'uncertainty': 2.36867, 'uncertainty_multiply_coeffi': 2.36867}
      TTA Epoch: [2] [  0/123]  eta: 0:01:00  lr: 0.000959  entropy: 0.1009  loss: 2.3088  entr_unc: 0.0443  uncertainty: 2.2645  uncertainty_multiply_coeffi: 2.2645  time: 0.4955  data: 0.3567  max mem: 2671
      TTA Epoch: [2] [100/123]  eta: 0:00:01  lr: 0.000932  entropy: 0.0983  loss: 2.4016  entr_unc: 0.0469  uncertainty: 2.3547  uncertainty_multiply_coeffi: 2.3547  time: 0.0565  data: 0.0041  max mem: 2671
      TTA Epoch: [2] [122/123]  eta: 0:00:00  lr: 0.000926  entropy: 0.2359  loss: 2.4090  entr_unc: 0.0995  uncertainty: 2.3095  uncertainty_multiply_coeffi: 2.3095  time: 0.0461  data: 0.0012  max mem: 2671
      TTA Epoch: [2] Total time: 0:00:07 (0.0595 s / it)
     Averaged stats: lr: 0.0009  entropy: 0.0929  loss: 2.4074  entr_unc: 0.0387  uncertainty: 2.3687  uncertainty_multiply_coeffi: 2.3687
     itm tta time 0:00:07
     Computing matching score
      Evaluation: [   0/1978]  eta: 0:02:22    time: 0.0721  data: 0.0033  max mem: 2671
      Evaluation: [ 100/1978]  eta: 0:02:09    time: 0.0691  data: 0.0000  max mem: 2671
      Evaluation: [ 200/1978]  eta: 0:02:03    time: 0.0701  data: 0.0000  max mem: 2671
      Evaluation: [ 300/1978]  eta: 0:01:56    time: 0.0696  data: 0.0000  max mem: 2671
      Evaluation: [ 400/1978]  eta: 0:01:49    time: 0.0691  data: 0.0000  max mem: 2671
      Evaluation: [ 500/1978]  eta: 0:01:42    time: 0.0687  data: 0.0000  max mem: 2671
      Evaluation: [ 600/1978]  eta: 0:01:35    time: 0.0699  data: 0.0000  max mem: 2671
      Evaluation: [ 700/1978]  eta: 0:01:28    time: 0.0693  data: 0.0000  max mem: 2671
      Evaluation: [ 800/1978]  eta: 0:01:21    time: 0.0697  data: 0.0000  max mem: 2671
      Evaluation: [ 900/1978]  eta: 0:01:14    time: 0.0688  data: 0.0000  max mem: 2671
      Evaluation: [1000/1978]  eta: 0:01:07    time: 0.0695  data: 0.0000  max mem: 2671
      Evaluation: [1100/1978]  eta: 0:01:00    time: 0.0699  data: 0.0000  max mem: 2671
      Evaluation: [1200/1978]  eta: 0:00:54    time: 0.0692  data: 0.0000  max mem: 2671
      Evaluation: [1300/1978]  eta: 0:00:47    time: 0.0692  data: 0.0000  max mem: 2671
      Evaluation: [1400/1978]  eta: 0:00:40    time: 0.0703  data: 0.0000  max mem: 2671
      Evaluation: [1500/1978]  eta: 0:00:33    time: 0.0691  data: 0.0000  max mem: 2671
      Evaluation: [1600/1978]  eta: 0:00:26    time: 0.0699  data: 0.0000  max mem: 2671
      Evaluation: [1700/1978]  eta: 0:00:19    time: 0.0699  data: 0.0000  max mem: 2671
      Evaluation: [1800/1978]  eta: 0:00:12    time: 0.0690  data: 0.0000  max mem: 2671
      Evaluation: [1900/1978]  eta: 0:00:05    time: 0.0686  data: 0.0000  max mem: 2671
      Evaluation: [1977/1978]  eta: 0:00:00    time: 0.0693  data: 0.0000  max mem: 2671
      Evaluation: Total time: 0:02:17 (0.0694 s / it)
     Computing matching score time 0:02:17
### TTA ITM Score: 
+-------+--------+--------+--------+--------+--------+
| epoch |   R1   |   R5   |  R10   |  mAP   |  mINP  |
+-------+--------+--------+--------+--------+--------+
|  -999 | 69.414 | 95.197 | 97.776 | 81.233 | 81.233 |
|  -999 | 69.414 | 95.197 | 97.776 | 81.233 | 81.233 |
|  -999 | 84.277 | 99.039 | 99.596 | 91.276 | 91.276 |
|   0   | 84.429 | 98.837 | 99.343 | 91.262 | 91.262 |
|   1   | 84.934 | 98.837 | 99.393 | 91.519 | 91.519 |
|   2   | 84.833 | 98.686 | 99.343 | 91.389 | 91.389 |
+-------+--------+--------+--------+--------+--------+
     logs:  {'epo': 2, 'R1': 84.833, 'R5': 98.686, 'R10': 99.343, 'mAP': 91.389, 'mINP': 91.389, 'lr': 0.000943, 'entropy': 0.092913, 'loss': 2.407428, 'entr_unc': 0.038724, 'uncertainty': 2.368703, 'uncertainty_multiply_coeffi': 2.368703}
      TTA Epoch: [3] [  0/123]  eta: 0:01:06  lr: 0.000925  entropy: 0.0534  loss: 2.3702  entr_unc: 0.0258  uncertainty: 2.3444  uncertainty_multiply_coeffi: 2.3444  time: 0.5397  data: 0.4785  max mem: 2671
      TTA Epoch: [3] [100/123]  eta: 0:00:01  lr: 0.000449  entropy: 0.0805  loss: 2.4272  entr_unc: 0.0340  uncertainty: 2.3932  uncertainty_multiply_coeffi: 2.3932  time: 0.0603  data: 0.0032  max mem: 2671
      TTA Epoch: [3] [122/123]  eta: 0:00:00  lr: 0.000446  entropy: 0.0424  loss: 2.3516  entr_unc: 0.0172  uncertainty: 2.3344  uncertainty_multiply_coeffi: 2.3344  time: 0.0482  data: 0.0039  max mem: 2671
      TTA Epoch: [3] Total time: 0:00:07 (0.0612 s / it)
     Averaged stats: lr: 0.0006  entropy: 0.0697  loss: 2.3974  entr_unc: 0.0290  uncertainty: 2.3684  uncertainty_multiply_coeffi: 2.3684
     itm tta time 0:00:07
     Computing matching score
      Evaluation: [   0/1978]  eta: 0:02:21    time: 0.0714  data: 0.0021  max mem: 2671
      Evaluation: [ 100/1978]  eta: 0:02:08    time: 0.0683  data: 0.0000  max mem: 2671
      Evaluation: [ 200/1978]  eta: 0:02:01    time: 0.0682  data: 0.0000  max mem: 2671
      Evaluation: [ 300/1978]  eta: 0:01:54    time: 0.0683  data: 0.0000  max mem: 2671
      Evaluation: [ 400/1978]  eta: 0:01:48    time: 0.0686  data: 0.0000  max mem: 2671
      Evaluation: [ 500/1978]  eta: 0:01:41    time: 0.0684  data: 0.0000  max mem: 2671
      Evaluation: [ 600/1978]  eta: 0:01:34    time: 0.0682  data: 0.0000  max mem: 2671
      Evaluation: [ 700/1978]  eta: 0:01:27    time: 0.0687  data: 0.0000  max mem: 2671
      Evaluation: [ 800/1978]  eta: 0:01:20    time: 0.0682  data: 0.0000  max mem: 2671
      Evaluation: [ 900/1978]  eta: 0:01:13    time: 0.0682  data: 0.0000  max mem: 2671
      Evaluation: [1000/1978]  eta: 0:01:06    time: 0.0686  data: 0.0000  max mem: 2671
      Evaluation: [1100/1978]  eta: 0:01:00    time: 0.0690  data: 0.0000  max mem: 2671
      Evaluation: [1200/1978]  eta: 0:00:53    time: 0.0683  data: 0.0000  max mem: 2671
      Evaluation: [1300/1978]  eta: 0:00:46    time: 0.0683  data: 0.0000  max mem: 2671
      Evaluation: [1400/1978]  eta: 0:00:39    time: 0.0689  data: 0.0000  max mem: 2671
      Evaluation: [1500/1978]  eta: 0:00:32    time: 0.0692  data: 0.0000  max mem: 2671
      Evaluation: [1600/1978]  eta: 0:00:25    time: 0.0689  data: 0.0000  max mem: 2671
      Evaluation: [1700/1978]  eta: 0:00:19    time: 0.0682  data: 0.0000  max mem: 2671
      Evaluation: [1800/1978]  eta: 0:00:12    time: 0.0687  data: 0.0000  max mem: 2671
      Evaluation: [1900/1978]  eta: 0:00:05    time: 0.0682  data: 0.0000  max mem: 2671
      Evaluation: [1977/1978]  eta: 0:00:00    time: 0.0681  data: 0.0000  max mem: 2671
      Evaluation: Total time: 0:02:15 (0.0684 s / it)
     Computing matching score time 0:02:15
### TTA ITM Score: 
+-------+--------+--------+--------+--------+--------+
| epoch |   R1   |   R5   |  R10   |  mAP   |  mINP  |
+-------+--------+--------+--------+--------+--------+
|  -999 | 69.414 | 95.197 | 97.776 | 81.233 | 81.233 |
|  -999 | 69.414 | 95.197 | 97.776 | 81.233 | 81.233 |
|  -999 | 84.277 | 99.039 | 99.596 | 91.276 | 91.276 |
|   0   | 84.429 | 98.837 | 99.343 | 91.262 | 91.262 |
|   1   | 84.934 | 98.837 | 99.393 | 91.519 | 91.519 |
|   2   | 84.833 | 98.686 | 99.343 | 91.389 | 91.389 |
|   3   | 84.833 | 98.686 | 99.292 | 91.372 | 91.372 |
+-------+--------+--------+--------+--------+--------+
     logs:  {'epo': 3, 'R1': 84.833, 'R5': 98.686, 'R10': 99.292, 'mAP': 91.372, 'mINP': 91.372, 'lr': 0.000567, 'entropy': 0.069669, 'loss': 2.397357, 'entr_unc': 0.028982, 'uncertainty': 2.368375, 'uncertainty_multiply_coeffi': 2.368375}
      TTA Epoch: [4] [  0/123]  eta: 0:00:46  lr: 0.000446  entropy: 0.0074  loss: 2.3462  entr_unc: 0.0032  uncertainty: 2.3431  uncertainty_multiply_coeffi: 2.3431  time: 0.3784  data: 0.2636  max mem: 2671
      TTA Epoch: [4] [100/123]  eta: 0:00:01  lr: 0.000432  entropy: 0.0354  loss: 2.3803  entr_unc: 0.0149  uncertainty: 2.3655  uncertainty_multiply_coeffi: 2.3655  time: 0.0579  data: 0.0046  max mem: 2671
      TTA Epoch: [4] [122/123]  eta: 0:00:00  lr: 0.000429  entropy: 0.0628  loss: 2.4457  entr_unc: 0.0258  uncertainty: 2.4199  uncertainty_multiply_coeffi: 2.4199  time: 0.0467  data: 0.0015  max mem: 2671
      TTA Epoch: [4] Total time: 0:00:07 (0.0597 s / it)
     Averaged stats: lr: 0.0004  entropy: 0.0642  loss: 2.3956  entr_unc: 0.0268  uncertainty: 2.3688  uncertainty_multiply_coeffi: 2.3688
     itm tta time 0:00:07
     Computing matching score
      Evaluation: [   0/1978]  eta: 0:02:20    time: 0.0709  data: 0.0023  max mem: 2671
      Evaluation: [ 100/1978]  eta: 0:02:08    time: 0.0688  data: 0.0000  max mem: 2671
      Evaluation: [ 200/1978]  eta: 0:02:01    time: 0.0683  data: 0.0000  max mem: 2671
      Evaluation: [ 300/1978]  eta: 0:01:54    time: 0.0683  data: 0.0000  max mem: 2671
      Evaluation: [ 400/1978]  eta: 0:01:47    time: 0.0683  data: 0.0000  max mem: 2671
      Evaluation: [ 500/1978]  eta: 0:01:41    time: 0.0684  data: 0.0000  max mem: 2671
      Evaluation: [ 600/1978]  eta: 0:01:34    time: 0.0691  data: 0.0000  max mem: 2671
      Evaluation: [ 700/1978]  eta: 0:01:27    time: 0.0683  data: 0.0000  max mem: 2671
      Evaluation: [ 800/1978]  eta: 0:01:20    time: 0.0687  data: 0.0000  max mem: 2671
      Evaluation: [ 900/1978]  eta: 0:01:13    time: 0.0688  data: 0.0000  max mem: 2671
      Evaluation: [1000/1978]  eta: 0:01:06    time: 0.0682  data: 0.0000  max mem: 2671
      Evaluation: [1100/1978]  eta: 0:01:00    time: 0.0685  data: 0.0000  max mem: 2671
      Evaluation: [1200/1978]  eta: 0:00:53    time: 0.0689  data: 0.0000  max mem: 2671
      Evaluation: [1300/1978]  eta: 0:00:46    time: 0.0684  data: 0.0000  max mem: 2671
      Evaluation: [1400/1978]  eta: 0:00:39    time: 0.0690  data: 0.0000  max mem: 2671
      Evaluation: [1500/1978]  eta: 0:00:32    time: 0.0688  data: 0.0000  max mem: 2671
      Evaluation: [1600/1978]  eta: 0:00:25    time: 0.0686  data: 0.0000  max mem: 2671
      Evaluation: [1700/1978]  eta: 0:00:19    time: 0.0691  data: 0.0000  max mem: 2671
      Evaluation: [1800/1978]  eta: 0:00:12    time: 0.0687  data: 0.0000  max mem: 2671
      Evaluation: [1900/1978]  eta: 0:00:05    time: 0.0686  data: 0.0000  max mem: 2671
      Evaluation: [1977/1978]  eta: 0:00:00    time: 0.0696  data: 0.0000  max mem: 2671
      Evaluation: Total time: 0:02:15 (0.0686 s / it)
     Computing matching score time 0:02:15
### TTA ITM Score: 
+-------+--------+--------+--------+--------+--------+
| epoch |   R1   |   R5   |  R10   |  mAP   |  mINP  |
+-------+--------+--------+--------+--------+--------+
|  -999 | 69.414 | 95.197 | 97.776 | 81.233 | 81.233 |
|  -999 | 69.414 | 95.197 | 97.776 | 81.233 | 81.233 |
|  -999 | 84.277 | 99.039 | 99.596 | 91.276 | 91.276 |
|   0   | 84.429 | 98.837 | 99.343 | 91.262 | 91.262 |
|   1   | 84.934 | 98.837 | 99.393 | 91.519 | 91.519 |
|   2   | 84.833 | 98.686 | 99.343 | 91.389 | 91.389 |
|   3   | 84.833 | 98.686 | 99.292 | 91.372 | 91.372 |
|   4   | 84.631 | 98.584 | 99.292 | 91.249 | 91.249 |
+-------+--------+--------+--------+--------+--------+
     logs:  {'epo': 4, 'R1': 84.631, 'R5': 98.584, 'R10': 99.292, 'mAP': 91.249, 'mINP': 91.249, 'lr': 0.000437, 'entropy': 0.064203, 'loss': 2.395583, 'entr_unc': 0.026779, 'uncertainty': 2.368804, 'uncertainty_multiply_coeffi': 2.368804}
      TTA Epoch: [5] [  0/123]  eta: 0:01:04  lr: 0.000429  entropy: 0.1200  loss: 2.4821  entr_unc: 0.0504  uncertainty: 2.4318  uncertainty_multiply_coeffi: 2.4318  time: 0.5230  data: 0.4180  max mem: 2671
      TTA Epoch: [5] [100/123]  eta: 0:00:01  lr: 0.000166  entropy: 0.0606  loss: 2.3717  entr_unc: 0.0262  uncertainty: 2.3454  uncertainty_multiply_coeffi: 2.3454  time: 0.0617  data: 0.0054  max mem: 2671
      TTA Epoch: [5] [122/123]  eta: 0:00:00  lr: 0.000165  entropy: 0.2360  loss: 2.5416  entr_unc: 0.0917  uncertainty: 2.4499  uncertainty_multiply_coeffi: 2.4499  time: 0.0491  data: 0.0023  max mem: 2671
      TTA Epoch: [5] Total time: 0:00:07 (0.0608 s / it)
     Averaged stats: lr: 0.0003  entropy: 0.0615  loss: 2.3939  entr_unc: 0.0257  uncertainty: 2.3682  uncertainty_multiply_coeffi: 2.3682
     itm tta time 0:00:07
     Computing matching score
      Evaluation: [   0/1978]  eta: 0:02:23    time: 0.0725  data: 0.0034  max mem: 2671
      Evaluation: [ 100/1978]  eta: 0:02:10    time: 0.0686  data: 0.0000  max mem: 2671
      Evaluation: [ 200/1978]  eta: 0:02:03    time: 0.0694  data: 0.0000  max mem: 2671
      Evaluation: [ 300/1978]  eta: 0:01:56    time: 0.0697  data: 0.0000  max mem: 2671
      Evaluation: [ 400/1978]  eta: 0:01:49    time: 0.0692  data: 0.0000  max mem: 2671
      Evaluation: [ 500/1978]  eta: 0:01:42    time: 0.0701  data: 0.0000  max mem: 2671
      Evaluation: [ 600/1978]  eta: 0:01:35    time: 0.0692  data: 0.0000  max mem: 2671
      Evaluation: [ 700/1978]  eta: 0:01:28    time: 0.0685  data: 0.0000  max mem: 2671
      Evaluation: [ 800/1978]  eta: 0:01:21    time: 0.0697  data: 0.0000  max mem: 2671
      Evaluation: [ 900/1978]  eta: 0:01:14    time: 0.0687  data: 0.0000  max mem: 2671
      Evaluation: [1000/1978]  eta: 0:01:07    time: 0.0693  data: 0.0000  max mem: 2671
      Evaluation: [1100/1978]  eta: 0:01:00    time: 0.0697  data: 0.0000  max mem: 2671
      Evaluation: [1200/1978]  eta: 0:00:53    time: 0.0686  data: 0.0000  max mem: 2671
      Evaluation: [1300/1978]  eta: 0:00:46    time: 0.0691  data: 0.0000  max mem: 2671
      Evaluation: [1400/1978]  eta: 0:00:40    time: 0.0686  data: 0.0000  max mem: 2671
      Evaluation: [1500/1978]  eta: 0:00:33    time: 0.0688  data: 0.0000  max mem: 2671
      Evaluation: [1600/1978]  eta: 0:00:26    time: 0.0696  data: 0.0000  max mem: 2671
      Evaluation: [1700/1978]  eta: 0:00:19    time: 0.0696  data: 0.0000  max mem: 2671
      Evaluation: [1800/1978]  eta: 0:00:12    time: 0.0687  data: 0.0000  max mem: 2671
      Evaluation: [1900/1978]  eta: 0:00:05    time: 0.0689  data: 0.0000  max mem: 2671
      Evaluation: [1977/1978]  eta: 0:00:00    time: 0.0692  data: 0.0000  max mem: 2671
      Evaluation: Total time: 0:02:16 (0.0692 s / it)
     Computing matching score time 0:02:17
### TTA ITM Score: 
+-------+--------+--------+--------+--------+--------+
| epoch |   R1   |   R5   |  R10   |  mAP   |  mINP  |
+-------+--------+--------+--------+--------+--------+
|  -999 | 69.414 | 95.197 | 97.776 | 81.233 | 81.233 |
|  -999 | 69.414 | 95.197 | 97.776 | 81.233 | 81.233 |
|  -999 | 84.277 | 99.039 | 99.596 | 91.276 | 91.276 |
|   0   | 84.429 | 98.837 | 99.343 | 91.262 | 91.262 |
|   1   | 84.934 | 98.837 | 99.393 | 91.519 | 91.519 |
|   2   | 84.833 | 98.686 | 99.343 | 91.389 | 91.389 |
|   3   | 84.833 | 98.686 | 99.292 | 91.372 | 91.372 |
|   4   | 84.631 | 98.584 | 99.292 | 91.249 | 91.249 |
|   5   | 84.681 | 98.787 | 99.292 | 91.329 | 91.329 |
+-------+--------+--------+--------+--------+--------+
     logs:  {'epo': 5, 'R1': 84.681, 'R5': 98.787, 'R10': 99.292, 'mAP': 91.329, 'mINP': 91.329, 'lr': 0.000341, 'entropy': 0.061464, 'loss': 2.393877, 'entr_unc': 0.025687, 'uncertainty': 2.36819, 'uncertainty_multiply_coeffi': 2.36819}
      TTA Epoch: [6] [  0/123]  eta: 0:00:58  lr: 0.000165  entropy: 0.0481  loss: 2.4173  entr_unc: 0.0202  uncertainty: 2.3971  uncertainty_multiply_coeffi: 2.3971  time: 0.4747  data: 0.3242  max mem: 2671
      TTA Epoch: [6] [100/123]  eta: 0:00:01  lr: 0.000159  entropy: 0.0485  loss: 2.4502  entr_unc: 0.0186  uncertainty: 2.4317  uncertainty_multiply_coeffi: 2.4317  time: 0.0550  data: 0.0024  max mem: 2671
      TTA Epoch: [6] [122/123]  eta: 0:00:00  lr: 0.000158  entropy: 0.0596  loss: 2.3633  entr_unc: 0.0242  uncertainty: 2.3391  uncertainty_multiply_coeffi: 2.3391  time: 0.0491  data: 0.0013  max mem: 2671
      TTA Epoch: [6] Total time: 0:00:07 (0.0600 s / it)
     Averaged stats: lr: 0.0002  entropy: 0.0570  loss: 2.3925  entr_unc: 0.0237  uncertainty: 2.3688  uncertainty_multiply_coeffi: 2.3688
     itm tta time 0:00:07
     Computing matching score
      Evaluation: [   0/1978]  eta: 0:02:22    time: 0.0719  data: 0.0033  max mem: 2671
      Evaluation: [ 100/1978]  eta: 0:02:08    time: 0.0685  data: 0.0000  max mem: 2671
      Evaluation: [ 200/1978]  eta: 0:02:02    time: 0.0700  data: 0.0000  max mem: 2671
      Evaluation: [ 300/1978]  eta: 0:01:55    time: 0.0691  data: 0.0000  max mem: 2671
      Evaluation: [ 400/1978]  eta: 0:01:48    time: 0.0692  data: 0.0000  max mem: 2671
      Evaluation: [ 500/1978]  eta: 0:01:41    time: 0.0684  data: 0.0000  max mem: 2671
      Evaluation: [ 600/1978]  eta: 0:01:34    time: 0.0683  data: 0.0000  max mem: 2671
      Evaluation: [ 700/1978]  eta: 0:01:27    time: 0.0682  data: 0.0000  max mem: 2671
      Evaluation: [ 800/1978]  eta: 0:01:20    time: 0.0690  data: 0.0000  max mem: 2671
      Evaluation: [ 900/1978]  eta: 0:01:13    time: 0.0695  data: 0.0000  max mem: 2671
      Evaluation: [1000/1978]  eta: 0:01:07    time: 0.0686  data: 0.0000  max mem: 2671
      Evaluation: [1100/1978]  eta: 0:01:00    time: 0.0683  data: 0.0000  max mem: 2671
      Evaluation: [1200/1978]  eta: 0:00:53    time: 0.0683  data: 0.0000  max mem: 2671
      Evaluation: [1300/1978]  eta: 0:00:46    time: 0.0683  data: 0.0000  max mem: 2671
      Evaluation: [1400/1978]  eta: 0:00:39    time: 0.0687  data: 0.0000  max mem: 2671
      Evaluation: [1500/1978]  eta: 0:00:32    time: 0.0686  data: 0.0000  max mem: 2671
      Evaluation: [1600/1978]  eta: 0:00:25    time: 0.0696  data: 0.0000  max mem: 2671
      Evaluation: [1700/1978]  eta: 0:00:19    time: 0.0685  data: 0.0000  max mem: 2671
      Evaluation: [1800/1978]  eta: 0:00:12    time: 0.0686  data: 0.0000  max mem: 2671
      Evaluation: [1900/1978]  eta: 0:00:05    time: 0.0685  data: 0.0000  max mem: 2671
      Evaluation: [1977/1978]  eta: 0:00:00    time: 0.0686  data: 0.0000  max mem: 2671
      Evaluation: Total time: 0:02:15 (0.0686 s / it)
     Computing matching score time 0:02:15
### TTA ITM Score: 
+-------+--------+--------+--------+--------+--------+
| epoch |   R1   |   R5   |  R10   |  mAP   |  mINP  |
+-------+--------+--------+--------+--------+--------+
|  -999 | 69.414 | 95.197 | 97.776 | 81.233 | 81.233 |
|  -999 | 69.414 | 95.197 | 97.776 | 81.233 | 81.233 |
|  -999 | 84.277 | 99.039 | 99.596 | 91.276 | 91.276 |
|   0   | 84.429 | 98.837 | 99.343 | 91.262 | 91.262 |
|   1   | 84.934 | 98.837 | 99.393 | 91.519 | 91.519 |
|   2   | 84.833 | 98.686 | 99.343 | 91.389 | 91.389 |
|   3   | 84.833 | 98.686 | 99.292 | 91.372 | 91.372 |
|   4   | 84.631 | 98.584 | 99.292 | 91.249 | 91.249 |
|   5   | 84.681 | 98.787 | 99.292 | 91.329 | 91.329 |
|   6   | 84.783 | 98.736 | 99.292 | 91.382 | 91.382 |
+-------+--------+--------+--------+--------+--------+
     logs:  {'epo': 6, 'R1': 84.783, 'R5': 98.736, 'R10': 99.292, 'mAP': 91.382, 'mINP': 91.382, 'lr': 0.000161, 'entropy': 0.057046, 'loss': 2.39249, 'entr_unc': 0.023721, 'uncertainty': 2.368769, 'uncertainty_multiply_coeffi': 2.368769}
      TTA Epoch: [7] [  0/123]  eta: 0:01:01  lr: 0.000158  entropy: 0.0766  loss: 2.4413  entr_unc: 0.0305  uncertainty: 2.4108  uncertainty_multiply_coeffi: 2.4108  time: 0.4988  data: 0.3801  max mem: 2671
      TTA Epoch: [7] [100/123]  eta: 0:00:01  lr: 0.000152  entropy: 0.0418  loss: 2.4354  entr_unc: 0.0183  uncertainty: 2.4171  uncertainty_multiply_coeffi: 2.4171  time: 0.0592  data: 0.0071  max mem: 2671
      TTA Epoch: [7] [122/123]  eta: 0:00:00  lr: 0.000151  entropy: 0.0119  loss: 2.3821  entr_unc: 0.0052  uncertainty: 2.3769  uncertainty_multiply_coeffi: 2.3769  time: 0.0459  data: 0.0010  max mem: 2671
      TTA Epoch: [7] Total time: 0:00:07 (0.0597 s / it)
     Averaged stats: lr: 0.0002  entropy: 0.0505  loss: 2.3899  entr_unc: 0.0211  uncertainty: 2.3688  uncertainty_multiply_coeffi: 2.3688
     itm tta time 0:00:07
     Computing matching score
      Evaluation: [   0/1978]  eta: 0:02:22    time: 0.0718  data: 0.0033  max mem: 2671
      Evaluation: [ 100/1978]  eta: 0:02:08    time: 0.0681  data: 0.0000  max mem: 2671
      Evaluation: [ 200/1978]  eta: 0:02:01    time: 0.0694  data: 0.0000  max mem: 2671
      Evaluation: [ 300/1978]  eta: 0:01:55    time: 0.0687  data: 0.0000  max mem: 2671
      Evaluation: [ 400/1978]  eta: 0:01:48    time: 0.0681  data: 0.0000  max mem: 2671
      Evaluation: [ 500/1978]  eta: 0:01:41    time: 0.0683  data: 0.0000  max mem: 2671
      Evaluation: [ 600/1978]  eta: 0:01:34    time: 0.0685  data: 0.0000  max mem: 2671
      Evaluation: [ 700/1978]  eta: 0:01:27    time: 0.0689  data: 0.0000  max mem: 2671
      Evaluation: [ 800/1978]  eta: 0:01:20    time: 0.0684  data: 0.0000  max mem: 2671
      Evaluation: [ 900/1978]  eta: 0:01:14    time: 0.0688  data: 0.0000  max mem: 2671
      Evaluation: [1000/1978]  eta: 0:01:07    time: 0.0690  data: 0.0000  max mem: 2671
      Evaluation: [1100/1978]  eta: 0:01:00    time: 0.0684  data: 0.0000  max mem: 2671
      Evaluation: [1200/1978]  eta: 0:00:53    time: 0.0690  data: 0.0000  max mem: 2671
      Evaluation: [1300/1978]  eta: 0:00:46    time: 0.0688  data: 0.0000  max mem: 2671
      Evaluation: [1400/1978]  eta: 0:00:39    time: 0.0687  data: 0.0000  max mem: 2671
      Evaluation: [1500/1978]  eta: 0:00:32    time: 0.0684  data: 0.0000  max mem: 2671
      Evaluation: [1600/1978]  eta: 0:00:26    time: 0.0684  data: 0.0000  max mem: 2671
      Evaluation: [1700/1978]  eta: 0:00:19    time: 0.0694  data: 0.0000  max mem: 2671
      Evaluation: [1800/1978]  eta: 0:00:12    time: 0.0691  data: 0.0000  max mem: 2671
      Evaluation: [1900/1978]  eta: 0:00:05    time: 0.0686  data: 0.0000  max mem: 2671
      Evaluation: [1977/1978]  eta: 0:00:00    time: 0.0688  data: 0.0000  max mem: 2671
      Evaluation: Total time: 0:02:16 (0.0690 s / it)
     Computing matching score time 0:02:16
### TTA ITM Score: 
+-------+--------+--------+--------+--------+--------+
| epoch |   R1   |   R5   |  R10   |  mAP   |  mINP  |
+-------+--------+--------+--------+--------+--------+
|  -999 | 69.414 | 95.197 | 97.776 | 81.233 | 81.233 |
|  -999 | 69.414 | 95.197 | 97.776 | 81.233 | 81.233 |
|  -999 | 84.277 | 99.039 | 99.596 | 91.276 | 91.276 |
|   0   | 84.429 | 98.837 | 99.343 | 91.262 | 91.262 |
|   1   | 84.934 | 98.837 | 99.393 | 91.519 | 91.519 |
|   2   | 84.833 | 98.686 | 99.343 | 91.389 | 91.389 |
|   3   | 84.833 | 98.686 | 99.292 | 91.372 | 91.372 |
|   4   | 84.631 | 98.584 | 99.292 | 91.249 | 91.249 |
|   5   | 84.681 | 98.787 | 99.292 | 91.329 | 91.329 |
|   6   | 84.783 | 98.736 | 99.292 | 91.382 | 91.382 |
|   7   | 84.884 | 98.736 | 99.292 | 91.443 | 91.443 |
+-------+--------+--------+--------+--------+--------+
     logs:  {'epo': 7, 'R1': 84.884, 'R5': 98.736, 'R10': 99.292, 'mAP': 91.443, 'mINP': 91.443, 'lr': 0.000155, 'entropy': 0.050487, 'loss': 2.389891, 'entr_unc': 0.021112, 'uncertainty': 2.368779, 'uncertainty_multiply_coeffi': 2.368779}
      TTA Epoch: [8] [  0/123]  eta: 0:01:03  lr: 0.000151  entropy: 0.0460  loss: 2.3747  entr_unc: 0.0185  uncertainty: 2.3563  uncertainty_multiply_coeffi: 2.3563  time: 0.5201  data: 0.4325  max mem: 2671
      TTA Epoch: [8] [100/123]  eta: 0:00:01  lr: 0.000146  entropy: 0.0415  loss: 2.4085  entr_unc: 0.0162  uncertainty: 2.3923  uncertainty_multiply_coeffi: 2.3923  time: 0.0565  data: 0.0043  max mem: 2671
      TTA Epoch: [8] [122/123]  eta: 0:00:00  lr: 0.000144  entropy: 0.0824  loss: 2.3436  entr_unc: 0.0395  uncertainty: 2.3041  uncertainty_multiply_coeffi: 2.3041  time: 0.0473  data: 0.0020  max mem: 2671
      TTA Epoch: [8] Total time: 0:00:07 (0.0597 s / it)
     Averaged stats: lr: 0.0001  entropy: 0.0488  loss: 2.3887  entr_unc: 0.0202  uncertainty: 2.3684  uncertainty_multiply_coeffi: 2.3684
     itm tta time 0:00:07
     Computing matching score
      Evaluation: [   0/1978]  eta: 0:02:26    time: 0.0741  data: 0.0022  max mem: 2671
      Evaluation: [ 100/1978]  eta: 0:02:09    time: 0.0697  data: 0.0000  max mem: 2671
      Evaluation: [ 200/1978]  eta: 0:02:02    time: 0.0687  data: 0.0000  max mem: 2671
      Evaluation: [ 300/1978]  eta: 0:01:55    time: 0.0687  data: 0.0000  max mem: 2671
      Evaluation: [ 400/1978]  eta: 0:01:49    time: 0.0690  data: 0.0000  max mem: 2671
      Evaluation: [ 500/1978]  eta: 0:01:42    time: 0.0693  data: 0.0000  max mem: 2671
      Evaluation: [ 600/1978]  eta: 0:01:35    time: 0.0694  data: 0.0000  max mem: 2671
      Evaluation: [ 700/1978]  eta: 0:01:28    time: 0.0686  data: 0.0000  max mem: 2671
      Evaluation: [ 800/1978]  eta: 0:01:21    time: 0.0695  data: 0.0000  max mem: 2671
      Evaluation: [ 900/1978]  eta: 0:01:14    time: 0.0685  data: 0.0000  max mem: 2671
      Evaluation: [1000/1978]  eta: 0:01:07    time: 0.0698  data: 0.0000  max mem: 2671
      Evaluation: [1100/1978]  eta: 0:01:00    time: 0.0688  data: 0.0000  max mem: 2671
      Evaluation: [1200/1978]  eta: 0:00:53    time: 0.0699  data: 0.0000  max mem: 2671
      Evaluation: [1300/1978]  eta: 0:00:46    time: 0.0692  data: 0.0000  max mem: 2671
      Evaluation: [1400/1978]  eta: 0:00:39    time: 0.0695  data: 0.0000  max mem: 2671
      Evaluation: [1500/1978]  eta: 0:00:33    time: 0.0698  data: 0.0000  max mem: 2671
      Evaluation: [1600/1978]  eta: 0:00:26    time: 0.0702  data: 0.0000  max mem: 2671
      Evaluation: [1700/1978]  eta: 0:00:19    time: 0.0697  data: 0.0000  max mem: 2671
      Evaluation: [1800/1978]  eta: 0:00:12    time: 0.0689  data: 0.0000  max mem: 2671
      Evaluation: [1900/1978]  eta: 0:00:05    time: 0.0687  data: 0.0000  max mem: 2671
      Evaluation: [1977/1978]  eta: 0:00:00    time: 0.0685  data: 0.0000  max mem: 2671
      Evaluation: Total time: 0:02:16 (0.0692 s / it)
     Computing matching score time 0:02:17
### TTA ITM Score: 
+-------+--------+--------+--------+--------+--------+
| epoch |   R1   |   R5   |  R10   |  mAP   |  mINP  |
+-------+--------+--------+--------+--------+--------+
|  -999 | 69.414 | 95.197 | 97.776 | 81.233 | 81.233 |
|  -999 | 69.414 | 95.197 | 97.776 | 81.233 | 81.233 |
|  -999 | 84.277 | 99.039 | 99.596 | 91.276 | 91.276 |
|   0   | 84.429 | 98.837 | 99.343 | 91.262 | 91.262 |
|   1   | 84.934 | 98.837 | 99.393 | 91.519 | 91.519 |
|   2   | 84.833 | 98.686 | 99.343 | 91.389 | 91.389 |
|   3   | 84.833 | 98.686 | 99.292 | 91.372 | 91.372 |
|   4   | 84.631 | 98.584 | 99.292 | 91.249 | 91.249 |
|   5   | 84.681 | 98.787 | 99.292 | 91.329 | 91.329 |
|   6   | 84.783 | 98.736 | 99.292 | 91.382 | 91.382 |
|   7   | 84.884 | 98.736 | 99.292 | 91.443 | 91.443 |
|   8   | 85.035 | 98.787 | 99.292 | 91.494 | 91.494 |
+-------+--------+--------+--------+--------+--------+
     logs:  {'epo': 8, 'R1': 85.035, 'R5': 98.787, 'R10': 99.292, 'mAP': 91.494, 'mINP': 91.494, 'lr': 0.000148, 'entropy': 0.048788, 'loss': 2.388682, 'entr_unc': 0.020246, 'uncertainty': 2.368436, 'uncertainty_multiply_coeffi': 2.368436}
      TTA Epoch: [9] [  0/123]  eta: 0:00:55  lr: 0.000144  entropy: 0.0171  loss: 2.3598  entr_unc: 0.0073  uncertainty: 2.3525  uncertainty_multiply_coeffi: 2.3525  time: 0.4550  data: 0.3589  max mem: 2671
      TTA Epoch: [9] [100/123]  eta: 0:00:01  lr: 0.000139  entropy: 0.0483  loss: 2.4595  entr_unc: 0.0200  uncertainty: 2.4394  uncertainty_multiply_coeffi: 2.4394  time: 0.0581  data: 0.0035  max mem: 2671
      TTA Epoch: [9] [122/123]  eta: 0:00:00  lr: 0.000138  entropy: 0.1074  loss: 2.3872  entr_unc: 0.0403  uncertainty: 2.3468  uncertainty_multiply_coeffi: 2.3468  time: 0.0456  data: 0.0037  max mem: 2671
      TTA Epoch: [9] Total time: 0:00:07 (0.0597 s / it)
     Averaged stats: lr: 0.0001  entropy: 0.0486  loss: 2.3888  entr_unc: 0.0203  uncertainty: 2.3685  uncertainty_multiply_coeffi: 2.3685
     itm tta time 0:00:07
     Computing matching score
      Evaluation: [   0/1978]  eta: 0:02:24    time: 0.0733  data: 0.0034  max mem: 2671
      Evaluation: [ 100/1978]  eta: 0:02:08    time: 0.0681  data: 0.0000  max mem: 2671
      Evaluation: [ 200/1978]  eta: 0:02:01    time: 0.0691  data: 0.0000  max mem: 2671
      Evaluation: [ 300/1978]  eta: 0:01:55    time: 0.0690  data: 0.0000  max mem: 2671
      Evaluation: [ 400/1978]  eta: 0:01:48    time: 0.0682  data: 0.0000  max mem: 2671
      Evaluation: [ 500/1978]  eta: 0:01:41    time: 0.0695  data: 0.0000  max mem: 2671
      Evaluation: [ 600/1978]  eta: 0:01:34    time: 0.0685  data: 0.0000  max mem: 2671
      Evaluation: [ 700/1978]  eta: 0:01:27    time: 0.0684  data: 0.0000  max mem: 2671
      Evaluation: [ 800/1978]  eta: 0:01:20    time: 0.0684  data: 0.0000  max mem: 2671
      Evaluation: [ 900/1978]  eta: 0:01:13    time: 0.0689  data: 0.0000  max mem: 2671
      Evaluation: [1000/1978]  eta: 0:01:07    time: 0.0685  data: 0.0000  max mem: 2671
      Evaluation: [1100/1978]  eta: 0:01:00    time: 0.0699  data: 0.0000  max mem: 2671
      Evaluation: [1200/1978]  eta: 0:00:53    time: 0.0695  data: 0.0000  max mem: 2671
      Evaluation: [1300/1978]  eta: 0:00:46    time: 0.0683  data: 0.0000  max mem: 2671
      Evaluation: [1400/1978]  eta: 0:00:39    time: 0.0690  data: 0.0000  max mem: 2671
      Evaluation: [1500/1978]  eta: 0:00:32    time: 0.0682  data: 0.0000  max mem: 2671
      Evaluation: [1600/1978]  eta: 0:00:25    time: 0.0687  data: 0.0000  max mem: 2671
      Evaluation: [1700/1978]  eta: 0:00:19    time: 0.0683  data: 0.0000  max mem: 2671
      Evaluation: [1800/1978]  eta: 0:00:12    time: 0.0696  data: 0.0000  max mem: 2671
      Evaluation: [1900/1978]  eta: 0:00:05    time: 0.0683  data: 0.0000  max mem: 2671
      Evaluation: [1977/1978]  eta: 0:00:00    time: 0.0691  data: 0.0000  max mem: 2671
      Evaluation: Total time: 0:02:16 (0.0688 s / it)
     Computing matching score time 0:02:16
### TTA ITM Score: 
+-------+--------+--------+--------+--------+--------+
| epoch |   R1   |   R5   |  R10   |  mAP   |  mINP  |
+-------+--------+--------+--------+--------+--------+
|  -999 | 69.414 | 95.197 | 97.776 | 81.233 | 81.233 |
|  -999 | 69.414 | 95.197 | 97.776 | 81.233 | 81.233 |
|  -999 | 84.277 | 99.039 | 99.596 | 91.276 | 91.276 |
|   0   | 84.429 | 98.837 | 99.343 | 91.262 | 91.262 |
|   1   | 84.934 | 98.837 | 99.393 | 91.519 | 91.519 |
|   2   | 84.833 | 98.686 | 99.343 | 91.389 | 91.389 |
|   3   | 84.833 | 98.686 | 99.292 | 91.372 | 91.372 |
|   4   | 84.631 | 98.584 | 99.292 | 91.249 | 91.249 |
|   5   | 84.681 | 98.787 | 99.292 | 91.329 | 91.329 |
|   6   | 84.783 | 98.736 | 99.292 | 91.382 | 91.382 |
|   7   | 84.884 | 98.736 | 99.292 | 91.443 | 91.443 |
|   8   | 85.035 | 98.787 | 99.292 | 91.494 | 91.494 |
|   9   | 85.035 | 98.736 | 99.292 | 91.489 | 91.489 |
+-------+--------+--------+--------+--------+--------+
     logs:  {'epo': 9, 'R1': 85.035, 'R5': 98.736, 'R10': 99.292, 'mAP': 91.489, 'mINP': 91.489, 'lr': 0.000141, 'entropy': 0.048574, 'loss': 2.388787, 'entr_unc': 0.020321, 'uncertainty': 2.368466, 'uncertainty_multiply_coeffi': 2.368466}
      TTA Epoch: [10] [  0/123]  eta: 0:01:04  lr: 0.000138  entropy: 0.0837  loss: 2.3797  entr_unc: 0.0367  uncertainty: 2.3430  uncertainty_multiply_coeffi: 2.3430  time: 0.5235  data: 0.4132  max mem: 2671
      TTA Epoch: [10] [100/123]  eta: 0:00:01  lr: 0.000132  entropy: 0.0588  loss: 2.3827  entr_unc: 0.0240  uncertainty: 2.3587  uncertainty_multiply_coeffi: 2.3587  time: 0.0575  data: 0.0033  max mem: 2671
      TTA Epoch: [10] [122/123]  eta: 0:00:00  lr: 0.000131  entropy: 0.0364  loss: 2.3601  entr_unc: 0.0159  uncertainty: 2.3442  uncertainty_multiply_coeffi: 2.3442  time: 0.0472  data: 0.0030  max mem: 2671
      TTA Epoch: [10] Total time: 0:00:07 (0.0599 s / it)
     Averaged stats: lr: 0.0001  entropy: 0.0424  loss: 2.3861  entr_unc: 0.0177  uncertainty: 2.3684  uncertainty_multiply_coeffi: 2.3684
     itm tta time 0:00:07
     Computing matching score
      Evaluation: [   0/1978]  eta: 0:02:24    time: 0.0728  data: 0.0021  max mem: 2671
      Evaluation: [ 100/1978]  eta: 0:02:10    time: 0.0691  data: 0.0000  max mem: 2671
      Evaluation: [ 200/1978]  eta: 0:02:02    time: 0.0682  data: 0.0000  max mem: 2671
      Evaluation: [ 300/1978]  eta: 0:01:56    time: 0.0692  data: 0.0000  max mem: 2671
      Evaluation: [ 400/1978]  eta: 0:01:49    time: 0.0694  data: 0.0000  max mem: 2671
      Evaluation: [ 500/1978]  eta: 0:01:42    time: 0.0686  data: 0.0000  max mem: 2671
      Evaluation: [ 600/1978]  eta: 0:01:35    time: 0.0684  data: 0.0000  max mem: 2671
      Evaluation: [ 700/1978]  eta: 0:01:28    time: 0.0683  data: 0.0000  max mem: 2671
      Evaluation: [ 800/1978]  eta: 0:01:21    time: 0.0695  data: 0.0000  max mem: 2671
      Evaluation: [ 900/1978]  eta: 0:01:14    time: 0.0697  data: 0.0000  max mem: 2671
      Evaluation: [1000/1978]  eta: 0:01:07    time: 0.0697  data: 0.0000  max mem: 2671
      Evaluation: [1100/1978]  eta: 0:01:00    time: 0.0687  data: 0.0000  max mem: 2671
      Evaluation: [1200/1978]  eta: 0:00:53    time: 0.0689  data: 0.0000  max mem: 2671
      Evaluation: [1300/1978]  eta: 0:00:46    time: 0.0689  data: 0.0000  max mem: 2671
      Evaluation: [1400/1978]  eta: 0:00:39    time: 0.0689  data: 0.0000  max mem: 2671
      Evaluation: [1500/1978]  eta: 0:00:33    time: 0.0693  data: 0.0000  max mem: 2671
      Evaluation: [1600/1978]  eta: 0:00:26    time: 0.0698  data: 0.0000  max mem: 2671
      Evaluation: [1700/1978]  eta: 0:00:19    time: 0.0701  data: 0.0000  max mem: 2671
      Evaluation: [1800/1978]  eta: 0:00:12    time: 0.0693  data: 0.0000  max mem: 2671
      Evaluation: [1900/1978]  eta: 0:00:05    time: 0.0684  data: 0.0000  max mem: 2671
      Evaluation: [1977/1978]  eta: 0:00:00    time: 0.0685  data: 0.0000  max mem: 2671
      Evaluation: Total time: 0:02:16 (0.0692 s / it)
     Computing matching score time 0:02:17
### TTA ITM Score: 
+-------+--------+--------+--------+--------+--------+
| epoch |   R1   |   R5   |  R10   |  mAP   |  mINP  |
+-------+--------+--------+--------+--------+--------+
|  -999 | 69.414 | 95.197 | 97.776 | 81.233 | 81.233 |
|  -999 | 69.414 | 95.197 | 97.776 | 81.233 | 81.233 |
|  -999 | 84.277 | 99.039 | 99.596 | 91.276 | 91.276 |
|   0   | 84.429 | 98.837 | 99.343 | 91.262 | 91.262 |
|   1   | 84.934 | 98.837 | 99.393 | 91.519 | 91.519 |
|   2   | 84.833 | 98.686 | 99.343 | 91.389 | 91.389 |
|   3   | 84.833 | 98.686 | 99.292 | 91.372 | 91.372 |
|   4   | 84.631 | 98.584 | 99.292 | 91.249 | 91.249 |
|   5   | 84.681 | 98.787 | 99.292 | 91.329 | 91.329 |
|   6   | 84.783 | 98.736 | 99.292 | 91.382 | 91.382 |
|   7   | 84.884 | 98.736 | 99.292 | 91.443 | 91.443 |
|   8   | 85.035 | 98.787 | 99.292 | 91.494 | 91.494 |
|   9   | 85.035 | 98.736 | 99.292 | 91.489 | 91.489 |
|   10  | 85.035 | 98.635 | 99.292 | 91.468 | 91.468 |
+-------+--------+--------+--------+--------+--------+
     logs:  {'epo': 10, 'R1': 85.035, 'R5': 98.635, 'R10': 99.292, 'mAP': 91.468, 'mINP': 91.468, 'lr': 0.000134, 'entropy': 0.042446, 'loss': 2.386119, 'entr_unc': 0.017684, 'uncertainty': 2.368435, 'uncertainty_multiply_coeffi': 2.368435}
      TTA Epoch: [11] [  0/123]  eta: 0:00:59  lr: 0.000131  entropy: 0.0272  loss: 2.3897  entr_unc: 0.0117  uncertainty: 2.3781  uncertainty_multiply_coeffi: 2.3781  time: 0.4876  data: 0.3095  max mem: 2671
      TTA Epoch: [11] [100/123]  eta: 0:00:01  lr: 0.000125  entropy: 0.0030  loss: 2.3704  entr_unc: 0.0013  uncertainty: 2.3691  uncertainty_multiply_coeffi: 2.3691  time: 0.0581  data: 0.0046  max mem: 2671
      TTA Epoch: [11] [122/123]  eta: 0:00:00  lr: 0.000124  entropy: 0.1075  loss: 2.4293  entr_unc: 0.0489  uncertainty: 2.3804  uncertainty_multiply_coeffi: 2.3804  time: 0.0462  data: 0.0021  max mem: 2671
      TTA Epoch: [11] Total time: 0:00:07 (0.0602 s / it)
     Averaged stats: lr: 0.0001  entropy: 0.0478  loss: 2.3885  entr_unc: 0.0200  uncertainty: 2.3685  uncertainty_multiply_coeffi: 2.3685
     itm tta time 0:00:07
     Computing matching score
      Evaluation: [   0/1978]  eta: 0:02:20    time: 0.0712  data: 0.0034  max mem: 2671
      Evaluation: [ 100/1978]  eta: 0:02:09    time: 0.0694  data: 0.0000  max mem: 2671
      Evaluation: [ 200/1978]  eta: 0:02:03    time: 0.0686  data: 0.0000  max mem: 2671
      Evaluation: [ 300/1978]  eta: 0:01:56    time: 0.0684  data: 0.0000  max mem: 2671
      Evaluation: [ 400/1978]  eta: 0:01:49    time: 0.0692  data: 0.0000  max mem: 2671
      Evaluation: [ 500/1978]  eta: 0:01:42    time: 0.0692  data: 0.0000  max mem: 2671
      Evaluation: [ 600/1978]  eta: 0:01:35    time: 0.0688  data: 0.0000  max mem: 2671
      Evaluation: [ 700/1978]  eta: 0:01:28    time: 0.0701  data: 0.0000  max mem: 2671
      Evaluation: [ 800/1978]  eta: 0:01:21    time: 0.0683  data: 0.0000  max mem: 2671
      Evaluation: [ 900/1978]  eta: 0:01:14    time: 0.0690  data: 0.0000  max mem: 2671
      Evaluation: [1000/1978]  eta: 0:01:07    time: 0.0698  data: 0.0000  max mem: 2671
      Evaluation: [1100/1978]  eta: 0:01:00    time: 0.0694  data: 0.0000  max mem: 2671
      Evaluation: [1200/1978]  eta: 0:00:53    time: 0.0686  data: 0.0000  max mem: 2671
      Evaluation: [1300/1978]  eta: 0:00:46    time: 0.0696  data: 0.0000  max mem: 2671
      Evaluation: [1400/1978]  eta: 0:00:39    time: 0.0694  data: 0.0000  max mem: 2671
      Evaluation: [1500/1978]  eta: 0:00:33    time: 0.0693  data: 0.0000  max mem: 2671
      Evaluation: [1600/1978]  eta: 0:00:26    time: 0.0692  data: 0.0000  max mem: 2671
      Evaluation: [1700/1978]  eta: 0:00:19    time: 0.0694  data: 0.0000  max mem: 2671
      Evaluation: [1800/1978]  eta: 0:00:12    time: 0.0694  data: 0.0000  max mem: 2671
      Evaluation: [1900/1978]  eta: 0:00:05    time: 0.0698  data: 0.0000  max mem: 2671
      Evaluation: [1977/1978]  eta: 0:00:00    time: 0.0694  data: 0.0000  max mem: 2671
      Evaluation: Total time: 0:02:16 (0.0691 s / it)
     Computing matching score time 0:02:16
### TTA ITM Score: 
+-------+--------+--------+--------+--------+--------+
| epoch |   R1   |   R5   |  R10   |  mAP   |  mINP  |
+-------+--------+--------+--------+--------+--------+
|  -999 | 69.414 | 95.197 | 97.776 | 81.233 | 81.233 |
|  -999 | 69.414 | 95.197 | 97.776 | 81.233 | 81.233 |
|  -999 | 84.277 | 99.039 | 99.596 | 91.276 | 91.276 |
|   0   | 84.429 | 98.837 | 99.343 | 91.262 | 91.262 |
|   1   | 84.934 | 98.837 | 99.393 | 91.519 | 91.519 |
|   2   | 84.833 | 98.686 | 99.343 | 91.389 | 91.389 |
|   3   | 84.833 | 98.686 | 99.292 | 91.372 | 91.372 |
|   4   | 84.631 | 98.584 | 99.292 | 91.249 | 91.249 |
|   5   | 84.681 | 98.787 | 99.292 | 91.329 | 91.329 |
|   6   | 84.783 | 98.736 | 99.292 | 91.382 | 91.382 |
|   7   | 84.884 | 98.736 | 99.292 | 91.443 | 91.443 |
|   8   | 85.035 | 98.787 | 99.292 | 91.494 | 91.494 |
|   9   | 85.035 | 98.736 | 99.292 | 91.489 | 91.489 |
|   10  | 85.035 | 98.635 | 99.292 | 91.468 | 91.468 |
|   11  | 85.086 | 98.686 | 99.292 | 91.525 | 91.525 |
+-------+--------+--------+--------+--------+--------+
     logs:  {'epo': 11, 'R1': 85.086, 'R5': 98.686, 'R10': 99.292, 'mAP': 91.525, 'mINP': 91.525, 'lr': 0.000127, 'entropy': 0.047832, 'loss': 2.38846, 'entr_unc': 0.019975, 'uncertainty': 2.368484, 'uncertainty_multiply_coeffi': 2.368484}
      TTA Epoch: [12] [  0/123]  eta: 0:00:55  lr: 0.000124  entropy: 0.0159  loss: 2.3939  entr_unc: 0.0071  uncertainty: 2.3869  uncertainty_multiply_coeffi: 2.3869  time: 0.4484  data: 0.3159  max mem: 2671
      TTA Epoch: [12] [100/123]  eta: 0:00:01  lr: 0.000118  entropy: 0.0003  loss: 2.3701  entr_unc: 0.0001  uncertainty: 2.3700  uncertainty_multiply_coeffi: 2.3700  time: 0.0594  data: 0.0029  max mem: 2671
      TTA Epoch: [12] [122/123]  eta: 0:00:00  lr: 0.000117  entropy: 0.0636  loss: 2.3809  entr_unc: 0.0281  uncertainty: 2.3528  uncertainty_multiply_coeffi: 2.3528  time: 0.0489  data: 0.0022  max mem: 2671
      TTA Epoch: [12] Total time: 0:00:07 (0.0599 s / it)
     Averaged stats: lr: 0.0001  entropy: 0.0418  loss: 2.3860  entr_unc: 0.0174  uncertainty: 2.3686  uncertainty_multiply_coeffi: 2.3686
     itm tta time 0:00:07
     Computing matching score
      Evaluation: [   0/1978]  eta: 0:02:23    time: 0.0727  data: 0.0034  max mem: 2671
      Evaluation: [ 100/1978]  eta: 0:02:08    time: 0.0679  data: 0.0000  max mem: 2671
      Evaluation: [ 200/1978]  eta: 0:02:01    time: 0.0686  data: 0.0000  max mem: 2671
      Evaluation: [ 300/1978]  eta: 0:01:54    time: 0.0683  data: 0.0000  max mem: 2671
      Evaluation: [ 400/1978]  eta: 0:01:47    time: 0.0684  data: 0.0000  max mem: 2671
      Evaluation: [ 500/1978]  eta: 0:01:40    time: 0.0682  data: 0.0000  max mem: 2671
      Evaluation: [ 600/1978]  eta: 0:01:34    time: 0.0680  data: 0.0000  max mem: 2671
      Evaluation: [ 700/1978]  eta: 0:01:27    time: 0.0682  data: 0.0000  max mem: 2671
      Evaluation: [ 800/1978]  eta: 0:01:20    time: 0.0683  data: 0.0000  max mem: 2671
      Evaluation: [ 900/1978]  eta: 0:01:13    time: 0.0684  data: 0.0000  max mem: 2671
      Evaluation: [1000/1978]  eta: 0:01:06    time: 0.0682  data: 0.0000  max mem: 2671
      Evaluation: [1100/1978]  eta: 0:00:59    time: 0.0682  data: 0.0000  max mem: 2671
      Evaluation: [1200/1978]  eta: 0:00:53    time: 0.0682  data: 0.0000  max mem: 2671
      Evaluation: [1300/1978]  eta: 0:00:46    time: 0.0684  data: 0.0000  max mem: 2671
      Evaluation: [1400/1978]  eta: 0:00:39    time: 0.0682  data: 0.0000  max mem: 2671
      Evaluation: [1500/1978]  eta: 0:00:32    time: 0.0687  data: 0.0000  max mem: 2671
      Evaluation: [1600/1978]  eta: 0:00:25    time: 0.0682  data: 0.0000  max mem: 2671
      Evaluation: [1700/1978]  eta: 0:00:18    time: 0.0683  data: 0.0000  max mem: 2671
      Evaluation: [1800/1978]  eta: 0:00:12    time: 0.0683  data: 0.0000  max mem: 2671
      Evaluation: [1900/1978]  eta: 0:00:05    time: 0.0683  data: 0.0000  max mem: 2671
      Evaluation: [1977/1978]  eta: 0:00:00    time: 0.0683  data: 0.0000  max mem: 2671
      Evaluation: Total time: 0:02:15 (0.0683 s / it)
     Computing matching score time 0:02:15
### TTA ITM Score: 
+-------+--------+--------+--------+--------+--------+
| epoch |   R1   |   R5   |  R10   |  mAP   |  mINP  |
+-------+--------+--------+--------+--------+--------+
|  -999 | 69.414 | 95.197 | 97.776 | 81.233 | 81.233 |
|  -999 | 69.414 | 95.197 | 97.776 | 81.233 | 81.233 |
|  -999 | 84.277 | 99.039 | 99.596 | 91.276 | 91.276 |
|   0   | 84.429 | 98.837 | 99.343 | 91.262 | 91.262 |
|   1   | 84.934 | 98.837 | 99.393 | 91.519 | 91.519 |
|   2   | 84.833 | 98.686 | 99.343 | 91.389 | 91.389 |
|   3   | 84.833 | 98.686 | 99.292 | 91.372 | 91.372 |
|   4   | 84.631 | 98.584 | 99.292 | 91.249 | 91.249 |
|   5   | 84.681 | 98.787 | 99.292 | 91.329 | 91.329 |
|   6   | 84.783 | 98.736 | 99.292 | 91.382 | 91.382 |
|   7   | 84.884 | 98.736 | 99.292 | 91.443 | 91.443 |
|   8   | 85.035 | 98.787 | 99.292 | 91.494 | 91.494 |
|   9   | 85.035 | 98.736 | 99.292 | 91.489 | 91.489 |
|   10  | 85.035 | 98.635 | 99.292 | 91.468 | 91.468 |
|   11  | 85.086 | 98.686 | 99.292 | 91.525 | 91.525 |
|   12  | 85.086 | 98.635 | 99.292 | 91.512 | 91.512 |
+-------+--------+--------+--------+--------+--------+
     logs:  {'epo': 12, 'R1': 85.086, 'R5': 98.635, 'R10': 99.292, 'mAP': 91.512, 'mINP': 91.512, 'lr': 0.000121, 'entropy': 0.041845, 'loss': 2.38598, 'entr_unc': 0.017429, 'uncertainty': 2.368551, 'uncertainty_multiply_coeffi': 2.368551}
      TTA Epoch: [13] [  0/123]  eta: 0:00:56  lr: 0.000117  entropy: 0.0375  loss: 2.3607  entr_unc: 0.0145  uncertainty: 2.3462  uncertainty_multiply_coeffi: 2.3462  time: 0.4620  data: 0.3627  max mem: 2671
      TTA Epoch: [13] [100/123]  eta: 0:00:01  lr: 0.000112  entropy: 0.1245  loss: 2.4644  entr_unc: 0.0496  uncertainty: 2.4148  uncertainty_multiply_coeffi: 2.4148  time: 0.0566  data: 0.0029  max mem: 2671
      TTA Epoch: [13] [122/123]  eta: 0:00:00  lr: 0.000110  entropy: 0.0197  loss: 2.3732  entr_unc: 0.0082  uncertainty: 2.3650  uncertainty_multiply_coeffi: 2.3650  time: 0.0463  data: 0.0014  max mem: 2671
      TTA Epoch: [13] Total time: 0:00:07 (0.0599 s / it)
     Averaged stats: lr: 0.0001  entropy: 0.0409  loss: 2.3857  entr_unc: 0.0172  uncertainty: 2.3685  uncertainty_multiply_coeffi: 2.3685
     itm tta time 0:00:07
     Computing matching score
      Evaluation: [   0/1978]  eta: 0:02:20    time: 0.0711  data: 0.0034  max mem: 2671
      Evaluation: [ 100/1978]  eta: 0:02:09    time: 0.0684  data: 0.0000  max mem: 2671
      Evaluation: [ 200/1978]  eta: 0:02:02    time: 0.0690  data: 0.0000  max mem: 2671
      Evaluation: [ 300/1978]  eta: 0:01:55    time: 0.0683  data: 0.0000  max mem: 2671
      Evaluation: [ 400/1978]  eta: 0:01:48    time: 0.0684  data: 0.0000  max mem: 2671
      Evaluation: [ 500/1978]  eta: 0:01:42    time: 0.0702  data: 0.0000  max mem: 2671
      Evaluation: [ 600/1978]  eta: 0:01:35    time: 0.0690  data: 0.0000  max mem: 2671
      Evaluation: [ 700/1978]  eta: 0:01:28    time: 0.0695  data: 0.0000  max mem: 2671
      Evaluation: [ 800/1978]  eta: 0:01:21    time: 0.0694  data: 0.0000  max mem: 2671
      Evaluation: [ 900/1978]  eta: 0:01:14    time: 0.0686  data: 0.0000  max mem: 2671
      Evaluation: [1000/1978]  eta: 0:01:07    time: 0.0686  data: 0.0000  max mem: 2671
      Evaluation: [1100/1978]  eta: 0:01:00    time: 0.0698  data: 0.0000  max mem: 2671
      Evaluation: [1200/1978]  eta: 0:00:53    time: 0.0697  data: 0.0000  max mem: 2671
      Evaluation: [1300/1978]  eta: 0:00:46    time: 0.0698  data: 0.0000  max mem: 2671
      Evaluation: [1400/1978]  eta: 0:00:40    time: 0.0690  data: 0.0000  max mem: 2671
      Evaluation: [1500/1978]  eta: 0:00:33    time: 0.0691  data: 0.0000  max mem: 2671
      Evaluation: [1600/1978]  eta: 0:00:26    time: 0.0695  data: 0.0000  max mem: 2671
      Evaluation: [1700/1978]  eta: 0:00:19    time: 0.0691  data: 0.0000  max mem: 2671
      Evaluation: [1800/1978]  eta: 0:00:12    time: 0.0689  data: 0.0000  max mem: 2671
      Evaluation: [1900/1978]  eta: 0:00:05    time: 0.0696  data: 0.0000  max mem: 2671
      Evaluation: [1977/1978]  eta: 0:00:00    time: 0.0686  data: 0.0000  max mem: 2671
      Evaluation: Total time: 0:02:17 (0.0693 s / it)
     Computing matching score time 0:02:17
### TTA ITM Score: 
+-------+--------+--------+--------+--------+--------+
| epoch |   R1   |   R5   |  R10   |  mAP   |  mINP  |
+-------+--------+--------+--------+--------+--------+
|  -999 | 69.414 | 95.197 | 97.776 | 81.233 | 81.233 |
|  -999 | 69.414 | 95.197 | 97.776 | 81.233 | 81.233 |
|  -999 | 84.277 | 99.039 | 99.596 | 91.276 | 91.276 |
|   0   | 84.429 | 98.837 | 99.343 | 91.262 | 91.262 |
|   1   | 84.934 | 98.837 | 99.393 | 91.519 | 91.519 |
|   2   | 84.833 | 98.686 | 99.343 | 91.389 | 91.389 |
|   3   | 84.833 | 98.686 | 99.292 | 91.372 | 91.372 |
|   4   | 84.631 | 98.584 | 99.292 | 91.249 | 91.249 |
|   5   | 84.681 | 98.787 | 99.292 | 91.329 | 91.329 |
|   6   | 84.783 | 98.736 | 99.292 | 91.382 | 91.382 |
|   7   | 84.884 | 98.736 | 99.292 | 91.443 | 91.443 |
|   8   | 85.035 | 98.787 | 99.292 | 91.494 | 91.494 |
|   9   | 85.035 | 98.736 | 99.292 | 91.489 | 91.489 |
|   10  | 85.035 | 98.635 | 99.292 | 91.468 | 91.468 |
|   11  | 85.086 | 98.686 | 99.292 | 91.525 | 91.525 |
|   12  | 85.086 | 98.635 | 99.292 | 91.512 | 91.512 |
|   13  | 85.035 | 98.686 | 99.292 | 91.472 | 91.472 |
+-------+--------+--------+--------+--------+--------+
     logs:  {'epo': 13, 'R1': 85.035, 'R5': 98.686, 'R10': 99.292, 'mAP': 91.472, 'mINP': 91.472, 'lr': 0.000114, 'entropy': 0.040866, 'loss': 2.385658, 'entr_unc': 0.01716, 'uncertainty': 2.368498, 'uncertainty_multiply_coeffi': 2.368498}
      TTA Epoch: [14] [  0/123]  eta: 0:00:45  lr: 0.000110  entropy: 0.0084  loss: 2.3906  entr_unc: 0.0036  uncertainty: 2.3871  uncertainty_multiply_coeffi: 2.3871  time: 0.3684  data: 0.2501  max mem: 2671
      TTA Epoch: [14] [100/123]  eta: 0:00:01  lr: 0.000105  entropy: 0.0243  loss: 2.3825  entr_unc: 0.0109  uncertainty: 2.3715  uncertainty_multiply_coeffi: 2.3715  time: 0.0575  data: 0.0014  max mem: 2671
      TTA Epoch: [14] [122/123]  eta: 0:00:00  lr: 0.000104  entropy: 0.0576  loss: 2.4059  entr_unc: 0.0246  uncertainty: 2.3813  uncertainty_multiply_coeffi: 2.3813  time: 0.0462  data: 0.0008  max mem: 2671
      TTA Epoch: [14] Total time: 0:00:07 (0.0597 s / it)
     Averaged stats: lr: 0.0001  entropy: 0.0435  loss: 2.3860  entr_unc: 0.0182  uncertainty: 2.3678  uncertainty_multiply_coeffi: 2.3678
     itm tta time 0:00:07
     Computing matching score
      Evaluation: [   0/1978]  eta: 0:02:23    time: 0.0727  data: 0.0034  max mem: 2671
      Evaluation: [ 100/1978]  eta: 0:02:09    time: 0.0683  data: 0.0000  max mem: 2671
      Evaluation: [ 200/1978]  eta: 0:02:02    time: 0.0686  data: 0.0000  max mem: 2671
      Evaluation: [ 300/1978]  eta: 0:01:56    time: 0.0707  data: 0.0000  max mem: 2671
      Evaluation: [ 400/1978]  eta: 0:01:49    time: 0.0700  data: 0.0000  max mem: 2671
      Evaluation: [ 500/1978]  eta: 0:01:42    time: 0.0692  data: 0.0000  max mem: 2671
      Evaluation: [ 600/1978]  eta: 0:01:35    time: 0.0695  data: 0.0000  max mem: 2671
      Evaluation: [ 700/1978]  eta: 0:01:28    time: 0.0685  data: 0.0000  max mem: 2671
      Evaluation: [ 800/1978]  eta: 0:01:21    time: 0.0688  data: 0.0000  max mem: 2671
      Evaluation: [ 900/1978]  eta: 0:01:14    time: 0.0698  data: 0.0000  max mem: 2671
      Evaluation: [1000/1978]  eta: 0:01:07    time: 0.0702  data: 0.0000  max mem: 2671
      Evaluation: [1100/1978]  eta: 0:01:00    time: 0.0693  data: 0.0000  max mem: 2671
      Evaluation: [1200/1978]  eta: 0:00:53    time: 0.0691  data: 0.0000  max mem: 2671
      Evaluation: [1300/1978]  eta: 0:00:46    time: 0.0694  data: 0.0000  max mem: 2671
      Evaluation: [1400/1978]  eta: 0:00:40    time: 0.0689  data: 0.0000  max mem: 2671
      Evaluation: [1500/1978]  eta: 0:00:33    time: 0.0689  data: 0.0000  max mem: 2671
      Evaluation: [1600/1978]  eta: 0:00:26    time: 0.0692  data: 0.0000  max mem: 2671
      Evaluation: [1700/1978]  eta: 0:00:19    time: 0.0693  data: 0.0000  max mem: 2671
      Evaluation: [1800/1978]  eta: 0:00:12    time: 0.0685  data: 0.0000  max mem: 2671
      Evaluation: [1900/1978]  eta: 0:00:05    time: 0.0685  data: 0.0000  max mem: 2671
      Evaluation: [1977/1978]  eta: 0:00:00    time: 0.0693  data: 0.0000  max mem: 2671
      Evaluation: Total time: 0:02:16 (0.0692 s / it)
     Computing matching score time 0:02:17
### TTA ITM Score: 
+-------+--------+--------+--------+--------+--------+
| epoch |   R1   |   R5   |  R10   |  mAP   |  mINP  |
+-------+--------+--------+--------+--------+--------+
|  -999 | 69.414 | 95.197 | 97.776 | 81.233 | 81.233 |
|  -999 | 69.414 | 95.197 | 97.776 | 81.233 | 81.233 |
|  -999 | 84.277 | 99.039 | 99.596 | 91.276 | 91.276 |
|   0   | 84.429 | 98.837 | 99.343 | 91.262 | 91.262 |
|   1   | 84.934 | 98.837 | 99.393 | 91.519 | 91.519 |
|   2   | 84.833 | 98.686 | 99.343 | 91.389 | 91.389 |
|   3   | 84.833 | 98.686 | 99.292 | 91.372 | 91.372 |
|   4   | 84.631 | 98.584 | 99.292 | 91.249 | 91.249 |
|   5   | 84.681 | 98.787 | 99.292 | 91.329 | 91.329 |
|   6   | 84.783 | 98.736 | 99.292 | 91.382 | 91.382 |
|   7   | 84.884 | 98.736 | 99.292 | 91.443 | 91.443 |
|   8   | 85.035 | 98.787 | 99.292 | 91.494 | 91.494 |
|   9   | 85.035 | 98.736 | 99.292 | 91.489 | 91.489 |
|   10  | 85.035 | 98.635 | 99.292 | 91.468 | 91.468 |
|   11  | 85.086 | 98.686 | 99.292 | 91.525 | 91.525 |
|   12  | 85.086 | 98.635 | 99.292 | 91.512 | 91.512 |
|   13  | 85.035 | 98.686 | 99.292 | 91.472 | 91.472 |
|   14  | 85.086 | 98.635 | 99.292 | 91.495 | 91.495 |
+-------+--------+--------+--------+--------+--------+
     logs:  {'epo': 14, 'R1': 85.086, 'R5': 98.635, 'R10': 99.292, 'mAP': 91.495, 'mINP': 91.495, 'lr': 0.000107, 'entropy': 0.043535, 'loss': 2.386017, 'entr_unc': 0.018181, 'uncertainty': 2.367836, 'uncertainty_multiply_coeffi': 2.367836}
      TTA Epoch: [15] [  0/123]  eta: 0:00:59  lr: 0.000104  entropy: 0.0135  loss: 2.4301  entr_unc: 0.0056  uncertainty: 2.4245  uncertainty_multiply_coeffi: 2.4245  time: 0.4868  data: 0.3891  max mem: 2671
      TTA Epoch: [15] [100/123]  eta: 0:00:01  lr: 0.000098  entropy: 0.0506  loss: 2.3333  entr_unc: 0.0215  uncertainty: 2.3118  uncertainty_multiply_coeffi: 2.3118  time: 0.0594  data: 0.0049  max mem: 2671
      TTA Epoch: [15] [122/123]  eta: 0:00:00  lr: 0.000097  entropy: 0.0887  loss: 2.4120  entr_unc: 0.0387  uncertainty: 2.3732  uncertainty_multiply_coeffi: 2.3732  time: 0.0454  data: 0.0019  max mem: 2671
      TTA Epoch: [15] Total time: 0:00:07 (0.0598 s / it)
     Averaged stats: lr: 0.0001  entropy: 0.0404  loss: 2.3853  entr_unc: 0.0168  uncertainty: 2.3685  uncertainty_multiply_coeffi: 2.3685
     itm tta time 0:00:07
     Computing matching score
      Evaluation: [   0/1978]  eta: 0:02:23    time: 0.0726  data: 0.0033  max mem: 2671
      Evaluation: [ 100/1978]  eta: 0:02:08    time: 0.0683  data: 0.0000  max mem: 2671
      Evaluation: [ 200/1978]  eta: 0:02:01    time: 0.0682  data: 0.0000  max mem: 2671
      Evaluation: [ 300/1978]  eta: 0:01:54    time: 0.0680  data: 0.0000  max mem: 2671
      Evaluation: [ 400/1978]  eta: 0:01:47    time: 0.0681  data: 0.0000  max mem: 2671
      Evaluation: [ 500/1978]  eta: 0:01:40    time: 0.0683  data: 0.0000  max mem: 2671
      Evaluation: [ 600/1978]  eta: 0:01:34    time: 0.0685  data: 0.0000  max mem: 2671
      Evaluation: [ 700/1978]  eta: 0:01:27    time: 0.0685  data: 0.0000  max mem: 2671
      Evaluation: [ 800/1978]  eta: 0:01:20    time: 0.0683  data: 0.0000  max mem: 2671
      Evaluation: [ 900/1978]  eta: 0:01:13    time: 0.0682  data: 0.0000  max mem: 2671
      Evaluation: [1000/1978]  eta: 0:01:06    time: 0.0683  data: 0.0000  max mem: 2671
      Evaluation: [1100/1978]  eta: 0:00:59    time: 0.0682  data: 0.0000  max mem: 2671
      Evaluation: [1200/1978]  eta: 0:00:53    time: 0.0680  data: 0.0000  max mem: 2671
      Evaluation: [1300/1978]  eta: 0:00:46    time: 0.0685  data: 0.0000  max mem: 2671
      Evaluation: [1400/1978]  eta: 0:00:39    time: 0.0683  data: 0.0000  max mem: 2671
      Evaluation: [1500/1978]  eta: 0:00:32    time: 0.0683  data: 0.0000  max mem: 2671
      Evaluation: [1600/1978]  eta: 0:00:25    time: 0.0683  data: 0.0000  max mem: 2671
      Evaluation: [1700/1978]  eta: 0:00:18    time: 0.0684  data: 0.0000  max mem: 2671
      Evaluation: [1800/1978]  eta: 0:00:12    time: 0.0690  data: 0.0000  max mem: 2671
      Evaluation: [1900/1978]  eta: 0:00:05    time: 0.0685  data: 0.0000  max mem: 2671
      Evaluation: [1977/1978]  eta: 0:00:00    time: 0.0685  data: 0.0000  max mem: 2671
      Evaluation: Total time: 0:02:15 (0.0684 s / it)
     Computing matching score time 0:02:15
### TTA ITM Score: 
+-------+--------+--------+--------+--------+--------+
| epoch |   R1   |   R5   |  R10   |  mAP   |  mINP  |
+-------+--------+--------+--------+--------+--------+
|  -999 | 69.414 | 95.197 | 97.776 | 81.233 | 81.233 |
|  -999 | 69.414 | 95.197 | 97.776 | 81.233 | 81.233 |
|  -999 | 84.277 | 99.039 | 99.596 | 91.276 | 91.276 |
|   0   | 84.429 | 98.837 | 99.343 | 91.262 | 91.262 |
|   1   | 84.934 | 98.837 | 99.393 | 91.519 | 91.519 |
|   2   | 84.833 | 98.686 | 99.343 | 91.389 | 91.389 |
|   3   | 84.833 | 98.686 | 99.292 | 91.372 | 91.372 |
|   4   | 84.631 | 98.584 | 99.292 | 91.249 | 91.249 |
|   5   | 84.681 | 98.787 | 99.292 | 91.329 | 91.329 |
|   6   | 84.783 | 98.736 | 99.292 | 91.382 | 91.382 |
|   7   | 84.884 | 98.736 | 99.292 | 91.443 | 91.443 |
|   8   | 85.035 | 98.787 | 99.292 | 91.494 | 91.494 |
|   9   | 85.035 | 98.736 | 99.292 | 91.489 | 91.489 |
|   10  | 85.035 | 98.635 | 99.292 | 91.468 | 91.468 |
|   11  | 85.086 | 98.686 | 99.292 | 91.525 | 91.525 |
|   12  | 85.086 | 98.635 | 99.292 | 91.512 | 91.512 |
|   13  | 85.035 | 98.686 | 99.292 | 91.472 | 91.472 |
|   14  | 85.086 | 98.635 | 99.292 | 91.495 | 91.495 |
|   15  | 85.187 | 98.584 | 99.292 | 91.552 | 91.552 |
+-------+--------+--------+--------+--------+--------+
     logs:  {'epo': 15, 'R1': 85.187, 'R5': 98.584, 'R10': 99.292, 'mAP': 91.552, 'mINP': 91.552, 'lr': 0.0001, 'entropy': 0.04043, 'loss': 2.385297, 'entr_unc': 0.016813, 'uncertainty': 2.368483, 'uncertainty_multiply_coeffi': 2.368483}
      TTA Epoch: [16] [  0/123]  eta: 0:00:52  lr: 0.000097  entropy: 0.0384  loss: 2.4611  entr_unc: 0.0159  uncertainty: 2.4452  uncertainty_multiply_coeffi: 2.4452  time: 0.4240  data: 0.2891  max mem: 2671
      TTA Epoch: [16] [100/123]  eta: 0:00:01  lr: 0.000091  entropy: 0.0495  loss: 2.3598  entr_unc: 0.0201  uncertainty: 2.3397  uncertainty_multiply_coeffi: 2.3397  time: 0.0567  data: 0.0031  max mem: 2671
      TTA Epoch: [16] [122/123]  eta: 0:00:00  lr: 0.000090  entropy: 0.0133  loss: 2.3736  entr_unc: 0.0052  uncertainty: 2.3684  uncertainty_multiply_coeffi: 2.3684  time: 0.0455  data: 0.0028  max mem: 2671
      TTA Epoch: [16] Total time: 0:00:07 (0.0594 s / it)
     Averaged stats: lr: 0.0001  entropy: 0.0400  loss: 2.3852  entr_unc: 0.0166  uncertainty: 2.3685  uncertainty_multiply_coeffi: 2.3685
     itm tta time 0:00:07
     Computing matching score
      Evaluation: [   0/1978]  eta: 0:02:25    time: 0.0736  data: 0.0034  max mem: 2671
      Evaluation: [ 100/1978]  eta: 0:02:08    time: 0.0681  data: 0.0000  max mem: 2671
      Evaluation: [ 200/1978]  eta: 0:02:01    time: 0.0680  data: 0.0000  max mem: 2671
      Evaluation: [ 300/1978]  eta: 0:01:54    time: 0.0688  data: 0.0000  max mem: 2671
      Evaluation: [ 400/1978]  eta: 0:01:48    time: 0.0683  data: 0.0000  max mem: 2671
      Evaluation: [ 500/1978]  eta: 0:01:41    time: 0.0684  data: 0.0000  max mem: 2671
      Evaluation: [ 600/1978]  eta: 0:01:34    time: 0.0684  data: 0.0000  max mem: 2671
      Evaluation: [ 700/1978]  eta: 0:01:27    time: 0.0685  data: 0.0000  max mem: 2671
      Evaluation: [ 800/1978]  eta: 0:01:20    time: 0.0685  data: 0.0000  max mem: 2671
      Evaluation: [ 900/1978]  eta: 0:01:13    time: 0.0691  data: 0.0000  max mem: 2671
      Evaluation: [1000/1978]  eta: 0:01:07    time: 0.0686  data: 0.0000  max mem: 2671
      Evaluation: [1100/1978]  eta: 0:01:00    time: 0.0688  data: 0.0000  max mem: 2671
      Evaluation: [1200/1978]  eta: 0:00:53    time: 0.0688  data: 0.0000  max mem: 2671
      Evaluation: [1300/1978]  eta: 0:00:46    time: 0.0686  data: 0.0000  max mem: 2671
      Evaluation: [1400/1978]  eta: 0:00:39    time: 0.0687  data: 0.0000  max mem: 2671
      Evaluation: [1500/1978]  eta: 0:00:32    time: 0.0687  data: 0.0000  max mem: 2671
      Evaluation: [1600/1978]  eta: 0:00:25    time: 0.0695  data: 0.0000  max mem: 2671
      Evaluation: [1700/1978]  eta: 0:00:19    time: 0.0688  data: 0.0000  max mem: 2671
      Evaluation: [1800/1978]  eta: 0:00:12    time: 0.0686  data: 0.0000  max mem: 2671
      Evaluation: [1900/1978]  eta: 0:00:05    time: 0.0687  data: 0.0000  max mem: 2671
      Evaluation: [1977/1978]  eta: 0:00:00    time: 0.0685  data: 0.0000  max mem: 2671
      Evaluation: Total time: 0:02:15 (0.0686 s / it)
     Computing matching score time 0:02:15
### TTA ITM Score: 
+-------+--------+--------+--------+--------+--------+
| epoch |   R1   |   R5   |  R10   |  mAP   |  mINP  |
+-------+--------+--------+--------+--------+--------+
|  -999 | 69.414 | 95.197 | 97.776 | 81.233 | 81.233 |
|  -999 | 69.414 | 95.197 | 97.776 | 81.233 | 81.233 |
|  -999 | 84.277 | 99.039 | 99.596 | 91.276 | 91.276 |
|   0   | 84.429 | 98.837 | 99.343 | 91.262 | 91.262 |
|   1   | 84.934 | 98.837 | 99.393 | 91.519 | 91.519 |
|   2   | 84.833 | 98.686 | 99.343 | 91.389 | 91.389 |
|   3   | 84.833 | 98.686 | 99.292 | 91.372 | 91.372 |
|   4   | 84.631 | 98.584 | 99.292 | 91.249 | 91.249 |
|   5   | 84.681 | 98.787 | 99.292 | 91.329 | 91.329 |
|   6   | 84.783 | 98.736 | 99.292 | 91.382 | 91.382 |
|   7   | 84.884 | 98.736 | 99.292 | 91.443 | 91.443 |
|   8   | 85.035 | 98.787 | 99.292 | 91.494 | 91.494 |
|   9   | 85.035 | 98.736 | 99.292 | 91.489 | 91.489 |
|   10  | 85.035 | 98.635 | 99.292 | 91.468 | 91.468 |
|   11  | 85.086 | 98.686 | 99.292 | 91.525 | 91.525 |
|   12  | 85.086 | 98.635 | 99.292 | 91.512 | 91.512 |
|   13  | 85.035 | 98.686 | 99.292 | 91.472 | 91.472 |
|   14  | 85.086 | 98.635 | 99.292 | 91.495 | 91.495 |
|   15  | 85.187 | 98.584 | 99.292 | 91.552 | 91.552 |
|   16  | 85.137 | 98.635 | 99.292 | 91.517 | 91.517 |
+-------+--------+--------+--------+--------+--------+
     logs:  {'epo': 16, 'R1': 85.137, 'R5': 98.635, 'R10': 99.292, 'mAP': 91.517, 'mINP': 91.517, 'lr': 9.3e-05, 'entropy': 0.040006, 'loss': 2.385152, 'entr_unc': 0.016631, 'uncertainty': 2.368521, 'uncertainty_multiply_coeffi': 2.368521}
      TTA Epoch: [17] [  0/123]  eta: 0:01:01  lr: 0.000090  entropy: 0.0800  loss: 2.4448  entr_unc: 0.0313  uncertainty: 2.4134  uncertainty_multiply_coeffi: 2.4134  time: 0.5006  data: 0.3391  max mem: 2671
      TTA Epoch: [17] [100/123]  eta: 0:00:01  lr: 0.000084  entropy: 0.0749  loss: 2.4337  entr_unc: 0.0339  uncertainty: 2.3998  uncertainty_multiply_coeffi: 2.3998  time: 0.0553  data: 0.0037  max mem: 2671
      TTA Epoch: [17] [122/123]  eta: 0:00:00  lr: 0.000083  entropy: 0.0886  loss: 2.4287  entr_unc: 0.0364  uncertainty: 2.3922  uncertainty_multiply_coeffi: 2.3922  time: 0.0488  data: 0.0023  max mem: 2671
      TTA Epoch: [17] Total time: 0:00:07 (0.0599 s / it)
     Averaged stats: lr: 0.0001  entropy: 0.0420  loss: 2.3863  entr_unc: 0.0176  uncertainty: 2.3687  uncertainty_multiply_coeffi: 2.3687
     itm tta time 0:00:07
     Computing matching score
      Evaluation: [   0/1978]  eta: 0:02:22    time: 0.0720  data: 0.0034  max mem: 2671
      Evaluation: [ 100/1978]  eta: 0:02:08    time: 0.0686  data: 0.0000  max mem: 2671
      Evaluation: [ 200/1978]  eta: 0:02:01    time: 0.0688  data: 0.0000  max mem: 2671
      Evaluation: [ 300/1978]  eta: 0:01:55    time: 0.0689  data: 0.0000  max mem: 2671
      Evaluation: [ 400/1978]  eta: 0:01:48    time: 0.0685  data: 0.0000  max mem: 2671
      Evaluation: [ 500/1978]  eta: 0:01:41    time: 0.0686  data: 0.0000  max mem: 2671
      Evaluation: [ 600/1978]  eta: 0:01:34    time: 0.0687  data: 0.0000  max mem: 2671
      Evaluation: [ 700/1978]  eta: 0:01:27    time: 0.0688  data: 0.0000  max mem: 2671
      Evaluation: [ 800/1978]  eta: 0:01:20    time: 0.0690  data: 0.0000  max mem: 2671
      Evaluation: [ 900/1978]  eta: 0:01:13    time: 0.0686  data: 0.0000  max mem: 2671
      Evaluation: [1000/1978]  eta: 0:01:07    time: 0.0685  data: 0.0000  max mem: 2671
      Evaluation: [1100/1978]  eta: 0:01:00    time: 0.0686  data: 0.0000  max mem: 2671
      Evaluation: [1200/1978]  eta: 0:00:53    time: 0.0684  data: 0.0000  max mem: 2671
      Evaluation: [1300/1978]  eta: 0:00:46    time: 0.0690  data: 0.0000  max mem: 2671
      Evaluation: [1400/1978]  eta: 0:00:39    time: 0.0685  data: 0.0000  max mem: 2671
      Evaluation: [1500/1978]  eta: 0:00:32    time: 0.0685  data: 0.0000  max mem: 2671
      Evaluation: [1600/1978]  eta: 0:00:25    time: 0.0685  data: 0.0000  max mem: 2671
      Evaluation: [1700/1978]  eta: 0:00:19    time: 0.0685  data: 0.0000  max mem: 2671
      Evaluation: [1800/1978]  eta: 0:00:12    time: 0.0685  data: 0.0000  max mem: 2671
      Evaluation: [1900/1978]  eta: 0:00:05    time: 0.0684  data: 0.0000  max mem: 2671
      Evaluation: [1977/1978]  eta: 0:00:00    time: 0.0688  data: 0.0000  max mem: 2671
      Evaluation: Total time: 0:02:15 (0.0686 s / it)
     Computing matching score time 0:02:15
### TTA ITM Score: 
+-------+--------+--------+--------+--------+--------+
| epoch |   R1   |   R5   |  R10   |  mAP   |  mINP  |
+-------+--------+--------+--------+--------+--------+
|  -999 | 69.414 | 95.197 | 97.776 | 81.233 | 81.233 |
|  -999 | 69.414 | 95.197 | 97.776 | 81.233 | 81.233 |
|  -999 | 84.277 | 99.039 | 99.596 | 91.276 | 91.276 |
|   0   | 84.429 | 98.837 | 99.343 | 91.262 | 91.262 |
|   1   | 84.934 | 98.837 | 99.393 | 91.519 | 91.519 |
|   2   | 84.833 | 98.686 | 99.343 | 91.389 | 91.389 |
|   3   | 84.833 | 98.686 | 99.292 | 91.372 | 91.372 |
|   4   | 84.631 | 98.584 | 99.292 | 91.249 | 91.249 |
|   5   | 84.681 | 98.787 | 99.292 | 91.329 | 91.329 |
|   6   | 84.783 | 98.736 | 99.292 | 91.382 | 91.382 |
|   7   | 84.884 | 98.736 | 99.292 | 91.443 | 91.443 |
|   8   | 85.035 | 98.787 | 99.292 | 91.494 | 91.494 |
|   9   | 85.035 | 98.736 | 99.292 | 91.489 | 91.489 |
|   10  | 85.035 | 98.635 | 99.292 | 91.468 | 91.468 |
|   11  | 85.086 | 98.686 | 99.292 | 91.525 | 91.525 |
|   12  | 85.086 | 98.635 | 99.292 | 91.512 | 91.512 |
|   13  | 85.035 | 98.686 | 99.292 | 91.472 | 91.472 |
|   14  | 85.086 | 98.635 | 99.292 | 91.495 | 91.495 |
|   15  | 85.187 | 98.584 | 99.292 | 91.552 | 91.552 |
|   16  | 85.137 | 98.635 | 99.292 | 91.517 | 91.517 |
|   17  | 85.238 | 98.635 | 99.292 | 91.581 | 91.581 |
+-------+--------+--------+--------+--------+--------+
     logs:  {'epo': 17, 'R1': 85.238, 'R5': 98.635, 'R10': 99.292, 'mAP': 91.581, 'mINP': 91.581, 'lr': 8.7e-05, 'entropy': 0.042034, 'loss': 2.386308, 'entr_unc': 0.017571, 'uncertainty': 2.368737, 'uncertainty_multiply_coeffi': 2.368737}
      TTA Epoch: [18] [  0/123]  eta: 0:01:07  lr: 0.000083  entropy: 0.1263  loss: 2.4157  entr_unc: 0.0496  uncertainty: 2.3661  uncertainty_multiply_coeffi: 2.3661  time: 0.5491  data: 0.4618  max mem: 2671
      TTA Epoch: [18] [100/123]  eta: 0:00:01  lr: 0.000078  entropy: 0.1149  loss: 2.4193  entr_unc: 0.0477  uncertainty: 2.3716  uncertainty_multiply_coeffi: 2.3716  time: 0.0558  data: 0.0036  max mem: 2671
      TTA Epoch: [18] [122/123]  eta: 0:00:00  lr: 0.000076  entropy: 0.0043  loss: 2.3020  entr_unc: 0.0018  uncertainty: 2.3002  uncertainty_multiply_coeffi: 2.3002  time: 0.0460  data: 0.0010  max mem: 2671
      TTA Epoch: [18] Total time: 0:00:07 (0.0595 s / it)
     Averaged stats: lr: 0.0001  entropy: 0.0368  loss: 2.3841  entr_unc: 0.0154  uncertainty: 2.3687  uncertainty_multiply_coeffi: 2.3687
     itm tta time 0:00:07
     Computing matching score
      Evaluation: [   0/1978]  eta: 0:02:23    time: 0.0724  data: 0.0035  max mem: 2671
      Evaluation: [ 100/1978]  eta: 0:02:08    time: 0.0683  data: 0.0000  max mem: 2671
      Evaluation: [ 200/1978]  eta: 0:02:01    time: 0.0682  data: 0.0000  max mem: 2671
      Evaluation: [ 300/1978]  eta: 0:01:54    time: 0.0682  data: 0.0000  max mem: 2671
      Evaluation: [ 400/1978]  eta: 0:01:47    time: 0.0683  data: 0.0000  max mem: 2671
      Evaluation: [ 500/1978]  eta: 0:01:40    time: 0.0683  data: 0.0000  max mem: 2671
      Evaluation: [ 600/1978]  eta: 0:01:34    time: 0.0684  data: 0.0000  max mem: 2671
      Evaluation: [ 700/1978]  eta: 0:01:27    time: 0.0683  data: 0.0000  max mem: 2671
      Evaluation: [ 800/1978]  eta: 0:01:20    time: 0.0683  data: 0.0000  max mem: 2671
      Evaluation: [ 900/1978]  eta: 0:01:13    time: 0.0683  data: 0.0000  max mem: 2671
      Evaluation: [1000/1978]  eta: 0:01:06    time: 0.0683  data: 0.0000  max mem: 2671
      Evaluation: [1100/1978]  eta: 0:01:00    time: 0.0688  data: 0.0000  max mem: 2671
      Evaluation: [1200/1978]  eta: 0:00:53    time: 0.0682  data: 0.0000  max mem: 2671
      Evaluation: [1300/1978]  eta: 0:00:46    time: 0.0685  data: 0.0000  max mem: 2671
      Evaluation: [1400/1978]  eta: 0:00:39    time: 0.0686  data: 0.0000  max mem: 2671
      Evaluation: [1500/1978]  eta: 0:00:32    time: 0.0686  data: 0.0000  max mem: 2671
      Evaluation: [1600/1978]  eta: 0:00:25    time: 0.0685  data: 0.0000  max mem: 2671
      Evaluation: [1700/1978]  eta: 0:00:19    time: 0.0686  data: 0.0000  max mem: 2671
      Evaluation: [1800/1978]  eta: 0:00:12    time: 0.0691  data: 0.0000  max mem: 2671
      Evaluation: [1900/1978]  eta: 0:00:05    time: 0.0686  data: 0.0000  max mem: 2671
      Evaluation: [1977/1978]  eta: 0:00:00    time: 0.0688  data: 0.0000  max mem: 2671
      Evaluation: Total time: 0:02:15 (0.0684 s / it)
     Computing matching score time 0:02:15
### TTA ITM Score: 
+-------+--------+--------+--------+--------+--------+
| epoch |   R1   |   R5   |  R10   |  mAP   |  mINP  |
+-------+--------+--------+--------+--------+--------+
|  -999 | 69.414 | 95.197 | 97.776 | 81.233 | 81.233 |
|  -999 | 69.414 | 95.197 | 97.776 | 81.233 | 81.233 |
|  -999 | 84.277 | 99.039 | 99.596 | 91.276 | 91.276 |
|   0   | 84.429 | 98.837 | 99.343 | 91.262 | 91.262 |
|   1   | 84.934 | 98.837 | 99.393 | 91.519 | 91.519 |
|   2   | 84.833 | 98.686 | 99.343 | 91.389 | 91.389 |
|   3   | 84.833 | 98.686 | 99.292 | 91.372 | 91.372 |
|   4   | 84.631 | 98.584 | 99.292 | 91.249 | 91.249 |
|   5   | 84.681 | 98.787 | 99.292 | 91.329 | 91.329 |
|   6   | 84.783 | 98.736 | 99.292 | 91.382 | 91.382 |
|   7   | 84.884 | 98.736 | 99.292 | 91.443 | 91.443 |
|   8   | 85.035 | 98.787 | 99.292 | 91.494 | 91.494 |
|   9   | 85.035 | 98.736 | 99.292 | 91.489 | 91.489 |
|   10  | 85.035 | 98.635 | 99.292 | 91.468 | 91.468 |
|   11  | 85.086 | 98.686 | 99.292 | 91.525 | 91.525 |
|   12  | 85.086 | 98.635 | 99.292 | 91.512 | 91.512 |
|   13  | 85.035 | 98.686 | 99.292 | 91.472 | 91.472 |
|   14  | 85.086 | 98.635 | 99.292 | 91.495 | 91.495 |
|   15  | 85.187 | 98.584 | 99.292 | 91.552 | 91.552 |
|   16  | 85.137 | 98.635 | 99.292 | 91.517 | 91.517 |
|   17  | 85.238 | 98.635 | 99.292 | 91.581 | 91.581 |
|   18  | 85.187 | 98.635 | 99.292 | 91.547 | 91.547 |
+-------+--------+--------+--------+--------+--------+
     logs:  {'epo': 18, 'R1': 85.187, 'R5': 98.635, 'R10': 99.292, 'mAP': 91.547, 'mINP': 91.547, 'lr': 8e-05, 'entropy': 0.03677, 'loss': 2.384096, 'entr_unc': 0.015378, 'uncertainty': 2.368718, 'uncertainty_multiply_coeffi': 2.368718}
      TTA Epoch: [19] [  0/123]  eta: 0:01:00  lr: 0.000076  entropy: 0.0375  loss: 2.4755  entr_unc: 0.0150  uncertainty: 2.4605  uncertainty_multiply_coeffi: 2.4605  time: 0.4929  data: 0.3361  max mem: 2671
      TTA Epoch: [19] [100/123]  eta: 0:00:01  lr: 0.000071  entropy: 0.0112  loss: 2.3623  entr_unc: 0.0048  uncertainty: 2.3575  uncertainty_multiply_coeffi: 2.3575  time: 0.0580  data: 0.0028  max mem: 2671
      TTA Epoch: [19] [122/123]  eta: 0:00:00  lr: 0.000070  entropy: 0.0573  loss: 2.4286  entr_unc: 0.0234  uncertainty: 2.4053  uncertainty_multiply_coeffi: 2.4053  time: 0.0458  data: 0.0027  max mem: 2671
      TTA Epoch: [19] Total time: 0:00:07 (0.0595 s / it)
     Averaged stats: lr: 0.0001  entropy: 0.0415  loss: 2.3861  entr_unc: 0.0174  uncertainty: 2.3687  uncertainty_multiply_coeffi: 2.3687
     itm tta time 0:00:07
     Computing matching score
      Evaluation: [   0/1978]  eta: 0:02:24    time: 0.0729  data: 0.0035  max mem: 2671
      Evaluation: [ 100/1978]  eta: 0:02:08    time: 0.0684  data: 0.0000  max mem: 2671
      Evaluation: [ 200/1978]  eta: 0:02:01    time: 0.0684  data: 0.0000  max mem: 2671
      Evaluation: [ 300/1978]  eta: 0:01:54    time: 0.0685  data: 0.0000  max mem: 2671
      Evaluation: [ 400/1978]  eta: 0:01:47    time: 0.0683  data: 0.0000  max mem: 2671
      Evaluation: [ 500/1978]  eta: 0:01:41    time: 0.0684  data: 0.0000  max mem: 2671
      Evaluation: [ 600/1978]  eta: 0:01:34    time: 0.0683  data: 0.0000  max mem: 2671
      Evaluation: [ 700/1978]  eta: 0:01:27    time: 0.0685  data: 0.0000  max mem: 2671
      Evaluation: [ 800/1978]  eta: 0:01:20    time: 0.0685  data: 0.0000  max mem: 2671
      Evaluation: [ 900/1978]  eta: 0:01:13    time: 0.0689  data: 0.0000  max mem: 2671
      Evaluation: [1000/1978]  eta: 0:01:06    time: 0.0684  data: 0.0000  max mem: 2671
      Evaluation: [1100/1978]  eta: 0:01:00    time: 0.0685  data: 0.0000  max mem: 2671
      Evaluation: [1200/1978]  eta: 0:00:53    time: 0.0685  data: 0.0000  max mem: 2671
      Evaluation: [1300/1978]  eta: 0:00:46    time: 0.0683  data: 0.0000  max mem: 2671
      Evaluation: [1400/1978]  eta: 0:00:39    time: 0.0686  data: 0.0000  max mem: 2671
      Evaluation: [1500/1978]  eta: 0:00:32    time: 0.0687  data: 0.0000  max mem: 2671
      Evaluation: [1600/1978]  eta: 0:00:25    time: 0.0685  data: 0.0000  max mem: 2671
      Evaluation: [1700/1978]  eta: 0:00:19    time: 0.0686  data: 0.0000  max mem: 2671
      Evaluation: [1800/1978]  eta: 0:00:12    time: 0.0682  data: 0.0000  max mem: 2671
      Evaluation: [1900/1978]  eta: 0:00:05    time: 0.0686  data: 0.0000  max mem: 2671
      Evaluation: [1977/1978]  eta: 0:00:00    time: 0.0686  data: 0.0000  max mem: 2671
      Evaluation: Total time: 0:02:15 (0.0685 s / it)
     Computing matching score time 0:02:15
### TTA ITM Score: 
+-------+--------+--------+--------+--------+--------+
| epoch |   R1   |   R5   |  R10   |  mAP   |  mINP  |
+-------+--------+--------+--------+--------+--------+
|  -999 | 69.414 | 95.197 | 97.776 | 81.233 | 81.233 |
|  -999 | 69.414 | 95.197 | 97.776 | 81.233 | 81.233 |
|  -999 | 84.277 | 99.039 | 99.596 | 91.276 | 91.276 |
|   0   | 84.429 | 98.837 | 99.343 | 91.262 | 91.262 |
|   1   | 84.934 | 98.837 | 99.393 | 91.519 | 91.519 |
|   2   | 84.833 | 98.686 | 99.343 | 91.389 | 91.389 |
|   3   | 84.833 | 98.686 | 99.292 | 91.372 | 91.372 |
|   4   | 84.631 | 98.584 | 99.292 | 91.249 | 91.249 |
|   5   | 84.681 | 98.787 | 99.292 | 91.329 | 91.329 |
|   6   | 84.783 | 98.736 | 99.292 | 91.382 | 91.382 |
|   7   | 84.884 | 98.736 | 99.292 | 91.443 | 91.443 |
|   8   | 85.035 | 98.787 | 99.292 | 91.494 | 91.494 |
|   9   | 85.035 | 98.736 | 99.292 | 91.489 | 91.489 |
|   10  | 85.035 | 98.635 | 99.292 | 91.468 | 91.468 |
|   11  | 85.086 | 98.686 | 99.292 | 91.525 | 91.525 |
|   12  | 85.086 | 98.635 | 99.292 | 91.512 | 91.512 |
|   13  | 85.035 | 98.686 | 99.292 | 91.472 | 91.472 |
|   14  | 85.086 | 98.635 | 99.292 | 91.495 | 91.495 |
|   15  | 85.187 | 98.584 | 99.292 | 91.552 | 91.552 |
|   16  | 85.137 | 98.635 | 99.292 | 91.517 | 91.517 |
|   17  | 85.238 | 98.635 | 99.292 | 91.581 | 91.581 |
|   18  | 85.187 | 98.635 | 99.292 | 91.547 | 91.547 |
|   19  | 85.238 | 98.635 | 99.292 | 91.570 | 91.570 |
+-------+--------+--------+--------+--------+--------+
     logs:  {'epo': 19, 'R1': 85.238, 'R5': 98.635, 'R10': 99.292, 'mAP': 91.57, 'mINP': 91.57, 'lr': 7.3e-05, 'entropy': 0.041524, 'loss': 2.386102, 'entr_unc': 0.017438, 'uncertainty': 2.368664, 'uncertainty_multiply_coeffi': 2.368664}
      TTA Epoch: [20] [  0/123]  eta: 0:01:04  lr: 0.000070  entropy: 0.0160  loss: 2.3316  entr_unc: 0.0070  uncertainty: 2.3246  uncertainty_multiply_coeffi: 2.3246  time: 0.5222  data: 0.4061  max mem: 2671
      TTA Epoch: [20] [100/123]  eta: 0:00:01  lr: 0.000064  entropy: 0.0852  loss: 2.3581  entr_unc: 0.0337  uncertainty: 2.3244  uncertainty_multiply_coeffi: 2.3244  time: 0.0583  data: 0.0046  max mem: 2671
      TTA Epoch: [20] [122/123]  eta: 0:00:00  lr: 0.000063  entropy: 0.0084  loss: 2.3752  entr_unc: 0.0034  uncertainty: 2.3718  uncertainty_multiply_coeffi: 2.3718  time: 0.0451  data: 0.0016  max mem: 2671
      TTA Epoch: [20] Total time: 0:00:07 (0.0592 s / it)
     Averaged stats: lr: 0.0001  entropy: 0.0431  loss: 2.3861  entr_unc: 0.0180  uncertainty: 2.3681  uncertainty_multiply_coeffi: 2.3681
     itm tta time 0:00:07
     Computing matching score
      Evaluation: [   0/1978]  eta: 0:02:22    time: 0.0719  data: 0.0034  max mem: 2671
      Evaluation: [ 100/1978]  eta: 0:02:08    time: 0.0682  data: 0.0000  max mem: 2671
      Evaluation: [ 200/1978]  eta: 0:02:01    time: 0.0683  data: 0.0000  max mem: 2671
      Evaluation: [ 300/1978]  eta: 0:01:54    time: 0.0682  data: 0.0000  max mem: 2671
      Evaluation: [ 400/1978]  eta: 0:01:47    time: 0.0682  data: 0.0000  max mem: 2671
      Evaluation: [ 500/1978]  eta: 0:01:41    time: 0.0685  data: 0.0000  max mem: 2671
      Evaluation: [ 600/1978]  eta: 0:01:34    time: 0.0681  data: 0.0000  max mem: 2671
      Evaluation: [ 700/1978]  eta: 0:01:27    time: 0.0682  data: 0.0000  max mem: 2671
      Evaluation: [ 800/1978]  eta: 0:01:20    time: 0.0683  data: 0.0000  max mem: 2671
      Evaluation: [ 900/1978]  eta: 0:01:13    time: 0.0682  data: 0.0000  max mem: 2671
      Evaluation: [1000/1978]  eta: 0:01:06    time: 0.0690  data: 0.0000  max mem: 2671
      Evaluation: [1100/1978]  eta: 0:01:00    time: 0.0683  data: 0.0000  max mem: 2671
      Evaluation: [1200/1978]  eta: 0:00:53    time: 0.0682  data: 0.0000  max mem: 2671
      Evaluation: [1300/1978]  eta: 0:00:46    time: 0.0682  data: 0.0000  max mem: 2671
      Evaluation: [1400/1978]  eta: 0:00:39    time: 0.0682  data: 0.0000  max mem: 2671
      Evaluation: [1500/1978]  eta: 0:00:32    time: 0.0682  data: 0.0000  max mem: 2671
      Evaluation: [1600/1978]  eta: 0:00:25    time: 0.0685  data: 0.0000  max mem: 2671
      Evaluation: [1700/1978]  eta: 0:00:18    time: 0.0684  data: 0.0000  max mem: 2671
      Evaluation: [1800/1978]  eta: 0:00:12    time: 0.0685  data: 0.0000  max mem: 2671
      Evaluation: [1900/1978]  eta: 0:00:05    time: 0.0685  data: 0.0000  max mem: 2671
      Evaluation: [1977/1978]  eta: 0:00:00    time: 0.0680  data: 0.0000  max mem: 2671
      Evaluation: Total time: 0:02:15 (0.0683 s / it)
     Computing matching score time 0:02:15
### TTA ITM Score: 
+-------+--------+--------+--------+--------+--------+
| epoch |   R1   |   R5   |  R10   |  mAP   |  mINP  |
+-------+--------+--------+--------+--------+--------+
|  -999 | 69.414 | 95.197 | 97.776 | 81.233 | 81.233 |
|  -999 | 69.414 | 95.197 | 97.776 | 81.233 | 81.233 |
|  -999 | 84.277 | 99.039 | 99.596 | 91.276 | 91.276 |
|   0   | 84.429 | 98.837 | 99.343 | 91.262 | 91.262 |
|   1   | 84.934 | 98.837 | 99.393 | 91.519 | 91.519 |
|   2   | 84.833 | 98.686 | 99.343 | 91.389 | 91.389 |
|   3   | 84.833 | 98.686 | 99.292 | 91.372 | 91.372 |
|   4   | 84.631 | 98.584 | 99.292 | 91.249 | 91.249 |
|   5   | 84.681 | 98.787 | 99.292 | 91.329 | 91.329 |
|   6   | 84.783 | 98.736 | 99.292 | 91.382 | 91.382 |
|   7   | 84.884 | 98.736 | 99.292 | 91.443 | 91.443 |
|   8   | 85.035 | 98.787 | 99.292 | 91.494 | 91.494 |
|   9   | 85.035 | 98.736 | 99.292 | 91.489 | 91.489 |
|   10  | 85.035 | 98.635 | 99.292 | 91.468 | 91.468 |
|   11  | 85.086 | 98.686 | 99.292 | 91.525 | 91.525 |
|   12  | 85.086 | 98.635 | 99.292 | 91.512 | 91.512 |
|   13  | 85.035 | 98.686 | 99.292 | 91.472 | 91.472 |
|   14  | 85.086 | 98.635 | 99.292 | 91.495 | 91.495 |
|   15  | 85.187 | 98.584 | 99.292 | 91.552 | 91.552 |
|   16  | 85.137 | 98.635 | 99.292 | 91.517 | 91.517 |
|   17  | 85.238 | 98.635 | 99.292 | 91.581 | 91.581 |
|   18  | 85.187 | 98.635 | 99.292 | 91.547 | 91.547 |
|   19  | 85.238 | 98.635 | 99.292 | 91.570 | 91.570 |
|   20  | 85.187 | 98.635 | 99.292 | 91.538 | 91.538 |
+-------+--------+--------+--------+--------+--------+
     logs:  {'epo': 20, 'R1': 85.187, 'R5': 98.635, 'R10': 99.292, 'mAP': 91.538, 'mINP': 91.538, 'lr': 6.6e-05, 'entropy': 0.043118, 'loss': 2.38607, 'entr_unc': 0.017969, 'uncertainty': 2.368101, 'uncertainty_multiply_coeffi': 2.368101}
      TTA Epoch: [21] [  0/123]  eta: 0:01:03  lr: 0.000063  entropy: 0.0860  loss: 2.4164  entr_unc: 0.0340  uncertainty: 2.3824  uncertainty_multiply_coeffi: 2.3824  time: 0.5151  data: 0.3992  max mem: 2671
      TTA Epoch: [21] [100/123]  eta: 0:00:01  lr: 0.000057  entropy: 0.0484  loss: 2.3764  entr_unc: 0.0200  uncertainty: 2.3564  uncertainty_multiply_coeffi: 2.3564  time: 0.0633  data: 0.0051  max mem: 2671
      TTA Epoch: [21] [122/123]  eta: 0:00:00  lr: 0.000056  entropy: 0.0970  loss: 2.4194  entr_unc: 0.0417  uncertainty: 2.3777  uncertainty_multiply_coeffi: 2.3777  time: 0.0473  data: 0.0033  max mem: 2671
      TTA Epoch: [21] Total time: 0:00:07 (0.0604 s / it)
     Averaged stats: lr: 0.0001  entropy: 0.0373  loss: 2.3840  entr_unc: 0.0155  uncertainty: 2.3685  uncertainty_multiply_coeffi: 2.3685
     itm tta time 0:00:07
     Computing matching score
      Evaluation: [   0/1978]  eta: 0:02:24    time: 0.0731  data: 0.0034  max mem: 2671
      Evaluation: [ 100/1978]  eta: 0:02:08    time: 0.0686  data: 0.0000  max mem: 2671
      Evaluation: [ 200/1978]  eta: 0:02:01    time: 0.0681  data: 0.0000  max mem: 2671
      Evaluation: [ 300/1978]  eta: 0:01:54    time: 0.0681  data: 0.0000  max mem: 2671
      Evaluation: [ 400/1978]  eta: 0:01:47    time: 0.0689  data: 0.0000  max mem: 2671
      Evaluation: [ 500/1978]  eta: 0:01:42    time: 0.0783  data: 0.0000  max mem: 2671
      Evaluation: [ 600/1978]  eta: 0:01:35    time: 0.0680  data: 0.0000  max mem: 2671
      Evaluation: [ 700/1978]  eta: 0:01:28    time: 0.0684  data: 0.0000  max mem: 2671
      Evaluation: [ 800/1978]  eta: 0:01:21    time: 0.0689  data: 0.0000  max mem: 2671
      Evaluation: [ 900/1978]  eta: 0:01:14    time: 0.0685  data: 0.0000  max mem: 2671
      Evaluation: [1000/1978]  eta: 0:01:07    time: 0.0682  data: 0.0000  max mem: 2671
      Evaluation: [1100/1978]  eta: 0:01:00    time: 0.0682  data: 0.0000  max mem: 2671
      Evaluation: [1200/1978]  eta: 0:00:53    time: 0.0683  data: 0.0000  max mem: 2671
      Evaluation: [1300/1978]  eta: 0:00:46    time: 0.0683  data: 0.0000  max mem: 2671
      Evaluation: [1400/1978]  eta: 0:00:39    time: 0.0689  data: 0.0000  max mem: 2671
      Evaluation: [1500/1978]  eta: 0:00:32    time: 0.0685  data: 0.0000  max mem: 2671
      Evaluation: [1600/1978]  eta: 0:00:26    time: 0.0687  data: 0.0000  max mem: 2671
      Evaluation: [1700/1978]  eta: 0:00:19    time: 0.0686  data: 0.0000  max mem: 2671
      Evaluation: [1800/1978]  eta: 0:00:12    time: 0.0687  data: 0.0000  max mem: 2671
      Evaluation: [1900/1978]  eta: 0:00:05    time: 0.0691  data: 0.0000  max mem: 2671
      Evaluation: [1977/1978]  eta: 0:00:00    time: 0.0686  data: 0.0000  max mem: 2671
      Evaluation: Total time: 0:02:16 (0.0692 s / it)
     Computing matching score time 0:02:16
### TTA ITM Score: 
+-------+--------+--------+--------+--------+--------+
| epoch |   R1   |   R5   |  R10   |  mAP   |  mINP  |
+-------+--------+--------+--------+--------+--------+
|  -999 | 69.414 | 95.197 | 97.776 | 81.233 | 81.233 |
|  -999 | 69.414 | 95.197 | 97.776 | 81.233 | 81.233 |
|  -999 | 84.277 | 99.039 | 99.596 | 91.276 | 91.276 |
|   0   | 84.429 | 98.837 | 99.343 | 91.262 | 91.262 |
|   1   | 84.934 | 98.837 | 99.393 | 91.519 | 91.519 |
|   2   | 84.833 | 98.686 | 99.343 | 91.389 | 91.389 |
|   3   | 84.833 | 98.686 | 99.292 | 91.372 | 91.372 |
|   4   | 84.631 | 98.584 | 99.292 | 91.249 | 91.249 |
|   5   | 84.681 | 98.787 | 99.292 | 91.329 | 91.329 |
|   6   | 84.783 | 98.736 | 99.292 | 91.382 | 91.382 |
|   7   | 84.884 | 98.736 | 99.292 | 91.443 | 91.443 |
|   8   | 85.035 | 98.787 | 99.292 | 91.494 | 91.494 |
|   9   | 85.035 | 98.736 | 99.292 | 91.489 | 91.489 |
|   10  | 85.035 | 98.635 | 99.292 | 91.468 | 91.468 |
|   11  | 85.086 | 98.686 | 99.292 | 91.525 | 91.525 |
|   12  | 85.086 | 98.635 | 99.292 | 91.512 | 91.512 |
|   13  | 85.035 | 98.686 | 99.292 | 91.472 | 91.472 |
|   14  | 85.086 | 98.635 | 99.292 | 91.495 | 91.495 |
|   15  | 85.187 | 98.584 | 99.292 | 91.552 | 91.552 |
|   16  | 85.137 | 98.635 | 99.292 | 91.517 | 91.517 |
|   17  | 85.238 | 98.635 | 99.292 | 91.581 | 91.581 |
|   18  | 85.187 | 98.635 | 99.292 | 91.547 | 91.547 |
|   19  | 85.238 | 98.635 | 99.292 | 91.570 | 91.570 |
|   20  | 85.187 | 98.635 | 99.292 | 91.538 | 91.538 |
|   21  | 85.137 | 98.635 | 99.292 | 91.512 | 91.512 |
+-------+--------+--------+--------+--------+--------+
     logs:  {'epo': 21, 'R1': 85.137, 'R5': 98.635, 'R10': 99.292, 'mAP': 91.512, 'mINP': 91.512, 'lr': 5.9e-05, 'entropy': 0.037322, 'loss': 2.383965, 'entr_unc': 0.015494, 'uncertainty': 2.368471, 'uncertainty_multiply_coeffi': 2.368471}
      TTA Epoch: [22] [  0/123]  eta: 0:00:46  lr: 0.000056  entropy: 0.0000  loss: 2.3301  entr_unc: 0.0000  uncertainty: 2.3301  uncertainty_multiply_coeffi: 2.3301  time: 0.3768  data: 0.2556  max mem: 2671
      TTA Epoch: [22] [100/123]  eta: 0:00:01  lr: 0.000050  entropy: 0.0308  loss: 2.4186  entr_unc: 0.0129  uncertainty: 2.4057  uncertainty_multiply_coeffi: 2.4057  time: 0.0596  data: 0.0034  max mem: 2671
      TTA Epoch: [22] [122/123]  eta: 0:00:00  lr: 0.000049  entropy: 0.0929  loss: 2.4088  entr_unc: 0.0385  uncertainty: 2.3704  uncertainty_multiply_coeffi: 2.3704  time: 0.0469  data: 0.0024  max mem: 2671
      TTA Epoch: [22] Total time: 0:00:07 (0.0623 s / it)
     Averaged stats: lr: 0.0001  entropy: 0.0382  loss: 2.3842  entr_unc: 0.0160  uncertainty: 2.3682  uncertainty_multiply_coeffi: 2.3682
     itm tta time 0:00:07
     Computing matching score
      Evaluation: [   0/1978]  eta: 0:02:26    time: 0.0741  data: 0.0034  max mem: 2671
      Evaluation: [ 100/1978]  eta: 0:02:09    time: 0.0688  data: 0.0000  max mem: 2671
      Evaluation: [ 200/1978]  eta: 0:02:01    time: 0.0684  data: 0.0000  max mem: 2671
      Evaluation: [ 300/1978]  eta: 0:01:55    time: 0.0685  data: 0.0000  max mem: 2671
      Evaluation: [ 400/1978]  eta: 0:01:48    time: 0.0686  data: 0.0000  max mem: 2671
      Evaluation: [ 500/1978]  eta: 0:01:41    time: 0.0691  data: 0.0000  max mem: 2671
      Evaluation: [ 600/1978]  eta: 0:01:35    time: 0.0685  data: 0.0000  max mem: 2671
      Evaluation: [ 700/1978]  eta: 0:01:28    time: 0.0689  data: 0.0000  max mem: 2671
      Evaluation: [ 800/1978]  eta: 0:01:21    time: 0.0689  data: 0.0000  max mem: 2671
      Evaluation: [ 900/1978]  eta: 0:01:14    time: 0.0687  data: 0.0000  max mem: 2671
      Evaluation: [1000/1978]  eta: 0:01:07    time: 0.0686  data: 0.0000  max mem: 2671
      Evaluation: [1100/1978]  eta: 0:01:00    time: 0.0693  data: 0.0000  max mem: 2671
      Evaluation: [1200/1978]  eta: 0:00:53    time: 0.0687  data: 0.0000  max mem: 2671
      Evaluation: [1300/1978]  eta: 0:00:46    time: 0.0691  data: 0.0000  max mem: 2671
      Evaluation: [1400/1978]  eta: 0:00:39    time: 0.0686  data: 0.0000  max mem: 2671
      Evaluation: [1500/1978]  eta: 0:00:33    time: 0.0697  data: 0.0000  max mem: 2671
      Evaluation: [1600/1978]  eta: 0:00:26    time: 0.0685  data: 0.0000  max mem: 2671
      Evaluation: [1700/1978]  eta: 0:00:19    time: 0.0686  data: 0.0000  max mem: 2671
      Evaluation: [1800/1978]  eta: 0:00:12    time: 0.0687  data: 0.0000  max mem: 2671
      Evaluation: [1900/1978]  eta: 0:00:05    time: 0.0686  data: 0.0000  max mem: 2671
      Evaluation: [1977/1978]  eta: 0:00:00    time: 0.0713  data: 0.0000  max mem: 2671
      Evaluation: Total time: 0:02:16 (0.0690 s / it)
     Computing matching score time 0:02:16
### TTA ITM Score: 
+-------+--------+--------+--------+--------+--------+
| epoch |   R1   |   R5   |  R10   |  mAP   |  mINP  |
+-------+--------+--------+--------+--------+--------+
|  -999 | 69.414 | 95.197 | 97.776 | 81.233 | 81.233 |
|  -999 | 69.414 | 95.197 | 97.776 | 81.233 | 81.233 |
|  -999 | 84.277 | 99.039 | 99.596 | 91.276 | 91.276 |
|   0   | 84.429 | 98.837 | 99.343 | 91.262 | 91.262 |
|   1   | 84.934 | 98.837 | 99.393 | 91.519 | 91.519 |
|   2   | 84.833 | 98.686 | 99.343 | 91.389 | 91.389 |
|   3   | 84.833 | 98.686 | 99.292 | 91.372 | 91.372 |
|   4   | 84.631 | 98.584 | 99.292 | 91.249 | 91.249 |
|   5   | 84.681 | 98.787 | 99.292 | 91.329 | 91.329 |
|   6   | 84.783 | 98.736 | 99.292 | 91.382 | 91.382 |
|   7   | 84.884 | 98.736 | 99.292 | 91.443 | 91.443 |
|   8   | 85.035 | 98.787 | 99.292 | 91.494 | 91.494 |
|   9   | 85.035 | 98.736 | 99.292 | 91.489 | 91.489 |
|   10  | 85.035 | 98.635 | 99.292 | 91.468 | 91.468 |
|   11  | 85.086 | 98.686 | 99.292 | 91.525 | 91.525 |
|   12  | 85.086 | 98.635 | 99.292 | 91.512 | 91.512 |
|   13  | 85.035 | 98.686 | 99.292 | 91.472 | 91.472 |
|   14  | 85.086 | 98.635 | 99.292 | 91.495 | 91.495 |
|   15  | 85.187 | 98.584 | 99.292 | 91.552 | 91.552 |
|   16  | 85.137 | 98.635 | 99.292 | 91.517 | 91.517 |
|   17  | 85.238 | 98.635 | 99.292 | 91.581 | 91.581 |
|   18  | 85.187 | 98.635 | 99.292 | 91.547 | 91.547 |
|   19  | 85.238 | 98.635 | 99.292 | 91.570 | 91.570 |
|   20  | 85.187 | 98.635 | 99.292 | 91.538 | 91.538 |
|   21  | 85.137 | 98.635 | 99.292 | 91.512 | 91.512 |
|   22  | 85.137 | 98.635 | 99.292 | 91.501 | 91.501 |
+-------+--------+--------+--------+--------+--------+
     logs:  {'epo': 22, 'R1': 85.137, 'R5': 98.635, 'R10': 99.292, 'mAP': 91.501, 'mINP': 91.501, 'lr': 5.3e-05, 'entropy': 0.038154, 'loss': 2.384201, 'entr_unc': 0.015957, 'uncertainty': 2.368245, 'uncertainty_multiply_coeffi': 2.368245}
      TTA Epoch: [23] [  0/123]  eta: 0:00:58  lr: 0.000049  entropy: 0.0011  loss: 2.2590  entr_unc: 0.0005  uncertainty: 2.2585  uncertainty_multiply_coeffi: 2.2585  time: 0.4778  data: 0.3361  max mem: 2671
      TTA Epoch: [23] [100/123]  eta: 0:00:01  lr: 0.000044  entropy: 0.0536  loss: 2.4357  entr_unc: 0.0227  uncertainty: 2.4130  uncertainty_multiply_coeffi: 2.4130  time: 0.0575  data: 0.0036  max mem: 2671
      TTA Epoch: [23] [122/123]  eta: 0:00:00  lr: 0.000042  entropy: 0.0368  loss: 2.3886  entr_unc: 0.0153  uncertainty: 2.3733  uncertainty_multiply_coeffi: 2.3733  time: 0.0466  data: 0.0029  max mem: 2671
      TTA Epoch: [23] Total time: 0:00:07 (0.0594 s / it)
     Averaged stats: lr: 0.0000  entropy: 0.0379  loss: 2.3838  entr_unc: 0.0157  uncertainty: 2.3681  uncertainty_multiply_coeffi: 2.3681
     itm tta time 0:00:07
     Computing matching score
      Evaluation: [   0/1978]  eta: 0:02:23    time: 0.0725  data: 0.0033  max mem: 2671
      Evaluation: [ 100/1978]  eta: 0:02:08    time: 0.0682  data: 0.0000  max mem: 2671
      Evaluation: [ 200/1978]  eta: 0:02:01    time: 0.0683  data: 0.0000  max mem: 2671
      Evaluation: [ 300/1978]  eta: 0:01:54    time: 0.0686  data: 0.0000  max mem: 2671
      Evaluation: [ 400/1978]  eta: 0:01:48    time: 0.0773  data: 0.0000  max mem: 2671
      Evaluation: [ 500/1978]  eta: 0:01:41    time: 0.0685  data: 0.0000  max mem: 2671
      Evaluation: [ 600/1978]  eta: 0:01:34    time: 0.0685  data: 0.0000  max mem: 2671
      Evaluation: [ 700/1978]  eta: 0:01:27    time: 0.0683  data: 0.0000  max mem: 2671
      Evaluation: [ 800/1978]  eta: 0:01:20    time: 0.0686  data: 0.0000  max mem: 2671
      Evaluation: [ 900/1978]  eta: 0:01:14    time: 0.0766  data: 0.0000  max mem: 2671
      Evaluation: [1000/1978]  eta: 0:01:07    time: 0.0683  data: 0.0000  max mem: 2671
      Evaluation: [1100/1978]  eta: 0:01:00    time: 0.0682  data: 0.0000  max mem: 2671
      Evaluation: [1200/1978]  eta: 0:00:53    time: 0.0683  data: 0.0000  max mem: 2671
      Evaluation: [1300/1978]  eta: 0:00:46    time: 0.0684  data: 0.0000  max mem: 2671
      Evaluation: [1400/1978]  eta: 0:00:39    time: 0.0685  data: 0.0000  max mem: 2671
      Evaluation: [1500/1978]  eta: 0:00:32    time: 0.0683  data: 0.0000  max mem: 2671
      Evaluation: [1600/1978]  eta: 0:00:26    time: 0.0687  data: 0.0000  max mem: 2671
      Evaluation: [1700/1978]  eta: 0:00:19    time: 0.0684  data: 0.0000  max mem: 2671
      Evaluation: [1800/1978]  eta: 0:00:12    time: 0.0683  data: 0.0000  max mem: 2671
      Evaluation: [1900/1978]  eta: 0:00:05    time: 0.0683  data: 0.0000  max mem: 2671
      Evaluation: [1977/1978]  eta: 0:00:00    time: 0.0680  data: 0.0000  max mem: 2671
      Evaluation: Total time: 0:02:16 (0.0689 s / it)
     Computing matching score time 0:02:16
### TTA ITM Score: 
+-------+--------+--------+--------+--------+--------+
| epoch |   R1   |   R5   |  R10   |  mAP   |  mINP  |
+-------+--------+--------+--------+--------+--------+
|  -999 | 69.414 | 95.197 | 97.776 | 81.233 | 81.233 |
|  -999 | 69.414 | 95.197 | 97.776 | 81.233 | 81.233 |
|  -999 | 84.277 | 99.039 | 99.596 | 91.276 | 91.276 |
|   0   | 84.429 | 98.837 | 99.343 | 91.262 | 91.262 |
|   1   | 84.934 | 98.837 | 99.393 | 91.519 | 91.519 |
|   2   | 84.833 | 98.686 | 99.343 | 91.389 | 91.389 |
|   3   | 84.833 | 98.686 | 99.292 | 91.372 | 91.372 |
|   4   | 84.631 | 98.584 | 99.292 | 91.249 | 91.249 |
|   5   | 84.681 | 98.787 | 99.292 | 91.329 | 91.329 |
|   6   | 84.783 | 98.736 | 99.292 | 91.382 | 91.382 |
|   7   | 84.884 | 98.736 | 99.292 | 91.443 | 91.443 |
|   8   | 85.035 | 98.787 | 99.292 | 91.494 | 91.494 |
|   9   | 85.035 | 98.736 | 99.292 | 91.489 | 91.489 |
|   10  | 85.035 | 98.635 | 99.292 | 91.468 | 91.468 |
|   11  | 85.086 | 98.686 | 99.292 | 91.525 | 91.525 |
|   12  | 85.086 | 98.635 | 99.292 | 91.512 | 91.512 |
|   13  | 85.035 | 98.686 | 99.292 | 91.472 | 91.472 |
|   14  | 85.086 | 98.635 | 99.292 | 91.495 | 91.495 |
|   15  | 85.187 | 98.584 | 99.292 | 91.552 | 91.552 |
|   16  | 85.137 | 98.635 | 99.292 | 91.517 | 91.517 |
|   17  | 85.238 | 98.635 | 99.292 | 91.581 | 91.581 |
|   18  | 85.187 | 98.635 | 99.292 | 91.547 | 91.547 |
|   19  | 85.238 | 98.635 | 99.292 | 91.570 | 91.570 |
|   20  | 85.187 | 98.635 | 99.292 | 91.538 | 91.538 |
|   21  | 85.137 | 98.635 | 99.292 | 91.512 | 91.512 |
|   22  | 85.137 | 98.635 | 99.292 | 91.501 | 91.501 |
|   23  | 85.137 | 98.635 | 99.343 | 91.511 | 91.511 |
+-------+--------+--------+--------+--------+--------+
     logs:  {'epo': 23, 'R1': 85.137, 'R5': 98.635, 'R10': 99.343, 'mAP': 91.511, 'mINP': 91.511, 'lr': 4.6e-05, 'entropy': 0.037895, 'loss': 2.383849, 'entr_unc': 0.015699, 'uncertainty': 2.36815, 'uncertainty_multiply_coeffi': 2.36815}
      TTA Epoch: [24] [  0/123]  eta: 0:01:01  lr: 0.000042  entropy: 0.0006  loss: 2.4244  entr_unc: 0.0002  uncertainty: 2.4242  uncertainty_multiply_coeffi: 2.4242  time: 0.5032  data: 0.4084  max mem: 2671
      TTA Epoch: [24] [100/123]  eta: 0:00:01  lr: 0.000037  entropy: 0.0759  loss: 2.3366  entr_unc: 0.0339  uncertainty: 2.3027  uncertainty_multiply_coeffi: 2.3027  time: 0.0574  data: 0.0043  max mem: 2671
      TTA Epoch: [24] [122/123]  eta: 0:00:00  lr: 0.000036  entropy: 0.0028  loss: 2.3436  entr_unc: 0.0012  uncertainty: 2.3425  uncertainty_multiply_coeffi: 2.3425  time: 0.0462  data: 0.0019  max mem: 2671
      TTA Epoch: [24] Total time: 0:00:07 (0.0597 s / it)
     Averaged stats: lr: 0.0000  entropy: 0.0421  loss: 2.3863  entr_unc: 0.0175  uncertainty: 2.3688  uncertainty_multiply_coeffi: 2.3688
     itm tta time 0:00:07
     Computing matching score
      Evaluation: [   0/1978]  eta: 0:02:21    time: 0.0716  data: 0.0033  max mem: 2671
      Evaluation: [ 100/1978]  eta: 0:02:08    time: 0.0681  data: 0.0000  max mem: 2671
      Evaluation: [ 200/1978]  eta: 0:02:01    time: 0.0681  data: 0.0000  max mem: 2671
      Evaluation: [ 300/1978]  eta: 0:01:54    time: 0.0683  data: 0.0000  max mem: 2671
      Evaluation: [ 400/1978]  eta: 0:01:48    time: 0.0682  data: 0.0000  max mem: 2671
      Evaluation: [ 500/1978]  eta: 0:01:41    time: 0.0690  data: 0.0000  max mem: 2671
      Evaluation: [ 600/1978]  eta: 0:01:34    time: 0.0685  data: 0.0000  max mem: 2671
      Evaluation: [ 700/1978]  eta: 0:01:27    time: 0.0688  data: 0.0000  max mem: 2671
      Evaluation: [ 800/1978]  eta: 0:01:20    time: 0.0682  data: 0.0000  max mem: 2671
      Evaluation: [ 900/1978]  eta: 0:01:14    time: 0.0683  data: 0.0000  max mem: 2671
      Evaluation: [1000/1978]  eta: 0:01:07    time: 0.0683  data: 0.0000  max mem: 2671
      Evaluation: [1100/1978]  eta: 0:01:00    time: 0.0685  data: 0.0000  max mem: 2671
      Evaluation: [1200/1978]  eta: 0:00:53    time: 0.0685  data: 0.0000  max mem: 2671
      Evaluation: [1300/1978]  eta: 0:00:46    time: 0.0687  data: 0.0000  max mem: 2671
      Evaluation: [1400/1978]  eta: 0:00:39    time: 0.0742  data: 0.0000  max mem: 2671
      Evaluation: [1500/1978]  eta: 0:00:32    time: 0.0684  data: 0.0000  max mem: 2671
      Evaluation: [1600/1978]  eta: 0:00:26    time: 0.0684  data: 0.0000  max mem: 2671
      Evaluation: [1700/1978]  eta: 0:00:19    time: 0.0686  data: 0.0000  max mem: 2671
      Evaluation: [1800/1978]  eta: 0:00:12    time: 0.0685  data: 0.0000  max mem: 2671
      Evaluation: [1900/1978]  eta: 0:00:05    time: 0.0782  data: 0.0000  max mem: 2671
      Evaluation: [1977/1978]  eta: 0:00:00    time: 0.0683  data: 0.0000  max mem: 2671
      Evaluation: Total time: 0:02:16 (0.0689 s / it)
     Computing matching score time 0:02:16
### TTA ITM Score: 
+-------+--------+--------+--------+--------+--------+
| epoch |   R1   |   R5   |  R10   |  mAP   |  mINP  |
+-------+--------+--------+--------+--------+--------+
|  -999 | 69.414 | 95.197 | 97.776 | 81.233 | 81.233 |
|  -999 | 69.414 | 95.197 | 97.776 | 81.233 | 81.233 |
|  -999 | 84.277 | 99.039 | 99.596 | 91.276 | 91.276 |
|   0   | 84.429 | 98.837 | 99.343 | 91.262 | 91.262 |
|   1   | 84.934 | 98.837 | 99.393 | 91.519 | 91.519 |
|   2   | 84.833 | 98.686 | 99.343 | 91.389 | 91.389 |
|   3   | 84.833 | 98.686 | 99.292 | 91.372 | 91.372 |
|   4   | 84.631 | 98.584 | 99.292 | 91.249 | 91.249 |
|   5   | 84.681 | 98.787 | 99.292 | 91.329 | 91.329 |
|   6   | 84.783 | 98.736 | 99.292 | 91.382 | 91.382 |
|   7   | 84.884 | 98.736 | 99.292 | 91.443 | 91.443 |
|   8   | 85.035 | 98.787 | 99.292 | 91.494 | 91.494 |
|   9   | 85.035 | 98.736 | 99.292 | 91.489 | 91.489 |
|   10  | 85.035 | 98.635 | 99.292 | 91.468 | 91.468 |
|   11  | 85.086 | 98.686 | 99.292 | 91.525 | 91.525 |
|   12  | 85.086 | 98.635 | 99.292 | 91.512 | 91.512 |
|   13  | 85.035 | 98.686 | 99.292 | 91.472 | 91.472 |
|   14  | 85.086 | 98.635 | 99.292 | 91.495 | 91.495 |
|   15  | 85.187 | 98.584 | 99.292 | 91.552 | 91.552 |
|   16  | 85.137 | 98.635 | 99.292 | 91.517 | 91.517 |
|   17  | 85.238 | 98.635 | 99.292 | 91.581 | 91.581 |
|   18  | 85.187 | 98.635 | 99.292 | 91.547 | 91.547 |
|   19  | 85.238 | 98.635 | 99.292 | 91.570 | 91.570 |
|   20  | 85.187 | 98.635 | 99.292 | 91.538 | 91.538 |
|   21  | 85.137 | 98.635 | 99.292 | 91.512 | 91.512 |
|   22  | 85.137 | 98.635 | 99.292 | 91.501 | 91.501 |
|   23  | 85.137 | 98.635 | 99.343 | 91.511 | 91.511 |
|   24  | 85.086 | 98.635 | 99.343 | 91.490 | 91.490 |
+-------+--------+--------+--------+--------+--------+
     logs:  {'epo': 24, 'R1': 85.086, 'R5': 98.635, 'R10': 99.343, 'mAP': 91.49, 'mINP': 91.49, 'lr': 3.9e-05, 'entropy': 0.042112, 'loss': 2.386265, 'entr_unc': 0.017514, 'uncertainty': 2.368751, 'uncertainty_multiply_coeffi': 2.368751}
      TTA Epoch: [25] [  0/123]  eta: 0:00:58  lr: 0.000036  entropy: 0.0447  loss: 2.4193  entr_unc: 0.0183  uncertainty: 2.4010  uncertainty_multiply_coeffi: 2.4010  time: 0.4725  data: 0.3771  max mem: 2671
      TTA Epoch: [25] [100/123]  eta: 0:00:01  lr: 0.000030  entropy: 0.0140  loss: 2.4227  entr_unc: 0.0061  uncertainty: 2.4166  uncertainty_multiply_coeffi: 2.4166  time: 0.0570  data: 0.0026  max mem: 2671
      TTA Epoch: [25] [122/123]  eta: 0:00:00  lr: 0.000029  entropy: 0.0145  loss: 2.3591  entr_unc: 0.0065  uncertainty: 2.3525  uncertainty_multiply_coeffi: 2.3525  time: 0.0450  data: 0.0043  max mem: 2671
      TTA Epoch: [25] Total time: 0:00:07 (0.0593 s / it)
     Averaged stats: lr: 0.0000  entropy: 0.0361  loss: 2.3833  entr_unc: 0.0151  uncertainty: 2.3682  uncertainty_multiply_coeffi: 2.3682
     itm tta time 0:00:07
     Computing matching score
      Evaluation: [   0/1978]  eta: 0:02:23    time: 0.0724  data: 0.0032  max mem: 2671
      Evaluation: [ 100/1978]  eta: 0:02:08    time: 0.0683  data: 0.0000  max mem: 2671
      Evaluation: [ 200/1978]  eta: 0:02:01    time: 0.0685  data: 0.0000  max mem: 2671
      Evaluation: [ 300/1978]  eta: 0:01:55    time: 0.0731  data: 0.0000  max mem: 2671
      Evaluation: [ 400/1978]  eta: 0:01:48    time: 0.0684  data: 0.0000  max mem: 2671
      Evaluation: [ 500/1978]  eta: 0:01:41    time: 0.0686  data: 0.0000  max mem: 2671
      Evaluation: [ 600/1978]  eta: 0:01:34    time: 0.0685  data: 0.0000  max mem: 2671
      Evaluation: [ 700/1978]  eta: 0:01:27    time: 0.0684  data: 0.0000  max mem: 2671
      Evaluation: [ 800/1978]  eta: 0:01:20    time: 0.0694  data: 0.0000  max mem: 2671
      Evaluation: [ 900/1978]  eta: 0:01:14    time: 0.0691  data: 0.0000  max mem: 2671
      Evaluation: [1000/1978]  eta: 0:01:07    time: 0.0688  data: 0.0000  max mem: 2671
      Evaluation: [1100/1978]  eta: 0:01:00    time: 0.0689  data: 0.0000  max mem: 2671
      Evaluation: [1200/1978]  eta: 0:00:53    time: 0.0686  data: 0.0000  max mem: 2671
      Evaluation: [1300/1978]  eta: 0:00:46    time: 0.0686  data: 0.0000  max mem: 2671
      Evaluation: [1400/1978]  eta: 0:00:39    time: 0.0686  data: 0.0000  max mem: 2671
      Evaluation: [1500/1978]  eta: 0:00:32    time: 0.0686  data: 0.0000  max mem: 2671
      Evaluation: [1600/1978]  eta: 0:00:26    time: 0.0688  data: 0.0000  max mem: 2671
      Evaluation: [1700/1978]  eta: 0:00:19    time: 0.0685  data: 0.0000  max mem: 2671
      Evaluation: [1800/1978]  eta: 0:00:12    time: 0.0685  data: 0.0000  max mem: 2671
      Evaluation: [1900/1978]  eta: 0:00:05    time: 0.0685  data: 0.0000  max mem: 2671
      Evaluation: [1977/1978]  eta: 0:00:00    time: 0.0685  data: 0.0000  max mem: 2671
      Evaluation: Total time: 0:02:16 (0.0690 s / it)
     Computing matching score time 0:02:16
### TTA ITM Score: 
+-------+--------+--------+--------+--------+--------+
| epoch |   R1   |   R5   |  R10   |  mAP   |  mINP  |
+-------+--------+--------+--------+--------+--------+
|  -999 | 69.414 | 95.197 | 97.776 | 81.233 | 81.233 |
|  -999 | 69.414 | 95.197 | 97.776 | 81.233 | 81.233 |
|  -999 | 84.277 | 99.039 | 99.596 | 91.276 | 91.276 |
|   0   | 84.429 | 98.837 | 99.343 | 91.262 | 91.262 |
|   1   | 84.934 | 98.837 | 99.393 | 91.519 | 91.519 |
|   2   | 84.833 | 98.686 | 99.343 | 91.389 | 91.389 |
|   3   | 84.833 | 98.686 | 99.292 | 91.372 | 91.372 |
|   4   | 84.631 | 98.584 | 99.292 | 91.249 | 91.249 |
|   5   | 84.681 | 98.787 | 99.292 | 91.329 | 91.329 |
|   6   | 84.783 | 98.736 | 99.292 | 91.382 | 91.382 |
|   7   | 84.884 | 98.736 | 99.292 | 91.443 | 91.443 |
|   8   | 85.035 | 98.787 | 99.292 | 91.494 | 91.494 |
|   9   | 85.035 | 98.736 | 99.292 | 91.489 | 91.489 |
|   10  | 85.035 | 98.635 | 99.292 | 91.468 | 91.468 |
|   11  | 85.086 | 98.686 | 99.292 | 91.525 | 91.525 |
|   12  | 85.086 | 98.635 | 99.292 | 91.512 | 91.512 |
|   13  | 85.035 | 98.686 | 99.292 | 91.472 | 91.472 |
|   14  | 85.086 | 98.635 | 99.292 | 91.495 | 91.495 |
|   15  | 85.187 | 98.584 | 99.292 | 91.552 | 91.552 |
|   16  | 85.137 | 98.635 | 99.292 | 91.517 | 91.517 |
|   17  | 85.238 | 98.635 | 99.292 | 91.581 | 91.581 |
|   18  | 85.187 | 98.635 | 99.292 | 91.547 | 91.547 |
|   19  | 85.238 | 98.635 | 99.292 | 91.570 | 91.570 |
|   20  | 85.187 | 98.635 | 99.292 | 91.538 | 91.538 |
|   21  | 85.137 | 98.635 | 99.292 | 91.512 | 91.512 |
|   22  | 85.137 | 98.635 | 99.292 | 91.501 | 91.501 |
|   23  | 85.137 | 98.635 | 99.343 | 91.511 | 91.511 |
|   24  | 85.086 | 98.635 | 99.343 | 91.490 | 91.490 |
|   25  | 85.137 | 98.635 | 99.292 | 91.504 | 91.504 |
+-------+--------+--------+--------+--------+--------+
     logs:  {'epo': 25, 'R1': 85.137, 'R5': 98.635, 'R10': 99.292, 'mAP': 91.504, 'mINP': 91.504, 'lr': 3.2e-05, 'entropy': 0.036104, 'loss': 2.383305, 'entr_unc': 0.015079, 'uncertainty': 2.368226, 'uncertainty_multiply_coeffi': 2.368226}
      TTA Epoch: [26] [  0/123]  eta: 0:00:58  lr: 0.000029  entropy: 0.0365  loss: 2.3683  entr_unc: 0.0165  uncertainty: 2.3518  uncertainty_multiply_coeffi: 2.3518  time: 0.4731  data: 0.3655  max mem: 2671
      TTA Epoch: [26] [100/123]  eta: 0:00:01  lr: 0.000023  entropy: 0.0733  loss: 2.3819  entr_unc: 0.0296  uncertainty: 2.3523  uncertainty_multiply_coeffi: 2.3523  time: 0.0590  data: 0.0044  max mem: 2671
      TTA Epoch: [26] [122/123]  eta: 0:00:00  lr: 0.000022  entropy: 0.1253  loss: 2.3911  entr_unc: 0.0493  uncertainty: 2.3418  uncertainty_multiply_coeffi: 2.3418  time: 0.0467  data: 0.0034  max mem: 2671
      TTA Epoch: [26] Total time: 0:00:07 (0.0593 s / it)
     Averaged stats: lr: 0.0000  entropy: 0.0342  loss: 2.3828  entr_unc: 0.0143  uncertainty: 2.3685  uncertainty_multiply_coeffi: 2.3685
     itm tta time 0:00:07
     Computing matching score
      Evaluation: [   0/1978]  eta: 0:02:25    time: 0.0736  data: 0.0036  max mem: 2671
      Evaluation: [ 100/1978]  eta: 0:02:08    time: 0.0683  data: 0.0000  max mem: 2671
      Evaluation: [ 200/1978]  eta: 0:02:01    time: 0.0683  data: 0.0000  max mem: 2671
      Evaluation: [ 300/1978]  eta: 0:01:55    time: 0.0685  data: 0.0000  max mem: 2671
      Evaluation: [ 400/1978]  eta: 0:01:48    time: 0.0681  data: 0.0000  max mem: 2671
      Evaluation: [ 500/1978]  eta: 0:01:41    time: 0.0682  data: 0.0000  max mem: 2671
      Evaluation: [ 600/1978]  eta: 0:01:34    time: 0.0682  data: 0.0000  max mem: 2671
      Evaluation: [ 700/1978]  eta: 0:01:27    time: 0.0684  data: 0.0000  max mem: 2671
      Evaluation: [ 800/1978]  eta: 0:01:20    time: 0.0680  data: 0.0000  max mem: 2671
      Evaluation: [ 900/1978]  eta: 0:01:14    time: 0.0682  data: 0.0000  max mem: 2671
      Evaluation: [1000/1978]  eta: 0:01:07    time: 0.0682  data: 0.0000  max mem: 2671
      Evaluation: [1100/1978]  eta: 0:01:00    time: 0.0681  data: 0.0000  max mem: 2671
      Evaluation: [1200/1978]  eta: 0:00:53    time: 0.0682  data: 0.0000  max mem: 2671
      Evaluation: [1300/1978]  eta: 0:00:46    time: 0.0681  data: 0.0000  max mem: 2671
      Evaluation: [1400/1978]  eta: 0:00:39    time: 0.0685  data: 0.0000  max mem: 2671
      Evaluation: [1500/1978]  eta: 0:00:32    time: 0.0683  data: 0.0000  max mem: 2671
      Evaluation: [1600/1978]  eta: 0:00:25    time: 0.0683  data: 0.0000  max mem: 2671
      Evaluation: [1700/1978]  eta: 0:00:19    time: 0.0683  data: 0.0000  max mem: 2671
      Evaluation: [1800/1978]  eta: 0:00:12    time: 0.0700  data: 0.0000  max mem: 2671
      Evaluation: [1900/1978]  eta: 0:00:05    time: 0.0682  data: 0.0000  max mem: 2671
      Evaluation: [1977/1978]  eta: 0:00:00    time: 0.0686  data: 0.0000  max mem: 2671
      Evaluation: Total time: 0:02:15 (0.0687 s / it)
     Computing matching score time 0:02:16
### TTA ITM Score: 
+-------+--------+--------+--------+--------+--------+
| epoch |   R1   |   R5   |  R10   |  mAP   |  mINP  |
+-------+--------+--------+--------+--------+--------+
|  -999 | 69.414 | 95.197 | 97.776 | 81.233 | 81.233 |
|  -999 | 69.414 | 95.197 | 97.776 | 81.233 | 81.233 |
|  -999 | 84.277 | 99.039 | 99.596 | 91.276 | 91.276 |
|   0   | 84.429 | 98.837 | 99.343 | 91.262 | 91.262 |
|   1   | 84.934 | 98.837 | 99.393 | 91.519 | 91.519 |
|   2   | 84.833 | 98.686 | 99.343 | 91.389 | 91.389 |
|   3   | 84.833 | 98.686 | 99.292 | 91.372 | 91.372 |
|   4   | 84.631 | 98.584 | 99.292 | 91.249 | 91.249 |
|   5   | 84.681 | 98.787 | 99.292 | 91.329 | 91.329 |
|   6   | 84.783 | 98.736 | 99.292 | 91.382 | 91.382 |
|   7   | 84.884 | 98.736 | 99.292 | 91.443 | 91.443 |
|   8   | 85.035 | 98.787 | 99.292 | 91.494 | 91.494 |
|   9   | 85.035 | 98.736 | 99.292 | 91.489 | 91.489 |
|   10  | 85.035 | 98.635 | 99.292 | 91.468 | 91.468 |
|   11  | 85.086 | 98.686 | 99.292 | 91.525 | 91.525 |
|   12  | 85.086 | 98.635 | 99.292 | 91.512 | 91.512 |
|   13  | 85.035 | 98.686 | 99.292 | 91.472 | 91.472 |
|   14  | 85.086 | 98.635 | 99.292 | 91.495 | 91.495 |
|   15  | 85.187 | 98.584 | 99.292 | 91.552 | 91.552 |
|   16  | 85.137 | 98.635 | 99.292 | 91.517 | 91.517 |
|   17  | 85.238 | 98.635 | 99.292 | 91.581 | 91.581 |
|   18  | 85.187 | 98.635 | 99.292 | 91.547 | 91.547 |
|   19  | 85.238 | 98.635 | 99.292 | 91.570 | 91.570 |
|   20  | 85.187 | 98.635 | 99.292 | 91.538 | 91.538 |
|   21  | 85.137 | 98.635 | 99.292 | 91.512 | 91.512 |
|   22  | 85.137 | 98.635 | 99.292 | 91.501 | 91.501 |
|   23  | 85.137 | 98.635 | 99.343 | 91.511 | 91.511 |
|   24  | 85.086 | 98.635 | 99.343 | 91.490 | 91.490 |
|   25  | 85.137 | 98.635 | 99.292 | 91.504 | 91.504 |
|   26  | 85.137 | 98.635 | 99.292 | 91.508 | 91.508 |
+-------+--------+--------+--------+--------+--------+
     logs:  {'epo': 26, 'R1': 85.137, 'R5': 98.635, 'R10': 99.292, 'mAP': 91.508, 'mINP': 91.508, 'lr': 2.5e-05, 'entropy': 0.034235, 'loss': 2.382794, 'entr_unc': 0.014266, 'uncertainty': 2.368528, 'uncertainty_multiply_coeffi': 2.368528}
      TTA Epoch: [27] [  0/123]  eta: 0:01:06  lr: 0.000022  entropy: 0.0661  loss: 2.4220  entr_unc: 0.0292  uncertainty: 2.3928  uncertainty_multiply_coeffi: 2.3928  time: 0.5381  data: 0.4231  max mem: 2671
      TTA Epoch: [27] [100/123]  eta: 0:00:01  lr: 0.000016  entropy: 0.0421  loss: 2.3794  entr_unc: 0.0177  uncertainty: 2.3617  uncertainty_multiply_coeffi: 2.3617  time: 0.0574  data: 0.0060  max mem: 2671
      TTA Epoch: [27] [122/123]  eta: 0:00:00  lr: 0.000015  entropy: 0.0018  loss: 2.3838  entr_unc: 0.0008  uncertainty: 2.3830  uncertainty_multiply_coeffi: 2.3830  time: 0.0467  data: 0.0009  max mem: 2671
      TTA Epoch: [27] Total time: 0:00:07 (0.0595 s / it)
     Averaged stats: lr: 0.0000  entropy: 0.0353  loss: 2.3834  entr_unc: 0.0147  uncertainty: 2.3687  uncertainty_multiply_coeffi: 2.3687
     itm tta time 0:00:07
     Computing matching score
      Evaluation: [   0/1978]  eta: 0:02:24    time: 0.0732  data: 0.0033  max mem: 2671
      Evaluation: [ 100/1978]  eta: 0:02:08    time: 0.0682  data: 0.0000  max mem: 2671
      Evaluation: [ 200/1978]  eta: 0:02:03    time: 0.0772  data: 0.0000  max mem: 2671
      Evaluation: [ 300/1978]  eta: 0:01:55    time: 0.0682  data: 0.0000  max mem: 2671
      Evaluation: [ 400/1978]  eta: 0:01:48    time: 0.0682  data: 0.0000  max mem: 2671
      Evaluation: [ 500/1978]  eta: 0:01:41    time: 0.0681  data: 0.0000  max mem: 2671
      Evaluation: [ 600/1978]  eta: 0:01:34    time: 0.0685  data: 0.0000  max mem: 2671
      Evaluation: [ 700/1978]  eta: 0:01:27    time: 0.0771  data: 0.0000  max mem: 2671
      Evaluation: [ 800/1978]  eta: 0:01:21    time: 0.0684  data: 0.0000  max mem: 2671
      Evaluation: [ 900/1978]  eta: 0:01:14    time: 0.0682  data: 0.0000  max mem: 2671
      Evaluation: [1000/1978]  eta: 0:01:07    time: 0.0684  data: 0.0000  max mem: 2671
      Evaluation: [1100/1978]  eta: 0:01:00    time: 0.0687  data: 0.0000  max mem: 2671
      Evaluation: [1200/1978]  eta: 0:00:53    time: 0.0686  data: 0.0000  max mem: 2671
      Evaluation: [1300/1978]  eta: 0:00:46    time: 0.0685  data: 0.0000  max mem: 2671
      Evaluation: [1400/1978]  eta: 0:00:39    time: 0.0686  data: 0.0000  max mem: 2671
      Evaluation: [1500/1978]  eta: 0:00:32    time: 0.0686  data: 0.0000  max mem: 2671
      Evaluation: [1600/1978]  eta: 0:00:26    time: 0.0687  data: 0.0000  max mem: 2671
      Evaluation: [1700/1978]  eta: 0:00:19    time: 0.0685  data: 0.0000  max mem: 2671
      Evaluation: [1800/1978]  eta: 0:00:12    time: 0.0688  data: 0.0000  max mem: 2671
      Evaluation: [1900/1978]  eta: 0:00:05    time: 0.0689  data: 0.0000  max mem: 2671
      Evaluation: [1977/1978]  eta: 0:00:00    time: 0.0690  data: 0.0000  max mem: 2671
      Evaluation: Total time: 0:02:16 (0.0690 s / it)
     Computing matching score time 0:02:16
### TTA ITM Score: 
+-------+--------+--------+--------+--------+--------+
| epoch |   R1   |   R5   |  R10   |  mAP   |  mINP  |
+-------+--------+--------+--------+--------+--------+
|  -999 | 69.414 | 95.197 | 97.776 | 81.233 | 81.233 |
|  -999 | 69.414 | 95.197 | 97.776 | 81.233 | 81.233 |
|  -999 | 84.277 | 99.039 | 99.596 | 91.276 | 91.276 |
|   0   | 84.429 | 98.837 | 99.343 | 91.262 | 91.262 |
|   1   | 84.934 | 98.837 | 99.393 | 91.519 | 91.519 |
|   2   | 84.833 | 98.686 | 99.343 | 91.389 | 91.389 |
|   3   | 84.833 | 98.686 | 99.292 | 91.372 | 91.372 |
|   4   | 84.631 | 98.584 | 99.292 | 91.249 | 91.249 |
|   5   | 84.681 | 98.787 | 99.292 | 91.329 | 91.329 |
|   6   | 84.783 | 98.736 | 99.292 | 91.382 | 91.382 |
|   7   | 84.884 | 98.736 | 99.292 | 91.443 | 91.443 |
|   8   | 85.035 | 98.787 | 99.292 | 91.494 | 91.494 |
|   9   | 85.035 | 98.736 | 99.292 | 91.489 | 91.489 |
|   10  | 85.035 | 98.635 | 99.292 | 91.468 | 91.468 |
|   11  | 85.086 | 98.686 | 99.292 | 91.525 | 91.525 |
|   12  | 85.086 | 98.635 | 99.292 | 91.512 | 91.512 |
|   13  | 85.035 | 98.686 | 99.292 | 91.472 | 91.472 |
|   14  | 85.086 | 98.635 | 99.292 | 91.495 | 91.495 |
|   15  | 85.187 | 98.584 | 99.292 | 91.552 | 91.552 |
|   16  | 85.137 | 98.635 | 99.292 | 91.517 | 91.517 |
|   17  | 85.238 | 98.635 | 99.292 | 91.581 | 91.581 |
|   18  | 85.187 | 98.635 | 99.292 | 91.547 | 91.547 |
|   19  | 85.238 | 98.635 | 99.292 | 91.570 | 91.570 |
|   20  | 85.187 | 98.635 | 99.292 | 91.538 | 91.538 |
|   21  | 85.137 | 98.635 | 99.292 | 91.512 | 91.512 |
|   22  | 85.137 | 98.635 | 99.292 | 91.501 | 91.501 |
|   23  | 85.137 | 98.635 | 99.343 | 91.511 | 91.511 |
|   24  | 85.086 | 98.635 | 99.343 | 91.490 | 91.490 |
|   25  | 85.137 | 98.635 | 99.292 | 91.504 | 91.504 |
|   26  | 85.137 | 98.635 | 99.292 | 91.508 | 91.508 |
|   27  | 85.086 | 98.635 | 99.292 | 91.483 | 91.483 |
+-------+--------+--------+--------+--------+--------+
     logs:  {'epo': 27, 'R1': 85.086, 'R5': 98.635, 'R10': 99.292, 'mAP': 91.483, 'mINP': 91.483, 'lr': 1.9e-05, 'entropy': 0.03528, 'loss': 2.383395, 'entr_unc': 0.014683, 'uncertainty': 2.368712, 'uncertainty_multiply_coeffi': 2.368712}
      TTA Epoch: [28] [  0/123]  eta: 0:00:58  lr: 0.000015  entropy: 0.0194  loss: 2.2640  entr_unc: 0.0082  uncertainty: 2.2558  uncertainty_multiply_coeffi: 2.2558  time: 0.4742  data: 0.3292  max mem: 2671
      TTA Epoch: [28] [100/123]  eta: 0:00:01  lr: 0.000010  entropy: 0.0200  loss: 2.3751  entr_unc: 0.0080  uncertainty: 2.3671  uncertainty_multiply_coeffi: 2.3671  time: 0.0559  data: 0.0036  max mem: 2671
      TTA Epoch: [28] [122/123]  eta: 0:00:00  lr: 0.000008  entropy: 0.0248  loss: 2.4369  entr_unc: 0.0095  uncertainty: 2.4274  uncertainty_multiply_coeffi: 2.4274  time: 0.0479  data: 0.0037  max mem: 2671
      TTA Epoch: [28] Total time: 0:00:07 (0.0599 s / it)
     Averaged stats: lr: 0.0000  entropy: 0.0391  loss: 2.3852  entr_unc: 0.0163  uncertainty: 2.3689  uncertainty_multiply_coeffi: 2.3689
     itm tta time 0:00:07
     Computing matching score
      Evaluation: [   0/1978]  eta: 0:02:25    time: 0.0734  data: 0.0034  max mem: 2671
      Evaluation: [ 100/1978]  eta: 0:02:08    time: 0.0685  data: 0.0000  max mem: 2671
      Evaluation: [ 200/1978]  eta: 0:02:03    time: 0.0693  data: 0.0000  max mem: 2671
      Evaluation: [ 300/1978]  eta: 0:01:56    time: 0.0685  data: 0.0000  max mem: 2671
      Evaluation: [ 400/1978]  eta: 0:01:49    time: 0.0687  data: 0.0000  max mem: 2671
      Evaluation: [ 500/1978]  eta: 0:01:42    time: 0.0687  data: 0.0000  max mem: 2671
      Evaluation: [ 600/1978]  eta: 0:01:35    time: 0.0686  data: 0.0000  max mem: 2671
      Evaluation: [ 700/1978]  eta: 0:01:28    time: 0.0685  data: 0.0000  max mem: 2671
      Evaluation: [ 800/1978]  eta: 0:01:21    time: 0.0689  data: 0.0000  max mem: 2671
      Evaluation: [ 900/1978]  eta: 0:01:14    time: 0.0686  data: 0.0000  max mem: 2671
      Evaluation: [1000/1978]  eta: 0:01:07    time: 0.0689  data: 0.0000  max mem: 2671
      Evaluation: [1100/1978]  eta: 0:01:00    time: 0.0686  data: 0.0000  max mem: 2671
      Evaluation: [1200/1978]  eta: 0:00:53    time: 0.0686  data: 0.0000  max mem: 2671
      Evaluation: [1300/1978]  eta: 0:00:46    time: 0.0685  data: 0.0000  max mem: 2671
      Evaluation: [1400/1978]  eta: 0:00:39    time: 0.0688  data: 0.0000  max mem: 2671
      Evaluation: [1500/1978]  eta: 0:00:33    time: 0.0686  data: 0.0000  max mem: 2671
      Evaluation: [1600/1978]  eta: 0:00:26    time: 0.0685  data: 0.0000  max mem: 2671
      Evaluation: [1700/1978]  eta: 0:00:19    time: 0.0686  data: 0.0000  max mem: 2671
      Evaluation: [1800/1978]  eta: 0:00:12    time: 0.0686  data: 0.0000  max mem: 2671
      Evaluation: [1900/1978]  eta: 0:00:05    time: 0.0684  data: 0.0000  max mem: 2671
      Evaluation: [1977/1978]  eta: 0:00:00    time: 0.0686  data: 0.0000  max mem: 2671
      Evaluation: Total time: 0:02:16 (0.0691 s / it)
     Computing matching score time 0:02:16
### TTA ITM Score: 
+-------+--------+--------+--------+--------+--------+
| epoch |   R1   |   R5   |  R10   |  mAP   |  mINP  |
+-------+--------+--------+--------+--------+--------+
|  -999 | 69.414 | 95.197 | 97.776 | 81.233 | 81.233 |
|  -999 | 69.414 | 95.197 | 97.776 | 81.233 | 81.233 |
|  -999 | 84.277 | 99.039 | 99.596 | 91.276 | 91.276 |
|   0   | 84.429 | 98.837 | 99.343 | 91.262 | 91.262 |
|   1   | 84.934 | 98.837 | 99.393 | 91.519 | 91.519 |
|   2   | 84.833 | 98.686 | 99.343 | 91.389 | 91.389 |
|   3   | 84.833 | 98.686 | 99.292 | 91.372 | 91.372 |
|   4   | 84.631 | 98.584 | 99.292 | 91.249 | 91.249 |
|   5   | 84.681 | 98.787 | 99.292 | 91.329 | 91.329 |
|   6   | 84.783 | 98.736 | 99.292 | 91.382 | 91.382 |
|   7   | 84.884 | 98.736 | 99.292 | 91.443 | 91.443 |
|   8   | 85.035 | 98.787 | 99.292 | 91.494 | 91.494 |
|   9   | 85.035 | 98.736 | 99.292 | 91.489 | 91.489 |
|   10  | 85.035 | 98.635 | 99.292 | 91.468 | 91.468 |
|   11  | 85.086 | 98.686 | 99.292 | 91.525 | 91.525 |
|   12  | 85.086 | 98.635 | 99.292 | 91.512 | 91.512 |
|   13  | 85.035 | 98.686 | 99.292 | 91.472 | 91.472 |
|   14  | 85.086 | 98.635 | 99.292 | 91.495 | 91.495 |
|   15  | 85.187 | 98.584 | 99.292 | 91.552 | 91.552 |
|   16  | 85.137 | 98.635 | 99.292 | 91.517 | 91.517 |
|   17  | 85.238 | 98.635 | 99.292 | 91.581 | 91.581 |
|   18  | 85.187 | 98.635 | 99.292 | 91.547 | 91.547 |
|   19  | 85.238 | 98.635 | 99.292 | 91.570 | 91.570 |
|   20  | 85.187 | 98.635 | 99.292 | 91.538 | 91.538 |
|   21  | 85.137 | 98.635 | 99.292 | 91.512 | 91.512 |
|   22  | 85.137 | 98.635 | 99.292 | 91.501 | 91.501 |
|   23  | 85.137 | 98.635 | 99.343 | 91.511 | 91.511 |
|   24  | 85.086 | 98.635 | 99.343 | 91.490 | 91.490 |
|   25  | 85.137 | 98.635 | 99.292 | 91.504 | 91.504 |
|   26  | 85.137 | 98.635 | 99.292 | 91.508 | 91.508 |
|   27  | 85.086 | 98.635 | 99.292 | 91.483 | 91.483 |
|   28  | 85.086 | 98.635 | 99.292 | 91.483 | 91.483 |
+-------+--------+--------+--------+--------+--------+
     logs:  {'epo': 28, 'R1': 85.086, 'R5': 98.635, 'R10': 99.292, 'mAP': 91.483, 'mINP': 91.483, 'lr': 1.2e-05, 'entropy': 0.039113, 'loss': 2.385171, 'entr_unc': 0.016278, 'uncertainty': 2.368893, 'uncertainty_multiply_coeffi': 2.368893}
      TTA Epoch: [29] [  0/123]  eta: 0:00:47  lr: 0.000008  entropy: 0.0388  loss: 2.3823  entr_unc: 0.0200  uncertainty: 2.3624  uncertainty_multiply_coeffi: 2.3624  time: 0.3897  data: 0.2677  max mem: 2671
      TTA Epoch: [29] [100/123]  eta: 0:00:01  lr: 0.000003  entropy: 0.0370  loss: 2.3869  entr_unc: 0.0167  uncertainty: 2.3702  uncertainty_multiply_coeffi: 2.3702  time: 0.0575  data: 0.0054  max mem: 2671
      TTA Epoch: [29] [122/123]  eta: 0:00:00  lr: 0.000002  entropy: 0.0161  loss: 2.4265  entr_unc: 0.0063  uncertainty: 2.4201  uncertainty_multiply_coeffi: 2.4201  time: 0.0444  data: 0.0017  max mem: 2671
      TTA Epoch: [29] Total time: 0:00:07 (0.0593 s / it)
     Averaged stats: lr: 0.0000  entropy: 0.0344  loss: 2.3834  entr_unc: 0.0144  uncertainty: 2.3690  uncertainty_multiply_coeffi: 2.3690
     itm tta time 0:00:07
     Computing matching score
      Evaluation: [   0/1978]  eta: 0:02:25    time: 0.0736  data: 0.0034  max mem: 2671
      Evaluation: [ 100/1978]  eta: 0:02:12    time: 0.0681  data: 0.0000  max mem: 2671
      Evaluation: [ 200/1978]  eta: 0:02:03    time: 0.0683  data: 0.0000  max mem: 2671
      Evaluation: [ 300/1978]  eta: 0:01:55    time: 0.0682  data: 0.0000  max mem: 2671
      Evaluation: [ 400/1978]  eta: 0:01:48    time: 0.0682  data: 0.0000  max mem: 2671
      Evaluation: [ 500/1978]  eta: 0:01:41    time: 0.0684  data: 0.0000  max mem: 2671
      Evaluation: [ 600/1978]  eta: 0:01:35    time: 0.0682  data: 0.0000  max mem: 2671
      Evaluation: [ 700/1978]  eta: 0:01:28    time: 0.0684  data: 0.0000  max mem: 2671
      Evaluation: [ 800/1978]  eta: 0:01:21    time: 0.0683  data: 0.0000  max mem: 2671
      Evaluation: [ 900/1978]  eta: 0:01:14    time: 0.0682  data: 0.0000  max mem: 2671
      Evaluation: [1000/1978]  eta: 0:01:07    time: 0.0682  data: 0.0000  max mem: 2671
      Evaluation: [1100/1978]  eta: 0:01:00    time: 0.0748  data: 0.0000  max mem: 2671
      Evaluation: [1200/1978]  eta: 0:00:53    time: 0.0684  data: 0.0000  max mem: 2671
      Evaluation: [1300/1978]  eta: 0:00:46    time: 0.0681  data: 0.0000  max mem: 2671
      Evaluation: [1400/1978]  eta: 0:00:39    time: 0.0681  data: 0.0000  max mem: 2671
      Evaluation: [1500/1978]  eta: 0:00:32    time: 0.0681  data: 0.0000  max mem: 2671
      Evaluation: [1600/1978]  eta: 0:00:25    time: 0.0683  data: 0.0000  max mem: 2671
      Evaluation: [1700/1978]  eta: 0:00:19    time: 0.0685  data: 0.0000  max mem: 2671
      Evaluation: [1800/1978]  eta: 0:00:12    time: 0.0683  data: 0.0000  max mem: 2671
      Evaluation: [1900/1978]  eta: 0:00:05    time: 0.0686  data: 0.0000  max mem: 2671
      Evaluation: [1977/1978]  eta: 0:00:00    time: 0.0684  data: 0.0000  max mem: 2671
      Evaluation: Total time: 0:02:16 (0.0688 s / it)
     Computing matching score time 0:02:16
### TTA ITM Score: 
+-------+--------+--------+--------+--------+--------+
| epoch |   R1   |   R5   |  R10   |  mAP   |  mINP  |
+-------+--------+--------+--------+--------+--------+
|  -999 | 69.414 | 95.197 | 97.776 | 81.233 | 81.233 |
|  -999 | 69.414 | 95.197 | 97.776 | 81.233 | 81.233 |
|  -999 | 84.277 | 99.039 | 99.596 | 91.276 | 91.276 |
|   0   | 84.429 | 98.837 | 99.343 | 91.262 | 91.262 |
|   1   | 84.934 | 98.837 | 99.393 | 91.519 | 91.519 |
|   2   | 84.833 | 98.686 | 99.343 | 91.389 | 91.389 |
|   3   | 84.833 | 98.686 | 99.292 | 91.372 | 91.372 |
|   4   | 84.631 | 98.584 | 99.292 | 91.249 | 91.249 |
|   5   | 84.681 | 98.787 | 99.292 | 91.329 | 91.329 |
|   6   | 84.783 | 98.736 | 99.292 | 91.382 | 91.382 |
|   7   | 84.884 | 98.736 | 99.292 | 91.443 | 91.443 |
|   8   | 85.035 | 98.787 | 99.292 | 91.494 | 91.494 |
|   9   | 85.035 | 98.736 | 99.292 | 91.489 | 91.489 |
|   10  | 85.035 | 98.635 | 99.292 | 91.468 | 91.468 |
|   11  | 85.086 | 98.686 | 99.292 | 91.525 | 91.525 |
|   12  | 85.086 | 98.635 | 99.292 | 91.512 | 91.512 |
|   13  | 85.035 | 98.686 | 99.292 | 91.472 | 91.472 |
|   14  | 85.086 | 98.635 | 99.292 | 91.495 | 91.495 |
|   15  | 85.187 | 98.584 | 99.292 | 91.552 | 91.552 |
|   16  | 85.137 | 98.635 | 99.292 | 91.517 | 91.517 |
|   17  | 85.238 | 98.635 | 99.292 | 91.581 | 91.581 |
|   18  | 85.187 | 98.635 | 99.292 | 91.547 | 91.547 |
|   19  | 85.238 | 98.635 | 99.292 | 91.570 | 91.570 |
|   20  | 85.187 | 98.635 | 99.292 | 91.538 | 91.538 |
|   21  | 85.137 | 98.635 | 99.292 | 91.512 | 91.512 |
|   22  | 85.137 | 98.635 | 99.292 | 91.501 | 91.501 |
|   23  | 85.137 | 98.635 | 99.343 | 91.511 | 91.511 |
|   24  | 85.086 | 98.635 | 99.343 | 91.490 | 91.490 |
|   25  | 85.137 | 98.635 | 99.292 | 91.504 | 91.504 |
|   26  | 85.137 | 98.635 | 99.292 | 91.508 | 91.508 |
|   27  | 85.086 | 98.635 | 99.292 | 91.483 | 91.483 |
|   28  | 85.086 | 98.635 | 99.292 | 91.483 | 91.483 |
|   29  | 85.086 | 98.635 | 99.292 | 91.483 | 91.483 |
+-------+--------+--------+--------+--------+--------+
     logs:  {'epo': 29, 'R1': 85.086, 'R5': 98.635, 'R10': 99.292, 'mAP': 91.483, 'mINP': 91.483, 'lr': 5e-06, 'entropy': 0.034449, 'loss': 2.3834, 'entr_unc': 0.014389, 'uncertainty': 2.369011, 'uncertainty_multiply_coeffi': 2.369011}
### best epoch: 17
### Time 1:12:07
NNODES,  1
NODE_RANK,  0
MASTER_ADDR,  127.0.0.1
MASTER_PORT,  1612
NPROC_PER_NODE,  2
task:  tta_exp3.3
config:  configs/tta_exp3.3.yaml
output_dir:  output_rerun2/tta_exp3.3/2025091120253
python3 tta.py --config configs/tta_exp3.3.yaml --task tta_exp3.3 --output_dir output_rerun2/tta_exp3.3/2025091120253 --checkpoint checkpoint/cmp.pth --bs 0 --epo 0 --lr 0.0 --seed 42 --tta
