/home/user/yc57963/miniconda3/envs/cmp/lib/python3.10/site-packages/torch/utils/data/dataloader.py:627: UserWarning: This DataLoader will create 4 worker processes in total. Our suggested max number of worker in current system is 2, which is smaller than what this DataLoader is going to create. Please be aware that excessive worker creation might get DataLoader running slow or even freeze, lower the worker number to avoid potential slowness/freeze if necessary.
  warnings.warn(
/home/user/yc57963/miniconda3/envs/cmp/lib/python3.10/site-packages/torch/functional.py:554: UserWarning: torch.meshgrid: in an upcoming release, it will be required to pass the indexing argument. (Triggered internally at /pytorch/aten/src/ATen/native/TensorShape.cpp:4322.)
  return _VF.meshgrid(tensors, **kwargs)  # type: ignore[attr-defined]
Not using distributed mode
### Hyper-parameters:
     seed: 42
     device: cuda
     output_dir: output_rerun2/tta_exp3.7/2025091201121
     batch_size_tta: 32
     epochs: 30
     lr: 0.0001
### Creating test dataset
from data/PAB/annotation/test/attr.json loading 1978 data
     test dataset -->    be_pose_img: True
     test_dataset: 1978
### Creating test dataloader
### be careful: func create_loader returns a list length of 1
     test_loader: 90
### Creating model
build_vision_encoder: load swin 224 x 224 ====>
missing_keys:  []
unexpected_keys:  ['head.weight', 'head.bias']
/home/user/yc57963/task/CMP/eval.py:123: UserWarning: To copy construct from a tensor, it is recommended to use sourceTensor.detach().clone() or sourceTensor.detach().clone().requires_grad_(True), rather than torch.tensor(sourceTensor).
  similarity = torch.tensor(scores_t2i)
build_text_encoder: load bert ====>
missing_keys: ['bert.encoder.layer.10.crossattention.output.LayerNorm.bias', 'bert.encoder.layer.10.crossattention.output.LayerNorm.weight', 'bert.encoder.layer.10.crossattention.output.dense.bias', 'bert.encoder.layer.10.crossattention.output.dense.weight', 'bert.encoder.layer.10.crossattention.self.key.bias', 'bert.encoder.layer.10.crossattention.self.key.weight', 'bert.encoder.layer.10.crossattention.self.query.bias', 'bert.encoder.layer.10.crossattention.self.query.weight', 'bert.encoder.layer.10.crossattention.self.value.bias', 'bert.encoder.layer.10.crossattention.self.value.weight', 'bert.encoder.layer.11.crossattention.output.LayerNorm.bias', 'bert.encoder.layer.11.crossattention.output.LayerNorm.weight', 'bert.encoder.layer.11.crossattention.output.dense.bias', 'bert.encoder.layer.11.crossattention.output.dense.weight', 'bert.encoder.layer.11.crossattention.self.key.bias', 'bert.encoder.layer.11.crossattention.self.key.weight', 'bert.encoder.layer.11.crossattention.self.query.bias', 'bert.encoder.layer.11.crossattention.self.query.weight', 'bert.encoder.layer.11.crossattention.self.value.bias', 'bert.encoder.layer.11.crossattention.self.value.weight', 'bert.encoder.layer.6.crossattention.output.LayerNorm.bias', 'bert.encoder.layer.6.crossattention.output.LayerNorm.weight', 'bert.encoder.layer.6.crossattention.output.dense.bias', 'bert.encoder.layer.6.crossattention.output.dense.weight', 'bert.encoder.layer.6.crossattention.self.key.bias', 'bert.encoder.layer.6.crossattention.self.key.weight', 'bert.encoder.layer.6.crossattention.self.query.bias', 'bert.encoder.layer.6.crossattention.self.query.weight', 'bert.encoder.layer.6.crossattention.self.value.bias', 'bert.encoder.layer.6.crossattention.self.value.weight', 'bert.encoder.layer.7.crossattention.output.LayerNorm.bias', 'bert.encoder.layer.7.crossattention.output.LayerNorm.weight', 'bert.encoder.layer.7.crossattention.output.dense.bias', 'bert.encoder.layer.7.crossattention.output.dense.weight', 'bert.encoder.layer.7.crossattention.self.key.bias', 'bert.encoder.layer.7.crossattention.self.key.weight', 'bert.encoder.layer.7.crossattention.self.query.bias', 'bert.encoder.layer.7.crossattention.self.query.weight', 'bert.encoder.layer.7.crossattention.self.value.bias', 'bert.encoder.layer.7.crossattention.self.value.weight', 'bert.encoder.layer.8.crossattention.output.LayerNorm.bias', 'bert.encoder.layer.8.crossattention.output.LayerNorm.weight', 'bert.encoder.layer.8.crossattention.output.dense.bias', 'bert.encoder.layer.8.crossattention.output.dense.weight', 'bert.encoder.layer.8.crossattention.self.key.bias', 'bert.encoder.layer.8.crossattention.self.key.weight', 'bert.encoder.layer.8.crossattention.self.query.bias', 'bert.encoder.layer.8.crossattention.self.query.weight', 'bert.encoder.layer.8.crossattention.self.value.bias', 'bert.encoder.layer.8.crossattention.self.value.weight', 'bert.encoder.layer.9.crossattention.output.LayerNorm.bias', 'bert.encoder.layer.9.crossattention.output.LayerNorm.weight', 'bert.encoder.layer.9.crossattention.output.dense.bias', 'bert.encoder.layer.9.crossattention.output.dense.weight', 'bert.encoder.layer.9.crossattention.self.key.bias', 'bert.encoder.layer.9.crossattention.self.key.weight', 'bert.encoder.layer.9.crossattention.self.query.bias', 'bert.encoder.layer.9.crossattention.self.query.weight', 'bert.encoder.layer.9.crossattention.self.value.bias', 'bert.encoder.layer.9.crossattention.self.value.weight']
unexpected_keys: ['cls.seq_relationship.bias', 'cls.seq_relationship.weight']
mismatched_keys: []
error_msgs: []
Label Smooth: 0.2
pose_conv
load checkpoint from checkpoint/cmp.pth
missing_keys:  ['uncertainty_temper', 'prompt_learning_embedding']
unexpected_keys:  []
     Total Params Sum:  254264985
### Inference ITC similiarity matrix
### Zero-Shot ITC Score: 
+-------+--------+--------+--------+--------+--------+
| epoch |   R1   |   R5   |  R10   |  mAP   |  mINP  |
+-------+--------+--------+--------+--------+--------+
|  -999 | 69.414 | 95.197 | 97.776 | 81.233 | 81.233 |
+-------+--------+--------+--------+--------+--------+
### Zero-Shot Score: 
+-------+--------+--------+--------+--------+--------+
| epoch |   R1   |   R5   |  R10   |  mAP   |  mINP  |
+-------+--------+--------+--------+--------+--------+
|  -999 | 69.414 | 95.197 | 97.776 | 81.233 | 81.233 |
|  -999 | 69.414 | 95.197 | 97.776 | 81.233 | 81.233 |
|  -999 | 84.277 | 99.039 | 99.596 | 91.276 | 91.276 |
+-------+--------+--------+--------+--------+--------+
### TTA:
     preprocess_tta_coefficients  start
     sample selection ...
     number of sample after sample_selection: 1978
     uncertainty ...
     preprocess_tta_coefficients  end
### Creating tta dataset
     tta_dataset: 1978
### Creating tta dataloader
### be careful: func create_loader returns a list length of 1
     tta_loader: 61
### Configure adapted weights
     TTA Dropout Modules: 
 [('vision_encoder.pos_drop', Dropout(p=0, inplace=False), True), ('vision_encoder.layers.0.blocks.0.attn.attn_drop', Dropout(p=0.0, inplace=False), True), ('vision_encoder.layers.0.blocks.0.attn.proj_drop', Dropout(p=0, inplace=False), True), ('vision_encoder.layers.0.blocks.0.mlp.drop', Dropout(p=0, inplace=False), True), ('vision_encoder.layers.0.blocks.1.attn.attn_drop', Dropout(p=0.0, inplace=False), True), ('vision_encoder.layers.0.blocks.1.attn.proj_drop', Dropout(p=0, inplace=False), True), ('vision_encoder.layers.0.blocks.1.mlp.drop', Dropout(p=0, inplace=False), True), ('vision_encoder.layers.1.blocks.0.attn.attn_drop', Dropout(p=0.0, inplace=False), True), ('vision_encoder.layers.1.blocks.0.attn.proj_drop', Dropout(p=0, inplace=False), True), ('vision_encoder.layers.1.blocks.0.mlp.drop', Dropout(p=0, inplace=False), True), ('vision_encoder.layers.1.blocks.1.attn.attn_drop', Dropout(p=0.0, inplace=False), True), ('vision_encoder.layers.1.blocks.1.attn.proj_drop', Dropout(p=0, inplace=False), True), ('vision_encoder.layers.1.blocks.1.mlp.drop', Dropout(p=0, inplace=False), True), ('vision_encoder.layers.2.blocks.0.attn.attn_drop', Dropout(p=0.0, inplace=False), True), ('vision_encoder.layers.2.blocks.0.attn.proj_drop', Dropout(p=0, inplace=False), True), ('vision_encoder.layers.2.blocks.0.mlp.drop', Dropout(p=0, inplace=False), True), ('vision_encoder.layers.2.blocks.1.attn.attn_drop', Dropout(p=0.0, inplace=False), True), ('vision_encoder.layers.2.blocks.1.attn.proj_drop', Dropout(p=0, inplace=False), True), ('vision_encoder.layers.2.blocks.1.mlp.drop', Dropout(p=0, inplace=False), True), ('vision_encoder.layers.2.blocks.2.attn.attn_drop', Dropout(p=0.0, inplace=False), True), ('vision_encoder.layers.2.blocks.2.attn.proj_drop', Dropout(p=0, inplace=False), True), ('vision_encoder.layers.2.blocks.2.mlp.drop', Dropout(p=0, inplace=False), True), ('vision_encoder.layers.2.blocks.3.attn.attn_drop', Dropout(p=0.0, inplace=False), True), ('vision_encoder.layers.2.blocks.3.attn.proj_drop', Dropout(p=0, inplace=False), True), ('vision_encoder.layers.2.blocks.3.mlp.drop', Dropout(p=0, inplace=False), True), ('vision_encoder.layers.2.blocks.4.attn.attn_drop', Dropout(p=0.0, inplace=False), True), ('vision_encoder.layers.2.blocks.4.attn.proj_drop', Dropout(p=0, inplace=False), True), ('vision_encoder.layers.2.blocks.4.mlp.drop', Dropout(p=0, inplace=False), True), ('vision_encoder.layers.2.blocks.5.attn.attn_drop', Dropout(p=0.0, inplace=False), True), ('vision_encoder.layers.2.blocks.5.attn.proj_drop', Dropout(p=0, inplace=False), True), ('vision_encoder.layers.2.blocks.5.mlp.drop', Dropout(p=0, inplace=False), True), ('vision_encoder.layers.2.blocks.6.attn.attn_drop', Dropout(p=0.0, inplace=False), True), ('vision_encoder.layers.2.blocks.6.attn.proj_drop', Dropout(p=0, inplace=False), True), ('vision_encoder.layers.2.blocks.6.mlp.drop', Dropout(p=0, inplace=False), True), ('vision_encoder.layers.2.blocks.7.attn.attn_drop', Dropout(p=0.0, inplace=False), True), ('vision_encoder.layers.2.blocks.7.attn.proj_drop', Dropout(p=0, inplace=False), True), ('vision_encoder.layers.2.blocks.7.mlp.drop', Dropout(p=0, inplace=False), True), ('vision_encoder.layers.2.blocks.8.attn.attn_drop', Dropout(p=0.0, inplace=False), True), ('vision_encoder.layers.2.blocks.8.attn.proj_drop', Dropout(p=0, inplace=False), True), ('vision_encoder.layers.2.blocks.8.mlp.drop', Dropout(p=0, inplace=False), True), ('vision_encoder.layers.2.blocks.9.attn.attn_drop', Dropout(p=0.0, inplace=False), True), ('vision_encoder.layers.2.blocks.9.attn.proj_drop', Dropout(p=0, inplace=False), True), ('vision_encoder.layers.2.blocks.9.mlp.drop', Dropout(p=0, inplace=False), True), ('vision_encoder.layers.2.blocks.10.attn.attn_drop', Dropout(p=0.0, inplace=False), True), ('vision_encoder.layers.2.blocks.10.attn.proj_drop', Dropout(p=0, inplace=False), True), ('vision_encoder.layers.2.blocks.10.mlp.drop', Dropout(p=0, inplace=False), True), ('vision_encoder.layers.2.blocks.11.attn.attn_drop', Dropout(p=0.0, inplace=False), True), ('vision_encoder.layers.2.blocks.11.attn.proj_drop', Dropout(p=0, inplace=False), True), ('vision_encoder.layers.2.blocks.11.mlp.drop', Dropout(p=0, inplace=False), True), ('vision_encoder.layers.2.blocks.12.attn.attn_drop', Dropout(p=0.0, inplace=False), True), ('vision_encoder.layers.2.blocks.12.attn.proj_drop', Dropout(p=0, inplace=False), True), ('vision_encoder.layers.2.blocks.12.mlp.drop', Dropout(p=0, inplace=False), True), ('vision_encoder.layers.2.blocks.13.attn.attn_drop', Dropout(p=0.0, inplace=False), True), ('vision_encoder.layers.2.blocks.13.attn.proj_drop', Dropout(p=0, inplace=False), True), ('vision_encoder.layers.2.blocks.13.mlp.drop', Dropout(p=0, inplace=False), True), ('vision_encoder.layers.2.blocks.14.attn.attn_drop', Dropout(p=0.0, inplace=False), True), ('vision_encoder.layers.2.blocks.14.attn.proj_drop', Dropout(p=0, inplace=False), True), ('vision_encoder.layers.2.blocks.14.mlp.drop', Dropout(p=0, inplace=False), True), ('vision_encoder.layers.2.blocks.15.attn.attn_drop', Dropout(p=0.0, inplace=False), True), ('vision_encoder.layers.2.blocks.15.attn.proj_drop', Dropout(p=0, inplace=False), True), ('vision_encoder.layers.2.blocks.15.mlp.drop', Dropout(p=0, inplace=False), True), ('vision_encoder.layers.2.blocks.16.attn.attn_drop', Dropout(p=0.0, inplace=False), True), ('vision_encoder.layers.2.blocks.16.attn.proj_drop', Dropout(p=0, inplace=False), True), ('vision_encoder.layers.2.blocks.16.mlp.drop', Dropout(p=0, inplace=False), True), ('vision_encoder.layers.2.blocks.17.attn.attn_drop', Dropout(p=0.0, inplace=False), True), ('vision_encoder.layers.2.blocks.17.attn.proj_drop', Dropout(p=0, inplace=False), True), ('vision_encoder.layers.2.blocks.17.mlp.drop', Dropout(p=0, inplace=False), True), ('vision_encoder.layers.3.blocks.0.attn.attn_drop', Dropout(p=0.0, inplace=False), True), ('vision_encoder.layers.3.blocks.0.attn.proj_drop', Dropout(p=0, inplace=False), True), ('vision_encoder.layers.3.blocks.0.mlp.drop', Dropout(p=0, inplace=False), True), ('vision_encoder.layers.3.blocks.1.attn.attn_drop', Dropout(p=0.0, inplace=False), True), ('vision_encoder.layers.3.blocks.1.attn.proj_drop', Dropout(p=0, inplace=False), True), ('vision_encoder.layers.3.blocks.1.mlp.drop', Dropout(p=0, inplace=False), True), ('text_encoder.bert.embeddings.dropout', Dropout(p=0.1, inplace=False), True), ('text_encoder.bert.encoder.layer.0.attention.self.dropout', Dropout(p=0.1, inplace=False), True), ('text_encoder.bert.encoder.layer.0.attention.output.dropout', Dropout(p=0.1, inplace=False), True), ('text_encoder.bert.encoder.layer.0.output.dropout', Dropout(p=0.1, inplace=False), True), ('text_encoder.bert.encoder.layer.1.attention.self.dropout', Dropout(p=0.1, inplace=False), True), ('text_encoder.bert.encoder.layer.1.attention.output.dropout', Dropout(p=0.1, inplace=False), True), ('text_encoder.bert.encoder.layer.1.output.dropout', Dropout(p=0.1, inplace=False), True), ('text_encoder.bert.encoder.layer.2.attention.self.dropout', Dropout(p=0.1, inplace=False), True), ('text_encoder.bert.encoder.layer.2.attention.output.dropout', Dropout(p=0.1, inplace=False), True), ('text_encoder.bert.encoder.layer.2.output.dropout', Dropout(p=0.1, inplace=False), True), ('text_encoder.bert.encoder.layer.3.attention.self.dropout', Dropout(p=0.1, inplace=False), True), ('text_encoder.bert.encoder.layer.3.attention.output.dropout', Dropout(p=0.1, inplace=False), True), ('text_encoder.bert.encoder.layer.3.output.dropout', Dropout(p=0.1, inplace=False), True), ('text_encoder.bert.encoder.layer.4.attention.self.dropout', Dropout(p=0.1, inplace=False), True), ('text_encoder.bert.encoder.layer.4.attention.output.dropout', Dropout(p=0.1, inplace=False), True), ('text_encoder.bert.encoder.layer.4.output.dropout', Dropout(p=0.1, inplace=False), True), ('text_encoder.bert.encoder.layer.5.attention.self.dropout', Dropout(p=0.1, inplace=False), True), ('text_encoder.bert.encoder.layer.5.attention.output.dropout', Dropout(p=0.1, inplace=False), True), ('text_encoder.bert.encoder.layer.5.output.dropout', Dropout(p=0.1, inplace=False), True), ('text_encoder.bert.encoder.layer.6.attention.self.dropout', Dropout(p=0.1, inplace=False), True), ('text_encoder.bert.encoder.layer.6.attention.output.dropout', Dropout(p=0.1, inplace=False), True), ('text_encoder.bert.encoder.layer.6.crossattention.self.dropout', Dropout(p=0.1, inplace=False), True), ('text_encoder.bert.encoder.layer.6.crossattention.output.dropout', Dropout(p=0.1, inplace=False), True), ('text_encoder.bert.encoder.layer.6.output.dropout', Dropout(p=0.1, inplace=False), True), ('text_encoder.bert.encoder.layer.7.attention.self.dropout', Dropout(p=0.1, inplace=False), True), ('text_encoder.bert.encoder.layer.7.attention.output.dropout', Dropout(p=0.1, inplace=False), True), ('text_encoder.bert.encoder.layer.7.crossattention.self.dropout', Dropout(p=0.1, inplace=False), True), ('text_encoder.bert.encoder.layer.7.crossattention.output.dropout', Dropout(p=0.1, inplace=False), True), ('text_encoder.bert.encoder.layer.7.output.dropout', Dropout(p=0.1, inplace=False), True), ('text_encoder.bert.encoder.layer.8.attention.self.dropout', Dropout(p=0.1, inplace=False), True), ('text_encoder.bert.encoder.layer.8.attention.output.dropout', Dropout(p=0.1, inplace=False), True), ('text_encoder.bert.encoder.layer.8.crossattention.self.dropout', Dropout(p=0.1, inplace=False), True), ('text_encoder.bert.encoder.layer.8.crossattention.output.dropout', Dropout(p=0.1, inplace=False), True), ('text_encoder.bert.encoder.layer.8.output.dropout', Dropout(p=0.1, inplace=False), True), ('text_encoder.bert.encoder.layer.9.attention.self.dropout', Dropout(p=0.1, inplace=False), True), ('text_encoder.bert.encoder.layer.9.attention.output.dropout', Dropout(p=0.1, inplace=False), True), ('text_encoder.bert.encoder.layer.9.crossattention.self.dropout', Dropout(p=0.1, inplace=False), True), ('text_encoder.bert.encoder.layer.9.crossattention.output.dropout', Dropout(p=0.1, inplace=False), True), ('text_encoder.bert.encoder.layer.9.output.dropout', Dropout(p=0.1, inplace=False), True), ('text_encoder.bert.encoder.layer.10.attention.self.dropout', Dropout(p=0.1, inplace=False), True), ('text_encoder.bert.encoder.layer.10.attention.output.dropout', Dropout(p=0.1, inplace=False), True), ('text_encoder.bert.encoder.layer.10.crossattention.self.dropout', Dropout(p=0.1, inplace=False), True), ('text_encoder.bert.encoder.layer.10.crossattention.output.dropout', Dropout(p=0.1, inplace=False), True), ('text_encoder.bert.encoder.layer.10.output.dropout', Dropout(p=0.1, inplace=False), True), ('text_encoder.bert.encoder.layer.11.attention.self.dropout', Dropout(p=0.1, inplace=False), True), ('text_encoder.bert.encoder.layer.11.attention.output.dropout', Dropout(p=0.1, inplace=False), True), ('text_encoder.bert.encoder.layer.11.crossattention.self.dropout', Dropout(p=0.1, inplace=False), True), ('text_encoder.bert.encoder.layer.11.crossattention.output.dropout', Dropout(p=0.1, inplace=False), True), ('text_encoder.bert.encoder.layer.11.output.dropout', Dropout(p=0.1, inplace=False), True), ('vision_proj.1', Dropout(p=0.5, inplace=False), True), ('text_proj.1', Dropout(p=0.5, inplace=False), True), ('pose_block.attn.attn_drop', Dropout(p=0.0, inplace=False), True), ('pose_block.attn.proj_drop', Dropout(p=0.0, inplace=False), True)]
     TTA Require Gradient Params: 
 [('text_encoder.bert.embeddings.LayerNorm.weight', torch.Size([768])), ('text_encoder.bert.embeddings.LayerNorm.bias', torch.Size([768])), ('text_encoder.bert.encoder.layer.6.attention.output.LayerNorm.weight', torch.Size([768])), ('text_encoder.bert.encoder.layer.6.attention.output.LayerNorm.bias', torch.Size([768])), ('text_encoder.bert.encoder.layer.6.crossattention.output.LayerNorm.weight', torch.Size([768])), ('text_encoder.bert.encoder.layer.6.crossattention.output.LayerNorm.bias', torch.Size([768])), ('text_encoder.bert.encoder.layer.6.output.LayerNorm.weight', torch.Size([768])), ('text_encoder.bert.encoder.layer.6.output.LayerNorm.bias', torch.Size([768])), ('text_encoder.bert.encoder.layer.7.attention.output.LayerNorm.weight', torch.Size([768])), ('text_encoder.bert.encoder.layer.7.attention.output.LayerNorm.bias', torch.Size([768])), ('text_encoder.bert.encoder.layer.7.crossattention.output.LayerNorm.weight', torch.Size([768])), ('text_encoder.bert.encoder.layer.7.crossattention.output.LayerNorm.bias', torch.Size([768])), ('text_encoder.bert.encoder.layer.7.output.LayerNorm.weight', torch.Size([768])), ('text_encoder.bert.encoder.layer.7.output.LayerNorm.bias', torch.Size([768])), ('text_encoder.bert.encoder.layer.8.attention.output.LayerNorm.weight', torch.Size([768])), ('text_encoder.bert.encoder.layer.8.attention.output.LayerNorm.bias', torch.Size([768])), ('text_encoder.bert.encoder.layer.8.crossattention.output.LayerNorm.weight', torch.Size([768])), ('text_encoder.bert.encoder.layer.8.crossattention.output.LayerNorm.bias', torch.Size([768])), ('text_encoder.bert.encoder.layer.8.output.LayerNorm.weight', torch.Size([768])), ('text_encoder.bert.encoder.layer.8.output.LayerNorm.bias', torch.Size([768])), ('text_encoder.bert.encoder.layer.9.attention.output.LayerNorm.weight', torch.Size([768])), ('text_encoder.bert.encoder.layer.9.attention.output.LayerNorm.bias', torch.Size([768])), ('text_encoder.bert.encoder.layer.9.crossattention.output.LayerNorm.weight', torch.Size([768])), ('text_encoder.bert.encoder.layer.9.crossattention.output.LayerNorm.bias', torch.Size([768])), ('text_encoder.bert.encoder.layer.9.output.LayerNorm.weight', torch.Size([768])), ('text_encoder.bert.encoder.layer.9.output.LayerNorm.bias', torch.Size([768])), ('text_encoder.bert.encoder.layer.10.attention.output.LayerNorm.weight', torch.Size([768])), ('text_encoder.bert.encoder.layer.10.attention.output.LayerNorm.bias', torch.Size([768])), ('text_encoder.bert.encoder.layer.10.crossattention.output.LayerNorm.weight', torch.Size([768])), ('text_encoder.bert.encoder.layer.10.crossattention.output.LayerNorm.bias', torch.Size([768])), ('text_encoder.bert.encoder.layer.10.output.LayerNorm.weight', torch.Size([768])), ('text_encoder.bert.encoder.layer.10.output.LayerNorm.bias', torch.Size([768])), ('text_encoder.bert.encoder.layer.11.attention.output.LayerNorm.weight', torch.Size([768])), ('text_encoder.bert.encoder.layer.11.attention.output.LayerNorm.bias', torch.Size([768])), ('text_encoder.bert.encoder.layer.11.crossattention.output.LayerNorm.weight', torch.Size([768])), ('text_encoder.bert.encoder.layer.11.crossattention.output.LayerNorm.bias', torch.Size([768])), ('text_encoder.bert.encoder.layer.11.output.LayerNorm.weight', torch.Size([768])), ('text_encoder.bert.encoder.layer.11.output.LayerNorm.bias', torch.Size([768])), ('text_encoder.cls.predictions.transform.LayerNorm.weight', torch.Size([768])), ('text_encoder.cls.predictions.transform.LayerNorm.bias', torch.Size([768])), ('itm_head.1.weight', torch.Size([1536])), ('itm_head.1.bias', torch.Size([1536]))]
     TTA Dropout Modules Number: 
 126
     TTA Require Gradient Params Sum: 
 33792
     lr:  0.0001    lr_mult:  2
     model has 'init_params',  385
     num_tta_steps:  1860
     num_warmup_steps:  100
     sched: step
/home/user/yc57963/task/CMP/tta.py:213: FutureWarning: `torch.cuda.amp.GradScaler(args...)` is deprecated. Please use `torch.amp.GradScaler('cuda', args...)` instead.
  scaler = GradScaler()  # bf16
### Start ITM Test Time Adaptation
      TTA Epoch: [0] [ 0/61]  eta: 0:01:07  lr: 0.000001  entropy: 0.3376  loss: 2.8146  entr_unc: 0.1256  uncertainty: 2.6890  uncertainty_multiply_coeffi: 2.6890  time: 1.1138  data: 0.5754  max mem: 2639
      TTA Epoch: [0] [60/61]  eta: 0:00:00  lr: 0.000061  entropy: 0.3926  loss: 2.8354  entr_unc: 0.1460  uncertainty: 2.6894  uncertainty_multiply_coeffi: 2.6894  time: 0.0475  data: 0.0019  max mem: 2671
      TTA Epoch: [0] Total time: 0:00:04 (0.0711 s / it)
     Averaged stats: lr: 0.0000  entropy: 0.3487  loss: 2.8190  entr_unc: 0.1297  uncertainty: 2.6894  uncertainty_multiply_coeffi: 2.6894
     itm tta time 0:00:04
     Computing matching score
      Evaluation: [   0/1978]  eta: 0:03:37    time: 0.1099  data: 0.0035  max mem: 2671
      Evaluation: [ 100/1978]  eta: 0:02:10    time: 0.0687  data: 0.0000  max mem: 2671
      Evaluation: [ 200/1978]  eta: 0:02:02    time: 0.0682  data: 0.0000  max mem: 2671
      Evaluation: [ 300/1978]  eta: 0:01:55    time: 0.0687  data: 0.0000  max mem: 2671
      Evaluation: [ 400/1978]  eta: 0:01:48    time: 0.0688  data: 0.0000  max mem: 2671
      Evaluation: [ 500/1978]  eta: 0:01:41    time: 0.0681  data: 0.0000  max mem: 2671
      Evaluation: [ 600/1978]  eta: 0:01:34    time: 0.0682  data: 0.0000  max mem: 2671
      Evaluation: [ 700/1978]  eta: 0:01:27    time: 0.0682  data: 0.0000  max mem: 2671
      Evaluation: [ 800/1978]  eta: 0:01:20    time: 0.0683  data: 0.0000  max mem: 2671
      Evaluation: [ 900/1978]  eta: 0:01:13    time: 0.0686  data: 0.0000  max mem: 2671
      Evaluation: [1000/1978]  eta: 0:01:07    time: 0.0693  data: 0.0000  max mem: 2671
      Evaluation: [1100/1978]  eta: 0:01:00    time: 0.0695  data: 0.0000  max mem: 2671
      Evaluation: [1200/1978]  eta: 0:00:53    time: 0.0688  data: 0.0000  max mem: 2671
      Evaluation: [1300/1978]  eta: 0:00:46    time: 0.0688  data: 0.0000  max mem: 2671
      Evaluation: [1400/1978]  eta: 0:00:39    time: 0.0684  data: 0.0000  max mem: 2671
      Evaluation: [1500/1978]  eta: 0:00:32    time: 0.0691  data: 0.0000  max mem: 2671
      Evaluation: [1600/1978]  eta: 0:00:25    time: 0.0688  data: 0.0000  max mem: 2671
      Evaluation: [1700/1978]  eta: 0:00:19    time: 0.0691  data: 0.0000  max mem: 2671
      Evaluation: [1800/1978]  eta: 0:00:12    time: 0.0689  data: 0.0000  max mem: 2671
      Evaluation: [1900/1978]  eta: 0:00:05    time: 0.0684  data: 0.0000  max mem: 2671
      Evaluation: [1977/1978]  eta: 0:00:00    time: 0.0684  data: 0.0000  max mem: 2671
      Evaluation: Total time: 0:02:15 (0.0687 s / it)
     Computing matching score time 0:02:16
### TTA ITM Score: 
+-------+--------+--------+--------+--------+--------+
| epoch |   R1   |   R5   |  R10   |  mAP   |  mINP  |
+-------+--------+--------+--------+--------+--------+
|  -999 | 69.414 | 95.197 | 97.776 | 81.233 | 81.233 |
|  -999 | 69.414 | 95.197 | 97.776 | 81.233 | 81.233 |
|  -999 | 84.277 | 99.039 | 99.596 | 91.276 | 91.276 |
|   0   | 84.631 | 99.039 | 99.596 | 91.443 | 91.443 |
+-------+--------+--------+--------+--------+--------+
     logs:  {'epo': 0, 'R1': 84.631, 'R5': 99.039, 'R10': 99.596, 'mAP': 91.443, 'mINP': 91.443, 'lr': 3.1e-05, 'entropy': 0.34868, 'loss': 2.819026, 'entr_unc': 0.129651, 'uncertainty': 2.689375, 'uncertainty_multiply_coeffi': 2.689375}
      TTA Epoch: [1] [ 0/61]  eta: 0:00:24  lr: 0.000062  entropy: 0.3922  loss: 2.8348  entr_unc: 0.1459  uncertainty: 2.6889  uncertainty_multiply_coeffi: 2.6889  time: 0.3943  data: 0.2779  max mem: 2671
      TTA Epoch: [1] [60/61]  eta: 0:00:00  lr: 0.000099  entropy: 0.3751  loss: 2.8292  entr_unc: 0.1394  uncertainty: 2.6898  uncertainty_multiply_coeffi: 2.6898  time: 0.0461  data: 0.0002  max mem: 2671
      TTA Epoch: [1] Total time: 0:00:03 (0.0636 s / it)
     Averaged stats: lr: 0.0001  entropy: 0.3131  loss: 2.8058  entr_unc: 0.1164  uncertainty: 2.6894  uncertainty_multiply_coeffi: 2.6894
     itm tta time 0:00:03
     Computing matching score
      Evaluation: [   0/1978]  eta: 0:02:20    time: 0.0709  data: 0.0033  max mem: 2671
      Evaluation: [ 100/1978]  eta: 0:02:08    time: 0.0683  data: 0.0000  max mem: 2671
      Evaluation: [ 200/1978]  eta: 0:02:02    time: 0.0694  data: 0.0000  max mem: 2671
      Evaluation: [ 300/1978]  eta: 0:01:55    time: 0.0685  data: 0.0000  max mem: 2671
      Evaluation: [ 400/1978]  eta: 0:01:48    time: 0.0694  data: 0.0000  max mem: 2671
      Evaluation: [ 500/1978]  eta: 0:01:41    time: 0.0691  data: 0.0000  max mem: 2671
      Evaluation: [ 600/1978]  eta: 0:01:34    time: 0.0686  data: 0.0000  max mem: 2671
      Evaluation: [ 700/1978]  eta: 0:01:27    time: 0.0690  data: 0.0000  max mem: 2671
      Evaluation: [ 800/1978]  eta: 0:01:21    time: 0.0692  data: 0.0000  max mem: 2671
      Evaluation: [ 900/1978]  eta: 0:01:14    time: 0.0685  data: 0.0000  max mem: 2671
      Evaluation: [1000/1978]  eta: 0:01:07    time: 0.0688  data: 0.0000  max mem: 2671
      Evaluation: [1100/1978]  eta: 0:01:00    time: 0.0684  data: 0.0000  max mem: 2671
      Evaluation: [1200/1978]  eta: 0:00:53    time: 0.0694  data: 0.0000  max mem: 2671
      Evaluation: [1300/1978]  eta: 0:00:46    time: 0.0685  data: 0.0000  max mem: 2671
      Evaluation: [1400/1978]  eta: 0:00:39    time: 0.0687  data: 0.0000  max mem: 2671
      Evaluation: [1500/1978]  eta: 0:00:32    time: 0.0685  data: 0.0000  max mem: 2671
      Evaluation: [1600/1978]  eta: 0:00:26    time: 0.0683  data: 0.0000  max mem: 2671
      Evaluation: [1700/1978]  eta: 0:00:19    time: 0.0693  data: 0.0000  max mem: 2671
      Evaluation: [1800/1978]  eta: 0:00:12    time: 0.0691  data: 0.0000  max mem: 2671
      Evaluation: [1900/1978]  eta: 0:00:05    time: 0.0694  data: 0.0000  max mem: 2671
      Evaluation: [1977/1978]  eta: 0:00:00    time: 0.0687  data: 0.0000  max mem: 2671
      Evaluation: Total time: 0:02:16 (0.0688 s / it)
     Computing matching score time 0:02:16
### TTA ITM Score: 
+-------+--------+--------+--------+--------+--------+
| epoch |   R1   |   R5   |  R10   |  mAP   |  mINP  |
+-------+--------+--------+--------+--------+--------+
|  -999 | 69.414 | 95.197 | 97.776 | 81.233 | 81.233 |
|  -999 | 69.414 | 95.197 | 97.776 | 81.233 | 81.233 |
|  -999 | 84.277 | 99.039 | 99.596 | 91.276 | 91.276 |
|   0   | 84.631 | 99.039 | 99.596 | 91.443 | 91.443 |
|   1   | 84.681 | 98.888 | 99.494 | 91.416 | 91.416 |
+-------+--------+--------+--------+--------+--------+
     logs:  {'epo': 1, 'R1': 84.681, 'R5': 98.888, 'R10': 99.494, 'mAP': 91.416, 'mINP': 91.416, 'lr': 8.8e-05, 'entropy': 0.313115, 'loss': 2.805803, 'entr_unc': 0.116425, 'uncertainty': 2.689379, 'uncertainty_multiply_coeffi': 2.689379}
      TTA Epoch: [2] [ 0/61]  eta: 0:00:31  lr: 0.000099  entropy: 0.3054  loss: 2.8018  entr_unc: 0.1136  uncertainty: 2.6881  uncertainty_multiply_coeffi: 2.6881  time: 0.5237  data: 0.4014  max mem: 2671
      TTA Epoch: [2] [60/61]  eta: 0:00:00  lr: 0.000095  entropy: 0.3110  loss: 2.8048  entr_unc: 0.1156  uncertainty: 2.6891  uncertainty_multiply_coeffi: 2.6891  time: 0.0453  data: 0.0022  max mem: 2671
      TTA Epoch: [2] Total time: 0:00:03 (0.0628 s / it)
     Averaged stats: lr: 0.0001  entropy: 0.2688  loss: 2.7893  entr_unc: 0.0999  uncertainty: 2.6894  uncertainty_multiply_coeffi: 2.6894
     itm tta time 0:00:03
     Computing matching score
      Evaluation: [   0/1978]  eta: 0:02:23    time: 0.0726  data: 0.0033  max mem: 2671
      Evaluation: [ 100/1978]  eta: 0:02:09    time: 0.0691  data: 0.0000  max mem: 2671
      Evaluation: [ 200/1978]  eta: 0:02:02    time: 0.0696  data: 0.0000  max mem: 2671
      Evaluation: [ 300/1978]  eta: 0:01:56    time: 0.0698  data: 0.0000  max mem: 2671
      Evaluation: [ 400/1978]  eta: 0:01:49    time: 0.0693  data: 0.0000  max mem: 2671
      Evaluation: [ 500/1978]  eta: 0:01:42    time: 0.0700  data: 0.0000  max mem: 2671
      Evaluation: [ 600/1978]  eta: 0:01:35    time: 0.0693  data: 0.0000  max mem: 2671
      Evaluation: [ 700/1978]  eta: 0:01:28    time: 0.0695  data: 0.0000  max mem: 2671
      Evaluation: [ 800/1978]  eta: 0:01:21    time: 0.0690  data: 0.0000  max mem: 2671
      Evaluation: [ 900/1978]  eta: 0:01:14    time: 0.0697  data: 0.0000  max mem: 2671
      Evaluation: [1000/1978]  eta: 0:01:07    time: 0.0695  data: 0.0000  max mem: 2671
      Evaluation: [1100/1978]  eta: 0:01:00    time: 0.0695  data: 0.0000  max mem: 2671
      Evaluation: [1200/1978]  eta: 0:00:53    time: 0.0682  data: 0.0000  max mem: 2671
      Evaluation: [1300/1978]  eta: 0:00:46    time: 0.0684  data: 0.0000  max mem: 2671
      Evaluation: [1400/1978]  eta: 0:00:39    time: 0.0690  data: 0.0000  max mem: 2671
      Evaluation: [1500/1978]  eta: 0:00:33    time: 0.0687  data: 0.0000  max mem: 2671
      Evaluation: [1600/1978]  eta: 0:00:26    time: 0.0684  data: 0.0000  max mem: 2671
      Evaluation: [1700/1978]  eta: 0:00:19    time: 0.0684  data: 0.0000  max mem: 2671
      Evaluation: [1800/1978]  eta: 0:00:12    time: 0.0696  data: 0.0000  max mem: 2671
      Evaluation: [1900/1978]  eta: 0:00:05    time: 0.0690  data: 0.0000  max mem: 2671
      Evaluation: [1977/1978]  eta: 0:00:00    time: 0.0687  data: 0.0000  max mem: 2671
      Evaluation: Total time: 0:02:16 (0.0690 s / it)
     Computing matching score time 0:02:16
### TTA ITM Score: 
+-------+--------+--------+--------+--------+--------+
| epoch |   R1   |   R5   |  R10   |  mAP   |  mINP  |
+-------+--------+--------+--------+--------+--------+
|  -999 | 69.414 | 95.197 | 97.776 | 81.233 | 81.233 |
|  -999 | 69.414 | 95.197 | 97.776 | 81.233 | 81.233 |
|  -999 | 84.277 | 99.039 | 99.596 | 91.276 | 91.276 |
|   0   | 84.631 | 99.039 | 99.596 | 91.443 | 91.443 |
|   1   | 84.681 | 98.888 | 99.494 | 91.416 | 91.416 |
|   2   | 84.479 | 98.787 | 99.494 | 91.280 | 91.280 |
+-------+--------+--------+--------+--------+--------+
     logs:  {'epo': 2, 'R1': 84.479, 'R5': 98.787, 'R10': 99.494, 'mAP': 91.28, 'mINP': 91.28, 'lr': 9.7e-05, 'entropy': 0.268798, 'loss': 2.789326, 'entr_unc': 0.099944, 'uncertainty': 2.689383, 'uncertainty_multiply_coeffi': 2.689383}
      TTA Epoch: [3] [ 0/61]  eta: 0:00:31  lr: 0.000095  entropy: 0.2090  loss: 2.7668  entr_unc: 0.0777  uncertainty: 2.6890  uncertainty_multiply_coeffi: 2.6890  time: 0.5228  data: 0.4427  max mem: 2671
      TTA Epoch: [3] [60/61]  eta: 0:00:00  lr: 0.000092  entropy: 0.1901  loss: 2.7605  entr_unc: 0.0706  uncertainty: 2.6899  uncertainty_multiply_coeffi: 2.6899  time: 0.0462  data: 0.0021  max mem: 2671
      TTA Epoch: [3] Total time: 0:00:03 (0.0632 s / it)
     Averaged stats: lr: 0.0001  entropy: 0.2414  loss: 2.7791  entr_unc: 0.0898  uncertainty: 2.6894  uncertainty_multiply_coeffi: 2.6894
     itm tta time 0:00:03
     Computing matching score
      Evaluation: [   0/1978]  eta: 0:02:25    time: 0.0736  data: 0.0033  max mem: 2671
      Evaluation: [ 100/1978]  eta: 0:02:09    time: 0.0685  data: 0.0000  max mem: 2671
      Evaluation: [ 200/1978]  eta: 0:02:01    time: 0.0682  data: 0.0000  max mem: 2671
      Evaluation: [ 300/1978]  eta: 0:01:54    time: 0.0685  data: 0.0000  max mem: 2671
      Evaluation: [ 400/1978]  eta: 0:01:48    time: 0.0684  data: 0.0000  max mem: 2671
      Evaluation: [ 500/1978]  eta: 0:01:41    time: 0.0683  data: 0.0000  max mem: 2671
      Evaluation: [ 600/1978]  eta: 0:01:34    time: 0.0682  data: 0.0000  max mem: 2671
      Evaluation: [ 700/1978]  eta: 0:01:27    time: 0.0686  data: 0.0000  max mem: 2671
      Evaluation: [ 800/1978]  eta: 0:01:20    time: 0.0687  data: 0.0000  max mem: 2671
      Evaluation: [ 900/1978]  eta: 0:01:13    time: 0.0689  data: 0.0000  max mem: 2671
      Evaluation: [1000/1978]  eta: 0:01:07    time: 0.0684  data: 0.0000  max mem: 2671
      Evaluation: [1100/1978]  eta: 0:01:00    time: 0.0683  data: 0.0000  max mem: 2671
      Evaluation: [1200/1978]  eta: 0:00:53    time: 0.0683  data: 0.0000  max mem: 2671
      Evaluation: [1300/1978]  eta: 0:00:46    time: 0.0686  data: 0.0000  max mem: 2671
      Evaluation: [1400/1978]  eta: 0:00:39    time: 0.0697  data: 0.0000  max mem: 2671
      Evaluation: [1500/1978]  eta: 0:00:32    time: 0.0687  data: 0.0000  max mem: 2671
      Evaluation: [1600/1978]  eta: 0:00:25    time: 0.0689  data: 0.0000  max mem: 2671
      Evaluation: [1700/1978]  eta: 0:00:19    time: 0.0688  data: 0.0000  max mem: 2671
      Evaluation: [1800/1978]  eta: 0:00:12    time: 0.0685  data: 0.0000  max mem: 2671
      Evaluation: [1900/1978]  eta: 0:00:05    time: 0.0685  data: 0.0000  max mem: 2671
      Evaluation: [1977/1978]  eta: 0:00:00    time: 0.0689  data: 0.0000  max mem: 2671
      Evaluation: Total time: 0:02:15 (0.0686 s / it)
     Computing matching score time 0:02:15
### TTA ITM Score: 
+-------+--------+--------+--------+--------+--------+
| epoch |   R1   |   R5   |  R10   |  mAP   |  mINP  |
+-------+--------+--------+--------+--------+--------+
|  -999 | 69.414 | 95.197 | 97.776 | 81.233 | 81.233 |
|  -999 | 69.414 | 95.197 | 97.776 | 81.233 | 81.233 |
|  -999 | 84.277 | 99.039 | 99.596 | 91.276 | 91.276 |
|   0   | 84.631 | 99.039 | 99.596 | 91.443 | 91.443 |
|   1   | 84.681 | 98.888 | 99.494 | 91.416 | 91.416 |
|   2   | 84.479 | 98.787 | 99.494 | 91.280 | 91.280 |
|   3   | 84.530 | 98.787 | 99.393 | 91.269 | 91.269 |
+-------+--------+--------+--------+--------+--------+
     logs:  {'epo': 3, 'R1': 84.53, 'R5': 98.787, 'R10': 99.393, 'mAP': 91.269, 'mINP': 91.269, 'lr': 9.4e-05, 'entropy': 0.241434, 'loss': 2.779144, 'entr_unc': 0.089765, 'uncertainty': 2.689379, 'uncertainty_multiply_coeffi': 2.689379}
      TTA Epoch: [4] [ 0/61]  eta: 0:00:31  lr: 0.000092  entropy: 0.2605  loss: 2.7862  entr_unc: 0.0968  uncertainty: 2.6893  uncertainty_multiply_coeffi: 2.6893  time: 0.5175  data: 0.3907  max mem: 2671
      TTA Epoch: [4] [60/61]  eta: 0:00:00  lr: 0.000088  entropy: 0.2155  loss: 2.7696  entr_unc: 0.0801  uncertainty: 2.6894  uncertainty_multiply_coeffi: 2.6894  time: 0.0489  data: 0.0041  max mem: 2671
      TTA Epoch: [4] Total time: 0:00:03 (0.0631 s / it)
     Averaged stats: lr: 0.0001  entropy: 0.2274  loss: 2.7739  entr_unc: 0.0845  uncertainty: 2.6894  uncertainty_multiply_coeffi: 2.6894
     itm tta time 0:00:03
     Computing matching score
      Evaluation: [   0/1978]  eta: 0:02:33    time: 0.0774  data: 0.0035  max mem: 2671
      Evaluation: [ 100/1978]  eta: 0:02:09    time: 0.0687  data: 0.0000  max mem: 2671
      Evaluation: [ 200/1978]  eta: 0:02:01    time: 0.0683  data: 0.0000  max mem: 2671
      Evaluation: [ 300/1978]  eta: 0:01:55    time: 0.0692  data: 0.0000  max mem: 2671
      Evaluation: [ 400/1978]  eta: 0:01:48    time: 0.0684  data: 0.0000  max mem: 2671
      Evaluation: [ 500/1978]  eta: 0:01:41    time: 0.0688  data: 0.0000  max mem: 2671
      Evaluation: [ 600/1978]  eta: 0:01:34    time: 0.0692  data: 0.0000  max mem: 2671
      Evaluation: [ 700/1978]  eta: 0:01:27    time: 0.0685  data: 0.0000  max mem: 2671
      Evaluation: [ 800/1978]  eta: 0:01:20    time: 0.0699  data: 0.0000  max mem: 2671
      Evaluation: [ 900/1978]  eta: 0:01:14    time: 0.0685  data: 0.0000  max mem: 2671
      Evaluation: [1000/1978]  eta: 0:01:07    time: 0.0688  data: 0.0000  max mem: 2671
      Evaluation: [1100/1978]  eta: 0:01:00    time: 0.0691  data: 0.0000  max mem: 2671
      Evaluation: [1200/1978]  eta: 0:00:53    time: 0.0689  data: 0.0000  max mem: 2671
      Evaluation: [1300/1978]  eta: 0:00:46    time: 0.0682  data: 0.0000  max mem: 2671
      Evaluation: [1400/1978]  eta: 0:00:39    time: 0.0684  data: 0.0000  max mem: 2671
      Evaluation: [1500/1978]  eta: 0:00:32    time: 0.0682  data: 0.0000  max mem: 2671
      Evaluation: [1600/1978]  eta: 0:00:25    time: 0.0682  data: 0.0000  max mem: 2671
      Evaluation: [1700/1978]  eta: 0:00:19    time: 0.0684  data: 0.0000  max mem: 2671
      Evaluation: [1800/1978]  eta: 0:00:12    time: 0.0691  data: 0.0000  max mem: 2671
      Evaluation: [1900/1978]  eta: 0:00:05    time: 0.0698  data: 0.0000  max mem: 2671
      Evaluation: [1977/1978]  eta: 0:00:00    time: 0.0683  data: 0.0000  max mem: 2671
      Evaluation: Total time: 0:02:15 (0.0686 s / it)
     Computing matching score time 0:02:15
### TTA ITM Score: 
+-------+--------+--------+--------+--------+--------+
| epoch |   R1   |   R5   |  R10   |  mAP   |  mINP  |
+-------+--------+--------+--------+--------+--------+
|  -999 | 69.414 | 95.197 | 97.776 | 81.233 | 81.233 |
|  -999 | 69.414 | 95.197 | 97.776 | 81.233 | 81.233 |
|  -999 | 84.277 | 99.039 | 99.596 | 91.276 | 91.276 |
|   0   | 84.631 | 99.039 | 99.596 | 91.443 | 91.443 |
|   1   | 84.681 | 98.888 | 99.494 | 91.416 | 91.416 |
|   2   | 84.479 | 98.787 | 99.494 | 91.280 | 91.280 |
|   3   | 84.530 | 98.787 | 99.393 | 91.269 | 91.269 |
|   4   | 84.631 | 98.686 | 99.343 | 91.308 | 91.308 |
+-------+--------+--------+--------+--------+--------+
     logs:  {'epo': 4, 'R1': 84.631, 'R5': 98.686, 'R10': 99.343, 'mAP': 91.308, 'mINP': 91.308, 'lr': 9e-05, 'entropy': 0.227365, 'loss': 2.773907, 'entr_unc': 0.084533, 'uncertainty': 2.689374, 'uncertainty_multiply_coeffi': 2.689374}
      TTA Epoch: [5] [ 0/61]  eta: 0:00:29  lr: 0.000088  entropy: 0.2341  loss: 2.7767  entr_unc: 0.0871  uncertainty: 2.6897  uncertainty_multiply_coeffi: 2.6897  time: 0.4805  data: 0.3215  max mem: 2671
      TTA Epoch: [5] [60/61]  eta: 0:00:00  lr: 0.000085  entropy: 0.1583  loss: 2.7482  entr_unc: 0.0589  uncertainty: 2.6894  uncertainty_multiply_coeffi: 2.6894  time: 0.0489  data: 0.0023  max mem: 2671
      TTA Epoch: [5] Total time: 0:00:03 (0.0634 s / it)
     Averaged stats: lr: 0.0001  entropy: 0.2093  loss: 2.7672  entr_unc: 0.0778  uncertainty: 2.6894  uncertainty_multiply_coeffi: 2.6894
     itm tta time 0:00:03
     Computing matching score
      Evaluation: [   0/1978]  eta: 0:02:25    time: 0.0737  data: 0.0033  max mem: 2671
      Evaluation: [ 100/1978]  eta: 0:02:09    time: 0.0697  data: 0.0000  max mem: 2671
      Evaluation: [ 200/1978]  eta: 0:02:02    time: 0.0682  data: 0.0000  max mem: 2671
      Evaluation: [ 300/1978]  eta: 0:01:55    time: 0.0681  data: 0.0000  max mem: 2671
      Evaluation: [ 400/1978]  eta: 0:01:48    time: 0.0689  data: 0.0000  max mem: 2671
      Evaluation: [ 500/1978]  eta: 0:01:41    time: 0.0692  data: 0.0000  max mem: 2671
      Evaluation: [ 600/1978]  eta: 0:01:34    time: 0.0684  data: 0.0000  max mem: 2671
      Evaluation: [ 700/1978]  eta: 0:01:27    time: 0.0694  data: 0.0000  max mem: 2671
      Evaluation: [ 800/1978]  eta: 0:01:20    time: 0.0681  data: 0.0000  max mem: 2671
      Evaluation: [ 900/1978]  eta: 0:01:14    time: 0.0682  data: 0.0000  max mem: 2671
      Evaluation: [1000/1978]  eta: 0:01:07    time: 0.0681  data: 0.0000  max mem: 2671
      Evaluation: [1100/1978]  eta: 0:01:00    time: 0.0685  data: 0.0000  max mem: 2671
      Evaluation: [1200/1978]  eta: 0:00:53    time: 0.0686  data: 0.0000  max mem: 2671
      Evaluation: [1300/1978]  eta: 0:00:46    time: 0.0690  data: 0.0000  max mem: 2671
      Evaluation: [1400/1978]  eta: 0:00:39    time: 0.0681  data: 0.0000  max mem: 2671
      Evaluation: [1500/1978]  eta: 0:00:32    time: 0.0682  data: 0.0000  max mem: 2671
      Evaluation: [1600/1978]  eta: 0:00:25    time: 0.0687  data: 0.0000  max mem: 2671
      Evaluation: [1700/1978]  eta: 0:00:19    time: 0.0690  data: 0.0000  max mem: 2671
      Evaluation: [1800/1978]  eta: 0:00:12    time: 0.0690  data: 0.0000  max mem: 2671
      Evaluation: [1900/1978]  eta: 0:00:05    time: 0.0691  data: 0.0000  max mem: 2671
      Evaluation: [1977/1978]  eta: 0:00:00    time: 0.0684  data: 0.0000  max mem: 2671
      Evaluation: Total time: 0:02:15 (0.0686 s / it)
     Computing matching score time 0:02:15
### TTA ITM Score: 
+-------+--------+--------+--------+--------+--------+
| epoch |   R1   |   R5   |  R10   |  mAP   |  mINP  |
+-------+--------+--------+--------+--------+--------+
|  -999 | 69.414 | 95.197 | 97.776 | 81.233 | 81.233 |
|  -999 | 69.414 | 95.197 | 97.776 | 81.233 | 81.233 |
|  -999 | 84.277 | 99.039 | 99.596 | 91.276 | 91.276 |
|   0   | 84.631 | 99.039 | 99.596 | 91.443 | 91.443 |
|   1   | 84.681 | 98.888 | 99.494 | 91.416 | 91.416 |
|   2   | 84.479 | 98.787 | 99.494 | 91.280 | 91.280 |
|   3   | 84.530 | 98.787 | 99.393 | 91.269 | 91.269 |
|   4   | 84.631 | 98.686 | 99.343 | 91.308 | 91.308 |
|   5   | 84.530 | 98.635 | 99.343 | 91.254 | 91.254 |
+-------+--------+--------+--------+--------+--------+
     logs:  {'epo': 5, 'R1': 84.53, 'R5': 98.635, 'R10': 99.343, 'mAP': 91.254, 'mINP': 91.254, 'lr': 8.7e-05, 'entropy': 0.209343, 'loss': 2.767196, 'entr_unc': 0.077833, 'uncertainty': 2.689362, 'uncertainty_multiply_coeffi': 2.689362}
      TTA Epoch: [6] [ 0/61]  eta: 0:00:29  lr: 0.000085  entropy: 0.3218  loss: 2.8088  entr_unc: 0.1196  uncertainty: 2.6892  uncertainty_multiply_coeffi: 2.6892  time: 0.4889  data: 0.3696  max mem: 2671
      TTA Epoch: [6] [60/61]  eta: 0:00:00  lr: 0.000041  entropy: 0.2266  loss: 2.7740  entr_unc: 0.0842  uncertainty: 2.6897  uncertainty_multiply_coeffi: 2.6897  time: 0.0466  data: 0.0035  max mem: 2671
      TTA Epoch: [6] Total time: 0:00:03 (0.0633 s / it)
     Averaged stats: lr: 0.0001  entropy: 0.2011  loss: 2.7641  entr_unc: 0.0748  uncertainty: 2.6894  uncertainty_multiply_coeffi: 2.6894
     itm tta time 0:00:03
     Computing matching score
      Evaluation: [   0/1978]  eta: 0:02:22    time: 0.0718  data: 0.0034  max mem: 2671
      Evaluation: [ 100/1978]  eta: 0:02:08    time: 0.0690  data: 0.0000  max mem: 2671
      Evaluation: [ 200/1978]  eta: 0:02:01    time: 0.0689  data: 0.0000  max mem: 2671
      Evaluation: [ 300/1978]  eta: 0:01:54    time: 0.0682  data: 0.0000  max mem: 2671
      Evaluation: [ 400/1978]  eta: 0:01:48    time: 0.0684  data: 0.0000  max mem: 2671
      Evaluation: [ 500/1978]  eta: 0:01:41    time: 0.0683  data: 0.0000  max mem: 2671
      Evaluation: [ 600/1978]  eta: 0:01:34    time: 0.0682  data: 0.0000  max mem: 2671
      Evaluation: [ 700/1978]  eta: 0:01:27    time: 0.0684  data: 0.0000  max mem: 2671
      Evaluation: [ 800/1978]  eta: 0:01:20    time: 0.0696  data: 0.0000  max mem: 2671
      Evaluation: [ 900/1978]  eta: 0:01:13    time: 0.0682  data: 0.0000  max mem: 2671
      Evaluation: [1000/1978]  eta: 0:01:06    time: 0.0686  data: 0.0000  max mem: 2671
      Evaluation: [1100/1978]  eta: 0:01:00    time: 0.0690  data: 0.0000  max mem: 2671
      Evaluation: [1200/1978]  eta: 0:00:53    time: 0.0683  data: 0.0000  max mem: 2671
      Evaluation: [1300/1978]  eta: 0:00:46    time: 0.0693  data: 0.0000  max mem: 2671
      Evaluation: [1400/1978]  eta: 0:00:39    time: 0.0683  data: 0.0000  max mem: 2671
      Evaluation: [1500/1978]  eta: 0:00:32    time: 0.0686  data: 0.0000  max mem: 2671
      Evaluation: [1600/1978]  eta: 0:00:25    time: 0.0684  data: 0.0000  max mem: 2671
      Evaluation: [1700/1978]  eta: 0:00:19    time: 0.0686  data: 0.0000  max mem: 2671
      Evaluation: [1800/1978]  eta: 0:00:12    time: 0.0689  data: 0.0000  max mem: 2671
      Evaluation: [1900/1978]  eta: 0:00:05    time: 0.0685  data: 0.0000  max mem: 2671
      Evaluation: [1977/1978]  eta: 0:00:00    time: 0.0692  data: 0.0000  max mem: 2671
      Evaluation: Total time: 0:02:15 (0.0686 s / it)
     Computing matching score time 0:02:15
### TTA ITM Score: 
+-------+--------+--------+--------+--------+--------+
| epoch |   R1   |   R5   |  R10   |  mAP   |  mINP  |
+-------+--------+--------+--------+--------+--------+
|  -999 | 69.414 | 95.197 | 97.776 | 81.233 | 81.233 |
|  -999 | 69.414 | 95.197 | 97.776 | 81.233 | 81.233 |
|  -999 | 84.277 | 99.039 | 99.596 | 91.276 | 91.276 |
|   0   | 84.631 | 99.039 | 99.596 | 91.443 | 91.443 |
|   1   | 84.681 | 98.888 | 99.494 | 91.416 | 91.416 |
|   2   | 84.479 | 98.787 | 99.494 | 91.280 | 91.280 |
|   3   | 84.530 | 98.787 | 99.393 | 91.269 | 91.269 |
|   4   | 84.631 | 98.686 | 99.343 | 91.308 | 91.308 |
|   5   | 84.530 | 98.635 | 99.343 | 91.254 | 91.254 |
|   6   | 84.580 | 98.584 | 99.292 | 91.267 | 91.267 |
+-------+--------+--------+--------+--------+--------+
     logs:  {'epo': 6, 'R1': 84.58, 'R5': 98.584, 'R10': 99.292, 'mAP': 91.267, 'mINP': 91.267, 'lr': 6.4e-05, 'entropy': 0.201076, 'loss': 2.764138, 'entr_unc': 0.074759, 'uncertainty': 2.689379, 'uncertainty_multiply_coeffi': 2.689379}
      TTA Epoch: [7] [ 0/61]  eta: 0:00:34  lr: 0.000041  entropy: 0.1890  loss: 2.7599  entr_unc: 0.0702  uncertainty: 2.6897  uncertainty_multiply_coeffi: 2.6897  time: 0.5644  data: 0.3549  max mem: 2671
      TTA Epoch: [7] [60/61]  eta: 0:00:00  lr: 0.000039  entropy: 0.1015  loss: 2.7275  entr_unc: 0.0377  uncertainty: 2.6898  uncertainty_multiply_coeffi: 2.6898  time: 0.0466  data: 0.0019  max mem: 2671
      TTA Epoch: [7] Total time: 0:00:03 (0.0635 s / it)
     Averaged stats: lr: 0.0000  entropy: 0.1967  loss: 2.7625  entr_unc: 0.0731  uncertainty: 2.6894  uncertainty_multiply_coeffi: 2.6894
     itm tta time 0:00:03
     Computing matching score
      Evaluation: [   0/1978]  eta: 0:02:21    time: 0.0713  data: 0.0032  max mem: 2671
      Evaluation: [ 100/1978]  eta: 0:02:08    time: 0.0685  data: 0.0000  max mem: 2671
      Evaluation: [ 200/1978]  eta: 0:02:02    time: 0.0690  data: 0.0000  max mem: 2671
      Evaluation: [ 300/1978]  eta: 0:01:55    time: 0.0683  data: 0.0000  max mem: 2671
      Evaluation: [ 400/1978]  eta: 0:01:48    time: 0.0687  data: 0.0000  max mem: 2671
      Evaluation: [ 500/1978]  eta: 0:01:41    time: 0.0690  data: 0.0000  max mem: 2671
      Evaluation: [ 600/1978]  eta: 0:01:34    time: 0.0687  data: 0.0000  max mem: 2671
      Evaluation: [ 700/1978]  eta: 0:01:27    time: 0.0685  data: 0.0000  max mem: 2671
      Evaluation: [ 800/1978]  eta: 0:01:21    time: 0.0685  data: 0.0000  max mem: 2671
      Evaluation: [ 900/1978]  eta: 0:01:14    time: 0.0686  data: 0.0000  max mem: 2671
      Evaluation: [1000/1978]  eta: 0:01:07    time: 0.0683  data: 0.0000  max mem: 2671
      Evaluation: [1100/1978]  eta: 0:01:00    time: 0.0685  data: 0.0000  max mem: 2671
      Evaluation: [1200/1978]  eta: 0:00:53    time: 0.0691  data: 0.0000  max mem: 2671
      Evaluation: [1300/1978]  eta: 0:00:46    time: 0.0688  data: 0.0000  max mem: 2671
      Evaluation: [1400/1978]  eta: 0:00:39    time: 0.0686  data: 0.0000  max mem: 2671
      Evaluation: [1500/1978]  eta: 0:00:32    time: 0.0685  data: 0.0000  max mem: 2671
      Evaluation: [1600/1978]  eta: 0:00:25    time: 0.0683  data: 0.0000  max mem: 2671
      Evaluation: [1700/1978]  eta: 0:00:19    time: 0.0684  data: 0.0000  max mem: 2671
      Evaluation: [1800/1978]  eta: 0:00:12    time: 0.0686  data: 0.0000  max mem: 2671
      Evaluation: [1900/1978]  eta: 0:00:05    time: 0.0690  data: 0.0000  max mem: 2671
      Evaluation: [1977/1978]  eta: 0:00:00    time: 0.0690  data: 0.0000  max mem: 2671
      Evaluation: Total time: 0:02:16 (0.0688 s / it)
     Computing matching score time 0:02:16
### TTA ITM Score: 
+-------+--------+--------+--------+--------+--------+
| epoch |   R1   |   R5   |  R10   |  mAP   |  mINP  |
+-------+--------+--------+--------+--------+--------+
|  -999 | 69.414 | 95.197 | 97.776 | 81.233 | 81.233 |
|  -999 | 69.414 | 95.197 | 97.776 | 81.233 | 81.233 |
|  -999 | 84.277 | 99.039 | 99.596 | 91.276 | 91.276 |
|   0   | 84.631 | 99.039 | 99.596 | 91.443 | 91.443 |
|   1   | 84.681 | 98.888 | 99.494 | 91.416 | 91.416 |
|   2   | 84.479 | 98.787 | 99.494 | 91.280 | 91.280 |
|   3   | 84.530 | 98.787 | 99.393 | 91.269 | 91.269 |
|   4   | 84.631 | 98.686 | 99.343 | 91.308 | 91.308 |
|   5   | 84.530 | 98.635 | 99.343 | 91.254 | 91.254 |
|   6   | 84.580 | 98.584 | 99.292 | 91.267 | 91.267 |
|   7   | 84.681 | 98.635 | 99.292 | 91.329 | 91.329 |
+-------+--------+--------+--------+--------+--------+
     logs:  {'epo': 7, 'R1': 84.681, 'R5': 98.635, 'R10': 99.292, 'mAP': 91.329, 'mINP': 91.329, 'lr': 4e-05, 'entropy': 0.196749, 'loss': 2.762525, 'entr_unc': 0.073148, 'uncertainty': 2.689376, 'uncertainty_multiply_coeffi': 2.689376}
      TTA Epoch: [8] [ 0/61]  eta: 0:00:23  lr: 0.000039  entropy: 0.2137  loss: 2.7686  entr_unc: 0.0795  uncertainty: 2.6891  uncertainty_multiply_coeffi: 2.6891  time: 0.3846  data: 0.2686  max mem: 2671
      TTA Epoch: [8] [60/61]  eta: 0:00:00  lr: 0.000037  entropy: 0.1899  loss: 2.7600  entr_unc: 0.0706  uncertainty: 2.6893  uncertainty_multiply_coeffi: 2.6893  time: 0.0465  data: 0.0031  max mem: 2671
      TTA Epoch: [8] Total time: 0:00:03 (0.0637 s / it)
     Averaged stats: lr: 0.0000  entropy: 0.1931  loss: 2.7612  entr_unc: 0.0718  uncertainty: 2.6894  uncertainty_multiply_coeffi: 2.6894
     itm tta time 0:00:03
     Computing matching score
      Evaluation: [   0/1978]  eta: 0:02:30    time: 0.0762  data: 0.0034  max mem: 2671
      Evaluation: [ 100/1978]  eta: 0:02:08    time: 0.0681  data: 0.0000  max mem: 2671
      Evaluation: [ 200/1978]  eta: 0:02:01    time: 0.0681  data: 0.0000  max mem: 2671
      Evaluation: [ 300/1978]  eta: 0:01:54    time: 0.0690  data: 0.0000  max mem: 2671
      Evaluation: [ 400/1978]  eta: 0:01:47    time: 0.0683  data: 0.0000  max mem: 2671
      Evaluation: [ 500/1978]  eta: 0:01:40    time: 0.0681  data: 0.0000  max mem: 2671
      Evaluation: [ 600/1978]  eta: 0:01:34    time: 0.0683  data: 0.0000  max mem: 2671
      Evaluation: [ 700/1978]  eta: 0:01:27    time: 0.0681  data: 0.0000  max mem: 2671
      Evaluation: [ 800/1978]  eta: 0:01:20    time: 0.0681  data: 0.0000  max mem: 2671
      Evaluation: [ 900/1978]  eta: 0:01:13    time: 0.0687  data: 0.0000  max mem: 2671
      Evaluation: [1000/1978]  eta: 0:01:06    time: 0.0686  data: 0.0000  max mem: 2671
      Evaluation: [1100/1978]  eta: 0:01:00    time: 0.0683  data: 0.0000  max mem: 2671
      Evaluation: [1200/1978]  eta: 0:00:53    time: 0.0685  data: 0.0000  max mem: 2671
      Evaluation: [1300/1978]  eta: 0:00:46    time: 0.0688  data: 0.0000  max mem: 2671
      Evaluation: [1400/1978]  eta: 0:00:39    time: 0.0692  data: 0.0000  max mem: 2671
      Evaluation: [1500/1978]  eta: 0:00:32    time: 0.0685  data: 0.0000  max mem: 2671
      Evaluation: [1600/1978]  eta: 0:00:25    time: 0.0680  data: 0.0000  max mem: 2671
      Evaluation: [1700/1978]  eta: 0:00:19    time: 0.0683  data: 0.0000  max mem: 2671
      Evaluation: [1800/1978]  eta: 0:00:12    time: 0.0681  data: 0.0000  max mem: 2671
      Evaluation: [1900/1978]  eta: 0:00:05    time: 0.0682  data: 0.0000  max mem: 2671
      Evaluation: [1977/1978]  eta: 0:00:00    time: 0.0690  data: 0.0000  max mem: 2671
      Evaluation: Total time: 0:02:15 (0.0684 s / it)
     Computing matching score time 0:02:15
### TTA ITM Score: 
+-------+--------+--------+--------+--------+--------+
| epoch |   R1   |   R5   |  R10   |  mAP   |  mINP  |
+-------+--------+--------+--------+--------+--------+
|  -999 | 69.414 | 95.197 | 97.776 | 81.233 | 81.233 |
|  -999 | 69.414 | 95.197 | 97.776 | 81.233 | 81.233 |
|  -999 | 84.277 | 99.039 | 99.596 | 91.276 | 91.276 |
|   0   | 84.631 | 99.039 | 99.596 | 91.443 | 91.443 |
|   1   | 84.681 | 98.888 | 99.494 | 91.416 | 91.416 |
|   2   | 84.479 | 98.787 | 99.494 | 91.280 | 91.280 |
|   3   | 84.530 | 98.787 | 99.393 | 91.269 | 91.269 |
|   4   | 84.631 | 98.686 | 99.343 | 91.308 | 91.308 |
|   5   | 84.530 | 98.635 | 99.343 | 91.254 | 91.254 |
|   6   | 84.580 | 98.584 | 99.292 | 91.267 | 91.267 |
|   7   | 84.681 | 98.635 | 99.292 | 91.329 | 91.329 |
|   8   | 84.732 | 98.635 | 99.292 | 91.356 | 91.356 |
+-------+--------+--------+--------+--------+--------+
     logs:  {'epo': 8, 'R1': 84.732, 'R5': 98.635, 'R10': 99.292, 'mAP': 91.356, 'mINP': 91.356, 'lr': 3.8e-05, 'entropy': 0.193066, 'loss': 2.761162, 'entr_unc': 0.07178, 'uncertainty': 2.689381, 'uncertainty_multiply_coeffi': 2.689381}
      TTA Epoch: [9] [ 0/61]  eta: 0:00:28  lr: 0.000037  entropy: 0.1504  loss: 2.7451  entr_unc: 0.0559  uncertainty: 2.6891  uncertainty_multiply_coeffi: 2.6891  time: 0.4737  data: 0.3290  max mem: 2671
      TTA Epoch: [9] [60/61]  eta: 0:00:00  lr: 0.000036  entropy: 0.1134  loss: 2.7313  entr_unc: 0.0422  uncertainty: 2.6891  uncertainty_multiply_coeffi: 2.6891  time: 0.0462  data: 0.0023  max mem: 2671
      TTA Epoch: [9] Total time: 0:00:03 (0.0636 s / it)
     Averaged stats: lr: 0.0000  entropy: 0.1845  loss: 2.7580  entr_unc: 0.0686  uncertainty: 2.6894  uncertainty_multiply_coeffi: 2.6894
     itm tta time 0:00:03
     Computing matching score
      Evaluation: [   0/1978]  eta: 0:02:24    time: 0.0731  data: 0.0034  max mem: 2671
      Evaluation: [ 100/1978]  eta: 0:02:09    time: 0.0688  data: 0.0000  max mem: 2671
      Evaluation: [ 200/1978]  eta: 0:02:02    time: 0.0687  data: 0.0000  max mem: 2671
      Evaluation: [ 300/1978]  eta: 0:01:55    time: 0.0687  data: 0.0000  max mem: 2671
      Evaluation: [ 400/1978]  eta: 0:01:48    time: 0.0684  data: 0.0000  max mem: 2671
      Evaluation: [ 500/1978]  eta: 0:01:41    time: 0.0684  data: 0.0000  max mem: 2671
      Evaluation: [ 600/1978]  eta: 0:01:34    time: 0.0684  data: 0.0000  max mem: 2671
      Evaluation: [ 700/1978]  eta: 0:01:27    time: 0.0689  data: 0.0000  max mem: 2671
      Evaluation: [ 800/1978]  eta: 0:01:20    time: 0.0685  data: 0.0000  max mem: 2671
      Evaluation: [ 900/1978]  eta: 0:01:13    time: 0.0687  data: 0.0000  max mem: 2671
      Evaluation: [1000/1978]  eta: 0:01:07    time: 0.0684  data: 0.0000  max mem: 2671
      Evaluation: [1100/1978]  eta: 0:01:00    time: 0.0682  data: 0.0000  max mem: 2671
      Evaluation: [1200/1978]  eta: 0:00:53    time: 0.0685  data: 0.0000  max mem: 2671
      Evaluation: [1300/1978]  eta: 0:00:46    time: 0.0683  data: 0.0000  max mem: 2671
      Evaluation: [1400/1978]  eta: 0:00:39    time: 0.0685  data: 0.0000  max mem: 2671
      Evaluation: [1500/1978]  eta: 0:00:32    time: 0.0685  data: 0.0000  max mem: 2671
      Evaluation: [1600/1978]  eta: 0:00:25    time: 0.0686  data: 0.0000  max mem: 2671
      Evaluation: [1700/1978]  eta: 0:00:19    time: 0.0685  data: 0.0000  max mem: 2671
      Evaluation: [1800/1978]  eta: 0:00:12    time: 0.0684  data: 0.0000  max mem: 2671
      Evaluation: [1900/1978]  eta: 0:00:05    time: 0.0686  data: 0.0000  max mem: 2671
      Evaluation: [1977/1978]  eta: 0:00:00    time: 0.0689  data: 0.0000  max mem: 2671
      Evaluation: Total time: 0:02:15 (0.0685 s / it)
     Computing matching score time 0:02:15
### TTA ITM Score: 
+-------+--------+--------+--------+--------+--------+
| epoch |   R1   |   R5   |  R10   |  mAP   |  mINP  |
+-------+--------+--------+--------+--------+--------+
|  -999 | 69.414 | 95.197 | 97.776 | 81.233 | 81.233 |
|  -999 | 69.414 | 95.197 | 97.776 | 81.233 | 81.233 |
|  -999 | 84.277 | 99.039 | 99.596 | 91.276 | 91.276 |
|   0   | 84.631 | 99.039 | 99.596 | 91.443 | 91.443 |
|   1   | 84.681 | 98.888 | 99.494 | 91.416 | 91.416 |
|   2   | 84.479 | 98.787 | 99.494 | 91.280 | 91.280 |
|   3   | 84.530 | 98.787 | 99.393 | 91.269 | 91.269 |
|   4   | 84.631 | 98.686 | 99.343 | 91.308 | 91.308 |
|   5   | 84.530 | 98.635 | 99.343 | 91.254 | 91.254 |
|   6   | 84.580 | 98.584 | 99.292 | 91.267 | 91.267 |
|   7   | 84.681 | 98.635 | 99.292 | 91.329 | 91.329 |
|   8   | 84.732 | 98.635 | 99.292 | 91.356 | 91.356 |
|   9   | 84.681 | 98.635 | 99.292 | 91.329 | 91.329 |
+-------+--------+--------+--------+--------+--------+
     logs:  {'epo': 9, 'R1': 84.681, 'R5': 98.635, 'R10': 99.292, 'mAP': 91.329, 'mINP': 91.329, 'lr': 3.6e-05, 'entropy': 0.184496, 'loss': 2.757969, 'entr_unc': 0.068594, 'uncertainty': 2.689375, 'uncertainty_multiply_coeffi': 2.689375}
      TTA Epoch: [10] [ 0/61]  eta: 0:00:29  lr: 0.000035  entropy: 0.1814  loss: 2.7565  entr_unc: 0.0675  uncertainty: 2.6890  uncertainty_multiply_coeffi: 2.6890  time: 0.4839  data: 0.3401  max mem: 2671
      TTA Epoch: [10] [60/61]  eta: 0:00:00  lr: 0.000034  entropy: 0.0654  loss: 2.7134  entr_unc: 0.0243  uncertainty: 2.6890  uncertainty_multiply_coeffi: 2.6890  time: 0.0470  data: 0.0018  max mem: 2671
      TTA Epoch: [10] Total time: 0:00:03 (0.0638 s / it)
     Averaged stats: lr: 0.0000  entropy: 0.1810  loss: 2.7567  entr_unc: 0.0673  uncertainty: 2.6894  uncertainty_multiply_coeffi: 2.6894
     itm tta time 0:00:03
     Computing matching score
      Evaluation: [   0/1978]  eta: 0:02:26    time: 0.0743  data: 0.0023  max mem: 2671
      Evaluation: [ 100/1978]  eta: 0:02:08    time: 0.0683  data: 0.0000  max mem: 2671
      Evaluation: [ 200/1978]  eta: 0:02:01    time: 0.0689  data: 0.0000  max mem: 2671
      Evaluation: [ 300/1978]  eta: 0:01:54    time: 0.0688  data: 0.0000  max mem: 2671
      Evaluation: [ 400/1978]  eta: 0:01:48    time: 0.0682  data: 0.0000  max mem: 2671
      Evaluation: [ 500/1978]  eta: 0:01:41    time: 0.0684  data: 0.0000  max mem: 2671
      Evaluation: [ 600/1978]  eta: 0:01:34    time: 0.0691  data: 0.0000  max mem: 2671
      Evaluation: [ 700/1978]  eta: 0:01:27    time: 0.0684  data: 0.0000  max mem: 2671
      Evaluation: [ 800/1978]  eta: 0:01:20    time: 0.0684  data: 0.0000  max mem: 2671
      Evaluation: [ 900/1978]  eta: 0:01:13    time: 0.0682  data: 0.0000  max mem: 2671
      Evaluation: [1000/1978]  eta: 0:01:07    time: 0.0683  data: 0.0000  max mem: 2671
      Evaluation: [1100/1978]  eta: 0:01:00    time: 0.0682  data: 0.0000  max mem: 2671
      Evaluation: [1200/1978]  eta: 0:00:53    time: 0.0699  data: 0.0000  max mem: 2671
      Evaluation: [1300/1978]  eta: 0:00:46    time: 0.0684  data: 0.0000  max mem: 2671
      Evaluation: [1400/1978]  eta: 0:00:39    time: 0.0687  data: 0.0000  max mem: 2671
      Evaluation: [1500/1978]  eta: 0:00:32    time: 0.0685  data: 0.0000  max mem: 2671
      Evaluation: [1600/1978]  eta: 0:00:25    time: 0.0685  data: 0.0000  max mem: 2671
      Evaluation: [1700/1978]  eta: 0:00:19    time: 0.0684  data: 0.0000  max mem: 2671
      Evaluation: [1800/1978]  eta: 0:00:12    time: 0.0693  data: 0.0000  max mem: 2671
      Evaluation: [1900/1978]  eta: 0:00:05    time: 0.0687  data: 0.0000  max mem: 2671
      Evaluation: [1977/1978]  eta: 0:00:00    time: 0.0687  data: 0.0000  max mem: 2671
      Evaluation: Total time: 0:02:15 (0.0686 s / it)
     Computing matching score time 0:02:15
### TTA ITM Score: 
+-------+--------+--------+--------+--------+--------+
| epoch |   R1   |   R5   |  R10   |  mAP   |  mINP  |
+-------+--------+--------+--------+--------+--------+
|  -999 | 69.414 | 95.197 | 97.776 | 81.233 | 81.233 |
|  -999 | 69.414 | 95.197 | 97.776 | 81.233 | 81.233 |
|  -999 | 84.277 | 99.039 | 99.596 | 91.276 | 91.276 |
|   0   | 84.631 | 99.039 | 99.596 | 91.443 | 91.443 |
|   1   | 84.681 | 98.888 | 99.494 | 91.416 | 91.416 |
|   2   | 84.479 | 98.787 | 99.494 | 91.280 | 91.280 |
|   3   | 84.530 | 98.787 | 99.393 | 91.269 | 91.269 |
|   4   | 84.631 | 98.686 | 99.343 | 91.308 | 91.308 |
|   5   | 84.530 | 98.635 | 99.343 | 91.254 | 91.254 |
|   6   | 84.580 | 98.584 | 99.292 | 91.267 | 91.267 |
|   7   | 84.681 | 98.635 | 99.292 | 91.329 | 91.329 |
|   8   | 84.732 | 98.635 | 99.292 | 91.356 | 91.356 |
|   9   | 84.681 | 98.635 | 99.292 | 91.329 | 91.329 |
|   10  | 84.732 | 98.635 | 99.343 | 91.345 | 91.345 |
+-------+--------+--------+--------+--------+--------+
     logs:  {'epo': 10, 'R1': 84.732, 'R5': 98.635, 'R10': 99.343, 'mAP': 91.345, 'mINP': 91.345, 'lr': 3.5e-05, 'entropy': 0.181011, 'loss': 2.756675, 'entr_unc': 0.067298, 'uncertainty': 2.689376, 'uncertainty_multiply_coeffi': 2.689376}
      TTA Epoch: [11] [ 0/61]  eta: 0:00:33  lr: 0.000034  entropy: 0.2362  loss: 2.7768  entr_unc: 0.0878  uncertainty: 2.6890  uncertainty_multiply_coeffi: 2.6890  time: 0.5469  data: 0.4647  max mem: 2671
      TTA Epoch: [11] [60/61]  eta: 0:00:00  lr: 0.000013  entropy: 0.1904  loss: 2.7607  entr_unc: 0.0708  uncertainty: 2.6899  uncertainty_multiply_coeffi: 2.6899  time: 0.0462  data: 0.0046  max mem: 2671
      TTA Epoch: [11] Total time: 0:00:03 (0.0634 s / it)
     Averaged stats: lr: 0.0000  entropy: 0.1797  loss: 2.7562  entr_unc: 0.0668  uncertainty: 2.6894  uncertainty_multiply_coeffi: 2.6894
     itm tta time 0:00:03
     Computing matching score
      Evaluation: [   0/1978]  eta: 0:02:23    time: 0.0723  data: 0.0033  max mem: 2671
      Evaluation: [ 100/1978]  eta: 0:02:09    time: 0.0692  data: 0.0000  max mem: 2671
      Evaluation: [ 200/1978]  eta: 0:02:01    time: 0.0684  data: 0.0000  max mem: 2671
      Evaluation: [ 300/1978]  eta: 0:01:54    time: 0.0681  data: 0.0000  max mem: 2671
      Evaluation: [ 400/1978]  eta: 0:01:48    time: 0.0685  data: 0.0000  max mem: 2671
      Evaluation: [ 500/1978]  eta: 0:01:41    time: 0.0683  data: 0.0000  max mem: 2671
      Evaluation: [ 600/1978]  eta: 0:01:34    time: 0.0683  data: 0.0000  max mem: 2671
      Evaluation: [ 700/1978]  eta: 0:01:27    time: 0.0681  data: 0.0000  max mem: 2671
      Evaluation: [ 800/1978]  eta: 0:01:20    time: 0.0684  data: 0.0000  max mem: 2671
      Evaluation: [ 900/1978]  eta: 0:01:13    time: 0.0683  data: 0.0000  max mem: 2671
      Evaluation: [1000/1978]  eta: 0:01:06    time: 0.0682  data: 0.0000  max mem: 2671
      Evaluation: [1100/1978]  eta: 0:01:00    time: 0.0685  data: 0.0000  max mem: 2671
      Evaluation: [1200/1978]  eta: 0:00:53    time: 0.0683  data: 0.0000  max mem: 2671
      Evaluation: [1300/1978]  eta: 0:00:46    time: 0.0680  data: 0.0000  max mem: 2671
      Evaluation: [1400/1978]  eta: 0:00:39    time: 0.0682  data: 0.0000  max mem: 2671
      Evaluation: [1500/1978]  eta: 0:00:32    time: 0.0682  data: 0.0000  max mem: 2671
      Evaluation: [1600/1978]  eta: 0:00:25    time: 0.0680  data: 0.0000  max mem: 2671
      Evaluation: [1700/1978]  eta: 0:00:19    time: 0.0687  data: 0.0000  max mem: 2671
      Evaluation: [1800/1978]  eta: 0:00:12    time: 0.0682  data: 0.0000  max mem: 2671
      Evaluation: [1900/1978]  eta: 0:00:05    time: 0.0681  data: 0.0000  max mem: 2671
      Evaluation: [1977/1978]  eta: 0:00:00    time: 0.0682  data: 0.0000  max mem: 2671
      Evaluation: Total time: 0:02:15 (0.0684 s / it)
     Computing matching score time 0:02:15
### TTA ITM Score: 
+-------+--------+--------+--------+--------+--------+
| epoch |   R1   |   R5   |  R10   |  mAP   |  mINP  |
+-------+--------+--------+--------+--------+--------+
|  -999 | 69.414 | 95.197 | 97.776 | 81.233 | 81.233 |
|  -999 | 69.414 | 95.197 | 97.776 | 81.233 | 81.233 |
|  -999 | 84.277 | 99.039 | 99.596 | 91.276 | 91.276 |
|   0   | 84.631 | 99.039 | 99.596 | 91.443 | 91.443 |
|   1   | 84.681 | 98.888 | 99.494 | 91.416 | 91.416 |
|   2   | 84.479 | 98.787 | 99.494 | 91.280 | 91.280 |
|   3   | 84.530 | 98.787 | 99.393 | 91.269 | 91.269 |
|   4   | 84.631 | 98.686 | 99.343 | 91.308 | 91.308 |
|   5   | 84.530 | 98.635 | 99.343 | 91.254 | 91.254 |
|   6   | 84.580 | 98.584 | 99.292 | 91.267 | 91.267 |
|   7   | 84.681 | 98.635 | 99.292 | 91.329 | 91.329 |
|   8   | 84.732 | 98.635 | 99.292 | 91.356 | 91.356 |
|   9   | 84.681 | 98.635 | 99.292 | 91.329 | 91.329 |
|   10  | 84.732 | 98.635 | 99.343 | 91.345 | 91.345 |
|   11  | 84.732 | 98.584 | 99.292 | 91.341 | 91.341 |
+-------+--------+--------+--------+--------+--------+
     logs:  {'epo': 11, 'R1': 84.732, 'R5': 98.584, 'R10': 99.292, 'mAP': 91.341, 'mINP': 91.341, 'lr': 2.2e-05, 'entropy': 0.17969, 'loss': 2.756181, 'entr_unc': 0.066805, 'uncertainty': 2.689376, 'uncertainty_multiply_coeffi': 2.689376}
      TTA Epoch: [12] [ 0/61]  eta: 0:00:29  lr: 0.000013  entropy: 0.1790  loss: 2.7562  entr_unc: 0.0666  uncertainty: 2.6897  uncertainty_multiply_coeffi: 2.6897  time: 0.4914  data: 0.3800  max mem: 2671
      TTA Epoch: [12] [60/61]  eta: 0:00:00  lr: 0.000012  entropy: 0.1941  loss: 2.7611  entr_unc: 0.0722  uncertainty: 2.6889  uncertainty_multiply_coeffi: 2.6889  time: 0.0485  data: 0.0036  max mem: 2671
      TTA Epoch: [12] Total time: 0:00:03 (0.0638 s / it)
     Averaged stats: lr: 0.0000  entropy: 0.1750  loss: 2.7545  entr_unc: 0.0651  uncertainty: 2.6894  uncertainty_multiply_coeffi: 2.6894
     itm tta time 0:00:03
     Computing matching score
      Evaluation: [   0/1978]  eta: 0:02:25    time: 0.0734  data: 0.0034  max mem: 2671
      Evaluation: [ 100/1978]  eta: 0:02:08    time: 0.0680  data: 0.0000  max mem: 2671
      Evaluation: [ 200/1978]  eta: 0:02:01    time: 0.0680  data: 0.0000  max mem: 2671
      Evaluation: [ 300/1978]  eta: 0:01:54    time: 0.0683  data: 0.0000  max mem: 2671
      Evaluation: [ 400/1978]  eta: 0:01:47    time: 0.0681  data: 0.0000  max mem: 2671
      Evaluation: [ 500/1978]  eta: 0:01:40    time: 0.0681  data: 0.0000  max mem: 2671
      Evaluation: [ 600/1978]  eta: 0:01:33    time: 0.0681  data: 0.0000  max mem: 2671
      Evaluation: [ 700/1978]  eta: 0:01:27    time: 0.0681  data: 0.0000  max mem: 2671
      Evaluation: [ 800/1978]  eta: 0:01:20    time: 0.0679  data: 0.0000  max mem: 2671
      Evaluation: [ 900/1978]  eta: 0:01:13    time: 0.0686  data: 0.0000  max mem: 2671
      Evaluation: [1000/1978]  eta: 0:01:06    time: 0.0687  data: 0.0000  max mem: 2671
      Evaluation: [1100/1978]  eta: 0:00:59    time: 0.0683  data: 0.0000  max mem: 2671
      Evaluation: [1200/1978]  eta: 0:00:53    time: 0.0682  data: 0.0000  max mem: 2671
      Evaluation: [1300/1978]  eta: 0:00:46    time: 0.0680  data: 0.0000  max mem: 2671
      Evaluation: [1400/1978]  eta: 0:00:39    time: 0.0681  data: 0.0000  max mem: 2671
      Evaluation: [1500/1978]  eta: 0:00:32    time: 0.0690  data: 0.0000  max mem: 2671
      Evaluation: [1600/1978]  eta: 0:00:25    time: 0.0685  data: 0.0000  max mem: 2671
      Evaluation: [1700/1978]  eta: 0:00:18    time: 0.0689  data: 0.0000  max mem: 2671
      Evaluation: [1800/1978]  eta: 0:00:12    time: 0.0681  data: 0.0000  max mem: 2671
      Evaluation: [1900/1978]  eta: 0:00:05    time: 0.0681  data: 0.0000  max mem: 2671
      Evaluation: [1977/1978]  eta: 0:00:00    time: 0.0683  data: 0.0000  max mem: 2671
      Evaluation: Total time: 0:02:14 (0.0682 s / it)
     Computing matching score time 0:02:15
### TTA ITM Score: 
+-------+--------+--------+--------+--------+--------+
| epoch |   R1   |   R5   |  R10   |  mAP   |  mINP  |
+-------+--------+--------+--------+--------+--------+
|  -999 | 69.414 | 95.197 | 97.776 | 81.233 | 81.233 |
|  -999 | 69.414 | 95.197 | 97.776 | 81.233 | 81.233 |
|  -999 | 84.277 | 99.039 | 99.596 | 91.276 | 91.276 |
|   0   | 84.631 | 99.039 | 99.596 | 91.443 | 91.443 |
|   1   | 84.681 | 98.888 | 99.494 | 91.416 | 91.416 |
|   2   | 84.479 | 98.787 | 99.494 | 91.280 | 91.280 |
|   3   | 84.530 | 98.787 | 99.393 | 91.269 | 91.269 |
|   4   | 84.631 | 98.686 | 99.343 | 91.308 | 91.308 |
|   5   | 84.530 | 98.635 | 99.343 | 91.254 | 91.254 |
|   6   | 84.580 | 98.584 | 99.292 | 91.267 | 91.267 |
|   7   | 84.681 | 98.635 | 99.292 | 91.329 | 91.329 |
|   8   | 84.732 | 98.635 | 99.292 | 91.356 | 91.356 |
|   9   | 84.681 | 98.635 | 99.292 | 91.329 | 91.329 |
|   10  | 84.732 | 98.635 | 99.343 | 91.345 | 91.345 |
|   11  | 84.732 | 98.584 | 99.292 | 91.341 | 91.341 |
|   12  | 84.732 | 98.635 | 99.343 | 91.344 | 91.344 |
+-------+--------+--------+--------+--------+--------+
     logs:  {'epo': 12, 'R1': 84.732, 'R5': 98.635, 'R10': 99.343, 'mAP': 91.344, 'mINP': 91.344, 'lr': 1.2e-05, 'entropy': 0.175043, 'loss': 2.754456, 'entr_unc': 0.065077, 'uncertainty': 2.689379, 'uncertainty_multiply_coeffi': 2.689379}
      TTA Epoch: [13] [ 0/61]  eta: 0:00:31  lr: 0.000012  entropy: 0.1464  loss: 2.7436  entr_unc: 0.0544  uncertainty: 2.6892  uncertainty_multiply_coeffi: 2.6892  time: 0.5135  data: 0.3233  max mem: 2671
      TTA Epoch: [13] [60/61]  eta: 0:00:00  lr: 0.000011  entropy: 0.2132  loss: 2.7687  entr_unc: 0.0792  uncertainty: 2.6895  uncertainty_multiply_coeffi: 2.6895  time: 0.0493  data: 0.0036  max mem: 2671
      TTA Epoch: [13] Total time: 0:00:03 (0.0636 s / it)
     Averaged stats: lr: 0.0000  entropy: 0.1735  loss: 2.7539  entr_unc: 0.0645  uncertainty: 2.6894  uncertainty_multiply_coeffi: 2.6894
     itm tta time 0:00:03
     Computing matching score
      Evaluation: [   0/1978]  eta: 0:02:28    time: 0.0750  data: 0.0032  max mem: 2671
      Evaluation: [ 100/1978]  eta: 0:02:08    time: 0.0685  data: 0.0000  max mem: 2671
      Evaluation: [ 200/1978]  eta: 0:02:01    time: 0.0683  data: 0.0000  max mem: 2671
      Evaluation: [ 300/1978]  eta: 0:01:54    time: 0.0686  data: 0.0000  max mem: 2671
      Evaluation: [ 400/1978]  eta: 0:01:47    time: 0.0683  data: 0.0000  max mem: 2671
      Evaluation: [ 500/1978]  eta: 0:01:41    time: 0.0682  data: 0.0000  max mem: 2671
      Evaluation: [ 600/1978]  eta: 0:01:34    time: 0.0684  data: 0.0000  max mem: 2671
      Evaluation: [ 700/1978]  eta: 0:01:27    time: 0.0695  data: 0.0000  max mem: 2671
      Evaluation: [ 800/1978]  eta: 0:01:20    time: 0.0686  data: 0.0000  max mem: 2671
      Evaluation: [ 900/1978]  eta: 0:01:13    time: 0.0688  data: 0.0000  max mem: 2671
      Evaluation: [1000/1978]  eta: 0:01:06    time: 0.0685  data: 0.0000  max mem: 2671
      Evaluation: [1100/1978]  eta: 0:01:00    time: 0.0686  data: 0.0000  max mem: 2671
      Evaluation: [1200/1978]  eta: 0:00:53    time: 0.0687  data: 0.0000  max mem: 2671
      Evaluation: [1300/1978]  eta: 0:00:46    time: 0.0687  data: 0.0000  max mem: 2671
      Evaluation: [1400/1978]  eta: 0:00:39    time: 0.0687  data: 0.0000  max mem: 2671
      Evaluation: [1500/1978]  eta: 0:00:32    time: 0.0689  data: 0.0000  max mem: 2671
      Evaluation: [1600/1978]  eta: 0:00:25    time: 0.0685  data: 0.0000  max mem: 2671
      Evaluation: [1700/1978]  eta: 0:00:19    time: 0.0683  data: 0.0000  max mem: 2671
      Evaluation: [1800/1978]  eta: 0:00:12    time: 0.0686  data: 0.0000  max mem: 2671
      Evaluation: [1900/1978]  eta: 0:00:05    time: 0.0692  data: 0.0000  max mem: 2671
      Evaluation: [1977/1978]  eta: 0:00:00    time: 0.0689  data: 0.0000  max mem: 2671
      Evaluation: Total time: 0:02:15 (0.0686 s / it)
     Computing matching score time 0:02:15
### TTA ITM Score: 
+-------+--------+--------+--------+--------+--------+
| epoch |   R1   |   R5   |  R10   |  mAP   |  mINP  |
+-------+--------+--------+--------+--------+--------+
|  -999 | 69.414 | 95.197 | 97.776 | 81.233 | 81.233 |
|  -999 | 69.414 | 95.197 | 97.776 | 81.233 | 81.233 |
|  -999 | 84.277 | 99.039 | 99.596 | 91.276 | 91.276 |
|   0   | 84.631 | 99.039 | 99.596 | 91.443 | 91.443 |
|   1   | 84.681 | 98.888 | 99.494 | 91.416 | 91.416 |
|   2   | 84.479 | 98.787 | 99.494 | 91.280 | 91.280 |
|   3   | 84.530 | 98.787 | 99.393 | 91.269 | 91.269 |
|   4   | 84.631 | 98.686 | 99.343 | 91.308 | 91.308 |
|   5   | 84.530 | 98.635 | 99.343 | 91.254 | 91.254 |
|   6   | 84.580 | 98.584 | 99.292 | 91.267 | 91.267 |
|   7   | 84.681 | 98.635 | 99.292 | 91.329 | 91.329 |
|   8   | 84.732 | 98.635 | 99.292 | 91.356 | 91.356 |
|   9   | 84.681 | 98.635 | 99.292 | 91.329 | 91.329 |
|   10  | 84.732 | 98.635 | 99.343 | 91.345 | 91.345 |
|   11  | 84.732 | 98.584 | 99.292 | 91.341 | 91.341 |
|   12  | 84.732 | 98.635 | 99.343 | 91.344 | 91.344 |
|   13  | 84.681 | 98.635 | 99.343 | 91.311 | 91.311 |
+-------+--------+--------+--------+--------+--------+
     logs:  {'epo': 13, 'R1': 84.681, 'R5': 98.635, 'R10': 99.343, 'mAP': 91.311, 'mINP': 91.311, 'lr': 1.2e-05, 'entropy': 0.173531, 'loss': 2.753892, 'entr_unc': 0.064517, 'uncertainty': 2.689375, 'uncertainty_multiply_coeffi': 2.689375}
      TTA Epoch: [14] [ 0/61]  eta: 0:00:28  lr: 0.000011  entropy: 0.1410  loss: 2.7420  entr_unc: 0.0524  uncertainty: 2.6896  uncertainty_multiply_coeffi: 2.6896  time: 0.4743  data: 0.3601  max mem: 2671
      TTA Epoch: [14] [60/61]  eta: 0:00:00  lr: 0.000011  entropy: 0.0737  loss: 2.7163  entr_unc: 0.0274  uncertainty: 2.6889  uncertainty_multiply_coeffi: 2.6889  time: 0.0484  data: 0.0025  max mem: 2671
      TTA Epoch: [14] Total time: 0:00:03 (0.0636 s / it)
     Averaged stats: lr: 0.0000  entropy: 0.1741  loss: 2.7541  entr_unc: 0.0647  uncertainty: 2.6894  uncertainty_multiply_coeffi: 2.6894
     itm tta time 0:00:03
     Computing matching score
      Evaluation: [   0/1978]  eta: 0:02:29    time: 0.0757  data: 0.0034  max mem: 2671
      Evaluation: [ 100/1978]  eta: 0:02:09    time: 0.0685  data: 0.0000  max mem: 2671
      Evaluation: [ 200/1978]  eta: 0:02:02    time: 0.0683  data: 0.0000  max mem: 2671
      Evaluation: [ 300/1978]  eta: 0:01:55    time: 0.0686  data: 0.0000  max mem: 2671
      Evaluation: [ 400/1978]  eta: 0:01:48    time: 0.0693  data: 0.0000  max mem: 2671
      Evaluation: [ 500/1978]  eta: 0:01:41    time: 0.0687  data: 0.0000  max mem: 2671
      Evaluation: [ 600/1978]  eta: 0:01:34    time: 0.0690  data: 0.0000  max mem: 2671
      Evaluation: [ 700/1978]  eta: 0:01:27    time: 0.0685  data: 0.0000  max mem: 2671
      Evaluation: [ 800/1978]  eta: 0:01:20    time: 0.0684  data: 0.0000  max mem: 2671
      Evaluation: [ 900/1978]  eta: 0:01:13    time: 0.0686  data: 0.0000  max mem: 2671
      Evaluation: [1000/1978]  eta: 0:01:07    time: 0.0684  data: 0.0000  max mem: 2671
      Evaluation: [1100/1978]  eta: 0:01:00    time: 0.0683  data: 0.0000  max mem: 2671
      Evaluation: [1200/1978]  eta: 0:00:53    time: 0.0690  data: 0.0000  max mem: 2671
      Evaluation: [1300/1978]  eta: 0:00:46    time: 0.0685  data: 0.0000  max mem: 2671
      Evaluation: [1400/1978]  eta: 0:00:39    time: 0.0684  data: 0.0000  max mem: 2671
      Evaluation: [1500/1978]  eta: 0:00:32    time: 0.0682  data: 0.0000  max mem: 2671
      Evaluation: [1600/1978]  eta: 0:00:25    time: 0.0687  data: 0.0000  max mem: 2671
      Evaluation: [1700/1978]  eta: 0:00:19    time: 0.0683  data: 0.0000  max mem: 2671
      Evaluation: [1800/1978]  eta: 0:00:12    time: 0.0689  data: 0.0000  max mem: 2671
      Evaluation: [1900/1978]  eta: 0:00:05    time: 0.0685  data: 0.0000  max mem: 2671
      Evaluation: [1977/1978]  eta: 0:00:00    time: 0.0684  data: 0.0000  max mem: 2671
      Evaluation: Total time: 0:02:15 (0.0687 s / it)
     Computing matching score time 0:02:16
### TTA ITM Score: 
+-------+--------+--------+--------+--------+--------+
| epoch |   R1   |   R5   |  R10   |  mAP   |  mINP  |
+-------+--------+--------+--------+--------+--------+
|  -999 | 69.414 | 95.197 | 97.776 | 81.233 | 81.233 |
|  -999 | 69.414 | 95.197 | 97.776 | 81.233 | 81.233 |
|  -999 | 84.277 | 99.039 | 99.596 | 91.276 | 91.276 |
|   0   | 84.631 | 99.039 | 99.596 | 91.443 | 91.443 |
|   1   | 84.681 | 98.888 | 99.494 | 91.416 | 91.416 |
|   2   | 84.479 | 98.787 | 99.494 | 91.280 | 91.280 |
|   3   | 84.530 | 98.787 | 99.393 | 91.269 | 91.269 |
|   4   | 84.631 | 98.686 | 99.343 | 91.308 | 91.308 |
|   5   | 84.530 | 98.635 | 99.343 | 91.254 | 91.254 |
|   6   | 84.580 | 98.584 | 99.292 | 91.267 | 91.267 |
|   7   | 84.681 | 98.635 | 99.292 | 91.329 | 91.329 |
|   8   | 84.732 | 98.635 | 99.292 | 91.356 | 91.356 |
|   9   | 84.681 | 98.635 | 99.292 | 91.329 | 91.329 |
|   10  | 84.732 | 98.635 | 99.343 | 91.345 | 91.345 |
|   11  | 84.732 | 98.584 | 99.292 | 91.341 | 91.341 |
|   12  | 84.732 | 98.635 | 99.343 | 91.344 | 91.344 |
|   13  | 84.681 | 98.635 | 99.343 | 91.311 | 91.311 |
|   14  | 84.681 | 98.635 | 99.343 | 91.311 | 91.311 |
+-------+--------+--------+--------+--------+--------+
     logs:  {'epo': 14, 'R1': 84.681, 'R5': 98.635, 'R10': 99.343, 'mAP': 91.311, 'mINP': 91.311, 'lr': 1.1e-05, 'entropy': 0.174083, 'loss': 2.754088, 'entr_unc': 0.064723, 'uncertainty': 2.689366, 'uncertainty_multiply_coeffi': 2.689366}
      TTA Epoch: [15] [ 0/61]  eta: 0:00:30  lr: 0.000011  entropy: 0.1285  loss: 2.7375  entr_unc: 0.0478  uncertainty: 2.6898  uncertainty_multiply_coeffi: 2.6898  time: 0.5007  data: 0.3552  max mem: 2671
      TTA Epoch: [15] [60/61]  eta: 0:00:00  lr: 0.000010  entropy: 0.1276  loss: 2.7365  entr_unc: 0.0474  uncertainty: 2.6890  uncertainty_multiply_coeffi: 2.6890  time: 0.0477  data: 0.0022  max mem: 2671
      TTA Epoch: [15] Total time: 0:00:03 (0.0639 s / it)
     Averaged stats: lr: 0.0000  entropy: 0.1726  loss: 2.7536  entr_unc: 0.0642  uncertainty: 2.6894  uncertainty_multiply_coeffi: 2.6894
     itm tta time 0:00:03
     Computing matching score
      Evaluation: [   0/1978]  eta: 0:02:24    time: 0.0730  data: 0.0033  max mem: 2671
      Evaluation: [ 100/1978]  eta: 0:02:08    time: 0.0682  data: 0.0000  max mem: 2671
      Evaluation: [ 200/1978]  eta: 0:02:01    time: 0.0681  data: 0.0000  max mem: 2671
      Evaluation: [ 300/1978]  eta: 0:01:54    time: 0.0681  data: 0.0000  max mem: 2671
      Evaluation: [ 400/1978]  eta: 0:01:47    time: 0.0682  data: 0.0000  max mem: 2671
      Evaluation: [ 500/1978]  eta: 0:01:40    time: 0.0681  data: 0.0000  max mem: 2671
      Evaluation: [ 600/1978]  eta: 0:01:34    time: 0.0681  data: 0.0000  max mem: 2671
      Evaluation: [ 700/1978]  eta: 0:01:27    time: 0.0688  data: 0.0000  max mem: 2671
      Evaluation: [ 800/1978]  eta: 0:01:20    time: 0.0681  data: 0.0000  max mem: 2671
      Evaluation: [ 900/1978]  eta: 0:01:13    time: 0.0682  data: 0.0000  max mem: 2671
      Evaluation: [1000/1978]  eta: 0:01:06    time: 0.0682  data: 0.0000  max mem: 2671
      Evaluation: [1100/1978]  eta: 0:00:59    time: 0.0682  data: 0.0000  max mem: 2671
      Evaluation: [1200/1978]  eta: 0:00:53    time: 0.0687  data: 0.0000  max mem: 2671
      Evaluation: [1300/1978]  eta: 0:00:46    time: 0.0683  data: 0.0000  max mem: 2671
      Evaluation: [1400/1978]  eta: 0:00:39    time: 0.0682  data: 0.0000  max mem: 2671
      Evaluation: [1500/1978]  eta: 0:00:32    time: 0.0682  data: 0.0000  max mem: 2671
      Evaluation: [1600/1978]  eta: 0:00:25    time: 0.0681  data: 0.0000  max mem: 2671
      Evaluation: [1700/1978]  eta: 0:00:18    time: 0.0685  data: 0.0000  max mem: 2671
      Evaluation: [1800/1978]  eta: 0:00:12    time: 0.0681  data: 0.0000  max mem: 2671
      Evaluation: [1900/1978]  eta: 0:00:05    time: 0.0683  data: 0.0000  max mem: 2671
      Evaluation: [1977/1978]  eta: 0:00:00    time: 0.0682  data: 0.0000  max mem: 2671
      Evaluation: Total time: 0:02:15 (0.0683 s / it)
     Computing matching score time 0:02:15
### TTA ITM Score: 
+-------+--------+--------+--------+--------+--------+
| epoch |   R1   |   R5   |  R10   |  mAP   |  mINP  |
+-------+--------+--------+--------+--------+--------+
|  -999 | 69.414 | 95.197 | 97.776 | 81.233 | 81.233 |
|  -999 | 69.414 | 95.197 | 97.776 | 81.233 | 81.233 |
|  -999 | 84.277 | 99.039 | 99.596 | 91.276 | 91.276 |
|   0   | 84.631 | 99.039 | 99.596 | 91.443 | 91.443 |
|   1   | 84.681 | 98.888 | 99.494 | 91.416 | 91.416 |
|   2   | 84.479 | 98.787 | 99.494 | 91.280 | 91.280 |
|   3   | 84.530 | 98.787 | 99.393 | 91.269 | 91.269 |
|   4   | 84.631 | 98.686 | 99.343 | 91.308 | 91.308 |
|   5   | 84.530 | 98.635 | 99.343 | 91.254 | 91.254 |
|   6   | 84.580 | 98.584 | 99.292 | 91.267 | 91.267 |
|   7   | 84.681 | 98.635 | 99.292 | 91.329 | 91.329 |
|   8   | 84.732 | 98.635 | 99.292 | 91.356 | 91.356 |
|   9   | 84.681 | 98.635 | 99.292 | 91.329 | 91.329 |
|   10  | 84.732 | 98.635 | 99.343 | 91.345 | 91.345 |
|   11  | 84.732 | 98.584 | 99.292 | 91.341 | 91.341 |
|   12  | 84.732 | 98.635 | 99.343 | 91.344 | 91.344 |
|   13  | 84.681 | 98.635 | 99.343 | 91.311 | 91.311 |
|   14  | 84.681 | 98.635 | 99.343 | 91.311 | 91.311 |
|   15  | 84.631 | 98.635 | 99.292 | 91.285 | 91.285 |
+-------+--------+--------+--------+--------+--------+
     logs:  {'epo': 15, 'R1': 84.631, 'R5': 98.635, 'R10': 99.292, 'mAP': 91.285, 'mINP': 91.285, 'lr': 1e-05, 'entropy': 0.172647, 'loss': 2.753565, 'entr_unc': 0.064189, 'uncertainty': 2.689376, 'uncertainty_multiply_coeffi': 2.689376}
      TTA Epoch: [16] [ 0/61]  eta: 0:00:31  lr: 0.000010  entropy: 0.1555  loss: 2.7479  entr_unc: 0.0578  uncertainty: 2.6901  uncertainty_multiply_coeffi: 2.6901  time: 0.5217  data: 0.4292  max mem: 2671
      TTA Epoch: [16] [60/61]  eta: 0:00:00  lr: 0.000009  entropy: 0.1167  loss: 2.7329  entr_unc: 0.0434  uncertainty: 2.6895  uncertainty_multiply_coeffi: 2.6895  time: 0.0471  data: 0.0047  max mem: 2671
      TTA Epoch: [16] Total time: 0:00:03 (0.0635 s / it)
     Averaged stats: lr: 0.0000  entropy: 0.1740  loss: 2.7541  entr_unc: 0.0647  uncertainty: 2.6894  uncertainty_multiply_coeffi: 2.6894
     itm tta time 0:00:03
     Computing matching score
      Evaluation: [   0/1978]  eta: 0:02:21    time: 0.0715  data: 0.0033  max mem: 2671
      Evaluation: [ 100/1978]  eta: 0:02:08    time: 0.0691  data: 0.0000  max mem: 2671
      Evaluation: [ 200/1978]  eta: 0:02:02    time: 0.0686  data: 0.0000  max mem: 2671
      Evaluation: [ 300/1978]  eta: 0:01:55    time: 0.0693  data: 0.0000  max mem: 2671
      Evaluation: [ 400/1978]  eta: 0:01:48    time: 0.0688  data: 0.0000  max mem: 2671
      Evaluation: [ 500/1978]  eta: 0:01:41    time: 0.0680  data: 0.0000  max mem: 2671
      Evaluation: [ 600/1978]  eta: 0:01:34    time: 0.0683  data: 0.0000  max mem: 2671
      Evaluation: [ 700/1978]  eta: 0:01:27    time: 0.0692  data: 0.0000  max mem: 2671
      Evaluation: [ 800/1978]  eta: 0:01:20    time: 0.0683  data: 0.0000  max mem: 2671
      Evaluation: [ 900/1978]  eta: 0:01:14    time: 0.0687  data: 0.0000  max mem: 2671
      Evaluation: [1000/1978]  eta: 0:01:07    time: 0.0683  data: 0.0000  max mem: 2671
      Evaluation: [1100/1978]  eta: 0:01:00    time: 0.0694  data: 0.0000  max mem: 2671
      Evaluation: [1200/1978]  eta: 0:00:53    time: 0.0684  data: 0.0000  max mem: 2671
      Evaluation: [1300/1978]  eta: 0:00:46    time: 0.0686  data: 0.0000  max mem: 2671
      Evaluation: [1400/1978]  eta: 0:00:39    time: 0.0683  data: 0.0000  max mem: 2671
      Evaluation: [1500/1978]  eta: 0:00:32    time: 0.0690  data: 0.0000  max mem: 2671
      Evaluation: [1600/1978]  eta: 0:00:25    time: 0.0686  data: 0.0000  max mem: 2671
      Evaluation: [1700/1978]  eta: 0:00:19    time: 0.0694  data: 0.0000  max mem: 2671
      Evaluation: [1800/1978]  eta: 0:00:12    time: 0.0683  data: 0.0000  max mem: 2671
      Evaluation: [1900/1978]  eta: 0:00:05    time: 0.0684  data: 0.0000  max mem: 2671
      Evaluation: [1977/1978]  eta: 0:00:00    time: 0.0685  data: 0.0000  max mem: 2671
      Evaluation: Total time: 0:02:15 (0.0687 s / it)
     Computing matching score time 0:02:16
### TTA ITM Score: 
+-------+--------+--------+--------+--------+--------+
| epoch |   R1   |   R5   |  R10   |  mAP   |  mINP  |
+-------+--------+--------+--------+--------+--------+
|  -999 | 69.414 | 95.197 | 97.776 | 81.233 | 81.233 |
|  -999 | 69.414 | 95.197 | 97.776 | 81.233 | 81.233 |
|  -999 | 84.277 | 99.039 | 99.596 | 91.276 | 91.276 |
|   0   | 84.631 | 99.039 | 99.596 | 91.443 | 91.443 |
|   1   | 84.681 | 98.888 | 99.494 | 91.416 | 91.416 |
|   2   | 84.479 | 98.787 | 99.494 | 91.280 | 91.280 |
|   3   | 84.530 | 98.787 | 99.393 | 91.269 | 91.269 |
|   4   | 84.631 | 98.686 | 99.343 | 91.308 | 91.308 |
|   5   | 84.530 | 98.635 | 99.343 | 91.254 | 91.254 |
|   6   | 84.580 | 98.584 | 99.292 | 91.267 | 91.267 |
|   7   | 84.681 | 98.635 | 99.292 | 91.329 | 91.329 |
|   8   | 84.732 | 98.635 | 99.292 | 91.356 | 91.356 |
|   9   | 84.681 | 98.635 | 99.292 | 91.329 | 91.329 |
|   10  | 84.732 | 98.635 | 99.343 | 91.345 | 91.345 |
|   11  | 84.732 | 98.584 | 99.292 | 91.341 | 91.341 |
|   12  | 84.732 | 98.635 | 99.343 | 91.344 | 91.344 |
|   13  | 84.681 | 98.635 | 99.343 | 91.311 | 91.311 |
|   14  | 84.681 | 98.635 | 99.343 | 91.311 | 91.311 |
|   15  | 84.631 | 98.635 | 99.292 | 91.285 | 91.285 |
|   16  | 84.631 | 98.635 | 99.292 | 91.286 | 91.286 |
+-------+--------+--------+--------+--------+--------+
     logs:  {'epo': 16, 'R1': 84.631, 'R5': 98.635, 'R10': 99.292, 'mAP': 91.286, 'mINP': 91.286, 'lr': 1e-05, 'entropy': 0.174036, 'loss': 2.754081, 'entr_unc': 0.064704, 'uncertainty': 2.689377, 'uncertainty_multiply_coeffi': 2.689377}
      TTA Epoch: [17] [ 0/61]  eta: 0:00:32  lr: 0.000009  entropy: 0.1541  loss: 2.7470  entr_unc: 0.0573  uncertainty: 2.6898  uncertainty_multiply_coeffi: 2.6898  time: 0.5374  data: 0.4352  max mem: 2671
      TTA Epoch: [17] [60/61]  eta: 0:00:00  lr: 0.000009  entropy: 0.2171  loss: 2.7695  entr_unc: 0.0808  uncertainty: 2.6888  uncertainty_multiply_coeffi: 2.6888  time: 0.0477  data: 0.0031  max mem: 2671
      TTA Epoch: [17] Total time: 0:00:03 (0.0633 s / it)
     Averaged stats: lr: 0.0000  entropy: 0.1704  loss: 2.7527  entr_unc: 0.0633  uncertainty: 2.6894  uncertainty_multiply_coeffi: 2.6894
     itm tta time 0:00:03
     Computing matching score
      Evaluation: [   0/1978]  eta: 0:02:28    time: 0.0751  data: 0.0033  max mem: 2671
      Evaluation: [ 100/1978]  eta: 0:02:09    time: 0.0691  data: 0.0000  max mem: 2671
      Evaluation: [ 200/1978]  eta: 0:02:02    time: 0.0691  data: 0.0000  max mem: 2671
      Evaluation: [ 300/1978]  eta: 0:01:55    time: 0.0682  data: 0.0000  max mem: 2671
      Evaluation: [ 400/1978]  eta: 0:01:48    time: 0.0682  data: 0.0000  max mem: 2671
      Evaluation: [ 500/1978]  eta: 0:01:41    time: 0.0682  data: 0.0000  max mem: 2671
      Evaluation: [ 600/1978]  eta: 0:01:34    time: 0.0684  data: 0.0000  max mem: 2671
      Evaluation: [ 700/1978]  eta: 0:01:27    time: 0.0681  data: 0.0000  max mem: 2671
      Evaluation: [ 800/1978]  eta: 0:01:20    time: 0.0683  data: 0.0000  max mem: 2671
      Evaluation: [ 900/1978]  eta: 0:01:13    time: 0.0681  data: 0.0000  max mem: 2671
      Evaluation: [1000/1978]  eta: 0:01:06    time: 0.0681  data: 0.0000  max mem: 2671
      Evaluation: [1100/1978]  eta: 0:01:00    time: 0.0680  data: 0.0000  max mem: 2671
      Evaluation: [1200/1978]  eta: 0:00:53    time: 0.0681  data: 0.0000  max mem: 2671
      Evaluation: [1300/1978]  eta: 0:00:46    time: 0.0681  data: 0.0000  max mem: 2671
      Evaluation: [1400/1978]  eta: 0:00:39    time: 0.0687  data: 0.0000  max mem: 2671
      Evaluation: [1500/1978]  eta: 0:00:32    time: 0.0682  data: 0.0000  max mem: 2671
      Evaluation: [1600/1978]  eta: 0:00:25    time: 0.0682  data: 0.0000  max mem: 2671
      Evaluation: [1700/1978]  eta: 0:00:19    time: 0.0681  data: 0.0000  max mem: 2671
      Evaluation: [1800/1978]  eta: 0:00:12    time: 0.0681  data: 0.0000  max mem: 2671
      Evaluation: [1900/1978]  eta: 0:00:05    time: 0.0687  data: 0.0000  max mem: 2671
      Evaluation: [1977/1978]  eta: 0:00:00    time: 0.0695  data: 0.0000  max mem: 2671
      Evaluation: Total time: 0:02:15 (0.0684 s / it)
     Computing matching score time 0:02:15
### TTA ITM Score: 
+-------+--------+--------+--------+--------+--------+
| epoch |   R1   |   R5   |  R10   |  mAP   |  mINP  |
+-------+--------+--------+--------+--------+--------+
|  -999 | 69.414 | 95.197 | 97.776 | 81.233 | 81.233 |
|  -999 | 69.414 | 95.197 | 97.776 | 81.233 | 81.233 |
|  -999 | 84.277 | 99.039 | 99.596 | 91.276 | 91.276 |
|   0   | 84.631 | 99.039 | 99.596 | 91.443 | 91.443 |
|   1   | 84.681 | 98.888 | 99.494 | 91.416 | 91.416 |
|   2   | 84.479 | 98.787 | 99.494 | 91.280 | 91.280 |
|   3   | 84.530 | 98.787 | 99.393 | 91.269 | 91.269 |
|   4   | 84.631 | 98.686 | 99.343 | 91.308 | 91.308 |
|   5   | 84.530 | 98.635 | 99.343 | 91.254 | 91.254 |
|   6   | 84.580 | 98.584 | 99.292 | 91.267 | 91.267 |
|   7   | 84.681 | 98.635 | 99.292 | 91.329 | 91.329 |
|   8   | 84.732 | 98.635 | 99.292 | 91.356 | 91.356 |
|   9   | 84.681 | 98.635 | 99.292 | 91.329 | 91.329 |
|   10  | 84.732 | 98.635 | 99.343 | 91.345 | 91.345 |
|   11  | 84.732 | 98.584 | 99.292 | 91.341 | 91.341 |
|   12  | 84.732 | 98.635 | 99.343 | 91.344 | 91.344 |
|   13  | 84.681 | 98.635 | 99.343 | 91.311 | 91.311 |
|   14  | 84.681 | 98.635 | 99.343 | 91.311 | 91.311 |
|   15  | 84.631 | 98.635 | 99.292 | 91.285 | 91.285 |
|   16  | 84.631 | 98.635 | 99.292 | 91.286 | 91.286 |
|   17  | 84.631 | 98.635 | 99.292 | 91.278 | 91.278 |
+-------+--------+--------+--------+--------+--------+
     logs:  {'epo': 17, 'R1': 84.631, 'R5': 98.635, 'R10': 99.292, 'mAP': 91.278, 'mINP': 91.278, 'lr': 9e-06, 'entropy': 0.170361, 'loss': 2.752715, 'entr_unc': 0.063337, 'uncertainty': 2.689377, 'uncertainty_multiply_coeffi': 2.689377}
      TTA Epoch: [18] [ 0/61]  eta: 0:00:29  lr: 0.000009  entropy: 0.2295  loss: 2.7749  entr_unc: 0.0853  uncertainty: 2.6896  uncertainty_multiply_coeffi: 2.6896  time: 0.4824  data: 0.3388  max mem: 2671
      TTA Epoch: [18] [60/61]  eta: 0:00:00  lr: 0.000008  entropy: 0.2030  loss: 2.7650  entr_unc: 0.0755  uncertainty: 2.6895  uncertainty_multiply_coeffi: 2.6895  time: 0.0474  data: 0.0007  max mem: 2671
      TTA Epoch: [18] Total time: 0:00:03 (0.0628 s / it)
     Averaged stats: lr: 0.0000  entropy: 0.1702  loss: 2.7527  entr_unc: 0.0633  uncertainty: 2.6894  uncertainty_multiply_coeffi: 2.6894
     itm tta time 0:00:03
     Computing matching score
      Evaluation: [   0/1978]  eta: 0:02:24    time: 0.0728  data: 0.0034  max mem: 2671
      Evaluation: [ 100/1978]  eta: 0:02:09    time: 0.0690  data: 0.0000  max mem: 2671
      Evaluation: [ 200/1978]  eta: 0:02:02    time: 0.0683  data: 0.0000  max mem: 2671
      Evaluation: [ 300/1978]  eta: 0:01:55    time: 0.0684  data: 0.0000  max mem: 2671
      Evaluation: [ 400/1978]  eta: 0:01:48    time: 0.0684  data: 0.0000  max mem: 2671
      Evaluation: [ 500/1978]  eta: 0:01:41    time: 0.0698  data: 0.0000  max mem: 2671
      Evaluation: [ 600/1978]  eta: 0:01:34    time: 0.0687  data: 0.0000  max mem: 2671
      Evaluation: [ 700/1978]  eta: 0:01:27    time: 0.0687  data: 0.0000  max mem: 2671
      Evaluation: [ 800/1978]  eta: 0:01:20    time: 0.0686  data: 0.0000  max mem: 2671
      Evaluation: [ 900/1978]  eta: 0:01:14    time: 0.0690  data: 0.0000  max mem: 2671
      Evaluation: [1000/1978]  eta: 0:01:07    time: 0.0686  data: 0.0000  max mem: 2671
      Evaluation: [1100/1978]  eta: 0:01:00    time: 0.0691  data: 0.0000  max mem: 2671
      Evaluation: [1200/1978]  eta: 0:00:53    time: 0.0688  data: 0.0000  max mem: 2671
      Evaluation: [1300/1978]  eta: 0:00:46    time: 0.0690  data: 0.0000  max mem: 2671
      Evaluation: [1400/1978]  eta: 0:00:39    time: 0.0689  data: 0.0000  max mem: 2671
      Evaluation: [1500/1978]  eta: 0:00:32    time: 0.0687  data: 0.0000  max mem: 2671
      Evaluation: [1600/1978]  eta: 0:00:26    time: 0.0689  data: 0.0000  max mem: 2671
      Evaluation: [1700/1978]  eta: 0:00:19    time: 0.0689  data: 0.0000  max mem: 2671
      Evaluation: [1800/1978]  eta: 0:00:12    time: 0.0692  data: 0.0000  max mem: 2671
      Evaluation: [1900/1978]  eta: 0:00:05    time: 0.0692  data: 0.0000  max mem: 2671
      Evaluation: [1977/1978]  eta: 0:00:00    time: 0.0697  data: 0.0000  max mem: 2671
      Evaluation: Total time: 0:02:16 (0.0689 s / it)
     Computing matching score time 0:02:16
### TTA ITM Score: 
+-------+--------+--------+--------+--------+--------+
| epoch |   R1   |   R5   |  R10   |  mAP   |  mINP  |
+-------+--------+--------+--------+--------+--------+
|  -999 | 69.414 | 95.197 | 97.776 | 81.233 | 81.233 |
|  -999 | 69.414 | 95.197 | 97.776 | 81.233 | 81.233 |
|  -999 | 84.277 | 99.039 | 99.596 | 91.276 | 91.276 |
|   0   | 84.631 | 99.039 | 99.596 | 91.443 | 91.443 |
|   1   | 84.681 | 98.888 | 99.494 | 91.416 | 91.416 |
|   2   | 84.479 | 98.787 | 99.494 | 91.280 | 91.280 |
|   3   | 84.530 | 98.787 | 99.393 | 91.269 | 91.269 |
|   4   | 84.631 | 98.686 | 99.343 | 91.308 | 91.308 |
|   5   | 84.530 | 98.635 | 99.343 | 91.254 | 91.254 |
|   6   | 84.580 | 98.584 | 99.292 | 91.267 | 91.267 |
|   7   | 84.681 | 98.635 | 99.292 | 91.329 | 91.329 |
|   8   | 84.732 | 98.635 | 99.292 | 91.356 | 91.356 |
|   9   | 84.681 | 98.635 | 99.292 | 91.329 | 91.329 |
|   10  | 84.732 | 98.635 | 99.343 | 91.345 | 91.345 |
|   11  | 84.732 | 98.584 | 99.292 | 91.341 | 91.341 |
|   12  | 84.732 | 98.635 | 99.343 | 91.344 | 91.344 |
|   13  | 84.681 | 98.635 | 99.343 | 91.311 | 91.311 |
|   14  | 84.681 | 98.635 | 99.343 | 91.311 | 91.311 |
|   15  | 84.631 | 98.635 | 99.292 | 91.285 | 91.285 |
|   16  | 84.631 | 98.635 | 99.292 | 91.286 | 91.286 |
|   17  | 84.631 | 98.635 | 99.292 | 91.278 | 91.278 |
|   18  | 84.631 | 98.635 | 99.292 | 91.278 | 91.278 |
+-------+--------+--------+--------+--------+--------+
     logs:  {'epo': 18, 'R1': 84.631, 'R5': 98.635, 'R10': 99.292, 'mAP': 91.278, 'mINP': 91.278, 'lr': 8e-06, 'entropy': 0.17016, 'loss': 2.75265, 'entr_unc': 0.063262, 'uncertainty': 2.689388, 'uncertainty_multiply_coeffi': 2.689388}
      TTA Epoch: [19] [ 0/61]  eta: 0:00:29  lr: 0.000008  entropy: 0.1058  loss: 2.7296  entr_unc: 0.0393  uncertainty: 2.6903  uncertainty_multiply_coeffi: 2.6903  time: 0.4829  data: 0.3268  max mem: 2671
      TTA Epoch: [19] [60/61]  eta: 0:00:00  lr: 0.000007  entropy: 0.0262  loss: 2.6989  entr_unc: 0.0097  uncertainty: 2.6892  uncertainty_multiply_coeffi: 2.6892  time: 0.0491  data: 0.0037  max mem: 2671
      TTA Epoch: [19] Total time: 0:00:03 (0.0637 s / it)
     Averaged stats: lr: 0.0000  entropy: 0.1729  loss: 2.7536  entr_unc: 0.0643  uncertainty: 2.6894  uncertainty_multiply_coeffi: 2.6894
     itm tta time 0:00:03
     Computing matching score
      Evaluation: [   0/1978]  eta: 0:02:24    time: 0.0728  data: 0.0032  max mem: 2671
      Evaluation: [ 100/1978]  eta: 0:02:09    time: 0.0690  data: 0.0000  max mem: 2671
      Evaluation: [ 200/1978]  eta: 0:02:02    time: 0.0682  data: 0.0000  max mem: 2671
      Evaluation: [ 300/1978]  eta: 0:01:55    time: 0.0694  data: 0.0000  max mem: 2671
      Evaluation: [ 400/1978]  eta: 0:01:48    time: 0.0700  data: 0.0000  max mem: 2671
      Evaluation: [ 500/1978]  eta: 0:01:42    time: 0.0706  data: 0.0000  max mem: 2671
      Evaluation: [ 600/1978]  eta: 0:01:35    time: 0.0699  data: 0.0000  max mem: 2671
      Evaluation: [ 700/1978]  eta: 0:01:28    time: 0.0690  data: 0.0000  max mem: 2671
      Evaluation: [ 800/1978]  eta: 0:01:21    time: 0.0685  data: 0.0000  max mem: 2671
      Evaluation: [ 900/1978]  eta: 0:01:14    time: 0.0695  data: 0.0000  max mem: 2671
      Evaluation: [1000/1978]  eta: 0:01:07    time: 0.0691  data: 0.0000  max mem: 2671
      Evaluation: [1100/1978]  eta: 0:01:00    time: 0.0687  data: 0.0000  max mem: 2671
      Evaluation: [1200/1978]  eta: 0:00:53    time: 0.0697  data: 0.0000  max mem: 2671
      Evaluation: [1300/1978]  eta: 0:00:46    time: 0.0688  data: 0.0000  max mem: 2671
      Evaluation: [1400/1978]  eta: 0:00:39    time: 0.0694  data: 0.0000  max mem: 2671
      Evaluation: [1500/1978]  eta: 0:00:33    time: 0.0690  data: 0.0000  max mem: 2671
      Evaluation: [1600/1978]  eta: 0:00:26    time: 0.0694  data: 0.0000  max mem: 2671
      Evaluation: [1700/1978]  eta: 0:00:19    time: 0.0698  data: 0.0000  max mem: 2671
      Evaluation: [1800/1978]  eta: 0:00:12    time: 0.0697  data: 0.0000  max mem: 2671
      Evaluation: [1900/1978]  eta: 0:00:05    time: 0.0695  data: 0.0000  max mem: 2671
      Evaluation: [1977/1978]  eta: 0:00:00    time: 0.0697  data: 0.0000  max mem: 2671
      Evaluation: Total time: 0:02:16 (0.0692 s / it)
     Computing matching score time 0:02:17
### TTA ITM Score: 
+-------+--------+--------+--------+--------+--------+
| epoch |   R1   |   R5   |  R10   |  mAP   |  mINP  |
+-------+--------+--------+--------+--------+--------+
|  -999 | 69.414 | 95.197 | 97.776 | 81.233 | 81.233 |
|  -999 | 69.414 | 95.197 | 97.776 | 81.233 | 81.233 |
|  -999 | 84.277 | 99.039 | 99.596 | 91.276 | 91.276 |
|   0   | 84.631 | 99.039 | 99.596 | 91.443 | 91.443 |
|   1   | 84.681 | 98.888 | 99.494 | 91.416 | 91.416 |
|   2   | 84.479 | 98.787 | 99.494 | 91.280 | 91.280 |
|   3   | 84.530 | 98.787 | 99.393 | 91.269 | 91.269 |
|   4   | 84.631 | 98.686 | 99.343 | 91.308 | 91.308 |
|   5   | 84.530 | 98.635 | 99.343 | 91.254 | 91.254 |
|   6   | 84.580 | 98.584 | 99.292 | 91.267 | 91.267 |
|   7   | 84.681 | 98.635 | 99.292 | 91.329 | 91.329 |
|   8   | 84.732 | 98.635 | 99.292 | 91.356 | 91.356 |
|   9   | 84.681 | 98.635 | 99.292 | 91.329 | 91.329 |
|   10  | 84.732 | 98.635 | 99.343 | 91.345 | 91.345 |
|   11  | 84.732 | 98.584 | 99.292 | 91.341 | 91.341 |
|   12  | 84.732 | 98.635 | 99.343 | 91.344 | 91.344 |
|   13  | 84.681 | 98.635 | 99.343 | 91.311 | 91.311 |
|   14  | 84.681 | 98.635 | 99.343 | 91.311 | 91.311 |
|   15  | 84.631 | 98.635 | 99.292 | 91.285 | 91.285 |
|   16  | 84.631 | 98.635 | 99.292 | 91.286 | 91.286 |
|   17  | 84.631 | 98.635 | 99.292 | 91.278 | 91.278 |
|   18  | 84.631 | 98.635 | 99.292 | 91.278 | 91.278 |
|   19  | 84.580 | 98.635 | 99.292 | 91.253 | 91.253 |
+-------+--------+--------+--------+--------+--------+
     logs:  {'epo': 19, 'R1': 84.58, 'R5': 98.635, 'R10': 99.292, 'mAP': 91.253, 'mINP': 91.253, 'lr': 8e-06, 'entropy': 0.172874, 'loss': 2.753648, 'entr_unc': 0.064273, 'uncertainty': 2.689375, 'uncertainty_multiply_coeffi': 2.689375}
      TTA Epoch: [20] [ 0/61]  eta: 0:00:29  lr: 0.000007  entropy: 0.1449  loss: 2.7430  entr_unc: 0.0539  uncertainty: 2.6891  uncertainty_multiply_coeffi: 2.6891  time: 0.4768  data: 0.3311  max mem: 2671
      TTA Epoch: [20] [60/61]  eta: 0:00:00  lr: 0.000007  entropy: 0.1549  loss: 2.7466  entr_unc: 0.0576  uncertainty: 2.6890  uncertainty_multiply_coeffi: 2.6890  time: 0.0478  data: 0.0020  max mem: 2671
      TTA Epoch: [20] Total time: 0:00:03 (0.0637 s / it)
     Averaged stats: lr: 0.0000  entropy: 0.1664  loss: 2.7512  entr_unc: 0.0619  uncertainty: 2.6894  uncertainty_multiply_coeffi: 2.6894
     itm tta time 0:00:03
     Computing matching score
      Evaluation: [   0/1978]  eta: 0:02:25    time: 0.0737  data: 0.0033  max mem: 2671
      Evaluation: [ 100/1978]  eta: 0:02:08    time: 0.0681  data: 0.0000  max mem: 2671
      Evaluation: [ 200/1978]  eta: 0:02:01    time: 0.0680  data: 0.0000  max mem: 2671
      Evaluation: [ 300/1978]  eta: 0:01:54    time: 0.0686  data: 0.0000  max mem: 2671
      Evaluation: [ 400/1978]  eta: 0:01:47    time: 0.0681  data: 0.0000  max mem: 2671
      Evaluation: [ 500/1978]  eta: 0:01:40    time: 0.0685  data: 0.0000  max mem: 2671
      Evaluation: [ 600/1978]  eta: 0:01:34    time: 0.0681  data: 0.0000  max mem: 2671
      Evaluation: [ 700/1978]  eta: 0:01:27    time: 0.0681  data: 0.0000  max mem: 2671
      Evaluation: [ 800/1978]  eta: 0:01:20    time: 0.0682  data: 0.0000  max mem: 2671
      Evaluation: [ 900/1978]  eta: 0:01:13    time: 0.0684  data: 0.0000  max mem: 2671
      Evaluation: [1000/1978]  eta: 0:01:06    time: 0.0682  data: 0.0000  max mem: 2671
      Evaluation: [1100/1978]  eta: 0:00:59    time: 0.0682  data: 0.0000  max mem: 2671
      Evaluation: [1200/1978]  eta: 0:00:53    time: 0.0680  data: 0.0000  max mem: 2671
      Evaluation: [1300/1978]  eta: 0:00:46    time: 0.0681  data: 0.0000  max mem: 2671
      Evaluation: [1400/1978]  eta: 0:00:39    time: 0.0681  data: 0.0000  max mem: 2671
      Evaluation: [1500/1978]  eta: 0:00:32    time: 0.0679  data: 0.0000  max mem: 2671
      Evaluation: [1600/1978]  eta: 0:00:25    time: 0.0684  data: 0.0000  max mem: 2671
      Evaluation: [1700/1978]  eta: 0:00:18    time: 0.0681  data: 0.0000  max mem: 2671
      Evaluation: [1800/1978]  eta: 0:00:12    time: 0.0684  data: 0.0000  max mem: 2671
      Evaluation: [1900/1978]  eta: 0:00:05    time: 0.0682  data: 0.0000  max mem: 2671
      Evaluation: [1977/1978]  eta: 0:00:00    time: 0.0680  data: 0.0000  max mem: 2671
      Evaluation: Total time: 0:02:14 (0.0682 s / it)
     Computing matching score time 0:02:15
### TTA ITM Score: 
+-------+--------+--------+--------+--------+--------+
| epoch |   R1   |   R5   |  R10   |  mAP   |  mINP  |
+-------+--------+--------+--------+--------+--------+
|  -999 | 69.414 | 95.197 | 97.776 | 81.233 | 81.233 |
|  -999 | 69.414 | 95.197 | 97.776 | 81.233 | 81.233 |
|  -999 | 84.277 | 99.039 | 99.596 | 91.276 | 91.276 |
|   0   | 84.631 | 99.039 | 99.596 | 91.443 | 91.443 |
|   1   | 84.681 | 98.888 | 99.494 | 91.416 | 91.416 |
|   2   | 84.479 | 98.787 | 99.494 | 91.280 | 91.280 |
|   3   | 84.530 | 98.787 | 99.393 | 91.269 | 91.269 |
|   4   | 84.631 | 98.686 | 99.343 | 91.308 | 91.308 |
|   5   | 84.530 | 98.635 | 99.343 | 91.254 | 91.254 |
|   6   | 84.580 | 98.584 | 99.292 | 91.267 | 91.267 |
|   7   | 84.681 | 98.635 | 99.292 | 91.329 | 91.329 |
|   8   | 84.732 | 98.635 | 99.292 | 91.356 | 91.356 |
|   9   | 84.681 | 98.635 | 99.292 | 91.329 | 91.329 |
|   10  | 84.732 | 98.635 | 99.343 | 91.345 | 91.345 |
|   11  | 84.732 | 98.584 | 99.292 | 91.341 | 91.341 |
|   12  | 84.732 | 98.635 | 99.343 | 91.344 | 91.344 |
|   13  | 84.681 | 98.635 | 99.343 | 91.311 | 91.311 |
|   14  | 84.681 | 98.635 | 99.343 | 91.311 | 91.311 |
|   15  | 84.631 | 98.635 | 99.292 | 91.285 | 91.285 |
|   16  | 84.631 | 98.635 | 99.292 | 91.286 | 91.286 |
|   17  | 84.631 | 98.635 | 99.292 | 91.278 | 91.278 |
|   18  | 84.631 | 98.635 | 99.292 | 91.278 | 91.278 |
|   19  | 84.580 | 98.635 | 99.292 | 91.253 | 91.253 |
|   20  | 84.580 | 98.635 | 99.292 | 91.253 | 91.253 |
+-------+--------+--------+--------+--------+--------+
     logs:  {'epo': 20, 'R1': 84.58, 'R5': 98.635, 'R10': 99.292, 'mAP': 91.253, 'mINP': 91.253, 'lr': 7e-06, 'entropy': 0.166409, 'loss': 2.751239, 'entr_unc': 0.061869, 'uncertainty': 2.68937, 'uncertainty_multiply_coeffi': 2.68937}
      TTA Epoch: [21] [ 0/61]  eta: 0:00:32  lr: 0.000007  entropy: 0.1586  loss: 2.7486  entr_unc: 0.0590  uncertainty: 2.6897  uncertainty_multiply_coeffi: 2.6897  time: 0.5303  data: 0.3958  max mem: 2671
      TTA Epoch: [21] [60/61]  eta: 0:00:00  lr: 0.000006  entropy: 0.1556  loss: 2.7474  entr_unc: 0.0579  uncertainty: 2.6895  uncertainty_multiply_coeffi: 2.6895  time: 0.0462  data: 0.0023  max mem: 2671
      TTA Epoch: [21] Total time: 0:00:03 (0.0633 s / it)
     Averaged stats: lr: 0.0000  entropy: 0.1691  loss: 2.7522  entr_unc: 0.0629  uncertainty: 2.6894  uncertainty_multiply_coeffi: 2.6894
     itm tta time 0:00:03
     Computing matching score
      Evaluation: [   0/1978]  eta: 0:02:24    time: 0.0730  data: 0.0034  max mem: 2671
      Evaluation: [ 100/1978]  eta: 0:02:08    time: 0.0681  data: 0.0000  max mem: 2671
      Evaluation: [ 200/1978]  eta: 0:02:01    time: 0.0686  data: 0.0000  max mem: 2671
      Evaluation: [ 300/1978]  eta: 0:01:54    time: 0.0683  data: 0.0000  max mem: 2671
      Evaluation: [ 400/1978]  eta: 0:01:47    time: 0.0683  data: 0.0000  max mem: 2671
      Evaluation: [ 500/1978]  eta: 0:01:41    time: 0.0683  data: 0.0000  max mem: 2671
      Evaluation: [ 600/1978]  eta: 0:01:34    time: 0.0683  data: 0.0000  max mem: 2671
      Evaluation: [ 700/1978]  eta: 0:01:27    time: 0.0682  data: 0.0000  max mem: 2671
      Evaluation: [ 800/1978]  eta: 0:01:20    time: 0.0690  data: 0.0000  max mem: 2671
      Evaluation: [ 900/1978]  eta: 0:01:13    time: 0.0684  data: 0.0000  max mem: 2671
      Evaluation: [1000/1978]  eta: 0:01:06    time: 0.0687  data: 0.0000  max mem: 2671
      Evaluation: [1100/1978]  eta: 0:01:00    time: 0.0684  data: 0.0000  max mem: 2671
      Evaluation: [1200/1978]  eta: 0:00:53    time: 0.0682  data: 0.0000  max mem: 2671
      Evaluation: [1300/1978]  eta: 0:00:46    time: 0.0682  data: 0.0000  max mem: 2671
      Evaluation: [1400/1978]  eta: 0:00:39    time: 0.0683  data: 0.0000  max mem: 2671
      Evaluation: [1500/1978]  eta: 0:00:32    time: 0.0685  data: 0.0000  max mem: 2671
      Evaluation: [1600/1978]  eta: 0:00:25    time: 0.0686  data: 0.0000  max mem: 2671
      Evaluation: [1700/1978]  eta: 0:00:19    time: 0.0685  data: 0.0000  max mem: 2671
      Evaluation: [1800/1978]  eta: 0:00:12    time: 0.0682  data: 0.0000  max mem: 2671
      Evaluation: [1900/1978]  eta: 0:00:05    time: 0.0683  data: 0.0000  max mem: 2671
      Evaluation: [1977/1978]  eta: 0:00:00    time: 0.0683  data: 0.0000  max mem: 2671
      Evaluation: Total time: 0:02:15 (0.0684 s / it)
     Computing matching score time 0:02:15
### TTA ITM Score: 
+-------+--------+--------+--------+--------+--------+
| epoch |   R1   |   R5   |  R10   |  mAP   |  mINP  |
+-------+--------+--------+--------+--------+--------+
|  -999 | 69.414 | 95.197 | 97.776 | 81.233 | 81.233 |
|  -999 | 69.414 | 95.197 | 97.776 | 81.233 | 81.233 |
|  -999 | 84.277 | 99.039 | 99.596 | 91.276 | 91.276 |
|   0   | 84.631 | 99.039 | 99.596 | 91.443 | 91.443 |
|   1   | 84.681 | 98.888 | 99.494 | 91.416 | 91.416 |
|   2   | 84.479 | 98.787 | 99.494 | 91.280 | 91.280 |
|   3   | 84.530 | 98.787 | 99.393 | 91.269 | 91.269 |
|   4   | 84.631 | 98.686 | 99.343 | 91.308 | 91.308 |
|   5   | 84.530 | 98.635 | 99.343 | 91.254 | 91.254 |
|   6   | 84.580 | 98.584 | 99.292 | 91.267 | 91.267 |
|   7   | 84.681 | 98.635 | 99.292 | 91.329 | 91.329 |
|   8   | 84.732 | 98.635 | 99.292 | 91.356 | 91.356 |
|   9   | 84.681 | 98.635 | 99.292 | 91.329 | 91.329 |
|   10  | 84.732 | 98.635 | 99.343 | 91.345 | 91.345 |
|   11  | 84.732 | 98.584 | 99.292 | 91.341 | 91.341 |
|   12  | 84.732 | 98.635 | 99.343 | 91.344 | 91.344 |
|   13  | 84.681 | 98.635 | 99.343 | 91.311 | 91.311 |
|   14  | 84.681 | 98.635 | 99.343 | 91.311 | 91.311 |
|   15  | 84.631 | 98.635 | 99.292 | 91.285 | 91.285 |
|   16  | 84.631 | 98.635 | 99.292 | 91.286 | 91.286 |
|   17  | 84.631 | 98.635 | 99.292 | 91.278 | 91.278 |
|   18  | 84.631 | 98.635 | 99.292 | 91.278 | 91.278 |
|   19  | 84.580 | 98.635 | 99.292 | 91.253 | 91.253 |
|   20  | 84.580 | 98.635 | 99.292 | 91.253 | 91.253 |
|   21  | 84.580 | 98.635 | 99.292 | 91.255 | 91.255 |
+-------+--------+--------+--------+--------+--------+
     logs:  {'epo': 21, 'R1': 84.58, 'R5': 98.635, 'R10': 99.292, 'mAP': 91.254, 'mINP': 91.254, 'lr': 6e-06, 'entropy': 0.169094, 'loss': 2.752243, 'entr_unc': 0.062867, 'uncertainty': 2.689376, 'uncertainty_multiply_coeffi': 2.689376}
      TTA Epoch: [22] [ 0/61]  eta: 0:00:23  lr: 0.000006  entropy: 0.1210  loss: 2.7341  entr_unc: 0.0450  uncertainty: 2.6891  uncertainty_multiply_coeffi: 2.6891  time: 0.3919  data: 0.2738  max mem: 2671
      TTA Epoch: [22] [60/61]  eta: 0:00:00  lr: 0.000005  entropy: 0.1000  loss: 2.7267  entr_unc: 0.0372  uncertainty: 2.6895  uncertainty_multiply_coeffi: 2.6895  time: 0.0474  data: 0.0032  max mem: 2671
      TTA Epoch: [22] Total time: 0:00:03 (0.0634 s / it)
     Averaged stats: lr: 0.0000  entropy: 0.1665  loss: 2.7513  entr_unc: 0.0619  uncertainty: 2.6894  uncertainty_multiply_coeffi: 2.6894
     itm tta time 0:00:03
     Computing matching score
      Evaluation: [   0/1978]  eta: 0:02:24    time: 0.0729  data: 0.0035  max mem: 2671
      Evaluation: [ 100/1978]  eta: 0:02:09    time: 0.0690  data: 0.0000  max mem: 2671
      Evaluation: [ 200/1978]  eta: 0:02:02    time: 0.0686  data: 0.0000  max mem: 2671
      Evaluation: [ 300/1978]  eta: 0:01:55    time: 0.0684  data: 0.0000  max mem: 2671
      Evaluation: [ 400/1978]  eta: 0:01:48    time: 0.0685  data: 0.0000  max mem: 2671
      Evaluation: [ 500/1978]  eta: 0:01:41    time: 0.0685  data: 0.0000  max mem: 2671
      Evaluation: [ 600/1978]  eta: 0:01:34    time: 0.0682  data: 0.0000  max mem: 2671
      Evaluation: [ 700/1978]  eta: 0:01:27    time: 0.0683  data: 0.0000  max mem: 2671
      Evaluation: [ 800/1978]  eta: 0:01:20    time: 0.0692  data: 0.0000  max mem: 2671
      Evaluation: [ 900/1978]  eta: 0:01:13    time: 0.0684  data: 0.0000  max mem: 2671
      Evaluation: [1000/1978]  eta: 0:01:07    time: 0.0685  data: 0.0000  max mem: 2671
      Evaluation: [1100/1978]  eta: 0:01:00    time: 0.0685  data: 0.0000  max mem: 2671
      Evaluation: [1200/1978]  eta: 0:00:53    time: 0.0684  data: 0.0000  max mem: 2671
      Evaluation: [1300/1978]  eta: 0:00:46    time: 0.0683  data: 0.0000  max mem: 2671
      Evaluation: [1400/1978]  eta: 0:00:39    time: 0.0684  data: 0.0000  max mem: 2671
      Evaluation: [1500/1978]  eta: 0:00:32    time: 0.0686  data: 0.0000  max mem: 2671
      Evaluation: [1600/1978]  eta: 0:00:25    time: 0.0687  data: 0.0000  max mem: 2671
      Evaluation: [1700/1978]  eta: 0:00:19    time: 0.0683  data: 0.0000  max mem: 2671
      Evaluation: [1800/1978]  eta: 0:00:12    time: 0.0682  data: 0.0000  max mem: 2671
      Evaluation: [1900/1978]  eta: 0:00:05    time: 0.0685  data: 0.0000  max mem: 2671
      Evaluation: [1977/1978]  eta: 0:00:00    time: 0.0687  data: 0.0000  max mem: 2671
      Evaluation: Total time: 0:02:15 (0.0685 s / it)
     Computing matching score time 0:02:15
### TTA ITM Score: 
+-------+--------+--------+--------+--------+--------+
| epoch |   R1   |   R5   |  R10   |  mAP   |  mINP  |
+-------+--------+--------+--------+--------+--------+
|  -999 | 69.414 | 95.197 | 97.776 | 81.233 | 81.233 |
|  -999 | 69.414 | 95.197 | 97.776 | 81.233 | 81.233 |
|  -999 | 84.277 | 99.039 | 99.596 | 91.276 | 91.276 |
|   0   | 84.631 | 99.039 | 99.596 | 91.443 | 91.443 |
|   1   | 84.681 | 98.888 | 99.494 | 91.416 | 91.416 |
|   2   | 84.479 | 98.787 | 99.494 | 91.280 | 91.280 |
|   3   | 84.530 | 98.787 | 99.393 | 91.269 | 91.269 |
|   4   | 84.631 | 98.686 | 99.343 | 91.308 | 91.308 |
|   5   | 84.530 | 98.635 | 99.343 | 91.254 | 91.254 |
|   6   | 84.580 | 98.584 | 99.292 | 91.267 | 91.267 |
|   7   | 84.681 | 98.635 | 99.292 | 91.329 | 91.329 |
|   8   | 84.732 | 98.635 | 99.292 | 91.356 | 91.356 |
|   9   | 84.681 | 98.635 | 99.292 | 91.329 | 91.329 |
|   10  | 84.732 | 98.635 | 99.343 | 91.345 | 91.345 |
|   11  | 84.732 | 98.584 | 99.292 | 91.341 | 91.341 |
|   12  | 84.732 | 98.635 | 99.343 | 91.344 | 91.344 |
|   13  | 84.681 | 98.635 | 99.343 | 91.311 | 91.311 |
|   14  | 84.681 | 98.635 | 99.343 | 91.311 | 91.311 |
|   15  | 84.631 | 98.635 | 99.292 | 91.285 | 91.285 |
|   16  | 84.631 | 98.635 | 99.292 | 91.286 | 91.286 |
|   17  | 84.631 | 98.635 | 99.292 | 91.278 | 91.278 |
|   18  | 84.631 | 98.635 | 99.292 | 91.278 | 91.278 |
|   19  | 84.580 | 98.635 | 99.292 | 91.253 | 91.253 |
|   20  | 84.580 | 98.635 | 99.292 | 91.253 | 91.253 |
|   21  | 84.580 | 98.635 | 99.292 | 91.255 | 91.255 |
|   22  | 84.580 | 98.686 | 99.292 | 91.259 | 91.259 |
+-------+--------+--------+--------+--------+--------+
     logs:  {'epo': 22, 'R1': 84.58, 'R5': 98.686, 'R10': 99.292, 'mAP': 91.259, 'mINP': 91.259, 'lr': 6e-06, 'entropy': 0.166548, 'loss': 2.751294, 'entr_unc': 0.061922, 'uncertainty': 2.689372, 'uncertainty_multiply_coeffi': 2.689372}
      TTA Epoch: [23] [ 0/61]  eta: 0:00:32  lr: 0.000005  entropy: 0.1244  loss: 2.7353  entr_unc: 0.0463  uncertainty: 2.6890  uncertainty_multiply_coeffi: 2.6890  time: 0.5304  data: 0.4131  max mem: 2671
      TTA Epoch: [23] [60/61]  eta: 0:00:00  lr: 0.000005  entropy: 0.1929  loss: 2.7608  entr_unc: 0.0717  uncertainty: 2.6891  uncertainty_multiply_coeffi: 2.6891  time: 0.0479  data: 0.0026  max mem: 2671
      TTA Epoch: [23] Total time: 0:00:03 (0.0636 s / it)
     Averaged stats: lr: 0.0000  entropy: 0.1623  loss: 2.7497  entr_unc: 0.0604  uncertainty: 2.6894  uncertainty_multiply_coeffi: 2.6894
     itm tta time 0:00:03
     Computing matching score
      Evaluation: [   0/1978]  eta: 0:02:24    time: 0.0729  data: 0.0034  max mem: 2671
      Evaluation: [ 100/1978]  eta: 0:02:08    time: 0.0681  data: 0.0000  max mem: 2671
      Evaluation: [ 200/1978]  eta: 0:02:01    time: 0.0684  data: 0.0000  max mem: 2671
      Evaluation: [ 300/1978]  eta: 0:01:54    time: 0.0682  data: 0.0000  max mem: 2671
      Evaluation: [ 400/1978]  eta: 0:01:47    time: 0.0681  data: 0.0000  max mem: 2671
      Evaluation: [ 500/1978]  eta: 0:01:40    time: 0.0681  data: 0.0000  max mem: 2671
      Evaluation: [ 600/1978]  eta: 0:01:34    time: 0.0688  data: 0.0000  max mem: 2671
      Evaluation: [ 700/1978]  eta: 0:01:27    time: 0.0683  data: 0.0000  max mem: 2671
      Evaluation: [ 800/1978]  eta: 0:01:20    time: 0.0685  data: 0.0000  max mem: 2671
      Evaluation: [ 900/1978]  eta: 0:01:13    time: 0.0681  data: 0.0000  max mem: 2671
      Evaluation: [1000/1978]  eta: 0:01:06    time: 0.0682  data: 0.0000  max mem: 2671
      Evaluation: [1100/1978]  eta: 0:00:59    time: 0.0682  data: 0.0000  max mem: 2671
      Evaluation: [1200/1978]  eta: 0:00:53    time: 0.0681  data: 0.0000  max mem: 2671
      Evaluation: [1300/1978]  eta: 0:00:46    time: 0.0686  data: 0.0000  max mem: 2671
      Evaluation: [1400/1978]  eta: 0:00:39    time: 0.0682  data: 0.0000  max mem: 2671
      Evaluation: [1500/1978]  eta: 0:00:32    time: 0.0680  data: 0.0000  max mem: 2671
      Evaluation: [1600/1978]  eta: 0:00:25    time: 0.0683  data: 0.0000  max mem: 2671
      Evaluation: [1700/1978]  eta: 0:00:18    time: 0.0681  data: 0.0000  max mem: 2671
      Evaluation: [1800/1978]  eta: 0:00:12    time: 0.0688  data: 0.0000  max mem: 2671
      Evaluation: [1900/1978]  eta: 0:00:05    time: 0.0684  data: 0.0000  max mem: 2671
      Evaluation: [1977/1978]  eta: 0:00:00    time: 0.0684  data: 0.0000  max mem: 2671
      Evaluation: Total time: 0:02:15 (0.0683 s / it)
     Computing matching score time 0:02:15
### TTA ITM Score: 
+-------+--------+--------+--------+--------+--------+
| epoch |   R1   |   R5   |  R10   |  mAP   |  mINP  |
+-------+--------+--------+--------+--------+--------+
|  -999 | 69.414 | 95.197 | 97.776 | 81.233 | 81.233 |
|  -999 | 69.414 | 95.197 | 97.776 | 81.233 | 81.233 |
|  -999 | 84.277 | 99.039 | 99.596 | 91.276 | 91.276 |
|   0   | 84.631 | 99.039 | 99.596 | 91.443 | 91.443 |
|   1   | 84.681 | 98.888 | 99.494 | 91.416 | 91.416 |
|   2   | 84.479 | 98.787 | 99.494 | 91.280 | 91.280 |
|   3   | 84.530 | 98.787 | 99.393 | 91.269 | 91.269 |
|   4   | 84.631 | 98.686 | 99.343 | 91.308 | 91.308 |
|   5   | 84.530 | 98.635 | 99.343 | 91.254 | 91.254 |
|   6   | 84.580 | 98.584 | 99.292 | 91.267 | 91.267 |
|   7   | 84.681 | 98.635 | 99.292 | 91.329 | 91.329 |
|   8   | 84.732 | 98.635 | 99.292 | 91.356 | 91.356 |
|   9   | 84.681 | 98.635 | 99.292 | 91.329 | 91.329 |
|   10  | 84.732 | 98.635 | 99.343 | 91.345 | 91.345 |
|   11  | 84.732 | 98.584 | 99.292 | 91.341 | 91.341 |
|   12  | 84.732 | 98.635 | 99.343 | 91.344 | 91.344 |
|   13  | 84.681 | 98.635 | 99.343 | 91.311 | 91.311 |
|   14  | 84.681 | 98.635 | 99.343 | 91.311 | 91.311 |
|   15  | 84.631 | 98.635 | 99.292 | 91.285 | 91.285 |
|   16  | 84.631 | 98.635 | 99.292 | 91.286 | 91.286 |
|   17  | 84.631 | 98.635 | 99.292 | 91.278 | 91.278 |
|   18  | 84.631 | 98.635 | 99.292 | 91.278 | 91.278 |
|   19  | 84.580 | 98.635 | 99.292 | 91.253 | 91.253 |
|   20  | 84.580 | 98.635 | 99.292 | 91.253 | 91.253 |
|   21  | 84.580 | 98.635 | 99.292 | 91.255 | 91.255 |
|   22  | 84.580 | 98.686 | 99.292 | 91.259 | 91.259 |
|   23  | 84.580 | 98.686 | 99.292 | 91.259 | 91.259 |
+-------+--------+--------+--------+--------+--------+
     logs:  {'epo': 23, 'R1': 84.58, 'R5': 98.686, 'R10': 99.292, 'mAP': 91.259, 'mINP': 91.259, 'lr': 5e-06, 'entropy': 0.162342, 'loss': 2.74973, 'entr_unc': 0.060356, 'uncertainty': 2.689373, 'uncertainty_multiply_coeffi': 2.689373}
      TTA Epoch: [24] [ 0/61]  eta: 0:00:29  lr: 0.000004  entropy: 0.2562  loss: 2.7851  entr_unc: 0.0952  uncertainty: 2.6899  uncertainty_multiply_coeffi: 2.6899  time: 0.4766  data: 0.3238  max mem: 2671
      TTA Epoch: [24] [60/61]  eta: 0:00:00  lr: 0.000004  entropy: 0.2229  loss: 2.7725  entr_unc: 0.0829  uncertainty: 2.6897  uncertainty_multiply_coeffi: 2.6897  time: 0.0472  data: 0.0017  max mem: 2671
      TTA Epoch: [24] Total time: 0:00:03 (0.0629 s / it)
     Averaged stats: lr: 0.0000  entropy: 0.1666  loss: 2.7513  entr_unc: 0.0619  uncertainty: 2.6894  uncertainty_multiply_coeffi: 2.6894
     itm tta time 0:00:03
     Computing matching score
      Evaluation: [   0/1978]  eta: 0:02:27    time: 0.0745  data: 0.0036  max mem: 2671
      Evaluation: [ 100/1978]  eta: 0:02:08    time: 0.0680  data: 0.0000  max mem: 2671
      Evaluation: [ 200/1978]  eta: 0:02:01    time: 0.0682  data: 0.0000  max mem: 2671
      Evaluation: [ 300/1978]  eta: 0:01:54    time: 0.0682  data: 0.0000  max mem: 2671
      Evaluation: [ 400/1978]  eta: 0:01:47    time: 0.0681  data: 0.0000  max mem: 2671
      Evaluation: [ 500/1978]  eta: 0:01:40    time: 0.0683  data: 0.0000  max mem: 2671
      Evaluation: [ 600/1978]  eta: 0:01:34    time: 0.0688  data: 0.0000  max mem: 2671
      Evaluation: [ 700/1978]  eta: 0:01:27    time: 0.0685  data: 0.0000  max mem: 2671
      Evaluation: [ 800/1978]  eta: 0:01:20    time: 0.0685  data: 0.0000  max mem: 2671
      Evaluation: [ 900/1978]  eta: 0:01:13    time: 0.0684  data: 0.0000  max mem: 2671
      Evaluation: [1000/1978]  eta: 0:01:06    time: 0.0685  data: 0.0000  max mem: 2671
      Evaluation: [1100/1978]  eta: 0:01:00    time: 0.0689  data: 0.0000  max mem: 2671
      Evaluation: [1200/1978]  eta: 0:00:53    time: 0.0685  data: 0.0000  max mem: 2671
      Evaluation: [1300/1978]  eta: 0:00:46    time: 0.0688  data: 0.0000  max mem: 2671
      Evaluation: [1400/1978]  eta: 0:00:39    time: 0.0685  data: 0.0000  max mem: 2671
      Evaluation: [1500/1978]  eta: 0:00:32    time: 0.0685  data: 0.0000  max mem: 2671
      Evaluation: [1600/1978]  eta: 0:00:25    time: 0.0691  data: 0.0000  max mem: 2671
      Evaluation: [1700/1978]  eta: 0:00:19    time: 0.0687  data: 0.0000  max mem: 2671
      Evaluation: [1800/1978]  eta: 0:00:12    time: 0.0687  data: 0.0000  max mem: 2671
      Evaluation: [1900/1978]  eta: 0:00:05    time: 0.0688  data: 0.0000  max mem: 2671
      Evaluation: [1977/1978]  eta: 0:00:00    time: 0.0687  data: 0.0000  max mem: 2671
      Evaluation: Total time: 0:02:15 (0.0685 s / it)
     Computing matching score time 0:02:15
### TTA ITM Score: 
+-------+--------+--------+--------+--------+--------+
| epoch |   R1   |   R5   |  R10   |  mAP   |  mINP  |
+-------+--------+--------+--------+--------+--------+
|  -999 | 69.414 | 95.197 | 97.776 | 81.233 | 81.233 |
|  -999 | 69.414 | 95.197 | 97.776 | 81.233 | 81.233 |
|  -999 | 84.277 | 99.039 | 99.596 | 91.276 | 91.276 |
|   0   | 84.631 | 99.039 | 99.596 | 91.443 | 91.443 |
|   1   | 84.681 | 98.888 | 99.494 | 91.416 | 91.416 |
|   2   | 84.479 | 98.787 | 99.494 | 91.280 | 91.280 |
|   3   | 84.530 | 98.787 | 99.393 | 91.269 | 91.269 |
|   4   | 84.631 | 98.686 | 99.343 | 91.308 | 91.308 |
|   5   | 84.530 | 98.635 | 99.343 | 91.254 | 91.254 |
|   6   | 84.580 | 98.584 | 99.292 | 91.267 | 91.267 |
|   7   | 84.681 | 98.635 | 99.292 | 91.329 | 91.329 |
|   8   | 84.732 | 98.635 | 99.292 | 91.356 | 91.356 |
|   9   | 84.681 | 98.635 | 99.292 | 91.329 | 91.329 |
|   10  | 84.732 | 98.635 | 99.343 | 91.345 | 91.345 |
|   11  | 84.732 | 98.584 | 99.292 | 91.341 | 91.341 |
|   12  | 84.732 | 98.635 | 99.343 | 91.344 | 91.344 |
|   13  | 84.681 | 98.635 | 99.343 | 91.311 | 91.311 |
|   14  | 84.681 | 98.635 | 99.343 | 91.311 | 91.311 |
|   15  | 84.631 | 98.635 | 99.292 | 91.285 | 91.285 |
|   16  | 84.631 | 98.635 | 99.292 | 91.286 | 91.286 |
|   17  | 84.631 | 98.635 | 99.292 | 91.278 | 91.278 |
|   18  | 84.631 | 98.635 | 99.292 | 91.278 | 91.278 |
|   19  | 84.580 | 98.635 | 99.292 | 91.253 | 91.253 |
|   20  | 84.580 | 98.635 | 99.292 | 91.253 | 91.253 |
|   21  | 84.580 | 98.635 | 99.292 | 91.255 | 91.255 |
|   22  | 84.580 | 98.686 | 99.292 | 91.259 | 91.259 |
|   23  | 84.580 | 98.686 | 99.292 | 91.259 | 91.259 |
|   24  | 84.580 | 98.686 | 99.343 | 91.260 | 91.260 |
+-------+--------+--------+--------+--------+--------+
     logs:  {'epo': 24, 'R1': 84.58, 'R5': 98.686, 'R10': 99.343, 'mAP': 91.26, 'mINP': 91.26, 'lr': 4e-06, 'entropy': 0.166596, 'loss': 2.751321, 'entr_unc': 0.061938, 'uncertainty': 2.689382, 'uncertainty_multiply_coeffi': 2.689382}
      TTA Epoch: [25] [ 0/61]  eta: 0:00:31  lr: 0.000004  entropy: 0.1717  loss: 2.7535  entr_unc: 0.0638  uncertainty: 2.6896  uncertainty_multiply_coeffi: 2.6896  time: 0.5146  data: 0.3322  max mem: 2671
      TTA Epoch: [25] [60/61]  eta: 0:00:00  lr: 0.000003  entropy: 0.2034  loss: 2.7651  entr_unc: 0.0756  uncertainty: 2.6895  uncertainty_multiply_coeffi: 2.6895  time: 0.0481  data: 0.0015  max mem: 2671
      TTA Epoch: [25] Total time: 0:00:03 (0.0634 s / it)
     Averaged stats: lr: 0.0000  entropy: 0.1630  loss: 2.7500  entr_unc: 0.0606  uncertainty: 2.6894  uncertainty_multiply_coeffi: 2.6894
     itm tta time 0:00:03
     Computing matching score
      Evaluation: [   0/1978]  eta: 0:02:23    time: 0.0726  data: 0.0034  max mem: 2671
      Evaluation: [ 100/1978]  eta: 0:02:09    time: 0.0686  data: 0.0000  max mem: 2671
      Evaluation: [ 200/1978]  eta: 0:02:02    time: 0.0688  data: 0.0000  max mem: 2671
      Evaluation: [ 300/1978]  eta: 0:01:55    time: 0.0687  data: 0.0000  max mem: 2671
      Evaluation: [ 400/1978]  eta: 0:01:48    time: 0.0692  data: 0.0000  max mem: 2671
      Evaluation: [ 500/1978]  eta: 0:01:41    time: 0.0688  data: 0.0000  max mem: 2671
      Evaluation: [ 600/1978]  eta: 0:01:34    time: 0.0687  data: 0.0000  max mem: 2671
      Evaluation: [ 700/1978]  eta: 0:01:27    time: 0.0687  data: 0.0000  max mem: 2671
      Evaluation: [ 800/1978]  eta: 0:01:21    time: 0.0689  data: 0.0000  max mem: 2671
      Evaluation: [ 900/1978]  eta: 0:01:14    time: 0.0686  data: 0.0000  max mem: 2671
      Evaluation: [1000/1978]  eta: 0:01:07    time: 0.0686  data: 0.0000  max mem: 2671
      Evaluation: [1100/1978]  eta: 0:01:00    time: 0.0686  data: 0.0000  max mem: 2671
      Evaluation: [1200/1978]  eta: 0:00:53    time: 0.0685  data: 0.0000  max mem: 2671
      Evaluation: [1300/1978]  eta: 0:00:46    time: 0.0685  data: 0.0000  max mem: 2671
      Evaluation: [1400/1978]  eta: 0:00:39    time: 0.0691  data: 0.0000  max mem: 2671
      Evaluation: [1500/1978]  eta: 0:00:32    time: 0.0686  data: 0.0000  max mem: 2671
      Evaluation: [1600/1978]  eta: 0:00:25    time: 0.0686  data: 0.0000  max mem: 2671
      Evaluation: [1700/1978]  eta: 0:00:19    time: 0.0685  data: 0.0000  max mem: 2671
      Evaluation: [1800/1978]  eta: 0:00:12    time: 0.0685  data: 0.0000  max mem: 2671
      Evaluation: [1900/1978]  eta: 0:00:05    time: 0.0685  data: 0.0000  max mem: 2671
      Evaluation: [1977/1978]  eta: 0:00:00    time: 0.0691  data: 0.0000  max mem: 2671
      Evaluation: Total time: 0:02:15 (0.0687 s / it)
     Computing matching score time 0:02:16
### TTA ITM Score: 
+-------+--------+--------+--------+--------+--------+
| epoch |   R1   |   R5   |  R10   |  mAP   |  mINP  |
+-------+--------+--------+--------+--------+--------+
|  -999 | 69.414 | 95.197 | 97.776 | 81.233 | 81.233 |
|  -999 | 69.414 | 95.197 | 97.776 | 81.233 | 81.233 |
|  -999 | 84.277 | 99.039 | 99.596 | 91.276 | 91.276 |
|   0   | 84.631 | 99.039 | 99.596 | 91.443 | 91.443 |
|   1   | 84.681 | 98.888 | 99.494 | 91.416 | 91.416 |
|   2   | 84.479 | 98.787 | 99.494 | 91.280 | 91.280 |
|   3   | 84.530 | 98.787 | 99.393 | 91.269 | 91.269 |
|   4   | 84.631 | 98.686 | 99.343 | 91.308 | 91.308 |
|   5   | 84.530 | 98.635 | 99.343 | 91.254 | 91.254 |
|   6   | 84.580 | 98.584 | 99.292 | 91.267 | 91.267 |
|   7   | 84.681 | 98.635 | 99.292 | 91.329 | 91.329 |
|   8   | 84.732 | 98.635 | 99.292 | 91.356 | 91.356 |
|   9   | 84.681 | 98.635 | 99.292 | 91.329 | 91.329 |
|   10  | 84.732 | 98.635 | 99.343 | 91.345 | 91.345 |
|   11  | 84.732 | 98.584 | 99.292 | 91.341 | 91.341 |
|   12  | 84.732 | 98.635 | 99.343 | 91.344 | 91.344 |
|   13  | 84.681 | 98.635 | 99.343 | 91.311 | 91.311 |
|   14  | 84.681 | 98.635 | 99.343 | 91.311 | 91.311 |
|   15  | 84.631 | 98.635 | 99.292 | 91.285 | 91.285 |
|   16  | 84.631 | 98.635 | 99.292 | 91.286 | 91.286 |
|   17  | 84.631 | 98.635 | 99.292 | 91.278 | 91.278 |
|   18  | 84.631 | 98.635 | 99.292 | 91.278 | 91.278 |
|   19  | 84.580 | 98.635 | 99.292 | 91.253 | 91.253 |
|   20  | 84.580 | 98.635 | 99.292 | 91.253 | 91.253 |
|   21  | 84.580 | 98.635 | 99.292 | 91.255 | 91.255 |
|   22  | 84.580 | 98.686 | 99.292 | 91.259 | 91.259 |
|   23  | 84.580 | 98.686 | 99.292 | 91.259 | 91.259 |
|   24  | 84.580 | 98.686 | 99.343 | 91.260 | 91.260 |
|   25  | 84.580 | 98.686 | 99.343 | 91.260 | 91.260 |
+-------+--------+--------+--------+--------+--------+
     logs:  {'epo': 25, 'R1': 84.58, 'R5': 98.686, 'R10': 99.343, 'mAP': 91.26, 'mINP': 91.26, 'lr': 3e-06, 'entropy': 0.163004, 'loss': 2.749978, 'entr_unc': 0.060603, 'uncertainty': 2.689375, 'uncertainty_multiply_coeffi': 2.689375}
      TTA Epoch: [26] [ 0/61]  eta: 0:00:30  lr: 0.000003  entropy: 0.1709  loss: 2.7530  entr_unc: 0.0635  uncertainty: 2.6895  uncertainty_multiply_coeffi: 2.6895  time: 0.5046  data: 0.3483  max mem: 2671
      TTA Epoch: [26] [60/61]  eta: 0:00:00  lr: 0.000002  entropy: 0.0971  loss: 2.7257  entr_unc: 0.0361  uncertainty: 2.6896  uncertainty_multiply_coeffi: 2.6896  time: 0.0489  data: 0.0017  max mem: 2671
      TTA Epoch: [26] Total time: 0:00:03 (0.0637 s / it)
     Averaged stats: lr: 0.0000  entropy: 0.1640  loss: 2.7504  entr_unc: 0.0610  uncertainty: 2.6894  uncertainty_multiply_coeffi: 2.6894
     itm tta time 0:00:03
     Computing matching score
      Evaluation: [   0/1978]  eta: 0:02:23    time: 0.0726  data: 0.0034  max mem: 2671
      Evaluation: [ 100/1978]  eta: 0:02:08    time: 0.0683  data: 0.0000  max mem: 2671
      Evaluation: [ 200/1978]  eta: 0:02:01    time: 0.0683  data: 0.0000  max mem: 2671
      Evaluation: [ 300/1978]  eta: 0:01:54    time: 0.0683  data: 0.0000  max mem: 2671
      Evaluation: [ 400/1978]  eta: 0:01:47    time: 0.0683  data: 0.0000  max mem: 2671
      Evaluation: [ 500/1978]  eta: 0:01:41    time: 0.0685  data: 0.0000  max mem: 2671
      Evaluation: [ 600/1978]  eta: 0:01:34    time: 0.0682  data: 0.0000  max mem: 2671
      Evaluation: [ 700/1978]  eta: 0:01:27    time: 0.0685  data: 0.0000  max mem: 2671
      Evaluation: [ 800/1978]  eta: 0:01:20    time: 0.0684  data: 0.0000  max mem: 2671
      Evaluation: [ 900/1978]  eta: 0:01:13    time: 0.0682  data: 0.0000  max mem: 2671
      Evaluation: [1000/1978]  eta: 0:01:06    time: 0.0683  data: 0.0000  max mem: 2671
      Evaluation: [1100/1978]  eta: 0:01:00    time: 0.0688  data: 0.0000  max mem: 2671
      Evaluation: [1200/1978]  eta: 0:00:53    time: 0.0682  data: 0.0000  max mem: 2671
      Evaluation: [1300/1978]  eta: 0:00:46    time: 0.0681  data: 0.0000  max mem: 2671
      Evaluation: [1400/1978]  eta: 0:00:39    time: 0.0682  data: 0.0000  max mem: 2671
      Evaluation: [1500/1978]  eta: 0:00:32    time: 0.0681  data: 0.0000  max mem: 2671
      Evaluation: [1600/1978]  eta: 0:00:25    time: 0.0682  data: 0.0000  max mem: 2671
      Evaluation: [1700/1978]  eta: 0:00:18    time: 0.0682  data: 0.0000  max mem: 2671
      Evaluation: [1800/1978]  eta: 0:00:12    time: 0.0684  data: 0.0000  max mem: 2671
      Evaluation: [1900/1978]  eta: 0:00:05    time: 0.0682  data: 0.0000  max mem: 2671
      Evaluation: [1977/1978]  eta: 0:00:00    time: 0.0685  data: 0.0000  max mem: 2671
      Evaluation: Total time: 0:02:15 (0.0683 s / it)
     Computing matching score time 0:02:15
### TTA ITM Score: 
+-------+--------+--------+--------+--------+--------+
| epoch |   R1   |   R5   |  R10   |  mAP   |  mINP  |
+-------+--------+--------+--------+--------+--------+
|  -999 | 69.414 | 95.197 | 97.776 | 81.233 | 81.233 |
|  -999 | 69.414 | 95.197 | 97.776 | 81.233 | 81.233 |
|  -999 | 84.277 | 99.039 | 99.596 | 91.276 | 91.276 |
|   0   | 84.631 | 99.039 | 99.596 | 91.443 | 91.443 |
|   1   | 84.681 | 98.888 | 99.494 | 91.416 | 91.416 |
|   2   | 84.479 | 98.787 | 99.494 | 91.280 | 91.280 |
|   3   | 84.530 | 98.787 | 99.393 | 91.269 | 91.269 |
|   4   | 84.631 | 98.686 | 99.343 | 91.308 | 91.308 |
|   5   | 84.530 | 98.635 | 99.343 | 91.254 | 91.254 |
|   6   | 84.580 | 98.584 | 99.292 | 91.267 | 91.267 |
|   7   | 84.681 | 98.635 | 99.292 | 91.329 | 91.329 |
|   8   | 84.732 | 98.635 | 99.292 | 91.356 | 91.356 |
|   9   | 84.681 | 98.635 | 99.292 | 91.329 | 91.329 |
|   10  | 84.732 | 98.635 | 99.343 | 91.345 | 91.345 |
|   11  | 84.732 | 98.584 | 99.292 | 91.341 | 91.341 |
|   12  | 84.732 | 98.635 | 99.343 | 91.344 | 91.344 |
|   13  | 84.681 | 98.635 | 99.343 | 91.311 | 91.311 |
|   14  | 84.681 | 98.635 | 99.343 | 91.311 | 91.311 |
|   15  | 84.631 | 98.635 | 99.292 | 91.285 | 91.285 |
|   16  | 84.631 | 98.635 | 99.292 | 91.286 | 91.286 |
|   17  | 84.631 | 98.635 | 99.292 | 91.278 | 91.278 |
|   18  | 84.631 | 98.635 | 99.292 | 91.278 | 91.278 |
|   19  | 84.580 | 98.635 | 99.292 | 91.253 | 91.253 |
|   20  | 84.580 | 98.635 | 99.292 | 91.253 | 91.253 |
|   21  | 84.580 | 98.635 | 99.292 | 91.255 | 91.255 |
|   22  | 84.580 | 98.686 | 99.292 | 91.259 | 91.259 |
|   23  | 84.580 | 98.686 | 99.292 | 91.259 | 91.259 |
|   24  | 84.580 | 98.686 | 99.343 | 91.260 | 91.260 |
|   25  | 84.580 | 98.686 | 99.343 | 91.260 | 91.260 |
|   26  | 84.580 | 98.686 | 99.343 | 91.260 | 91.260 |
+-------+--------+--------+--------+--------+--------+
     logs:  {'epo': 26, 'R1': 84.58, 'R5': 98.686, 'R10': 99.343, 'mAP': 91.26, 'mINP': 91.26, 'lr': 3e-06, 'entropy': 0.164049, 'loss': 2.750368, 'entr_unc': 0.060992, 'uncertainty': 2.689376, 'uncertainty_multiply_coeffi': 2.689376}
      TTA Epoch: [27] [ 0/61]  eta: 0:00:30  lr: 0.000002  entropy: 0.1487  loss: 2.7448  entr_unc: 0.0553  uncertainty: 2.6895  uncertainty_multiply_coeffi: 2.6895  time: 0.5022  data: 0.3290  max mem: 2671
      TTA Epoch: [27] [60/61]  eta: 0:00:00  lr: 0.000002  entropy: 0.0934  loss: 2.7240  entr_unc: 0.0347  uncertainty: 2.6893  uncertainty_multiply_coeffi: 2.6893  time: 0.0488  data: 0.0037  max mem: 2671
      TTA Epoch: [27] Total time: 0:00:03 (0.0633 s / it)
     Averaged stats: lr: 0.0000  entropy: 0.1701  loss: 2.7526  entr_unc: 0.0632  uncertainty: 2.6894  uncertainty_multiply_coeffi: 2.6894
     itm tta time 0:00:03
     Computing matching score
      Evaluation: [   0/1978]  eta: 0:02:21    time: 0.0714  data: 0.0034  max mem: 2671
      Evaluation: [ 100/1978]  eta: 0:02:08    time: 0.0681  data: 0.0000  max mem: 2671
      Evaluation: [ 200/1978]  eta: 0:02:01    time: 0.0684  data: 0.0000  max mem: 2671
      Evaluation: [ 300/1978]  eta: 0:01:54    time: 0.0683  data: 0.0000  max mem: 2671
      Evaluation: [ 400/1978]  eta: 0:01:47    time: 0.0682  data: 0.0000  max mem: 2671
      Evaluation: [ 500/1978]  eta: 0:01:40    time: 0.0681  data: 0.0000  max mem: 2671
      Evaluation: [ 600/1978]  eta: 0:01:34    time: 0.0682  data: 0.0000  max mem: 2671
      Evaluation: [ 700/1978]  eta: 0:01:27    time: 0.0682  data: 0.0000  max mem: 2671
      Evaluation: [ 800/1978]  eta: 0:01:20    time: 0.0686  data: 0.0000  max mem: 2671
      Evaluation: [ 900/1978]  eta: 0:01:13    time: 0.0684  data: 0.0000  max mem: 2671
      Evaluation: [1000/1978]  eta: 0:01:06    time: 0.0683  data: 0.0000  max mem: 2671
      Evaluation: [1100/1978]  eta: 0:00:59    time: 0.0683  data: 0.0000  max mem: 2671
      Evaluation: [1200/1978]  eta: 0:00:53    time: 0.0684  data: 0.0000  max mem: 2671
      Evaluation: [1300/1978]  eta: 0:00:46    time: 0.0683  data: 0.0000  max mem: 2671
      Evaluation: [1400/1978]  eta: 0:00:39    time: 0.0688  data: 0.0000  max mem: 2671
      Evaluation: [1500/1978]  eta: 0:00:32    time: 0.0684  data: 0.0000  max mem: 2671
      Evaluation: [1600/1978]  eta: 0:00:25    time: 0.0684  data: 0.0000  max mem: 2671
      Evaluation: [1700/1978]  eta: 0:00:18    time: 0.0684  data: 0.0000  max mem: 2671
      Evaluation: [1800/1978]  eta: 0:00:12    time: 0.0684  data: 0.0000  max mem: 2671
      Evaluation: [1900/1978]  eta: 0:00:05    time: 0.0686  data: 0.0000  max mem: 2671
      Evaluation: [1977/1978]  eta: 0:00:00    time: 0.0690  data: 0.0000  max mem: 2671
      Evaluation: Total time: 0:02:15 (0.0684 s / it)
     Computing matching score time 0:02:15
### TTA ITM Score: 
+-------+--------+--------+--------+--------+--------+
| epoch |   R1   |   R5   |  R10   |  mAP   |  mINP  |
+-------+--------+--------+--------+--------+--------+
|  -999 | 69.414 | 95.197 | 97.776 | 81.233 | 81.233 |
|  -999 | 69.414 | 95.197 | 97.776 | 81.233 | 81.233 |
|  -999 | 84.277 | 99.039 | 99.596 | 91.276 | 91.276 |
|   0   | 84.631 | 99.039 | 99.596 | 91.443 | 91.443 |
|   1   | 84.681 | 98.888 | 99.494 | 91.416 | 91.416 |
|   2   | 84.479 | 98.787 | 99.494 | 91.280 | 91.280 |
|   3   | 84.530 | 98.787 | 99.393 | 91.269 | 91.269 |
|   4   | 84.631 | 98.686 | 99.343 | 91.308 | 91.308 |
|   5   | 84.530 | 98.635 | 99.343 | 91.254 | 91.254 |
|   6   | 84.580 | 98.584 | 99.292 | 91.267 | 91.267 |
|   7   | 84.681 | 98.635 | 99.292 | 91.329 | 91.329 |
|   8   | 84.732 | 98.635 | 99.292 | 91.356 | 91.356 |
|   9   | 84.681 | 98.635 | 99.292 | 91.329 | 91.329 |
|   10  | 84.732 | 98.635 | 99.343 | 91.345 | 91.345 |
|   11  | 84.732 | 98.584 | 99.292 | 91.341 | 91.341 |
|   12  | 84.732 | 98.635 | 99.343 | 91.344 | 91.344 |
|   13  | 84.681 | 98.635 | 99.343 | 91.311 | 91.311 |
|   14  | 84.681 | 98.635 | 99.343 | 91.311 | 91.311 |
|   15  | 84.631 | 98.635 | 99.292 | 91.285 | 91.285 |
|   16  | 84.631 | 98.635 | 99.292 | 91.286 | 91.286 |
|   17  | 84.631 | 98.635 | 99.292 | 91.278 | 91.278 |
|   18  | 84.631 | 98.635 | 99.292 | 91.278 | 91.278 |
|   19  | 84.580 | 98.635 | 99.292 | 91.253 | 91.253 |
|   20  | 84.580 | 98.635 | 99.292 | 91.253 | 91.253 |
|   21  | 84.580 | 98.635 | 99.292 | 91.255 | 91.255 |
|   22  | 84.580 | 98.686 | 99.292 | 91.259 | 91.259 |
|   23  | 84.580 | 98.686 | 99.292 | 91.259 | 91.259 |
|   24  | 84.580 | 98.686 | 99.343 | 91.260 | 91.260 |
|   25  | 84.580 | 98.686 | 99.343 | 91.260 | 91.260 |
|   26  | 84.580 | 98.686 | 99.343 | 91.260 | 91.260 |
|   27  | 84.580 | 98.686 | 99.343 | 91.268 | 91.268 |
+-------+--------+--------+--------+--------+--------+
     logs:  {'epo': 27, 'R1': 84.58, 'R5': 98.686, 'R10': 99.343, 'mAP': 91.268, 'mINP': 91.268, 'lr': 2e-06, 'entropy': 0.170119, 'loss': 2.752622, 'entr_unc': 0.063248, 'uncertainty': 2.689375, 'uncertainty_multiply_coeffi': 2.689375}
      TTA Epoch: [28] [ 0/61]  eta: 0:00:33  lr: 0.000002  entropy: 0.2269  loss: 2.7733  entr_unc: 0.0844  uncertainty: 2.6889  uncertainty_multiply_coeffi: 2.6889  time: 0.5432  data: 0.4557  max mem: 2671
      TTA Epoch: [28] [60/61]  eta: 0:00:00  lr: 0.000001  entropy: 0.1687  loss: 2.7519  entr_unc: 0.0627  uncertainty: 2.6893  uncertainty_multiply_coeffi: 2.6893  time: 0.0468  data: 0.0008  max mem: 2671
      TTA Epoch: [28] Total time: 0:00:03 (0.0639 s / it)
     Averaged stats: lr: 0.0000  entropy: 0.1689  loss: 2.7522  entr_unc: 0.0628  uncertainty: 2.6894  uncertainty_multiply_coeffi: 2.6894
     itm tta time 0:00:04
     Computing matching score
      Evaluation: [   0/1978]  eta: 0:02:22    time: 0.0723  data: 0.0034  max mem: 2671
      Evaluation: [ 100/1978]  eta: 0:02:08    time: 0.0683  data: 0.0000  max mem: 2671
      Evaluation: [ 200/1978]  eta: 0:02:01    time: 0.0683  data: 0.0000  max mem: 2671
      Evaluation: [ 300/1978]  eta: 0:01:54    time: 0.0685  data: 0.0000  max mem: 2671
      Evaluation: [ 400/1978]  eta: 0:01:48    time: 0.0686  data: 0.0000  max mem: 2671
      Evaluation: [ 500/1978]  eta: 0:01:41    time: 0.0687  data: 0.0000  max mem: 2671
      Evaluation: [ 600/1978]  eta: 0:01:34    time: 0.0686  data: 0.0000  max mem: 2671
      Evaluation: [ 700/1978]  eta: 0:01:27    time: 0.0693  data: 0.0000  max mem: 2671
      Evaluation: [ 800/1978]  eta: 0:01:20    time: 0.0687  data: 0.0000  max mem: 2671
      Evaluation: [ 900/1978]  eta: 0:01:13    time: 0.0687  data: 0.0000  max mem: 2671
      Evaluation: [1000/1978]  eta: 0:01:07    time: 0.0688  data: 0.0000  max mem: 2671
      Evaluation: [1100/1978]  eta: 0:01:00    time: 0.0692  data: 0.0000  max mem: 2671
      Evaluation: [1200/1978]  eta: 0:00:53    time: 0.0688  data: 0.0000  max mem: 2671
      Evaluation: [1300/1978]  eta: 0:00:46    time: 0.0685  data: 0.0000  max mem: 2671
      Evaluation: [1400/1978]  eta: 0:00:39    time: 0.0685  data: 0.0000  max mem: 2671
      Evaluation: [1500/1978]  eta: 0:00:32    time: 0.0684  data: 0.0000  max mem: 2671
      Evaluation: [1600/1978]  eta: 0:00:25    time: 0.0686  data: 0.0000  max mem: 2671
      Evaluation: [1700/1978]  eta: 0:00:19    time: 0.0689  data: 0.0000  max mem: 2671
      Evaluation: [1800/1978]  eta: 0:00:12    time: 0.0685  data: 0.0000  max mem: 2671
      Evaluation: [1900/1978]  eta: 0:00:05    time: 0.0691  data: 0.0000  max mem: 2671
      Evaluation: [1977/1978]  eta: 0:00:00    time: 0.0685  data: 0.0000  max mem: 2671
      Evaluation: Total time: 0:02:15 (0.0687 s / it)
     Computing matching score time 0:02:16
### TTA ITM Score: 
+-------+--------+--------+--------+--------+--------+
| epoch |   R1   |   R5   |  R10   |  mAP   |  mINP  |
+-------+--------+--------+--------+--------+--------+
|  -999 | 69.414 | 95.197 | 97.776 | 81.233 | 81.233 |
|  -999 | 69.414 | 95.197 | 97.776 | 81.233 | 81.233 |
|  -999 | 84.277 | 99.039 | 99.596 | 91.276 | 91.276 |
|   0   | 84.631 | 99.039 | 99.596 | 91.443 | 91.443 |
|   1   | 84.681 | 98.888 | 99.494 | 91.416 | 91.416 |
|   2   | 84.479 | 98.787 | 99.494 | 91.280 | 91.280 |
|   3   | 84.530 | 98.787 | 99.393 | 91.269 | 91.269 |
|   4   | 84.631 | 98.686 | 99.343 | 91.308 | 91.308 |
|   5   | 84.530 | 98.635 | 99.343 | 91.254 | 91.254 |
|   6   | 84.580 | 98.584 | 99.292 | 91.267 | 91.267 |
|   7   | 84.681 | 98.635 | 99.292 | 91.329 | 91.329 |
|   8   | 84.732 | 98.635 | 99.292 | 91.356 | 91.356 |
|   9   | 84.681 | 98.635 | 99.292 | 91.329 | 91.329 |
|   10  | 84.732 | 98.635 | 99.343 | 91.345 | 91.345 |
|   11  | 84.732 | 98.584 | 99.292 | 91.341 | 91.341 |
|   12  | 84.732 | 98.635 | 99.343 | 91.344 | 91.344 |
|   13  | 84.681 | 98.635 | 99.343 | 91.311 | 91.311 |
|   14  | 84.681 | 98.635 | 99.343 | 91.311 | 91.311 |
|   15  | 84.631 | 98.635 | 99.292 | 91.285 | 91.285 |
|   16  | 84.631 | 98.635 | 99.292 | 91.286 | 91.286 |
|   17  | 84.631 | 98.635 | 99.292 | 91.278 | 91.278 |
|   18  | 84.631 | 98.635 | 99.292 | 91.278 | 91.278 |
|   19  | 84.580 | 98.635 | 99.292 | 91.253 | 91.253 |
|   20  | 84.580 | 98.635 | 99.292 | 91.253 | 91.253 |
|   21  | 84.580 | 98.635 | 99.292 | 91.255 | 91.255 |
|   22  | 84.580 | 98.686 | 99.292 | 91.259 | 91.259 |
|   23  | 84.580 | 98.686 | 99.292 | 91.259 | 91.259 |
|   24  | 84.580 | 98.686 | 99.343 | 91.260 | 91.260 |
|   25  | 84.580 | 98.686 | 99.343 | 91.260 | 91.260 |
|   26  | 84.580 | 98.686 | 99.343 | 91.260 | 91.260 |
|   27  | 84.580 | 98.686 | 99.343 | 91.268 | 91.268 |
|   28  | 84.580 | 98.686 | 99.343 | 91.268 | 91.268 |
+-------+--------+--------+--------+--------+--------+
     logs:  {'epo': 28, 'R1': 84.58, 'R5': 98.686, 'R10': 99.343, 'mAP': 91.268, 'mINP': 91.268, 'lr': 1e-06, 'entropy': 0.168855, 'loss': 2.752152, 'entr_unc': 0.062779, 'uncertainty': 2.689373, 'uncertainty_multiply_coeffi': 2.689373}
      TTA Epoch: [29] [ 0/61]  eta: 0:00:30  lr: 0.000001  entropy: 0.0779  loss: 2.7184  entr_unc: 0.0290  uncertainty: 2.6894  uncertainty_multiply_coeffi: 2.6894  time: 0.5057  data: 0.3452  max mem: 2671
      TTA Epoch: [29] [60/61]  eta: 0:00:00  lr: 0.000000  entropy: 0.1615  loss: 2.7494  entr_unc: 0.0601  uncertainty: 2.6893  uncertainty_multiply_coeffi: 2.6893  time: 0.0480  data: 0.0011  max mem: 2671
      TTA Epoch: [29] Total time: 0:00:03 (0.0635 s / it)
     Averaged stats: lr: 0.0000  entropy: 0.1620  loss: 2.7496  entr_unc: 0.0602  uncertainty: 2.6894  uncertainty_multiply_coeffi: 2.6894
     itm tta time 0:00:03
     Computing matching score
      Evaluation: [   0/1978]  eta: 0:02:20    time: 0.0709  data: 0.0024  max mem: 2671
      Evaluation: [ 100/1978]  eta: 0:02:08    time: 0.0681  data: 0.0000  max mem: 2671
      Evaluation: [ 200/1978]  eta: 0:02:01    time: 0.0689  data: 0.0000  max mem: 2671
      Evaluation: [ 300/1978]  eta: 0:01:54    time: 0.0684  data: 0.0000  max mem: 2671
      Evaluation: [ 400/1978]  eta: 0:01:47    time: 0.0684  data: 0.0000  max mem: 2671
      Evaluation: [ 500/1978]  eta: 0:01:41    time: 0.0683  data: 0.0000  max mem: 2671
      Evaluation: [ 600/1978]  eta: 0:01:34    time: 0.0682  data: 0.0000  max mem: 2671
      Evaluation: [ 700/1978]  eta: 0:01:27    time: 0.0684  data: 0.0000  max mem: 2671
      Evaluation: [ 800/1978]  eta: 0:01:20    time: 0.0683  data: 0.0000  max mem: 2671
      Evaluation: [ 900/1978]  eta: 0:01:13    time: 0.0686  data: 0.0000  max mem: 2671
      Evaluation: [1000/1978]  eta: 0:01:06    time: 0.0682  data: 0.0000  max mem: 2671
      Evaluation: [1100/1978]  eta: 0:01:00    time: 0.0683  data: 0.0000  max mem: 2671
      Evaluation: [1200/1978]  eta: 0:00:53    time: 0.0682  data: 0.0000  max mem: 2671
      Evaluation: [1300/1978]  eta: 0:00:46    time: 0.0682  data: 0.0000  max mem: 2671
      Evaluation: [1400/1978]  eta: 0:00:39    time: 0.0684  data: 0.0000  max mem: 2671
      Evaluation: [1500/1978]  eta: 0:00:32    time: 0.0685  data: 0.0000  max mem: 2671
      Evaluation: [1600/1978]  eta: 0:00:25    time: 0.0683  data: 0.0000  max mem: 2671
      Evaluation: [1700/1978]  eta: 0:00:19    time: 0.0685  data: 0.0000  max mem: 2671
      Evaluation: [1800/1978]  eta: 0:00:12    time: 0.0682  data: 0.0000  max mem: 2671
      Evaluation: [1900/1978]  eta: 0:00:05    time: 0.0682  data: 0.0000  max mem: 2671
      Evaluation: [1977/1978]  eta: 0:00:00    time: 0.0683  data: 0.0000  max mem: 2671
      Evaluation: Total time: 0:02:15 (0.0684 s / it)
     Computing matching score time 0:02:15
### TTA ITM Score: 
+-------+--------+--------+--------+--------+--------+
| epoch |   R1   |   R5   |  R10   |  mAP   |  mINP  |
+-------+--------+--------+--------+--------+--------+
|  -999 | 69.414 | 95.197 | 97.776 | 81.233 | 81.233 |
|  -999 | 69.414 | 95.197 | 97.776 | 81.233 | 81.233 |
|  -999 | 84.277 | 99.039 | 99.596 | 91.276 | 91.276 |
|   0   | 84.631 | 99.039 | 99.596 | 91.443 | 91.443 |
|   1   | 84.681 | 98.888 | 99.494 | 91.416 | 91.416 |
|   2   | 84.479 | 98.787 | 99.494 | 91.280 | 91.280 |
|   3   | 84.530 | 98.787 | 99.393 | 91.269 | 91.269 |
|   4   | 84.631 | 98.686 | 99.343 | 91.308 | 91.308 |
|   5   | 84.530 | 98.635 | 99.343 | 91.254 | 91.254 |
|   6   | 84.580 | 98.584 | 99.292 | 91.267 | 91.267 |
|   7   | 84.681 | 98.635 | 99.292 | 91.329 | 91.329 |
|   8   | 84.732 | 98.635 | 99.292 | 91.356 | 91.356 |
|   9   | 84.681 | 98.635 | 99.292 | 91.329 | 91.329 |
|   10  | 84.732 | 98.635 | 99.343 | 91.345 | 91.345 |
|   11  | 84.732 | 98.584 | 99.292 | 91.341 | 91.341 |
|   12  | 84.732 | 98.635 | 99.343 | 91.344 | 91.344 |
|   13  | 84.681 | 98.635 | 99.343 | 91.311 | 91.311 |
|   14  | 84.681 | 98.635 | 99.343 | 91.311 | 91.311 |
|   15  | 84.631 | 98.635 | 99.292 | 91.285 | 91.285 |
|   16  | 84.631 | 98.635 | 99.292 | 91.286 | 91.286 |
|   17  | 84.631 | 98.635 | 99.292 | 91.278 | 91.278 |
|   18  | 84.631 | 98.635 | 99.292 | 91.278 | 91.278 |
|   19  | 84.580 | 98.635 | 99.292 | 91.253 | 91.253 |
|   20  | 84.580 | 98.635 | 99.292 | 91.253 | 91.253 |
|   21  | 84.580 | 98.635 | 99.292 | 91.255 | 91.255 |
|   22  | 84.580 | 98.686 | 99.292 | 91.259 | 91.259 |
|   23  | 84.580 | 98.686 | 99.292 | 91.259 | 91.259 |
|   24  | 84.580 | 98.686 | 99.343 | 91.260 | 91.260 |
|   25  | 84.580 | 98.686 | 99.343 | 91.260 | 91.260 |
|   26  | 84.580 | 98.686 | 99.343 | 91.260 | 91.260 |
|   27  | 84.580 | 98.686 | 99.343 | 91.268 | 91.268 |
|   28  | 84.580 | 98.686 | 99.343 | 91.268 | 91.268 |
|   29  | 84.580 | 98.686 | 99.343 | 91.268 | 91.268 |
+-------+--------+--------+--------+--------+--------+
     logs:  {'epo': 29, 'R1': 84.58, 'R5': 98.686, 'R10': 99.343, 'mAP': 91.268, 'mINP': 91.268, 'lr': 1e-06, 'entropy': 0.161993, 'loss': 2.749604, 'entr_unc': 0.060229, 'uncertainty': 2.689376, 'uncertainty_multiply_coeffi': 2.689376}
### best epoch: 8
### Time 1:10:05
NNODES,  1
NODE_RANK,  0
MASTER_ADDR,  127.0.0.1
MASTER_PORT,  1612
NPROC_PER_NODE,  2
task:  tta_exp3.7
config:  configs/tta_exp3.7.yaml
output_dir:  output_rerun2/tta_exp3.7/2025091201121
python3 tta.py --config configs/tta_exp3.7.yaml --task tta_exp3.7 --output_dir output_rerun2/tta_exp3.7/2025091201121 --checkpoint checkpoint/cmp.pth --bs 0 --epo 0 --lr 0.0 --seed 42 --tta
