/home/jiahao/miniconda3/envs/cmp/lib/python3.10/site-packages/torch/functional.py:554: UserWarning: torch.meshgrid: in an upcoming release, it will be required to pass the indexing argument. (Triggered internally at /pytorch/aten/src/ATen/native/TensorShape.cpp:4322.)
  return _VF.meshgrid(tensors, **kwargs)  # type: ignore[attr-defined]
Not using distributed mode
### Hyper-parameters:
     seed: 42
     device: cuda
     output_dir: output_rerun4/exp0.0.1/2025092110141
     batch_size_tta: 16
     epochs: 60
     lr: 0.0005
### Creating test dataset
from data/PAB/annotation/test/attr.json loading 1978 data
     test dataset -->    be_pose_img: True
     test_dataset: 1978
### Creating test dataloader
### be careful: func create_loader returns a list length of 1
     test_loader: 90
### Creating model
build_vision_encoder: load swin 224 x 224 ====>
missing_keys:  []
unexpected_keys:  ['head.weight', 'head.bias']
build_text_encoder: load bert ====>
missing_keys: ['bert.encoder.layer.10.crossattention.output.LayerNorm.bias', 'bert.encoder.layer.10.crossattention.output.LayerNorm.weight', 'bert.encoder.layer.10.crossattention.output.dense.bias', 'bert.encoder.layer.10.crossattention.output.dense.weight', 'bert.encoder.layer.10.crossattention.self.key.bias', 'bert.encoder.layer.10.crossattention.self.key.weight', 'bert.encoder.layer.10.crossattention.self.query.bias', 'bert.encoder.layer.10.crossattention.self.query.weight', 'bert.encoder.layer.10.crossattention.self.value.bias', 'bert.encoder.layer.10.crossattention.self.value.weight', 'bert.encoder.layer.11.crossattention.output.LayerNorm.bias', 'bert.encoder.layer.11.crossattention.output.LayerNorm.weight', 'bert.encoder.layer.11.crossattention.output.dense.bias', 'bert.encoder.layer.11.crossattention.output.dense.weight', 'bert.encoder.layer.11.crossattention.self.key.bias', 'bert.encoder.layer.11.crossattention.self.key.weight', 'bert.encoder.layer.11.crossattention.self.query.bias', 'bert.encoder.layer.11.crossattention.self.query.weight', 'bert.encoder.layer.11.crossattention.self.value.bias', 'bert.encoder.layer.11.crossattention.self.value.weight', 'bert.encoder.layer.6.crossattention.output.LayerNorm.bias', 'bert.encoder.layer.6.crossattention.output.LayerNorm.weight', 'bert.encoder.layer.6.crossattention.output.dense.bias', 'bert.encoder.layer.6.crossattention.output.dense.weight', 'bert.encoder.layer.6.crossattention.self.key.bias', 'bert.encoder.layer.6.crossattention.self.key.weight', 'bert.encoder.layer.6.crossattention.self.query.bias', 'bert.encoder.layer.6.crossattention.self.query.weight', 'bert.encoder.layer.6.crossattention.self.value.bias', 'bert.encoder.layer.6.crossattention.self.value.weight', 'bert.encoder.layer.7.crossattention.output.LayerNorm.bias', 'bert.encoder.layer.7.crossattention.output.LayerNorm.weight', 'bert.encoder.layer.7.crossattention.output.dense.bias', 'bert.encoder.layer.7.crossattention.output.dense.weight', 'bert.encoder.layer.7.crossattention.self.key.bias', 'bert.encoder.layer.7.crossattention.self.key.weight', 'bert.encoder.layer.7.crossattention.self.query.bias', 'bert.encoder.layer.7.crossattention.self.query.weight', 'bert.encoder.layer.7.crossattention.self.value.bias', 'bert.encoder.layer.7.crossattention.self.value.weight', 'bert.encoder.layer.8.crossattention.output.LayerNorm.bias', 'bert.encoder.layer.8.crossattention.output.LayerNorm.weight', 'bert.encoder.layer.8.crossattention.output.dense.bias', 'bert.encoder.layer.8.crossattention.output.dense.weight', 'bert.encoder.layer.8.crossattention.self.key.bias', 'bert.encoder.layer.8.crossattention.self.key.weight', 'bert.encoder.layer.8.crossattention.self.query.bias', 'bert.encoder.layer.8.crossattention.self.query.weight', 'bert.encoder.layer.8.crossattention.self.value.bias', 'bert.encoder.layer.8.crossattention.self.value.weight', 'bert.encoder.layer.9.crossattention.output.LayerNorm.bias', 'bert.encoder.layer.9.crossattention.output.LayerNorm.weight', 'bert.encoder.layer.9.crossattention.output.dense.bias', 'bert.encoder.layer.9.crossattention.output.dense.weight', 'bert.encoder.layer.9.crossattention.self.key.bias', 'bert.encoder.layer.9.crossattention.self.key.weight', 'bert.encoder.layer.9.crossattention.self.query.bias', 'bert.encoder.layer.9.crossattention.self.query.weight', 'bert.encoder.layer.9.crossattention.self.value.bias', 'bert.encoder.layer.9.crossattention.self.value.weight']
unexpected_keys: ['cls.seq_relationship.bias', 'cls.seq_relationship.weight']
mismatched_keys: []
error_msgs: []
Label Smooth: 0.2
pose_conv
load checkpoint from checkpoint/cmp.pth
missing_keys:  ['uncertainty_temper', 'prompt_learning_embedding']
unexpected_keys:  []
     Total Params Sum:  254264985
### Inference ITC similiarity matrix
     Computing text features for evaluation
     Computing image features for evaluation
/home/jiahao/task/CMP/eval.py:129: UserWarning: To copy construct from a tensor, it is recommended to use sourceTensor.detach().clone() or sourceTensor.detach().clone().requires_grad_(True), rather than torch.tensor(sourceTensor).
  similarity = torch.tensor(scores_t2i)
     Computing features time 0:00:12
### Zero-Shot ITC Score: 
+-------+--------+--------+--------+--------+--------+
| epoch |   R1   |   R5   |  R10   |  mAP   |  mINP  |
+-------+--------+--------+--------+--------+--------+
|  -999 | 69.414 | 95.197 | 97.776 | 81.233 | 81.233 |
+-------+--------+--------+--------+--------+--------+
     Computing matching score
      Evaluation: [   0/1978]  eta: 0:02:10    time: 0.0659  data: 0.0038  max mem: 2603
      Evaluation: [ 100/1978]  eta: 0:01:38    time: 0.0506  data: 0.0000  max mem: 2603
      Evaluation: [ 200/1978]  eta: 0:01:28    time: 0.0443  data: 0.0000  max mem: 2603
      Evaluation: [ 300/1978]  eta: 0:01:20    time: 0.0434  data: 0.0000  max mem: 2603
      Evaluation: [ 400/1978]  eta: 0:01:14    time: 0.0437  data: 0.0000  max mem: 2603
      Evaluation: [ 500/1978]  eta: 0:01:08    time: 0.0427  data: 0.0000  max mem: 2603
      Evaluation: [ 600/1978]  eta: 0:01:03    time: 0.0456  data: 0.0000  max mem: 2603
      Evaluation: [ 700/1978]  eta: 0:00:58    time: 0.0432  data: 0.0000  max mem: 2603
      Evaluation: [ 800/1978]  eta: 0:00:53    time: 0.0495  data: 0.0000  max mem: 2603
      Evaluation: [ 900/1978]  eta: 0:00:49    time: 0.0409  data: 0.0000  max mem: 2603
      Evaluation: [1000/1978]  eta: 0:00:44    time: 0.0501  data: 0.0000  max mem: 2603
      Evaluation: [1100/1978]  eta: 0:00:39    time: 0.0472  data: 0.0000  max mem: 2603
      Evaluation: [1200/1978]  eta: 0:00:35    time: 0.0428  data: 0.0000  max mem: 2603
      Evaluation: [1300/1978]  eta: 0:00:30    time: 0.0400  data: 0.0000  max mem: 2603
      Evaluation: [1400/1978]  eta: 0:00:25    time: 0.0442  data: 0.0000  max mem: 2603
      Evaluation: [1500/1978]  eta: 0:00:21    time: 0.0492  data: 0.0000  max mem: 2603
      Evaluation: [1600/1978]  eta: 0:00:16    time: 0.0431  data: 0.0000  max mem: 2603
      Evaluation: [1700/1978]  eta: 0:00:12    time: 0.0460  data: 0.0000  max mem: 2603
      Evaluation: [1800/1978]  eta: 0:00:07    time: 0.0454  data: 0.0000  max mem: 2603
      Evaluation: [1900/1978]  eta: 0:00:03    time: 0.0459  data: 0.0000  max mem: 2603
      Evaluation: [1977/1978]  eta: 0:00:00    time: 0.0495  data: 0.0000  max mem: 2603
      Evaluation: Total time: 0:01:29 (0.0450 s / it)
     Computing matching score time 0:01:29
### Zero-Shot ITM Score: 
+-------+--------+--------+--------+--------+--------+
| epoch |   R1   |   R5   |  R10   |  mAP   |  mINP  |
+-------+--------+--------+--------+--------+--------+
|  -999 | 69.414 | 95.197 | 97.776 | 81.233 | 81.233 |
|  -999 | 84.277 | 99.039 | 99.596 | 91.276 | 91.276 |
+-------+--------+--------+--------+--------+--------+
### Zero-Shot Score: 
+-------------------+--------+--------+--------+--------+--------+
|       epoch       |   R1   |   R5   |  R10   |  mAP   |  mINP  |
+-------------------+--------+--------+--------+--------+--------+
|        -999       | 69.414 | 95.197 | 97.776 | 81.233 | 81.233 |
|        -999       | 84.277 | 99.039 | 99.596 | 91.276 | 91.276 |
|  cos_sim_wo/norm  | 58.544 | 91.860 | 95.703 | 73.596 | 73.596 |
|        -999       | 69.414 | 95.197 | 97.776 | 81.233 | 81.233 |
| itm_score_wo/norm | 84.328 | 98.989 | 99.494 | 91.293 | 91.293 |
|        -999       | 84.277 | 99.039 | 99.596 | 91.276 | 91.276 |
+-------------------+--------+--------+--------+--------+--------+
### TTA:
     preprocess_tta_coefficients  start
     sample selection ...
     number of sample after sample_selection: 1978
     uncertainty ...
     preprocess_tta_coefficients  end
### Creating tta dataset
     tta_dataset: 1978
### Creating tta dataloader
### be careful: func create_loader returns a list length of 1
     tta_loader: 123
### Configure adapted weights
     TTA Dropout Modules: 
 [('vision_encoder.pos_drop', Dropout(p=0, inplace=False), True), ('vision_encoder.layers.0.blocks.0.attn.attn_drop', Dropout(p=0.0, inplace=False), True), ('vision_encoder.layers.0.blocks.0.attn.proj_drop', Dropout(p=0, inplace=False), True), ('vision_encoder.layers.0.blocks.0.mlp.drop', Dropout(p=0, inplace=False), True), ('vision_encoder.layers.0.blocks.1.attn.attn_drop', Dropout(p=0.0, inplace=False), True), ('vision_encoder.layers.0.blocks.1.attn.proj_drop', Dropout(p=0, inplace=False), True), ('vision_encoder.layers.0.blocks.1.mlp.drop', Dropout(p=0, inplace=False), True), ('vision_encoder.layers.1.blocks.0.attn.attn_drop', Dropout(p=0.0, inplace=False), True), ('vision_encoder.layers.1.blocks.0.attn.proj_drop', Dropout(p=0, inplace=False), True), ('vision_encoder.layers.1.blocks.0.mlp.drop', Dropout(p=0, inplace=False), True), ('vision_encoder.layers.1.blocks.1.attn.attn_drop', Dropout(p=0.0, inplace=False), True), ('vision_encoder.layers.1.blocks.1.attn.proj_drop', Dropout(p=0, inplace=False), True), ('vision_encoder.layers.1.blocks.1.mlp.drop', Dropout(p=0, inplace=False), True), ('vision_encoder.layers.2.blocks.0.attn.attn_drop', Dropout(p=0.0, inplace=False), True), ('vision_encoder.layers.2.blocks.0.attn.proj_drop', Dropout(p=0, inplace=False), True), ('vision_encoder.layers.2.blocks.0.mlp.drop', Dropout(p=0, inplace=False), True), ('vision_encoder.layers.2.blocks.1.attn.attn_drop', Dropout(p=0.0, inplace=False), True), ('vision_encoder.layers.2.blocks.1.attn.proj_drop', Dropout(p=0, inplace=False), True), ('vision_encoder.layers.2.blocks.1.mlp.drop', Dropout(p=0, inplace=False), True), ('vision_encoder.layers.2.blocks.2.attn.attn_drop', Dropout(p=0.0, inplace=False), True), ('vision_encoder.layers.2.blocks.2.attn.proj_drop', Dropout(p=0, inplace=False), True), ('vision_encoder.layers.2.blocks.2.mlp.drop', Dropout(p=0, inplace=False), True), ('vision_encoder.layers.2.blocks.3.attn.attn_drop', Dropout(p=0.0, inplace=False), True), ('vision_encoder.layers.2.blocks.3.attn.proj_drop', Dropout(p=0, inplace=False), True), ('vision_encoder.layers.2.blocks.3.mlp.drop', Dropout(p=0, inplace=False), True), ('vision_encoder.layers.2.blocks.4.attn.attn_drop', Dropout(p=0.0, inplace=False), True), ('vision_encoder.layers.2.blocks.4.attn.proj_drop', Dropout(p=0, inplace=False), True), ('vision_encoder.layers.2.blocks.4.mlp.drop', Dropout(p=0, inplace=False), True), ('vision_encoder.layers.2.blocks.5.attn.attn_drop', Dropout(p=0.0, inplace=False), True), ('vision_encoder.layers.2.blocks.5.attn.proj_drop', Dropout(p=0, inplace=False), True), ('vision_encoder.layers.2.blocks.5.mlp.drop', Dropout(p=0, inplace=False), True), ('vision_encoder.layers.2.blocks.6.attn.attn_drop', Dropout(p=0.0, inplace=False), True), ('vision_encoder.layers.2.blocks.6.attn.proj_drop', Dropout(p=0, inplace=False), True), ('vision_encoder.layers.2.blocks.6.mlp.drop', Dropout(p=0, inplace=False), True), ('vision_encoder.layers.2.blocks.7.attn.attn_drop', Dropout(p=0.0, inplace=False), True), ('vision_encoder.layers.2.blocks.7.attn.proj_drop', Dropout(p=0, inplace=False), True), ('vision_encoder.layers.2.blocks.7.mlp.drop', Dropout(p=0, inplace=False), True), ('vision_encoder.layers.2.blocks.8.attn.attn_drop', Dropout(p=0.0, inplace=False), True), ('vision_encoder.layers.2.blocks.8.attn.proj_drop', Dropout(p=0, inplace=False), True), ('vision_encoder.layers.2.blocks.8.mlp.drop', Dropout(p=0, inplace=False), True), ('vision_encoder.layers.2.blocks.9.attn.attn_drop', Dropout(p=0.0, inplace=False), True), ('vision_encoder.layers.2.blocks.9.attn.proj_drop', Dropout(p=0, inplace=False), True), ('vision_encoder.layers.2.blocks.9.mlp.drop', Dropout(p=0, inplace=False), True), ('vision_encoder.layers.2.blocks.10.attn.attn_drop', Dropout(p=0.0, inplace=False), True), ('vision_encoder.layers.2.blocks.10.attn.proj_drop', Dropout(p=0, inplace=False), True), ('vision_encoder.layers.2.blocks.10.mlp.drop', Dropout(p=0, inplace=False), True), ('vision_encoder.layers.2.blocks.11.attn.attn_drop', Dropout(p=0.0, inplace=False), True), ('vision_encoder.layers.2.blocks.11.attn.proj_drop', Dropout(p=0, inplace=False), True), ('vision_encoder.layers.2.blocks.11.mlp.drop', Dropout(p=0, inplace=False), True), ('vision_encoder.layers.2.blocks.12.attn.attn_drop', Dropout(p=0.0, inplace=False), True), ('vision_encoder.layers.2.blocks.12.attn.proj_drop', Dropout(p=0, inplace=False), True), ('vision_encoder.layers.2.blocks.12.mlp.drop', Dropout(p=0, inplace=False), True), ('vision_encoder.layers.2.blocks.13.attn.attn_drop', Dropout(p=0.0, inplace=False), True), ('vision_encoder.layers.2.blocks.13.attn.proj_drop', Dropout(p=0, inplace=False), True), ('vision_encoder.layers.2.blocks.13.mlp.drop', Dropout(p=0, inplace=False), True), ('vision_encoder.layers.2.blocks.14.attn.attn_drop', Dropout(p=0.0, inplace=False), True), ('vision_encoder.layers.2.blocks.14.attn.proj_drop', Dropout(p=0, inplace=False), True), ('vision_encoder.layers.2.blocks.14.mlp.drop', Dropout(p=0, inplace=False), True), ('vision_encoder.layers.2.blocks.15.attn.attn_drop', Dropout(p=0.0, inplace=False), True), ('vision_encoder.layers.2.blocks.15.attn.proj_drop', Dropout(p=0, inplace=False), True), ('vision_encoder.layers.2.blocks.15.mlp.drop', Dropout(p=0, inplace=False), True), ('vision_encoder.layers.2.blocks.16.attn.attn_drop', Dropout(p=0.0, inplace=False), True), ('vision_encoder.layers.2.blocks.16.attn.proj_drop', Dropout(p=0, inplace=False), True), ('vision_encoder.layers.2.blocks.16.mlp.drop', Dropout(p=0, inplace=False), True), ('vision_encoder.layers.2.blocks.17.attn.attn_drop', Dropout(p=0.0, inplace=False), True), ('vision_encoder.layers.2.blocks.17.attn.proj_drop', Dropout(p=0, inplace=False), True), ('vision_encoder.layers.2.blocks.17.mlp.drop', Dropout(p=0, inplace=False), True), ('vision_encoder.layers.3.blocks.0.attn.attn_drop', Dropout(p=0.0, inplace=False), True), ('vision_encoder.layers.3.blocks.0.attn.proj_drop', Dropout(p=0, inplace=False), True), ('vision_encoder.layers.3.blocks.0.mlp.drop', Dropout(p=0, inplace=False), True), ('vision_encoder.layers.3.blocks.1.attn.attn_drop', Dropout(p=0.0, inplace=False), True), ('vision_encoder.layers.3.blocks.1.attn.proj_drop', Dropout(p=0, inplace=False), True), ('vision_encoder.layers.3.blocks.1.mlp.drop', Dropout(p=0, inplace=False), True), ('text_encoder.bert.embeddings.dropout', Dropout(p=0.1, inplace=False), True), ('text_encoder.bert.encoder.layer.0.attention.self.dropout', Dropout(p=0.1, inplace=False), True), ('text_encoder.bert.encoder.layer.0.attention.output.dropout', Dropout(p=0.1, inplace=False), True), ('text_encoder.bert.encoder.layer.0.output.dropout', Dropout(p=0.1, inplace=False), True), ('text_encoder.bert.encoder.layer.1.attention.self.dropout', Dropout(p=0.1, inplace=False), True), ('text_encoder.bert.encoder.layer.1.attention.output.dropout', Dropout(p=0.1, inplace=False), True), ('text_encoder.bert.encoder.layer.1.output.dropout', Dropout(p=0.1, inplace=False), True), ('text_encoder.bert.encoder.layer.2.attention.self.dropout', Dropout(p=0.1, inplace=False), True), ('text_encoder.bert.encoder.layer.2.attention.output.dropout', Dropout(p=0.1, inplace=False), True), ('text_encoder.bert.encoder.layer.2.output.dropout', Dropout(p=0.1, inplace=False), True), ('text_encoder.bert.encoder.layer.3.attention.self.dropout', Dropout(p=0.1, inplace=False), True), ('text_encoder.bert.encoder.layer.3.attention.output.dropout', Dropout(p=0.1, inplace=False), True), ('text_encoder.bert.encoder.layer.3.output.dropout', Dropout(p=0.1, inplace=False), True), ('text_encoder.bert.encoder.layer.4.attention.self.dropout', Dropout(p=0.1, inplace=False), True), ('text_encoder.bert.encoder.layer.4.attention.output.dropout', Dropout(p=0.1, inplace=False), True), ('text_encoder.bert.encoder.layer.4.output.dropout', Dropout(p=0.1, inplace=False), True), ('text_encoder.bert.encoder.layer.5.attention.self.dropout', Dropout(p=0.1, inplace=False), True), ('text_encoder.bert.encoder.layer.5.attention.output.dropout', Dropout(p=0.1, inplace=False), True), ('text_encoder.bert.encoder.layer.5.output.dropout', Dropout(p=0.1, inplace=False), True), ('text_encoder.bert.encoder.layer.6.attention.self.dropout', Dropout(p=0.1, inplace=False), True), ('text_encoder.bert.encoder.layer.6.attention.output.dropout', Dropout(p=0.1, inplace=False), True), ('text_encoder.bert.encoder.layer.6.crossattention.self.dropout', Dropout(p=0.1, inplace=False), True), ('text_encoder.bert.encoder.layer.6.crossattention.output.dropout', Dropout(p=0.1, inplace=False), True), ('text_encoder.bert.encoder.layer.6.output.dropout', Dropout(p=0.1, inplace=False), True), ('text_encoder.bert.encoder.layer.7.attention.self.dropout', Dropout(p=0.1, inplace=False), True), ('text_encoder.bert.encoder.layer.7.attention.output.dropout', Dropout(p=0.1, inplace=False), True), ('text_encoder.bert.encoder.layer.7.crossattention.self.dropout', Dropout(p=0.1, inplace=False), True), ('text_encoder.bert.encoder.layer.7.crossattention.output.dropout', Dropout(p=0.1, inplace=False), True), ('text_encoder.bert.encoder.layer.7.output.dropout', Dropout(p=0.1, inplace=False), True), ('text_encoder.bert.encoder.layer.8.attention.self.dropout', Dropout(p=0.1, inplace=False), True), ('text_encoder.bert.encoder.layer.8.attention.output.dropout', Dropout(p=0.1, inplace=False), True), ('text_encoder.bert.encoder.layer.8.crossattention.self.dropout', Dropout(p=0.1, inplace=False), True), ('text_encoder.bert.encoder.layer.8.crossattention.output.dropout', Dropout(p=0.1, inplace=False), True), ('text_encoder.bert.encoder.layer.8.output.dropout', Dropout(p=0.1, inplace=False), True), ('text_encoder.bert.encoder.layer.9.attention.self.dropout', Dropout(p=0.1, inplace=False), True), ('text_encoder.bert.encoder.layer.9.attention.output.dropout', Dropout(p=0.1, inplace=False), True), ('text_encoder.bert.encoder.layer.9.crossattention.self.dropout', Dropout(p=0.1, inplace=False), True), ('text_encoder.bert.encoder.layer.9.crossattention.output.dropout', Dropout(p=0.1, inplace=False), True), ('text_encoder.bert.encoder.layer.9.output.dropout', Dropout(p=0.1, inplace=False), True), ('text_encoder.bert.encoder.layer.10.attention.self.dropout', Dropout(p=0.1, inplace=False), True), ('text_encoder.bert.encoder.layer.10.attention.output.dropout', Dropout(p=0.1, inplace=False), True), ('text_encoder.bert.encoder.layer.10.crossattention.self.dropout', Dropout(p=0.1, inplace=False), True), ('text_encoder.bert.encoder.layer.10.crossattention.output.dropout', Dropout(p=0.1, inplace=False), True), ('text_encoder.bert.encoder.layer.10.output.dropout', Dropout(p=0.1, inplace=False), True), ('text_encoder.bert.encoder.layer.11.attention.self.dropout', Dropout(p=0.1, inplace=False), True), ('text_encoder.bert.encoder.layer.11.attention.output.dropout', Dropout(p=0.1, inplace=False), True), ('text_encoder.bert.encoder.layer.11.crossattention.self.dropout', Dropout(p=0.1, inplace=False), True), ('text_encoder.bert.encoder.layer.11.crossattention.output.dropout', Dropout(p=0.1, inplace=False), True), ('text_encoder.bert.encoder.layer.11.output.dropout', Dropout(p=0.1, inplace=False), True), ('vision_proj.1', Dropout(p=0.5, inplace=False), True), ('text_proj.1', Dropout(p=0.5, inplace=False), True), ('pose_block.attn.attn_drop', Dropout(p=0.0, inplace=False), True), ('pose_block.attn.proj_drop', Dropout(p=0.0, inplace=False), True)]
     TTA Require Gradient Params: 
 [('text_encoder.bert.embeddings.LayerNorm.weight', torch.Size([768])), ('text_encoder.bert.embeddings.LayerNorm.bias', torch.Size([768])), ('text_encoder.bert.encoder.layer.6.attention.output.LayerNorm.weight', torch.Size([768])), ('text_encoder.bert.encoder.layer.6.attention.output.LayerNorm.bias', torch.Size([768])), ('text_encoder.bert.encoder.layer.6.crossattention.output.LayerNorm.weight', torch.Size([768])), ('text_encoder.bert.encoder.layer.6.crossattention.output.LayerNorm.bias', torch.Size([768])), ('text_encoder.bert.encoder.layer.6.output.LayerNorm.weight', torch.Size([768])), ('text_encoder.bert.encoder.layer.6.output.LayerNorm.bias', torch.Size([768])), ('text_encoder.bert.encoder.layer.7.attention.output.LayerNorm.weight', torch.Size([768])), ('text_encoder.bert.encoder.layer.7.attention.output.LayerNorm.bias', torch.Size([768])), ('text_encoder.bert.encoder.layer.7.crossattention.output.LayerNorm.weight', torch.Size([768])), ('text_encoder.bert.encoder.layer.7.crossattention.output.LayerNorm.bias', torch.Size([768])), ('text_encoder.bert.encoder.layer.7.output.LayerNorm.weight', torch.Size([768])), ('text_encoder.bert.encoder.layer.7.output.LayerNorm.bias', torch.Size([768])), ('text_encoder.bert.encoder.layer.8.attention.output.LayerNorm.weight', torch.Size([768])), ('text_encoder.bert.encoder.layer.8.attention.output.LayerNorm.bias', torch.Size([768])), ('text_encoder.bert.encoder.layer.8.crossattention.output.LayerNorm.weight', torch.Size([768])), ('text_encoder.bert.encoder.layer.8.crossattention.output.LayerNorm.bias', torch.Size([768])), ('text_encoder.bert.encoder.layer.8.output.LayerNorm.weight', torch.Size([768])), ('text_encoder.bert.encoder.layer.8.output.LayerNorm.bias', torch.Size([768])), ('text_encoder.bert.encoder.layer.9.attention.output.LayerNorm.weight', torch.Size([768])), ('text_encoder.bert.encoder.layer.9.attention.output.LayerNorm.bias', torch.Size([768])), ('text_encoder.bert.encoder.layer.9.crossattention.output.LayerNorm.weight', torch.Size([768])), ('text_encoder.bert.encoder.layer.9.crossattention.output.LayerNorm.bias', torch.Size([768])), ('text_encoder.bert.encoder.layer.9.output.LayerNorm.weight', torch.Size([768])), ('text_encoder.bert.encoder.layer.9.output.LayerNorm.bias', torch.Size([768])), ('text_encoder.bert.encoder.layer.10.attention.output.LayerNorm.weight', torch.Size([768])), ('text_encoder.bert.encoder.layer.10.attention.output.LayerNorm.bias', torch.Size([768])), ('text_encoder.bert.encoder.layer.10.crossattention.output.LayerNorm.weight', torch.Size([768])), ('text_encoder.bert.encoder.layer.10.crossattention.output.LayerNorm.bias', torch.Size([768])), ('text_encoder.bert.encoder.layer.10.output.LayerNorm.weight', torch.Size([768])), ('text_encoder.bert.encoder.layer.10.output.LayerNorm.bias', torch.Size([768])), ('text_encoder.bert.encoder.layer.11.attention.output.LayerNorm.weight', torch.Size([768])), ('text_encoder.bert.encoder.layer.11.attention.output.LayerNorm.bias', torch.Size([768])), ('text_encoder.bert.encoder.layer.11.crossattention.output.LayerNorm.weight', torch.Size([768])), ('text_encoder.bert.encoder.layer.11.crossattention.output.LayerNorm.bias', torch.Size([768])), ('text_encoder.bert.encoder.layer.11.output.LayerNorm.weight', torch.Size([768])), ('text_encoder.bert.encoder.layer.11.output.LayerNorm.bias', torch.Size([768])), ('text_encoder.cls.predictions.transform.LayerNorm.weight', torch.Size([768])), ('text_encoder.cls.predictions.transform.LayerNorm.bias', torch.Size([768])), ('itm_head.1.weight', torch.Size([1536])), ('itm_head.1.bias', torch.Size([1536]))]
     TTA Dropout Modules Number: 
 126
     TTA Require Gradient Params Sum: 
 33792
     lr:  0.0005    lr_mult:  2
     model has 'init_params',  386
     num_tta_steps:  7440
     num_warmup_steps:  500
     sched: step
/home/jiahao/task/CMP/tta.py:244: FutureWarning: `torch.cuda.amp.GradScaler(args...)` is deprecated. Please use `torch.amp.GradScaler('cuda', args...)` instead.
  scaler = GradScaler()  # bf16
### Start ITM Test Time Adaptation
      TTA Epoch: [0] [  0/123]  eta: 0:02:49  entropy: 0.2815  uncertainty: 1.0000  uncertainty_coeffi: 1.0000  loss: 0.2815  lr: 0.000001  time: 1.3744  data: 0.5334  max mem: 2656
      TTA Epoch: [0] [100/123]  eta: 0:00:01  entropy: 0.2386  uncertainty: 1.0000  uncertainty_coeffi: 1.0000  loss: 0.2386  lr: 0.000101  time: 0.0395  data: 0.0070  max mem: 2685
      TTA Epoch: [0] [122/123]  eta: 0:00:00  entropy: 0.2224  uncertainty: 1.0000  uncertainty_coeffi: 1.0000  loss: 0.2224  lr: 0.000123  time: 0.0444  data: 0.0034  max mem: 2685
      TTA Epoch: [0] Total time: 0:00:06 (0.0513 s / it)
     Averaged stats: entropy: 0.3760  uncertainty: 1.0000  uncertainty_coeffi: 1.0000  loss: 0.3760  lr: 0.0001
     itm tta time 0:00:06
     Computing matching score
      Evaluation: [   0/1978]  eta: 0:01:52    time: 0.0567  data: 0.0031  max mem: 2685
      Evaluation: [ 100/1978]  eta: 0:01:23    time: 0.0481  data: 0.0000  max mem: 2685
      Evaluation: [ 200/1978]  eta: 0:01:17    time: 0.0432  data: 0.0000  max mem: 2685
      Evaluation: [ 300/1978]  eta: 0:01:12    time: 0.0424  data: 0.0000  max mem: 2685
      Evaluation: [ 400/1978]  eta: 0:01:07    time: 0.0406  data: 0.0000  max mem: 2685
      Evaluation: [ 500/1978]  eta: 0:01:02    time: 0.0409  data: 0.0000  max mem: 2685
      Evaluation: [ 600/1978]  eta: 0:00:58    time: 0.0406  data: 0.0000  max mem: 2685
      Evaluation: [ 700/1978]  eta: 0:00:54    time: 0.0437  data: 0.0000  max mem: 2685
      Evaluation: [ 800/1978]  eta: 0:00:50    time: 0.0452  data: 0.0000  max mem: 2685
      Evaluation: [ 900/1978]  eta: 0:00:46    time: 0.0434  data: 0.0000  max mem: 2685
      Evaluation: [1000/1978]  eta: 0:00:42    time: 0.0433  data: 0.0000  max mem: 2685
      Evaluation: [1100/1978]  eta: 0:00:37    time: 0.0404  data: 0.0000  max mem: 2685
      Evaluation: [1200/1978]  eta: 0:00:33    time: 0.0481  data: 0.0000  max mem: 2685
      Evaluation: [1300/1978]  eta: 0:00:29    time: 0.0437  data: 0.0000  max mem: 2685
      Evaluation: [1400/1978]  eta: 0:00:24    time: 0.0426  data: 0.0000  max mem: 2685
      Evaluation: [1500/1978]  eta: 0:00:20    time: 0.0407  data: 0.0000  max mem: 2685
      Evaluation: [1600/1978]  eta: 0:00:16    time: 0.0428  data: 0.0000  max mem: 2685
      Evaluation: [1700/1978]  eta: 0:00:11    time: 0.0427  data: 0.0000  max mem: 2685
      Evaluation: [1800/1978]  eta: 0:00:07    time: 0.0444  data: 0.0000  max mem: 2685
      Evaluation: [1900/1978]  eta: 0:00:03    time: 0.0434  data: 0.0000  max mem: 2685
      Evaluation: [1977/1978]  eta: 0:00:00    time: 0.0451  data: 0.0000  max mem: 2685
      Evaluation: Total time: 0:01:25 (0.0431 s / it)
     Computing matching score time 0:01:25
### TTA ITM Score: 
+-------------------+--------+--------+--------+--------+--------+
|       epoch       |   R1   |   R5   |  R10   |  mAP   |  mINP  |
+-------------------+--------+--------+--------+--------+--------+
|        -999       | 69.414 | 95.197 | 97.776 | 81.233 | 81.233 |
|        -999       | 84.277 | 99.039 | 99.596 | 91.276 | 91.276 |
|  cos_sim_wo/norm  | 58.544 | 91.860 | 95.703 | 73.596 | 73.596 |
|        -999       | 69.414 | 95.197 | 97.776 | 81.233 | 81.233 |
| itm_score_wo/norm | 84.328 | 98.989 | 99.494 | 91.293 | 91.293 |
|        -999       | 84.277 | 99.039 | 99.596 | 91.276 | 91.276 |
|         0         | 84.580 | 98.938 | 99.545 | 91.387 | 91.387 |
+-------------------+--------+--------+--------+--------+--------+
     logs:  {'epo': 0, 'R1': np.float32(84.58), 'R5': np.float32(98.938), 'R10': np.float32(99.545), 'mAP': np.float32(91.387), 'mINP': np.float32(91.387), 'entropy': 0.376022, 'uncertainty': 1.0, 'uncertainty_coeffi': 1.0, 'loss': 0.376022, 'lr': 6.2e-05}
      TTA Epoch: [1] [  0/123]  eta: 0:01:00  entropy: 0.2027  uncertainty: 1.0000  uncertainty_coeffi: 1.0000  loss: 0.2027  lr: 0.000124  time: 0.4939  data: 0.4410  max mem: 2685
      TTA Epoch: [1] [100/123]  eta: 0:00:00  entropy: 0.0969  uncertainty: 1.0000  uncertainty_coeffi: 1.0000  loss: 0.0969  lr: 0.000224  time: 0.0353  data: 0.0001  max mem: 2691
      TTA Epoch: [1] [122/123]  eta: 0:00:00  entropy: 0.2291  uncertainty: 1.0000  uncertainty_coeffi: 1.0000  loss: 0.2291  lr: 0.000246  time: 0.0342  data: 0.0001  max mem: 2691
      TTA Epoch: [1] Total time: 0:00:04 (0.0390 s / it)
     Averaged stats: entropy: 0.2853  uncertainty: 1.0000  uncertainty_coeffi: 1.0000  loss: 0.2853  lr: 0.0002
     itm tta time 0:00:04
     Computing matching score
      Evaluation: [   0/1978]  eta: 0:01:54    time: 0.0579  data: 0.0052  max mem: 2691
      Evaluation: [ 100/1978]  eta: 0:01:22    time: 0.0434  data: 0.0000  max mem: 2691
      Evaluation: [ 200/1978]  eta: 0:01:18    time: 0.0501  data: 0.0000  max mem: 2691
      Evaluation: [ 300/1978]  eta: 0:01:15    time: 0.0480  data: 0.0000  max mem: 2691
      Evaluation: [ 400/1978]  eta: 0:01:12    time: 0.0492  data: 0.0000  max mem: 2691
      Evaluation: [ 500/1978]  eta: 0:01:07    time: 0.0404  data: 0.0000  max mem: 2691
      Evaluation: [ 600/1978]  eta: 0:01:01    time: 0.0455  data: 0.0000  max mem: 2691
      Evaluation: [ 700/1978]  eta: 0:00:56    time: 0.0408  data: 0.0000  max mem: 2691
      Evaluation: [ 800/1978]  eta: 0:00:51    time: 0.0413  data: 0.0000  max mem: 2691
      Evaluation: [ 900/1978]  eta: 0:00:47    time: 0.0405  data: 0.0000  max mem: 2691
      Evaluation: [1000/1978]  eta: 0:00:42    time: 0.0415  data: 0.0000  max mem: 2691
      Evaluation: [1100/1978]  eta: 0:00:38    time: 0.0498  data: 0.0000  max mem: 2691
      Evaluation: [1200/1978]  eta: 0:00:34    time: 0.0453  data: 0.0000  max mem: 2691
      Evaluation: [1300/1978]  eta: 0:00:29    time: 0.0427  data: 0.0000  max mem: 2691
      Evaluation: [1400/1978]  eta: 0:00:25    time: 0.0503  data: 0.0000  max mem: 2691
      Evaluation: [1500/1978]  eta: 0:00:21    time: 0.0446  data: 0.0000  max mem: 2691
      Evaluation: [1600/1978]  eta: 0:00:16    time: 0.0499  data: 0.0000  max mem: 2691
      Evaluation: [1700/1978]  eta: 0:00:12    time: 0.0421  data: 0.0000  max mem: 2691
      Evaluation: [1800/1978]  eta: 0:00:07    time: 0.0446  data: 0.0000  max mem: 2691
      Evaluation: [1900/1978]  eta: 0:00:03    time: 0.0427  data: 0.0000  max mem: 2691
      Evaluation: [1977/1978]  eta: 0:00:00    time: 0.0441  data: 0.0000  max mem: 2691
      Evaluation: Total time: 0:01:28 (0.0448 s / it)
     Computing matching score time 0:01:28
### TTA ITM Score: 
+-------------------+--------+--------+--------+--------+--------+
|       epoch       |   R1   |   R5   |  R10   |  mAP   |  mINP  |
+-------------------+--------+--------+--------+--------+--------+
|        -999       | 69.414 | 95.197 | 97.776 | 81.233 | 81.233 |
|        -999       | 84.277 | 99.039 | 99.596 | 91.276 | 91.276 |
|  cos_sim_wo/norm  | 58.544 | 91.860 | 95.703 | 73.596 | 73.596 |
|        -999       | 69.414 | 95.197 | 97.776 | 81.233 | 81.233 |
| itm_score_wo/norm | 84.328 | 98.989 | 99.494 | 91.293 | 91.293 |
|        -999       | 84.277 | 99.039 | 99.596 | 91.276 | 91.276 |
|         0         | 84.580 | 98.938 | 99.545 | 91.387 | 91.387 |
|         1         | 84.783 | 98.736 | 99.444 | 91.400 | 91.400 |
+-------------------+--------+--------+--------+--------+--------+
     logs:  {'epo': 1, 'R1': np.float32(84.783), 'R5': np.float32(98.736), 'R10': np.float32(99.444), 'mAP': np.float32(91.4), 'mINP': np.float32(91.4), 'entropy': 0.285277, 'uncertainty': 1.0, 'uncertainty_coeffi': 1.0, 'loss': 0.285277, 'lr': 0.000185}
      TTA Epoch: [2] [  0/123]  eta: 0:01:02  entropy: 0.2308  uncertainty: 1.0000  uncertainty_coeffi: 1.0000  loss: 0.2308  lr: 0.000247  time: 0.5067  data: 0.4504  max mem: 2691
      TTA Epoch: [2] [100/123]  eta: 0:00:00  entropy: 0.2445  uncertainty: 1.0000  uncertainty_coeffi: 1.0000  loss: 0.2445  lr: 0.000347  time: 0.0370  data: 0.0002  max mem: 2691
      TTA Epoch: [2] [122/123]  eta: 0:00:00  entropy: 0.2278  uncertainty: 1.0000  uncertainty_coeffi: 1.0000  loss: 0.2278  lr: 0.000369  time: 0.0354  data: 0.0002  max mem: 2691
      TTA Epoch: [2] Total time: 0:00:05 (0.0416 s / it)
     Averaged stats: entropy: 0.2137  uncertainty: 1.0000  uncertainty_coeffi: 1.0000  loss: 0.2137  lr: 0.0003
     itm tta time 0:00:05
     Computing matching score
      Evaluation: [   0/1978]  eta: 0:01:26    time: 0.0435  data: 0.0024  max mem: 2691
      Evaluation: [ 100/1978]  eta: 0:01:26    time: 0.0476  data: 0.0000  max mem: 2691
      Evaluation: [ 200/1978]  eta: 0:01:20    time: 0.0478  data: 0.0000  max mem: 2691
      Evaluation: [ 300/1978]  eta: 0:01:18    time: 0.0483  data: 0.0000  max mem: 2691
      Evaluation: [ 400/1978]  eta: 0:01:14    time: 0.0502  data: 0.0000  max mem: 2691
      Evaluation: [ 500/1978]  eta: 0:01:09    time: 0.0443  data: 0.0000  max mem: 2691
      Evaluation: [ 600/1978]  eta: 0:01:03    time: 0.0424  data: 0.0000  max mem: 2691
      Evaluation: [ 700/1978]  eta: 0:00:58    time: 0.0469  data: 0.0000  max mem: 2691
      Evaluation: [ 800/1978]  eta: 0:00:53    time: 0.0441  data: 0.0000  max mem: 2691
      Evaluation: [ 900/1978]  eta: 0:00:49    time: 0.0448  data: 0.0000  max mem: 2691
      Evaluation: [1000/1978]  eta: 0:00:44    time: 0.0407  data: 0.0000  max mem: 2691
      Evaluation: [1100/1978]  eta: 0:00:39    time: 0.0453  data: 0.0000  max mem: 2691
      Evaluation: [1200/1978]  eta: 0:00:35    time: 0.0430  data: 0.0000  max mem: 2691
      Evaluation: [1300/1978]  eta: 0:00:30    time: 0.0420  data: 0.0000  max mem: 2691
      Evaluation: [1400/1978]  eta: 0:00:25    time: 0.0431  data: 0.0000  max mem: 2691
      Evaluation: [1500/1978]  eta: 0:00:21    time: 0.0428  data: 0.0000  max mem: 2691
      Evaluation: [1600/1978]  eta: 0:00:16    time: 0.0422  data: 0.0000  max mem: 2691
      Evaluation: [1700/1978]  eta: 0:00:12    time: 0.0437  data: 0.0000  max mem: 2691
      Evaluation: [1800/1978]  eta: 0:00:07    time: 0.0455  data: 0.0000  max mem: 2691
      Evaluation: [1900/1978]  eta: 0:00:03    time: 0.0467  data: 0.0000  max mem: 2691
      Evaluation: [1977/1978]  eta: 0:00:00    time: 0.0488  data: 0.0000  max mem: 2691
      Evaluation: Total time: 0:01:29 (0.0450 s / it)
     Computing matching score time 0:01:29
### TTA ITM Score: 
+-------------------+--------+--------+--------+--------+--------+
|       epoch       |   R1   |   R5   |  R10   |  mAP   |  mINP  |
+-------------------+--------+--------+--------+--------+--------+
|        -999       | 69.414 | 95.197 | 97.776 | 81.233 | 81.233 |
|        -999       | 84.277 | 99.039 | 99.596 | 91.276 | 91.276 |
|  cos_sim_wo/norm  | 58.544 | 91.860 | 95.703 | 73.596 | 73.596 |
|        -999       | 69.414 | 95.197 | 97.776 | 81.233 | 81.233 |
| itm_score_wo/norm | 84.328 | 98.989 | 99.494 | 91.293 | 91.293 |
|        -999       | 84.277 | 99.039 | 99.596 | 91.276 | 91.276 |
|         0         | 84.580 | 98.938 | 99.545 | 91.387 | 91.387 |
|         1         | 84.783 | 98.736 | 99.444 | 91.400 | 91.400 |
|         2         | 84.783 | 98.686 | 99.343 | 91.377 | 91.377 |
+-------------------+--------+--------+--------+--------+--------+
     logs:  {'epo': 2, 'R1': np.float32(84.783), 'R5': np.float32(98.686), 'R10': np.float32(99.343), 'mAP': np.float32(91.377), 'mINP': np.float32(91.377), 'entropy': 0.213714, 'uncertainty': 1.0, 'uncertainty_coeffi': 1.0, 'loss': 0.213714, 'lr': 0.000308}
      TTA Epoch: [3] [  0/123]  eta: 0:01:23  entropy: 0.0719  uncertainty: 1.0000  uncertainty_coeffi: 1.0000  loss: 0.0719  lr: 0.000370  time: 0.6799  data: 0.6122  max mem: 2691
      TTA Epoch: [3] [100/123]  eta: 0:00:01  entropy: 0.1552  uncertainty: 1.0000  uncertainty_coeffi: 1.0000  loss: 0.1552  lr: 0.000470  time: 0.0562  data: 0.0078  max mem: 2691
      TTA Epoch: [3] [122/123]  eta: 0:00:00  entropy: 0.1697  uncertainty: 1.0000  uncertainty_coeffi: 1.0000  loss: 0.1697  lr: 0.000492  time: 0.0455  data: 0.0028  max mem: 2691
      TTA Epoch: [3] Total time: 0:00:06 (0.0538 s / it)
     Averaged stats: entropy: 0.1588  uncertainty: 1.0000  uncertainty_coeffi: 1.0000  loss: 0.1588  lr: 0.0004
     itm tta time 0:00:06
      TTA Epoch: [4] [  0/123]  eta: 0:01:03  entropy: 0.1126  uncertainty: 1.0000  uncertainty_coeffi: 1.0000  loss: 0.1126  lr: 0.000493  time: 0.5134  data: 0.4587  max mem: 2691
      TTA Epoch: [4] [100/123]  eta: 0:00:00  entropy: 0.0838  uncertainty: 1.0000  uncertainty_coeffi: 1.0000  loss: 0.0838  lr: 0.000493  time: 0.0373  data: 0.0002  max mem: 2691
      TTA Epoch: [4] [122/123]  eta: 0:00:00  entropy: 0.1971  uncertainty: 1.0000  uncertainty_coeffi: 1.0000  loss: 0.1971  lr: 0.000492  time: 0.0369  data: 0.0002  max mem: 2691
      TTA Epoch: [4] Total time: 0:00:05 (0.0421 s / it)
     Averaged stats: entropy: 0.1170  uncertainty: 1.0000  uncertainty_coeffi: 1.0000  loss: 0.1170  lr: 0.0005
     itm tta time 0:00:05
     Computing matching score
      Evaluation: [   0/1978]  eta: 0:01:38    time: 0.0496  data: 0.0025  max mem: 2691
      Evaluation: [ 100/1978]  eta: 0:01:25    time: 0.0442  data: 0.0000  max mem: 2691
      Evaluation: [ 200/1978]  eta: 0:01:21    time: 0.0457  data: 0.0000  max mem: 2691
      Evaluation: [ 300/1978]  eta: 0:01:16    time: 0.0444  data: 0.0000  max mem: 2691
      Evaluation: [ 400/1978]  eta: 0:01:11    time: 0.0422  data: 0.0000  max mem: 2691
      Evaluation: [ 500/1978]  eta: 0:01:06    time: 0.0432  data: 0.0000  max mem: 2691
      Evaluation: [ 600/1978]  eta: 0:01:02    time: 0.0451  data: 0.0000  max mem: 2691
      Evaluation: [ 700/1978]  eta: 0:00:57    time: 0.0454  data: 0.0000  max mem: 2691
      Evaluation: [ 800/1978]  eta: 0:00:52    time: 0.0437  data: 0.0000  max mem: 2691
      Evaluation: [ 900/1978]  eta: 0:00:48    time: 0.0470  data: 0.0000  max mem: 2691
      Evaluation: [1000/1978]  eta: 0:00:44    time: 0.0478  data: 0.0000  max mem: 2691
      Evaluation: [1100/1978]  eta: 0:00:39    time: 0.0441  data: 0.0000  max mem: 2691
      Evaluation: [1200/1978]  eta: 0:00:35    time: 0.0443  data: 0.0000  max mem: 2691
      Evaluation: [1300/1978]  eta: 0:00:30    time: 0.0455  data: 0.0000  max mem: 2691
      Evaluation: [1400/1978]  eta: 0:00:26    time: 0.0456  data: 0.0000  max mem: 2691
      Evaluation: [1500/1978]  eta: 0:00:21    time: 0.0452  data: 0.0000  max mem: 2691
      Evaluation: [1600/1978]  eta: 0:00:17    time: 0.0452  data: 0.0000  max mem: 2691
      Evaluation: [1700/1978]  eta: 0:00:12    time: 0.0461  data: 0.0000  max mem: 2691
      Evaluation: [1800/1978]  eta: 0:00:08    time: 0.0527  data: 0.0000  max mem: 2691
      Evaluation: [1900/1978]  eta: 0:00:03    time: 0.0478  data: 0.0000  max mem: 2691
      Evaluation: [1977/1978]  eta: 0:00:00    time: 0.0480  data: 0.0000  max mem: 2691
      Evaluation: Total time: 0:01:31 (0.0462 s / it)
     Computing matching score time 0:01:31
### TTA ITM Score: 
+-------------------+--------+--------+--------+--------+--------+
|       epoch       |   R1   |   R5   |  R10   |  mAP   |  mINP  |
+-------------------+--------+--------+--------+--------+--------+
|        -999       | 69.414 | 95.197 | 97.776 | 81.233 | 81.233 |
|        -999       | 84.277 | 99.039 | 99.596 | 91.276 | 91.276 |
|  cos_sim_wo/norm  | 58.544 | 91.860 | 95.703 | 73.596 | 73.596 |
|        -999       | 69.414 | 95.197 | 97.776 | 81.233 | 81.233 |
| itm_score_wo/norm | 84.328 | 98.989 | 99.494 | 91.293 | 91.293 |
|        -999       | 84.277 | 99.039 | 99.596 | 91.276 | 91.276 |
|         0         | 84.580 | 98.938 | 99.545 | 91.387 | 91.387 |
|         1         | 84.783 | 98.736 | 99.444 | 91.400 | 91.400 |
|         2         | 84.783 | 98.686 | 99.343 | 91.377 | 91.377 |
|         4         | 84.934 | 98.787 | 99.393 | 91.480 | 91.480 |
+-------------------+--------+--------+--------+--------+--------+
     logs:  {'epo': 4, 'R1': np.float32(84.934), 'R5': np.float32(98.787), 'R10': np.float32(99.393), 'mAP': np.float32(91.48), 'mINP': np.float32(91.48), 'entropy': 0.116988, 'uncertainty': 1.0, 'uncertainty_coeffi': 1.0, 'loss': 0.116988, 'lr': 0.000496}
      TTA Epoch: [5] [  0/123]  eta: 0:01:38  entropy: 0.0905  uncertainty: 1.0000  uncertainty_coeffi: 1.0000  loss: 0.0905  lr: 0.000492  time: 0.7985  data: 0.6891  max mem: 2691
      TTA Epoch: [5] [100/123]  eta: 0:00:01  entropy: 0.0501  uncertainty: 1.0000  uncertainty_coeffi: 1.0000  loss: 0.0501  lr: 0.000484  time: 0.0645  data: 0.0189  max mem: 2691
      TTA Epoch: [5] [122/123]  eta: 0:00:00  entropy: 0.0963  uncertainty: 1.0000  uncertainty_coeffi: 1.0000  loss: 0.0963  lr: 0.000483  time: 0.0505  data: 0.0073  max mem: 2691
      TTA Epoch: [5] Total time: 0:00:07 (0.0586 s / it)
     Averaged stats: entropy: 0.0940  uncertainty: 1.0000  uncertainty_coeffi: 1.0000  loss: 0.0940  lr: 0.0005
     itm tta time 0:00:07
      TTA Epoch: [6] [  0/123]  eta: 0:01:01  entropy: 0.1169  uncertainty: 1.0000  uncertainty_coeffi: 1.0000  loss: 0.1169  lr: 0.000483  time: 0.4974  data: 0.4487  max mem: 2691
      TTA Epoch: [6] [100/123]  eta: 0:00:01  entropy: 0.1099  uncertainty: 1.0000  uncertainty_coeffi: 1.0000  loss: 0.1099  lr: 0.000476  time: 0.0423  data: 0.0001  max mem: 2691
      TTA Epoch: [6] [122/123]  eta: 0:00:00  entropy: 0.0578  uncertainty: 1.0000  uncertainty_coeffi: 1.0000  loss: 0.0578  lr: 0.000474  time: 0.0428  data: 0.0002  max mem: 2691
      TTA Epoch: [6] Total time: 0:00:05 (0.0473 s / it)
     Averaged stats: entropy: 0.0834  uncertainty: 1.0000  uncertainty_coeffi: 1.0000  loss: 0.0834  lr: 0.0005
     itm tta time 0:00:05
      TTA Epoch: [7] [  0/123]  eta: 0:01:00  entropy: 0.0026  uncertainty: 1.0000  uncertainty_coeffi: 1.0000  loss: 0.0026  lr: 0.000474  time: 0.4928  data: 0.4150  max mem: 2691
      TTA Epoch: [7] [100/123]  eta: 0:00:01  entropy: 0.0762  uncertainty: 1.0000  uncertainty_coeffi: 1.0000  loss: 0.0762  lr: 0.000467  time: 0.0419  data: 0.0002  max mem: 2691
      TTA Epoch: [7] [122/123]  eta: 0:00:00  entropy: 0.0480  uncertainty: 1.0000  uncertainty_coeffi: 1.0000  loss: 0.0480  lr: 0.000465  time: 0.0402  data: 0.0002  max mem: 2691
      TTA Epoch: [7] Total time: 0:00:06 (0.0496 s / it)
     Averaged stats: entropy: 0.0708  uncertainty: 1.0000  uncertainty_coeffi: 1.0000  loss: 0.0708  lr: 0.0005
     itm tta time 0:00:06
      TTA Epoch: [8] [  0/123]  eta: 0:01:24  entropy: 0.0292  uncertainty: 1.0000  uncertainty_coeffi: 1.0000  loss: 0.0292  lr: 0.000465  time: 0.6882  data: 0.6277  max mem: 2691
      TTA Epoch: [8] [100/123]  eta: 0:00:01  entropy: 0.0706  uncertainty: 1.0000  uncertainty_coeffi: 1.0000  loss: 0.0706  lr: 0.000458  time: 0.0503  data: 0.0002  max mem: 2691
      TTA Epoch: [8] [122/123]  eta: 0:00:00  entropy: 0.1803  uncertainty: 1.0000  uncertainty_coeffi: 1.0000  loss: 0.1803  lr: 0.000456  time: 0.0488  data: 0.0003  max mem: 2691
      TTA Epoch: [8] Total time: 0:00:07 (0.0578 s / it)
     Averaged stats: entropy: 0.0601  uncertainty: 1.0000  uncertainty_coeffi: 1.0000  loss: 0.0601  lr: 0.0005
     itm tta time 0:00:07
      TTA Epoch: [9] [  0/123]  eta: 0:00:56  entropy: 0.0086  uncertainty: 1.0000  uncertainty_coeffi: 1.0000  loss: 0.0086  lr: 0.000456  time: 0.4557  data: 0.3999  max mem: 2691
      TTA Epoch: [9] [100/123]  eta: 0:00:01  entropy: 0.0885  uncertainty: 1.0000  uncertainty_coeffi: 1.0000  loss: 0.0885  lr: 0.000449  time: 0.0577  data: 0.0003  max mem: 2691
      TTA Epoch: [9] [122/123]  eta: 0:00:00  entropy: 0.0257  uncertainty: 1.0000  uncertainty_coeffi: 1.0000  loss: 0.0257  lr: 0.000447  time: 0.0474  data: 0.0002  max mem: 2691
      TTA Epoch: [9] Total time: 0:00:06 (0.0529 s / it)
     Averaged stats: entropy: 0.0504  uncertainty: 1.0000  uncertainty_coeffi: 1.0000  loss: 0.0504  lr: 0.0005
     itm tta time 0:00:06
     Computing matching score
      Evaluation: [   0/1978]  eta: 0:02:49    time: 0.0856  data: 0.0022  max mem: 2691
      Evaluation: [ 100/1978]  eta: 0:02:08    time: 0.0685  data: 0.0000  max mem: 2691
      Evaluation: [ 200/1978]  eta: 0:01:47    time: 0.0447  data: 0.0000  max mem: 2691
      Evaluation: [ 300/1978]  eta: 0:01:31    time: 0.0429  data: 0.0000  max mem: 2691
      Evaluation: [ 400/1978]  eta: 0:01:21    time: 0.0425  data: 0.0000  max mem: 2691
      Evaluation: [ 500/1978]  eta: 0:01:13    time: 0.0426  data: 0.0000  max mem: 2691
      Evaluation: [ 600/1978]  eta: 0:01:07    time: 0.0429  data: 0.0000  max mem: 2691
      Evaluation: [ 700/1978]  eta: 0:01:01    time: 0.0432  data: 0.0000  max mem: 2691
      Evaluation: [ 800/1978]  eta: 0:00:55    time: 0.0458  data: 0.0000  max mem: 2691
      Evaluation: [ 900/1978]  eta: 0:00:50    time: 0.0449  data: 0.0000  max mem: 2691
      Evaluation: [1000/1978]  eta: 0:00:45    time: 0.0424  data: 0.0000  max mem: 2691
      Evaluation: [1100/1978]  eta: 0:00:40    time: 0.0432  data: 0.0000  max mem: 2691
      Evaluation: [1200/1978]  eta: 0:00:36    time: 0.0424  data: 0.0000  max mem: 2691
      Evaluation: [1300/1978]  eta: 0:00:31    time: 0.0435  data: 0.0000  max mem: 2691
      Evaluation: [1400/1978]  eta: 0:00:26    time: 0.0507  data: 0.0000  max mem: 2691
      Evaluation: [1500/1978]  eta: 0:00:22    time: 0.0491  data: 0.0000  max mem: 2691
      Evaluation: [1600/1978]  eta: 0:00:17    time: 0.0544  data: 0.0000  max mem: 2691
      Evaluation: [1700/1978]  eta: 0:00:13    time: 0.0561  data: 0.0000  max mem: 2691
      Evaluation: [1800/1978]  eta: 0:00:08    time: 0.0542  data: 0.0000  max mem: 2691
      Evaluation: [1900/1978]  eta: 0:00:03    time: 0.0515  data: 0.0000  max mem: 2691
      Evaluation: [1977/1978]  eta: 0:00:00    time: 0.0520  data: 0.0000  max mem: 2691
      Evaluation: Total time: 0:01:35 (0.0481 s / it)
     Computing matching score time 0:01:35
### TTA ITM Score: 
+-------------------+--------+--------+--------+--------+--------+
|       epoch       |   R1   |   R5   |  R10   |  mAP   |  mINP  |
+-------------------+--------+--------+--------+--------+--------+
|        -999       | 69.414 | 95.197 | 97.776 | 81.233 | 81.233 |
|        -999       | 84.277 | 99.039 | 99.596 | 91.276 | 91.276 |
|  cos_sim_wo/norm  | 58.544 | 91.860 | 95.703 | 73.596 | 73.596 |
|        -999       | 69.414 | 95.197 | 97.776 | 81.233 | 81.233 |
| itm_score_wo/norm | 84.328 | 98.989 | 99.494 | 91.293 | 91.293 |
|        -999       | 84.277 | 99.039 | 99.596 | 91.276 | 91.276 |
|         0         | 84.580 | 98.938 | 99.545 | 91.387 | 91.387 |
|         1         | 84.783 | 98.736 | 99.444 | 91.400 | 91.400 |
|         2         | 84.783 | 98.686 | 99.343 | 91.377 | 91.377 |
|         4         | 84.934 | 98.787 | 99.393 | 91.480 | 91.480 |
|         9         | 85.288 | 98.635 | 99.393 | 91.646 | 91.646 |
+-------------------+--------+--------+--------+--------+--------+
     logs:  {'epo': 9, 'R1': np.float32(85.288), 'R5': np.float32(98.635), 'R10': np.float32(99.393), 'mAP': np.float32(91.646), 'mINP': np.float32(91.646), 'entropy': 0.050403, 'uncertainty': 1.0, 'uncertainty_coeffi': 1.0, 'loss': 0.050403, 'lr': 0.000452}
      TTA Epoch: [10] [  0/123]  eta: 0:00:58  entropy: 0.0670  uncertainty: 1.0000  uncertainty_coeffi: 1.0000  loss: 0.0670  lr: 0.000447  time: 0.4749  data: 0.3918  max mem: 2691
      TTA Epoch: [10] [100/123]  eta: 0:00:01  entropy: 0.0732  uncertainty: 1.0000  uncertainty_coeffi: 1.0000  loss: 0.0732  lr: 0.000440  time: 0.0446  data: 0.0003  max mem: 2691
      TTA Epoch: [10] [122/123]  eta: 0:00:00  entropy: 0.0518  uncertainty: 1.0000  uncertainty_coeffi: 1.0000  loss: 0.0518  lr: 0.000439  time: 0.0439  data: 0.0002  max mem: 2691
      TTA Epoch: [10] Total time: 0:00:05 (0.0485 s / it)
     Averaged stats: entropy: 0.0521  uncertainty: 1.0000  uncertainty_coeffi: 1.0000  loss: 0.0521  lr: 0.0004
     itm tta time 0:00:06
      TTA Epoch: [11] [  0/123]  eta: 0:01:06  entropy: 0.0515  uncertainty: 1.0000  uncertainty_coeffi: 1.0000  loss: 0.0515  lr: 0.000438  time: 0.5423  data: 0.4655  max mem: 2691
      TTA Epoch: [11] [100/123]  eta: 0:00:01  entropy: 0.0076  uncertainty: 1.0000  uncertainty_coeffi: 1.0000  loss: 0.0076  lr: 0.000431  time: 0.0459  data: 0.0003  max mem: 2691
      TTA Epoch: [11] [122/123]  eta: 0:00:00  entropy: 0.0262  uncertainty: 1.0000  uncertainty_coeffi: 1.0000  loss: 0.0262  lr: 0.000430  time: 0.0447  data: 0.0003  max mem: 2691
      TTA Epoch: [11] Total time: 0:00:06 (0.0503 s / it)
     Averaged stats: entropy: 0.0447  uncertainty: 1.0000  uncertainty_coeffi: 1.0000  loss: 0.0447  lr: 0.0004
     itm tta time 0:00:06
      TTA Epoch: [12] [  0/123]  eta: 0:01:12  entropy: 0.0039  uncertainty: 1.0000  uncertainty_coeffi: 1.0000  loss: 0.0039  lr: 0.000430  time: 0.5862  data: 0.5052  max mem: 2691
      TTA Epoch: [12] [100/123]  eta: 0:00:01  entropy: 0.0428  uncertainty: 1.0000  uncertainty_coeffi: 1.0000  loss: 0.0428  lr: 0.000422  time: 0.0622  data: 0.0003  max mem: 2691
      TTA Epoch: [12] [122/123]  eta: 0:00:00  entropy: 0.0021  uncertainty: 1.0000  uncertainty_coeffi: 1.0000  loss: 0.0021  lr: 0.000421  time: 0.0466  data: 0.0002  max mem: 2691
      TTA Epoch: [12] Total time: 0:00:06 (0.0545 s / it)
     Averaged stats: entropy: 0.0384  uncertainty: 1.0000  uncertainty_coeffi: 1.0000  loss: 0.0384  lr: 0.0004
     itm tta time 0:00:06
      TTA Epoch: [13] [  0/123]  eta: 0:01:16  entropy: 0.0361  uncertainty: 1.0000  uncertainty_coeffi: 1.0000  loss: 0.0361  lr: 0.000421  time: 0.6213  data: 0.5670  max mem: 2691
      TTA Epoch: [13] [100/123]  eta: 0:00:01  entropy: 0.0543  uncertainty: 1.0000  uncertainty_coeffi: 1.0000  loss: 0.0543  lr: 0.000414  time: 0.0457  data: 0.0002  max mem: 2691
      TTA Epoch: [13] [122/123]  eta: 0:00:00  entropy: 0.0459  uncertainty: 1.0000  uncertainty_coeffi: 1.0000  loss: 0.0459  lr: 0.000412  time: 0.0447  data: 0.0003  max mem: 2691
      TTA Epoch: [13] Total time: 0:00:06 (0.0533 s / it)
     Averaged stats: entropy: 0.0361  uncertainty: 1.0000  uncertainty_coeffi: 1.0000  loss: 0.0361  lr: 0.0004
     itm tta time 0:00:06
      TTA Epoch: [14] [  0/123]  eta: 0:01:02  entropy: 0.0400  uncertainty: 1.0000  uncertainty_coeffi: 1.0000  loss: 0.0400  lr: 0.000412  time: 0.5042  data: 0.4480  max mem: 2691
      TTA Epoch: [14] [100/123]  eta: 0:00:01  entropy: 0.0416  uncertainty: 1.0000  uncertainty_coeffi: 1.0000  loss: 0.0416  lr: 0.000405  time: 0.0466  data: 0.0003  max mem: 2691
      TTA Epoch: [14] [122/123]  eta: 0:00:00  entropy: 0.0860  uncertainty: 1.0000  uncertainty_coeffi: 1.0000  loss: 0.0860  lr: 0.000403  time: 0.0427  data: 0.0002  max mem: 2691
      TTA Epoch: [14] Total time: 0:00:06 (0.0510 s / it)
     Averaged stats: entropy: 0.0374  uncertainty: 1.0000  uncertainty_coeffi: 1.0000  loss: 0.0374  lr: 0.0004
     itm tta time 0:00:06
     Computing matching score
      Evaluation: [   0/1978]  eta: 0:01:39    time: 0.0501  data: 0.0033  max mem: 2691
      Evaluation: [ 100/1978]  eta: 0:01:43    time: 0.0574  data: 0.0000  max mem: 2691
      Evaluation: [ 200/1978]  eta: 0:01:40    time: 0.0664  data: 0.0000  max mem: 2691
      Evaluation: [ 300/1978]  eta: 0:01:39    time: 0.0658  data: 0.0000  max mem: 2691
      Evaluation: [ 400/1978]  eta: 0:01:36    time: 0.0700  data: 0.0000  max mem: 2691
      Evaluation: [ 500/1978]  eta: 0:01:31    time: 0.0676  data: 0.0000  max mem: 2691
      Evaluation: [ 600/1978]  eta: 0:01:26    time: 0.0637  data: 0.0000  max mem: 2691
      Evaluation: [ 700/1978]  eta: 0:01:20    time: 0.0671  data: 0.0000  max mem: 2691
      Evaluation: [ 800/1978]  eta: 0:01:13    time: 0.0482  data: 0.0000  max mem: 2691
      Evaluation: [ 900/1978]  eta: 0:01:05    time: 0.0489  data: 0.0000  max mem: 2691
      Evaluation: [1000/1978]  eta: 0:00:58    time: 0.0440  data: 0.0000  max mem: 2691
      Evaluation: [1100/1978]  eta: 0:00:51    time: 0.0453  data: 0.0000  max mem: 2691
      Evaluation: [1200/1978]  eta: 0:00:44    time: 0.0452  data: 0.0000  max mem: 2691
      Evaluation: [1300/1978]  eta: 0:00:38    time: 0.0455  data: 0.0000  max mem: 2691
      Evaluation: [1400/1978]  eta: 0:00:31    time: 0.0450  data: 0.0000  max mem: 2691
      Evaluation: [1500/1978]  eta: 0:00:26    time: 0.0437  data: 0.0000  max mem: 2691
      Evaluation: [1600/1978]  eta: 0:00:20    time: 0.0479  data: 0.0000  max mem: 2691
      Evaluation: [1700/1978]  eta: 0:00:14    time: 0.0441  data: 0.0000  max mem: 2691
      Evaluation: [1800/1978]  eta: 0:00:09    time: 0.0432  data: 0.0000  max mem: 2691
      Evaluation: [1900/1978]  eta: 0:00:04    time: 0.0437  data: 0.0000  max mem: 2691
      Evaluation: [1977/1978]  eta: 0:00:00    time: 0.0423  data: 0.0000  max mem: 2691
      Evaluation: Total time: 0:01:43 (0.0521 s / it)
     Computing matching score time 0:01:43
### TTA ITM Score: 
+-------------------+--------+--------+--------+--------+--------+
|       epoch       |   R1   |   R5   |  R10   |  mAP   |  mINP  |
+-------------------+--------+--------+--------+--------+--------+
|        -999       | 69.414 | 95.197 | 97.776 | 81.233 | 81.233 |
|        -999       | 84.277 | 99.039 | 99.596 | 91.276 | 91.276 |
|  cos_sim_wo/norm  | 58.544 | 91.860 | 95.703 | 73.596 | 73.596 |
|        -999       | 69.414 | 95.197 | 97.776 | 81.233 | 81.233 |
| itm_score_wo/norm | 84.328 | 98.989 | 99.494 | 91.293 | 91.293 |
|        -999       | 84.277 | 99.039 | 99.596 | 91.276 | 91.276 |
|         0         | 84.580 | 98.938 | 99.545 | 91.387 | 91.387 |
|         1         | 84.783 | 98.736 | 99.444 | 91.400 | 91.400 |
|         2         | 84.783 | 98.686 | 99.343 | 91.377 | 91.377 |
|         4         | 84.934 | 98.787 | 99.393 | 91.480 | 91.480 |
|         9         | 85.288 | 98.635 | 99.393 | 91.646 | 91.646 |
|         14        | 85.187 | 98.382 | 99.444 | 91.527 | 91.527 |
+-------------------+--------+--------+--------+--------+--------+
     logs:  {'epo': 14, 'R1': np.float32(85.187), 'R5': np.float32(98.382), 'R10': np.float32(99.444), 'mAP': np.float32(91.527), 'mINP': np.float32(91.527), 'entropy': 0.037376, 'uncertainty': 1.0, 'uncertainty_coeffi': 1.0, 'loss': 0.037376, 'lr': 0.000407}
      TTA Epoch: [15] [  0/123]  eta: 0:00:59  entropy: 0.0689  uncertainty: 1.0000  uncertainty_coeffi: 1.0000  loss: 0.0689  lr: 0.000403  time: 0.4838  data: 0.4313  max mem: 2691
      TTA Epoch: [15] [100/123]  eta: 0:00:01  entropy: 0.0017  uncertainty: 1.0000  uncertainty_coeffi: 1.0000  loss: 0.0017  lr: 0.000396  time: 0.0399  data: 0.0002  max mem: 2691
      TTA Epoch: [15] [122/123]  eta: 0:00:00  entropy: 0.0000  uncertainty: 1.0000  uncertainty_coeffi: 1.0000  loss: 0.0000  lr: 0.000394  time: 0.0343  data: 0.0001  max mem: 2691
      TTA Epoch: [15] Total time: 0:00:05 (0.0421 s / it)
     Averaged stats: entropy: 0.0318  uncertainty: 1.0000  uncertainty_coeffi: 1.0000  loss: 0.0318  lr: 0.0004
     itm tta time 0:00:05
      TTA Epoch: [16] [  0/123]  eta: 0:01:32  entropy: 0.0291  uncertainty: 1.0000  uncertainty_coeffi: 1.0000  loss: 0.0291  lr: 0.000394  time: 0.7550  data: 0.6718  max mem: 2691
      TTA Epoch: [16] [100/123]  eta: 0:00:01  entropy: 0.0090  uncertainty: 1.0000  uncertainty_coeffi: 1.0000  loss: 0.0090  lr: 0.000193  time: 0.0494  data: 0.0003  max mem: 2691
      TTA Epoch: [16] [122/123]  eta: 0:00:00  entropy: 0.0537  uncertainty: 1.0000  uncertainty_coeffi: 1.0000  loss: 0.0537  lr: 0.000193  time: 0.0405  data: 0.0002  max mem: 2691
      TTA Epoch: [16] Total time: 0:00:05 (0.0487 s / it)
     Averaged stats: entropy: 0.0312  uncertainty: 1.0000  uncertainty_coeffi: 1.0000  loss: 0.0312  lr: 0.0002
     itm tta time 0:00:06
      TTA Epoch: [17] [  0/123]  eta: 0:01:10  entropy: 0.0236  uncertainty: 1.0000  uncertainty_coeffi: 1.0000  loss: 0.0236  lr: 0.000193  time: 0.5718  data: 0.5096  max mem: 2691
      TTA Epoch: [17] [100/123]  eta: 0:00:01  entropy: 0.0807  uncertainty: 1.0000  uncertainty_coeffi: 1.0000  loss: 0.0807  lr: 0.000189  time: 0.0477  data: 0.0111  max mem: 2691
      TTA Epoch: [17] [122/123]  eta: 0:00:00  entropy: 0.0035  uncertainty: 1.0000  uncertainty_coeffi: 1.0000  loss: 0.0035  lr: 0.000188  time: 0.0410  data: 0.0032  max mem: 2691
      TTA Epoch: [17] Total time: 0:00:06 (0.0507 s / it)
     Averaged stats: entropy: 0.0283  uncertainty: 1.0000  uncertainty_coeffi: 1.0000  loss: 0.0283  lr: 0.0002
     itm tta time 0:00:06
      TTA Epoch: [18] [  0/123]  eta: 0:00:59  entropy: 0.0000  uncertainty: 1.0000  uncertainty_coeffi: 1.0000  loss: 0.0000  lr: 0.000188  time: 0.4858  data: 0.4343  max mem: 2691
      TTA Epoch: [18] [100/123]  eta: 0:00:01  entropy: 0.0400  uncertainty: 1.0000  uncertainty_coeffi: 1.0000  loss: 0.0400  lr: 0.000185  time: 0.0434  data: 0.0002  max mem: 2691
      TTA Epoch: [18] [122/123]  eta: 0:00:00  entropy: 0.0153  uncertainty: 1.0000  uncertainty_coeffi: 1.0000  loss: 0.0153  lr: 0.000184  time: 0.0405  data: 0.0002  max mem: 2691
      TTA Epoch: [18] Total time: 0:00:05 (0.0440 s / it)
     Averaged stats: entropy: 0.0289  uncertainty: 1.0000  uncertainty_coeffi: 1.0000  loss: 0.0289  lr: 0.0002
     itm tta time 0:00:05
      TTA Epoch: [19] [  0/123]  eta: 0:01:10  entropy: 0.0121  uncertainty: 1.0000  uncertainty_coeffi: 1.0000  loss: 0.0121  lr: 0.000184  time: 0.5772  data: 0.5183  max mem: 2691
      TTA Epoch: [19] [100/123]  eta: 0:00:01  entropy: 0.0363  uncertainty: 1.0000  uncertainty_coeffi: 1.0000  loss: 0.0363  lr: 0.000180  time: 0.0522  data: 0.0002  max mem: 2691
      TTA Epoch: [19] [122/123]  eta: 0:00:00  entropy: 0.0003  uncertainty: 1.0000  uncertainty_coeffi: 1.0000  loss: 0.0003  lr: 0.000179  time: 0.0439  data: 0.0002  max mem: 2691
      TTA Epoch: [19] Total time: 0:00:06 (0.0505 s / it)
     Averaged stats: entropy: 0.0305  uncertainty: 1.0000  uncertainty_coeffi: 1.0000  loss: 0.0305  lr: 0.0002
     itm tta time 0:00:06
     Computing matching score
      Evaluation: [   0/1978]  eta: 0:01:31    time: 0.0464  data: 0.0038  max mem: 2691
      Evaluation: [ 100/1978]  eta: 0:01:51    time: 0.0517  data: 0.0000  max mem: 2691
      Evaluation: [ 200/1978]  eta: 0:01:33    time: 0.0438  data: 0.0000  max mem: 2691
      Evaluation: [ 300/1978]  eta: 0:01:22    time: 0.0403  data: 0.0000  max mem: 2691
      Evaluation: [ 400/1978]  eta: 0:01:14    time: 0.0429  data: 0.0000  max mem: 2691
      Evaluation: [ 500/1978]  eta: 0:01:08    time: 0.0413  data: 0.0000  max mem: 2691
      Evaluation: [ 600/1978]  eta: 0:01:03    time: 0.0427  data: 0.0000  max mem: 2691
      Evaluation: [ 700/1978]  eta: 0:00:57    time: 0.0415  data: 0.0000  max mem: 2691
      Evaluation: [ 800/1978]  eta: 0:00:52    time: 0.0427  data: 0.0000  max mem: 2691
      Evaluation: [ 900/1978]  eta: 0:00:48    time: 0.0441  data: 0.0000  max mem: 2691
      Evaluation: [1000/1978]  eta: 0:00:43    time: 0.0429  data: 0.0000  max mem: 2691
      Evaluation: [1100/1978]  eta: 0:00:39    time: 0.0437  data: 0.0000  max mem: 2691
      Evaluation: [1200/1978]  eta: 0:00:34    time: 0.0428  data: 0.0000  max mem: 2691
      Evaluation: [1300/1978]  eta: 0:00:30    time: 0.0424  data: 0.0000  max mem: 2691
      Evaluation: [1400/1978]  eta: 0:00:25    time: 0.0444  data: 0.0000  max mem: 2691
      Evaluation: [1500/1978]  eta: 0:00:21    time: 0.0437  data: 0.0000  max mem: 2691
      Evaluation: [1600/1978]  eta: 0:00:16    time: 0.0437  data: 0.0000  max mem: 2691
      Evaluation: [1700/1978]  eta: 0:00:12    time: 0.0436  data: 0.0000  max mem: 2691
      Evaluation: [1800/1978]  eta: 0:00:07    time: 0.0453  data: 0.0000  max mem: 2691
      Evaluation: [1900/1978]  eta: 0:00:03    time: 0.0490  data: 0.0000  max mem: 2691
      Evaluation: [1977/1978]  eta: 0:00:00    time: 0.0485  data: 0.0000  max mem: 2691
      Evaluation: Total time: 0:01:28 (0.0446 s / it)
     Computing matching score time 0:01:28
### TTA ITM Score: 
+-------------------+--------+--------+--------+--------+--------+
|       epoch       |   R1   |   R5   |  R10   |  mAP   |  mINP  |
+-------------------+--------+--------+--------+--------+--------+
|        -999       | 69.414 | 95.197 | 97.776 | 81.233 | 81.233 |
|        -999       | 84.277 | 99.039 | 99.596 | 91.276 | 91.276 |
|  cos_sim_wo/norm  | 58.544 | 91.860 | 95.703 | 73.596 | 73.596 |
|        -999       | 69.414 | 95.197 | 97.776 | 81.233 | 81.233 |
| itm_score_wo/norm | 84.328 | 98.989 | 99.494 | 91.293 | 91.293 |
|        -999       | 84.277 | 99.039 | 99.596 | 91.276 | 91.276 |
|         0         | 84.580 | 98.938 | 99.545 | 91.387 | 91.387 |
|         1         | 84.783 | 98.736 | 99.444 | 91.400 | 91.400 |
|         2         | 84.783 | 98.686 | 99.343 | 91.377 | 91.377 |
|         4         | 84.934 | 98.787 | 99.393 | 91.480 | 91.480 |
|         9         | 85.288 | 98.635 | 99.393 | 91.646 | 91.646 |
|         14        | 85.187 | 98.382 | 99.444 | 91.527 | 91.527 |
|         19        | 84.985 | 98.433 | 99.292 | 91.430 | 91.430 |
+-------------------+--------+--------+--------+--------+--------+
     logs:  {'epo': 19, 'R1': np.float32(84.985), 'R5': np.float32(98.433), 'R10': np.float32(99.292), 'mAP': np.float32(91.43), 'mINP': np.float32(91.43), 'entropy': 0.030532, 'uncertainty': 1.0, 'uncertainty_coeffi': 1.0, 'loss': 0.030532, 'lr': 0.000182}
      TTA Epoch: [20] [  0/123]  eta: 0:00:58  entropy: 0.1076  uncertainty: 1.0000  uncertainty_coeffi: 1.0000  loss: 0.1076  lr: 0.000179  time: 0.4716  data: 0.3841  max mem: 2691
      TTA Epoch: [20] [100/123]  eta: 0:00:01  entropy: 0.0000  uncertainty: 1.0000  uncertainty_coeffi: 1.0000  loss: 0.0000  lr: 0.000176  time: 0.0406  data: 0.0001  max mem: 2691
      TTA Epoch: [20] [122/123]  eta: 0:00:00  entropy: 0.0328  uncertainty: 1.0000  uncertainty_coeffi: 1.0000  loss: 0.0328  lr: 0.000175  time: 0.0345  data: 0.0001  max mem: 2691
      TTA Epoch: [20] Total time: 0:00:05 (0.0428 s / it)
     Averaged stats: entropy: 0.0288  uncertainty: 1.0000  uncertainty_coeffi: 1.0000  loss: 0.0288  lr: 0.0002
     itm tta time 0:00:05
      TTA Epoch: [21] [  0/123]  eta: 0:00:59  entropy: 0.0024  uncertainty: 1.0000  uncertainty_coeffi: 1.0000  loss: 0.0024  lr: 0.000175  time: 0.4839  data: 0.4347  max mem: 2691
      TTA Epoch: [21] [100/123]  eta: 0:00:01  entropy: 0.0277  uncertainty: 1.0000  uncertainty_coeffi: 1.0000  loss: 0.0277  lr: 0.000171  time: 0.0423  data: 0.0002  max mem: 2691
      TTA Epoch: [21] [122/123]  eta: 0:00:00  entropy: 0.0011  uncertainty: 1.0000  uncertainty_coeffi: 1.0000  loss: 0.0011  lr: 0.000171  time: 0.0350  data: 0.0001  max mem: 2691
      TTA Epoch: [21] Total time: 0:00:05 (0.0425 s / it)
     Averaged stats: entropy: 0.0279  uncertainty: 1.0000  uncertainty_coeffi: 1.0000  loss: 0.0279  lr: 0.0002
     itm tta time 0:00:05
      TTA Epoch: [22] [  0/123]  eta: 0:00:58  entropy: 0.0299  uncertainty: 1.0000  uncertainty_coeffi: 1.0000  loss: 0.0299  lr: 0.000170  time: 0.4764  data: 0.4235  max mem: 2691
      TTA Epoch: [22] [100/123]  eta: 0:00:01  entropy: 0.0851  uncertainty: 1.0000  uncertainty_coeffi: 1.0000  loss: 0.0851  lr: 0.000167  time: 0.0408  data: 0.0001  max mem: 2691
      TTA Epoch: [22] [122/123]  eta: 0:00:00  entropy: 0.0391  uncertainty: 1.0000  uncertainty_coeffi: 1.0000  loss: 0.0391  lr: 0.000166  time: 0.0371  data: 0.0002  max mem: 2691
      TTA Epoch: [22] Total time: 0:00:05 (0.0432 s / it)
     Averaged stats: entropy: 0.0292  uncertainty: 1.0000  uncertainty_coeffi: 1.0000  loss: 0.0292  lr: 0.0002
     itm tta time 0:00:05
      TTA Epoch: [23] [  0/123]  eta: 0:00:59  entropy: 0.0376  uncertainty: 1.0000  uncertainty_coeffi: 1.0000  loss: 0.0376  lr: 0.000166  time: 0.4878  data: 0.4354  max mem: 2691
      TTA Epoch: [23] [100/123]  eta: 0:00:01  entropy: 0.0492  uncertainty: 1.0000  uncertainty_coeffi: 1.0000  loss: 0.0492  lr: 0.000162  time: 0.0392  data: 0.0002  max mem: 2691
      TTA Epoch: [23] [122/123]  eta: 0:00:00  entropy: 0.0252  uncertainty: 1.0000  uncertainty_coeffi: 1.0000  loss: 0.0252  lr: 0.000162  time: 0.0365  data: 0.0001  max mem: 2691
      TTA Epoch: [23] Total time: 0:00:05 (0.0439 s / it)
     Averaged stats: entropy: 0.0226  uncertainty: 1.0000  uncertainty_coeffi: 1.0000  loss: 0.0226  lr: 0.0002
     itm tta time 0:00:05
      TTA Epoch: [24] [  0/123]  eta: 0:01:01  entropy: 0.0007  uncertainty: 1.0000  uncertainty_coeffi: 1.0000  loss: 0.0007  lr: 0.000162  time: 0.5017  data: 0.4455  max mem: 2691
      TTA Epoch: [24] [100/123]  eta: 0:00:00  entropy: 0.0054  uncertainty: 1.0000  uncertainty_coeffi: 1.0000  loss: 0.0054  lr: 0.000158  time: 0.0386  data: 0.0001  max mem: 2691
      TTA Epoch: [24] [122/123]  eta: 0:00:00  entropy: 0.0049  uncertainty: 1.0000  uncertainty_coeffi: 1.0000  loss: 0.0049  lr: 0.000157  time: 0.0356  data: 0.0002  max mem: 2691
      TTA Epoch: [24] Total time: 0:00:05 (0.0421 s / it)
     Averaged stats: entropy: 0.0237  uncertainty: 1.0000  uncertainty_coeffi: 1.0000  loss: 0.0237  lr: 0.0002
     itm tta time 0:00:05
      TTA Epoch: [25] [  0/123]  eta: 0:00:59  entropy: 0.1210  uncertainty: 1.0000  uncertainty_coeffi: 1.0000  loss: 0.1210  lr: 0.000157  time: 0.4840  data: 0.4343  max mem: 2691
      TTA Epoch: [25] [100/123]  eta: 0:00:00  entropy: 0.0478  uncertainty: 1.0000  uncertainty_coeffi: 1.0000  loss: 0.0478  lr: 0.000154  time: 0.0366  data: 0.0002  max mem: 2691
      TTA Epoch: [25] [122/123]  eta: 0:00:00  entropy: 0.0224  uncertainty: 1.0000  uncertainty_coeffi: 1.0000  loss: 0.0224  lr: 0.000153  time: 0.0338  data: 0.0001  max mem: 2691
      TTA Epoch: [25] Total time: 0:00:05 (0.0411 s / it)
     Averaged stats: entropy: 0.0246  uncertainty: 1.0000  uncertainty_coeffi: 1.0000  loss: 0.0246  lr: 0.0002
     itm tta time 0:00:05
      TTA Epoch: [26] [  0/123]  eta: 0:00:59  entropy: 0.0799  uncertainty: 1.0000  uncertainty_coeffi: 1.0000  loss: 0.0799  lr: 0.000153  time: 0.4830  data: 0.4322  max mem: 2691
      TTA Epoch: [26] [100/123]  eta: 0:00:01  entropy: 0.0028  uncertainty: 1.0000  uncertainty_coeffi: 1.0000  loss: 0.0028  lr: 0.000149  time: 0.0386  data: 0.0002  max mem: 2691
      TTA Epoch: [26] [122/123]  eta: 0:00:00  entropy: 0.0255  uncertainty: 1.0000  uncertainty_coeffi: 1.0000  loss: 0.0255  lr: 0.000148  time: 0.0364  data: 0.0002  max mem: 2691
      TTA Epoch: [26] Total time: 0:00:05 (0.0426 s / it)
     Averaged stats: entropy: 0.0230  uncertainty: 1.0000  uncertainty_coeffi: 1.0000  loss: 0.0230  lr: 0.0002
     itm tta time 0:00:05
      TTA Epoch: [27] [  0/123]  eta: 0:01:00  entropy: 0.0365  uncertainty: 1.0000  uncertainty_coeffi: 1.0000  loss: 0.0365  lr: 0.000148  time: 0.4915  data: 0.4413  max mem: 2691
      TTA Epoch: [27] [100/123]  eta: 0:00:00  entropy: 0.0364  uncertainty: 1.0000  uncertainty_coeffi: 1.0000  loss: 0.0364  lr: 0.000145  time: 0.0373  data: 0.0001  max mem: 2691
      TTA Epoch: [27] [122/123]  eta: 0:00:00  entropy: 0.0069  uncertainty: 1.0000  uncertainty_coeffi: 1.0000  loss: 0.0069  lr: 0.000144  time: 0.0338  data: 0.0001  max mem: 2691
      TTA Epoch: [27] Total time: 0:00:05 (0.0409 s / it)
     Averaged stats: entropy: 0.0244  uncertainty: 1.0000  uncertainty_coeffi: 1.0000  loss: 0.0244  lr: 0.0001
     itm tta time 0:00:05
      TTA Epoch: [28] [  0/123]  eta: 0:01:00  entropy: 0.0007  uncertainty: 1.0000  uncertainty_coeffi: 1.0000  loss: 0.0007  lr: 0.000144  time: 0.4894  data: 0.4213  max mem: 2691
      TTA Epoch: [28] [100/123]  eta: 0:00:01  entropy: 0.0000  uncertainty: 1.0000  uncertainty_coeffi: 1.0000  loss: 0.0000  lr: 0.000056  time: 0.0402  data: 0.0001  max mem: 2691
      TTA Epoch: [28] [122/123]  eta: 0:00:00  entropy: 0.0122  uncertainty: 1.0000  uncertainty_coeffi: 1.0000  loss: 0.0122  lr: 0.000056  time: 0.0360  data: 0.0001  max mem: 2691
      TTA Epoch: [28] Total time: 0:00:05 (0.0425 s / it)
     Averaged stats: entropy: 0.0238  uncertainty: 1.0000  uncertainty_coeffi: 1.0000  loss: 0.0238  lr: 0.0001
     itm tta time 0:00:05
      TTA Epoch: [29] [  0/123]  eta: 0:01:00  entropy: 0.0436  uncertainty: 1.0000  uncertainty_coeffi: 1.0000  loss: 0.0436  lr: 0.000056  time: 0.4908  data: 0.4381  max mem: 2691
      TTA Epoch: [29] [100/123]  eta: 0:00:01  entropy: 0.0001  uncertainty: 1.0000  uncertainty_coeffi: 1.0000  loss: 0.0001  lr: 0.000054  time: 0.0397  data: 0.0002  max mem: 2691
      TTA Epoch: [29] [122/123]  eta: 0:00:00  entropy: 0.0000  uncertainty: 1.0000  uncertainty_coeffi: 1.0000  loss: 0.0000  lr: 0.000054  time: 0.0339  data: 0.0001  max mem: 2691
      TTA Epoch: [29] Total time: 0:00:05 (0.0429 s / it)
     Averaged stats: entropy: 0.0245  uncertainty: 1.0000  uncertainty_coeffi: 1.0000  loss: 0.0245  lr: 0.0001
     itm tta time 0:00:05
     Computing matching score
      Evaluation: [   0/1978]  eta: 0:01:30    time: 0.0455  data: 0.0023  max mem: 2691
      Evaluation: [ 100/1978]  eta: 0:01:24    time: 0.0445  data: 0.0000  max mem: 2691
      Evaluation: [ 200/1978]  eta: 0:01:21    time: 0.0446  data: 0.0000  max mem: 2691
      Evaluation: [ 300/1978]  eta: 0:01:16    time: 0.0447  data: 0.0000  max mem: 2691
      Evaluation: [ 400/1978]  eta: 0:01:11    time: 0.0436  data: 0.0000  max mem: 2691
      Evaluation: [ 500/1978]  eta: 0:01:06    time: 0.0436  data: 0.0000  max mem: 2691
      Evaluation: [ 600/1978]  eta: 0:01:01    time: 0.0433  data: 0.0000  max mem: 2691
      Evaluation: [ 700/1978]  eta: 0:00:56    time: 0.0447  data: 0.0000  max mem: 2691
      Evaluation: [ 800/1978]  eta: 0:00:52    time: 0.0448  data: 0.0000  max mem: 2691
      Evaluation: [ 900/1978]  eta: 0:00:47    time: 0.0437  data: 0.0000  max mem: 2691
      Evaluation: [1000/1978]  eta: 0:00:43    time: 0.0475  data: 0.0000  max mem: 2691
      Evaluation: [1100/1978]  eta: 0:00:39    time: 0.0453  data: 0.0000  max mem: 2691
      Evaluation: [1200/1978]  eta: 0:00:34    time: 0.0448  data: 0.0000  max mem: 2691
      Evaluation: [1300/1978]  eta: 0:00:30    time: 0.0447  data: 0.0000  max mem: 2691
      Evaluation: [1400/1978]  eta: 0:00:25    time: 0.0443  data: 0.0000  max mem: 2691
      Evaluation: [1500/1978]  eta: 0:00:21    time: 0.0443  data: 0.0000  max mem: 2691
      Evaluation: [1600/1978]  eta: 0:00:16    time: 0.0442  data: 0.0000  max mem: 2691
      Evaluation: [1700/1978]  eta: 0:00:12    time: 0.0458  data: 0.0000  max mem: 2691
      Evaluation: [1800/1978]  eta: 0:00:07    time: 0.0432  data: 0.0000  max mem: 2691
      Evaluation: [1900/1978]  eta: 0:00:03    time: 0.0425  data: 0.0000  max mem: 2691
      Evaluation: [1977/1978]  eta: 0:00:00    time: 0.0442  data: 0.0000  max mem: 2691
      Evaluation: Total time: 0:01:28 (0.0448 s / it)
     Computing matching score time 0:01:28
### TTA ITM Score: 
+-------------------+--------+--------+--------+--------+--------+
|       epoch       |   R1   |   R5   |  R10   |  mAP   |  mINP  |
+-------------------+--------+--------+--------+--------+--------+
|        -999       | 69.414 | 95.197 | 97.776 | 81.233 | 81.233 |
|        -999       | 84.277 | 99.039 | 99.596 | 91.276 | 91.276 |
|  cos_sim_wo/norm  | 58.544 | 91.860 | 95.703 | 73.596 | 73.596 |
|        -999       | 69.414 | 95.197 | 97.776 | 81.233 | 81.233 |
| itm_score_wo/norm | 84.328 | 98.989 | 99.494 | 91.293 | 91.293 |
|        -999       | 84.277 | 99.039 | 99.596 | 91.276 | 91.276 |
|         0         | 84.580 | 98.938 | 99.545 | 91.387 | 91.387 |
|         1         | 84.783 | 98.736 | 99.444 | 91.400 | 91.400 |
|         2         | 84.783 | 98.686 | 99.343 | 91.377 | 91.377 |
|         4         | 84.934 | 98.787 | 99.393 | 91.480 | 91.480 |
|         9         | 85.288 | 98.635 | 99.393 | 91.646 | 91.646 |
|         14        | 85.187 | 98.382 | 99.444 | 91.527 | 91.527 |
|         19        | 84.985 | 98.433 | 99.292 | 91.430 | 91.430 |
|         29        | 85.035 | 98.483 | 99.343 | 91.440 | 91.440 |
+-------------------+--------+--------+--------+--------+--------+
     logs:  {'epo': 29, 'R1': np.float32(85.035), 'R5': np.float32(98.483), 'R10': np.float32(99.343), 'mAP': np.float32(91.44), 'mINP': np.float32(91.44), 'entropy': 0.024545, 'uncertainty': 1.0, 'uncertainty_coeffi': 1.0, 'loss': 0.024545, 'lr': 5.5e-05}
      TTA Epoch: [30] [  0/123]  eta: 0:00:59  entropy: 0.0225  uncertainty: 1.0000  uncertainty_coeffi: 1.0000  loss: 0.0225  lr: 0.000054  time: 0.4864  data: 0.4293  max mem: 2691
      TTA Epoch: [30] [100/123]  eta: 0:00:00  entropy: 0.0007  uncertainty: 1.0000  uncertainty_coeffi: 1.0000  loss: 0.0007  lr: 0.000053  time: 0.0370  data: 0.0002  max mem: 2691
      TTA Epoch: [30] [122/123]  eta: 0:00:00  entropy: 0.0485  uncertainty: 1.0000  uncertainty_coeffi: 1.0000  loss: 0.0485  lr: 0.000052  time: 0.0344  data: 0.0001  max mem: 2691
      TTA Epoch: [30] Total time: 0:00:04 (0.0405 s / it)
     Averaged stats: entropy: 0.0213  uncertainty: 1.0000  uncertainty_coeffi: 1.0000  loss: 0.0213  lr: 0.0001
     itm tta time 0:00:05
      TTA Epoch: [31] [  0/123]  eta: 0:00:58  entropy: 0.0017  uncertainty: 1.0000  uncertainty_coeffi: 1.0000  loss: 0.0017  lr: 0.000052  time: 0.4716  data: 0.4135  max mem: 2691
      TTA Epoch: [31] [100/123]  eta: 0:00:01  entropy: 0.0300  uncertainty: 1.0000  uncertainty_coeffi: 1.0000  loss: 0.0300  lr: 0.000051  time: 0.0406  data: 0.0002  max mem: 2691
      TTA Epoch: [31] [122/123]  eta: 0:00:00  entropy: 0.0637  uncertainty: 1.0000  uncertainty_coeffi: 1.0000  loss: 0.0637  lr: 0.000050  time: 0.0491  data: 0.0003  max mem: 2691
      TTA Epoch: [31] Total time: 0:00:05 (0.0454 s / it)
     Averaged stats: entropy: 0.0231  uncertainty: 1.0000  uncertainty_coeffi: 1.0000  loss: 0.0231  lr: 0.0001
     itm tta time 0:00:05
      TTA Epoch: [32] [  0/123]  eta: 0:01:33  entropy: 0.0000  uncertainty: 1.0000  uncertainty_coeffi: 1.0000  loss: 0.0000  lr: 0.000050  time: 0.7621  data: 0.7018  max mem: 2691
      TTA Epoch: [32] [100/123]  eta: 0:00:01  entropy: 0.0107  uncertainty: 1.0000  uncertainty_coeffi: 1.0000  loss: 0.0107  lr: 0.000049  time: 0.0398  data: 0.0001  max mem: 2691
      TTA Epoch: [32] [122/123]  eta: 0:00:00  entropy: 0.0000  uncertainty: 1.0000  uncertainty_coeffi: 1.0000  loss: 0.0000  lr: 0.000049  time: 0.0437  data: 0.0003  max mem: 2691
      TTA Epoch: [32] Total time: 0:00:06 (0.0492 s / it)
     Averaged stats: entropy: 0.0198  uncertainty: 1.0000  uncertainty_coeffi: 1.0000  loss: 0.0198  lr: 0.0000
     itm tta time 0:00:06
      TTA Epoch: [33] [  0/123]  eta: 0:01:01  entropy: 0.0017  uncertainty: 1.0000  uncertainty_coeffi: 1.0000  loss: 0.0017  lr: 0.000049  time: 0.4994  data: 0.4437  max mem: 2691
      TTA Epoch: [33] [100/123]  eta: 0:00:01  entropy: 0.0006  uncertainty: 1.0000  uncertainty_coeffi: 1.0000  loss: 0.0006  lr: 0.000047  time: 0.0460  data: 0.0001  max mem: 2691
      TTA Epoch: [33] [122/123]  eta: 0:00:00  entropy: 0.0000  uncertainty: 1.0000  uncertainty_coeffi: 1.0000  loss: 0.0000  lr: 0.000047  time: 0.0489  data: 0.0002  max mem: 2691
      TTA Epoch: [33] Total time: 0:00:06 (0.0510 s / it)
     Averaged stats: entropy: 0.0223  uncertainty: 1.0000  uncertainty_coeffi: 1.0000  loss: 0.0223  lr: 0.0000
     itm tta time 0:00:06
      TTA Epoch: [34] [  0/123]  eta: 0:01:19  entropy: 0.0288  uncertainty: 1.0000  uncertainty_coeffi: 1.0000  loss: 0.0288  lr: 0.000047  time: 0.6436  data: 0.5944  max mem: 2691
      TTA Epoch: [34] [100/123]  eta: 0:00:01  entropy: 0.0007  uncertainty: 1.0000  uncertainty_coeffi: 1.0000  loss: 0.0007  lr: 0.000045  time: 0.0398  data: 0.0002  max mem: 2691
      TTA Epoch: [34] [122/123]  eta: 0:00:00  entropy: 0.0837  uncertainty: 1.0000  uncertainty_coeffi: 1.0000  loss: 0.0837  lr: 0.000045  time: 0.0371  data: 0.0001  max mem: 2691
      TTA Epoch: [34] Total time: 0:00:05 (0.0467 s / it)
     Averaged stats: entropy: 0.0211  uncertainty: 1.0000  uncertainty_coeffi: 1.0000  loss: 0.0211  lr: 0.0000
     itm tta time 0:00:05
      TTA Epoch: [35] [  0/123]  eta: 0:00:57  entropy: 0.0003  uncertainty: 1.0000  uncertainty_coeffi: 1.0000  loss: 0.0003  lr: 0.000045  time: 0.4692  data: 0.4127  max mem: 2691
      TTA Epoch: [35] [100/123]  eta: 0:00:01  entropy: 0.0020  uncertainty: 1.0000  uncertainty_coeffi: 1.0000  loss: 0.0020  lr: 0.000044  time: 0.0394  data: 0.0002  max mem: 2691
      TTA Epoch: [35] [122/123]  eta: 0:00:00  entropy: 0.0516  uncertainty: 1.0000  uncertainty_coeffi: 1.0000  loss: 0.0516  lr: 0.000043  time: 0.0359  data: 0.0001  max mem: 2691
      TTA Epoch: [35] Total time: 0:00:05 (0.0426 s / it)
     Averaged stats: entropy: 0.0223  uncertainty: 1.0000  uncertainty_coeffi: 1.0000  loss: 0.0223  lr: 0.0000
     itm tta time 0:00:05
      TTA Epoch: [36] [  0/123]  eta: 0:01:00  entropy: 0.0025  uncertainty: 1.0000  uncertainty_coeffi: 1.0000  loss: 0.0025  lr: 0.000043  time: 0.4890  data: 0.4398  max mem: 2691
      TTA Epoch: [36] [100/123]  eta: 0:00:00  entropy: 0.0536  uncertainty: 1.0000  uncertainty_coeffi: 1.0000  loss: 0.0536  lr: 0.000042  time: 0.0376  data: 0.0002  max mem: 2691
      TTA Epoch: [36] [122/123]  eta: 0:00:00  entropy: 0.0011  uncertainty: 1.0000  uncertainty_coeffi: 1.0000  loss: 0.0011  lr: 0.000042  time: 0.0341  data: 0.0001  max mem: 2691
      TTA Epoch: [36] Total time: 0:00:05 (0.0414 s / it)
     Averaged stats: entropy: 0.0183  uncertainty: 1.0000  uncertainty_coeffi: 1.0000  loss: 0.0183  lr: 0.0000
     itm tta time 0:00:05
      TTA Epoch: [37] [  0/123]  eta: 0:01:05  entropy: 0.0671  uncertainty: 1.0000  uncertainty_coeffi: 1.0000  loss: 0.0671  lr: 0.000042  time: 0.5338  data: 0.4742  max mem: 2691
      TTA Epoch: [37] [100/123]  eta: 0:00:00  entropy: 0.0024  uncertainty: 1.0000  uncertainty_coeffi: 1.0000  loss: 0.0024  lr: 0.000040  time: 0.0342  data: 0.0001  max mem: 2691
      TTA Epoch: [37] [122/123]  eta: 0:00:00  entropy: 0.0918  uncertainty: 1.0000  uncertainty_coeffi: 1.0000  loss: 0.0918  lr: 0.000040  time: 0.0365  data: 0.0044  max mem: 2691
      TTA Epoch: [37] Total time: 0:00:05 (0.0419 s / it)
     Averaged stats: entropy: 0.0193  uncertainty: 1.0000  uncertainty_coeffi: 1.0000  loss: 0.0193  lr: 0.0000
     itm tta time 0:00:05
      TTA Epoch: [38] [  0/123]  eta: 0:01:00  entropy: 0.0057  uncertainty: 1.0000  uncertainty_coeffi: 1.0000  loss: 0.0057  lr: 0.000040  time: 0.4927  data: 0.4121  max mem: 2691
      TTA Epoch: [38] [100/123]  eta: 0:00:00  entropy: 0.0390  uncertainty: 1.0000  uncertainty_coeffi: 1.0000  loss: 0.0390  lr: 0.000038  time: 0.0399  data: 0.0066  max mem: 2691
      TTA Epoch: [38] [122/123]  eta: 0:00:00  entropy: 0.0579  uncertainty: 1.0000  uncertainty_coeffi: 1.0000  loss: 0.0579  lr: 0.000038  time: 0.0406  data: 0.0084  max mem: 2691
      TTA Epoch: [38] Total time: 0:00:05 (0.0417 s / it)
     Averaged stats: entropy: 0.0185  uncertainty: 1.0000  uncertainty_coeffi: 1.0000  loss: 0.0185  lr: 0.0000
     itm tta time 0:00:05
      TTA Epoch: [39] [  0/123]  eta: 0:00:55  entropy: 0.0678  uncertainty: 1.0000  uncertainty_coeffi: 1.0000  loss: 0.0678  lr: 0.000038  time: 0.4534  data: 0.4067  max mem: 2691
      TTA Epoch: [39] [100/123]  eta: 0:00:00  entropy: 0.0001  uncertainty: 1.0000  uncertainty_coeffi: 1.0000  loss: 0.0001  lr: 0.000037  time: 0.0406  data: 0.0078  max mem: 2691
      TTA Epoch: [39] [122/123]  eta: 0:00:00  entropy: 0.0001  uncertainty: 1.0000  uncertainty_coeffi: 1.0000  loss: 0.0001  lr: 0.000036  time: 0.0327  data: 0.0014  max mem: 2691
      TTA Epoch: [39] Total time: 0:00:04 (0.0402 s / it)
     Averaged stats: entropy: 0.0207  uncertainty: 1.0000  uncertainty_coeffi: 1.0000  loss: 0.0207  lr: 0.0000
     itm tta time 0:00:05
     Computing matching score
      Evaluation: [   0/1978]  eta: 0:01:45    time: 0.0534  data: 0.0042  max mem: 2691
      Evaluation: [ 100/1978]  eta: 0:01:23    time: 0.0469  data: 0.0000  max mem: 2691
      Evaluation: [ 200/1978]  eta: 0:01:19    time: 0.0443  data: 0.0000  max mem: 2691
      Evaluation: [ 300/1978]  eta: 0:01:15    time: 0.0469  data: 0.0000  max mem: 2691
      Evaluation: [ 400/1978]  eta: 0:01:10    time: 0.0446  data: 0.0000  max mem: 2691
      Evaluation: [ 500/1978]  eta: 0:01:05    time: 0.0439  data: 0.0000  max mem: 2691
      Evaluation: [ 600/1978]  eta: 0:01:01    time: 0.0473  data: 0.0000  max mem: 2691
      Evaluation: [ 700/1978]  eta: 0:00:57    time: 0.0450  data: 0.0000  max mem: 2691
      Evaluation: [ 800/1978]  eta: 0:00:53    time: 0.0438  data: 0.0000  max mem: 2691
      Evaluation: [ 900/1978]  eta: 0:00:48    time: 0.0431  data: 0.0000  max mem: 2691
      Evaluation: [1000/1978]  eta: 0:00:43    time: 0.0422  data: 0.0000  max mem: 2691
      Evaluation: [1100/1978]  eta: 0:00:39    time: 0.0430  data: 0.0000  max mem: 2691
      Evaluation: [1200/1978]  eta: 0:00:34    time: 0.0452  data: 0.0000  max mem: 2691
      Evaluation: [1300/1978]  eta: 0:00:30    time: 0.0424  data: 0.0000  max mem: 2691
      Evaluation: [1400/1978]  eta: 0:00:25    time: 0.0427  data: 0.0000  max mem: 2691
      Evaluation: [1500/1978]  eta: 0:00:21    time: 0.0433  data: 0.0000  max mem: 2691
      Evaluation: [1600/1978]  eta: 0:00:16    time: 0.0444  data: 0.0000  max mem: 2691
      Evaluation: [1700/1978]  eta: 0:00:12    time: 0.0460  data: 0.0000  max mem: 2691
      Evaluation: [1800/1978]  eta: 0:00:07    time: 0.0441  data: 0.0000  max mem: 2691
      Evaluation: [1900/1978]  eta: 0:00:03    time: 0.0467  data: 0.0000  max mem: 2691
      Evaluation: [1977/1978]  eta: 0:00:00    time: 0.0435  data: 0.0000  max mem: 2691
      Evaluation: Total time: 0:01:28 (0.0446 s / it)
     Computing matching score time 0:01:28
### TTA ITM Score: 
+-------------------+--------+--------+--------+--------+--------+
|       epoch       |   R1   |   R5   |  R10   |  mAP   |  mINP  |
+-------------------+--------+--------+--------+--------+--------+
|        -999       | 69.414 | 95.197 | 97.776 | 81.233 | 81.233 |
|        -999       | 84.277 | 99.039 | 99.596 | 91.276 | 91.276 |
|  cos_sim_wo/norm  | 58.544 | 91.860 | 95.703 | 73.596 | 73.596 |
|        -999       | 69.414 | 95.197 | 97.776 | 81.233 | 81.233 |
| itm_score_wo/norm | 84.328 | 98.989 | 99.494 | 91.293 | 91.293 |
|        -999       | 84.277 | 99.039 | 99.596 | 91.276 | 91.276 |
|         0         | 84.580 | 98.938 | 99.545 | 91.387 | 91.387 |
|         1         | 84.783 | 98.736 | 99.444 | 91.400 | 91.400 |
|         2         | 84.783 | 98.686 | 99.343 | 91.377 | 91.377 |
|         4         | 84.934 | 98.787 | 99.393 | 91.480 | 91.480 |
|         9         | 85.288 | 98.635 | 99.393 | 91.646 | 91.646 |
|         14        | 85.187 | 98.382 | 99.444 | 91.527 | 91.527 |
|         19        | 84.985 | 98.433 | 99.292 | 91.430 | 91.430 |
|         29        | 85.035 | 98.483 | 99.343 | 91.440 | 91.440 |
|         39        | 85.288 | 98.332 | 99.393 | 91.549 | 91.549 |
+-------------------+--------+--------+--------+--------+--------+
     logs:  {'epo': 39, 'R1': np.float32(85.288), 'R5': np.float32(98.332), 'R10': np.float32(99.393), 'mAP': np.float32(91.549), 'mINP': np.float32(91.549), 'entropy': 0.020722, 'uncertainty': 1.0, 'uncertainty_coeffi': 1.0, 'loss': 0.020722, 'lr': 3.7e-05}
      TTA Epoch: [40] [  0/123]  eta: 0:01:00  entropy: 0.0033  uncertainty: 1.0000  uncertainty_coeffi: 1.0000  loss: 0.0033  lr: 0.000036  time: 0.4914  data: 0.4271  max mem: 2691
      TTA Epoch: [40] [100/123]  eta: 0:00:00  entropy: 0.0182  uncertainty: 1.0000  uncertainty_coeffi: 1.0000  loss: 0.0182  lr: 0.000035  time: 0.0401  data: 0.0002  max mem: 2691
      TTA Epoch: [40] [122/123]  eta: 0:00:00  entropy: 0.1112  uncertainty: 1.0000  uncertainty_coeffi: 1.0000  loss: 0.1112  lr: 0.000035  time: 0.0353  data: 0.0002  max mem: 2691
      TTA Epoch: [40] Total time: 0:00:05 (0.0419 s / it)
     Averaged stats: entropy: 0.0196  uncertainty: 1.0000  uncertainty_coeffi: 1.0000  loss: 0.0196  lr: 0.0000
     itm tta time 0:00:05
      TTA Epoch: [41] [  0/123]  eta: 0:00:58  entropy: 0.0322  uncertainty: 1.0000  uncertainty_coeffi: 1.0000  loss: 0.0322  lr: 0.000035  time: 0.4725  data: 0.4045  max mem: 2691
      TTA Epoch: [41] [100/123]  eta: 0:00:01  entropy: 0.0000  uncertainty: 1.0000  uncertainty_coeffi: 1.0000  loss: 0.0000  lr: 0.000033  time: 0.0386  data: 0.0002  max mem: 2691
      TTA Epoch: [41] [122/123]  eta: 0:00:00  entropy: 0.0150  uncertainty: 1.0000  uncertainty_coeffi: 1.0000  loss: 0.0150  lr: 0.000033  time: 0.0356  data: 0.0002  max mem: 2691
      TTA Epoch: [41] Total time: 0:00:05 (0.0425 s / it)
     Averaged stats: entropy: 0.0191  uncertainty: 1.0000  uncertainty_coeffi: 1.0000  loss: 0.0191  lr: 0.0000
     itm tta time 0:00:05
      TTA Epoch: [42] [  0/123]  eta: 0:01:09  entropy: 0.0000  uncertainty: 1.0000  uncertainty_coeffi: 1.0000  loss: 0.0000  lr: 0.000033  time: 0.5679  data: 0.4509  max mem: 2691
      TTA Epoch: [42] [100/123]  eta: 0:00:01  entropy: 0.0008  uncertainty: 1.0000  uncertainty_coeffi: 1.0000  loss: 0.0008  lr: 0.000031  time: 0.0416  data: 0.0002  max mem: 2691
      TTA Epoch: [42] [122/123]  eta: 0:00:00  entropy: 0.0006  uncertainty: 1.0000  uncertainty_coeffi: 1.0000  loss: 0.0006  lr: 0.000031  time: 0.0351  data: 0.0001  max mem: 2691
      TTA Epoch: [42] Total time: 0:00:05 (0.0441 s / it)
     Averaged stats: entropy: 0.0214  uncertainty: 1.0000  uncertainty_coeffi: 1.0000  loss: 0.0214  lr: 0.0000
     itm tta time 0:00:05
      TTA Epoch: [43] [  0/123]  eta: 0:00:58  entropy: 0.0364  uncertainty: 1.0000  uncertainty_coeffi: 1.0000  loss: 0.0364  lr: 0.000031  time: 0.4745  data: 0.4239  max mem: 2691
      TTA Epoch: [43] [100/123]  eta: 0:00:01  entropy: 0.0371  uncertainty: 1.0000  uncertainty_coeffi: 1.0000  loss: 0.0371  lr: 0.000030  time: 0.0369  data: 0.0001  max mem: 2691
      TTA Epoch: [43] [122/123]  eta: 0:00:00  entropy: 0.0875  uncertainty: 1.0000  uncertainty_coeffi: 1.0000  loss: 0.0875  lr: 0.000029  time: 0.0316  data: 0.0001  max mem: 2691
      TTA Epoch: [43] Total time: 0:00:05 (0.0414 s / it)
     Averaged stats: entropy: 0.0203  uncertainty: 1.0000  uncertainty_coeffi: 1.0000  loss: 0.0203  lr: 0.0000
     itm tta time 0:00:05
      TTA Epoch: [44] [  0/123]  eta: 0:00:51  entropy: 0.0010  uncertainty: 1.0000  uncertainty_coeffi: 1.0000  loss: 0.0010  lr: 0.000029  time: 0.4212  data: 0.3728  max mem: 2691
      TTA Epoch: [44] [100/123]  eta: 0:00:00  entropy: 0.0465  uncertainty: 1.0000  uncertainty_coeffi: 1.0000  loss: 0.0465  lr: 0.000028  time: 0.0329  data: 0.0001  max mem: 2691
      TTA Epoch: [44] [122/123]  eta: 0:00:00  entropy: 0.0196  uncertainty: 1.0000  uncertainty_coeffi: 1.0000  loss: 0.0196  lr: 0.000027  time: 0.0329  data: 0.0001  max mem: 2691
      TTA Epoch: [44] Total time: 0:00:04 (0.0366 s / it)
     Averaged stats: entropy: 0.0180  uncertainty: 1.0000  uncertainty_coeffi: 1.0000  loss: 0.0180  lr: 0.0000
     itm tta time 0:00:04
      TTA Epoch: [45] [  0/123]  eta: 0:00:46  entropy: 0.1163  uncertainty: 1.0000  uncertainty_coeffi: 1.0000  loss: 0.1163  lr: 0.000027  time: 0.3794  data: 0.3217  max mem: 2691
      TTA Epoch: [45] [100/123]  eta: 0:00:00  entropy: 0.0021  uncertainty: 1.0000  uncertainty_coeffi: 1.0000  loss: 0.0021  lr: 0.000026  time: 0.0328  data: 0.0001  max mem: 2691
      TTA Epoch: [45] [122/123]  eta: 0:00:00  entropy: 0.0000  uncertainty: 1.0000  uncertainty_coeffi: 1.0000  loss: 0.0000  lr: 0.000026  time: 0.0348  data: 0.0001  max mem: 2691
      TTA Epoch: [45] Total time: 0:00:04 (0.0372 s / it)
     Averaged stats: entropy: 0.0222  uncertainty: 1.0000  uncertainty_coeffi: 1.0000  loss: 0.0222  lr: 0.0000
     itm tta time 0:00:04
      TTA Epoch: [46] [  0/123]  eta: 0:01:06  entropy: 0.0055  uncertainty: 1.0000  uncertainty_coeffi: 1.0000  loss: 0.0055  lr: 0.000026  time: 0.5395  data: 0.4610  max mem: 2691
      TTA Epoch: [46] [100/123]  eta: 0:00:00  entropy: 0.0001  uncertainty: 1.0000  uncertainty_coeffi: 1.0000  loss: 0.0001  lr: 0.000024  time: 0.0321  data: 0.0001  max mem: 2691
      TTA Epoch: [46] [122/123]  eta: 0:00:00  entropy: 0.0692  uncertainty: 1.0000  uncertainty_coeffi: 1.0000  loss: 0.0692  lr: 0.000024  time: 0.0309  data: 0.0001  max mem: 2691
      TTA Epoch: [46] Total time: 0:00:04 (0.0369 s / it)
     Averaged stats: entropy: 0.0177  uncertainty: 1.0000  uncertainty_coeffi: 1.0000  loss: 0.0177  lr: 0.0000
     itm tta time 0:00:04
      TTA Epoch: [47] [  0/123]  eta: 0:00:57  entropy: 0.0029  uncertainty: 1.0000  uncertainty_coeffi: 1.0000  loss: 0.0029  lr: 0.000024  time: 0.4669  data: 0.4188  max mem: 2691
      TTA Epoch: [47] [100/123]  eta: 0:00:00  entropy: 0.0000  uncertainty: 1.0000  uncertainty_coeffi: 1.0000  loss: 0.0000  lr: 0.000022  time: 0.0353  data: 0.0001  max mem: 2691
      TTA Epoch: [47] [122/123]  eta: 0:00:00  entropy: 0.0079  uncertainty: 1.0000  uncertainty_coeffi: 1.0000  loss: 0.0079  lr: 0.000022  time: 0.0326  data: 0.0001  max mem: 2691
      TTA Epoch: [47] Total time: 0:00:04 (0.0389 s / it)
     Averaged stats: entropy: 0.0180  uncertainty: 1.0000  uncertainty_coeffi: 1.0000  loss: 0.0180  lr: 0.0000
     itm tta time 0:00:04
      TTA Epoch: [48] [  0/123]  eta: 0:00:53  entropy: 0.0125  uncertainty: 1.0000  uncertainty_coeffi: 1.0000  loss: 0.0125  lr: 0.000022  time: 0.4382  data: 0.3910  max mem: 2691
      TTA Epoch: [48] [100/123]  eta: 0:00:00  entropy: 0.0025  uncertainty: 1.0000  uncertainty_coeffi: 1.0000  loss: 0.0025  lr: 0.000021  time: 0.0363  data: 0.0001  max mem: 2691
      TTA Epoch: [48] [122/123]  eta: 0:00:00  entropy: 0.0103  uncertainty: 1.0000  uncertainty_coeffi: 1.0000  loss: 0.0103  lr: 0.000020  time: 0.0319  data: 0.0001  max mem: 2691
      TTA Epoch: [48] Total time: 0:00:04 (0.0387 s / it)
     Averaged stats: entropy: 0.0196  uncertainty: 1.0000  uncertainty_coeffi: 1.0000  loss: 0.0196  lr: 0.0000
     itm tta time 0:00:04
      TTA Epoch: [49] [  0/123]  eta: 0:00:59  entropy: 0.0413  uncertainty: 1.0000  uncertainty_coeffi: 1.0000  loss: 0.0413  lr: 0.000020  time: 0.4841  data: 0.4395  max mem: 2691
      TTA Epoch: [49] [100/123]  eta: 0:00:00  entropy: 0.0318  uncertainty: 1.0000  uncertainty_coeffi: 1.0000  loss: 0.0318  lr: 0.000019  time: 0.0393  data: 0.0001  max mem: 2691
      TTA Epoch: [49] [122/123]  eta: 0:00:00  entropy: 0.0800  uncertainty: 1.0000  uncertainty_coeffi: 1.0000  loss: 0.0800  lr: 0.000019  time: 0.0356  data: 0.0002  max mem: 2691
      TTA Epoch: [49] Total time: 0:00:04 (0.0402 s / it)
     Averaged stats: entropy: 0.0222  uncertainty: 1.0000  uncertainty_coeffi: 1.0000  loss: 0.0222  lr: 0.0000
     itm tta time 0:00:05
     Computing matching score
      Evaluation: [   0/1978]  eta: 0:01:32    time: 0.0470  data: 0.0025  max mem: 2691
      Evaluation: [ 100/1978]  eta: 0:01:40    time: 0.0543  data: 0.0000  max mem: 2691
      Evaluation: [ 200/1978]  eta: 0:01:34    time: 0.0489  data: 0.0000  max mem: 2691
      Evaluation: [ 300/1978]  eta: 0:01:27    time: 0.0523  data: 0.0000  max mem: 2691
      Evaluation: [ 400/1978]  eta: 0:01:20    time: 0.0453  data: 0.0000  max mem: 2691
      Evaluation: [ 500/1978]  eta: 0:01:15    time: 0.0504  data: 0.0000  max mem: 2691
      Evaluation: [ 600/1978]  eta: 0:01:09    time: 0.0518  data: 0.0000  max mem: 2691
      Evaluation: [ 700/1978]  eta: 0:01:04    time: 0.0518  data: 0.0000  max mem: 2691
      Evaluation: [ 800/1978]  eta: 0:00:59    time: 0.0512  data: 0.0000  max mem: 2691
      Evaluation: [ 900/1978]  eta: 0:00:54    time: 0.0511  data: 0.0000  max mem: 2691
      Evaluation: [1000/1978]  eta: 0:00:48    time: 0.0519  data: 0.0000  max mem: 2691
      Evaluation: [1100/1978]  eta: 0:00:43    time: 0.0467  data: 0.0000  max mem: 2691
      Evaluation: [1200/1978]  eta: 0:00:38    time: 0.0520  data: 0.0000  max mem: 2691
      Evaluation: [1300/1978]  eta: 0:00:33    time: 0.0525  data: 0.0000  max mem: 2691
      Evaluation: [1400/1978]  eta: 0:00:28    time: 0.0487  data: 0.0000  max mem: 2691
      Evaluation: [1500/1978]  eta: 0:00:23    time: 0.0475  data: 0.0000  max mem: 2691
      Evaluation: [1600/1978]  eta: 0:00:18    time: 0.0512  data: 0.0000  max mem: 2691
      Evaluation: [1700/1978]  eta: 0:00:13    time: 0.0507  data: 0.0000  max mem: 2691
      Evaluation: [1800/1978]  eta: 0:00:08    time: 0.0440  data: 0.0000  max mem: 2691
      Evaluation: [1900/1978]  eta: 0:00:03    time: 0.0418  data: 0.0000  max mem: 2691
      Evaluation: [1977/1978]  eta: 0:00:00    time: 0.0456  data: 0.0000  max mem: 2691
      Evaluation: Total time: 0:01:37 (0.0493 s / it)
     Computing matching score time 0:01:37
### TTA ITM Score: 
+-------------------+--------+--------+--------+--------+--------+
|       epoch       |   R1   |   R5   |  R10   |  mAP   |  mINP  |
+-------------------+--------+--------+--------+--------+--------+
|        -999       | 69.414 | 95.197 | 97.776 | 81.233 | 81.233 |
|        -999       | 84.277 | 99.039 | 99.596 | 91.276 | 91.276 |
|  cos_sim_wo/norm  | 58.544 | 91.860 | 95.703 | 73.596 | 73.596 |
|        -999       | 69.414 | 95.197 | 97.776 | 81.233 | 81.233 |
| itm_score_wo/norm | 84.328 | 98.989 | 99.494 | 91.293 | 91.293 |
|        -999       | 84.277 | 99.039 | 99.596 | 91.276 | 91.276 |
|         0         | 84.580 | 98.938 | 99.545 | 91.387 | 91.387 |
|         1         | 84.783 | 98.736 | 99.444 | 91.400 | 91.400 |
|         2         | 84.783 | 98.686 | 99.343 | 91.377 | 91.377 |
|         4         | 84.934 | 98.787 | 99.393 | 91.480 | 91.480 |
|         9         | 85.288 | 98.635 | 99.393 | 91.646 | 91.646 |
|         14        | 85.187 | 98.382 | 99.444 | 91.527 | 91.527 |
|         19        | 84.985 | 98.433 | 99.292 | 91.430 | 91.430 |
|         29        | 85.035 | 98.483 | 99.343 | 91.440 | 91.440 |
|         39        | 85.288 | 98.332 | 99.393 | 91.549 | 91.549 |
|         49        | 85.238 | 98.332 | 99.343 | 91.523 | 91.523 |
+-------------------+--------+--------+--------+--------+--------+
     logs:  {'epo': 49, 'R1': np.float32(85.238), 'R5': np.float32(98.332), 'R10': np.float32(99.343), 'mAP': np.float32(91.523), 'mINP': np.float32(91.523), 'entropy': 0.022178, 'uncertainty': 1.0, 'uncertainty_coeffi': 1.0, 'loss': 0.022178, 'lr': 1.9e-05}
      TTA Epoch: [50] [  0/123]  eta: 0:01:10  entropy: 0.0079  uncertainty: 1.0000  uncertainty_coeffi: 1.0000  loss: 0.0079  lr: 0.000019  time: 0.5702  data: 0.5209  max mem: 2691
      TTA Epoch: [50] [100/123]  eta: 0:00:00  entropy: 0.0356  uncertainty: 1.0000  uncertainty_coeffi: 1.0000  loss: 0.0356  lr: 0.000017  time: 0.0388  data: 0.0002  max mem: 2691
      TTA Epoch: [50] [122/123]  eta: 0:00:00  entropy: 0.0000  uncertainty: 1.0000  uncertainty_coeffi: 1.0000  loss: 0.0000  lr: 0.000017  time: 0.0352  data: 0.0001  max mem: 2691
      TTA Epoch: [50] Total time: 0:00:05 (0.0418 s / it)
     Averaged stats: entropy: 0.0162  uncertainty: 1.0000  uncertainty_coeffi: 1.0000  loss: 0.0162  lr: 0.0000
     itm tta time 0:00:05
      TTA Epoch: [51] [  0/123]  eta: 0:00:57  entropy: 0.0063  uncertainty: 1.0000  uncertainty_coeffi: 1.0000  loss: 0.0063  lr: 0.000017  time: 0.4684  data: 0.4122  max mem: 2691
      TTA Epoch: [51] [100/123]  eta: 0:00:01  entropy: 0.0040  uncertainty: 1.0000  uncertainty_coeffi: 1.0000  loss: 0.0040  lr: 0.000015  time: 0.0497  data: 0.0003  max mem: 2691
      TTA Epoch: [51] [122/123]  eta: 0:00:00  entropy: 0.0433  uncertainty: 1.0000  uncertainty_coeffi: 1.0000  loss: 0.0433  lr: 0.000015  time: 0.0391  data: 0.0002  max mem: 2691
      TTA Epoch: [51] Total time: 0:00:05 (0.0455 s / it)
     Averaged stats: entropy: 0.0186  uncertainty: 1.0000  uncertainty_coeffi: 1.0000  loss: 0.0186  lr: 0.0000
     itm tta time 0:00:05
      TTA Epoch: [52] [  0/123]  eta: 0:01:10  entropy: 0.0159  uncertainty: 1.0000  uncertainty_coeffi: 1.0000  loss: 0.0159  lr: 0.000015  time: 0.5771  data: 0.5267  max mem: 2691
      TTA Epoch: [52] [100/123]  eta: 0:00:01  entropy: 0.0113  uncertainty: 1.0000  uncertainty_coeffi: 1.0000  loss: 0.0113  lr: 0.000014  time: 0.0407  data: 0.0001  max mem: 2691
      TTA Epoch: [52] [122/123]  eta: 0:00:00  entropy: 0.0671  uncertainty: 1.0000  uncertainty_coeffi: 1.0000  loss: 0.0671  lr: 0.000013  time: 0.0452  data: 0.0002  max mem: 2691
      TTA Epoch: [52] Total time: 0:00:05 (0.0469 s / it)
     Averaged stats: entropy: 0.0185  uncertainty: 1.0000  uncertainty_coeffi: 1.0000  loss: 0.0185  lr: 0.0000
     itm tta time 0:00:05
      TTA Epoch: [53] [  0/123]  eta: 0:00:59  entropy: 0.0013  uncertainty: 1.0000  uncertainty_coeffi: 1.0000  loss: 0.0013  lr: 0.000013  time: 0.4868  data: 0.4349  max mem: 2691
      TTA Epoch: [53] [100/123]  eta: 0:00:00  entropy: 0.0273  uncertainty: 1.0000  uncertainty_coeffi: 1.0000  loss: 0.0273  lr: 0.000012  time: 0.0386  data: 0.0001  max mem: 2691
      TTA Epoch: [53] [122/123]  eta: 0:00:00  entropy: 0.0065  uncertainty: 1.0000  uncertainty_coeffi: 1.0000  loss: 0.0065  lr: 0.000011  time: 0.0354  data: 0.0002  max mem: 2691
      TTA Epoch: [53] Total time: 0:00:05 (0.0416 s / it)
     Averaged stats: entropy: 0.0203  uncertainty: 1.0000  uncertainty_coeffi: 1.0000  loss: 0.0203  lr: 0.0000
     itm tta time 0:00:05
      TTA Epoch: [54] [  0/123]  eta: 0:00:59  entropy: 0.0011  uncertainty: 1.0000  uncertainty_coeffi: 1.0000  loss: 0.0011  lr: 0.000011  time: 0.4875  data: 0.4183  max mem: 2691
      TTA Epoch: [54] [100/123]  eta: 0:00:00  entropy: 0.0039  uncertainty: 1.0000  uncertainty_coeffi: 1.0000  loss: 0.0039  lr: 0.000010  time: 0.0397  data: 0.0001  max mem: 2691
      TTA Epoch: [54] [122/123]  eta: 0:00:00  entropy: 0.0933  uncertainty: 1.0000  uncertainty_coeffi: 1.0000  loss: 0.0933  lr: 0.000010  time: 0.0357  data: 0.0002  max mem: 2691
      TTA Epoch: [54] Total time: 0:00:05 (0.0418 s / it)
     Averaged stats: entropy: 0.0184  uncertainty: 1.0000  uncertainty_coeffi: 1.0000  loss: 0.0184  lr: 0.0000
     itm tta time 0:00:05
      TTA Epoch: [55] [  0/123]  eta: 0:00:57  entropy: 0.0227  uncertainty: 1.0000  uncertainty_coeffi: 1.0000  loss: 0.0227  lr: 0.000010  time: 0.4684  data: 0.4139  max mem: 2691
      TTA Epoch: [55] [100/123]  eta: 0:00:00  entropy: 0.0272  uncertainty: 1.0000  uncertainty_coeffi: 1.0000  loss: 0.0272  lr: 0.000008  time: 0.0381  data: 0.0002  max mem: 2691
      TTA Epoch: [55] [122/123]  eta: 0:00:00  entropy: 0.0031  uncertainty: 1.0000  uncertainty_coeffi: 1.0000  loss: 0.0031  lr: 0.000008  time: 0.0353  data: 0.0002  max mem: 2691
      TTA Epoch: [55] Total time: 0:00:05 (0.0418 s / it)
     Averaged stats: entropy: 0.0204  uncertainty: 1.0000  uncertainty_coeffi: 1.0000  loss: 0.0204  lr: 0.0000
     itm tta time 0:00:05
      TTA Epoch: [56] [  0/123]  eta: 0:01:00  entropy: 0.0338  uncertainty: 1.0000  uncertainty_coeffi: 1.0000  loss: 0.0338  lr: 0.000008  time: 0.4901  data: 0.4168  max mem: 2691
      TTA Epoch: [56] [100/123]  eta: 0:00:00  entropy: 0.0390  uncertainty: 1.0000  uncertainty_coeffi: 1.0000  loss: 0.0390  lr: 0.000006  time: 0.0386  data: 0.0001  max mem: 2691
      TTA Epoch: [56] [122/123]  eta: 0:00:00  entropy: 0.1349  uncertainty: 1.0000  uncertainty_coeffi: 1.0000  loss: 0.1349  lr: 0.000006  time: 0.0355  data: 0.0001  max mem: 2691
      TTA Epoch: [56] Total time: 0:00:05 (0.0414 s / it)
     Averaged stats: entropy: 0.0152  uncertainty: 1.0000  uncertainty_coeffi: 1.0000  loss: 0.0152  lr: 0.0000
     itm tta time 0:00:05
      TTA Epoch: [57] [  0/123]  eta: 0:00:57  entropy: 0.0389  uncertainty: 1.0000  uncertainty_coeffi: 1.0000  loss: 0.0389  lr: 0.000006  time: 0.4636  data: 0.4121  max mem: 2691
      TTA Epoch: [57] [100/123]  eta: 0:00:00  entropy: 0.0795  uncertainty: 1.0000  uncertainty_coeffi: 1.0000  loss: 0.0795  lr: 0.000005  time: 0.0373  data: 0.0001  max mem: 2691
      TTA Epoch: [57] [122/123]  eta: 0:00:00  entropy: 0.0222  uncertainty: 1.0000  uncertainty_coeffi: 1.0000  loss: 0.0222  lr: 0.000004  time: 0.0343  data: 0.0002  max mem: 2691
      TTA Epoch: [57] Total time: 0:00:04 (0.0402 s / it)
     Averaged stats: entropy: 0.0216  uncertainty: 1.0000  uncertainty_coeffi: 1.0000  loss: 0.0216  lr: 0.0000
     itm tta time 0:00:05
      TTA Epoch: [58] [  0/123]  eta: 0:00:56  entropy: 0.0217  uncertainty: 1.0000  uncertainty_coeffi: 1.0000  loss: 0.0217  lr: 0.000004  time: 0.4558  data: 0.4044  max mem: 2691
      TTA Epoch: [58] [100/123]  eta: 0:00:00  entropy: 0.0124  uncertainty: 1.0000  uncertainty_coeffi: 1.0000  loss: 0.0124  lr: 0.000003  time: 0.0390  data: 0.0002  max mem: 2691
      TTA Epoch: [58] [122/123]  eta: 0:00:00  entropy: 0.0427  uncertainty: 1.0000  uncertainty_coeffi: 1.0000  loss: 0.0427  lr: 0.000003  time: 0.0351  data: 0.0001  max mem: 2691
      TTA Epoch: [58] Total time: 0:00:05 (0.0411 s / it)
     Averaged stats: entropy: 0.0195  uncertainty: 1.0000  uncertainty_coeffi: 1.0000  loss: 0.0195  lr: 0.0000
     itm tta time 0:00:05
      TTA Epoch: [59] [  0/123]  eta: 0:01:02  entropy: 0.0216  uncertainty: 1.0000  uncertainty_coeffi: 1.0000  loss: 0.0216  lr: 0.000003  time: 0.5046  data: 0.4497  max mem: 2691
      TTA Epoch: [59] [100/123]  eta: 0:00:01  entropy: 0.0001  uncertainty: 1.0000  uncertainty_coeffi: 1.0000  loss: 0.0001  lr: 0.000001  time: 0.0462  data: 0.0002  max mem: 2691
      TTA Epoch: [59] [122/123]  eta: 0:00:00  entropy: 0.0045  uncertainty: 1.0000  uncertainty_coeffi: 1.0000  loss: 0.0045  lr: 0.000001  time: 0.0355  data: 0.0002  max mem: 2691
      TTA Epoch: [59] Total time: 0:00:05 (0.0461 s / it)
     Averaged stats: entropy: 0.0205  uncertainty: 1.0000  uncertainty_coeffi: 1.0000  loss: 0.0205  lr: 0.0000
     itm tta time 0:00:05
     Computing matching score
      Evaluation: [   0/1978]  eta: 0:01:29    time: 0.0453  data: 0.0022  max mem: 2691
      Evaluation: [ 100/1978]  eta: 0:01:23    time: 0.0465  data: 0.0000  max mem: 2691
      Evaluation: [ 200/1978]  eta: 0:01:17    time: 0.0478  data: 0.0000  max mem: 2691
      Evaluation: [ 300/1978]  eta: 0:01:13    time: 0.0427  data: 0.0000  max mem: 2691
      Evaluation: [ 400/1978]  eta: 0:01:08    time: 0.0431  data: 0.0000  max mem: 2691
      Evaluation: [ 500/1978]  eta: 0:01:04    time: 0.0430  data: 0.0000  max mem: 2691
      Evaluation: [ 600/1978]  eta: 0:00:59    time: 0.0421  data: 0.0000  max mem: 2691
      Evaluation: [ 700/1978]  eta: 0:00:55    time: 0.0458  data: 0.0000  max mem: 2691
      Evaluation: [ 800/1978]  eta: 0:00:51    time: 0.0406  data: 0.0000  max mem: 2691
      Evaluation: [ 900/1978]  eta: 0:00:47    time: 0.0439  data: 0.0000  max mem: 2691
      Evaluation: [1000/1978]  eta: 0:00:42    time: 0.0424  data: 0.0000  max mem: 2691
      Evaluation: [1100/1978]  eta: 0:00:38    time: 0.0438  data: 0.0000  max mem: 2691
      Evaluation: [1200/1978]  eta: 0:00:33    time: 0.0430  data: 0.0000  max mem: 2691
      Evaluation: [1300/1978]  eta: 0:00:29    time: 0.0475  data: 0.0000  max mem: 2691
      Evaluation: [1400/1978]  eta: 0:00:25    time: 0.0455  data: 0.0000  max mem: 2691
      Evaluation: [1500/1978]  eta: 0:00:21    time: 0.0469  data: 0.0000  max mem: 2691
      Evaluation: [1600/1978]  eta: 0:00:16    time: 0.0498  data: 0.0000  max mem: 2691
      Evaluation: [1700/1978]  eta: 0:00:12    time: 0.0508  data: 0.0000  max mem: 2691
      Evaluation: [1800/1978]  eta: 0:00:07    time: 0.0503  data: 0.0000  max mem: 2691
      Evaluation: [1900/1978]  eta: 0:00:03    time: 0.0506  data: 0.0000  max mem: 2691
      Evaluation: [1977/1978]  eta: 0:00:00    time: 0.0488  data: 0.0000  max mem: 2691
      Evaluation: Total time: 0:01:29 (0.0450 s / it)
     Computing matching score time 0:01:29
### TTA ITM Score: 
+-------------------+--------+--------+--------+--------+--------+
|       epoch       |   R1   |   R5   |  R10   |  mAP   |  mINP  |
+-------------------+--------+--------+--------+--------+--------+
|        -999       | 69.414 | 95.197 | 97.776 | 81.233 | 81.233 |
|        -999       | 84.277 | 99.039 | 99.596 | 91.276 | 91.276 |
|  cos_sim_wo/norm  | 58.544 | 91.860 | 95.703 | 73.596 | 73.596 |
|        -999       | 69.414 | 95.197 | 97.776 | 81.233 | 81.233 |
| itm_score_wo/norm | 84.328 | 98.989 | 99.494 | 91.293 | 91.293 |
|        -999       | 84.277 | 99.039 | 99.596 | 91.276 | 91.276 |
|         0         | 84.580 | 98.938 | 99.545 | 91.387 | 91.387 |
|         1         | 84.783 | 98.736 | 99.444 | 91.400 | 91.400 |
|         2         | 84.783 | 98.686 | 99.343 | 91.377 | 91.377 |
|         4         | 84.934 | 98.787 | 99.393 | 91.480 | 91.480 |
|         9         | 85.288 | 98.635 | 99.393 | 91.646 | 91.646 |
|         14        | 85.187 | 98.382 | 99.444 | 91.527 | 91.527 |
|         19        | 84.985 | 98.433 | 99.292 | 91.430 | 91.430 |
|         29        | 85.035 | 98.483 | 99.343 | 91.440 | 91.440 |
|         39        | 85.288 | 98.332 | 99.393 | 91.549 | 91.549 |
|         49        | 85.238 | 98.332 | 99.343 | 91.523 | 91.523 |
|         59        | 85.187 | 98.382 | 99.343 | 91.497 | 91.497 |
+-------------------+--------+--------+--------+--------+--------+
     logs:  {'epo': 59, 'R1': np.float32(85.187), 'R5': np.float32(98.382), 'R10': np.float32(99.343), 'mAP': np.float32(91.497), 'mINP': np.float32(91.497), 'entropy': 0.020483, 'uncertainty': 1.0, 'uncertainty_coeffi': 1.0, 'loss': 0.020483, 'lr': 2e-06}
### best epoch 9 : {'epo': '9', 'R1': '85.288', 'R5': '98.635', 'R10': '99.393', 'mAP': '91.646', 'mINP': '91.646', 'entropy': '0.050403', 'uncertainty': '1.0', 'uncertainty_coeffi': '1.0', 'loss': '0.050403', 'lr': '0.000452'}
### Time 0:22:25
NNODES,  1
NODE_RANK,  0
MASTER_ADDR,  127.0.0.1
MASTER_PORT,  1612
NPROC_PER_NODE,  2
task:  exp0.0.1
config:  configs_rerun4/exp0.0.1.yaml
output_dir:  output_rerun4/exp0.0.1/2025092110141
python3 tta.py --config configs_rerun4/exp0.0.1.yaml --task exp0.0.1 --output_dir output_rerun4/exp0.0.1/2025092110141 --checkpoint checkpoint/cmp.pth --bs 0 --epo 0 --lr 0.0 --seed 42 --tta
