/home/jiahao/miniconda3/envs/cmp/lib/python3.10/site-packages/torch/functional.py:554: UserWarning: torch.meshgrid: in an upcoming release, it will be required to pass the indexing argument. (Triggered internally at /pytorch/aten/src/ATen/native/TensorShape.cpp:4322.)
  return _VF.meshgrid(tensors, **kwargs)  # type: ignore[attr-defined]
Not using distributed mode
### Hyper-parameters:
     seed: 42
     device: cuda
     output_dir: output_rerun4/exp0/2025092109503
     batch_size_tta: 16
     epochs: 60
     lr: 0.001
### Creating test dataset
from data/PAB/annotation/test/attr.json loading 1978 data
     test dataset -->    be_pose_img: True
     test_dataset: 1978
### Creating test dataloader
### be careful: func create_loader returns a list length of 1
     test_loader: 90
### Creating model
build_vision_encoder: load swin 224 x 224 ====>
missing_keys:  []
unexpected_keys:  ['head.weight', 'head.bias']
build_text_encoder: load bert ====>
missing_keys: ['bert.encoder.layer.10.crossattention.output.LayerNorm.bias', 'bert.encoder.layer.10.crossattention.output.LayerNorm.weight', 'bert.encoder.layer.10.crossattention.output.dense.bias', 'bert.encoder.layer.10.crossattention.output.dense.weight', 'bert.encoder.layer.10.crossattention.self.key.bias', 'bert.encoder.layer.10.crossattention.self.key.weight', 'bert.encoder.layer.10.crossattention.self.query.bias', 'bert.encoder.layer.10.crossattention.self.query.weight', 'bert.encoder.layer.10.crossattention.self.value.bias', 'bert.encoder.layer.10.crossattention.self.value.weight', 'bert.encoder.layer.11.crossattention.output.LayerNorm.bias', 'bert.encoder.layer.11.crossattention.output.LayerNorm.weight', 'bert.encoder.layer.11.crossattention.output.dense.bias', 'bert.encoder.layer.11.crossattention.output.dense.weight', 'bert.encoder.layer.11.crossattention.self.key.bias', 'bert.encoder.layer.11.crossattention.self.key.weight', 'bert.encoder.layer.11.crossattention.self.query.bias', 'bert.encoder.layer.11.crossattention.self.query.weight', 'bert.encoder.layer.11.crossattention.self.value.bias', 'bert.encoder.layer.11.crossattention.self.value.weight', 'bert.encoder.layer.6.crossattention.output.LayerNorm.bias', 'bert.encoder.layer.6.crossattention.output.LayerNorm.weight', 'bert.encoder.layer.6.crossattention.output.dense.bias', 'bert.encoder.layer.6.crossattention.output.dense.weight', 'bert.encoder.layer.6.crossattention.self.key.bias', 'bert.encoder.layer.6.crossattention.self.key.weight', 'bert.encoder.layer.6.crossattention.self.query.bias', 'bert.encoder.layer.6.crossattention.self.query.weight', 'bert.encoder.layer.6.crossattention.self.value.bias', 'bert.encoder.layer.6.crossattention.self.value.weight', 'bert.encoder.layer.7.crossattention.output.LayerNorm.bias', 'bert.encoder.layer.7.crossattention.output.LayerNorm.weight', 'bert.encoder.layer.7.crossattention.output.dense.bias', 'bert.encoder.layer.7.crossattention.output.dense.weight', 'bert.encoder.layer.7.crossattention.self.key.bias', 'bert.encoder.layer.7.crossattention.self.key.weight', 'bert.encoder.layer.7.crossattention.self.query.bias', 'bert.encoder.layer.7.crossattention.self.query.weight', 'bert.encoder.layer.7.crossattention.self.value.bias', 'bert.encoder.layer.7.crossattention.self.value.weight', 'bert.encoder.layer.8.crossattention.output.LayerNorm.bias', 'bert.encoder.layer.8.crossattention.output.LayerNorm.weight', 'bert.encoder.layer.8.crossattention.output.dense.bias', 'bert.encoder.layer.8.crossattention.output.dense.weight', 'bert.encoder.layer.8.crossattention.self.key.bias', 'bert.encoder.layer.8.crossattention.self.key.weight', 'bert.encoder.layer.8.crossattention.self.query.bias', 'bert.encoder.layer.8.crossattention.self.query.weight', 'bert.encoder.layer.8.crossattention.self.value.bias', 'bert.encoder.layer.8.crossattention.self.value.weight', 'bert.encoder.layer.9.crossattention.output.LayerNorm.bias', 'bert.encoder.layer.9.crossattention.output.LayerNorm.weight', 'bert.encoder.layer.9.crossattention.output.dense.bias', 'bert.encoder.layer.9.crossattention.output.dense.weight', 'bert.encoder.layer.9.crossattention.self.key.bias', 'bert.encoder.layer.9.crossattention.self.key.weight', 'bert.encoder.layer.9.crossattention.self.query.bias', 'bert.encoder.layer.9.crossattention.self.query.weight', 'bert.encoder.layer.9.crossattention.self.value.bias', 'bert.encoder.layer.9.crossattention.self.value.weight']
unexpected_keys: ['cls.seq_relationship.bias', 'cls.seq_relationship.weight']
mismatched_keys: []
error_msgs: []
Label Smooth: 0.2
pose_conv
load checkpoint from checkpoint/cmp.pth
missing_keys:  ['uncertainty_temper', 'prompt_learning_embedding']
unexpected_keys:  []
     Total Params Sum:  254264985
### Inference ITC similiarity matrix
     Computing text features for evaluation
     Computing image features for evaluation
/home/jiahao/task/CMP/eval.py:129: UserWarning: To copy construct from a tensor, it is recommended to use sourceTensor.detach().clone() or sourceTensor.detach().clone().requires_grad_(True), rather than torch.tensor(sourceTensor).
  similarity = torch.tensor(scores_t2i)
     Computing features time 0:00:10
### Zero-Shot ITC Score: 
+-------+--------+--------+--------+--------+--------+
| epoch |   R1   |   R5   |  R10   |  mAP   |  mINP  |
+-------+--------+--------+--------+--------+--------+
|  -999 | 69.414 | 95.197 | 97.776 | 81.233 | 81.233 |
+-------+--------+--------+--------+--------+--------+
     Computing matching score
      Evaluation: [   0/1978]  eta: 0:01:46    time: 0.0539  data: 0.0030  max mem: 2603
      Evaluation: [ 100/1978]  eta: 0:01:19    time: 0.0428  data: 0.0000  max mem: 2603
      Evaluation: [ 200/1978]  eta: 0:01:15    time: 0.0419  data: 0.0000  max mem: 2603
      Evaluation: [ 300/1978]  eta: 0:01:12    time: 0.0430  data: 0.0000  max mem: 2603
      Evaluation: [ 400/1978]  eta: 0:01:06    time: 0.0419  data: 0.0000  max mem: 2603
      Evaluation: [ 500/1978]  eta: 0:01:02    time: 0.0416  data: 0.0000  max mem: 2603
      Evaluation: [ 600/1978]  eta: 0:00:58    time: 0.0409  data: 0.0000  max mem: 2603
      Evaluation: [ 700/1978]  eta: 0:00:54    time: 0.0454  data: 0.0000  max mem: 2603
      Evaluation: [ 800/1978]  eta: 0:00:50    time: 0.0477  data: 0.0000  max mem: 2603
      Evaluation: [ 900/1978]  eta: 0:00:46    time: 0.0443  data: 0.0000  max mem: 2603
      Evaluation: [1000/1978]  eta: 0:00:42    time: 0.0491  data: 0.0000  max mem: 2603
      Evaluation: [1100/1978]  eta: 0:00:38    time: 0.0428  data: 0.0000  max mem: 2603
      Evaluation: [1200/1978]  eta: 0:00:33    time: 0.0436  data: 0.0000  max mem: 2603
      Evaluation: [1300/1978]  eta: 0:00:29    time: 0.0439  data: 0.0000  max mem: 2603
      Evaluation: [1400/1978]  eta: 0:00:25    time: 0.0461  data: 0.0000  max mem: 2603
      Evaluation: [1500/1978]  eta: 0:00:20    time: 0.0438  data: 0.0000  max mem: 2603
      Evaluation: [1600/1978]  eta: 0:00:16    time: 0.0432  data: 0.0000  max mem: 2603
      Evaluation: [1700/1978]  eta: 0:00:12    time: 0.0434  data: 0.0000  max mem: 2603
      Evaluation: [1800/1978]  eta: 0:00:07    time: 0.0456  data: 0.0000  max mem: 2603
      Evaluation: [1900/1978]  eta: 0:00:03    time: 0.0433  data: 0.0000  max mem: 2603
      Evaluation: [1977/1978]  eta: 0:00:00    time: 0.0436  data: 0.0000  max mem: 2603
      Evaluation: Total time: 0:01:26 (0.0440 s / it)
     Computing matching score time 0:01:27
### Zero-Shot ITM Score: 
+-------+--------+--------+--------+--------+--------+
| epoch |   R1   |   R5   |  R10   |  mAP   |  mINP  |
+-------+--------+--------+--------+--------+--------+
|  -999 | 69.414 | 95.197 | 97.776 | 81.233 | 81.233 |
|  -999 | 84.277 | 99.039 | 99.596 | 91.276 | 91.276 |
+-------+--------+--------+--------+--------+--------+
### Zero-Shot Score: 
+-------------------+--------+--------+--------+--------+--------+
|       epoch       |   R1   |   R5   |  R10   |  mAP   |  mINP  |
+-------------------+--------+--------+--------+--------+--------+
|        -999       | 69.414 | 95.197 | 97.776 | 81.233 | 81.233 |
|        -999       | 84.277 | 99.039 | 99.596 | 91.276 | 91.276 |
|  cos_sim_wo/norm  | 58.544 | 91.860 | 95.703 | 73.596 | 73.596 |
|        -999       | 69.414 | 95.197 | 97.776 | 81.233 | 81.233 |
| itm_score_wo/norm | 84.328 | 98.989 | 99.494 | 91.293 | 91.293 |
|        -999       | 84.277 | 99.039 | 99.596 | 91.276 | 91.276 |
+-------------------+--------+--------+--------+--------+--------+
### TTA:
     preprocess_tta_coefficients  start
     sample selection ...
     number of sample after sample_selection: 1978
     uncertainty ...
     preprocess_tta_coefficients  end
### Creating tta dataset
     tta_dataset: 1978
### Creating tta dataloader
### be careful: func create_loader returns a list length of 1
     tta_loader: 123
### Configure adapted weights
     TTA Dropout Modules: 
 [('vision_encoder.pos_drop', Dropout(p=0, inplace=False), True), ('vision_encoder.layers.0.blocks.0.attn.attn_drop', Dropout(p=0.0, inplace=False), True), ('vision_encoder.layers.0.blocks.0.attn.proj_drop', Dropout(p=0, inplace=False), True), ('vision_encoder.layers.0.blocks.0.mlp.drop', Dropout(p=0, inplace=False), True), ('vision_encoder.layers.0.blocks.1.attn.attn_drop', Dropout(p=0.0, inplace=False), True), ('vision_encoder.layers.0.blocks.1.attn.proj_drop', Dropout(p=0, inplace=False), True), ('vision_encoder.layers.0.blocks.1.mlp.drop', Dropout(p=0, inplace=False), True), ('vision_encoder.layers.1.blocks.0.attn.attn_drop', Dropout(p=0.0, inplace=False), True), ('vision_encoder.layers.1.blocks.0.attn.proj_drop', Dropout(p=0, inplace=False), True), ('vision_encoder.layers.1.blocks.0.mlp.drop', Dropout(p=0, inplace=False), True), ('vision_encoder.layers.1.blocks.1.attn.attn_drop', Dropout(p=0.0, inplace=False), True), ('vision_encoder.layers.1.blocks.1.attn.proj_drop', Dropout(p=0, inplace=False), True), ('vision_encoder.layers.1.blocks.1.mlp.drop', Dropout(p=0, inplace=False), True), ('vision_encoder.layers.2.blocks.0.attn.attn_drop', Dropout(p=0.0, inplace=False), True), ('vision_encoder.layers.2.blocks.0.attn.proj_drop', Dropout(p=0, inplace=False), True), ('vision_encoder.layers.2.blocks.0.mlp.drop', Dropout(p=0, inplace=False), True), ('vision_encoder.layers.2.blocks.1.attn.attn_drop', Dropout(p=0.0, inplace=False), True), ('vision_encoder.layers.2.blocks.1.attn.proj_drop', Dropout(p=0, inplace=False), True), ('vision_encoder.layers.2.blocks.1.mlp.drop', Dropout(p=0, inplace=False), True), ('vision_encoder.layers.2.blocks.2.attn.attn_drop', Dropout(p=0.0, inplace=False), True), ('vision_encoder.layers.2.blocks.2.attn.proj_drop', Dropout(p=0, inplace=False), True), ('vision_encoder.layers.2.blocks.2.mlp.drop', Dropout(p=0, inplace=False), True), ('vision_encoder.layers.2.blocks.3.attn.attn_drop', Dropout(p=0.0, inplace=False), True), ('vision_encoder.layers.2.blocks.3.attn.proj_drop', Dropout(p=0, inplace=False), True), ('vision_encoder.layers.2.blocks.3.mlp.drop', Dropout(p=0, inplace=False), True), ('vision_encoder.layers.2.blocks.4.attn.attn_drop', Dropout(p=0.0, inplace=False), True), ('vision_encoder.layers.2.blocks.4.attn.proj_drop', Dropout(p=0, inplace=False), True), ('vision_encoder.layers.2.blocks.4.mlp.drop', Dropout(p=0, inplace=False), True), ('vision_encoder.layers.2.blocks.5.attn.attn_drop', Dropout(p=0.0, inplace=False), True), ('vision_encoder.layers.2.blocks.5.attn.proj_drop', Dropout(p=0, inplace=False), True), ('vision_encoder.layers.2.blocks.5.mlp.drop', Dropout(p=0, inplace=False), True), ('vision_encoder.layers.2.blocks.6.attn.attn_drop', Dropout(p=0.0, inplace=False), True), ('vision_encoder.layers.2.blocks.6.attn.proj_drop', Dropout(p=0, inplace=False), True), ('vision_encoder.layers.2.blocks.6.mlp.drop', Dropout(p=0, inplace=False), True), ('vision_encoder.layers.2.blocks.7.attn.attn_drop', Dropout(p=0.0, inplace=False), True), ('vision_encoder.layers.2.blocks.7.attn.proj_drop', Dropout(p=0, inplace=False), True), ('vision_encoder.layers.2.blocks.7.mlp.drop', Dropout(p=0, inplace=False), True), ('vision_encoder.layers.2.blocks.8.attn.attn_drop', Dropout(p=0.0, inplace=False), True), ('vision_encoder.layers.2.blocks.8.attn.proj_drop', Dropout(p=0, inplace=False), True), ('vision_encoder.layers.2.blocks.8.mlp.drop', Dropout(p=0, inplace=False), True), ('vision_encoder.layers.2.blocks.9.attn.attn_drop', Dropout(p=0.0, inplace=False), True), ('vision_encoder.layers.2.blocks.9.attn.proj_drop', Dropout(p=0, inplace=False), True), ('vision_encoder.layers.2.blocks.9.mlp.drop', Dropout(p=0, inplace=False), True), ('vision_encoder.layers.2.blocks.10.attn.attn_drop', Dropout(p=0.0, inplace=False), True), ('vision_encoder.layers.2.blocks.10.attn.proj_drop', Dropout(p=0, inplace=False), True), ('vision_encoder.layers.2.blocks.10.mlp.drop', Dropout(p=0, inplace=False), True), ('vision_encoder.layers.2.blocks.11.attn.attn_drop', Dropout(p=0.0, inplace=False), True), ('vision_encoder.layers.2.blocks.11.attn.proj_drop', Dropout(p=0, inplace=False), True), ('vision_encoder.layers.2.blocks.11.mlp.drop', Dropout(p=0, inplace=False), True), ('vision_encoder.layers.2.blocks.12.attn.attn_drop', Dropout(p=0.0, inplace=False), True), ('vision_encoder.layers.2.blocks.12.attn.proj_drop', Dropout(p=0, inplace=False), True), ('vision_encoder.layers.2.blocks.12.mlp.drop', Dropout(p=0, inplace=False), True), ('vision_encoder.layers.2.blocks.13.attn.attn_drop', Dropout(p=0.0, inplace=False), True), ('vision_encoder.layers.2.blocks.13.attn.proj_drop', Dropout(p=0, inplace=False), True), ('vision_encoder.layers.2.blocks.13.mlp.drop', Dropout(p=0, inplace=False), True), ('vision_encoder.layers.2.blocks.14.attn.attn_drop', Dropout(p=0.0, inplace=False), True), ('vision_encoder.layers.2.blocks.14.attn.proj_drop', Dropout(p=0, inplace=False), True), ('vision_encoder.layers.2.blocks.14.mlp.drop', Dropout(p=0, inplace=False), True), ('vision_encoder.layers.2.blocks.15.attn.attn_drop', Dropout(p=0.0, inplace=False), True), ('vision_encoder.layers.2.blocks.15.attn.proj_drop', Dropout(p=0, inplace=False), True), ('vision_encoder.layers.2.blocks.15.mlp.drop', Dropout(p=0, inplace=False), True), ('vision_encoder.layers.2.blocks.16.attn.attn_drop', Dropout(p=0.0, inplace=False), True), ('vision_encoder.layers.2.blocks.16.attn.proj_drop', Dropout(p=0, inplace=False), True), ('vision_encoder.layers.2.blocks.16.mlp.drop', Dropout(p=0, inplace=False), True), ('vision_encoder.layers.2.blocks.17.attn.attn_drop', Dropout(p=0.0, inplace=False), True), ('vision_encoder.layers.2.blocks.17.attn.proj_drop', Dropout(p=0, inplace=False), True), ('vision_encoder.layers.2.blocks.17.mlp.drop', Dropout(p=0, inplace=False), True), ('vision_encoder.layers.3.blocks.0.attn.attn_drop', Dropout(p=0.0, inplace=False), True), ('vision_encoder.layers.3.blocks.0.attn.proj_drop', Dropout(p=0, inplace=False), True), ('vision_encoder.layers.3.blocks.0.mlp.drop', Dropout(p=0, inplace=False), True), ('vision_encoder.layers.3.blocks.1.attn.attn_drop', Dropout(p=0.0, inplace=False), True), ('vision_encoder.layers.3.blocks.1.attn.proj_drop', Dropout(p=0, inplace=False), True), ('vision_encoder.layers.3.blocks.1.mlp.drop', Dropout(p=0, inplace=False), True), ('text_encoder.bert.embeddings.dropout', Dropout(p=0.1, inplace=False), True), ('text_encoder.bert.encoder.layer.0.attention.self.dropout', Dropout(p=0.1, inplace=False), True), ('text_encoder.bert.encoder.layer.0.attention.output.dropout', Dropout(p=0.1, inplace=False), True), ('text_encoder.bert.encoder.layer.0.output.dropout', Dropout(p=0.1, inplace=False), True), ('text_encoder.bert.encoder.layer.1.attention.self.dropout', Dropout(p=0.1, inplace=False), True), ('text_encoder.bert.encoder.layer.1.attention.output.dropout', Dropout(p=0.1, inplace=False), True), ('text_encoder.bert.encoder.layer.1.output.dropout', Dropout(p=0.1, inplace=False), True), ('text_encoder.bert.encoder.layer.2.attention.self.dropout', Dropout(p=0.1, inplace=False), True), ('text_encoder.bert.encoder.layer.2.attention.output.dropout', Dropout(p=0.1, inplace=False), True), ('text_encoder.bert.encoder.layer.2.output.dropout', Dropout(p=0.1, inplace=False), True), ('text_encoder.bert.encoder.layer.3.attention.self.dropout', Dropout(p=0.1, inplace=False), True), ('text_encoder.bert.encoder.layer.3.attention.output.dropout', Dropout(p=0.1, inplace=False), True), ('text_encoder.bert.encoder.layer.3.output.dropout', Dropout(p=0.1, inplace=False), True), ('text_encoder.bert.encoder.layer.4.attention.self.dropout', Dropout(p=0.1, inplace=False), True), ('text_encoder.bert.encoder.layer.4.attention.output.dropout', Dropout(p=0.1, inplace=False), True), ('text_encoder.bert.encoder.layer.4.output.dropout', Dropout(p=0.1, inplace=False), True), ('text_encoder.bert.encoder.layer.5.attention.self.dropout', Dropout(p=0.1, inplace=False), True), ('text_encoder.bert.encoder.layer.5.attention.output.dropout', Dropout(p=0.1, inplace=False), True), ('text_encoder.bert.encoder.layer.5.output.dropout', Dropout(p=0.1, inplace=False), True), ('text_encoder.bert.encoder.layer.6.attention.self.dropout', Dropout(p=0.1, inplace=False), True), ('text_encoder.bert.encoder.layer.6.attention.output.dropout', Dropout(p=0.1, inplace=False), True), ('text_encoder.bert.encoder.layer.6.crossattention.self.dropout', Dropout(p=0.1, inplace=False), True), ('text_encoder.bert.encoder.layer.6.crossattention.output.dropout', Dropout(p=0.1, inplace=False), True), ('text_encoder.bert.encoder.layer.6.output.dropout', Dropout(p=0.1, inplace=False), True), ('text_encoder.bert.encoder.layer.7.attention.self.dropout', Dropout(p=0.1, inplace=False), True), ('text_encoder.bert.encoder.layer.7.attention.output.dropout', Dropout(p=0.1, inplace=False), True), ('text_encoder.bert.encoder.layer.7.crossattention.self.dropout', Dropout(p=0.1, inplace=False), True), ('text_encoder.bert.encoder.layer.7.crossattention.output.dropout', Dropout(p=0.1, inplace=False), True), ('text_encoder.bert.encoder.layer.7.output.dropout', Dropout(p=0.1, inplace=False), True), ('text_encoder.bert.encoder.layer.8.attention.self.dropout', Dropout(p=0.1, inplace=False), True), ('text_encoder.bert.encoder.layer.8.attention.output.dropout', Dropout(p=0.1, inplace=False), True), ('text_encoder.bert.encoder.layer.8.crossattention.self.dropout', Dropout(p=0.1, inplace=False), True), ('text_encoder.bert.encoder.layer.8.crossattention.output.dropout', Dropout(p=0.1, inplace=False), True), ('text_encoder.bert.encoder.layer.8.output.dropout', Dropout(p=0.1, inplace=False), True), ('text_encoder.bert.encoder.layer.9.attention.self.dropout', Dropout(p=0.1, inplace=False), True), ('text_encoder.bert.encoder.layer.9.attention.output.dropout', Dropout(p=0.1, inplace=False), True), ('text_encoder.bert.encoder.layer.9.crossattention.self.dropout', Dropout(p=0.1, inplace=False), True), ('text_encoder.bert.encoder.layer.9.crossattention.output.dropout', Dropout(p=0.1, inplace=False), True), ('text_encoder.bert.encoder.layer.9.output.dropout', Dropout(p=0.1, inplace=False), True), ('text_encoder.bert.encoder.layer.10.attention.self.dropout', Dropout(p=0.1, inplace=False), True), ('text_encoder.bert.encoder.layer.10.attention.output.dropout', Dropout(p=0.1, inplace=False), True), ('text_encoder.bert.encoder.layer.10.crossattention.self.dropout', Dropout(p=0.1, inplace=False), True), ('text_encoder.bert.encoder.layer.10.crossattention.output.dropout', Dropout(p=0.1, inplace=False), True), ('text_encoder.bert.encoder.layer.10.output.dropout', Dropout(p=0.1, inplace=False), True), ('text_encoder.bert.encoder.layer.11.attention.self.dropout', Dropout(p=0.1, inplace=False), True), ('text_encoder.bert.encoder.layer.11.attention.output.dropout', Dropout(p=0.1, inplace=False), True), ('text_encoder.bert.encoder.layer.11.crossattention.self.dropout', Dropout(p=0.1, inplace=False), True), ('text_encoder.bert.encoder.layer.11.crossattention.output.dropout', Dropout(p=0.1, inplace=False), True), ('text_encoder.bert.encoder.layer.11.output.dropout', Dropout(p=0.1, inplace=False), True), ('vision_proj.1', Dropout(p=0.5, inplace=False), True), ('text_proj.1', Dropout(p=0.5, inplace=False), True), ('pose_block.attn.attn_drop', Dropout(p=0.0, inplace=False), True), ('pose_block.attn.proj_drop', Dropout(p=0.0, inplace=False), True)]
     TTA Require Gradient Params: 
 [('text_encoder.bert.embeddings.LayerNorm.weight', torch.Size([768])), ('text_encoder.bert.embeddings.LayerNorm.bias', torch.Size([768])), ('text_encoder.bert.encoder.layer.6.attention.output.LayerNorm.weight', torch.Size([768])), ('text_encoder.bert.encoder.layer.6.attention.output.LayerNorm.bias', torch.Size([768])), ('text_encoder.bert.encoder.layer.6.crossattention.output.LayerNorm.weight', torch.Size([768])), ('text_encoder.bert.encoder.layer.6.crossattention.output.LayerNorm.bias', torch.Size([768])), ('text_encoder.bert.encoder.layer.6.output.LayerNorm.weight', torch.Size([768])), ('text_encoder.bert.encoder.layer.6.output.LayerNorm.bias', torch.Size([768])), ('text_encoder.bert.encoder.layer.7.attention.output.LayerNorm.weight', torch.Size([768])), ('text_encoder.bert.encoder.layer.7.attention.output.LayerNorm.bias', torch.Size([768])), ('text_encoder.bert.encoder.layer.7.crossattention.output.LayerNorm.weight', torch.Size([768])), ('text_encoder.bert.encoder.layer.7.crossattention.output.LayerNorm.bias', torch.Size([768])), ('text_encoder.bert.encoder.layer.7.output.LayerNorm.weight', torch.Size([768])), ('text_encoder.bert.encoder.layer.7.output.LayerNorm.bias', torch.Size([768])), ('text_encoder.bert.encoder.layer.8.attention.output.LayerNorm.weight', torch.Size([768])), ('text_encoder.bert.encoder.layer.8.attention.output.LayerNorm.bias', torch.Size([768])), ('text_encoder.bert.encoder.layer.8.crossattention.output.LayerNorm.weight', torch.Size([768])), ('text_encoder.bert.encoder.layer.8.crossattention.output.LayerNorm.bias', torch.Size([768])), ('text_encoder.bert.encoder.layer.8.output.LayerNorm.weight', torch.Size([768])), ('text_encoder.bert.encoder.layer.8.output.LayerNorm.bias', torch.Size([768])), ('text_encoder.bert.encoder.layer.9.attention.output.LayerNorm.weight', torch.Size([768])), ('text_encoder.bert.encoder.layer.9.attention.output.LayerNorm.bias', torch.Size([768])), ('text_encoder.bert.encoder.layer.9.crossattention.output.LayerNorm.weight', torch.Size([768])), ('text_encoder.bert.encoder.layer.9.crossattention.output.LayerNorm.bias', torch.Size([768])), ('text_encoder.bert.encoder.layer.9.output.LayerNorm.weight', torch.Size([768])), ('text_encoder.bert.encoder.layer.9.output.LayerNorm.bias', torch.Size([768])), ('text_encoder.bert.encoder.layer.10.attention.output.LayerNorm.weight', torch.Size([768])), ('text_encoder.bert.encoder.layer.10.attention.output.LayerNorm.bias', torch.Size([768])), ('text_encoder.bert.encoder.layer.10.crossattention.output.LayerNorm.weight', torch.Size([768])), ('text_encoder.bert.encoder.layer.10.crossattention.output.LayerNorm.bias', torch.Size([768])), ('text_encoder.bert.encoder.layer.10.output.LayerNorm.weight', torch.Size([768])), ('text_encoder.bert.encoder.layer.10.output.LayerNorm.bias', torch.Size([768])), ('text_encoder.bert.encoder.layer.11.attention.output.LayerNorm.weight', torch.Size([768])), ('text_encoder.bert.encoder.layer.11.attention.output.LayerNorm.bias', torch.Size([768])), ('text_encoder.bert.encoder.layer.11.crossattention.output.LayerNorm.weight', torch.Size([768])), ('text_encoder.bert.encoder.layer.11.crossattention.output.LayerNorm.bias', torch.Size([768])), ('text_encoder.bert.encoder.layer.11.output.LayerNorm.weight', torch.Size([768])), ('text_encoder.bert.encoder.layer.11.output.LayerNorm.bias', torch.Size([768])), ('text_encoder.cls.predictions.transform.LayerNorm.weight', torch.Size([768])), ('text_encoder.cls.predictions.transform.LayerNorm.bias', torch.Size([768])), ('itm_head.1.weight', torch.Size([1536])), ('itm_head.1.bias', torch.Size([1536]))]
     TTA Dropout Modules Number: 
 126
     TTA Require Gradient Params Sum: 
 33792
     lr:  0.001    lr_mult:  2
     model has 'init_params',  386
     num_tta_steps:  7440
     num_warmup_steps:  500
     sched: step
/home/jiahao/task/CMP/tta.py:244: FutureWarning: `torch.cuda.amp.GradScaler(args...)` is deprecated. Please use `torch.amp.GradScaler('cuda', args...)` instead.
  scaler = GradScaler()  # bf16
### Start ITM Test Time Adaptation
      TTA Epoch: [0] [  0/123]  eta: 0:01:52  entropy: 0.2815  uncertainty: 1.0000  uncertainty_coeffi: 1.0000  loss: 0.2815  lr: 0.000002  time: 0.9147  data: 0.4511  max mem: 2656
      TTA Epoch: [0] [100/123]  eta: 0:00:01  entropy: 0.2057  uncertainty: 1.0000  uncertainty_coeffi: 1.0000  loss: 0.2057  lr: 0.000202  time: 0.0371  data: 0.0001  max mem: 2685
      TTA Epoch: [0] [122/123]  eta: 0:00:00  entropy: 0.1845  uncertainty: 1.0000  uncertainty_coeffi: 1.0000  loss: 0.1845  lr: 0.000246  time: 0.0336  data: 0.0001  max mem: 2685
      TTA Epoch: [0] Total time: 0:00:05 (0.0433 s / it)
     Averaged stats: entropy: 0.3567  uncertainty: 1.0000  uncertainty_coeffi: 1.0000  loss: 0.3567  lr: 0.0001
     itm tta time 0:00:05
     Computing matching score
      Evaluation: [   0/1978]  eta: 0:02:02    time: 0.0622  data: 0.0032  max mem: 2685
      Evaluation: [ 100/1978]  eta: 0:01:19    time: 0.0413  data: 0.0000  max mem: 2685
      Evaluation: [ 200/1978]  eta: 0:01:14    time: 0.0419  data: 0.0000  max mem: 2685
      Evaluation: [ 300/1978]  eta: 0:01:10    time: 0.0424  data: 0.0000  max mem: 2685
      Evaluation: [ 400/1978]  eta: 0:01:08    time: 0.0454  data: 0.0000  max mem: 2685
      Evaluation: [ 500/1978]  eta: 0:01:04    time: 0.0449  data: 0.0000  max mem: 2685
      Evaluation: [ 600/1978]  eta: 0:00:59    time: 0.0443  data: 0.0000  max mem: 2685
      Evaluation: [ 700/1978]  eta: 0:00:55    time: 0.0420  data: 0.0000  max mem: 2685
      Evaluation: [ 800/1978]  eta: 0:00:51    time: 0.0471  data: 0.0000  max mem: 2685
      Evaluation: [ 900/1978]  eta: 0:00:47    time: 0.0414  data: 0.0000  max mem: 2685
      Evaluation: [1000/1978]  eta: 0:00:42    time: 0.0452  data: 0.0000  max mem: 2685
      Evaluation: [1100/1978]  eta: 0:00:38    time: 0.0438  data: 0.0000  max mem: 2685
      Evaluation: [1200/1978]  eta: 0:00:34    time: 0.0446  data: 0.0000  max mem: 2685
      Evaluation: [1300/1978]  eta: 0:00:29    time: 0.0439  data: 0.0000  max mem: 2685
      Evaluation: [1400/1978]  eta: 0:00:25    time: 0.0426  data: 0.0000  max mem: 2685
      Evaluation: [1500/1978]  eta: 0:00:20    time: 0.0418  data: 0.0000  max mem: 2685
      Evaluation: [1600/1978]  eta: 0:00:16    time: 0.0425  data: 0.0000  max mem: 2685
      Evaluation: [1700/1978]  eta: 0:00:12    time: 0.0443  data: 0.0000  max mem: 2685
      Evaluation: [1800/1978]  eta: 0:00:07    time: 0.0454  data: 0.0000  max mem: 2685
      Evaluation: [1900/1978]  eta: 0:00:03    time: 0.0432  data: 0.0000  max mem: 2685
      Evaluation: [1977/1978]  eta: 0:00:00    time: 0.0435  data: 0.0000  max mem: 2685
      Evaluation: Total time: 0:01:26 (0.0438 s / it)
     Computing matching score time 0:01:26
### TTA ITM Score: 
+-------------------+--------+--------+--------+--------+--------+
|       epoch       |   R1   |   R5   |  R10   |  mAP   |  mINP  |
+-------------------+--------+--------+--------+--------+--------+
|        -999       | 69.414 | 95.197 | 97.776 | 81.233 | 81.233 |
|        -999       | 84.277 | 99.039 | 99.596 | 91.276 | 91.276 |
|  cos_sim_wo/norm  | 58.544 | 91.860 | 95.703 | 73.596 | 73.596 |
|        -999       | 69.414 | 95.197 | 97.776 | 81.233 | 81.233 |
| itm_score_wo/norm | 84.328 | 98.989 | 99.494 | 91.293 | 91.293 |
|        -999       | 84.277 | 99.039 | 99.596 | 91.276 | 91.276 |
|         0         | 84.530 | 98.837 | 99.494 | 91.322 | 91.322 |
+-------------------+--------+--------+--------+--------+--------+
     logs:  {'epo': 0, 'R1': np.float32(84.53), 'R5': np.float32(98.837), 'R10': np.float32(99.494), 'mAP': np.float32(91.322), 'mINP': np.float32(91.322), 'entropy': 0.356664, 'uncertainty': 1.0, 'uncertainty_coeffi': 1.0, 'loss': 0.356664, 'lr': 0.000124}
      TTA Epoch: [1] [  0/123]  eta: 0:00:52  entropy: 0.1732  uncertainty: 1.0000  uncertainty_coeffi: 1.0000  loss: 0.1732  lr: 0.000248  time: 0.4233  data: 0.3737  max mem: 2685
      TTA Epoch: [1] [100/123]  eta: 0:00:00  entropy: 0.0837  uncertainty: 1.0000  uncertainty_coeffi: 1.0000  loss: 0.0837  lr: 0.000448  time: 0.0402  data: 0.0002  max mem: 2691
      TTA Epoch: [1] [122/123]  eta: 0:00:00  entropy: 0.1557  uncertainty: 1.0000  uncertainty_coeffi: 1.0000  loss: 0.1557  lr: 0.000492  time: 0.0350  data: 0.0002  max mem: 2691
      TTA Epoch: [1] Total time: 0:00:04 (0.0400 s / it)
     Averaged stats: entropy: 0.2383  uncertainty: 1.0000  uncertainty_coeffi: 1.0000  loss: 0.2383  lr: 0.0004
     itm tta time 0:00:04
     Computing matching score
      Evaluation: [   0/1978]  eta: 0:01:37    time: 0.0494  data: 0.0035  max mem: 2691
      Evaluation: [ 100/1978]  eta: 0:01:23    time: 0.0425  data: 0.0000  max mem: 2691
      Evaluation: [ 200/1978]  eta: 0:01:18    time: 0.0441  data: 0.0000  max mem: 2691
      Evaluation: [ 300/1978]  eta: 0:01:14    time: 0.0437  data: 0.0000  max mem: 2691
      Evaluation: [ 400/1978]  eta: 0:01:09    time: 0.0443  data: 0.0000  max mem: 2691
      Evaluation: [ 500/1978]  eta: 0:01:05    time: 0.0422  data: 0.0000  max mem: 2691
      Evaluation: [ 600/1978]  eta: 0:01:00    time: 0.0450  data: 0.0000  max mem: 2691
      Evaluation: [ 700/1978]  eta: 0:00:56    time: 0.0469  data: 0.0000  max mem: 2691
      Evaluation: [ 800/1978]  eta: 0:00:52    time: 0.0463  data: 0.0000  max mem: 2691
      Evaluation: [ 900/1978]  eta: 0:00:47    time: 0.0442  data: 0.0000  max mem: 2691
      Evaluation: [1000/1978]  eta: 0:00:43    time: 0.0417  data: 0.0000  max mem: 2691
      Evaluation: [1100/1978]  eta: 0:00:38    time: 0.0436  data: 0.0000  max mem: 2691
      Evaluation: [1200/1978]  eta: 0:00:34    time: 0.0411  data: 0.0000  max mem: 2691
      Evaluation: [1300/1978]  eta: 0:00:29    time: 0.0432  data: 0.0000  max mem: 2691
      Evaluation: [1400/1978]  eta: 0:00:25    time: 0.0432  data: 0.0000  max mem: 2691
      Evaluation: [1500/1978]  eta: 0:00:20    time: 0.0429  data: 0.0000  max mem: 2691
      Evaluation: [1600/1978]  eta: 0:00:16    time: 0.0448  data: 0.0000  max mem: 2691
      Evaluation: [1700/1978]  eta: 0:00:12    time: 0.0429  data: 0.0000  max mem: 2691
      Evaluation: [1800/1978]  eta: 0:00:07    time: 0.0462  data: 0.0000  max mem: 2691
      Evaluation: [1900/1978]  eta: 0:00:03    time: 0.0474  data: 0.0000  max mem: 2691
      Evaluation: [1977/1978]  eta: 0:00:00    time: 0.0444  data: 0.0000  max mem: 2691
      Evaluation: Total time: 0:01:27 (0.0442 s / it)
     Computing matching score time 0:01:27
### TTA ITM Score: 
+-------------------+--------+--------+--------+--------+--------+
|       epoch       |   R1   |   R5   |  R10   |  mAP   |  mINP  |
+-------------------+--------+--------+--------+--------+--------+
|        -999       | 69.414 | 95.197 | 97.776 | 81.233 | 81.233 |
|        -999       | 84.277 | 99.039 | 99.596 | 91.276 | 91.276 |
|  cos_sim_wo/norm  | 58.544 | 91.860 | 95.703 | 73.596 | 73.596 |
|        -999       | 69.414 | 95.197 | 97.776 | 81.233 | 81.233 |
| itm_score_wo/norm | 84.328 | 98.989 | 99.494 | 91.293 | 91.293 |
|        -999       | 84.277 | 99.039 | 99.596 | 91.276 | 91.276 |
|         0         | 84.530 | 98.837 | 99.494 | 91.322 | 91.322 |
|         1         | 84.884 | 98.736 | 99.343 | 91.483 | 91.483 |
+-------------------+--------+--------+--------+--------+--------+
     logs:  {'epo': 1, 'R1': np.float32(84.884), 'R5': np.float32(98.736), 'R10': np.float32(99.343), 'mAP': np.float32(91.483), 'mINP': np.float32(91.483), 'entropy': 0.2383, 'uncertainty': 1.0, 'uncertainty_coeffi': 1.0, 'loss': 0.2383, 'lr': 0.00037}
      TTA Epoch: [2] [  0/123]  eta: 0:00:51  entropy: 0.1869  uncertainty: 1.0000  uncertainty_coeffi: 1.0000  loss: 0.1869  lr: 0.000494  time: 0.4225  data: 0.3715  max mem: 2691
      TTA Epoch: [2] [100/123]  eta: 0:00:00  entropy: 0.1750  uncertainty: 1.0000  uncertainty_coeffi: 1.0000  loss: 0.1750  lr: 0.000694  time: 0.0361  data: 0.0002  max mem: 2691
      TTA Epoch: [2] [122/123]  eta: 0:00:00  entropy: 0.0840  uncertainty: 1.0000  uncertainty_coeffi: 1.0000  loss: 0.0840  lr: 0.000738  time: 0.0334  data: 0.0001  max mem: 2691
      TTA Epoch: [2] Total time: 0:00:04 (0.0400 s / it)
     Averaged stats: entropy: 0.1597  uncertainty: 1.0000  uncertainty_coeffi: 1.0000  loss: 0.1597  lr: 0.0006
     itm tta time 0:00:04
     Computing matching score
      Evaluation: [   0/1978]  eta: 0:01:27    time: 0.0445  data: 0.0034  max mem: 2691
      Evaluation: [ 100/1978]  eta: 0:01:21    time: 0.0431  data: 0.0000  max mem: 2691
      Evaluation: [ 200/1978]  eta: 0:01:17    time: 0.0433  data: 0.0000  max mem: 2691
      Evaluation: [ 300/1978]  eta: 0:01:13    time: 0.0436  data: 0.0000  max mem: 2691
      Evaluation: [ 400/1978]  eta: 0:01:09    time: 0.0446  data: 0.0000  max mem: 2691
      Evaluation: [ 500/1978]  eta: 0:01:04    time: 0.0434  data: 0.0000  max mem: 2691
      Evaluation: [ 600/1978]  eta: 0:01:00    time: 0.0419  data: 0.0000  max mem: 2691
      Evaluation: [ 700/1978]  eta: 0:00:55    time: 0.0471  data: 0.0000  max mem: 2691
      Evaluation: [ 800/1978]  eta: 0:00:51    time: 0.0449  data: 0.0000  max mem: 2691
      Evaluation: [ 900/1978]  eta: 0:00:47    time: 0.0430  data: 0.0000  max mem: 2691
      Evaluation: [1000/1978]  eta: 0:00:43    time: 0.0441  data: 0.0000  max mem: 2691
      Evaluation: [1100/1978]  eta: 0:00:38    time: 0.0479  data: 0.0000  max mem: 2691
      Evaluation: [1200/1978]  eta: 0:00:34    time: 0.0449  data: 0.0000  max mem: 2691
      Evaluation: [1300/1978]  eta: 0:00:30    time: 0.0454  data: 0.0000  max mem: 2691
      Evaluation: [1400/1978]  eta: 0:00:25    time: 0.0411  data: 0.0000  max mem: 2691
      Evaluation: [1500/1978]  eta: 0:00:21    time: 0.0436  data: 0.0000  max mem: 2691
      Evaluation: [1600/1978]  eta: 0:00:16    time: 0.0471  data: 0.0000  max mem: 2691
      Evaluation: [1700/1978]  eta: 0:00:12    time: 0.0466  data: 0.0000  max mem: 2691
      Evaluation: [1800/1978]  eta: 0:00:07    time: 0.0408  data: 0.0000  max mem: 2691
      Evaluation: [1900/1978]  eta: 0:00:03    time: 0.0428  data: 0.0000  max mem: 2691
      Evaluation: [1977/1978]  eta: 0:00:00    time: 0.0413  data: 0.0000  max mem: 2691
      Evaluation: Total time: 0:01:27 (0.0443 s / it)
     Computing matching score time 0:01:27
### TTA ITM Score: 
+-------------------+--------+--------+--------+--------+--------+
|       epoch       |   R1   |   R5   |  R10   |  mAP   |  mINP  |
+-------------------+--------+--------+--------+--------+--------+
|        -999       | 69.414 | 95.197 | 97.776 | 81.233 | 81.233 |
|        -999       | 84.277 | 99.039 | 99.596 | 91.276 | 91.276 |
|  cos_sim_wo/norm  | 58.544 | 91.860 | 95.703 | 73.596 | 73.596 |
|        -999       | 69.414 | 95.197 | 97.776 | 81.233 | 81.233 |
| itm_score_wo/norm | 84.328 | 98.989 | 99.494 | 91.293 | 91.293 |
|        -999       | 84.277 | 99.039 | 99.596 | 91.276 | 91.276 |
|         0         | 84.530 | 98.837 | 99.494 | 91.322 | 91.322 |
|         1         | 84.884 | 98.736 | 99.343 | 91.483 | 91.483 |
|         2         | 84.985 | 98.686 | 99.292 | 91.456 | 91.456 |
+-------------------+--------+--------+--------+--------+--------+
     logs:  {'epo': 2, 'R1': np.float32(84.985), 'R5': np.float32(98.686), 'R10': np.float32(99.292), 'mAP': np.float32(91.456), 'mINP': np.float32(91.456), 'entropy': 0.159653, 'uncertainty': 1.0, 'uncertainty_coeffi': 1.0, 'loss': 0.159653, 'lr': 0.000616}
      TTA Epoch: [3] [  0/123]  eta: 0:00:47  entropy: 0.0345  uncertainty: 1.0000  uncertainty_coeffi: 1.0000  loss: 0.0345  lr: 0.000740  time: 0.3859  data: 0.3374  max mem: 2691
      TTA Epoch: [3] [100/123]  eta: 0:00:00  entropy: 0.1077  uncertainty: 1.0000  uncertainty_coeffi: 1.0000  loss: 0.1077  lr: 0.000940  time: 0.0347  data: 0.0001  max mem: 2691
      TTA Epoch: [3] [122/123]  eta: 0:00:00  entropy: 0.1559  uncertainty: 1.0000  uncertainty_coeffi: 1.0000  loss: 0.1559  lr: 0.000984  time: 0.0325  data: 0.0001  max mem: 2691
      TTA Epoch: [3] Total time: 0:00:04 (0.0372 s / it)
     Averaged stats: entropy: 0.1085  uncertainty: 1.0000  uncertainty_coeffi: 1.0000  loss: 0.1085  lr: 0.0009
     itm tta time 0:00:04
      TTA Epoch: [4] [  0/123]  eta: 0:00:47  entropy: 0.0180  uncertainty: 1.0000  uncertainty_coeffi: 1.0000  loss: 0.0180  lr: 0.000986  time: 0.3893  data: 0.3377  max mem: 2691
      TTA Epoch: [4] [100/123]  eta: 0:00:00  entropy: 0.0223  uncertainty: 1.0000  uncertainty_coeffi: 1.0000  loss: 0.0223  lr: 0.000987  time: 0.0346  data: 0.0001  max mem: 2691
      TTA Epoch: [4] [122/123]  eta: 0:00:00  entropy: 0.1381  uncertainty: 1.0000  uncertainty_coeffi: 1.0000  loss: 0.1381  lr: 0.000983  time: 0.0320  data: 0.0001  max mem: 2691
      TTA Epoch: [4] Total time: 0:00:04 (0.0377 s / it)
     Averaged stats: entropy: 0.0796  uncertainty: 1.0000  uncertainty_coeffi: 1.0000  loss: 0.0796  lr: 0.0010
     itm tta time 0:00:04
     Computing matching score
      Evaluation: [   0/1978]  eta: 0:01:54    time: 0.0580  data: 0.0032  max mem: 2691
      Evaluation: [ 100/1978]  eta: 0:01:22    time: 0.0417  data: 0.0000  max mem: 2691
      Evaluation: [ 200/1978]  eta: 0:01:17    time: 0.0441  data: 0.0000  max mem: 2691
      Evaluation: [ 300/1978]  eta: 0:01:13    time: 0.0433  data: 0.0000  max mem: 2691
      Evaluation: [ 400/1978]  eta: 0:01:08    time: 0.0441  data: 0.0000  max mem: 2691
      Evaluation: [ 500/1978]  eta: 0:01:04    time: 0.0459  data: 0.0000  max mem: 2691
      Evaluation: [ 600/1978]  eta: 0:01:00    time: 0.0429  data: 0.0000  max mem: 2691
      Evaluation: [ 700/1978]  eta: 0:00:56    time: 0.0437  data: 0.0000  max mem: 2691
      Evaluation: [ 800/1978]  eta: 0:00:51    time: 0.0440  data: 0.0000  max mem: 2691
      Evaluation: [ 900/1978]  eta: 0:00:47    time: 0.0419  data: 0.0000  max mem: 2691
      Evaluation: [1000/1978]  eta: 0:00:43    time: 0.0454  data: 0.0000  max mem: 2691
      Evaluation: [1100/1978]  eta: 0:00:38    time: 0.0432  data: 0.0000  max mem: 2691
      Evaluation: [1200/1978]  eta: 0:00:34    time: 0.0423  data: 0.0000  max mem: 2691
      Evaluation: [1300/1978]  eta: 0:00:29    time: 0.0419  data: 0.0000  max mem: 2691
      Evaluation: [1400/1978]  eta: 0:00:25    time: 0.0434  data: 0.0000  max mem: 2691
      Evaluation: [1500/1978]  eta: 0:00:20    time: 0.0434  data: 0.0000  max mem: 2691
      Evaluation: [1600/1978]  eta: 0:00:16    time: 0.0425  data: 0.0000  max mem: 2691
      Evaluation: [1700/1978]  eta: 0:00:12    time: 0.0454  data: 0.0000  max mem: 2691
      Evaluation: [1800/1978]  eta: 0:00:07    time: 0.0431  data: 0.0000  max mem: 2691
      Evaluation: [1900/1978]  eta: 0:00:03    time: 0.0430  data: 0.0000  max mem: 2691
      Evaluation: [1977/1978]  eta: 0:00:00    time: 0.0437  data: 0.0000  max mem: 2691
      Evaluation: Total time: 0:01:26 (0.0439 s / it)
     Computing matching score time 0:01:27
### TTA ITM Score: 
+-------------------+--------+--------+--------+--------+--------+
|       epoch       |   R1   |   R5   |  R10   |  mAP   |  mINP  |
+-------------------+--------+--------+--------+--------+--------+
|        -999       | 69.414 | 95.197 | 97.776 | 81.233 | 81.233 |
|        -999       | 84.277 | 99.039 | 99.596 | 91.276 | 91.276 |
|  cos_sim_wo/norm  | 58.544 | 91.860 | 95.703 | 73.596 | 73.596 |
|        -999       | 69.414 | 95.197 | 97.776 | 81.233 | 81.233 |
| itm_score_wo/norm | 84.328 | 98.989 | 99.494 | 91.293 | 91.293 |
|        -999       | 84.277 | 99.039 | 99.596 | 91.276 | 91.276 |
|         0         | 84.530 | 98.837 | 99.494 | 91.322 | 91.322 |
|         1         | 84.884 | 98.736 | 99.343 | 91.483 | 91.483 |
|         2         | 84.985 | 98.686 | 99.292 | 91.456 | 91.456 |
|         4         | 84.631 | 98.686 | 99.393 | 91.306 | 91.306 |
+-------------------+--------+--------+--------+--------+--------+
     logs:  {'epo': 4, 'R1': np.float32(84.631), 'R5': np.float32(98.686), 'R10': np.float32(99.393), 'mAP': np.float32(91.306), 'mINP': np.float32(91.306), 'entropy': 0.07958, 'uncertainty': 1.0, 'uncertainty_coeffi': 1.0, 'loss': 0.07958, 'lr': 0.000992}
      TTA Epoch: [5] [  0/123]  eta: 0:00:50  entropy: 0.0535  uncertainty: 1.0000  uncertainty_coeffi: 1.0000  loss: 0.0535  lr: 0.000983  time: 0.4143  data: 0.3597  max mem: 2691
      TTA Epoch: [5] [100/123]  eta: 0:00:00  entropy: 0.0564  uncertainty: 1.0000  uncertainty_coeffi: 1.0000  loss: 0.0564  lr: 0.000969  time: 0.0372  data: 0.0001  max mem: 2691
      TTA Epoch: [5] [122/123]  eta: 0:00:00  entropy: 0.0960  uncertainty: 1.0000  uncertainty_coeffi: 1.0000  loss: 0.0960  lr: 0.000966  time: 0.0342  data: 0.0002  max mem: 2691
      TTA Epoch: [5] Total time: 0:00:05 (0.0412 s / it)
     Averaged stats: entropy: 0.0626  uncertainty: 1.0000  uncertainty_coeffi: 1.0000  loss: 0.0626  lr: 0.0010
     itm tta time 0:00:05
      TTA Epoch: [6] [  0/123]  eta: 0:00:46  entropy: 0.0767  uncertainty: 1.0000  uncertainty_coeffi: 1.0000  loss: 0.0767  lr: 0.000966  time: 0.3808  data: 0.3339  max mem: 2691
      TTA Epoch: [6] [100/123]  eta: 0:00:00  entropy: 0.0672  uncertainty: 1.0000  uncertainty_coeffi: 1.0000  loss: 0.0672  lr: 0.000951  time: 0.0354  data: 0.0002  max mem: 2691
      TTA Epoch: [6] [122/123]  eta: 0:00:00  entropy: 0.0298  uncertainty: 1.0000  uncertainty_coeffi: 1.0000  loss: 0.0298  lr: 0.000948  time: 0.0330  data: 0.0001  max mem: 2691
      TTA Epoch: [6] Total time: 0:00:04 (0.0387 s / it)
     Averaged stats: entropy: 0.0512  uncertainty: 1.0000  uncertainty_coeffi: 1.0000  loss: 0.0512  lr: 0.0010
     itm tta time 0:00:04
      TTA Epoch: [7] [  0/123]  eta: 0:00:56  entropy: 0.0304  uncertainty: 1.0000  uncertainty_coeffi: 1.0000  loss: 0.0304  lr: 0.000948  time: 0.4630  data: 0.4009  max mem: 2691
      TTA Epoch: [7] [100/123]  eta: 0:00:00  entropy: 0.0090  uncertainty: 1.0000  uncertainty_coeffi: 1.0000  loss: 0.0090  lr: 0.000933  time: 0.0388  data: 0.0002  max mem: 2691
      TTA Epoch: [7] [122/123]  eta: 0:00:00  entropy: 0.0042  uncertainty: 1.0000  uncertainty_coeffi: 1.0000  loss: 0.0042  lr: 0.000930  time: 0.0409  data: 0.0059  max mem: 2691
      TTA Epoch: [7] Total time: 0:00:05 (0.0427 s / it)
     Averaged stats: entropy: 0.0462  uncertainty: 1.0000  uncertainty_coeffi: 1.0000  loss: 0.0462  lr: 0.0009
     itm tta time 0:00:05
      TTA Epoch: [8] [  0/123]  eta: 0:00:50  entropy: 0.0263  uncertainty: 1.0000  uncertainty_coeffi: 1.0000  loss: 0.0263  lr: 0.000930  time: 0.4100  data: 0.3586  max mem: 2691
      TTA Epoch: [8] [100/123]  eta: 0:00:00  entropy: 0.0540  uncertainty: 1.0000  uncertainty_coeffi: 1.0000  loss: 0.0540  lr: 0.000916  time: 0.0349  data: 0.0001  max mem: 2691
      TTA Epoch: [8] [122/123]  eta: 0:00:00  entropy: 0.1187  uncertainty: 1.0000  uncertainty_coeffi: 1.0000  loss: 0.1187  lr: 0.000913  time: 0.0330  data: 0.0001  max mem: 2691
      TTA Epoch: [8] Total time: 0:00:04 (0.0406 s / it)
     Averaged stats: entropy: 0.0374  uncertainty: 1.0000  uncertainty_coeffi: 1.0000  loss: 0.0374  lr: 0.0009
     itm tta time 0:00:05
      TTA Epoch: [9] [  0/123]  eta: 0:00:46  entropy: 0.0025  uncertainty: 1.0000  uncertainty_coeffi: 1.0000  loss: 0.0025  lr: 0.000912  time: 0.3787  data: 0.3315  max mem: 2691
      TTA Epoch: [9] [100/123]  eta: 0:00:00  entropy: 0.0316  uncertainty: 1.0000  uncertainty_coeffi: 1.0000  loss: 0.0316  lr: 0.000898  time: 0.0348  data: 0.0001  max mem: 2691
      TTA Epoch: [9] [122/123]  eta: 0:00:00  entropy: 0.0182  uncertainty: 1.0000  uncertainty_coeffi: 1.0000  loss: 0.0182  lr: 0.000895  time: 0.0320  data: 0.0001  max mem: 2691
      TTA Epoch: [9] Total time: 0:00:04 (0.0391 s / it)
     Averaged stats: entropy: 0.0353  uncertainty: 1.0000  uncertainty_coeffi: 1.0000  loss: 0.0353  lr: 0.0009
     itm tta time 0:00:04
     Computing matching score
      Evaluation: [   0/1978]  eta: 0:01:42    time: 0.0519  data: 0.0034  max mem: 2691
      Evaluation: [ 100/1978]  eta: 0:01:20    time: 0.0426  data: 0.0000  max mem: 2691
      Evaluation: [ 200/1978]  eta: 0:01:17    time: 0.0456  data: 0.0000  max mem: 2691
      Evaluation: [ 300/1978]  eta: 0:01:15    time: 0.0450  data: 0.0000  max mem: 2691
      Evaluation: [ 400/1978]  eta: 0:01:10    time: 0.0480  data: 0.0000  max mem: 2691
      Evaluation: [ 500/1978]  eta: 0:01:06    time: 0.0437  data: 0.0000  max mem: 2691
      Evaluation: [ 600/1978]  eta: 0:01:02    time: 0.0460  data: 0.0000  max mem: 2691
      Evaluation: [ 700/1978]  eta: 0:00:57    time: 0.0455  data: 0.0000  max mem: 2691
      Evaluation: [ 800/1978]  eta: 0:00:52    time: 0.0429  data: 0.0000  max mem: 2691
      Evaluation: [ 900/1978]  eta: 0:00:48    time: 0.0490  data: 0.0000  max mem: 2691
      Evaluation: [1000/1978]  eta: 0:00:43    time: 0.0442  data: 0.0000  max mem: 2691
      Evaluation: [1100/1978]  eta: 0:00:39    time: 0.0417  data: 0.0000  max mem: 2691
      Evaluation: [1200/1978]  eta: 0:00:34    time: 0.0447  data: 0.0000  max mem: 2691
      Evaluation: [1300/1978]  eta: 0:00:30    time: 0.0474  data: 0.0000  max mem: 2691
      Evaluation: [1400/1978]  eta: 0:00:25    time: 0.0442  data: 0.0000  max mem: 2691
      Evaluation: [1500/1978]  eta: 0:00:21    time: 0.0436  data: 0.0000  max mem: 2691
      Evaluation: [1600/1978]  eta: 0:00:16    time: 0.0430  data: 0.0000  max mem: 2691
      Evaluation: [1700/1978]  eta: 0:00:12    time: 0.0439  data: 0.0000  max mem: 2691
      Evaluation: [1800/1978]  eta: 0:00:07    time: 0.0443  data: 0.0000  max mem: 2691
      Evaluation: [1900/1978]  eta: 0:00:03    time: 0.0448  data: 0.0000  max mem: 2691
      Evaluation: [1977/1978]  eta: 0:00:00    time: 0.0436  data: 0.0000  max mem: 2691
      Evaluation: Total time: 0:01:28 (0.0446 s / it)
     Computing matching score time 0:01:28
### TTA ITM Score: 
+-------------------+--------+--------+--------+--------+--------+
|       epoch       |   R1   |   R5   |  R10   |  mAP   |  mINP  |
+-------------------+--------+--------+--------+--------+--------+
|        -999       | 69.414 | 95.197 | 97.776 | 81.233 | 81.233 |
|        -999       | 84.277 | 99.039 | 99.596 | 91.276 | 91.276 |
|  cos_sim_wo/norm  | 58.544 | 91.860 | 95.703 | 73.596 | 73.596 |
|        -999       | 69.414 | 95.197 | 97.776 | 81.233 | 81.233 |
| itm_score_wo/norm | 84.328 | 98.989 | 99.494 | 91.293 | 91.293 |
|        -999       | 84.277 | 99.039 | 99.596 | 91.276 | 91.276 |
|         0         | 84.530 | 98.837 | 99.494 | 91.322 | 91.322 |
|         1         | 84.884 | 98.736 | 99.343 | 91.483 | 91.483 |
|         2         | 84.985 | 98.686 | 99.292 | 91.456 | 91.456 |
|         4         | 84.631 | 98.686 | 99.393 | 91.306 | 91.306 |
|         9         | 84.681 | 98.382 | 99.292 | 91.235 | 91.235 |
+-------------------+--------+--------+--------+--------+--------+
     logs:  {'epo': 9, 'R1': np.float32(84.681), 'R5': np.float32(98.382), 'R10': np.float32(99.292), 'mAP': np.float32(91.235), 'mINP': np.float32(91.235), 'entropy': 0.035271, 'uncertainty': 1.0, 'uncertainty_coeffi': 1.0, 'loss': 0.035271, 'lr': 0.000904}
      TTA Epoch: [10] [  0/123]  eta: 0:00:52  entropy: 0.0524  uncertainty: 1.0000  uncertainty_coeffi: 1.0000  loss: 0.0524  lr: 0.000895  time: 0.4230  data: 0.3724  max mem: 2691
      TTA Epoch: [10] [100/123]  eta: 0:00:00  entropy: 0.0558  uncertainty: 1.0000  uncertainty_coeffi: 1.0000  loss: 0.0558  lr: 0.000880  time: 0.0382  data: 0.0002  max mem: 2691
      TTA Epoch: [10] [122/123]  eta: 0:00:00  entropy: 0.0118  uncertainty: 1.0000  uncertainty_coeffi: 1.0000  loss: 0.0118  lr: 0.000877  time: 0.0325  data: 0.0001  max mem: 2691
      TTA Epoch: [10] Total time: 0:00:05 (0.0407 s / it)
     Averaged stats: entropy: 0.0303  uncertainty: 1.0000  uncertainty_coeffi: 1.0000  loss: 0.0303  lr: 0.0009
     itm tta time 0:00:05
      TTA Epoch: [11] [  0/123]  eta: 0:00:47  entropy: 0.0213  uncertainty: 1.0000  uncertainty_coeffi: 1.0000  loss: 0.0213  lr: 0.000877  time: 0.3881  data: 0.3373  max mem: 2691
      TTA Epoch: [11] [100/123]  eta: 0:00:00  entropy: 0.0054  uncertainty: 1.0000  uncertainty_coeffi: 1.0000  loss: 0.0054  lr: 0.000863  time: 0.0376  data: 0.0001  max mem: 2691
      TTA Epoch: [11] [122/123]  eta: 0:00:00  entropy: 0.0169  uncertainty: 1.0000  uncertainty_coeffi: 1.0000  loss: 0.0169  lr: 0.000859  time: 0.0339  data: 0.0001  max mem: 2691
      TTA Epoch: [11] Total time: 0:00:04 (0.0394 s / it)
     Averaged stats: entropy: 0.0304  uncertainty: 1.0000  uncertainty_coeffi: 1.0000  loss: 0.0304  lr: 0.0009
     itm tta time 0:00:04
      TTA Epoch: [12] [  0/123]  eta: 0:00:47  entropy: 0.0120  uncertainty: 1.0000  uncertainty_coeffi: 1.0000  loss: 0.0120  lr: 0.000859  time: 0.3891  data: 0.3423  max mem: 2691
      TTA Epoch: [12] [100/123]  eta: 0:00:00  entropy: 0.0093  uncertainty: 1.0000  uncertainty_coeffi: 1.0000  loss: 0.0093  lr: 0.000845  time: 0.0352  data: 0.0001  max mem: 2691
      TTA Epoch: [12] [122/123]  eta: 0:00:00  entropy: 0.0000  uncertainty: 1.0000  uncertainty_coeffi: 1.0000  loss: 0.0000  lr: 0.000842  time: 0.0317  data: 0.0001  max mem: 2691
      TTA Epoch: [12] Total time: 0:00:04 (0.0386 s / it)
     Averaged stats: entropy: 0.0221  uncertainty: 1.0000  uncertainty_coeffi: 1.0000  loss: 0.0221  lr: 0.0009
     itm tta time 0:00:04
      TTA Epoch: [13] [  0/123]  eta: 0:00:49  entropy: 0.0851  uncertainty: 1.0000  uncertainty_coeffi: 1.0000  loss: 0.0851  lr: 0.000841  time: 0.4014  data: 0.3374  max mem: 2691
      TTA Epoch: [13] [100/123]  eta: 0:00:00  entropy: 0.0269  uncertainty: 1.0000  uncertainty_coeffi: 1.0000  loss: 0.0269  lr: 0.000827  time: 0.0356  data: 0.0001  max mem: 2691
      TTA Epoch: [13] [122/123]  eta: 0:00:00  entropy: 0.0314  uncertainty: 1.0000  uncertainty_coeffi: 1.0000  loss: 0.0314  lr: 0.000824  time: 0.0329  data: 0.0001  max mem: 2691
      TTA Epoch: [13] Total time: 0:00:04 (0.0389 s / it)
     Averaged stats: entropy: 0.0254  uncertainty: 1.0000  uncertainty_coeffi: 1.0000  loss: 0.0254  lr: 0.0008
     itm tta time 0:00:04
      TTA Epoch: [14] [  0/123]  eta: 0:00:47  entropy: 0.0567  uncertainty: 1.0000  uncertainty_coeffi: 1.0000  loss: 0.0567  lr: 0.000824  time: 0.3854  data: 0.3387  max mem: 2691
      TTA Epoch: [14] [100/123]  eta: 0:00:00  entropy: 0.0399  uncertainty: 1.0000  uncertainty_coeffi: 1.0000  loss: 0.0399  lr: 0.000809  time: 0.0353  data: 0.0001  max mem: 2691
      TTA Epoch: [14] [122/123]  eta: 0:00:00  entropy: 0.0001  uncertainty: 1.0000  uncertainty_coeffi: 1.0000  loss: 0.0001  lr: 0.000806  time: 0.0325  data: 0.0001  max mem: 2691
      TTA Epoch: [14] Total time: 0:00:04 (0.0378 s / it)
     Averaged stats: entropy: 0.0223  uncertainty: 1.0000  uncertainty_coeffi: 1.0000  loss: 0.0223  lr: 0.0008
     itm tta time 0:00:04
     Computing matching score
      Evaluation: [   0/1978]  eta: 0:01:51    time: 0.0562  data: 0.0030  max mem: 2691
      Evaluation: [ 100/1978]  eta: 0:01:19    time: 0.0404  data: 0.0000  max mem: 2691
      Evaluation: [ 200/1978]  eta: 0:01:16    time: 0.0440  data: 0.0000  max mem: 2691
      Evaluation: [ 300/1978]  eta: 0:01:13    time: 0.0418  data: 0.0000  max mem: 2691
      Evaluation: [ 400/1978]  eta: 0:01:08    time: 0.0439  data: 0.0000  max mem: 2691
      Evaluation: [ 500/1978]  eta: 0:01:04    time: 0.0447  data: 0.0000  max mem: 2691
      Evaluation: [ 600/1978]  eta: 0:01:00    time: 0.0432  data: 0.0000  max mem: 2691
      Evaluation: [ 700/1978]  eta: 0:00:55    time: 0.0460  data: 0.0000  max mem: 2691
      Evaluation: [ 800/1978]  eta: 0:00:51    time: 0.0427  data: 0.0000  max mem: 2691
      Evaluation: [ 900/1978]  eta: 0:00:47    time: 0.0422  data: 0.0000  max mem: 2691
      Evaluation: [1000/1978]  eta: 0:00:43    time: 0.0514  data: 0.0000  max mem: 2691
      Evaluation: [1100/1978]  eta: 0:00:39    time: 0.0547  data: 0.0000  max mem: 2691
      Evaluation: [1200/1978]  eta: 0:00:35    time: 0.0562  data: 0.0000  max mem: 2691
      Evaluation: [1300/1978]  eta: 0:00:31    time: 0.0657  data: 0.0000  max mem: 2691
      Evaluation: [1400/1978]  eta: 0:00:27    time: 0.0652  data: 0.0000  max mem: 2691
      Evaluation: [1500/1978]  eta: 0:00:22    time: 0.0458  data: 0.0000  max mem: 2691
      Evaluation: [1600/1978]  eta: 0:00:18    time: 0.0434  data: 0.0000  max mem: 2691
      Evaluation: [1700/1978]  eta: 0:00:13    time: 0.0417  data: 0.0000  max mem: 2691
      Evaluation: [1800/1978]  eta: 0:00:08    time: 0.0401  data: 0.0000  max mem: 2691
      Evaluation: [1900/1978]  eta: 0:00:03    time: 0.0400  data: 0.0000  max mem: 2691
      Evaluation: [1977/1978]  eta: 0:00:00    time: 0.0454  data: 0.0000  max mem: 2691
      Evaluation: Total time: 0:01:32 (0.0468 s / it)
     Computing matching score time 0:01:32
### TTA ITM Score: 
+-------------------+--------+--------+--------+--------+--------+
|       epoch       |   R1   |   R5   |  R10   |  mAP   |  mINP  |
+-------------------+--------+--------+--------+--------+--------+
|        -999       | 69.414 | 95.197 | 97.776 | 81.233 | 81.233 |
|        -999       | 84.277 | 99.039 | 99.596 | 91.276 | 91.276 |
|  cos_sim_wo/norm  | 58.544 | 91.860 | 95.703 | 73.596 | 73.596 |
|        -999       | 69.414 | 95.197 | 97.776 | 81.233 | 81.233 |
| itm_score_wo/norm | 84.328 | 98.989 | 99.494 | 91.293 | 91.293 |
|        -999       | 84.277 | 99.039 | 99.596 | 91.276 | 91.276 |
|         0         | 84.530 | 98.837 | 99.494 | 91.322 | 91.322 |
|         1         | 84.884 | 98.736 | 99.343 | 91.483 | 91.483 |
|         2         | 84.985 | 98.686 | 99.292 | 91.456 | 91.456 |
|         4         | 84.631 | 98.686 | 99.393 | 91.306 | 91.306 |
|         9         | 84.681 | 98.382 | 99.292 | 91.235 | 91.235 |
|         14        | 84.075 | 98.483 | 99.343 | 90.891 | 90.891 |
+-------------------+--------+--------+--------+--------+--------+
     logs:  {'epo': 14, 'R1': np.float32(84.075), 'R5': np.float32(98.483), 'R10': np.float32(99.343), 'mAP': np.float32(90.891), 'mINP': np.float32(90.891), 'entropy': 0.022308, 'uncertainty': 1.0, 'uncertainty_coeffi': 1.0, 'loss': 0.022308, 'lr': 0.000815}
      TTA Epoch: [15] [  0/123]  eta: 0:00:48  entropy: 0.0288  uncertainty: 1.0000  uncertainty_coeffi: 1.0000  loss: 0.0288  lr: 0.000806  time: 0.3938  data: 0.3452  max mem: 2691
      TTA Epoch: [15] [100/123]  eta: 0:00:00  entropy: 0.0059  uncertainty: 1.0000  uncertainty_coeffi: 1.0000  loss: 0.0059  lr: 0.000792  time: 0.0344  data: 0.0001  max mem: 2691
      TTA Epoch: [15] [122/123]  eta: 0:00:00  entropy: 0.0001  uncertainty: 1.0000  uncertainty_coeffi: 1.0000  loss: 0.0001  lr: 0.000788  time: 0.0314  data: 0.0001  max mem: 2691
      TTA Epoch: [15] Total time: 0:00:04 (0.0377 s / it)
     Averaged stats: entropy: 0.0263  uncertainty: 1.0000  uncertainty_coeffi: 1.0000  loss: 0.0263  lr: 0.0008
     itm tta time 0:00:04
      TTA Epoch: [16] [  0/123]  eta: 0:00:48  entropy: 0.0872  uncertainty: 1.0000  uncertainty_coeffi: 1.0000  loss: 0.0872  lr: 0.000788  time: 0.3947  data: 0.3477  max mem: 2691
      TTA Epoch: [16] [100/123]  eta: 0:00:00  entropy: 0.0004  uncertainty: 1.0000  uncertainty_coeffi: 1.0000  loss: 0.0004  lr: 0.000387  time: 0.0335  data: 0.0001  max mem: 2691
      TTA Epoch: [16] [122/123]  eta: 0:00:00  entropy: 0.0120  uncertainty: 1.0000  uncertainty_coeffi: 1.0000  loss: 0.0120  lr: 0.000385  time: 0.0314  data: 0.0001  max mem: 2691
      TTA Epoch: [16] Total time: 0:00:04 (0.0364 s / it)
     Averaged stats: entropy: 0.0235  uncertainty: 1.0000  uncertainty_coeffi: 1.0000  loss: 0.0235  lr: 0.0005
     itm tta time 0:00:04
      TTA Epoch: [17] [  0/123]  eta: 0:00:51  entropy: 0.0401  uncertainty: 1.0000  uncertainty_coeffi: 1.0000  loss: 0.0401  lr: 0.000385  time: 0.4175  data: 0.3692  max mem: 2691
      TTA Epoch: [17] [100/123]  eta: 0:00:00  entropy: 0.0436  uncertainty: 1.0000  uncertainty_coeffi: 1.0000  loss: 0.0436  lr: 0.000378  time: 0.0341  data: 0.0001  max mem: 2691
      TTA Epoch: [17] [122/123]  eta: 0:00:00  entropy: 0.0003  uncertainty: 1.0000  uncertainty_coeffi: 1.0000  loss: 0.0003  lr: 0.000377  time: 0.0313  data: 0.0001  max mem: 2691
      TTA Epoch: [17] Total time: 0:00:04 (0.0370 s / it)
     Averaged stats: entropy: 0.0199  uncertainty: 1.0000  uncertainty_coeffi: 1.0000  loss: 0.0199  lr: 0.0004
     itm tta time 0:00:04
      TTA Epoch: [18] [  0/123]  eta: 0:00:47  entropy: 0.0000  uncertainty: 1.0000  uncertainty_coeffi: 1.0000  loss: 0.0000  lr: 0.000376  time: 0.3822  data: 0.3362  max mem: 2691
      TTA Epoch: [18] [100/123]  eta: 0:00:01  entropy: 0.0388  uncertainty: 1.0000  uncertainty_coeffi: 1.0000  loss: 0.0388  lr: 0.000369  time: 0.0446  data: 0.0047  max mem: 2691
      TTA Epoch: [18] [122/123]  eta: 0:00:00  entropy: 0.0000  uncertainty: 1.0000  uncertainty_coeffi: 1.0000  loss: 0.0000  lr: 0.000368  time: 0.0363  data: 0.0009  max mem: 2691
      TTA Epoch: [18] Total time: 0:00:05 (0.0438 s / it)
     Averaged stats: entropy: 0.0210  uncertainty: 1.0000  uncertainty_coeffi: 1.0000  loss: 0.0210  lr: 0.0004
     itm tta time 0:00:05
      TTA Epoch: [19] [  0/123]  eta: 0:00:52  entropy: 0.0058  uncertainty: 1.0000  uncertainty_coeffi: 1.0000  loss: 0.0058  lr: 0.000368  time: 0.4268  data: 0.3793  max mem: 2691
      TTA Epoch: [19] [100/123]  eta: 0:00:00  entropy: 0.0069  uncertainty: 1.0000  uncertainty_coeffi: 1.0000  loss: 0.0069  lr: 0.000360  time: 0.0352  data: 0.0001  max mem: 2691
      TTA Epoch: [19] [122/123]  eta: 0:00:00  entropy: 0.0004  uncertainty: 1.0000  uncertainty_coeffi: 1.0000  loss: 0.0004  lr: 0.000359  time: 0.0330  data: 0.0001  max mem: 2691
      TTA Epoch: [19] Total time: 0:00:04 (0.0385 s / it)
     Averaged stats: entropy: 0.0222  uncertainty: 1.0000  uncertainty_coeffi: 1.0000  loss: 0.0222  lr: 0.0004
     itm tta time 0:00:04
     Computing matching score
      Evaluation: [   0/1978]  eta: 0:01:45    time: 0.0534  data: 0.0033  max mem: 2691
      Evaluation: [ 100/1978]  eta: 0:01:25    time: 0.0462  data: 0.0000  max mem: 2691
      Evaluation: [ 200/1978]  eta: 0:01:17    time: 0.0404  data: 0.0000  max mem: 2691
      Evaluation: [ 300/1978]  eta: 0:01:12    time: 0.0409  data: 0.0000  max mem: 2691
      Evaluation: [ 400/1978]  eta: 0:01:07    time: 0.0403  data: 0.0000  max mem: 2691
      Evaluation: [ 500/1978]  eta: 0:01:02    time: 0.0414  data: 0.0000  max mem: 2691
      Evaluation: [ 600/1978]  eta: 0:00:58    time: 0.0468  data: 0.0000  max mem: 2691
      Evaluation: [ 700/1978]  eta: 0:00:54    time: 0.0477  data: 0.0000  max mem: 2691
      Evaluation: [ 800/1978]  eta: 0:00:50    time: 0.0427  data: 0.0000  max mem: 2691
      Evaluation: [ 900/1978]  eta: 0:00:46    time: 0.0413  data: 0.0000  max mem: 2691
      Evaluation: [1000/1978]  eta: 0:00:42    time: 0.0420  data: 0.0000  max mem: 2691
      Evaluation: [1100/1978]  eta: 0:00:38    time: 0.0482  data: 0.0000  max mem: 2691
      Evaluation: [1200/1978]  eta: 0:00:33    time: 0.0418  data: 0.0000  max mem: 2691
      Evaluation: [1300/1978]  eta: 0:00:29    time: 0.0412  data: 0.0000  max mem: 2691
      Evaluation: [1400/1978]  eta: 0:00:25    time: 0.0431  data: 0.0000  max mem: 2691
      Evaluation: [1500/1978]  eta: 0:00:20    time: 0.0437  data: 0.0000  max mem: 2691
      Evaluation: [1600/1978]  eta: 0:00:16    time: 0.0480  data: 0.0000  max mem: 2691
      Evaluation: [1700/1978]  eta: 0:00:12    time: 0.0418  data: 0.0000  max mem: 2691
      Evaluation: [1800/1978]  eta: 0:00:07    time: 0.0446  data: 0.0000  max mem: 2691
      Evaluation: [1900/1978]  eta: 0:00:03    time: 0.0427  data: 0.0000  max mem: 2691
      Evaluation: [1977/1978]  eta: 0:00:00    time: 0.0430  data: 0.0000  max mem: 2691
      Evaluation: Total time: 0:01:25 (0.0435 s / it)
     Computing matching score time 0:01:26
### TTA ITM Score: 
+-------------------+--------+--------+--------+--------+--------+
|       epoch       |   R1   |   R5   |  R10   |  mAP   |  mINP  |
+-------------------+--------+--------+--------+--------+--------+
|        -999       | 69.414 | 95.197 | 97.776 | 81.233 | 81.233 |
|        -999       | 84.277 | 99.039 | 99.596 | 91.276 | 91.276 |
|  cos_sim_wo/norm  | 58.544 | 91.860 | 95.703 | 73.596 | 73.596 |
|        -999       | 69.414 | 95.197 | 97.776 | 81.233 | 81.233 |
| itm_score_wo/norm | 84.328 | 98.989 | 99.494 | 91.293 | 91.293 |
|        -999       | 84.277 | 99.039 | 99.596 | 91.276 | 91.276 |
|         0         | 84.530 | 98.837 | 99.494 | 91.322 | 91.322 |
|         1         | 84.884 | 98.736 | 99.343 | 91.483 | 91.483 |
|         2         | 84.985 | 98.686 | 99.292 | 91.456 | 91.456 |
|         4         | 84.631 | 98.686 | 99.393 | 91.306 | 91.306 |
|         9         | 84.681 | 98.382 | 99.292 | 91.235 | 91.235 |
|         14        | 84.075 | 98.483 | 99.343 | 90.891 | 90.891 |
|         19        | 84.024 | 98.534 | 99.242 | 90.861 | 90.861 |
+-------------------+--------+--------+--------+--------+--------+
     logs:  {'epo': 19, 'R1': np.float32(84.024), 'R5': np.float32(98.534), 'R10': np.float32(99.242), 'mAP': np.float32(90.861), 'mINP': np.float32(90.861), 'entropy': 0.022237, 'uncertainty': 1.0, 'uncertainty_coeffi': 1.0, 'loss': 0.022237, 'lr': 0.000363}
      TTA Epoch: [20] [  0/123]  eta: 0:00:50  entropy: 0.0274  uncertainty: 1.0000  uncertainty_coeffi: 1.0000  loss: 0.0274  lr: 0.000359  time: 0.4078  data: 0.3449  max mem: 2691
      TTA Epoch: [20] [100/123]  eta: 0:00:00  entropy: 0.0000  uncertainty: 1.0000  uncertainty_coeffi: 1.0000  loss: 0.0000  lr: 0.000352  time: 0.0367  data: 0.0002  max mem: 2691
      TTA Epoch: [20] [122/123]  eta: 0:00:00  entropy: 0.0574  uncertainty: 1.0000  uncertainty_coeffi: 1.0000  loss: 0.0574  lr: 0.000350  time: 0.0329  data: 0.0001  max mem: 2691
      TTA Epoch: [20] Total time: 0:00:04 (0.0397 s / it)
     Averaged stats: entropy: 0.0208  uncertainty: 1.0000  uncertainty_coeffi: 1.0000  loss: 0.0208  lr: 0.0004
     itm tta time 0:00:04
      TTA Epoch: [21] [  0/123]  eta: 0:01:21  entropy: 0.0259  uncertainty: 1.0000  uncertainty_coeffi: 1.0000  loss: 0.0259  lr: 0.000350  time: 0.6591  data: 0.4080  max mem: 2691
      TTA Epoch: [21] [100/123]  eta: 0:00:00  entropy: 0.0006  uncertainty: 1.0000  uncertainty_coeffi: 1.0000  loss: 0.0006  lr: 0.000343  time: 0.0386  data: 0.0002  max mem: 2691
      TTA Epoch: [21] [122/123]  eta: 0:00:00  entropy: 0.0021  uncertainty: 1.0000  uncertainty_coeffi: 1.0000  loss: 0.0021  lr: 0.000341  time: 0.0326  data: 0.0001  max mem: 2691
      TTA Epoch: [21] Total time: 0:00:05 (0.0416 s / it)
     Averaged stats: entropy: 0.0204  uncertainty: 1.0000  uncertainty_coeffi: 1.0000  loss: 0.0204  lr: 0.0003
     itm tta time 0:00:05
      TTA Epoch: [22] [  0/123]  eta: 0:01:19  entropy: 0.0022  uncertainty: 1.0000  uncertainty_coeffi: 1.0000  loss: 0.0022  lr: 0.000341  time: 0.6442  data: 0.3880  max mem: 2691
      TTA Epoch: [22] [100/123]  eta: 0:00:01  entropy: 0.0438  uncertainty: 1.0000  uncertainty_coeffi: 1.0000  loss: 0.0438  lr: 0.000334  time: 0.0435  data: 0.0035  max mem: 2691
      TTA Epoch: [22] [122/123]  eta: 0:00:00  entropy: 0.0097  uncertainty: 1.0000  uncertainty_coeffi: 1.0000  loss: 0.0097  lr: 0.000332  time: 0.0349  data: 0.0002  max mem: 2691
      TTA Epoch: [22] Total time: 0:00:05 (0.0453 s / it)
     Averaged stats: entropy: 0.0180  uncertainty: 1.0000  uncertainty_coeffi: 1.0000  loss: 0.0180  lr: 0.0003
     itm tta time 0:00:05
      TTA Epoch: [23] [  0/123]  eta: 0:00:53  entropy: 0.0400  uncertainty: 1.0000  uncertainty_coeffi: 1.0000  loss: 0.0400  lr: 0.000332  time: 0.4331  data: 0.3845  max mem: 2691
      TTA Epoch: [23] [100/123]  eta: 0:00:01  entropy: 0.0229  uncertainty: 1.0000  uncertainty_coeffi: 1.0000  loss: 0.0229  lr: 0.000325  time: 0.0522  data: 0.0085  max mem: 2691
      TTA Epoch: [23] [122/123]  eta: 0:00:00  entropy: 0.0016  uncertainty: 1.0000  uncertainty_coeffi: 1.0000  loss: 0.0016  lr: 0.000323  time: 0.0465  data: 0.0066  max mem: 2691
      TTA Epoch: [23] Total time: 0:00:05 (0.0468 s / it)
     Averaged stats: entropy: 0.0150  uncertainty: 1.0000  uncertainty_coeffi: 1.0000  loss: 0.0150  lr: 0.0003
     itm tta time 0:00:05
      TTA Epoch: [24] [  0/123]  eta: 0:00:50  entropy: 0.0001  uncertainty: 1.0000  uncertainty_coeffi: 1.0000  loss: 0.0001  lr: 0.000323  time: 0.4085  data: 0.3599  max mem: 2691
      TTA Epoch: [24] [100/123]  eta: 0:00:01  entropy: 0.0070  uncertainty: 1.0000  uncertainty_coeffi: 1.0000  loss: 0.0070  lr: 0.000316  time: 0.0533  data: 0.0082  max mem: 2691
      TTA Epoch: [24] [122/123]  eta: 0:00:00  entropy: 0.0000  uncertainty: 1.0000  uncertainty_coeffi: 1.0000  loss: 0.0000  lr: 0.000314  time: 0.0397  data: 0.0015  max mem: 2691
      TTA Epoch: [24] Total time: 0:00:07 (0.0597 s / it)
     Averaged stats: entropy: 0.0166  uncertainty: 1.0000  uncertainty_coeffi: 1.0000  loss: 0.0166  lr: 0.0003
     itm tta time 0:00:07
      TTA Epoch: [25] [  0/123]  eta: 0:01:08  entropy: 0.0075  uncertainty: 1.0000  uncertainty_coeffi: 1.0000  loss: 0.0075  lr: 0.000314  time: 0.5559  data: 0.4920  max mem: 2691
      TTA Epoch: [25] [100/123]  eta: 0:00:01  entropy: 0.0248  uncertainty: 1.0000  uncertainty_coeffi: 1.0000  loss: 0.0248  lr: 0.000307  time: 0.0516  data: 0.0002  max mem: 2691
      TTA Epoch: [25] [122/123]  eta: 0:00:00  entropy: 0.0000  uncertainty: 1.0000  uncertainty_coeffi: 1.0000  loss: 0.0000  lr: 0.000306  time: 0.0467  data: 0.0002  max mem: 2691
      TTA Epoch: [25] Total time: 0:00:06 (0.0529 s / it)
     Averaged stats: entropy: 0.0182  uncertainty: 1.0000  uncertainty_coeffi: 1.0000  loss: 0.0182  lr: 0.0003
     itm tta time 0:00:06
      TTA Epoch: [26] [  0/123]  eta: 0:01:06  entropy: 0.0225  uncertainty: 1.0000  uncertainty_coeffi: 1.0000  loss: 0.0225  lr: 0.000306  time: 0.5370  data: 0.4761  max mem: 2691
      TTA Epoch: [26] [100/123]  eta: 0:00:01  entropy: 0.0352  uncertainty: 1.0000  uncertainty_coeffi: 1.0000  loss: 0.0352  lr: 0.000298  time: 0.0485  data: 0.0002  max mem: 2691
      TTA Epoch: [26] [122/123]  eta: 0:00:00  entropy: 0.0127  uncertainty: 1.0000  uncertainty_coeffi: 1.0000  loss: 0.0127  lr: 0.000297  time: 0.0469  data: 0.0023  max mem: 2691
      TTA Epoch: [26] Total time: 0:00:06 (0.0538 s / it)
     Averaged stats: entropy: 0.0139  uncertainty: 1.0000  uncertainty_coeffi: 1.0000  loss: 0.0139  lr: 0.0003
     itm tta time 0:00:06
      TTA Epoch: [27] [  0/123]  eta: 0:00:58  entropy: 0.0000  uncertainty: 1.0000  uncertainty_coeffi: 1.0000  loss: 0.0000  lr: 0.000297  time: 0.4721  data: 0.4183  max mem: 2691
      TTA Epoch: [27] [100/123]  eta: 0:00:01  entropy: 0.0018  uncertainty: 1.0000  uncertainty_coeffi: 1.0000  loss: 0.0018  lr: 0.000289  time: 0.0485  data: 0.0003  max mem: 2691
      TTA Epoch: [27] [122/123]  eta: 0:00:00  entropy: 0.0000  uncertainty: 1.0000  uncertainty_coeffi: 1.0000  loss: 0.0000  lr: 0.000288  time: 0.0471  data: 0.0003  max mem: 2691
      TTA Epoch: [27] Total time: 0:00:06 (0.0506 s / it)
     Averaged stats: entropy: 0.0137  uncertainty: 1.0000  uncertainty_coeffi: 1.0000  loss: 0.0137  lr: 0.0003
     itm tta time 0:00:06
      TTA Epoch: [28] [  0/123]  eta: 0:00:57  entropy: 0.0216  uncertainty: 1.0000  uncertainty_coeffi: 1.0000  loss: 0.0216  lr: 0.000288  time: 0.4697  data: 0.4140  max mem: 2691
      TTA Epoch: [28] [100/123]  eta: 0:00:01  entropy: 0.0860  uncertainty: 1.0000  uncertainty_coeffi: 1.0000  loss: 0.0860  lr: 0.000112  time: 0.0452  data: 0.0002  max mem: 2691
      TTA Epoch: [28] [122/123]  eta: 0:00:00  entropy: 0.0373  uncertainty: 1.0000  uncertainty_coeffi: 1.0000  loss: 0.0373  lr: 0.000112  time: 0.0417  data: 0.0001  max mem: 2691
      TTA Epoch: [28] Total time: 0:00:05 (0.0476 s / it)
     Averaged stats: entropy: 0.0137  uncertainty: 1.0000  uncertainty_coeffi: 1.0000  loss: 0.0137  lr: 0.0002
     itm tta time 0:00:05
      TTA Epoch: [29] [  0/123]  eta: 0:01:04  entropy: 0.0416  uncertainty: 1.0000  uncertainty_coeffi: 1.0000  loss: 0.0416  lr: 0.000112  time: 0.5204  data: 0.4602  max mem: 2691
      TTA Epoch: [29] [100/123]  eta: 0:00:01  entropy: 0.0000  uncertainty: 1.0000  uncertainty_coeffi: 1.0000  loss: 0.0000  lr: 0.000109  time: 0.0493  data: 0.0002  max mem: 2691
      TTA Epoch: [29] [122/123]  eta: 0:00:00  entropy: 0.0065  uncertainty: 1.0000  uncertainty_coeffi: 1.0000  loss: 0.0065  lr: 0.000108  time: 0.0475  data: 0.0009  max mem: 2691
      TTA Epoch: [29] Total time: 0:00:06 (0.0524 s / it)
     Averaged stats: entropy: 0.0158  uncertainty: 1.0000  uncertainty_coeffi: 1.0000  loss: 0.0158  lr: 0.0001
     itm tta time 0:00:06
     Computing matching score
      Evaluation: [   0/1978]  eta: 0:01:37    time: 0.0494  data: 0.0023  max mem: 2691
      Evaluation: [ 100/1978]  eta: 0:01:40    time: 0.0565  data: 0.0000  max mem: 2691
      Evaluation: [ 200/1978]  eta: 0:01:34    time: 0.0499  data: 0.0000  max mem: 2691
      Evaluation: [ 300/1978]  eta: 0:01:28    time: 0.0535  data: 0.0000  max mem: 2691
      Evaluation: [ 400/1978]  eta: 0:01:23    time: 0.0510  data: 0.0000  max mem: 2691
      Evaluation: [ 500/1978]  eta: 0:01:17    time: 0.0548  data: 0.0000  max mem: 2691
      Evaluation: [ 600/1978]  eta: 0:01:13    time: 0.0561  data: 0.0000  max mem: 2691
      Evaluation: [ 700/1978]  eta: 0:01:07    time: 0.0613  data: 0.0000  max mem: 2691
      Evaluation: [ 800/1978]  eta: 0:01:04    time: 0.0649  data: 0.0000  max mem: 2691
      Evaluation: [ 900/1978]  eta: 0:01:00    time: 0.0647  data: 0.0000  max mem: 2691
      Evaluation: [1000/1978]  eta: 0:00:55    time: 0.0662  data: 0.0000  max mem: 2691
      Evaluation: [1100/1978]  eta: 0:00:50    time: 0.0648  data: 0.0000  max mem: 2691
      Evaluation: [1200/1978]  eta: 0:00:45    time: 0.0651  data: 0.0000  max mem: 2691
      Evaluation: [1300/1978]  eta: 0:00:39    time: 0.0613  data: 0.0000  max mem: 2691
      Evaluation: [1400/1978]  eta: 0:00:33    time: 0.0432  data: 0.0000  max mem: 2691
      Evaluation: [1500/1978]  eta: 0:00:26    time: 0.0429  data: 0.0000  max mem: 2691
      Evaluation: [1600/1978]  eta: 0:00:21    time: 0.0458  data: 0.0000  max mem: 2691
      Evaluation: [1700/1978]  eta: 0:00:15    time: 0.0412  data: 0.0000  max mem: 2691
      Evaluation: [1800/1978]  eta: 0:00:09    time: 0.0411  data: 0.0000  max mem: 2691
      Evaluation: [1900/1978]  eta: 0:00:04    time: 0.0448  data: 0.0000  max mem: 2691
      Evaluation: [1977/1978]  eta: 0:00:00    time: 0.0420  data: 0.0000  max mem: 2691
      Evaluation: Total time: 0:01:45 (0.0531 s / it)
     Computing matching score time 0:01:45
### TTA ITM Score: 
+-------------------+--------+--------+--------+--------+--------+
|       epoch       |   R1   |   R5   |  R10   |  mAP   |  mINP  |
+-------------------+--------+--------+--------+--------+--------+
|        -999       | 69.414 | 95.197 | 97.776 | 81.233 | 81.233 |
|        -999       | 84.277 | 99.039 | 99.596 | 91.276 | 91.276 |
|  cos_sim_wo/norm  | 58.544 | 91.860 | 95.703 | 73.596 | 73.596 |
|        -999       | 69.414 | 95.197 | 97.776 | 81.233 | 81.233 |
| itm_score_wo/norm | 84.328 | 98.989 | 99.494 | 91.293 | 91.293 |
|        -999       | 84.277 | 99.039 | 99.596 | 91.276 | 91.276 |
|         0         | 84.530 | 98.837 | 99.494 | 91.322 | 91.322 |
|         1         | 84.884 | 98.736 | 99.343 | 91.483 | 91.483 |
|         2         | 84.985 | 98.686 | 99.292 | 91.456 | 91.456 |
|         4         | 84.631 | 98.686 | 99.393 | 91.306 | 91.306 |
|         9         | 84.681 | 98.382 | 99.292 | 91.235 | 91.235 |
|         14        | 84.075 | 98.483 | 99.343 | 90.891 | 90.891 |
|         19        | 84.024 | 98.534 | 99.242 | 90.861 | 90.861 |
|         29        | 84.429 | 98.382 | 99.191 | 91.072 | 91.072 |
+-------------------+--------+--------+--------+--------+--------+
     logs:  {'epo': 29, 'R1': np.float32(84.429), 'R5': np.float32(98.382), 'R10': np.float32(99.191), 'mAP': np.float32(91.072), 'mINP': np.float32(91.072), 'entropy': 0.015792, 'uncertainty': 1.0, 'uncertainty_coeffi': 1.0, 'loss': 0.015792, 'lr': 0.00011}
      TTA Epoch: [30] [  0/123]  eta: 0:00:52  entropy: 0.0074  uncertainty: 1.0000  uncertainty_coeffi: 1.0000  loss: 0.0074  lr: 0.000108  time: 0.4250  data: 0.3738  max mem: 2691
      TTA Epoch: [30] [100/123]  eta: 0:00:00  entropy: 0.0415  uncertainty: 1.0000  uncertainty_coeffi: 1.0000  loss: 0.0415  lr: 0.000105  time: 0.0365  data: 0.0002  max mem: 2691
      TTA Epoch: [30] [122/123]  eta: 0:00:00  entropy: 0.0197  uncertainty: 1.0000  uncertainty_coeffi: 1.0000  loss: 0.0197  lr: 0.000105  time: 0.0330  data: 0.0001  max mem: 2691
      TTA Epoch: [30] Total time: 0:00:04 (0.0404 s / it)
     Averaged stats: entropy: 0.0154  uncertainty: 1.0000  uncertainty_coeffi: 1.0000  loss: 0.0154  lr: 0.0001
     itm tta time 0:00:05
      TTA Epoch: [31] [  0/123]  eta: 0:00:50  entropy: 0.0038  uncertainty: 1.0000  uncertainty_coeffi: 1.0000  loss: 0.0038  lr: 0.000104  time: 0.4090  data: 0.3561  max mem: 2691
      TTA Epoch: [31] [100/123]  eta: 0:00:01  entropy: 0.0000  uncertainty: 1.0000  uncertainty_coeffi: 1.0000  loss: 0.0000  lr: 0.000102  time: 0.0432  data: 0.0007  max mem: 2691
      TTA Epoch: [31] [122/123]  eta: 0:00:00  entropy: 0.0361  uncertainty: 1.0000  uncertainty_coeffi: 1.0000  loss: 0.0361  lr: 0.000101  time: 0.0379  data: 0.0002  max mem: 2691
      TTA Epoch: [31] Total time: 0:00:05 (0.0448 s / it)
     Averaged stats: entropy: 0.0135  uncertainty: 1.0000  uncertainty_coeffi: 1.0000  loss: 0.0135  lr: 0.0001
     itm tta time 0:00:05
      TTA Epoch: [32] [  0/123]  eta: 0:01:10  entropy: 0.0001  uncertainty: 1.0000  uncertainty_coeffi: 1.0000  loss: 0.0001  lr: 0.000101  time: 0.5732  data: 0.5168  max mem: 2691
      TTA Epoch: [32] [100/123]  eta: 0:00:00  entropy: 0.0734  uncertainty: 1.0000  uncertainty_coeffi: 1.0000  loss: 0.0734  lr: 0.000098  time: 0.0364  data: 0.0001  max mem: 2691
      TTA Epoch: [32] [122/123]  eta: 0:00:00  entropy: 0.0000  uncertainty: 1.0000  uncertainty_coeffi: 1.0000  loss: 0.0000  lr: 0.000097  time: 0.0332  data: 0.0001  max mem: 2691
      TTA Epoch: [32] Total time: 0:00:05 (0.0407 s / it)
     Averaged stats: entropy: 0.0123  uncertainty: 1.0000  uncertainty_coeffi: 1.0000  loss: 0.0123  lr: 0.0001
     itm tta time 0:00:05
      TTA Epoch: [33] [  0/123]  eta: 0:00:53  entropy: 0.0000  uncertainty: 1.0000  uncertainty_coeffi: 1.0000  loss: 0.0000  lr: 0.000097  time: 0.4333  data: 0.3785  max mem: 2691
      TTA Epoch: [33] [100/123]  eta: 0:00:00  entropy: 0.0109  uncertainty: 1.0000  uncertainty_coeffi: 1.0000  loss: 0.0109  lr: 0.000095  time: 0.0372  data: 0.0002  max mem: 2691
      TTA Epoch: [33] [122/123]  eta: 0:00:00  entropy: 0.0000  uncertainty: 1.0000  uncertainty_coeffi: 1.0000  loss: 0.0000  lr: 0.000094  time: 0.0345  data: 0.0001  max mem: 2691
      TTA Epoch: [33] Total time: 0:00:05 (0.0418 s / it)
     Averaged stats: entropy: 0.0123  uncertainty: 1.0000  uncertainty_coeffi: 1.0000  loss: 0.0123  lr: 0.0001
     itm tta time 0:00:05
      TTA Epoch: [34] [  0/123]  eta: 0:00:57  entropy: 0.0345  uncertainty: 1.0000  uncertainty_coeffi: 1.0000  loss: 0.0345  lr: 0.000094  time: 0.4695  data: 0.4203  max mem: 2691
      TTA Epoch: [34] [100/123]  eta: 0:00:01  entropy: 0.0000  uncertainty: 1.0000  uncertainty_coeffi: 1.0000  loss: 0.0000  lr: 0.000091  time: 0.0380  data: 0.0006  max mem: 2691
      TTA Epoch: [34] [122/123]  eta: 0:00:00  entropy: 0.0000  uncertainty: 1.0000  uncertainty_coeffi: 1.0000  loss: 0.0000  lr: 0.000090  time: 0.0336  data: 0.0001  max mem: 2691
      TTA Epoch: [34] Total time: 0:00:05 (0.0436 s / it)
     Averaged stats: entropy: 0.0157  uncertainty: 1.0000  uncertainty_coeffi: 1.0000  loss: 0.0157  lr: 0.0001
     itm tta time 0:00:05
      TTA Epoch: [35] [  0/123]  eta: 0:00:56  entropy: 0.0280  uncertainty: 1.0000  uncertainty_coeffi: 1.0000  loss: 0.0280  lr: 0.000090  time: 0.4567  data: 0.4030  max mem: 2691
      TTA Epoch: [35] [100/123]  eta: 0:00:01  entropy: 0.0000  uncertainty: 1.0000  uncertainty_coeffi: 1.0000  loss: 0.0000  lr: 0.000087  time: 0.0378  data: 0.0002  max mem: 2691
      TTA Epoch: [35] [122/123]  eta: 0:00:00  entropy: 0.0484  uncertainty: 1.0000  uncertainty_coeffi: 1.0000  loss: 0.0484  lr: 0.000087  time: 0.0370  data: 0.0002  max mem: 2691
      TTA Epoch: [35] Total time: 0:00:05 (0.0454 s / it)
     Averaged stats: entropy: 0.0122  uncertainty: 1.0000  uncertainty_coeffi: 1.0000  loss: 0.0122  lr: 0.0001
     itm tta time 0:00:05
      TTA Epoch: [36] [  0/123]  eta: 0:00:59  entropy: 0.0000  uncertainty: 1.0000  uncertainty_coeffi: 1.0000  loss: 0.0000  lr: 0.000087  time: 0.4829  data: 0.4279  max mem: 2691
      TTA Epoch: [36] [100/123]  eta: 0:00:01  entropy: 0.0351  uncertainty: 1.0000  uncertainty_coeffi: 1.0000  loss: 0.0351  lr: 0.000084  time: 0.0365  data: 0.0002  max mem: 2691
      TTA Epoch: [36] [122/123]  eta: 0:00:00  entropy: 0.0006  uncertainty: 1.0000  uncertainty_coeffi: 1.0000  loss: 0.0006  lr: 0.000083  time: 0.0352  data: 0.0002  max mem: 2691
      TTA Epoch: [36] Total time: 0:00:05 (0.0423 s / it)
     Averaged stats: entropy: 0.0117  uncertainty: 1.0000  uncertainty_coeffi: 1.0000  loss: 0.0117  lr: 0.0001
     itm tta time 0:00:05
      TTA Epoch: [37] [  0/123]  eta: 0:00:51  entropy: 0.0083  uncertainty: 1.0000  uncertainty_coeffi: 1.0000  loss: 0.0083  lr: 0.000083  time: 0.4213  data: 0.3724  max mem: 2691
      TTA Epoch: [37] [100/123]  eta: 0:00:01  entropy: 0.0064  uncertainty: 1.0000  uncertainty_coeffi: 1.0000  loss: 0.0064  lr: 0.000080  time: 0.0363  data: 0.0001  max mem: 2691
      TTA Epoch: [37] [122/123]  eta: 0:00:00  entropy: 0.0415  uncertainty: 1.0000  uncertainty_coeffi: 1.0000  loss: 0.0415  lr: 0.000080  time: 0.0331  data: 0.0001  max mem: 2691
      TTA Epoch: [37] Total time: 0:00:05 (0.0419 s / it)
     Averaged stats: entropy: 0.0120  uncertainty: 1.0000  uncertainty_coeffi: 1.0000  loss: 0.0120  lr: 0.0001
     itm tta time 0:00:05
      TTA Epoch: [38] [  0/123]  eta: 0:00:47  entropy: 0.0052  uncertainty: 1.0000  uncertainty_coeffi: 1.0000  loss: 0.0052  lr: 0.000080  time: 0.3830  data: 0.3303  max mem: 2691
      TTA Epoch: [38] [100/123]  eta: 0:00:00  entropy: 0.0364  uncertainty: 1.0000  uncertainty_coeffi: 1.0000  loss: 0.0364  lr: 0.000077  time: 0.0390  data: 0.0003  max mem: 2691
      TTA Epoch: [38] [122/123]  eta: 0:00:00  entropy: 0.0000  uncertainty: 1.0000  uncertainty_coeffi: 1.0000  loss: 0.0000  lr: 0.000076  time: 0.0421  data: 0.0071  max mem: 2691
      TTA Epoch: [38] Total time: 0:00:05 (0.0426 s / it)
     Averaged stats: entropy: 0.0124  uncertainty: 1.0000  uncertainty_coeffi: 1.0000  loss: 0.0124  lr: 0.0001
     itm tta time 0:00:05
      TTA Epoch: [39] [  0/123]  eta: 0:00:52  entropy: 0.0377  uncertainty: 1.0000  uncertainty_coeffi: 1.0000  loss: 0.0377  lr: 0.000076  time: 0.4247  data: 0.3665  max mem: 2691
      TTA Epoch: [39] [100/123]  eta: 0:00:00  entropy: 0.0000  uncertainty: 1.0000  uncertainty_coeffi: 1.0000  loss: 0.0000  lr: 0.000073  time: 0.0360  data: 0.0001  max mem: 2691
      TTA Epoch: [39] [122/123]  eta: 0:00:00  entropy: 0.0000  uncertainty: 1.0000  uncertainty_coeffi: 1.0000  loss: 0.0000  lr: 0.000073  time: 0.0332  data: 0.0002  max mem: 2691
      TTA Epoch: [39] Total time: 0:00:05 (0.0409 s / it)
     Averaged stats: entropy: 0.0146  uncertainty: 1.0000  uncertainty_coeffi: 1.0000  loss: 0.0146  lr: 0.0001
     itm tta time 0:00:05
     Computing matching score
      Evaluation: [   0/1978]  eta: 0:01:33    time: 0.0472  data: 0.0023  max mem: 2691
      Evaluation: [ 100/1978]  eta: 0:01:22    time: 0.0481  data: 0.0000  max mem: 2691
      Evaluation: [ 200/1978]  eta: 0:01:17    time: 0.0447  data: 0.0000  max mem: 2691
      Evaluation: [ 300/1978]  eta: 0:01:12    time: 0.0414  data: 0.0000  max mem: 2691
      Evaluation: [ 400/1978]  eta: 0:01:08    time: 0.0455  data: 0.0000  max mem: 2691
      Evaluation: [ 500/1978]  eta: 0:01:03    time: 0.0452  data: 0.0000  max mem: 2691
      Evaluation: [ 600/1978]  eta: 0:01:00    time: 0.0439  data: 0.0000  max mem: 2691
      Evaluation: [ 700/1978]  eta: 0:00:55    time: 0.0438  data: 0.0000  max mem: 2691
      Evaluation: [ 800/1978]  eta: 0:00:51    time: 0.0435  data: 0.0000  max mem: 2691
      Evaluation: [ 900/1978]  eta: 0:00:47    time: 0.0468  data: 0.0000  max mem: 2691
      Evaluation: [1000/1978]  eta: 0:00:43    time: 0.0444  data: 0.0000  max mem: 2691
      Evaluation: [1100/1978]  eta: 0:00:38    time: 0.0429  data: 0.0000  max mem: 2691
      Evaluation: [1200/1978]  eta: 0:00:34    time: 0.0485  data: 0.0000  max mem: 2691
      Evaluation: [1300/1978]  eta: 0:00:30    time: 0.0423  data: 0.0000  max mem: 2691
      Evaluation: [1400/1978]  eta: 0:00:25    time: 0.0439  data: 0.0000  max mem: 2691
      Evaluation: [1500/1978]  eta: 0:00:21    time: 0.0410  data: 0.0000  max mem: 2691
      Evaluation: [1600/1978]  eta: 0:00:16    time: 0.0403  data: 0.0000  max mem: 2691
      Evaluation: [1700/1978]  eta: 0:00:12    time: 0.0431  data: 0.0000  max mem: 2691
      Evaluation: [1800/1978]  eta: 0:00:07    time: 0.0476  data: 0.0000  max mem: 2691
      Evaluation: [1900/1978]  eta: 0:00:03    time: 0.0410  data: 0.0000  max mem: 2691
      Evaluation: [1977/1978]  eta: 0:00:00    time: 0.0405  data: 0.0000  max mem: 2691
      Evaluation: Total time: 0:01:26 (0.0438 s / it)
     Computing matching score time 0:01:26
### TTA ITM Score: 
+-------------------+--------+--------+--------+--------+--------+
|       epoch       |   R1   |   R5   |  R10   |  mAP   |  mINP  |
+-------------------+--------+--------+--------+--------+--------+
|        -999       | 69.414 | 95.197 | 97.776 | 81.233 | 81.233 |
|        -999       | 84.277 | 99.039 | 99.596 | 91.276 | 91.276 |
|  cos_sim_wo/norm  | 58.544 | 91.860 | 95.703 | 73.596 | 73.596 |
|        -999       | 69.414 | 95.197 | 97.776 | 81.233 | 81.233 |
| itm_score_wo/norm | 84.328 | 98.989 | 99.494 | 91.293 | 91.293 |
|        -999       | 84.277 | 99.039 | 99.596 | 91.276 | 91.276 |
|         0         | 84.530 | 98.837 | 99.494 | 91.322 | 91.322 |
|         1         | 84.884 | 98.736 | 99.343 | 91.483 | 91.483 |
|         2         | 84.985 | 98.686 | 99.292 | 91.456 | 91.456 |
|         4         | 84.631 | 98.686 | 99.393 | 91.306 | 91.306 |
|         9         | 84.681 | 98.382 | 99.292 | 91.235 | 91.235 |
|         14        | 84.075 | 98.483 | 99.343 | 90.891 | 90.891 |
|         19        | 84.024 | 98.534 | 99.242 | 90.861 | 90.861 |
|         29        | 84.429 | 98.382 | 99.191 | 91.072 | 91.072 |
|         39        | 84.378 | 98.382 | 99.191 | 91.043 | 91.043 |
+-------------------+--------+--------+--------+--------+--------+
     logs:  {'epo': 39, 'R1': np.float32(84.378), 'R5': np.float32(98.382), 'R10': np.float32(99.191), 'mAP': np.float32(91.043), 'mINP': np.float32(91.043), 'entropy': 0.014563, 'uncertainty': 1.0, 'uncertainty_coeffi': 1.0, 'loss': 0.014563, 'lr': 7.4e-05}
      TTA Epoch: [40] [  0/123]  eta: 0:00:53  entropy: 0.0332  uncertainty: 1.0000  uncertainty_coeffi: 1.0000  loss: 0.0332  lr: 0.000073  time: 0.4362  data: 0.3846  max mem: 2691
      TTA Epoch: [40] [100/123]  eta: 0:00:00  entropy: 0.0000  uncertainty: 1.0000  uncertainty_coeffi: 1.0000  loss: 0.0000  lr: 0.000070  time: 0.0373  data: 0.0001  max mem: 2691
      TTA Epoch: [40] [122/123]  eta: 0:00:00  entropy: 0.0042  uncertainty: 1.0000  uncertainty_coeffi: 1.0000  loss: 0.0042  lr: 0.000069  time: 0.0327  data: 0.0001  max mem: 2691
      TTA Epoch: [40] Total time: 0:00:05 (0.0412 s / it)
     Averaged stats: entropy: 0.0113  uncertainty: 1.0000  uncertainty_coeffi: 1.0000  loss: 0.0113  lr: 0.0001
     itm tta time 0:00:05
      TTA Epoch: [41] [  0/123]  eta: 0:00:50  entropy: 0.0320  uncertainty: 1.0000  uncertainty_coeffi: 1.0000  loss: 0.0320  lr: 0.000069  time: 0.4104  data: 0.3556  max mem: 2691
      TTA Epoch: [41] [100/123]  eta: 0:00:00  entropy: 0.0000  uncertainty: 1.0000  uncertainty_coeffi: 1.0000  loss: 0.0000  lr: 0.000066  time: 0.0356  data: 0.0001  max mem: 2691
      TTA Epoch: [41] [122/123]  eta: 0:00:00  entropy: 0.0403  uncertainty: 1.0000  uncertainty_coeffi: 1.0000  loss: 0.0403  lr: 0.000066  time: 0.0329  data: 0.0001  max mem: 2691
      TTA Epoch: [41] Total time: 0:00:05 (0.0416 s / it)
     Averaged stats: entropy: 0.0140  uncertainty: 1.0000  uncertainty_coeffi: 1.0000  loss: 0.0140  lr: 0.0001
     itm tta time 0:00:05
      TTA Epoch: [42] [  0/123]  eta: 0:00:54  entropy: 0.0001  uncertainty: 1.0000  uncertainty_coeffi: 1.0000  loss: 0.0001  lr: 0.000066  time: 0.4429  data: 0.3948  max mem: 2691
      TTA Epoch: [42] [100/123]  eta: 0:00:00  entropy: 0.0002  uncertainty: 1.0000  uncertainty_coeffi: 1.0000  loss: 0.0002  lr: 0.000063  time: 0.0372  data: 0.0001  max mem: 2691
      TTA Epoch: [42] [122/123]  eta: 0:00:00  entropy: 0.0000  uncertainty: 1.0000  uncertainty_coeffi: 1.0000  loss: 0.0000  lr: 0.000062  time: 0.0338  data: 0.0001  max mem: 2691
      TTA Epoch: [42] Total time: 0:00:05 (0.0418 s / it)
     Averaged stats: entropy: 0.0137  uncertainty: 1.0000  uncertainty_coeffi: 1.0000  loss: 0.0137  lr: 0.0001
     itm tta time 0:00:05
      TTA Epoch: [43] [  0/123]  eta: 0:00:49  entropy: 0.0199  uncertainty: 1.0000  uncertainty_coeffi: 1.0000  loss: 0.0199  lr: 0.000062  time: 0.4009  data: 0.3457  max mem: 2691
      TTA Epoch: [43] [100/123]  eta: 0:00:01  entropy: 0.0031  uncertainty: 1.0000  uncertainty_coeffi: 1.0000  loss: 0.0031  lr: 0.000059  time: 0.0460  data: 0.0068  max mem: 2691
      TTA Epoch: [43] [122/123]  eta: 0:00:00  entropy: 0.0701  uncertainty: 1.0000  uncertainty_coeffi: 1.0000  loss: 0.0701  lr: 0.000058  time: 0.0416  data: 0.0047  max mem: 2691
      TTA Epoch: [43] Total time: 0:00:05 (0.0443 s / it)
     Averaged stats: entropy: 0.0107  uncertainty: 1.0000  uncertainty_coeffi: 1.0000  loss: 0.0107  lr: 0.0001
     itm tta time 0:00:05
      TTA Epoch: [44] [  0/123]  eta: 0:00:51  entropy: 0.0000  uncertainty: 1.0000  uncertainty_coeffi: 1.0000  loss: 0.0000  lr: 0.000058  time: 0.4183  data: 0.3700  max mem: 2691
      TTA Epoch: [44] [100/123]  eta: 0:00:00  entropy: 0.0001  uncertainty: 1.0000  uncertainty_coeffi: 1.0000  loss: 0.0001  lr: 0.000056  time: 0.0404  data: 0.0022  max mem: 2691
      TTA Epoch: [44] [122/123]  eta: 0:00:00  entropy: 0.0144  uncertainty: 1.0000  uncertainty_coeffi: 1.0000  loss: 0.0144  lr: 0.000055  time: 0.0390  data: 0.0036  max mem: 2691
      TTA Epoch: [44] Total time: 0:00:05 (0.0422 s / it)
     Averaged stats: entropy: 0.0116  uncertainty: 1.0000  uncertainty_coeffi: 1.0000  loss: 0.0116  lr: 0.0001
     itm tta time 0:00:05
      TTA Epoch: [45] [  0/123]  eta: 0:00:57  entropy: 0.0215  uncertainty: 1.0000  uncertainty_coeffi: 1.0000  loss: 0.0215  lr: 0.000055  time: 0.4666  data: 0.4156  max mem: 2691
      TTA Epoch: [45] [100/123]  eta: 0:00:01  entropy: 0.0000  uncertainty: 1.0000  uncertainty_coeffi: 1.0000  loss: 0.0000  lr: 0.000052  time: 0.0387  data: 0.0002  max mem: 2691
      TTA Epoch: [45] [122/123]  eta: 0:00:00  entropy: 0.0000  uncertainty: 1.0000  uncertainty_coeffi: 1.0000  loss: 0.0000  lr: 0.000051  time: 0.0364  data: 0.0001  max mem: 2691
      TTA Epoch: [45] Total time: 0:00:05 (0.0427 s / it)
     Averaged stats: entropy: 0.0085  uncertainty: 1.0000  uncertainty_coeffi: 1.0000  loss: 0.0085  lr: 0.0001
     itm tta time 0:00:05
      TTA Epoch: [46] [  0/123]  eta: 0:01:01  entropy: 0.0701  uncertainty: 1.0000  uncertainty_coeffi: 1.0000  loss: 0.0701  lr: 0.000051  time: 0.4972  data: 0.4434  max mem: 2691
      TTA Epoch: [46] [100/123]  eta: 0:00:00  entropy: 0.0003  uncertainty: 1.0000  uncertainty_coeffi: 1.0000  loss: 0.0003  lr: 0.000048  time: 0.0325  data: 0.0001  max mem: 2691
      TTA Epoch: [46] [122/123]  eta: 0:00:00  entropy: 0.0786  uncertainty: 1.0000  uncertainty_coeffi: 1.0000  loss: 0.0786  lr: 0.000048  time: 0.0316  data: 0.0002  max mem: 2691
      TTA Epoch: [46] Total time: 0:00:04 (0.0379 s / it)
     Averaged stats: entropy: 0.0109  uncertainty: 1.0000  uncertainty_coeffi: 1.0000  loss: 0.0109  lr: 0.0000
     itm tta time 0:00:04
      TTA Epoch: [47] [  0/123]  eta: 0:01:01  entropy: 0.0457  uncertainty: 1.0000  uncertainty_coeffi: 1.0000  loss: 0.0457  lr: 0.000048  time: 0.5034  data: 0.4556  max mem: 2691
      TTA Epoch: [47] [100/123]  eta: 0:00:00  entropy: 0.0000  uncertainty: 1.0000  uncertainty_coeffi: 1.0000  loss: 0.0000  lr: 0.000045  time: 0.0313  data: 0.0001  max mem: 2691
      TTA Epoch: [47] [122/123]  eta: 0:00:00  entropy: 0.0002  uncertainty: 1.0000  uncertainty_coeffi: 1.0000  loss: 0.0002  lr: 0.000044  time: 0.0309  data: 0.0002  max mem: 2691
      TTA Epoch: [47] Total time: 0:00:04 (0.0372 s / it)
     Averaged stats: entropy: 0.0150  uncertainty: 1.0000  uncertainty_coeffi: 1.0000  loss: 0.0150  lr: 0.0000
     itm tta time 0:00:04
      TTA Epoch: [48] [  0/123]  eta: 0:00:57  entropy: 0.0003  uncertainty: 1.0000  uncertainty_coeffi: 1.0000  loss: 0.0003  lr: 0.000044  time: 0.4662  data: 0.4119  max mem: 2691
      TTA Epoch: [48] [100/123]  eta: 0:00:00  entropy: 0.0279  uncertainty: 1.0000  uncertainty_coeffi: 1.0000  loss: 0.0279  lr: 0.000041  time: 0.0366  data: 0.0001  max mem: 2691
      TTA Epoch: [48] [122/123]  eta: 0:00:00  entropy: 0.0367  uncertainty: 1.0000  uncertainty_coeffi: 1.0000  loss: 0.0367  lr: 0.000041  time: 0.0347  data: 0.0001  max mem: 2691
      TTA Epoch: [48] Total time: 0:00:05 (0.0419 s / it)
     Averaged stats: entropy: 0.0113  uncertainty: 1.0000  uncertainty_coeffi: 1.0000  loss: 0.0113  lr: 0.0000
     itm tta time 0:00:05
      TTA Epoch: [49] [  0/123]  eta: 0:00:52  entropy: 0.0756  uncertainty: 1.0000  uncertainty_coeffi: 1.0000  loss: 0.0756  lr: 0.000041  time: 0.4260  data: 0.3780  max mem: 2691
      TTA Epoch: [49] [100/123]  eta: 0:00:00  entropy: 0.0000  uncertainty: 1.0000  uncertainty_coeffi: 1.0000  loss: 0.0000  lr: 0.000038  time: 0.0370  data: 0.0002  max mem: 2691
      TTA Epoch: [49] [122/123]  eta: 0:00:00  entropy: 0.0014  uncertainty: 1.0000  uncertainty_coeffi: 1.0000  loss: 0.0014  lr: 0.000037  time: 0.0342  data: 0.0002  max mem: 2691
      TTA Epoch: [49] Total time: 0:00:05 (0.0419 s / it)
     Averaged stats: entropy: 0.0115  uncertainty: 1.0000  uncertainty_coeffi: 1.0000  loss: 0.0115  lr: 0.0000
     itm tta time 0:00:05
     Computing matching score
      Evaluation: [   0/1978]  eta: 0:01:41    time: 0.0515  data: 0.0036  max mem: 2691
      Evaluation: [ 100/1978]  eta: 0:01:20    time: 0.0425  data: 0.0000  max mem: 2691
      Evaluation: [ 200/1978]  eta: 0:01:16    time: 0.0443  data: 0.0000  max mem: 2691
      Evaluation: [ 300/1978]  eta: 0:01:11    time: 0.0413  data: 0.0000  max mem: 2691
      Evaluation: [ 400/1978]  eta: 0:01:07    time: 0.0427  data: 0.0000  max mem: 2691
      Evaluation: [ 500/1978]  eta: 0:01:04    time: 0.0447  data: 0.0000  max mem: 2691
      Evaluation: [ 600/1978]  eta: 0:00:59    time: 0.0422  data: 0.0000  max mem: 2691
      Evaluation: [ 700/1978]  eta: 0:00:55    time: 0.0418  data: 0.0000  max mem: 2691
      Evaluation: [ 800/1978]  eta: 0:00:50    time: 0.0445  data: 0.0000  max mem: 2691
      Evaluation: [ 900/1978]  eta: 0:00:46    time: 0.0437  data: 0.0000  max mem: 2691
      Evaluation: [1000/1978]  eta: 0:00:42    time: 0.0420  data: 0.0000  max mem: 2691
      Evaluation: [1100/1978]  eta: 0:00:37    time: 0.0406  data: 0.0000  max mem: 2691
      Evaluation: [1200/1978]  eta: 0:00:33    time: 0.0422  data: 0.0000  max mem: 2691
      Evaluation: [1300/1978]  eta: 0:00:29    time: 0.0433  data: 0.0000  max mem: 2691
      Evaluation: [1400/1978]  eta: 0:00:24    time: 0.0431  data: 0.0000  max mem: 2691
      Evaluation: [1500/1978]  eta: 0:00:20    time: 0.0432  data: 0.0000  max mem: 2691
      Evaluation: [1600/1978]  eta: 0:00:16    time: 0.0420  data: 0.0000  max mem: 2691
      Evaluation: [1700/1978]  eta: 0:00:11    time: 0.0431  data: 0.0000  max mem: 2691
      Evaluation: [1800/1978]  eta: 0:00:07    time: 0.0485  data: 0.0000  max mem: 2691
      Evaluation: [1900/1978]  eta: 0:00:03    time: 0.0431  data: 0.0000  max mem: 2691
      Evaluation: [1977/1978]  eta: 0:00:00    time: 0.0440  data: 0.0000  max mem: 2691
      Evaluation: Total time: 0:01:25 (0.0432 s / it)
     Computing matching score time 0:01:25
### TTA ITM Score: 
+-------------------+--------+--------+--------+--------+--------+
|       epoch       |   R1   |   R5   |  R10   |  mAP   |  mINP  |
+-------------------+--------+--------+--------+--------+--------+
|        -999       | 69.414 | 95.197 | 97.776 | 81.233 | 81.233 |
|        -999       | 84.277 | 99.039 | 99.596 | 91.276 | 91.276 |
|  cos_sim_wo/norm  | 58.544 | 91.860 | 95.703 | 73.596 | 73.596 |
|        -999       | 69.414 | 95.197 | 97.776 | 81.233 | 81.233 |
| itm_score_wo/norm | 84.328 | 98.989 | 99.494 | 91.293 | 91.293 |
|        -999       | 84.277 | 99.039 | 99.596 | 91.276 | 91.276 |
|         0         | 84.530 | 98.837 | 99.494 | 91.322 | 91.322 |
|         1         | 84.884 | 98.736 | 99.343 | 91.483 | 91.483 |
|         2         | 84.985 | 98.686 | 99.292 | 91.456 | 91.456 |
|         4         | 84.631 | 98.686 | 99.393 | 91.306 | 91.306 |
|         9         | 84.681 | 98.382 | 99.292 | 91.235 | 91.235 |
|         14        | 84.075 | 98.483 | 99.343 | 90.891 | 90.891 |
|         19        | 84.024 | 98.534 | 99.242 | 90.861 | 90.861 |
|         29        | 84.429 | 98.382 | 99.191 | 91.072 | 91.072 |
|         39        | 84.378 | 98.382 | 99.191 | 91.043 | 91.043 |
|         49        | 84.328 | 98.332 | 99.191 | 91.002 | 91.002 |
+-------------------+--------+--------+--------+--------+--------+
     logs:  {'epo': 49, 'R1': np.float32(84.328), 'R5': np.float32(98.332), 'R10': np.float32(99.191), 'mAP': np.float32(91.002), 'mINP': np.float32(91.002), 'entropy': 0.011504, 'uncertainty': 1.0, 'uncertainty_coeffi': 1.0, 'loss': 0.011504, 'lr': 3.9e-05}
      TTA Epoch: [50] [  0/123]  eta: 0:00:57  entropy: 0.0171  uncertainty: 1.0000  uncertainty_coeffi: 1.0000  loss: 0.0171  lr: 0.000037  time: 0.4698  data: 0.4191  max mem: 2691
      TTA Epoch: [50] [100/123]  eta: 0:00:01  entropy: 0.0180  uncertainty: 1.0000  uncertainty_coeffi: 1.0000  loss: 0.0180  lr: 0.000034  time: 0.0485  data: 0.0105  max mem: 2691
      TTA Epoch: [50] [122/123]  eta: 0:00:00  entropy: 0.0000  uncertainty: 1.0000  uncertainty_coeffi: 1.0000  loss: 0.0000  lr: 0.000034  time: 0.0414  data: 0.0061  max mem: 2691
      TTA Epoch: [50] Total time: 0:00:05 (0.0453 s / it)
     Averaged stats: entropy: 0.0102  uncertainty: 1.0000  uncertainty_coeffi: 1.0000  loss: 0.0102  lr: 0.0000
     itm tta time 0:00:05
      TTA Epoch: [51] [  0/123]  eta: 0:00:58  entropy: 0.0000  uncertainty: 1.0000  uncertainty_coeffi: 1.0000  loss: 0.0000  lr: 0.000034  time: 0.4792  data: 0.4294  max mem: 2691
      TTA Epoch: [51] [100/123]  eta: 0:00:01  entropy: 0.0062  uncertainty: 1.0000  uncertainty_coeffi: 1.0000  loss: 0.0062  lr: 0.000031  time: 0.0408  data: 0.0016  max mem: 2691
      TTA Epoch: [51] [122/123]  eta: 0:00:00  entropy: 0.0009  uncertainty: 1.0000  uncertainty_coeffi: 1.0000  loss: 0.0009  lr: 0.000030  time: 0.0343  data: 0.0001  max mem: 2691
      TTA Epoch: [51] Total time: 0:00:05 (0.0451 s / it)
     Averaged stats: entropy: 0.0125  uncertainty: 1.0000  uncertainty_coeffi: 1.0000  loss: 0.0125  lr: 0.0000
     itm tta time 0:00:05
      TTA Epoch: [52] [  0/123]  eta: 0:00:53  entropy: 0.0023  uncertainty: 1.0000  uncertainty_coeffi: 1.0000  loss: 0.0023  lr: 0.000030  time: 0.4376  data: 0.3890  max mem: 2691
      TTA Epoch: [52] [100/123]  eta: 0:00:00  entropy: 0.0000  uncertainty: 1.0000  uncertainty_coeffi: 1.0000  loss: 0.0000  lr: 0.000027  time: 0.0378  data: 0.0001  max mem: 2691
      TTA Epoch: [52] [122/123]  eta: 0:00:00  entropy: 0.0012  uncertainty: 1.0000  uncertainty_coeffi: 1.0000  loss: 0.0012  lr: 0.000027  time: 0.0354  data: 0.0002  max mem: 2691
      TTA Epoch: [52] Total time: 0:00:05 (0.0409 s / it)
     Averaged stats: entropy: 0.0096  uncertainty: 1.0000  uncertainty_coeffi: 1.0000  loss: 0.0096  lr: 0.0000
     itm tta time 0:00:05
      TTA Epoch: [53] [  0/123]  eta: 0:01:02  entropy: 0.0012  uncertainty: 1.0000  uncertainty_coeffi: 1.0000  loss: 0.0012  lr: 0.000027  time: 0.5115  data: 0.4590  max mem: 2691
      TTA Epoch: [53] [100/123]  eta: 0:00:01  entropy: 0.0306  uncertainty: 1.0000  uncertainty_coeffi: 1.0000  loss: 0.0306  lr: 0.000024  time: 0.0482  data: 0.0089  max mem: 2691
      TTA Epoch: [53] [122/123]  eta: 0:00:00  entropy: 0.0414  uncertainty: 1.0000  uncertainty_coeffi: 1.0000  loss: 0.0414  lr: 0.000023  time: 0.0420  data: 0.0066  max mem: 2691
      TTA Epoch: [53] Total time: 0:00:05 (0.0474 s / it)
     Averaged stats: entropy: 0.0115  uncertainty: 1.0000  uncertainty_coeffi: 1.0000  loss: 0.0115  lr: 0.0000
     itm tta time 0:00:05
      TTA Epoch: [54] [  0/123]  eta: 0:00:56  entropy: 0.0000  uncertainty: 1.0000  uncertainty_coeffi: 1.0000  loss: 0.0000  lr: 0.000023  time: 0.4588  data: 0.4104  max mem: 2691
      TTA Epoch: [54] [100/123]  eta: 0:00:01  entropy: 0.0740  uncertainty: 1.0000  uncertainty_coeffi: 1.0000  loss: 0.0740  lr: 0.000020  time: 0.0414  data: 0.0001  max mem: 2691
      TTA Epoch: [54] [122/123]  eta: 0:00:00  entropy: 0.0035  uncertainty: 1.0000  uncertainty_coeffi: 1.0000  loss: 0.0035  lr: 0.000019  time: 0.0360  data: 0.0001  max mem: 2691
      TTA Epoch: [54] Total time: 0:00:05 (0.0423 s / it)
     Averaged stats: entropy: 0.0119  uncertainty: 1.0000  uncertainty_coeffi: 1.0000  loss: 0.0119  lr: 0.0000
     itm tta time 0:00:05
      TTA Epoch: [55] [  0/123]  eta: 0:01:00  entropy: 0.0713  uncertainty: 1.0000  uncertainty_coeffi: 1.0000  loss: 0.0713  lr: 0.000019  time: 0.4947  data: 0.4354  max mem: 2691
      TTA Epoch: [55] [100/123]  eta: 0:00:00  entropy: 0.0441  uncertainty: 1.0000  uncertainty_coeffi: 1.0000  loss: 0.0441  lr: 0.000017  time: 0.0366  data: 0.0001  max mem: 2691
      TTA Epoch: [55] [122/123]  eta: 0:00:00  entropy: 0.0007  uncertainty: 1.0000  uncertainty_coeffi: 1.0000  loss: 0.0007  lr: 0.000016  time: 0.0362  data: 0.0002  max mem: 2691
      TTA Epoch: [55] Total time: 0:00:05 (0.0420 s / it)
     Averaged stats: entropy: 0.0143  uncertainty: 1.0000  uncertainty_coeffi: 1.0000  loss: 0.0143  lr: 0.0000
     itm tta time 0:00:05
      TTA Epoch: [56] [  0/123]  eta: 0:00:55  entropy: 0.0406  uncertainty: 1.0000  uncertainty_coeffi: 1.0000  loss: 0.0406  lr: 0.000016  time: 0.4481  data: 0.3493  max mem: 2691
      TTA Epoch: [56] [100/123]  eta: 0:00:01  entropy: 0.0194  uncertainty: 1.0000  uncertainty_coeffi: 1.0000  loss: 0.0194  lr: 0.000013  time: 0.0421  data: 0.0002  max mem: 2691
      TTA Epoch: [56] [122/123]  eta: 0:00:00  entropy: 0.0144  uncertainty: 1.0000  uncertainty_coeffi: 1.0000  loss: 0.0144  lr: 0.000012  time: 0.0342  data: 0.0001  max mem: 2691
      TTA Epoch: [56] Total time: 0:00:05 (0.0427 s / it)
     Averaged stats: entropy: 0.0141  uncertainty: 1.0000  uncertainty_coeffi: 1.0000  loss: 0.0141  lr: 0.0000
     itm tta time 0:00:05
      TTA Epoch: [57] [  0/123]  eta: 0:00:59  entropy: 0.0337  uncertainty: 1.0000  uncertainty_coeffi: 1.0000  loss: 0.0337  lr: 0.000012  time: 0.4821  data: 0.4292  max mem: 2691
      TTA Epoch: [57] [100/123]  eta: 0:00:01  entropy: 0.0001  uncertainty: 1.0000  uncertainty_coeffi: 1.0000  loss: 0.0001  lr: 0.000009  time: 0.0347  data: 0.0001  max mem: 2691
      TTA Epoch: [57] [122/123]  eta: 0:00:00  entropy: 0.0001  uncertainty: 1.0000  uncertainty_coeffi: 1.0000  loss: 0.0001  lr: 0.000009  time: 0.0322  data: 0.0001  max mem: 2691
      TTA Epoch: [57] Total time: 0:00:05 (0.0437 s / it)
     Averaged stats: entropy: 0.0137  uncertainty: 1.0000  uncertainty_coeffi: 1.0000  loss: 0.0137  lr: 0.0000
     itm tta time 0:00:05
      TTA Epoch: [58] [  0/123]  eta: 0:00:48  entropy: 0.0047  uncertainty: 1.0000  uncertainty_coeffi: 1.0000  loss: 0.0047  lr: 0.000009  time: 0.3924  data: 0.3459  max mem: 2691
      TTA Epoch: [58] [100/123]  eta: 0:00:01  entropy: 0.0232  uncertainty: 1.0000  uncertainty_coeffi: 1.0000  loss: 0.0232  lr: 0.000006  time: 0.0461  data: 0.0057  max mem: 2691
      TTA Epoch: [58] [122/123]  eta: 0:00:00  entropy: 0.0007  uncertainty: 1.0000  uncertainty_coeffi: 1.0000  loss: 0.0007  lr: 0.000005  time: 0.0409  data: 0.0034  max mem: 2691
      TTA Epoch: [58] Total time: 0:00:05 (0.0455 s / it)
     Averaged stats: entropy: 0.0161  uncertainty: 1.0000  uncertainty_coeffi: 1.0000  loss: 0.0161  lr: 0.0000
     itm tta time 0:00:05
      TTA Epoch: [59] [  0/123]  eta: 0:01:14  entropy: 0.0350  uncertainty: 1.0000  uncertainty_coeffi: 1.0000  loss: 0.0350  lr: 0.000005  time: 0.6070  data: 0.5107  max mem: 2691
      TTA Epoch: [59] [100/123]  eta: 0:00:01  entropy: 0.0000  uncertainty: 1.0000  uncertainty_coeffi: 1.0000  loss: 0.0000  lr: 0.000002  time: 0.0484  data: 0.0115  max mem: 2691
      TTA Epoch: [59] [122/123]  eta: 0:00:00  entropy: 0.0135  uncertainty: 1.0000  uncertainty_coeffi: 1.0000  loss: 0.0135  lr: 0.000002  time: 0.0387  data: 0.0054  max mem: 2691
      TTA Epoch: [59] Total time: 0:00:05 (0.0474 s / it)
     Averaged stats: entropy: 0.0125  uncertainty: 1.0000  uncertainty_coeffi: 1.0000  loss: 0.0125  lr: 0.0000
     itm tta time 0:00:05
     Computing matching score
      Evaluation: [   0/1978]  eta: 0:01:39    time: 0.0503  data: 0.0035  max mem: 2691
      Evaluation: [ 100/1978]  eta: 0:01:26    time: 0.0471  data: 0.0000  max mem: 2691
      Evaluation: [ 200/1978]  eta: 0:01:22    time: 0.0462  data: 0.0000  max mem: 2691
      Evaluation: [ 300/1978]  eta: 0:01:16    time: 0.0432  data: 0.0000  max mem: 2691
      Evaluation: [ 400/1978]  eta: 0:01:13    time: 0.0519  data: 0.0000  max mem: 2691
      Evaluation: [ 500/1978]  eta: 0:01:10    time: 0.0516  data: 0.0000  max mem: 2691
      Evaluation: [ 600/1978]  eta: 0:01:06    time: 0.0510  data: 0.0000  max mem: 2691
      Evaluation: [ 700/1978]  eta: 0:01:01    time: 0.0450  data: 0.0000  max mem: 2691
      Evaluation: [ 800/1978]  eta: 0:00:56    time: 0.0411  data: 0.0000  max mem: 2691
      Evaluation: [ 900/1978]  eta: 0:00:51    time: 0.0505  data: 0.0000  max mem: 2691
      Evaluation: [1000/1978]  eta: 0:00:46    time: 0.0490  data: 0.0000  max mem: 2691
      Evaluation: [1100/1978]  eta: 0:00:41    time: 0.0479  data: 0.0000  max mem: 2691
      Evaluation: [1200/1978]  eta: 0:00:36    time: 0.0425  data: 0.0000  max mem: 2691
      Evaluation: [1300/1978]  eta: 0:00:31    time: 0.0402  data: 0.0000  max mem: 2691
      Evaluation: [1400/1978]  eta: 0:00:26    time: 0.0419  data: 0.0000  max mem: 2691
      Evaluation: [1500/1978]  eta: 0:00:22    time: 0.0442  data: 0.0000  max mem: 2691
      Evaluation: [1600/1978]  eta: 0:00:17    time: 0.0397  data: 0.0000  max mem: 2691
      Evaluation: [1700/1978]  eta: 0:00:12    time: 0.0425  data: 0.0000  max mem: 2691
      Evaluation: [1800/1978]  eta: 0:00:08    time: 0.0430  data: 0.0000  max mem: 2691
      Evaluation: [1900/1978]  eta: 0:00:03    time: 0.0472  data: 0.0000  max mem: 2691
      Evaluation: [1977/1978]  eta: 0:00:00    time: 0.0425  data: 0.0000  max mem: 2691
      Evaluation: Total time: 0:01:30 (0.0456 s / it)
     Computing matching score time 0:01:30
### TTA ITM Score: 
+-------------------+--------+--------+--------+--------+--------+
|       epoch       |   R1   |   R5   |  R10   |  mAP   |  mINP  |
+-------------------+--------+--------+--------+--------+--------+
|        -999       | 69.414 | 95.197 | 97.776 | 81.233 | 81.233 |
|        -999       | 84.277 | 99.039 | 99.596 | 91.276 | 91.276 |
|  cos_sim_wo/norm  | 58.544 | 91.860 | 95.703 | 73.596 | 73.596 |
|        -999       | 69.414 | 95.197 | 97.776 | 81.233 | 81.233 |
| itm_score_wo/norm | 84.328 | 98.989 | 99.494 | 91.293 | 91.293 |
|        -999       | 84.277 | 99.039 | 99.596 | 91.276 | 91.276 |
|         0         | 84.530 | 98.837 | 99.494 | 91.322 | 91.322 |
|         1         | 84.884 | 98.736 | 99.343 | 91.483 | 91.483 |
|         2         | 84.985 | 98.686 | 99.292 | 91.456 | 91.456 |
|         4         | 84.631 | 98.686 | 99.393 | 91.306 | 91.306 |
|         9         | 84.681 | 98.382 | 99.292 | 91.235 | 91.235 |
|         14        | 84.075 | 98.483 | 99.343 | 90.891 | 90.891 |
|         19        | 84.024 | 98.534 | 99.242 | 90.861 | 90.861 |
|         29        | 84.429 | 98.382 | 99.191 | 91.072 | 91.072 |
|         39        | 84.378 | 98.382 | 99.191 | 91.043 | 91.043 |
|         49        | 84.328 | 98.332 | 99.191 | 91.002 | 91.002 |
|         59        | 84.328 | 98.332 | 99.191 | 91.007 | 91.007 |
+-------------------+--------+--------+--------+--------+--------+
     logs:  {'epo': 59, 'R1': np.float32(84.328), 'R5': np.float32(98.332), 'R10': np.float32(99.191), 'mAP': np.float32(91.007), 'mINP': np.float32(91.007), 'entropy': 0.012462, 'uncertainty': 1.0, 'uncertainty_coeffi': 1.0, 'loss': 0.012462, 'lr': 3e-06}
### best epoch 2 : {'epo': '2', 'R1': '84.985', 'R5': '98.686', 'R10': '99.292', 'mAP': '91.456', 'mINP': '91.456', 'entropy': '0.159653', 'uncertainty': '1.0', 'uncertainty_coeffi': '1.0', 'loss': '0.159653', 'lr': '0.000616'}
### Time 0:21:48
NNODES,  1
NODE_RANK,  0
MASTER_ADDR,  127.0.0.1
MASTER_PORT,  1612
NPROC_PER_NODE,  2
task:  exp0
config:  configs_rerun4/exp0.yaml
output_dir:  output_rerun4/exp0/2025092109503
python3 tta.py --config configs_rerun4/exp0.yaml --task exp0 --output_dir output_rerun4/exp0/2025092109503 --checkpoint checkpoint/cmp.pth --bs 0 --epo 0 --lr 0.0 --seed 42 --tta
