/home/jiahao/miniconda3/envs/cmp/lib/python3.10/site-packages/torch/functional.py:554: UserWarning: torch.meshgrid: in an upcoming release, it will be required to pass the indexing argument. (Triggered internally at /pytorch/aten/src/ATen/native/TensorShape.cpp:4322.)
  return _VF.meshgrid(tensors, **kwargs)  # type: ignore[attr-defined]
Not using distributed mode
### Hyper-parameters:
     seed: 42
     device: cuda
     output_dir: output_rerun4/exp1.0.4/2025092113250
     batch_size_tta: 16
     epochs: 60
     lr: 1e-05
### Creating test dataset
from data/PAB/annotation/test/attr.json loading 1978 data
     test dataset -->    be_pose_img: True
     test_dataset: 1978
### Creating test dataloader
### be careful: func create_loader returns a list length of 1
     test_loader: 90
### Creating model
build_vision_encoder: load swin 224 x 224 ====>
missing_keys:  []
unexpected_keys:  ['head.weight', 'head.bias']
build_text_encoder: load bert ====>
missing_keys: ['bert.encoder.layer.10.crossattention.output.LayerNorm.bias', 'bert.encoder.layer.10.crossattention.output.LayerNorm.weight', 'bert.encoder.layer.10.crossattention.output.dense.bias', 'bert.encoder.layer.10.crossattention.output.dense.weight', 'bert.encoder.layer.10.crossattention.self.key.bias', 'bert.encoder.layer.10.crossattention.self.key.weight', 'bert.encoder.layer.10.crossattention.self.query.bias', 'bert.encoder.layer.10.crossattention.self.query.weight', 'bert.encoder.layer.10.crossattention.self.value.bias', 'bert.encoder.layer.10.crossattention.self.value.weight', 'bert.encoder.layer.11.crossattention.output.LayerNorm.bias', 'bert.encoder.layer.11.crossattention.output.LayerNorm.weight', 'bert.encoder.layer.11.crossattention.output.dense.bias', 'bert.encoder.layer.11.crossattention.output.dense.weight', 'bert.encoder.layer.11.crossattention.self.key.bias', 'bert.encoder.layer.11.crossattention.self.key.weight', 'bert.encoder.layer.11.crossattention.self.query.bias', 'bert.encoder.layer.11.crossattention.self.query.weight', 'bert.encoder.layer.11.crossattention.self.value.bias', 'bert.encoder.layer.11.crossattention.self.value.weight', 'bert.encoder.layer.6.crossattention.output.LayerNorm.bias', 'bert.encoder.layer.6.crossattention.output.LayerNorm.weight', 'bert.encoder.layer.6.crossattention.output.dense.bias', 'bert.encoder.layer.6.crossattention.output.dense.weight', 'bert.encoder.layer.6.crossattention.self.key.bias', 'bert.encoder.layer.6.crossattention.self.key.weight', 'bert.encoder.layer.6.crossattention.self.query.bias', 'bert.encoder.layer.6.crossattention.self.query.weight', 'bert.encoder.layer.6.crossattention.self.value.bias', 'bert.encoder.layer.6.crossattention.self.value.weight', 'bert.encoder.layer.7.crossattention.output.LayerNorm.bias', 'bert.encoder.layer.7.crossattention.output.LayerNorm.weight', 'bert.encoder.layer.7.crossattention.output.dense.bias', 'bert.encoder.layer.7.crossattention.output.dense.weight', 'bert.encoder.layer.7.crossattention.self.key.bias', 'bert.encoder.layer.7.crossattention.self.key.weight', 'bert.encoder.layer.7.crossattention.self.query.bias', 'bert.encoder.layer.7.crossattention.self.query.weight', 'bert.encoder.layer.7.crossattention.self.value.bias', 'bert.encoder.layer.7.crossattention.self.value.weight', 'bert.encoder.layer.8.crossattention.output.LayerNorm.bias', 'bert.encoder.layer.8.crossattention.output.LayerNorm.weight', 'bert.encoder.layer.8.crossattention.output.dense.bias', 'bert.encoder.layer.8.crossattention.output.dense.weight', 'bert.encoder.layer.8.crossattention.self.key.bias', 'bert.encoder.layer.8.crossattention.self.key.weight', 'bert.encoder.layer.8.crossattention.self.query.bias', 'bert.encoder.layer.8.crossattention.self.query.weight', 'bert.encoder.layer.8.crossattention.self.value.bias', 'bert.encoder.layer.8.crossattention.self.value.weight', 'bert.encoder.layer.9.crossattention.output.LayerNorm.bias', 'bert.encoder.layer.9.crossattention.output.LayerNorm.weight', 'bert.encoder.layer.9.crossattention.output.dense.bias', 'bert.encoder.layer.9.crossattention.output.dense.weight', 'bert.encoder.layer.9.crossattention.self.key.bias', 'bert.encoder.layer.9.crossattention.self.key.weight', 'bert.encoder.layer.9.crossattention.self.query.bias', 'bert.encoder.layer.9.crossattention.self.query.weight', 'bert.encoder.layer.9.crossattention.self.value.bias', 'bert.encoder.layer.9.crossattention.self.value.weight']
unexpected_keys: ['cls.seq_relationship.bias', 'cls.seq_relationship.weight']
mismatched_keys: []
error_msgs: []
Label Smooth: 0.2
pose_conv
load checkpoint from checkpoint/cmp.pth
missing_keys:  ['uncertainty_temper', 'prompt_learning_embedding']
unexpected_keys:  []
     Total Params Sum:  254264985
### Inference ITC similiarity matrix
     Computing text features for evaluation
     Computing image features for evaluation
/home/jiahao/task/CMP/eval.py:129: UserWarning: To copy construct from a tensor, it is recommended to use sourceTensor.detach().clone() or sourceTensor.detach().clone().requires_grad_(True), rather than torch.tensor(sourceTensor).
  similarity = torch.tensor(scores_t2i)
     Computing features time 0:00:11
### Zero-Shot ITC Score: 
+-------+--------+--------+--------+--------+--------+
| epoch |   R1   |   R5   |  R10   |  mAP   |  mINP  |
+-------+--------+--------+--------+--------+--------+
|  -999 | 69.414 | 95.197 | 97.776 | 81.233 | 81.233 |
+-------+--------+--------+--------+--------+--------+
     Computing matching score
      Evaluation: [   0/1978]  eta: 0:01:55    time: 0.0585  data: 0.0031  max mem: 2603
      Evaluation: [ 100/1978]  eta: 0:01:26    time: 0.0469  data: 0.0000  max mem: 2603
      Evaluation: [ 200/1978]  eta: 0:01:23    time: 0.0467  data: 0.0000  max mem: 2603
      Evaluation: [ 300/1978]  eta: 0:01:19    time: 0.0435  data: 0.0000  max mem: 2603
      Evaluation: [ 400/1978]  eta: 0:01:12    time: 0.0420  data: 0.0000  max mem: 2603
      Evaluation: [ 500/1978]  eta: 0:01:07    time: 0.0434  data: 0.0000  max mem: 2603
      Evaluation: [ 600/1978]  eta: 0:01:02    time: 0.0450  data: 0.0000  max mem: 2603
      Evaluation: [ 700/1978]  eta: 0:00:57    time: 0.0446  data: 0.0000  max mem: 2603
      Evaluation: [ 800/1978]  eta: 0:00:52    time: 0.0422  data: 0.0000  max mem: 2603
      Evaluation: [ 900/1978]  eta: 0:00:48    time: 0.0431  data: 0.0000  max mem: 2603
      Evaluation: [1000/1978]  eta: 0:00:43    time: 0.0413  data: 0.0000  max mem: 2603
      Evaluation: [1100/1978]  eta: 0:00:39    time: 0.0426  data: 0.0000  max mem: 2603
      Evaluation: [1200/1978]  eta: 0:00:34    time: 0.0430  data: 0.0000  max mem: 2603
      Evaluation: [1300/1978]  eta: 0:00:30    time: 0.0436  data: 0.0000  max mem: 2603
      Evaluation: [1400/1978]  eta: 0:00:25    time: 0.0439  data: 0.0000  max mem: 2603
      Evaluation: [1500/1978]  eta: 0:00:21    time: 0.0471  data: 0.0000  max mem: 2603
      Evaluation: [1600/1978]  eta: 0:00:16    time: 0.0447  data: 0.0000  max mem: 2603
      Evaluation: [1700/1978]  eta: 0:00:12    time: 0.0451  data: 0.0000  max mem: 2603
      Evaluation: [1800/1978]  eta: 0:00:07    time: 0.0446  data: 0.0000  max mem: 2603
      Evaluation: [1900/1978]  eta: 0:00:03    time: 0.0443  data: 0.0000  max mem: 2603
      Evaluation: [1977/1978]  eta: 0:00:00    time: 0.0431  data: 0.0000  max mem: 2603
      Evaluation: Total time: 0:01:27 (0.0444 s / it)
     Computing matching score time 0:01:28
### Zero-Shot ITM Score: 
+-------+--------+--------+--------+--------+--------+
| epoch |   R1   |   R5   |  R10   |  mAP   |  mINP  |
+-------+--------+--------+--------+--------+--------+
|  -999 | 69.414 | 95.197 | 97.776 | 81.233 | 81.233 |
|  -999 | 84.277 | 99.039 | 99.596 | 91.276 | 91.276 |
+-------+--------+--------+--------+--------+--------+
### Zero-Shot Score: 
+-------------------+--------+--------+--------+--------+--------+
|       epoch       |   R1   |   R5   |  R10   |  mAP   |  mINP  |
+-------------------+--------+--------+--------+--------+--------+
|        -999       | 69.414 | 95.197 | 97.776 | 81.233 | 81.233 |
|        -999       | 84.277 | 99.039 | 99.596 | 91.276 | 91.276 |
|  cos_sim_wo/norm  | 58.544 | 91.860 | 95.703 | 73.596 | 73.596 |
|        -999       | 69.414 | 95.197 | 97.776 | 81.233 | 81.233 |
| itm_score_wo/norm | 84.328 | 98.989 | 99.494 | 91.293 | 91.293 |
|        -999       | 84.277 | 99.039 | 99.596 | 91.276 | 91.276 |
+-------------------+--------+--------+--------+--------+--------+
### TTA:
     preprocess_tta_coefficients  start
     sample selection ...
     number of sample after sample_selection: 1958
     uncertainty ...
     preprocess_tta_coefficients  end
### Creating tta dataset
     tta_dataset: 1958
### Creating tta dataloader
### be careful: func create_loader returns a list length of 1
     tta_loader: 122
### Configure adapted weights
     TTA Dropout Modules: 
 [('vision_encoder.pos_drop', Dropout(p=0, inplace=False), True), ('vision_encoder.layers.0.blocks.0.attn.attn_drop', Dropout(p=0.0, inplace=False), True), ('vision_encoder.layers.0.blocks.0.attn.proj_drop', Dropout(p=0, inplace=False), True), ('vision_encoder.layers.0.blocks.0.mlp.drop', Dropout(p=0, inplace=False), True), ('vision_encoder.layers.0.blocks.1.attn.attn_drop', Dropout(p=0.0, inplace=False), True), ('vision_encoder.layers.0.blocks.1.attn.proj_drop', Dropout(p=0, inplace=False), True), ('vision_encoder.layers.0.blocks.1.mlp.drop', Dropout(p=0, inplace=False), True), ('vision_encoder.layers.1.blocks.0.attn.attn_drop', Dropout(p=0.0, inplace=False), True), ('vision_encoder.layers.1.blocks.0.attn.proj_drop', Dropout(p=0, inplace=False), True), ('vision_encoder.layers.1.blocks.0.mlp.drop', Dropout(p=0, inplace=False), True), ('vision_encoder.layers.1.blocks.1.attn.attn_drop', Dropout(p=0.0, inplace=False), True), ('vision_encoder.layers.1.blocks.1.attn.proj_drop', Dropout(p=0, inplace=False), True), ('vision_encoder.layers.1.blocks.1.mlp.drop', Dropout(p=0, inplace=False), True), ('vision_encoder.layers.2.blocks.0.attn.attn_drop', Dropout(p=0.0, inplace=False), True), ('vision_encoder.layers.2.blocks.0.attn.proj_drop', Dropout(p=0, inplace=False), True), ('vision_encoder.layers.2.blocks.0.mlp.drop', Dropout(p=0, inplace=False), True), ('vision_encoder.layers.2.blocks.1.attn.attn_drop', Dropout(p=0.0, inplace=False), True), ('vision_encoder.layers.2.blocks.1.attn.proj_drop', Dropout(p=0, inplace=False), True), ('vision_encoder.layers.2.blocks.1.mlp.drop', Dropout(p=0, inplace=False), True), ('vision_encoder.layers.2.blocks.2.attn.attn_drop', Dropout(p=0.0, inplace=False), True), ('vision_encoder.layers.2.blocks.2.attn.proj_drop', Dropout(p=0, inplace=False), True), ('vision_encoder.layers.2.blocks.2.mlp.drop', Dropout(p=0, inplace=False), True), ('vision_encoder.layers.2.blocks.3.attn.attn_drop', Dropout(p=0.0, inplace=False), True), ('vision_encoder.layers.2.blocks.3.attn.proj_drop', Dropout(p=0, inplace=False), True), ('vision_encoder.layers.2.blocks.3.mlp.drop', Dropout(p=0, inplace=False), True), ('vision_encoder.layers.2.blocks.4.attn.attn_drop', Dropout(p=0.0, inplace=False), True), ('vision_encoder.layers.2.blocks.4.attn.proj_drop', Dropout(p=0, inplace=False), True), ('vision_encoder.layers.2.blocks.4.mlp.drop', Dropout(p=0, inplace=False), True), ('vision_encoder.layers.2.blocks.5.attn.attn_drop', Dropout(p=0.0, inplace=False), True), ('vision_encoder.layers.2.blocks.5.attn.proj_drop', Dropout(p=0, inplace=False), True), ('vision_encoder.layers.2.blocks.5.mlp.drop', Dropout(p=0, inplace=False), True), ('vision_encoder.layers.2.blocks.6.attn.attn_drop', Dropout(p=0.0, inplace=False), True), ('vision_encoder.layers.2.blocks.6.attn.proj_drop', Dropout(p=0, inplace=False), True), ('vision_encoder.layers.2.blocks.6.mlp.drop', Dropout(p=0, inplace=False), True), ('vision_encoder.layers.2.blocks.7.attn.attn_drop', Dropout(p=0.0, inplace=False), True), ('vision_encoder.layers.2.blocks.7.attn.proj_drop', Dropout(p=0, inplace=False), True), ('vision_encoder.layers.2.blocks.7.mlp.drop', Dropout(p=0, inplace=False), True), ('vision_encoder.layers.2.blocks.8.attn.attn_drop', Dropout(p=0.0, inplace=False), True), ('vision_encoder.layers.2.blocks.8.attn.proj_drop', Dropout(p=0, inplace=False), True), ('vision_encoder.layers.2.blocks.8.mlp.drop', Dropout(p=0, inplace=False), True), ('vision_encoder.layers.2.blocks.9.attn.attn_drop', Dropout(p=0.0, inplace=False), True), ('vision_encoder.layers.2.blocks.9.attn.proj_drop', Dropout(p=0, inplace=False), True), ('vision_encoder.layers.2.blocks.9.mlp.drop', Dropout(p=0, inplace=False), True), ('vision_encoder.layers.2.blocks.10.attn.attn_drop', Dropout(p=0.0, inplace=False), True), ('vision_encoder.layers.2.blocks.10.attn.proj_drop', Dropout(p=0, inplace=False), True), ('vision_encoder.layers.2.blocks.10.mlp.drop', Dropout(p=0, inplace=False), True), ('vision_encoder.layers.2.blocks.11.attn.attn_drop', Dropout(p=0.0, inplace=False), True), ('vision_encoder.layers.2.blocks.11.attn.proj_drop', Dropout(p=0, inplace=False), True), ('vision_encoder.layers.2.blocks.11.mlp.drop', Dropout(p=0, inplace=False), True), ('vision_encoder.layers.2.blocks.12.attn.attn_drop', Dropout(p=0.0, inplace=False), True), ('vision_encoder.layers.2.blocks.12.attn.proj_drop', Dropout(p=0, inplace=False), True), ('vision_encoder.layers.2.blocks.12.mlp.drop', Dropout(p=0, inplace=False), True), ('vision_encoder.layers.2.blocks.13.attn.attn_drop', Dropout(p=0.0, inplace=False), True), ('vision_encoder.layers.2.blocks.13.attn.proj_drop', Dropout(p=0, inplace=False), True), ('vision_encoder.layers.2.blocks.13.mlp.drop', Dropout(p=0, inplace=False), True), ('vision_encoder.layers.2.blocks.14.attn.attn_drop', Dropout(p=0.0, inplace=False), True), ('vision_encoder.layers.2.blocks.14.attn.proj_drop', Dropout(p=0, inplace=False), True), ('vision_encoder.layers.2.blocks.14.mlp.drop', Dropout(p=0, inplace=False), True), ('vision_encoder.layers.2.blocks.15.attn.attn_drop', Dropout(p=0.0, inplace=False), True), ('vision_encoder.layers.2.blocks.15.attn.proj_drop', Dropout(p=0, inplace=False), True), ('vision_encoder.layers.2.blocks.15.mlp.drop', Dropout(p=0, inplace=False), True), ('vision_encoder.layers.2.blocks.16.attn.attn_drop', Dropout(p=0.0, inplace=False), True), ('vision_encoder.layers.2.blocks.16.attn.proj_drop', Dropout(p=0, inplace=False), True), ('vision_encoder.layers.2.blocks.16.mlp.drop', Dropout(p=0, inplace=False), True), ('vision_encoder.layers.2.blocks.17.attn.attn_drop', Dropout(p=0.0, inplace=False), True), ('vision_encoder.layers.2.blocks.17.attn.proj_drop', Dropout(p=0, inplace=False), True), ('vision_encoder.layers.2.blocks.17.mlp.drop', Dropout(p=0, inplace=False), True), ('vision_encoder.layers.3.blocks.0.attn.attn_drop', Dropout(p=0.0, inplace=False), True), ('vision_encoder.layers.3.blocks.0.attn.proj_drop', Dropout(p=0, inplace=False), True), ('vision_encoder.layers.3.blocks.0.mlp.drop', Dropout(p=0, inplace=False), True), ('vision_encoder.layers.3.blocks.1.attn.attn_drop', Dropout(p=0.0, inplace=False), True), ('vision_encoder.layers.3.blocks.1.attn.proj_drop', Dropout(p=0, inplace=False), True), ('vision_encoder.layers.3.blocks.1.mlp.drop', Dropout(p=0, inplace=False), True), ('text_encoder.bert.embeddings.dropout', Dropout(p=0.1, inplace=False), True), ('text_encoder.bert.encoder.layer.0.attention.self.dropout', Dropout(p=0.1, inplace=False), True), ('text_encoder.bert.encoder.layer.0.attention.output.dropout', Dropout(p=0.1, inplace=False), True), ('text_encoder.bert.encoder.layer.0.output.dropout', Dropout(p=0.1, inplace=False), True), ('text_encoder.bert.encoder.layer.1.attention.self.dropout', Dropout(p=0.1, inplace=False), True), ('text_encoder.bert.encoder.layer.1.attention.output.dropout', Dropout(p=0.1, inplace=False), True), ('text_encoder.bert.encoder.layer.1.output.dropout', Dropout(p=0.1, inplace=False), True), ('text_encoder.bert.encoder.layer.2.attention.self.dropout', Dropout(p=0.1, inplace=False), True), ('text_encoder.bert.encoder.layer.2.attention.output.dropout', Dropout(p=0.1, inplace=False), True), ('text_encoder.bert.encoder.layer.2.output.dropout', Dropout(p=0.1, inplace=False), True), ('text_encoder.bert.encoder.layer.3.attention.self.dropout', Dropout(p=0.1, inplace=False), True), ('text_encoder.bert.encoder.layer.3.attention.output.dropout', Dropout(p=0.1, inplace=False), True), ('text_encoder.bert.encoder.layer.3.output.dropout', Dropout(p=0.1, inplace=False), True), ('text_encoder.bert.encoder.layer.4.attention.self.dropout', Dropout(p=0.1, inplace=False), True), ('text_encoder.bert.encoder.layer.4.attention.output.dropout', Dropout(p=0.1, inplace=False), True), ('text_encoder.bert.encoder.layer.4.output.dropout', Dropout(p=0.1, inplace=False), True), ('text_encoder.bert.encoder.layer.5.attention.self.dropout', Dropout(p=0.1, inplace=False), True), ('text_encoder.bert.encoder.layer.5.attention.output.dropout', Dropout(p=0.1, inplace=False), True), ('text_encoder.bert.encoder.layer.5.output.dropout', Dropout(p=0.1, inplace=False), True), ('text_encoder.bert.encoder.layer.6.attention.self.dropout', Dropout(p=0.1, inplace=False), True), ('text_encoder.bert.encoder.layer.6.attention.output.dropout', Dropout(p=0.1, inplace=False), True), ('text_encoder.bert.encoder.layer.6.crossattention.self.dropout', Dropout(p=0.1, inplace=False), True), ('text_encoder.bert.encoder.layer.6.crossattention.output.dropout', Dropout(p=0.1, inplace=False), True), ('text_encoder.bert.encoder.layer.6.output.dropout', Dropout(p=0.1, inplace=False), True), ('text_encoder.bert.encoder.layer.7.attention.self.dropout', Dropout(p=0.1, inplace=False), True), ('text_encoder.bert.encoder.layer.7.attention.output.dropout', Dropout(p=0.1, inplace=False), True), ('text_encoder.bert.encoder.layer.7.crossattention.self.dropout', Dropout(p=0.1, inplace=False), True), ('text_encoder.bert.encoder.layer.7.crossattention.output.dropout', Dropout(p=0.1, inplace=False), True), ('text_encoder.bert.encoder.layer.7.output.dropout', Dropout(p=0.1, inplace=False), True), ('text_encoder.bert.encoder.layer.8.attention.self.dropout', Dropout(p=0.1, inplace=False), True), ('text_encoder.bert.encoder.layer.8.attention.output.dropout', Dropout(p=0.1, inplace=False), True), ('text_encoder.bert.encoder.layer.8.crossattention.self.dropout', Dropout(p=0.1, inplace=False), True), ('text_encoder.bert.encoder.layer.8.crossattention.output.dropout', Dropout(p=0.1, inplace=False), True), ('text_encoder.bert.encoder.layer.8.output.dropout', Dropout(p=0.1, inplace=False), True), ('text_encoder.bert.encoder.layer.9.attention.self.dropout', Dropout(p=0.1, inplace=False), True), ('text_encoder.bert.encoder.layer.9.attention.output.dropout', Dropout(p=0.1, inplace=False), True), ('text_encoder.bert.encoder.layer.9.crossattention.self.dropout', Dropout(p=0.1, inplace=False), True), ('text_encoder.bert.encoder.layer.9.crossattention.output.dropout', Dropout(p=0.1, inplace=False), True), ('text_encoder.bert.encoder.layer.9.output.dropout', Dropout(p=0.1, inplace=False), True), ('text_encoder.bert.encoder.layer.10.attention.self.dropout', Dropout(p=0.1, inplace=False), True), ('text_encoder.bert.encoder.layer.10.attention.output.dropout', Dropout(p=0.1, inplace=False), True), ('text_encoder.bert.encoder.layer.10.crossattention.self.dropout', Dropout(p=0.1, inplace=False), True), ('text_encoder.bert.encoder.layer.10.crossattention.output.dropout', Dropout(p=0.1, inplace=False), True), ('text_encoder.bert.encoder.layer.10.output.dropout', Dropout(p=0.1, inplace=False), True), ('text_encoder.bert.encoder.layer.11.attention.self.dropout', Dropout(p=0.1, inplace=False), True), ('text_encoder.bert.encoder.layer.11.attention.output.dropout', Dropout(p=0.1, inplace=False), True), ('text_encoder.bert.encoder.layer.11.crossattention.self.dropout', Dropout(p=0.1, inplace=False), True), ('text_encoder.bert.encoder.layer.11.crossattention.output.dropout', Dropout(p=0.1, inplace=False), True), ('text_encoder.bert.encoder.layer.11.output.dropout', Dropout(p=0.1, inplace=False), True), ('vision_proj.1', Dropout(p=0.5, inplace=False), True), ('text_proj.1', Dropout(p=0.5, inplace=False), True), ('pose_block.attn.attn_drop', Dropout(p=0.0, inplace=False), True), ('pose_block.attn.proj_drop', Dropout(p=0.0, inplace=False), True)]
     TTA Require Gradient Params: 
 [('text_encoder.bert.embeddings.LayerNorm.weight', torch.Size([768])), ('text_encoder.bert.embeddings.LayerNorm.bias', torch.Size([768])), ('text_encoder.bert.encoder.layer.6.attention.output.LayerNorm.weight', torch.Size([768])), ('text_encoder.bert.encoder.layer.6.attention.output.LayerNorm.bias', torch.Size([768])), ('text_encoder.bert.encoder.layer.6.crossattention.output.LayerNorm.weight', torch.Size([768])), ('text_encoder.bert.encoder.layer.6.crossattention.output.LayerNorm.bias', torch.Size([768])), ('text_encoder.bert.encoder.layer.6.output.LayerNorm.weight', torch.Size([768])), ('text_encoder.bert.encoder.layer.6.output.LayerNorm.bias', torch.Size([768])), ('text_encoder.bert.encoder.layer.7.attention.output.LayerNorm.weight', torch.Size([768])), ('text_encoder.bert.encoder.layer.7.attention.output.LayerNorm.bias', torch.Size([768])), ('text_encoder.bert.encoder.layer.7.crossattention.output.LayerNorm.weight', torch.Size([768])), ('text_encoder.bert.encoder.layer.7.crossattention.output.LayerNorm.bias', torch.Size([768])), ('text_encoder.bert.encoder.layer.7.output.LayerNorm.weight', torch.Size([768])), ('text_encoder.bert.encoder.layer.7.output.LayerNorm.bias', torch.Size([768])), ('text_encoder.bert.encoder.layer.8.attention.output.LayerNorm.weight', torch.Size([768])), ('text_encoder.bert.encoder.layer.8.attention.output.LayerNorm.bias', torch.Size([768])), ('text_encoder.bert.encoder.layer.8.crossattention.output.LayerNorm.weight', torch.Size([768])), ('text_encoder.bert.encoder.layer.8.crossattention.output.LayerNorm.bias', torch.Size([768])), ('text_encoder.bert.encoder.layer.8.output.LayerNorm.weight', torch.Size([768])), ('text_encoder.bert.encoder.layer.8.output.LayerNorm.bias', torch.Size([768])), ('text_encoder.bert.encoder.layer.9.attention.output.LayerNorm.weight', torch.Size([768])), ('text_encoder.bert.encoder.layer.9.attention.output.LayerNorm.bias', torch.Size([768])), ('text_encoder.bert.encoder.layer.9.crossattention.output.LayerNorm.weight', torch.Size([768])), ('text_encoder.bert.encoder.layer.9.crossattention.output.LayerNorm.bias', torch.Size([768])), ('text_encoder.bert.encoder.layer.9.output.LayerNorm.weight', torch.Size([768])), ('text_encoder.bert.encoder.layer.9.output.LayerNorm.bias', torch.Size([768])), ('text_encoder.bert.encoder.layer.10.attention.output.LayerNorm.weight', torch.Size([768])), ('text_encoder.bert.encoder.layer.10.attention.output.LayerNorm.bias', torch.Size([768])), ('text_encoder.bert.encoder.layer.10.crossattention.output.LayerNorm.weight', torch.Size([768])), ('text_encoder.bert.encoder.layer.10.crossattention.output.LayerNorm.bias', torch.Size([768])), ('text_encoder.bert.encoder.layer.10.output.LayerNorm.weight', torch.Size([768])), ('text_encoder.bert.encoder.layer.10.output.LayerNorm.bias', torch.Size([768])), ('text_encoder.bert.encoder.layer.11.attention.output.LayerNorm.weight', torch.Size([768])), ('text_encoder.bert.encoder.layer.11.attention.output.LayerNorm.bias', torch.Size([768])), ('text_encoder.bert.encoder.layer.11.crossattention.output.LayerNorm.weight', torch.Size([768])), ('text_encoder.bert.encoder.layer.11.crossattention.output.LayerNorm.bias', torch.Size([768])), ('text_encoder.bert.encoder.layer.11.output.LayerNorm.weight', torch.Size([768])), ('text_encoder.bert.encoder.layer.11.output.LayerNorm.bias', torch.Size([768])), ('text_encoder.cls.predictions.transform.LayerNorm.weight', torch.Size([768])), ('text_encoder.cls.predictions.transform.LayerNorm.bias', torch.Size([768])), ('itm_head.1.weight', torch.Size([1536])), ('itm_head.1.bias', torch.Size([1536]))]
     TTA Dropout Modules Number: 
 126
     TTA Require Gradient Params Sum: 
 33792
     lr:  1e-05    lr_mult:  2
     model has 'init_params',  386
     num_tta_steps:  7380
     num_warmup_steps:  500
     sched: step
/home/jiahao/task/CMP/tta.py:244: FutureWarning: `torch.cuda.amp.GradScaler(args...)` is deprecated. Please use `torch.amp.GradScaler('cuda', args...)` instead.
  scaler = GradScaler()  # bf16
### Start ITM Test Time Adaptation
      TTA Epoch: [0] [  0/122]  eta: 0:01:58  entropy: 0.3946  uncertainty: 1.0000  uncertainty_coeffi: 1.0000  loss: 0.3946  lr: 0.000000  time: 0.9728  data: 0.5070  max mem: 2656
      TTA Epoch: [0] [100/122]  eta: 0:00:00  entropy: 0.4387  uncertainty: 1.0000  uncertainty_coeffi: 1.0000  loss: 0.4387  lr: 0.000002  time: 0.0340  data: 0.0001  max mem: 2685
      TTA Epoch: [0] [121/122]  eta: 0:00:00  entropy: 0.4545  uncertainty: 1.0000  uncertainty_coeffi: 1.0000  loss: 0.4545  lr: 0.000002  time: 0.0324  data: 0.0001  max mem: 2685
      TTA Epoch: [0] Total time: 0:00:05 (0.0422 s / it)
     Averaged stats: entropy: 0.3943  uncertainty: 1.0000  uncertainty_coeffi: 1.0000  loss: 0.3943  lr: 0.0000
     itm tta time 0:00:05
     Computing matching score
      Evaluation: [   0/1978]  eta: 0:01:38    time: 0.0499  data: 0.0023  max mem: 2685
      Evaluation: [ 100/1978]  eta: 0:01:21    time: 0.0417  data: 0.0000  max mem: 2685
      Evaluation: [ 200/1978]  eta: 0:01:17    time: 0.0434  data: 0.0000  max mem: 2685
      Evaluation: [ 300/1978]  eta: 0:01:12    time: 0.0434  data: 0.0000  max mem: 2685
      Evaluation: [ 400/1978]  eta: 0:01:08    time: 0.0423  data: 0.0000  max mem: 2685
      Evaluation: [ 500/1978]  eta: 0:01:03    time: 0.0436  data: 0.0000  max mem: 2685
      Evaluation: [ 600/1978]  eta: 0:00:59    time: 0.0437  data: 0.0000  max mem: 2685
      Evaluation: [ 700/1978]  eta: 0:00:55    time: 0.0438  data: 0.0000  max mem: 2685
      Evaluation: [ 800/1978]  eta: 0:00:50    time: 0.0433  data: 0.0000  max mem: 2685
      Evaluation: [ 900/1978]  eta: 0:00:46    time: 0.0431  data: 0.0000  max mem: 2685
      Evaluation: [1000/1978]  eta: 0:00:42    time: 0.0437  data: 0.0000  max mem: 2685
      Evaluation: [1100/1978]  eta: 0:00:38    time: 0.0434  data: 0.0000  max mem: 2685
      Evaluation: [1200/1978]  eta: 0:00:33    time: 0.0435  data: 0.0000  max mem: 2685
      Evaluation: [1300/1978]  eta: 0:00:29    time: 0.0407  data: 0.0000  max mem: 2685
      Evaluation: [1400/1978]  eta: 0:00:25    time: 0.0439  data: 0.0000  max mem: 2685
      Evaluation: [1500/1978]  eta: 0:00:20    time: 0.0437  data: 0.0000  max mem: 2685
      Evaluation: [1600/1978]  eta: 0:00:16    time: 0.0439  data: 0.0000  max mem: 2685
      Evaluation: [1700/1978]  eta: 0:00:12    time: 0.0401  data: 0.0000  max mem: 2685
      Evaluation: [1800/1978]  eta: 0:00:07    time: 0.0405  data: 0.0000  max mem: 2685
      Evaluation: [1900/1978]  eta: 0:00:03    time: 0.0406  data: 0.0000  max mem: 2685
      Evaluation: [1977/1978]  eta: 0:00:00    time: 0.0409  data: 0.0000  max mem: 2685
      Evaluation: Total time: 0:01:25 (0.0431 s / it)
     Computing matching score time 0:01:25
### TTA ITM Score: 
+-------------------+--------+--------+--------+--------+--------+
|       epoch       |   R1   |   R5   |  R10   |  mAP   |  mINP  |
+-------------------+--------+--------+--------+--------+--------+
|        -999       | 69.414 | 95.197 | 97.776 | 81.233 | 81.233 |
|        -999       | 84.277 | 99.039 | 99.596 | 91.276 | 91.276 |
|  cos_sim_wo/norm  | 58.544 | 91.860 | 95.703 | 73.596 | 73.596 |
|        -999       | 69.414 | 95.197 | 97.776 | 81.233 | 81.233 |
| itm_score_wo/norm | 84.328 | 98.989 | 99.494 | 91.293 | 91.293 |
|        -999       | 84.277 | 99.039 | 99.596 | 91.276 | 91.276 |
|         0         | 84.328 | 99.039 | 99.596 | 91.301 | 91.301 |
+-------------------+--------+--------+--------+--------+--------+
     logs:  {'epo': 0, 'R1': np.float32(84.328), 'R5': np.float32(99.039), 'R10': np.float32(99.596), 'mAP': np.float32(91.301), 'mINP': np.float32(91.301), 'entropy': 0.394345, 'uncertainty': 1.0, 'uncertainty_coeffi': 1.0, 'loss': 0.394345, 'lr': 1e-06}
      TTA Epoch: [1] [  0/122]  eta: 0:00:59  entropy: 0.2399  uncertainty: 1.0000  uncertainty_coeffi: 1.0000  loss: 0.2399  lr: 0.000002  time: 0.4916  data: 0.4395  max mem: 2685
      TTA Epoch: [1] [100/122]  eta: 0:00:01  entropy: 0.4878  uncertainty: 1.0000  uncertainty_coeffi: 1.0000  loss: 0.4878  lr: 0.000004  time: 0.0432  data: 0.0002  max mem: 2691
      TTA Epoch: [1] [121/122]  eta: 0:00:00  entropy: 0.3007  uncertainty: 1.0000  uncertainty_coeffi: 1.0000  loss: 0.3007  lr: 0.000005  time: 0.0388  data: 0.0001  max mem: 2691
      TTA Epoch: [1] Total time: 0:00:05 (0.0456 s / it)
     Averaged stats: entropy: 0.3937  uncertainty: 1.0000  uncertainty_coeffi: 1.0000  loss: 0.3937  lr: 0.0000
     itm tta time 0:00:05
     Computing matching score
      Evaluation: [   0/1978]  eta: 0:02:19    time: 0.0704  data: 0.0030  max mem: 2691
      Evaluation: [ 100/1978]  eta: 0:01:22    time: 0.0436  data: 0.0000  max mem: 2691
      Evaluation: [ 200/1978]  eta: 0:01:19    time: 0.0419  data: 0.0000  max mem: 2691
      Evaluation: [ 300/1978]  eta: 0:01:14    time: 0.0421  data: 0.0000  max mem: 2691
      Evaluation: [ 400/1978]  eta: 0:01:10    time: 0.0428  data: 0.0000  max mem: 2691
      Evaluation: [ 500/1978]  eta: 0:01:05    time: 0.0435  data: 0.0000  max mem: 2691
      Evaluation: [ 600/1978]  eta: 0:01:00    time: 0.0414  data: 0.0000  max mem: 2691
      Evaluation: [ 700/1978]  eta: 0:00:56    time: 0.0421  data: 0.0000  max mem: 2691
      Evaluation: [ 800/1978]  eta: 0:00:51    time: 0.0443  data: 0.0000  max mem: 2691
      Evaluation: [ 900/1978]  eta: 0:00:47    time: 0.0443  data: 0.0000  max mem: 2691
      Evaluation: [1000/1978]  eta: 0:00:42    time: 0.0442  data: 0.0000  max mem: 2691
      Evaluation: [1100/1978]  eta: 0:00:38    time: 0.0423  data: 0.0000  max mem: 2691
      Evaluation: [1200/1978]  eta: 0:00:33    time: 0.0428  data: 0.0000  max mem: 2691
      Evaluation: [1300/1978]  eta: 0:00:29    time: 0.0436  data: 0.0000  max mem: 2691
      Evaluation: [1400/1978]  eta: 0:00:25    time: 0.0447  data: 0.0000  max mem: 2691
      Evaluation: [1500/1978]  eta: 0:00:20    time: 0.0457  data: 0.0000  max mem: 2691
      Evaluation: [1600/1978]  eta: 0:00:16    time: 0.0497  data: 0.0000  max mem: 2691
      Evaluation: [1700/1978]  eta: 0:00:12    time: 0.0449  data: 0.0000  max mem: 2691
      Evaluation: [1800/1978]  eta: 0:00:07    time: 0.0447  data: 0.0000  max mem: 2691
      Evaluation: [1900/1978]  eta: 0:00:03    time: 0.0479  data: 0.0000  max mem: 2691
      Evaluation: [1977/1978]  eta: 0:00:00    time: 0.0431  data: 0.0000  max mem: 2691
      Evaluation: Total time: 0:01:27 (0.0443 s / it)
     Computing matching score time 0:01:27
### TTA ITM Score: 
+-------------------+--------+--------+--------+--------+--------+
|       epoch       |   R1   |   R5   |  R10   |  mAP   |  mINP  |
+-------------------+--------+--------+--------+--------+--------+
|        -999       | 69.414 | 95.197 | 97.776 | 81.233 | 81.233 |
|        -999       | 84.277 | 99.039 | 99.596 | 91.276 | 91.276 |
|  cos_sim_wo/norm  | 58.544 | 91.860 | 95.703 | 73.596 | 73.596 |
|        -999       | 69.414 | 95.197 | 97.776 | 81.233 | 81.233 |
| itm_score_wo/norm | 84.328 | 98.989 | 99.494 | 91.293 | 91.293 |
|        -999       | 84.277 | 99.039 | 99.596 | 91.276 | 91.276 |
|         0         | 84.328 | 99.039 | 99.596 | 91.301 | 91.301 |
|         1         | 84.277 | 99.039 | 99.596 | 91.285 | 91.285 |
+-------------------+--------+--------+--------+--------+--------+
     logs:  {'epo': 1, 'R1': np.float32(84.277), 'R5': np.float32(99.039), 'R10': np.float32(99.596), 'mAP': np.float32(91.285), 'mINP': np.float32(91.285), 'entropy': 0.393652, 'uncertainty': 1.0, 'uncertainty_coeffi': 1.0, 'loss': 0.393652, 'lr': 4e-06}
      TTA Epoch: [2] [  0/122]  eta: 0:01:00  entropy: 0.3388  uncertainty: 1.0000  uncertainty_coeffi: 1.0000  loss: 0.3388  lr: 0.000005  time: 0.4951  data: 0.4392  max mem: 2691
      TTA Epoch: [2] [100/122]  eta: 0:00:00  entropy: 0.4149  uncertainty: 1.0000  uncertainty_coeffi: 1.0000  loss: 0.4149  lr: 0.000007  time: 0.0396  data: 0.0005  max mem: 2691
      TTA Epoch: [2] [121/122]  eta: 0:00:00  entropy: 0.2663  uncertainty: 1.0000  uncertainty_coeffi: 1.0000  loss: 0.2663  lr: 0.000007  time: 0.0361  data: 0.0002  max mem: 2691
      TTA Epoch: [2] Total time: 0:00:05 (0.0437 s / it)
     Averaged stats: entropy: 0.3850  uncertainty: 1.0000  uncertainty_coeffi: 1.0000  loss: 0.3850  lr: 0.0000
     itm tta time 0:00:05
     Computing matching score
      Evaluation: [   0/1978]  eta: 0:01:29    time: 0.0455  data: 0.0033  max mem: 2691
      Evaluation: [ 100/1978]  eta: 0:01:16    time: 0.0409  data: 0.0000  max mem: 2691
      Evaluation: [ 200/1978]  eta: 0:01:14    time: 0.0429  data: 0.0000  max mem: 2691
      Evaluation: [ 300/1978]  eta: 0:01:11    time: 0.0426  data: 0.0000  max mem: 2691
      Evaluation: [ 400/1978]  eta: 0:01:06    time: 0.0405  data: 0.0000  max mem: 2691
      Evaluation: [ 500/1978]  eta: 0:01:02    time: 0.0430  data: 0.0000  max mem: 2691
      Evaluation: [ 600/1978]  eta: 0:00:58    time: 0.0432  data: 0.0000  max mem: 2691
      Evaluation: [ 700/1978]  eta: 0:00:54    time: 0.0429  data: 0.0000  max mem: 2691
      Evaluation: [ 800/1978]  eta: 0:00:50    time: 0.0427  data: 0.0000  max mem: 2691
      Evaluation: [ 900/1978]  eta: 0:00:45    time: 0.0441  data: 0.0000  max mem: 2691
      Evaluation: [1000/1978]  eta: 0:00:41    time: 0.0428  data: 0.0000  max mem: 2691
      Evaluation: [1100/1978]  eta: 0:00:37    time: 0.0439  data: 0.0000  max mem: 2691
      Evaluation: [1200/1978]  eta: 0:00:33    time: 0.0440  data: 0.0000  max mem: 2691
      Evaluation: [1300/1978]  eta: 0:00:29    time: 0.0448  data: 0.0000  max mem: 2691
      Evaluation: [1400/1978]  eta: 0:00:24    time: 0.0445  data: 0.0000  max mem: 2691
      Evaluation: [1500/1978]  eta: 0:00:20    time: 0.0447  data: 0.0000  max mem: 2691
      Evaluation: [1600/1978]  eta: 0:00:16    time: 0.0434  data: 0.0000  max mem: 2691
      Evaluation: [1700/1978]  eta: 0:00:12    time: 0.0436  data: 0.0000  max mem: 2691
      Evaluation: [1800/1978]  eta: 0:00:07    time: 0.0435  data: 0.0000  max mem: 2691
      Evaluation: [1900/1978]  eta: 0:00:03    time: 0.0440  data: 0.0000  max mem: 2691
      Evaluation: [1977/1978]  eta: 0:00:00    time: 0.0433  data: 0.0000  max mem: 2691
      Evaluation: Total time: 0:01:25 (0.0434 s / it)
     Computing matching score time 0:01:26
### TTA ITM Score: 
+-------------------+--------+--------+--------+--------+--------+
|       epoch       |   R1   |   R5   |  R10   |  mAP   |  mINP  |
+-------------------+--------+--------+--------+--------+--------+
|        -999       | 69.414 | 95.197 | 97.776 | 81.233 | 81.233 |
|        -999       | 84.277 | 99.039 | 99.596 | 91.276 | 91.276 |
|  cos_sim_wo/norm  | 58.544 | 91.860 | 95.703 | 73.596 | 73.596 |
|        -999       | 69.414 | 95.197 | 97.776 | 81.233 | 81.233 |
| itm_score_wo/norm | 84.328 | 98.989 | 99.494 | 91.293 | 91.293 |
|        -999       | 84.277 | 99.039 | 99.596 | 91.276 | 91.276 |
|         0         | 84.328 | 99.039 | 99.596 | 91.301 | 91.301 |
|         1         | 84.277 | 99.039 | 99.596 | 91.285 | 91.285 |
|         2         | 84.429 | 99.039 | 99.596 | 91.352 | 91.352 |
+-------------------+--------+--------+--------+--------+--------+
     logs:  {'epo': 2, 'R1': np.float32(84.429), 'R5': np.float32(99.039), 'R10': np.float32(99.596), 'mAP': np.float32(91.352), 'mINP': np.float32(91.352), 'entropy': 0.385023, 'uncertainty': 1.0, 'uncertainty_coeffi': 1.0, 'loss': 0.385023, 'lr': 6e-06}
      TTA Epoch: [3] [  0/122]  eta: 0:00:53  entropy: 0.3249  uncertainty: 1.0000  uncertainty_coeffi: 1.0000  loss: 0.3249  lr: 0.000007  time: 0.4375  data: 0.3856  max mem: 2691
      TTA Epoch: [3] [100/122]  eta: 0:00:00  entropy: 0.3586  uncertainty: 1.0000  uncertainty_coeffi: 1.0000  loss: 0.3586  lr: 0.000009  time: 0.0364  data: 0.0001  max mem: 2691
      TTA Epoch: [3] [121/122]  eta: 0:00:00  entropy: 0.3629  uncertainty: 1.0000  uncertainty_coeffi: 1.0000  loss: 0.3629  lr: 0.000010  time: 0.0334  data: 0.0001  max mem: 2691
      TTA Epoch: [3] Total time: 0:00:04 (0.0393 s / it)
     Averaged stats: entropy: 0.3723  uncertainty: 1.0000  uncertainty_coeffi: 1.0000  loss: 0.3723  lr: 0.0000
     itm tta time 0:00:04
      TTA Epoch: [4] [  0/122]  eta: 0:00:51  entropy: 0.2330  uncertainty: 1.0000  uncertainty_coeffi: 1.0000  loss: 0.2330  lr: 0.000010  time: 0.4231  data: 0.3748  max mem: 2691
      TTA Epoch: [4] [100/122]  eta: 0:00:00  entropy: 0.3245  uncertainty: 1.0000  uncertainty_coeffi: 1.0000  loss: 0.3245  lr: 0.000010  time: 0.0459  data: 0.0083  max mem: 2691
      TTA Epoch: [4] [121/122]  eta: 0:00:00  entropy: 0.2955  uncertainty: 1.0000  uncertainty_coeffi: 1.0000  loss: 0.2955  lr: 0.000010  time: 0.0383  data: 0.0025  max mem: 2691
      TTA Epoch: [4] Total time: 0:00:05 (0.0422 s / it)
     Averaged stats: entropy: 0.3639  uncertainty: 1.0000  uncertainty_coeffi: 1.0000  loss: 0.3639  lr: 0.0000
     itm tta time 0:00:05
     Computing matching score
      Evaluation: [   0/1978]  eta: 0:01:37    time: 0.0494  data: 0.0033  max mem: 2691
      Evaluation: [ 100/1978]  eta: 0:01:22    time: 0.0433  data: 0.0000  max mem: 2691
      Evaluation: [ 200/1978]  eta: 0:01:18    time: 0.0443  data: 0.0000  max mem: 2691
      Evaluation: [ 300/1978]  eta: 0:01:15    time: 0.0448  data: 0.0000  max mem: 2691
      Evaluation: [ 400/1978]  eta: 0:01:10    time: 0.0449  data: 0.0000  max mem: 2691
      Evaluation: [ 500/1978]  eta: 0:01:06    time: 0.0442  data: 0.0000  max mem: 2691
      Evaluation: [ 600/1978]  eta: 0:01:01    time: 0.0443  data: 0.0000  max mem: 2691
      Evaluation: [ 700/1978]  eta: 0:00:57    time: 0.0439  data: 0.0000  max mem: 2691
      Evaluation: [ 800/1978]  eta: 0:00:52    time: 0.0445  data: 0.0000  max mem: 2691
      Evaluation: [ 900/1978]  eta: 0:00:48    time: 0.0461  data: 0.0000  max mem: 2691
      Evaluation: [1000/1978]  eta: 0:00:43    time: 0.0440  data: 0.0000  max mem: 2691
      Evaluation: [1100/1978]  eta: 0:00:39    time: 0.0461  data: 0.0000  max mem: 2691
      Evaluation: [1200/1978]  eta: 0:00:34    time: 0.0438  data: 0.0000  max mem: 2691
      Evaluation: [1300/1978]  eta: 0:00:30    time: 0.0434  data: 0.0000  max mem: 2691
      Evaluation: [1400/1978]  eta: 0:00:25    time: 0.0441  data: 0.0000  max mem: 2691
      Evaluation: [1500/1978]  eta: 0:00:21    time: 0.0434  data: 0.0000  max mem: 2691
      Evaluation: [1600/1978]  eta: 0:00:16    time: 0.0442  data: 0.0000  max mem: 2691
      Evaluation: [1700/1978]  eta: 0:00:12    time: 0.0410  data: 0.0000  max mem: 2691
      Evaluation: [1800/1978]  eta: 0:00:07    time: 0.0438  data: 0.0000  max mem: 2691
      Evaluation: [1900/1978]  eta: 0:00:03    time: 0.0438  data: 0.0000  max mem: 2691
      Evaluation: [1977/1978]  eta: 0:00:00    time: 0.0441  data: 0.0000  max mem: 2691
      Evaluation: Total time: 0:01:28 (0.0445 s / it)
     Computing matching score time 0:01:28
### TTA ITM Score: 
+-------------------+--------+--------+--------+--------+--------+
|       epoch       |   R1   |   R5   |  R10   |  mAP   |  mINP  |
+-------------------+--------+--------+--------+--------+--------+
|        -999       | 69.414 | 95.197 | 97.776 | 81.233 | 81.233 |
|        -999       | 84.277 | 99.039 | 99.596 | 91.276 | 91.276 |
|  cos_sim_wo/norm  | 58.544 | 91.860 | 95.703 | 73.596 | 73.596 |
|        -999       | 69.414 | 95.197 | 97.776 | 81.233 | 81.233 |
| itm_score_wo/norm | 84.328 | 98.989 | 99.494 | 91.293 | 91.293 |
|        -999       | 84.277 | 99.039 | 99.596 | 91.276 | 91.276 |
|         0         | 84.328 | 99.039 | 99.596 | 91.301 | 91.301 |
|         1         | 84.277 | 99.039 | 99.596 | 91.285 | 91.285 |
|         2         | 84.429 | 99.039 | 99.596 | 91.352 | 91.352 |
|         4         | 84.783 | 99.039 | 99.596 | 91.520 | 91.520 |
+-------------------+--------+--------+--------+--------+--------+
     logs:  {'epo': 4, 'R1': np.float32(84.783), 'R5': np.float32(99.039), 'R10': np.float32(99.596), 'mAP': np.float32(91.52), 'mINP': np.float32(91.52), 'entropy': 0.363873, 'uncertainty': 1.0, 'uncertainty_coeffi': 1.0, 'loss': 0.363873, 'lr': 1e-05}
      TTA Epoch: [5] [  0/122]  eta: 0:00:59  entropy: 0.1121  uncertainty: 1.0000  uncertainty_coeffi: 1.0000  loss: 0.1121  lr: 0.000010  time: 0.4850  data: 0.4290  max mem: 2691
      TTA Epoch: [5] [100/122]  eta: 0:00:01  entropy: 0.3756  uncertainty: 1.0000  uncertainty_coeffi: 1.0000  loss: 0.3756  lr: 0.000010  time: 0.0392  data: 0.0001  max mem: 2691
      TTA Epoch: [5] [121/122]  eta: 0:00:00  entropy: 0.5465  uncertainty: 1.0000  uncertainty_coeffi: 1.0000  loss: 0.5465  lr: 0.000010  time: 0.0359  data: 0.0001  max mem: 2691
      TTA Epoch: [5] Total time: 0:00:05 (0.0443 s / it)
     Averaged stats: entropy: 0.3490  uncertainty: 1.0000  uncertainty_coeffi: 1.0000  loss: 0.3490  lr: 0.0000
     itm tta time 0:00:05
      TTA Epoch: [6] [  0/122]  eta: 0:00:56  entropy: 0.4424  uncertainty: 1.0000  uncertainty_coeffi: 1.0000  loss: 0.4424  lr: 0.000010  time: 0.4661  data: 0.4147  max mem: 2691
      TTA Epoch: [6] [100/122]  eta: 0:00:00  entropy: 0.3491  uncertainty: 1.0000  uncertainty_coeffi: 1.0000  loss: 0.3491  lr: 0.000010  time: 0.0412  data: 0.0001  max mem: 2691
      TTA Epoch: [6] [121/122]  eta: 0:00:00  entropy: 0.2911  uncertainty: 1.0000  uncertainty_coeffi: 1.0000  loss: 0.2911  lr: 0.000009  time: 0.0360  data: 0.0001  max mem: 2691
      TTA Epoch: [6] Total time: 0:00:05 (0.0433 s / it)
     Averaged stats: entropy: 0.3382  uncertainty: 1.0000  uncertainty_coeffi: 1.0000  loss: 0.3382  lr: 0.0000
     itm tta time 0:00:05
      TTA Epoch: [7] [  0/122]  eta: 0:00:57  entropy: 0.3710  uncertainty: 1.0000  uncertainty_coeffi: 1.0000  loss: 0.3710  lr: 0.000009  time: 0.4698  data: 0.4140  max mem: 2691
      TTA Epoch: [7] [100/122]  eta: 0:00:01  entropy: 0.3465  uncertainty: 1.0000  uncertainty_coeffi: 1.0000  loss: 0.3465  lr: 0.000009  time: 0.0418  data: 0.0002  max mem: 2691
      TTA Epoch: [7] [121/122]  eta: 0:00:00  entropy: 0.3495  uncertainty: 1.0000  uncertainty_coeffi: 1.0000  loss: 0.3495  lr: 0.000009  time: 0.0378  data: 0.0002  max mem: 2691
      TTA Epoch: [7] Total time: 0:00:05 (0.0477 s / it)
     Averaged stats: entropy: 0.3308  uncertainty: 1.0000  uncertainty_coeffi: 1.0000  loss: 0.3308  lr: 0.0000
     itm tta time 0:00:05
      TTA Epoch: [8] [  0/122]  eta: 0:00:58  entropy: 0.3966  uncertainty: 1.0000  uncertainty_coeffi: 1.0000  loss: 0.3966  lr: 0.000009  time: 0.4824  data: 0.4174  max mem: 2691
      TTA Epoch: [8] [100/122]  eta: 0:00:00  entropy: 0.4286  uncertainty: 1.0000  uncertainty_coeffi: 1.0000  loss: 0.4286  lr: 0.000009  time: 0.0360  data: 0.0001  max mem: 2691
      TTA Epoch: [8] [121/122]  eta: 0:00:00  entropy: 0.5832  uncertainty: 1.0000  uncertainty_coeffi: 1.0000  loss: 0.5832  lr: 0.000009  time: 0.0380  data: 0.0002  max mem: 2691
      TTA Epoch: [8] Total time: 0:00:05 (0.0433 s / it)
     Averaged stats: entropy: 0.3235  uncertainty: 1.0000  uncertainty_coeffi: 1.0000  loss: 0.3235  lr: 0.0000
     itm tta time 0:00:05
      TTA Epoch: [9] [  0/122]  eta: 0:01:01  entropy: 0.3481  uncertainty: 1.0000  uncertainty_coeffi: 1.0000  loss: 0.3481  lr: 0.000009  time: 0.5060  data: 0.4471  max mem: 2691
      TTA Epoch: [9] [100/122]  eta: 0:00:01  entropy: 0.3766  uncertainty: 1.0000  uncertainty_coeffi: 1.0000  loss: 0.3766  lr: 0.000009  time: 0.0364  data: 0.0001  max mem: 2691
      TTA Epoch: [9] [121/122]  eta: 0:00:00  entropy: 0.4859  uncertainty: 1.0000  uncertainty_coeffi: 1.0000  loss: 0.4859  lr: 0.000009  time: 0.0333  data: 0.0001  max mem: 2691
      TTA Epoch: [9] Total time: 0:00:05 (0.0435 s / it)
     Averaged stats: entropy: 0.3108  uncertainty: 1.0000  uncertainty_coeffi: 1.0000  loss: 0.3108  lr: 0.0000
     itm tta time 0:00:05
     Computing matching score
      Evaluation: [   0/1978]  eta: 0:01:51    time: 0.0564  data: 0.0023  max mem: 2691
      Evaluation: [ 100/1978]  eta: 0:01:22    time: 0.0436  data: 0.0000  max mem: 2691
      Evaluation: [ 200/1978]  eta: 0:01:17    time: 0.0431  data: 0.0000  max mem: 2691
      Evaluation: [ 300/1978]  eta: 0:01:12    time: 0.0440  data: 0.0000  max mem: 2691
      Evaluation: [ 400/1978]  eta: 0:01:08    time: 0.0435  data: 0.0000  max mem: 2691
      Evaluation: [ 500/1978]  eta: 0:01:04    time: 0.0435  data: 0.0000  max mem: 2691
      Evaluation: [ 600/1978]  eta: 0:00:59    time: 0.0425  data: 0.0000  max mem: 2691
      Evaluation: [ 700/1978]  eta: 0:00:55    time: 0.0429  data: 0.0000  max mem: 2691
      Evaluation: [ 800/1978]  eta: 0:00:51    time: 0.0442  data: 0.0000  max mem: 2691
      Evaluation: [ 900/1978]  eta: 0:00:46    time: 0.0441  data: 0.0000  max mem: 2691
      Evaluation: [1000/1978]  eta: 0:00:42    time: 0.0445  data: 0.0000  max mem: 2691
      Evaluation: [1100/1978]  eta: 0:00:38    time: 0.0455  data: 0.0000  max mem: 2691
      Evaluation: [1200/1978]  eta: 0:00:34    time: 0.0452  data: 0.0000  max mem: 2691
      Evaluation: [1300/1978]  eta: 0:00:29    time: 0.0417  data: 0.0000  max mem: 2691
      Evaluation: [1400/1978]  eta: 0:00:25    time: 0.0438  data: 0.0000  max mem: 2691
      Evaluation: [1500/1978]  eta: 0:00:20    time: 0.0437  data: 0.0000  max mem: 2691
      Evaluation: [1600/1978]  eta: 0:00:16    time: 0.0429  data: 0.0000  max mem: 2691
      Evaluation: [1700/1978]  eta: 0:00:12    time: 0.0426  data: 0.0000  max mem: 2691
      Evaluation: [1800/1978]  eta: 0:00:07    time: 0.0444  data: 0.0000  max mem: 2691
      Evaluation: [1900/1978]  eta: 0:00:03    time: 0.0441  data: 0.0000  max mem: 2691
      Evaluation: [1977/1978]  eta: 0:00:00    time: 0.0435  data: 0.0000  max mem: 2691
      Evaluation: Total time: 0:01:26 (0.0437 s / it)
     Computing matching score time 0:01:26
### TTA ITM Score: 
+-------------------+--------+--------+--------+--------+--------+
|       epoch       |   R1   |   R5   |  R10   |  mAP   |  mINP  |
+-------------------+--------+--------+--------+--------+--------+
|        -999       | 69.414 | 95.197 | 97.776 | 81.233 | 81.233 |
|        -999       | 84.277 | 99.039 | 99.596 | 91.276 | 91.276 |
|  cos_sim_wo/norm  | 58.544 | 91.860 | 95.703 | 73.596 | 73.596 |
|        -999       | 69.414 | 95.197 | 97.776 | 81.233 | 81.233 |
| itm_score_wo/norm | 84.328 | 98.989 | 99.494 | 91.293 | 91.293 |
|        -999       | 84.277 | 99.039 | 99.596 | 91.276 | 91.276 |
|         0         | 84.328 | 99.039 | 99.596 | 91.301 | 91.301 |
|         1         | 84.277 | 99.039 | 99.596 | 91.285 | 91.285 |
|         2         | 84.429 | 99.039 | 99.596 | 91.352 | 91.352 |
|         4         | 84.783 | 99.039 | 99.596 | 91.520 | 91.520 |
|         9         | 84.580 | 98.938 | 99.494 | 91.382 | 91.382 |
+-------------------+--------+--------+--------+--------+--------+
     logs:  {'epo': 9, 'R1': np.float32(84.58), 'R5': np.float32(98.938), 'R10': np.float32(99.494), 'mAP': np.float32(91.382), 'mINP': np.float32(91.382), 'entropy': 0.310849, 'uncertainty': 1.0, 'uncertainty_coeffi': 1.0, 'loss': 0.310849, 'lr': 9e-06}
      TTA Epoch: [10] [  0/122]  eta: 0:01:04  entropy: 0.4948  uncertainty: 1.0000  uncertainty_coeffi: 1.0000  loss: 0.4948  lr: 0.000009  time: 0.5297  data: 0.4733  max mem: 2691
      TTA Epoch: [10] [100/122]  eta: 0:00:00  entropy: 0.2303  uncertainty: 1.0000  uncertainty_coeffi: 1.0000  loss: 0.2303  lr: 0.000009  time: 0.0385  data: 0.0001  max mem: 2691
      TTA Epoch: [10] [121/122]  eta: 0:00:00  entropy: 0.2680  uncertainty: 1.0000  uncertainty_coeffi: 1.0000  loss: 0.2680  lr: 0.000009  time: 0.0355  data: 0.0002  max mem: 2691
      TTA Epoch: [10] Total time: 0:00:05 (0.0421 s / it)
     Averaged stats: entropy: 0.3070  uncertainty: 1.0000  uncertainty_coeffi: 1.0000  loss: 0.3070  lr: 0.0000
     itm tta time 0:00:05
      TTA Epoch: [11] [  0/122]  eta: 0:00:58  entropy: 0.2113  uncertainty: 1.0000  uncertainty_coeffi: 1.0000  loss: 0.2113  lr: 0.000009  time: 0.4757  data: 0.4236  max mem: 2691
      TTA Epoch: [11] [100/122]  eta: 0:00:00  entropy: 0.3131  uncertainty: 1.0000  uncertainty_coeffi: 1.0000  loss: 0.3131  lr: 0.000009  time: 0.0392  data: 0.0002  max mem: 2691
      TTA Epoch: [11] [121/122]  eta: 0:00:00  entropy: 0.2598  uncertainty: 1.0000  uncertainty_coeffi: 1.0000  loss: 0.2598  lr: 0.000009  time: 0.0358  data: 0.0001  max mem: 2691
      TTA Epoch: [11] Total time: 0:00:05 (0.0425 s / it)
     Averaged stats: entropy: 0.3022  uncertainty: 1.0000  uncertainty_coeffi: 1.0000  loss: 0.3022  lr: 0.0000
     itm tta time 0:00:05
      TTA Epoch: [12] [  0/122]  eta: 0:00:58  entropy: 0.2496  uncertainty: 1.0000  uncertainty_coeffi: 1.0000  loss: 0.2496  lr: 0.000009  time: 0.4755  data: 0.4199  max mem: 2691
      TTA Epoch: [12] [100/122]  eta: 0:00:00  entropy: 0.2761  uncertainty: 1.0000  uncertainty_coeffi: 1.0000  loss: 0.2761  lr: 0.000008  time: 0.0404  data: 0.0002  max mem: 2691
      TTA Epoch: [12] [121/122]  eta: 0:00:00  entropy: 0.3909  uncertainty: 1.0000  uncertainty_coeffi: 1.0000  loss: 0.3909  lr: 0.000008  time: 0.0364  data: 0.0001  max mem: 2691
      TTA Epoch: [12] Total time: 0:00:05 (0.0433 s / it)
     Averaged stats: entropy: 0.2963  uncertainty: 1.0000  uncertainty_coeffi: 1.0000  loss: 0.2963  lr: 0.0000
     itm tta time 0:00:05
      TTA Epoch: [13] [  0/122]  eta: 0:00:56  entropy: 0.3249  uncertainty: 1.0000  uncertainty_coeffi: 1.0000  loss: 0.3249  lr: 0.000008  time: 0.4617  data: 0.4086  max mem: 2691
      TTA Epoch: [13] [100/122]  eta: 0:00:00  entropy: 0.1614  uncertainty: 1.0000  uncertainty_coeffi: 1.0000  loss: 0.1614  lr: 0.000008  time: 0.0413  data: 0.0002  max mem: 2691
      TTA Epoch: [13] [121/122]  eta: 0:00:00  entropy: 0.3034  uncertainty: 1.0000  uncertainty_coeffi: 1.0000  loss: 0.3034  lr: 0.000008  time: 0.0392  data: 0.0002  max mem: 2691
      TTA Epoch: [13] Total time: 0:00:05 (0.0430 s / it)
     Averaged stats: entropy: 0.2910  uncertainty: 1.0000  uncertainty_coeffi: 1.0000  loss: 0.2910  lr: 0.0000
     itm tta time 0:00:05
      TTA Epoch: [14] [  0/122]  eta: 0:01:11  entropy: 0.3812  uncertainty: 1.0000  uncertainty_coeffi: 1.0000  loss: 0.3812  lr: 0.000008  time: 0.5837  data: 0.5271  max mem: 2691
      TTA Epoch: [14] [100/122]  eta: 0:00:01  entropy: 0.2273  uncertainty: 1.0000  uncertainty_coeffi: 1.0000  loss: 0.2273  lr: 0.000008  time: 0.0432  data: 0.0001  max mem: 2691
      TTA Epoch: [14] [121/122]  eta: 0:00:00  entropy: 0.1773  uncertainty: 1.0000  uncertainty_coeffi: 1.0000  loss: 0.1773  lr: 0.000008  time: 0.0382  data: 0.0003  max mem: 2691
      TTA Epoch: [14] Total time: 0:00:05 (0.0478 s / it)
     Averaged stats: entropy: 0.2890  uncertainty: 1.0000  uncertainty_coeffi: 1.0000  loss: 0.2890  lr: 0.0000
     itm tta time 0:00:05
     Computing matching score
      Evaluation: [   0/1978]  eta: 0:01:33    time: 0.0471  data: 0.0035  max mem: 2691
      Evaluation: [ 100/1978]  eta: 0:01:25    time: 0.0467  data: 0.0000  max mem: 2691
      Evaluation: [ 200/1978]  eta: 0:01:20    time: 0.0432  data: 0.0000  max mem: 2691
      Evaluation: [ 300/1978]  eta: 0:01:15    time: 0.0445  data: 0.0000  max mem: 2691
      Evaluation: [ 400/1978]  eta: 0:01:12    time: 0.0491  data: 0.0000  max mem: 2691
      Evaluation: [ 500/1978]  eta: 0:01:07    time: 0.0444  data: 0.0000  max mem: 2691
      Evaluation: [ 600/1978]  eta: 0:01:03    time: 0.0438  data: 0.0000  max mem: 2691
      Evaluation: [ 700/1978]  eta: 0:00:58    time: 0.0450  data: 0.0000  max mem: 2691
      Evaluation: [ 800/1978]  eta: 0:00:53    time: 0.0444  data: 0.0000  max mem: 2691
      Evaluation: [ 900/1978]  eta: 0:00:48    time: 0.0442  data: 0.0000  max mem: 2691
      Evaluation: [1000/1978]  eta: 0:00:44    time: 0.0453  data: 0.0000  max mem: 2691
      Evaluation: [1100/1978]  eta: 0:00:39    time: 0.0438  data: 0.0000  max mem: 2691
      Evaluation: [1200/1978]  eta: 0:00:35    time: 0.0432  data: 0.0000  max mem: 2691
      Evaluation: [1300/1978]  eta: 0:00:30    time: 0.0429  data: 0.0000  max mem: 2691
      Evaluation: [1400/1978]  eta: 0:00:25    time: 0.0434  data: 0.0000  max mem: 2691
      Evaluation: [1500/1978]  eta: 0:00:21    time: 0.0432  data: 0.0000  max mem: 2691
      Evaluation: [1600/1978]  eta: 0:00:16    time: 0.0410  data: 0.0000  max mem: 2691
      Evaluation: [1700/1978]  eta: 0:00:12    time: 0.0450  data: 0.0000  max mem: 2691
      Evaluation: [1800/1978]  eta: 0:00:07    time: 0.0451  data: 0.0000  max mem: 2691
      Evaluation: [1900/1978]  eta: 0:00:03    time: 0.0440  data: 0.0000  max mem: 2691
      Evaluation: [1977/1978]  eta: 0:00:00    time: 0.0438  data: 0.0000  max mem: 2691
      Evaluation: Total time: 0:01:27 (0.0444 s / it)
     Computing matching score time 0:01:28
### TTA ITM Score: 
+-------------------+--------+--------+--------+--------+--------+
|       epoch       |   R1   |   R5   |  R10   |  mAP   |  mINP  |
+-------------------+--------+--------+--------+--------+--------+
|        -999       | 69.414 | 95.197 | 97.776 | 81.233 | 81.233 |
|        -999       | 84.277 | 99.039 | 99.596 | 91.276 | 91.276 |
|  cos_sim_wo/norm  | 58.544 | 91.860 | 95.703 | 73.596 | 73.596 |
|        -999       | 69.414 | 95.197 | 97.776 | 81.233 | 81.233 |
| itm_score_wo/norm | 84.328 | 98.989 | 99.494 | 91.293 | 91.293 |
|        -999       | 84.277 | 99.039 | 99.596 | 91.276 | 91.276 |
|         0         | 84.328 | 99.039 | 99.596 | 91.301 | 91.301 |
|         1         | 84.277 | 99.039 | 99.596 | 91.285 | 91.285 |
|         2         | 84.429 | 99.039 | 99.596 | 91.352 | 91.352 |
|         4         | 84.783 | 99.039 | 99.596 | 91.520 | 91.520 |
|         9         | 84.580 | 98.938 | 99.494 | 91.382 | 91.382 |
|         14        | 84.681 | 98.888 | 99.494 | 91.404 | 91.404 |
+-------------------+--------+--------+--------+--------+--------+
     logs:  {'epo': 14, 'R1': np.float32(84.681), 'R5': np.float32(98.888), 'R10': np.float32(99.494), 'mAP': np.float32(91.404), 'mINP': np.float32(91.404), 'entropy': 0.288953, 'uncertainty': 1.0, 'uncertainty_coeffi': 1.0, 'loss': 0.288953, 'lr': 8e-06}
      TTA Epoch: [15] [  0/122]  eta: 0:01:03  entropy: 0.4378  uncertainty: 1.0000  uncertainty_coeffi: 1.0000  loss: 0.4378  lr: 0.000008  time: 0.5202  data: 0.4649  max mem: 2691
      TTA Epoch: [15] [100/122]  eta: 0:00:01  entropy: 0.2921  uncertainty: 1.0000  uncertainty_coeffi: 1.0000  loss: 0.2921  lr: 0.000008  time: 0.0428  data: 0.0001  max mem: 2691
      TTA Epoch: [15] [121/122]  eta: 0:00:00  entropy: 0.5079  uncertainty: 1.0000  uncertainty_coeffi: 1.0000  loss: 0.5079  lr: 0.000008  time: 0.0385  data: 0.0001  max mem: 2691
      TTA Epoch: [15] Total time: 0:00:05 (0.0462 s / it)
     Averaged stats: entropy: 0.2824  uncertainty: 1.0000  uncertainty_coeffi: 1.0000  loss: 0.2824  lr: 0.0000
     itm tta time 0:00:05
      TTA Epoch: [16] [  0/122]  eta: 0:01:01  entropy: 0.3989  uncertainty: 1.0000  uncertainty_coeffi: 1.0000  loss: 0.3989  lr: 0.000008  time: 0.5061  data: 0.4353  max mem: 2691
      TTA Epoch: [16] [100/122]  eta: 0:00:00  entropy: 0.5239  uncertainty: 1.0000  uncertainty_coeffi: 1.0000  loss: 0.5239  lr: 0.000004  time: 0.0394  data: 0.0002  max mem: 2691
      TTA Epoch: [16] [121/122]  eta: 0:00:00  entropy: 0.0719  uncertainty: 1.0000  uncertainty_coeffi: 1.0000  loss: 0.0719  lr: 0.000004  time: 0.0346  data: 0.0002  max mem: 2691
      TTA Epoch: [16] Total time: 0:00:05 (0.0436 s / it)
     Averaged stats: entropy: 0.2829  uncertainty: 1.0000  uncertainty_coeffi: 1.0000  loss: 0.2829  lr: 0.0000
     itm tta time 0:00:05
      TTA Epoch: [17] [  0/122]  eta: 0:00:58  entropy: 0.2931  uncertainty: 1.0000  uncertainty_coeffi: 1.0000  loss: 0.2931  lr: 0.000004  time: 0.4825  data: 0.4085  max mem: 2691
      TTA Epoch: [17] [100/122]  eta: 0:00:00  entropy: 0.3301  uncertainty: 1.0000  uncertainty_coeffi: 1.0000  loss: 0.3301  lr: 0.000004  time: 0.0389  data: 0.0001  max mem: 2691
      TTA Epoch: [17] [121/122]  eta: 0:00:00  entropy: 0.1823  uncertainty: 1.0000  uncertainty_coeffi: 1.0000  loss: 0.1823  lr: 0.000004  time: 0.0352  data: 0.0001  max mem: 2691
      TTA Epoch: [17] Total time: 0:00:05 (0.0420 s / it)
     Averaged stats: entropy: 0.2793  uncertainty: 1.0000  uncertainty_coeffi: 1.0000  loss: 0.2793  lr: 0.0000
     itm tta time 0:00:05
      TTA Epoch: [18] [  0/122]  eta: 0:00:57  entropy: 0.2562  uncertainty: 1.0000  uncertainty_coeffi: 1.0000  loss: 0.2562  lr: 0.000004  time: 0.4675  data: 0.4120  max mem: 2691
      TTA Epoch: [18] [100/122]  eta: 0:00:00  entropy: 0.2566  uncertainty: 1.0000  uncertainty_coeffi: 1.0000  loss: 0.2566  lr: 0.000004  time: 0.0386  data: 0.0001  max mem: 2691
      TTA Epoch: [18] [121/122]  eta: 0:00:00  entropy: 0.2143  uncertainty: 1.0000  uncertainty_coeffi: 1.0000  loss: 0.2143  lr: 0.000004  time: 0.0361  data: 0.0002  max mem: 2691
      TTA Epoch: [18] Total time: 0:00:05 (0.0428 s / it)
     Averaged stats: entropy: 0.2789  uncertainty: 1.0000  uncertainty_coeffi: 1.0000  loss: 0.2789  lr: 0.0000
     itm tta time 0:00:05
      TTA Epoch: [19] [  0/122]  eta: 0:00:58  entropy: 0.1621  uncertainty: 1.0000  uncertainty_coeffi: 1.0000  loss: 0.1621  lr: 0.000004  time: 0.4778  data: 0.4265  max mem: 2691
      TTA Epoch: [19] [100/122]  eta: 0:00:00  entropy: 0.2574  uncertainty: 1.0000  uncertainty_coeffi: 1.0000  loss: 0.2574  lr: 0.000004  time: 0.0428  data: 0.0001  max mem: 2691
      TTA Epoch: [19] [121/122]  eta: 0:00:00  entropy: 0.3361  uncertainty: 1.0000  uncertainty_coeffi: 1.0000  loss: 0.3361  lr: 0.000004  time: 0.0385  data: 0.0001  max mem: 2691
      TTA Epoch: [19] Total time: 0:00:05 (0.0434 s / it)
     Averaged stats: entropy: 0.2740  uncertainty: 1.0000  uncertainty_coeffi: 1.0000  loss: 0.2740  lr: 0.0000
     itm tta time 0:00:05
     Computing matching score
      Evaluation: [   0/1978]  eta: 0:02:14    time: 0.0680  data: 0.0030  max mem: 2691
      Evaluation: [ 100/1978]  eta: 0:01:22    time: 0.0440  data: 0.0000  max mem: 2691
      Evaluation: [ 200/1978]  eta: 0:01:18    time: 0.0445  data: 0.0000  max mem: 2691
      Evaluation: [ 300/1978]  eta: 0:01:13    time: 0.0422  data: 0.0000  max mem: 2691
      Evaluation: [ 400/1978]  eta: 0:01:09    time: 0.0445  data: 0.0000  max mem: 2691
      Evaluation: [ 500/1978]  eta: 0:01:05    time: 0.0469  data: 0.0000  max mem: 2691
      Evaluation: [ 600/1978]  eta: 0:01:00    time: 0.0475  data: 0.0000  max mem: 2691
      Evaluation: [ 700/1978]  eta: 0:00:56    time: 0.0426  data: 0.0000  max mem: 2691
      Evaluation: [ 800/1978]  eta: 0:00:51    time: 0.0431  data: 0.0000  max mem: 2691
      Evaluation: [ 900/1978]  eta: 0:00:47    time: 0.0426  data: 0.0000  max mem: 2691
      Evaluation: [1000/1978]  eta: 0:00:42    time: 0.0394  data: 0.0000  max mem: 2691
      Evaluation: [1100/1978]  eta: 0:00:38    time: 0.0395  data: 0.0000  max mem: 2691
      Evaluation: [1200/1978]  eta: 0:00:33    time: 0.0399  data: 0.0000  max mem: 2691
      Evaluation: [1300/1978]  eta: 0:00:29    time: 0.0397  data: 0.0000  max mem: 2691
      Evaluation: [1400/1978]  eta: 0:00:24    time: 0.0399  data: 0.0000  max mem: 2691
      Evaluation: [1500/1978]  eta: 0:00:20    time: 0.0390  data: 0.0000  max mem: 2691
      Evaluation: [1600/1978]  eta: 0:00:15    time: 0.0396  data: 0.0000  max mem: 2691
      Evaluation: [1700/1978]  eta: 0:00:11    time: 0.0393  data: 0.0000  max mem: 2691
      Evaluation: [1800/1978]  eta: 0:00:07    time: 0.0393  data: 0.0000  max mem: 2691
      Evaluation: [1900/1978]  eta: 0:00:03    time: 0.0390  data: 0.0000  max mem: 2691
      Evaluation: [1977/1978]  eta: 0:00:00    time: 0.0392  data: 0.0000  max mem: 2691
      Evaluation: Total time: 0:01:22 (0.0416 s / it)
     Computing matching score time 0:01:22
### TTA ITM Score: 
+-------------------+--------+--------+--------+--------+--------+
|       epoch       |   R1   |   R5   |  R10   |  mAP   |  mINP  |
+-------------------+--------+--------+--------+--------+--------+
|        -999       | 69.414 | 95.197 | 97.776 | 81.233 | 81.233 |
|        -999       | 84.277 | 99.039 | 99.596 | 91.276 | 91.276 |
|  cos_sim_wo/norm  | 58.544 | 91.860 | 95.703 | 73.596 | 73.596 |
|        -999       | 69.414 | 95.197 | 97.776 | 81.233 | 81.233 |
| itm_score_wo/norm | 84.328 | 98.989 | 99.494 | 91.293 | 91.293 |
|        -999       | 84.277 | 99.039 | 99.596 | 91.276 | 91.276 |
|         0         | 84.328 | 99.039 | 99.596 | 91.301 | 91.301 |
|         1         | 84.277 | 99.039 | 99.596 | 91.285 | 91.285 |
|         2         | 84.429 | 99.039 | 99.596 | 91.352 | 91.352 |
|         4         | 84.783 | 99.039 | 99.596 | 91.520 | 91.520 |
|         9         | 84.580 | 98.938 | 99.494 | 91.382 | 91.382 |
|         14        | 84.681 | 98.888 | 99.494 | 91.404 | 91.404 |
|         19        | 84.580 | 98.837 | 99.494 | 91.353 | 91.353 |
+-------------------+--------+--------+--------+--------+--------+
     logs:  {'epo': 19, 'R1': np.float32(84.58), 'R5': np.float32(98.837), 'R10': np.float32(99.494), 'mAP': np.float32(91.352), 'mINP': np.float32(91.352), 'entropy': 0.274045, 'uncertainty': 1.0, 'uncertainty_coeffi': 1.0, 'loss': 0.274045, 'lr': 4e-06}
      TTA Epoch: [20] [  0/122]  eta: 0:00:50  entropy: 0.2885  uncertainty: 1.0000  uncertainty_coeffi: 1.0000  loss: 0.2885  lr: 0.000004  time: 0.4148  data: 0.3670  max mem: 2691
      TTA Epoch: [20] [100/122]  eta: 0:00:00  entropy: 0.1119  uncertainty: 1.0000  uncertainty_coeffi: 1.0000  loss: 0.1119  lr: 0.000004  time: 0.0343  data: 0.0001  max mem: 2691
      TTA Epoch: [20] [121/122]  eta: 0:00:00  entropy: 0.3313  uncertainty: 1.0000  uncertainty_coeffi: 1.0000  loss: 0.3313  lr: 0.000004  time: 0.0332  data: 0.0005  max mem: 2691
      TTA Epoch: [20] Total time: 0:00:04 (0.0378 s / it)
     Averaged stats: entropy: 0.2776  uncertainty: 1.0000  uncertainty_coeffi: 1.0000  loss: 0.2776  lr: 0.0000
     itm tta time 0:00:04
      TTA Epoch: [21] [  0/122]  eta: 0:00:49  entropy: 0.2606  uncertainty: 1.0000  uncertainty_coeffi: 1.0000  loss: 0.2606  lr: 0.000004  time: 0.4092  data: 0.3627  max mem: 2691
      TTA Epoch: [21] [100/122]  eta: 0:00:00  entropy: 0.1813  uncertainty: 1.0000  uncertainty_coeffi: 1.0000  loss: 0.1813  lr: 0.000003  time: 0.0347  data: 0.0001  max mem: 2691
      TTA Epoch: [21] [121/122]  eta: 0:00:00  entropy: 0.2147  uncertainty: 1.0000  uncertainty_coeffi: 1.0000  loss: 0.2147  lr: 0.000003  time: 0.0319  data: 0.0001  max mem: 2691
      TTA Epoch: [21] Total time: 0:00:04 (0.0373 s / it)
     Averaged stats: entropy: 0.2720  uncertainty: 1.0000  uncertainty_coeffi: 1.0000  loss: 0.2720  lr: 0.0000
     itm tta time 0:00:04
      TTA Epoch: [22] [  0/122]  eta: 0:00:49  entropy: 0.1904  uncertainty: 1.0000  uncertainty_coeffi: 1.0000  loss: 0.1904  lr: 0.000003  time: 0.4040  data: 0.3571  max mem: 2691
      TTA Epoch: [22] [100/122]  eta: 0:00:00  entropy: 0.2470  uncertainty: 1.0000  uncertainty_coeffi: 1.0000  loss: 0.2470  lr: 0.000003  time: 0.0348  data: 0.0001  max mem: 2691
      TTA Epoch: [22] [121/122]  eta: 0:00:00  entropy: 0.3391  uncertainty: 1.0000  uncertainty_coeffi: 1.0000  loss: 0.3391  lr: 0.000003  time: 0.0311  data: 0.0001  max mem: 2691
      TTA Epoch: [22] Total time: 0:00:04 (0.0363 s / it)
     Averaged stats: entropy: 0.2664  uncertainty: 1.0000  uncertainty_coeffi: 1.0000  loss: 0.2664  lr: 0.0000
     itm tta time 0:00:04
      TTA Epoch: [23] [  0/122]  eta: 0:00:48  entropy: 0.2344  uncertainty: 1.0000  uncertainty_coeffi: 1.0000  loss: 0.2344  lr: 0.000003  time: 0.3992  data: 0.3529  max mem: 2691
      TTA Epoch: [23] [100/122]  eta: 0:00:00  entropy: 0.1485  uncertainty: 1.0000  uncertainty_coeffi: 1.0000  loss: 0.1485  lr: 0.000003  time: 0.0331  data: 0.0001  max mem: 2691
      TTA Epoch: [23] [121/122]  eta: 0:00:00  entropy: 0.1928  uncertainty: 1.0000  uncertainty_coeffi: 1.0000  loss: 0.1928  lr: 0.000003  time: 0.0310  data: 0.0001  max mem: 2691
      TTA Epoch: [23] Total time: 0:00:04 (0.0360 s / it)
     Averaged stats: entropy: 0.2723  uncertainty: 1.0000  uncertainty_coeffi: 1.0000  loss: 0.2723  lr: 0.0000
     itm tta time 0:00:04
      TTA Epoch: [24] [  0/122]  eta: 0:00:48  entropy: 0.3119  uncertainty: 1.0000  uncertainty_coeffi: 1.0000  loss: 0.3119  lr: 0.000003  time: 0.4014  data: 0.3549  max mem: 2691
      TTA Epoch: [24] [100/122]  eta: 0:00:00  entropy: 0.2918  uncertainty: 1.0000  uncertainty_coeffi: 1.0000  loss: 0.2918  lr: 0.000003  time: 0.0331  data: 0.0001  max mem: 2691
      TTA Epoch: [24] [121/122]  eta: 0:00:00  entropy: 0.2594  uncertainty: 1.0000  uncertainty_coeffi: 1.0000  loss: 0.2594  lr: 0.000003  time: 0.0308  data: 0.0001  max mem: 2691
      TTA Epoch: [24] Total time: 0:00:04 (0.0359 s / it)
     Averaged stats: entropy: 0.2645  uncertainty: 1.0000  uncertainty_coeffi: 1.0000  loss: 0.2645  lr: 0.0000
     itm tta time 0:00:04
      TTA Epoch: [25] [  0/122]  eta: 0:00:49  entropy: 0.2099  uncertainty: 1.0000  uncertainty_coeffi: 1.0000  loss: 0.2099  lr: 0.000003  time: 0.4086  data: 0.3631  max mem: 2691
      TTA Epoch: [25] [100/122]  eta: 0:00:00  entropy: 0.0899  uncertainty: 1.0000  uncertainty_coeffi: 1.0000  loss: 0.0899  lr: 0.000003  time: 0.0332  data: 0.0001  max mem: 2691
      TTA Epoch: [25] [121/122]  eta: 0:00:00  entropy: 0.3265  uncertainty: 1.0000  uncertainty_coeffi: 1.0000  loss: 0.3265  lr: 0.000003  time: 0.0320  data: 0.0001  max mem: 2691
      TTA Epoch: [25] Total time: 0:00:04 (0.0364 s / it)
     Averaged stats: entropy: 0.2649  uncertainty: 1.0000  uncertainty_coeffi: 1.0000  loss: 0.2649  lr: 0.0000
     itm tta time 0:00:04
      TTA Epoch: [26] [  0/122]  eta: 0:00:48  entropy: 0.4234  uncertainty: 1.0000  uncertainty_coeffi: 1.0000  loss: 0.4234  lr: 0.000003  time: 0.4012  data: 0.3553  max mem: 2691
      TTA Epoch: [26] [100/122]  eta: 0:00:00  entropy: 0.3373  uncertainty: 1.0000  uncertainty_coeffi: 1.0000  loss: 0.3373  lr: 0.000003  time: 0.0330  data: 0.0001  max mem: 2691
      TTA Epoch: [26] [121/122]  eta: 0:00:00  entropy: 0.3812  uncertainty: 1.0000  uncertainty_coeffi: 1.0000  loss: 0.3812  lr: 0.000003  time: 0.0309  data: 0.0001  max mem: 2691
      TTA Epoch: [26] Total time: 0:00:04 (0.0359 s / it)
     Averaged stats: entropy: 0.2676  uncertainty: 1.0000  uncertainty_coeffi: 1.0000  loss: 0.2676  lr: 0.0000
     itm tta time 0:00:04
      TTA Epoch: [27] [  0/122]  eta: 0:00:49  entropy: 0.1428  uncertainty: 1.0000  uncertainty_coeffi: 1.0000  loss: 0.1428  lr: 0.000003  time: 0.4049  data: 0.3585  max mem: 2691
      TTA Epoch: [27] [100/122]  eta: 0:00:00  entropy: 0.2913  uncertainty: 1.0000  uncertainty_coeffi: 1.0000  loss: 0.2913  lr: 0.000003  time: 0.0335  data: 0.0001  max mem: 2691
      TTA Epoch: [27] [121/122]  eta: 0:00:00  entropy: 0.3801  uncertainty: 1.0000  uncertainty_coeffi: 1.0000  loss: 0.3801  lr: 0.000003  time: 0.0312  data: 0.0001  max mem: 2691
      TTA Epoch: [27] Total time: 0:00:04 (0.0361 s / it)
     Averaged stats: entropy: 0.2632  uncertainty: 1.0000  uncertainty_coeffi: 1.0000  loss: 0.2632  lr: 0.0000
     itm tta time 0:00:04
      TTA Epoch: [28] [  0/122]  eta: 0:00:49  entropy: 0.2891  uncertainty: 1.0000  uncertainty_coeffi: 1.0000  loss: 0.2891  lr: 0.000003  time: 0.4091  data: 0.3541  max mem: 2691
      TTA Epoch: [28] [100/122]  eta: 0:00:00  entropy: 0.1552  uncertainty: 1.0000  uncertainty_coeffi: 1.0000  loss: 0.1552  lr: 0.000001  time: 0.0332  data: 0.0001  max mem: 2691
      TTA Epoch: [28] [121/122]  eta: 0:00:00  entropy: 0.1709  uncertainty: 1.0000  uncertainty_coeffi: 1.0000  loss: 0.1709  lr: 0.000001  time: 0.0317  data: 0.0001  max mem: 2691
      TTA Epoch: [28] Total time: 0:00:04 (0.0361 s / it)
     Averaged stats: entropy: 0.2582  uncertainty: 1.0000  uncertainty_coeffi: 1.0000  loss: 0.2582  lr: 0.0000
     itm tta time 0:00:04
      TTA Epoch: [29] [  0/122]  eta: 0:00:48  entropy: 0.2692  uncertainty: 1.0000  uncertainty_coeffi: 1.0000  loss: 0.2692  lr: 0.000001  time: 0.4014  data: 0.3549  max mem: 2691
      TTA Epoch: [29] [100/122]  eta: 0:00:00  entropy: 0.4082  uncertainty: 1.0000  uncertainty_coeffi: 1.0000  loss: 0.4082  lr: 0.000001  time: 0.0328  data: 0.0001  max mem: 2691
      TTA Epoch: [29] [121/122]  eta: 0:00:00  entropy: 0.1698  uncertainty: 1.0000  uncertainty_coeffi: 1.0000  loss: 0.1698  lr: 0.000001  time: 0.0312  data: 0.0001  max mem: 2691
      TTA Epoch: [29] Total time: 0:00:04 (0.0356 s / it)
     Averaged stats: entropy: 0.2629  uncertainty: 1.0000  uncertainty_coeffi: 1.0000  loss: 0.2629  lr: 0.0000
     itm tta time 0:00:04
     Computing matching score
      Evaluation: [   0/1978]  eta: 0:01:24    time: 0.0428  data: 0.0023  max mem: 2691
      Evaluation: [ 100/1978]  eta: 0:01:13    time: 0.0393  data: 0.0000  max mem: 2691
      Evaluation: [ 200/1978]  eta: 0:01:09    time: 0.0392  data: 0.0000  max mem: 2691
      Evaluation: [ 300/1978]  eta: 0:01:05    time: 0.0391  data: 0.0000  max mem: 2691
      Evaluation: [ 400/1978]  eta: 0:01:01    time: 0.0391  data: 0.0000  max mem: 2691
      Evaluation: [ 500/1978]  eta: 0:00:57    time: 0.0393  data: 0.0000  max mem: 2691
      Evaluation: [ 600/1978]  eta: 0:00:54    time: 0.0392  data: 0.0000  max mem: 2691
      Evaluation: [ 700/1978]  eta: 0:00:50    time: 0.0390  data: 0.0000  max mem: 2691
      Evaluation: [ 800/1978]  eta: 0:00:46    time: 0.0393  data: 0.0000  max mem: 2691
      Evaluation: [ 900/1978]  eta: 0:00:42    time: 0.0391  data: 0.0000  max mem: 2691
      Evaluation: [1000/1978]  eta: 0:00:38    time: 0.0392  data: 0.0000  max mem: 2691
      Evaluation: [1100/1978]  eta: 0:00:34    time: 0.0392  data: 0.0000  max mem: 2691
      Evaluation: [1200/1978]  eta: 0:00:30    time: 0.0395  data: 0.0000  max mem: 2691
      Evaluation: [1300/1978]  eta: 0:00:26    time: 0.0395  data: 0.0000  max mem: 2691
      Evaluation: [1400/1978]  eta: 0:00:22    time: 0.0393  data: 0.0000  max mem: 2691
      Evaluation: [1500/1978]  eta: 0:00:18    time: 0.0398  data: 0.0000  max mem: 2691
      Evaluation: [1600/1978]  eta: 0:00:14    time: 0.0396  data: 0.0000  max mem: 2691
      Evaluation: [1700/1978]  eta: 0:00:10    time: 0.0405  data: 0.0000  max mem: 2691
      Evaluation: [1800/1978]  eta: 0:00:07    time: 0.0404  data: 0.0000  max mem: 2691
      Evaluation: [1900/1978]  eta: 0:00:03    time: 0.0393  data: 0.0000  max mem: 2691
      Evaluation: [1977/1978]  eta: 0:00:00    time: 0.0393  data: 0.0000  max mem: 2691
      Evaluation: Total time: 0:01:18 (0.0394 s / it)
     Computing matching score time 0:01:18
### TTA ITM Score: 
+-------------------+--------+--------+--------+--------+--------+
|       epoch       |   R1   |   R5   |  R10   |  mAP   |  mINP  |
+-------------------+--------+--------+--------+--------+--------+
|        -999       | 69.414 | 95.197 | 97.776 | 81.233 | 81.233 |
|        -999       | 84.277 | 99.039 | 99.596 | 91.276 | 91.276 |
|  cos_sim_wo/norm  | 58.544 | 91.860 | 95.703 | 73.596 | 73.596 |
|        -999       | 69.414 | 95.197 | 97.776 | 81.233 | 81.233 |
| itm_score_wo/norm | 84.328 | 98.989 | 99.494 | 91.293 | 91.293 |
|        -999       | 84.277 | 99.039 | 99.596 | 91.276 | 91.276 |
|         0         | 84.328 | 99.039 | 99.596 | 91.301 | 91.301 |
|         1         | 84.277 | 99.039 | 99.596 | 91.285 | 91.285 |
|         2         | 84.429 | 99.039 | 99.596 | 91.352 | 91.352 |
|         4         | 84.783 | 99.039 | 99.596 | 91.520 | 91.520 |
|         9         | 84.580 | 98.938 | 99.494 | 91.382 | 91.382 |
|         14        | 84.681 | 98.888 | 99.494 | 91.404 | 91.404 |
|         19        | 84.580 | 98.837 | 99.494 | 91.353 | 91.353 |
|         29        | 84.631 | 98.787 | 99.494 | 91.377 | 91.377 |
+-------------------+--------+--------+--------+--------+--------+
     logs:  {'epo': 29, 'R1': np.float32(84.631), 'R5': np.float32(98.787), 'R10': np.float32(99.494), 'mAP': np.float32(91.377), 'mINP': np.float32(91.377), 'entropy': 0.262878, 'uncertainty': 1.0, 'uncertainty_coeffi': 1.0, 'loss': 0.262878, 'lr': 1e-06}
      TTA Epoch: [30] [  0/122]  eta: 0:00:48  entropy: 0.2567  uncertainty: 1.0000  uncertainty_coeffi: 1.0000  loss: 0.2567  lr: 0.000001  time: 0.4010  data: 0.3537  max mem: 2691
      TTA Epoch: [30] [100/122]  eta: 0:00:00  entropy: 0.2686  uncertainty: 1.0000  uncertainty_coeffi: 1.0000  loss: 0.2686  lr: 0.000001  time: 0.0380  data: 0.0001  max mem: 2691
      TTA Epoch: [30] [121/122]  eta: 0:00:00  entropy: 0.2001  uncertainty: 1.0000  uncertainty_coeffi: 1.0000  loss: 0.2001  lr: 0.000001  time: 0.0311  data: 0.0001  max mem: 2691
      TTA Epoch: [30] Total time: 0:00:04 (0.0377 s / it)
     Averaged stats: entropy: 0.2612  uncertainty: 1.0000  uncertainty_coeffi: 1.0000  loss: 0.2612  lr: 0.0000
     itm tta time 0:00:04
      TTA Epoch: [31] [  0/122]  eta: 0:00:48  entropy: 0.2626  uncertainty: 1.0000  uncertainty_coeffi: 1.0000  loss: 0.2626  lr: 0.000001  time: 0.3956  data: 0.3493  max mem: 2691
      TTA Epoch: [31] [100/122]  eta: 0:00:00  entropy: 0.2590  uncertainty: 1.0000  uncertainty_coeffi: 1.0000  loss: 0.2590  lr: 0.000001  time: 0.0349  data: 0.0001  max mem: 2691
      TTA Epoch: [31] [121/122]  eta: 0:00:00  entropy: 0.2096  uncertainty: 1.0000  uncertainty_coeffi: 1.0000  loss: 0.2096  lr: 0.000001  time: 0.0319  data: 0.0001  max mem: 2691
      TTA Epoch: [31] Total time: 0:00:04 (0.0367 s / it)
     Averaged stats: entropy: 0.2622  uncertainty: 1.0000  uncertainty_coeffi: 1.0000  loss: 0.2622  lr: 0.0000
     itm tta time 0:00:04
      TTA Epoch: [32] [  0/122]  eta: 0:00:49  entropy: 0.2737  uncertainty: 1.0000  uncertainty_coeffi: 1.0000  loss: 0.2737  lr: 0.000001  time: 0.4055  data: 0.3594  max mem: 2691
      TTA Epoch: [32] [100/122]  eta: 0:00:00  entropy: 0.2499  uncertainty: 1.0000  uncertainty_coeffi: 1.0000  loss: 0.2499  lr: 0.000001  time: 0.0330  data: 0.0001  max mem: 2691
      TTA Epoch: [32] [121/122]  eta: 0:00:00  entropy: 0.1541  uncertainty: 1.0000  uncertainty_coeffi: 1.0000  loss: 0.1541  lr: 0.000001  time: 0.0309  data: 0.0001  max mem: 2691
      TTA Epoch: [32] Total time: 0:00:04 (0.0358 s / it)
     Averaged stats: entropy: 0.2603  uncertainty: 1.0000  uncertainty_coeffi: 1.0000  loss: 0.2603  lr: 0.0000
     itm tta time 0:00:04
      TTA Epoch: [33] [  0/122]  eta: 0:00:51  entropy: 0.4107  uncertainty: 1.0000  uncertainty_coeffi: 1.0000  loss: 0.4107  lr: 0.000001  time: 0.4207  data: 0.3598  max mem: 2691
      TTA Epoch: [33] [100/122]  eta: 0:00:01  entropy: 0.3295  uncertainty: 1.0000  uncertainty_coeffi: 1.0000  loss: 0.3295  lr: 0.000001  time: 0.0444  data: 0.0092  max mem: 2691
      TTA Epoch: [33] [121/122]  eta: 0:00:00  entropy: 0.1774  uncertainty: 1.0000  uncertainty_coeffi: 1.0000  loss: 0.1774  lr: 0.000001  time: 0.0351  data: 0.0028  max mem: 2691
      TTA Epoch: [33] Total time: 0:00:05 (0.0440 s / it)
     Averaged stats: entropy: 0.2555  uncertainty: 1.0000  uncertainty_coeffi: 1.0000  loss: 0.2555  lr: 0.0000
     itm tta time 0:00:05
      TTA Epoch: [34] [  0/122]  eta: 0:00:48  entropy: 0.3408  uncertainty: 1.0000  uncertainty_coeffi: 1.0000  loss: 0.3408  lr: 0.000001  time: 0.3969  data: 0.3511  max mem: 2691
      TTA Epoch: [34] [100/122]  eta: 0:00:00  entropy: 0.2516  uncertainty: 1.0000  uncertainty_coeffi: 1.0000  loss: 0.2516  lr: 0.000001  time: 0.0349  data: 0.0001  max mem: 2691
      TTA Epoch: [34] [121/122]  eta: 0:00:00  entropy: 0.1945  uncertainty: 1.0000  uncertainty_coeffi: 1.0000  loss: 0.1945  lr: 0.000001  time: 0.0318  data: 0.0001  max mem: 2691
      TTA Epoch: [34] Total time: 0:00:04 (0.0377 s / it)
     Averaged stats: entropy: 0.2576  uncertainty: 1.0000  uncertainty_coeffi: 1.0000  loss: 0.2576  lr: 0.0000
     itm tta time 0:00:04
      TTA Epoch: [35] [  0/122]  eta: 0:00:48  entropy: 0.1780  uncertainty: 1.0000  uncertainty_coeffi: 1.0000  loss: 0.1780  lr: 0.000001  time: 0.3999  data: 0.3536  max mem: 2691
      TTA Epoch: [35] [100/122]  eta: 0:00:00  entropy: 0.2889  uncertainty: 1.0000  uncertainty_coeffi: 1.0000  loss: 0.2889  lr: 0.000001  time: 0.0349  data: 0.0001  max mem: 2691
      TTA Epoch: [35] [121/122]  eta: 0:00:00  entropy: 0.3475  uncertainty: 1.0000  uncertainty_coeffi: 1.0000  loss: 0.3475  lr: 0.000001  time: 0.0318  data: 0.0001  max mem: 2691
      TTA Epoch: [35] Total time: 0:00:04 (0.0369 s / it)
     Averaged stats: entropy: 0.2561  uncertainty: 1.0000  uncertainty_coeffi: 1.0000  loss: 0.2561  lr: 0.0000
     itm tta time 0:00:04
      TTA Epoch: [36] [  0/122]  eta: 0:00:48  entropy: 0.2515  uncertainty: 1.0000  uncertainty_coeffi: 1.0000  loss: 0.2515  lr: 0.000001  time: 0.3997  data: 0.3542  max mem: 2691
      TTA Epoch: [36] [100/122]  eta: 0:00:00  entropy: 0.1596  uncertainty: 1.0000  uncertainty_coeffi: 1.0000  loss: 0.1596  lr: 0.000001  time: 0.0331  data: 0.0001  max mem: 2691
      TTA Epoch: [36] [121/122]  eta: 0:00:00  entropy: 0.1853  uncertainty: 1.0000  uncertainty_coeffi: 1.0000  loss: 0.1853  lr: 0.000001  time: 0.0310  data: 0.0001  max mem: 2691
      TTA Epoch: [36] Total time: 0:00:04 (0.0358 s / it)
     Averaged stats: entropy: 0.2578  uncertainty: 1.0000  uncertainty_coeffi: 1.0000  loss: 0.2578  lr: 0.0000
     itm tta time 0:00:04
      TTA Epoch: [37] [  0/122]  eta: 0:00:48  entropy: 0.3928  uncertainty: 1.0000  uncertainty_coeffi: 1.0000  loss: 0.3928  lr: 0.000001  time: 0.3996  data: 0.3528  max mem: 2691
      TTA Epoch: [37] [100/122]  eta: 0:00:00  entropy: 0.1682  uncertainty: 1.0000  uncertainty_coeffi: 1.0000  loss: 0.1682  lr: 0.000001  time: 0.0352  data: 0.0001  max mem: 2691
      TTA Epoch: [37] [121/122]  eta: 0:00:00  entropy: 0.2867  uncertainty: 1.0000  uncertainty_coeffi: 1.0000  loss: 0.2867  lr: 0.000001  time: 0.0320  data: 0.0001  max mem: 2691
      TTA Epoch: [37] Total time: 0:00:04 (0.0366 s / it)
     Averaged stats: entropy: 0.2617  uncertainty: 1.0000  uncertainty_coeffi: 1.0000  loss: 0.2617  lr: 0.0000
     itm tta time 0:00:04
      TTA Epoch: [38] [  0/122]  eta: 0:00:52  entropy: 0.2000  uncertainty: 1.0000  uncertainty_coeffi: 1.0000  loss: 0.2000  lr: 0.000001  time: 0.4328  data: 0.3829  max mem: 2691
      TTA Epoch: [38] [100/122]  eta: 0:00:00  entropy: 0.1989  uncertainty: 1.0000  uncertainty_coeffi: 1.0000  loss: 0.1989  lr: 0.000001  time: 0.0345  data: 0.0001  max mem: 2691
      TTA Epoch: [38] [121/122]  eta: 0:00:00  entropy: 0.2664  uncertainty: 1.0000  uncertainty_coeffi: 1.0000  loss: 0.2664  lr: 0.000001  time: 0.0316  data: 0.0001  max mem: 2691
      TTA Epoch: [38] Total time: 0:00:05 (0.0421 s / it)
     Averaged stats: entropy: 0.2608  uncertainty: 1.0000  uncertainty_coeffi: 1.0000  loss: 0.2608  lr: 0.0000
     itm tta time 0:00:05
      TTA Epoch: [39] [  0/122]  eta: 0:00:48  entropy: 0.4090  uncertainty: 1.0000  uncertainty_coeffi: 1.0000  loss: 0.4090  lr: 0.000001  time: 0.3993  data: 0.3540  max mem: 2691
      TTA Epoch: [39] [100/122]  eta: 0:00:00  entropy: 0.3098  uncertainty: 1.0000  uncertainty_coeffi: 1.0000  loss: 0.3098  lr: 0.000001  time: 0.0446  data: 0.0093  max mem: 2691
      TTA Epoch: [39] [121/122]  eta: 0:00:00  entropy: 0.3262  uncertainty: 1.0000  uncertainty_coeffi: 1.0000  loss: 0.3262  lr: 0.000001  time: 0.0390  data: 0.0067  max mem: 2691
      TTA Epoch: [39] Total time: 0:00:04 (0.0403 s / it)
     Averaged stats: entropy: 0.2601  uncertainty: 1.0000  uncertainty_coeffi: 1.0000  loss: 0.2601  lr: 0.0000
     itm tta time 0:00:05
     Computing matching score
      Evaluation: [   0/1978]  eta: 0:01:25    time: 0.0432  data: 0.0023  max mem: 2691
      Evaluation: [ 100/1978]  eta: 0:01:13    time: 0.0394  data: 0.0000  max mem: 2691
      Evaluation: [ 200/1978]  eta: 0:01:09    time: 0.0392  data: 0.0000  max mem: 2691
      Evaluation: [ 300/1978]  eta: 0:01:06    time: 0.0393  data: 0.0000  max mem: 2691
      Evaluation: [ 400/1978]  eta: 0:01:02    time: 0.0394  data: 0.0000  max mem: 2691
      Evaluation: [ 500/1978]  eta: 0:00:58    time: 0.0394  data: 0.0000  max mem: 2691
      Evaluation: [ 600/1978]  eta: 0:00:54    time: 0.0394  data: 0.0000  max mem: 2691
      Evaluation: [ 700/1978]  eta: 0:00:50    time: 0.0393  data: 0.0000  max mem: 2691
      Evaluation: [ 800/1978]  eta: 0:00:46    time: 0.0395  data: 0.0000  max mem: 2691
      Evaluation: [ 900/1978]  eta: 0:00:42    time: 0.0395  data: 0.0000  max mem: 2691
      Evaluation: [1000/1978]  eta: 0:00:38    time: 0.0394  data: 0.0000  max mem: 2691
      Evaluation: [1100/1978]  eta: 0:00:34    time: 0.0391  data: 0.0000  max mem: 2691
      Evaluation: [1200/1978]  eta: 0:00:30    time: 0.0396  data: 0.0000  max mem: 2691
      Evaluation: [1300/1978]  eta: 0:00:26    time: 0.0393  data: 0.0000  max mem: 2691
      Evaluation: [1400/1978]  eta: 0:00:22    time: 0.0394  data: 0.0000  max mem: 2691
      Evaluation: [1500/1978]  eta: 0:00:18    time: 0.0394  data: 0.0000  max mem: 2691
      Evaluation: [1600/1978]  eta: 0:00:14    time: 0.0396  data: 0.0000  max mem: 2691
      Evaluation: [1700/1978]  eta: 0:00:10    time: 0.0397  data: 0.0000  max mem: 2691
      Evaluation: [1800/1978]  eta: 0:00:07    time: 0.0396  data: 0.0000  max mem: 2691
      Evaluation: [1900/1978]  eta: 0:00:03    time: 0.0398  data: 0.0000  max mem: 2691
      Evaluation: [1977/1978]  eta: 0:00:00    time: 0.0394  data: 0.0000  max mem: 2691
      Evaluation: Total time: 0:01:17 (0.0394 s / it)
     Computing matching score time 0:01:18
### TTA ITM Score: 
+-------------------+--------+--------+--------+--------+--------+
|       epoch       |   R1   |   R5   |  R10   |  mAP   |  mINP  |
+-------------------+--------+--------+--------+--------+--------+
|        -999       | 69.414 | 95.197 | 97.776 | 81.233 | 81.233 |
|        -999       | 84.277 | 99.039 | 99.596 | 91.276 | 91.276 |
|  cos_sim_wo/norm  | 58.544 | 91.860 | 95.703 | 73.596 | 73.596 |
|        -999       | 69.414 | 95.197 | 97.776 | 81.233 | 81.233 |
| itm_score_wo/norm | 84.328 | 98.989 | 99.494 | 91.293 | 91.293 |
|        -999       | 84.277 | 99.039 | 99.596 | 91.276 | 91.276 |
|         0         | 84.328 | 99.039 | 99.596 | 91.301 | 91.301 |
|         1         | 84.277 | 99.039 | 99.596 | 91.285 | 91.285 |
|         2         | 84.429 | 99.039 | 99.596 | 91.352 | 91.352 |
|         4         | 84.783 | 99.039 | 99.596 | 91.520 | 91.520 |
|         9         | 84.580 | 98.938 | 99.494 | 91.382 | 91.382 |
|         14        | 84.681 | 98.888 | 99.494 | 91.404 | 91.404 |
|         19        | 84.580 | 98.837 | 99.494 | 91.353 | 91.353 |
|         29        | 84.631 | 98.787 | 99.494 | 91.377 | 91.377 |
|         39        | 84.530 | 98.787 | 99.494 | 91.304 | 91.304 |
+-------------------+--------+--------+--------+--------+--------+
     logs:  {'epo': 39, 'R1': np.float32(84.53), 'R5': np.float32(98.787), 'R10': np.float32(99.494), 'mAP': np.float32(91.304), 'mINP': np.float32(91.304), 'entropy': 0.260091, 'uncertainty': 1.0, 'uncertainty_coeffi': 1.0, 'loss': 0.260091, 'lr': 1e-06}
      TTA Epoch: [40] [  0/122]  eta: 0:00:50  entropy: 0.3242  uncertainty: 1.0000  uncertainty_coeffi: 1.0000  loss: 0.3242  lr: 0.000001  time: 0.4168  data: 0.3690  max mem: 2691
      TTA Epoch: [40] [100/122]  eta: 0:00:00  entropy: 0.2296  uncertainty: 1.0000  uncertainty_coeffi: 1.0000  loss: 0.2296  lr: 0.000001  time: 0.0336  data: 0.0001  max mem: 2691
      TTA Epoch: [40] [121/122]  eta: 0:00:00  entropy: 0.2173  uncertainty: 1.0000  uncertainty_coeffi: 1.0000  loss: 0.2173  lr: 0.000001  time: 0.0317  data: 0.0001  max mem: 2691
      TTA Epoch: [40] Total time: 0:00:04 (0.0368 s / it)
     Averaged stats: entropy: 0.2550  uncertainty: 1.0000  uncertainty_coeffi: 1.0000  loss: 0.2550  lr: 0.0000
     itm tta time 0:00:04
      TTA Epoch: [41] [  0/122]  eta: 0:00:48  entropy: 0.2201  uncertainty: 1.0000  uncertainty_coeffi: 1.0000  loss: 0.2201  lr: 0.000001  time: 0.3959  data: 0.3503  max mem: 2691
      TTA Epoch: [41] [100/122]  eta: 0:00:00  entropy: 0.3754  uncertainty: 1.0000  uncertainty_coeffi: 1.0000  loss: 0.3754  lr: 0.000001  time: 0.0335  data: 0.0001  max mem: 2691
      TTA Epoch: [41] [121/122]  eta: 0:00:00  entropy: 0.3622  uncertainty: 1.0000  uncertainty_coeffi: 1.0000  loss: 0.3622  lr: 0.000001  time: 0.0320  data: 0.0001  max mem: 2691
      TTA Epoch: [41] Total time: 0:00:04 (0.0370 s / it)
     Averaged stats: entropy: 0.2548  uncertainty: 1.0000  uncertainty_coeffi: 1.0000  loss: 0.2548  lr: 0.0000
     itm tta time 0:00:04
      TTA Epoch: [42] [  0/122]  eta: 0:00:48  entropy: 0.2249  uncertainty: 1.0000  uncertainty_coeffi: 1.0000  loss: 0.2249  lr: 0.000001  time: 0.3959  data: 0.3485  max mem: 2691
      TTA Epoch: [42] [100/122]  eta: 0:00:00  entropy: 0.1543  uncertainty: 1.0000  uncertainty_coeffi: 1.0000  loss: 0.1543  lr: 0.000001  time: 0.0332  data: 0.0001  max mem: 2691
      TTA Epoch: [42] [121/122]  eta: 0:00:00  entropy: 0.2226  uncertainty: 1.0000  uncertainty_coeffi: 1.0000  loss: 0.2226  lr: 0.000001  time: 0.0315  data: 0.0001  max mem: 2691
      TTA Epoch: [42] Total time: 0:00:04 (0.0366 s / it)
     Averaged stats: entropy: 0.2580  uncertainty: 1.0000  uncertainty_coeffi: 1.0000  loss: 0.2580  lr: 0.0000
     itm tta time 0:00:04
      TTA Epoch: [43] [  0/122]  eta: 0:00:48  entropy: 0.2134  uncertainty: 1.0000  uncertainty_coeffi: 1.0000  loss: 0.2134  lr: 0.000001  time: 0.3985  data: 0.3521  max mem: 2691
      TTA Epoch: [43] [100/122]  eta: 0:00:00  entropy: 0.1936  uncertainty: 1.0000  uncertainty_coeffi: 1.0000  loss: 0.1936  lr: 0.000001  time: 0.0438  data: 0.0085  max mem: 2691
      TTA Epoch: [43] [121/122]  eta: 0:00:00  entropy: 0.1437  uncertainty: 1.0000  uncertainty_coeffi: 1.0000  loss: 0.1437  lr: 0.000001  time: 0.0391  data: 0.0068  max mem: 2691
      TTA Epoch: [43] Total time: 0:00:04 (0.0397 s / it)
     Averaged stats: entropy: 0.2543  uncertainty: 1.0000  uncertainty_coeffi: 1.0000  loss: 0.2543  lr: 0.0000
     itm tta time 0:00:04
      TTA Epoch: [44] [  0/122]  eta: 0:00:50  entropy: 0.4824  uncertainty: 1.0000  uncertainty_coeffi: 1.0000  loss: 0.4824  lr: 0.000001  time: 0.4178  data: 0.3705  max mem: 2691
      TTA Epoch: [44] [100/122]  eta: 0:00:00  entropy: 0.0993  uncertainty: 1.0000  uncertainty_coeffi: 1.0000  loss: 0.0993  lr: 0.000001  time: 0.0332  data: 0.0001  max mem: 2691
      TTA Epoch: [44] [121/122]  eta: 0:00:00  entropy: 0.2550  uncertainty: 1.0000  uncertainty_coeffi: 1.0000  loss: 0.2550  lr: 0.000001  time: 0.0312  data: 0.0001  max mem: 2691
      TTA Epoch: [44] Total time: 0:00:04 (0.0362 s / it)
     Averaged stats: entropy: 0.2591  uncertainty: 1.0000  uncertainty_coeffi: 1.0000  loss: 0.2591  lr: 0.0000
     itm tta time 0:00:04
      TTA Epoch: [45] [  0/122]  eta: 0:00:48  entropy: 0.3013  uncertainty: 1.0000  uncertainty_coeffi: 1.0000  loss: 0.3013  lr: 0.000001  time: 0.3953  data: 0.3487  max mem: 2691
      TTA Epoch: [45] [100/122]  eta: 0:00:00  entropy: 0.2959  uncertainty: 1.0000  uncertainty_coeffi: 1.0000  loss: 0.2959  lr: 0.000001  time: 0.0374  data: 0.0001  max mem: 2691
      TTA Epoch: [45] [121/122]  eta: 0:00:00  entropy: 0.2706  uncertainty: 1.0000  uncertainty_coeffi: 1.0000  loss: 0.2706  lr: 0.000001  time: 0.0328  data: 0.0001  max mem: 2691
      TTA Epoch: [45] Total time: 0:00:04 (0.0374 s / it)
     Averaged stats: entropy: 0.2546  uncertainty: 1.0000  uncertainty_coeffi: 1.0000  loss: 0.2546  lr: 0.0000
     itm tta time 0:00:04
      TTA Epoch: [46] [  0/122]  eta: 0:00:48  entropy: 0.1816  uncertainty: 1.0000  uncertainty_coeffi: 1.0000  loss: 0.1816  lr: 0.000001  time: 0.3958  data: 0.3498  max mem: 2691
      TTA Epoch: [46] [100/122]  eta: 0:00:00  entropy: 0.2717  uncertainty: 1.0000  uncertainty_coeffi: 1.0000  loss: 0.2717  lr: 0.000000  time: 0.0339  data: 0.0002  max mem: 2691
      TTA Epoch: [46] [121/122]  eta: 0:00:00  entropy: 0.2504  uncertainty: 1.0000  uncertainty_coeffi: 1.0000  loss: 0.2504  lr: 0.000000  time: 0.0312  data: 0.0001  max mem: 2691
      TTA Epoch: [46] Total time: 0:00:04 (0.0380 s / it)
     Averaged stats: entropy: 0.2541  uncertainty: 1.0000  uncertainty_coeffi: 1.0000  loss: 0.2541  lr: 0.0000
     itm tta time 0:00:04
      TTA Epoch: [47] [  0/122]  eta: 0:00:48  entropy: 0.2663  uncertainty: 1.0000  uncertainty_coeffi: 1.0000  loss: 0.2663  lr: 0.000000  time: 0.3992  data: 0.3521  max mem: 2691
      TTA Epoch: [47] [100/122]  eta: 0:00:00  entropy: 0.1957  uncertainty: 1.0000  uncertainty_coeffi: 1.0000  loss: 0.1957  lr: 0.000000  time: 0.0301  data: 0.0001  max mem: 2691
      TTA Epoch: [47] [121/122]  eta: 0:00:00  entropy: 0.1901  uncertainty: 1.0000  uncertainty_coeffi: 1.0000  loss: 0.1901  lr: 0.000000  time: 0.0291  data: 0.0001  max mem: 2691
      TTA Epoch: [47] Total time: 0:00:04 (0.0344 s / it)
     Averaged stats: entropy: 0.2559  uncertainty: 1.0000  uncertainty_coeffi: 1.0000  loss: 0.2559  lr: 0.0000
     itm tta time 0:00:04
      TTA Epoch: [48] [  0/122]  eta: 0:00:49  entropy: 0.3431  uncertainty: 1.0000  uncertainty_coeffi: 1.0000  loss: 0.3431  lr: 0.000000  time: 0.4080  data: 0.3613  max mem: 2691
      TTA Epoch: [48] [100/122]  eta: 0:00:00  entropy: 0.3026  uncertainty: 1.0000  uncertainty_coeffi: 1.0000  loss: 0.3026  lr: 0.000000  time: 0.0297  data: 0.0001  max mem: 2691
      TTA Epoch: [48] [121/122]  eta: 0:00:00  entropy: 0.2098  uncertainty: 1.0000  uncertainty_coeffi: 1.0000  loss: 0.2098  lr: 0.000000  time: 0.0286  data: 0.0001  max mem: 2691
      TTA Epoch: [48] Total time: 0:00:04 (0.0334 s / it)
     Averaged stats: entropy: 0.2532  uncertainty: 1.0000  uncertainty_coeffi: 1.0000  loss: 0.2532  lr: 0.0000
     itm tta time 0:00:04
      TTA Epoch: [49] [  0/122]  eta: 0:00:51  entropy: 0.2530  uncertainty: 1.0000  uncertainty_coeffi: 1.0000  loss: 0.2530  lr: 0.000000  time: 0.4185  data: 0.3718  max mem: 2691
      TTA Epoch: [49] [100/122]  eta: 0:00:00  entropy: 0.2707  uncertainty: 1.0000  uncertainty_coeffi: 1.0000  loss: 0.2707  lr: 0.000000  time: 0.0299  data: 0.0001  max mem: 2691
      TTA Epoch: [49] [121/122]  eta: 0:00:00  entropy: 0.1973  uncertainty: 1.0000  uncertainty_coeffi: 1.0000  loss: 0.1973  lr: 0.000000  time: 0.0285  data: 0.0001  max mem: 2691
      TTA Epoch: [49] Total time: 0:00:04 (0.0339 s / it)
     Averaged stats: entropy: 0.2564  uncertainty: 1.0000  uncertainty_coeffi: 1.0000  loss: 0.2564  lr: 0.0000
     itm tta time 0:00:04
     Computing matching score
      Evaluation: [   0/1978]  eta: 0:01:27    time: 0.0440  data: 0.0033  max mem: 2691
      Evaluation: [ 100/1978]  eta: 0:01:14    time: 0.0394  data: 0.0000  max mem: 2691
      Evaluation: [ 200/1978]  eta: 0:01:10    time: 0.0393  data: 0.0000  max mem: 2691
      Evaluation: [ 300/1978]  eta: 0:01:06    time: 0.0392  data: 0.0000  max mem: 2691
      Evaluation: [ 400/1978]  eta: 0:01:02    time: 0.0395  data: 0.0000  max mem: 2691
      Evaluation: [ 500/1978]  eta: 0:00:58    time: 0.0397  data: 0.0000  max mem: 2691
      Evaluation: [ 600/1978]  eta: 0:00:54    time: 0.0394  data: 0.0000  max mem: 2691
      Evaluation: [ 700/1978]  eta: 0:00:50    time: 0.0393  data: 0.0000  max mem: 2691
      Evaluation: [ 800/1978]  eta: 0:00:46    time: 0.0394  data: 0.0000  max mem: 2691
      Evaluation: [ 900/1978]  eta: 0:00:42    time: 0.0395  data: 0.0000  max mem: 2691
      Evaluation: [1000/1978]  eta: 0:00:38    time: 0.0393  data: 0.0000  max mem: 2691
      Evaluation: [1100/1978]  eta: 0:00:34    time: 0.0394  data: 0.0000  max mem: 2691
      Evaluation: [1200/1978]  eta: 0:00:30    time: 0.0394  data: 0.0000  max mem: 2691
      Evaluation: [1300/1978]  eta: 0:00:26    time: 0.0393  data: 0.0000  max mem: 2691
      Evaluation: [1400/1978]  eta: 0:00:22    time: 0.0399  data: 0.0000  max mem: 2691
      Evaluation: [1500/1978]  eta: 0:00:18    time: 0.0398  data: 0.0000  max mem: 2691
      Evaluation: [1600/1978]  eta: 0:00:14    time: 0.0394  data: 0.0000  max mem: 2691
      Evaluation: [1700/1978]  eta: 0:00:10    time: 0.0396  data: 0.0000  max mem: 2691
      Evaluation: [1800/1978]  eta: 0:00:07    time: 0.0395  data: 0.0000  max mem: 2691
      Evaluation: [1900/1978]  eta: 0:00:03    time: 0.0395  data: 0.0000  max mem: 2691
      Evaluation: [1977/1978]  eta: 0:00:00    time: 0.0396  data: 0.0000  max mem: 2691
      Evaluation: Total time: 0:01:18 (0.0395 s / it)
     Computing matching score time 0:01:18
### TTA ITM Score: 
+-------------------+--------+--------+--------+--------+--------+
|       epoch       |   R1   |   R5   |  R10   |  mAP   |  mINP  |
+-------------------+--------+--------+--------+--------+--------+
|        -999       | 69.414 | 95.197 | 97.776 | 81.233 | 81.233 |
|        -999       | 84.277 | 99.039 | 99.596 | 91.276 | 91.276 |
|  cos_sim_wo/norm  | 58.544 | 91.860 | 95.703 | 73.596 | 73.596 |
|        -999       | 69.414 | 95.197 | 97.776 | 81.233 | 81.233 |
| itm_score_wo/norm | 84.328 | 98.989 | 99.494 | 91.293 | 91.293 |
|        -999       | 84.277 | 99.039 | 99.596 | 91.276 | 91.276 |
|         0         | 84.328 | 99.039 | 99.596 | 91.301 | 91.301 |
|         1         | 84.277 | 99.039 | 99.596 | 91.285 | 91.285 |
|         2         | 84.429 | 99.039 | 99.596 | 91.352 | 91.352 |
|         4         | 84.783 | 99.039 | 99.596 | 91.520 | 91.520 |
|         9         | 84.580 | 98.938 | 99.494 | 91.382 | 91.382 |
|         14        | 84.681 | 98.888 | 99.494 | 91.404 | 91.404 |
|         19        | 84.580 | 98.837 | 99.494 | 91.353 | 91.353 |
|         29        | 84.631 | 98.787 | 99.494 | 91.377 | 91.377 |
|         39        | 84.530 | 98.787 | 99.494 | 91.304 | 91.304 |
|         49        | 84.530 | 98.787 | 99.494 | 91.304 | 91.304 |
+-------------------+--------+--------+--------+--------+--------+
     logs:  {'epo': 49, 'R1': np.float32(84.53), 'R5': np.float32(98.787), 'R10': np.float32(99.494), 'mAP': np.float32(91.304), 'mINP': np.float32(91.304), 'entropy': 0.256449, 'uncertainty': 1.0, 'uncertainty_coeffi': 1.0, 'loss': 0.256449, 'lr': 0.0}
      TTA Epoch: [50] [  0/122]  eta: 0:00:50  entropy: 0.2217  uncertainty: 1.0000  uncertainty_coeffi: 1.0000  loss: 0.2217  lr: 0.000000  time: 0.4164  data: 0.3689  max mem: 2691
      TTA Epoch: [50] [100/122]  eta: 0:00:00  entropy: 0.3084  uncertainty: 1.0000  uncertainty_coeffi: 1.0000  loss: 0.3084  lr: 0.000000  time: 0.0328  data: 0.0001  max mem: 2691
      TTA Epoch: [50] [121/122]  eta: 0:00:00  entropy: 0.3102  uncertainty: 1.0000  uncertainty_coeffi: 1.0000  loss: 0.3102  lr: 0.000000  time: 0.0306  data: 0.0001  max mem: 2691
      TTA Epoch: [50] Total time: 0:00:04 (0.0359 s / it)
     Averaged stats: entropy: 0.2535  uncertainty: 1.0000  uncertainty_coeffi: 1.0000  loss: 0.2535  lr: 0.0000
     itm tta time 0:00:04
      TTA Epoch: [51] [  0/122]  eta: 0:00:49  entropy: 0.1787  uncertainty: 1.0000  uncertainty_coeffi: 1.0000  loss: 0.1787  lr: 0.000000  time: 0.4057  data: 0.3599  max mem: 2691
      TTA Epoch: [51] [100/122]  eta: 0:00:00  entropy: 0.2310  uncertainty: 1.0000  uncertainty_coeffi: 1.0000  loss: 0.2310  lr: 0.000000  time: 0.0335  data: 0.0001  max mem: 2691
      TTA Epoch: [51] [121/122]  eta: 0:00:00  entropy: 0.3093  uncertainty: 1.0000  uncertainty_coeffi: 1.0000  loss: 0.3093  lr: 0.000000  time: 0.0308  data: 0.0001  max mem: 2691
      TTA Epoch: [51] Total time: 0:00:04 (0.0360 s / it)
     Averaged stats: entropy: 0.2579  uncertainty: 1.0000  uncertainty_coeffi: 1.0000  loss: 0.2579  lr: 0.0000
     itm tta time 0:00:04
      TTA Epoch: [52] [  0/122]  eta: 0:00:48  entropy: 0.2835  uncertainty: 1.0000  uncertainty_coeffi: 1.0000  loss: 0.2835  lr: 0.000000  time: 0.3984  data: 0.3514  max mem: 2691
      TTA Epoch: [52] [100/122]  eta: 0:00:00  entropy: 0.3555  uncertainty: 1.0000  uncertainty_coeffi: 1.0000  loss: 0.3555  lr: 0.000000  time: 0.0332  data: 0.0001  max mem: 2691
      TTA Epoch: [52] [121/122]  eta: 0:00:00  entropy: 0.2306  uncertainty: 1.0000  uncertainty_coeffi: 1.0000  loss: 0.2306  lr: 0.000000  time: 0.0316  data: 0.0001  max mem: 2691
      TTA Epoch: [52] Total time: 0:00:04 (0.0367 s / it)
     Averaged stats: entropy: 0.2604  uncertainty: 1.0000  uncertainty_coeffi: 1.0000  loss: 0.2604  lr: 0.0000
     itm tta time 0:00:04
      TTA Epoch: [53] [  0/122]  eta: 0:00:48  entropy: 0.2346  uncertainty: 1.0000  uncertainty_coeffi: 1.0000  loss: 0.2346  lr: 0.000000  time: 0.3959  data: 0.3498  max mem: 2691
      TTA Epoch: [53] [100/122]  eta: 0:00:00  entropy: 0.2408  uncertainty: 1.0000  uncertainty_coeffi: 1.0000  loss: 0.2408  lr: 0.000000  time: 0.0335  data: 0.0001  max mem: 2691
      TTA Epoch: [53] [121/122]  eta: 0:00:00  entropy: 0.2718  uncertainty: 1.0000  uncertainty_coeffi: 1.0000  loss: 0.2718  lr: 0.000000  time: 0.0311  data: 0.0001  max mem: 2691
      TTA Epoch: [53] Total time: 0:00:04 (0.0375 s / it)
     Averaged stats: entropy: 0.2562  uncertainty: 1.0000  uncertainty_coeffi: 1.0000  loss: 0.2562  lr: 0.0000
     itm tta time 0:00:04
      TTA Epoch: [54] [  0/122]  eta: 0:00:48  entropy: 0.2439  uncertainty: 1.0000  uncertainty_coeffi: 1.0000  loss: 0.2439  lr: 0.000000  time: 0.3984  data: 0.3519  max mem: 2691
      TTA Epoch: [54] [100/122]  eta: 0:00:00  entropy: 0.1893  uncertainty: 1.0000  uncertainty_coeffi: 1.0000  loss: 0.1893  lr: 0.000000  time: 0.0349  data: 0.0001  max mem: 2691
      TTA Epoch: [54] [121/122]  eta: 0:00:00  entropy: 0.2129  uncertainty: 1.0000  uncertainty_coeffi: 1.0000  loss: 0.2129  lr: 0.000000  time: 0.0319  data: 0.0001  max mem: 2691
      TTA Epoch: [54] Total time: 0:00:04 (0.0371 s / it)
     Averaged stats: entropy: 0.2562  uncertainty: 1.0000  uncertainty_coeffi: 1.0000  loss: 0.2562  lr: 0.0000
     itm tta time 0:00:04
      TTA Epoch: [55] [  0/122]  eta: 0:00:47  entropy: 0.3297  uncertainty: 1.0000  uncertainty_coeffi: 1.0000  loss: 0.3297  lr: 0.000000  time: 0.3925  data: 0.3466  max mem: 2691
      TTA Epoch: [55] [100/122]  eta: 0:00:00  entropy: 0.1494  uncertainty: 1.0000  uncertainty_coeffi: 1.0000  loss: 0.1494  lr: 0.000000  time: 0.0305  data: 0.0001  max mem: 2691
      TTA Epoch: [55] [121/122]  eta: 0:00:00  entropy: 0.3102  uncertainty: 1.0000  uncertainty_coeffi: 1.0000  loss: 0.3102  lr: 0.000000  time: 0.0289  data: 0.0001  max mem: 2691
      TTA Epoch: [55] Total time: 0:00:04 (0.0347 s / it)
     Averaged stats: entropy: 0.2551  uncertainty: 1.0000  uncertainty_coeffi: 1.0000  loss: 0.2551  lr: 0.0000
     itm tta time 0:00:04
      TTA Epoch: [56] [  0/122]  eta: 0:00:48  entropy: 0.1919  uncertainty: 1.0000  uncertainty_coeffi: 1.0000  loss: 0.1919  lr: 0.000000  time: 0.4012  data: 0.3550  max mem: 2691
      TTA Epoch: [56] [100/122]  eta: 0:00:00  entropy: 0.2150  uncertainty: 1.0000  uncertainty_coeffi: 1.0000  loss: 0.2150  lr: 0.000000  time: 0.0300  data: 0.0001  max mem: 2691
      TTA Epoch: [56] [121/122]  eta: 0:00:00  entropy: 0.3289  uncertainty: 1.0000  uncertainty_coeffi: 1.0000  loss: 0.3289  lr: 0.000000  time: 0.0291  data: 0.0001  max mem: 2691
      TTA Epoch: [56] Total time: 0:00:04 (0.0349 s / it)
     Averaged stats: entropy: 0.2531  uncertainty: 1.0000  uncertainty_coeffi: 1.0000  loss: 0.2531  lr: 0.0000
     itm tta time 0:00:04
      TTA Epoch: [57] [  0/122]  eta: 0:00:48  entropy: 0.3603  uncertainty: 1.0000  uncertainty_coeffi: 1.0000  loss: 0.3603  lr: 0.000000  time: 0.4009  data: 0.3545  max mem: 2691
      TTA Epoch: [57] [100/122]  eta: 0:00:00  entropy: 0.0975  uncertainty: 1.0000  uncertainty_coeffi: 1.0000  loss: 0.0975  lr: 0.000000  time: 0.0353  data: 0.0001  max mem: 2691
      TTA Epoch: [57] [121/122]  eta: 0:00:00  entropy: 0.0494  uncertainty: 1.0000  uncertainty_coeffi: 1.0000  loss: 0.0494  lr: 0.000000  time: 0.0314  data: 0.0001  max mem: 2691
      TTA Epoch: [57] Total time: 0:00:04 (0.0366 s / it)
     Averaged stats: entropy: 0.2576  uncertainty: 1.0000  uncertainty_coeffi: 1.0000  loss: 0.2576  lr: 0.0000
     itm tta time 0:00:04
      TTA Epoch: [58] [  0/122]  eta: 0:00:48  entropy: 0.3654  uncertainty: 1.0000  uncertainty_coeffi: 1.0000  loss: 0.3654  lr: 0.000000  time: 0.3981  data: 0.3524  max mem: 2691
      TTA Epoch: [58] [100/122]  eta: 0:00:00  entropy: 0.3776  uncertainty: 1.0000  uncertainty_coeffi: 1.0000  loss: 0.3776  lr: 0.000000  time: 0.0333  data: 0.0001  max mem: 2691
      TTA Epoch: [58] [121/122]  eta: 0:00:00  entropy: 0.1650  uncertainty: 1.0000  uncertainty_coeffi: 1.0000  loss: 0.1650  lr: 0.000000  time: 0.0309  data: 0.0001  max mem: 2691
      TTA Epoch: [58] Total time: 0:00:04 (0.0360 s / it)
     Averaged stats: entropy: 0.2536  uncertainty: 1.0000  uncertainty_coeffi: 1.0000  loss: 0.2536  lr: 0.0000
     itm tta time 0:00:04
      TTA Epoch: [59] [  0/122]  eta: 0:00:48  entropy: 0.4611  uncertainty: 1.0000  uncertainty_coeffi: 1.0000  loss: 0.4611  lr: 0.000000  time: 0.3966  data: 0.3512  max mem: 2691
      TTA Epoch: [59] [100/122]  eta: 0:00:00  entropy: 0.2834  uncertainty: 1.0000  uncertainty_coeffi: 1.0000  loss: 0.2834  lr: 0.000000  time: 0.0327  data: 0.0001  max mem: 2691
      TTA Epoch: [59] [121/122]  eta: 0:00:00  entropy: 0.1665  uncertainty: 1.0000  uncertainty_coeffi: 1.0000  loss: 0.1665  lr: 0.000000  time: 0.0306  data: 0.0001  max mem: 2691
      TTA Epoch: [59] Total time: 0:00:04 (0.0361 s / it)
     Averaged stats: entropy: 0.2556  uncertainty: 1.0000  uncertainty_coeffi: 1.0000  loss: 0.2556  lr: 0.0000
     itm tta time 0:00:04
     Computing matching score
      Evaluation: [   0/1978]  eta: 0:01:24    time: 0.0426  data: 0.0024  max mem: 2691
      Evaluation: [ 100/1978]  eta: 0:01:13    time: 0.0391  data: 0.0000  max mem: 2691
      Evaluation: [ 200/1978]  eta: 0:01:09    time: 0.0389  data: 0.0000  max mem: 2691
      Evaluation: [ 300/1978]  eta: 0:01:05    time: 0.0390  data: 0.0000  max mem: 2691
      Evaluation: [ 400/1978]  eta: 0:01:01    time: 0.0392  data: 0.0000  max mem: 2691
      Evaluation: [ 500/1978]  eta: 0:00:57    time: 0.0394  data: 0.0000  max mem: 2691
      Evaluation: [ 600/1978]  eta: 0:00:53    time: 0.0391  data: 0.0000  max mem: 2691
      Evaluation: [ 700/1978]  eta: 0:00:50    time: 0.0392  data: 0.0000  max mem: 2691
      Evaluation: [ 800/1978]  eta: 0:00:46    time: 0.0397  data: 0.0000  max mem: 2691
      Evaluation: [ 900/1978]  eta: 0:00:42    time: 0.0392  data: 0.0000  max mem: 2691
      Evaluation: [1000/1978]  eta: 0:00:38    time: 0.0393  data: 0.0000  max mem: 2691
      Evaluation: [1100/1978]  eta: 0:00:34    time: 0.0392  data: 0.0000  max mem: 2691
      Evaluation: [1200/1978]  eta: 0:00:30    time: 0.0392  data: 0.0000  max mem: 2691
      Evaluation: [1300/1978]  eta: 0:00:26    time: 0.0393  data: 0.0000  max mem: 2691
      Evaluation: [1400/1978]  eta: 0:00:22    time: 0.0391  data: 0.0000  max mem: 2691
      Evaluation: [1500/1978]  eta: 0:00:18    time: 0.0392  data: 0.0000  max mem: 2691
      Evaluation: [1600/1978]  eta: 0:00:14    time: 0.0391  data: 0.0000  max mem: 2691
      Evaluation: [1700/1978]  eta: 0:00:10    time: 0.0391  data: 0.0000  max mem: 2691
      Evaluation: [1800/1978]  eta: 0:00:06    time: 0.0397  data: 0.0000  max mem: 2691
      Evaluation: [1900/1978]  eta: 0:00:03    time: 0.0391  data: 0.0000  max mem: 2691
      Evaluation: [1977/1978]  eta: 0:00:00    time: 0.0392  data: 0.0000  max mem: 2691
      Evaluation: Total time: 0:01:17 (0.0392 s / it)
     Computing matching score time 0:01:17
### TTA ITM Score: 
+-------------------+--------+--------+--------+--------+--------+
|       epoch       |   R1   |   R5   |  R10   |  mAP   |  mINP  |
+-------------------+--------+--------+--------+--------+--------+
|        -999       | 69.414 | 95.197 | 97.776 | 81.233 | 81.233 |
|        -999       | 84.277 | 99.039 | 99.596 | 91.276 | 91.276 |
|  cos_sim_wo/norm  | 58.544 | 91.860 | 95.703 | 73.596 | 73.596 |
|        -999       | 69.414 | 95.197 | 97.776 | 81.233 | 81.233 |
| itm_score_wo/norm | 84.328 | 98.989 | 99.494 | 91.293 | 91.293 |
|        -999       | 84.277 | 99.039 | 99.596 | 91.276 | 91.276 |
|         0         | 84.328 | 99.039 | 99.596 | 91.301 | 91.301 |
|         1         | 84.277 | 99.039 | 99.596 | 91.285 | 91.285 |
|         2         | 84.429 | 99.039 | 99.596 | 91.352 | 91.352 |
|         4         | 84.783 | 99.039 | 99.596 | 91.520 | 91.520 |
|         9         | 84.580 | 98.938 | 99.494 | 91.382 | 91.382 |
|         14        | 84.681 | 98.888 | 99.494 | 91.404 | 91.404 |
|         19        | 84.580 | 98.837 | 99.494 | 91.353 | 91.353 |
|         29        | 84.631 | 98.787 | 99.494 | 91.377 | 91.377 |
|         39        | 84.530 | 98.787 | 99.494 | 91.304 | 91.304 |
|         49        | 84.530 | 98.787 | 99.494 | 91.304 | 91.304 |
|         59        | 84.580 | 98.787 | 99.494 | 91.328 | 91.328 |
+-------------------+--------+--------+--------+--------+--------+
     logs:  {'epo': 59, 'R1': np.float32(84.58), 'R5': np.float32(98.787), 'R10': np.float32(99.494), 'mAP': np.float32(91.328), 'mINP': np.float32(91.328), 'entropy': 0.255554, 'uncertainty': 1.0, 'uncertainty_coeffi': 1.0, 'loss': 0.255554, 'lr': 0.0}
### best epoch 4 : {'epo': '4', 'R1': '84.783', 'R5': '99.039', 'R10': '99.596', 'mAP': '91.52', 'mINP': '91.52', 'entropy': '0.363873', 'uncertainty': '1.0', 'uncertainty_coeffi': '1.0', 'loss': '0.363873', 'lr': '1e-05'}
### Time 0:20:12
NNODES,  1
NODE_RANK,  0
MASTER_ADDR,  127.0.0.1
MASTER_PORT,  1612
NPROC_PER_NODE,  2
task:  exp1.0.4
config:  configs_rerun4/exp1.0.4.yaml
output_dir:  output_rerun4/exp1.0.4/2025092113250
python3 tta.py --config configs_rerun4/exp1.0.4.yaml --task exp1.0.4 --output_dir output_rerun4/exp1.0.4/2025092113250 --checkpoint checkpoint/cmp.pth --bs 0 --epo 0 --lr 0.0 --seed 42 --tta
