/home/jiahao/miniconda3/envs/cmp/lib/python3.10/site-packages/torch/functional.py:554: UserWarning: torch.meshgrid: in an upcoming release, it will be required to pass the indexing argument. (Triggered internally at /pytorch/aten/src/ATen/native/TensorShape.cpp:4322.)
  return _VF.meshgrid(tensors, **kwargs)  # type: ignore[attr-defined]
Not using distributed mode
### Hyper-parameters:
     seed: 42
     device: cuda
     output_dir: output/tta_exp4.3/2025082212420
     batch_size_tta: 16
     epochs: 30
     lr: 0.001
### Creating test dataset
from data/PAB/annotation/test/attr.json loading 1978 data
test dataset -->    be_pose_img: True
     test_dataset: 1978
### Creating test dataloader
### be careful: func create_loader returns a list length of 1
     test_loader: 90
### Creating model
build_vision_encoder: load swin 224 x 224 ====>
missing_keys:  []
unexpected_keys:  ['head.weight', 'head.bias']
build_text_encoder: load bert ====>
missing_keys: ['bert.encoder.layer.10.crossattention.output.LayerNorm.bias', 'bert.encoder.layer.10.crossattention.output.LayerNorm.weight', 'bert.encoder.layer.10.crossattention.output.dense.bias', 'bert.encoder.layer.10.crossattention.output.dense.weight', 'bert.encoder.layer.10.crossattention.self.key.bias', 'bert.encoder.layer.10.crossattention.self.key.weight', 'bert.encoder.layer.10.crossattention.self.query.bias', 'bert.encoder.layer.10.crossattention.self.query.weight', 'bert.encoder.layer.10.crossattention.self.value.bias', 'bert.encoder.layer.10.crossattention.self.value.weight', 'bert.encoder.layer.11.crossattention.output.LayerNorm.bias', 'bert.encoder.layer.11.crossattention.output.LayerNorm.weight', 'bert.encoder.layer.11.crossattention.output.dense.bias', 'bert.encoder.layer.11.crossattention.output.dense.weight', 'bert.encoder.layer.11.crossattention.self.key.bias', 'bert.encoder.layer.11.crossattention.self.key.weight', 'bert.encoder.layer.11.crossattention.self.query.bias', 'bert.encoder.layer.11.crossattention.self.query.weight', 'bert.encoder.layer.11.crossattention.self.value.bias', 'bert.encoder.layer.11.crossattention.self.value.weight', 'bert.encoder.layer.6.crossattention.output.LayerNorm.bias', 'bert.encoder.layer.6.crossattention.output.LayerNorm.weight', 'bert.encoder.layer.6.crossattention.output.dense.bias', 'bert.encoder.layer.6.crossattention.output.dense.weight', 'bert.encoder.layer.6.crossattention.self.key.bias', 'bert.encoder.layer.6.crossattention.self.key.weight', 'bert.encoder.layer.6.crossattention.self.query.bias', 'bert.encoder.layer.6.crossattention.self.query.weight', 'bert.encoder.layer.6.crossattention.self.value.bias', 'bert.encoder.layer.6.crossattention.self.value.weight', 'bert.encoder.layer.7.crossattention.output.LayerNorm.bias', 'bert.encoder.layer.7.crossattention.output.LayerNorm.weight', 'bert.encoder.layer.7.crossattention.output.dense.bias', 'bert.encoder.layer.7.crossattention.output.dense.weight', 'bert.encoder.layer.7.crossattention.self.key.bias', 'bert.encoder.layer.7.crossattention.self.key.weight', 'bert.encoder.layer.7.crossattention.self.query.bias', 'bert.encoder.layer.7.crossattention.self.query.weight', 'bert.encoder.layer.7.crossattention.self.value.bias', 'bert.encoder.layer.7.crossattention.self.value.weight', 'bert.encoder.layer.8.crossattention.output.LayerNorm.bias', 'bert.encoder.layer.8.crossattention.output.LayerNorm.weight', 'bert.encoder.layer.8.crossattention.output.dense.bias', 'bert.encoder.layer.8.crossattention.output.dense.weight', 'bert.encoder.layer.8.crossattention.self.key.bias', 'bert.encoder.layer.8.crossattention.self.key.weight', 'bert.encoder.layer.8.crossattention.self.query.bias', 'bert.encoder.layer.8.crossattention.self.query.weight', 'bert.encoder.layer.8.crossattention.self.value.bias', 'bert.encoder.layer.8.crossattention.self.value.weight', 'bert.encoder.layer.9.crossattention.output.LayerNorm.bias', 'bert.encoder.layer.9.crossattention.output.LayerNorm.weight', 'bert.encoder.layer.9.crossattention.output.dense.bias', 'bert.encoder.layer.9.crossattention.output.dense.weight', 'bert.encoder.layer.9.crossattention.self.key.bias', 'bert.encoder.layer.9.crossattention.self.key.weight', 'bert.encoder.layer.9.crossattention.self.query.bias', 'bert.encoder.layer.9.crossattention.self.query.weight', 'bert.encoder.layer.9.crossattention.self.value.bias', 'bert.encoder.layer.9.crossattention.self.value.weight']
unexpected_keys: ['cls.seq_relationship.bias', 'cls.seq_relationship.weight']
mismatched_keys: []
error_msgs: []
Label Smooth: 0.2
pose_conv
load checkpoint from checkpoint/cmp.pth
missing_keys:  ['uncertainty_temper', 'prompt_learning_embedding']
unexpected_keys:  []
     Total Params Sum:  254264985
### Inference ITC similiarity matrix
### Zero-Shot Score: 
+-------+--------+--------+--------+--------+--------+
| epoch |   R1   |   R5   |  R10   |  mAP   |  mINP  |
+-------+--------+--------+--------+--------+--------+
|  -999 | 69.414 | 95.197 | 97.776 | 81.233 | 81.233 |
|  -999 | 84.277 | 99.039 | 99.596 | 91.276 | 91.276 |
+-------+--------+--------+--------+--------+--------+
### TTA:
     preprocess_tta_coefficients  start
     sample selection ...
     number of sample after sample_selection: 1978
     uncertainty ...
     preprocess_tta_coefficients  end
### Creating tta dataset
     tta_dataset: 1978
### Creating tta dataloader
### be careful: func create_loader returns a list length of 1
     tta_loader: 123
### Configure adapted weights
     TTA Dropout Modules: 
 [('vision_encoder.pos_drop', Dropout(p=0, inplace=False), True), ('vision_encoder.layers.0.blocks.0.attn.attn_drop', Dropout(p=0.0, inplace=False), True), ('vision_encoder.layers.0.blocks.0.attn.proj_drop', Dropout(p=0, inplace=False), True), ('vision_encoder.layers.0.blocks.0.mlp.drop', Dropout(p=0, inplace=False), True), ('vision_encoder.layers.0.blocks.1.attn.attn_drop', Dropout(p=0.0, inplace=False), True), ('vision_encoder.layers.0.blocks.1.attn.proj_drop', Dropout(p=0, inplace=False), True), ('vision_encoder.layers.0.blocks.1.mlp.drop', Dropout(p=0, inplace=False), True), ('vision_encoder.layers.1.blocks.0.attn.attn_drop', Dropout(p=0.0, inplace=False), True), ('vision_encoder.layers.1.blocks.0.attn.proj_drop', Dropout(p=0, inplace=False), True), ('vision_encoder.layers.1.blocks.0.mlp.drop', Dropout(p=0, inplace=False), True), ('vision_encoder.layers.1.blocks.1.attn.attn_drop', Dropout(p=0.0, inplace=False), True), ('vision_encoder.layers.1.blocks.1.attn.proj_drop', Dropout(p=0, inplace=False), True), ('vision_encoder.layers.1.blocks.1.mlp.drop', Dropout(p=0, inplace=False), True), ('vision_encoder.layers.2.blocks.0.attn.attn_drop', Dropout(p=0.0, inplace=False), True), ('vision_encoder.layers.2.blocks.0.attn.proj_drop', Dropout(p=0, inplace=False), True), ('vision_encoder.layers.2.blocks.0.mlp.drop', Dropout(p=0, inplace=False), True), ('vision_encoder.layers.2.blocks.1.attn.attn_drop', Dropout(p=0.0, inplace=False), True), ('vision_encoder.layers.2.blocks.1.attn.proj_drop', Dropout(p=0, inplace=False), True), ('vision_encoder.layers.2.blocks.1.mlp.drop', Dropout(p=0, inplace=False), True), ('vision_encoder.layers.2.blocks.2.attn.attn_drop', Dropout(p=0.0, inplace=False), True), ('vision_encoder.layers.2.blocks.2.attn.proj_drop', Dropout(p=0, inplace=False), True), ('vision_encoder.layers.2.blocks.2.mlp.drop', Dropout(p=0, inplace=False), True), ('vision_encoder.layers.2.blocks.3.attn.attn_drop', Dropout(p=0.0, inplace=False), True), ('vision_encoder.layers.2.blocks.3.attn.proj_drop', Dropout(p=0, inplace=False), True), ('vision_encoder.layers.2.blocks.3.mlp.drop', Dropout(p=0, inplace=False), True), ('vision_encoder.layers.2.blocks.4.attn.attn_drop', Dropout(p=0.0, inplace=False), True), ('vision_encoder.layers.2.blocks.4.attn.proj_drop', Dropout(p=0, inplace=False), True), ('vision_encoder.layers.2.blocks.4.mlp.drop', Dropout(p=0, inplace=False), True), ('vision_encoder.layers.2.blocks.5.attn.attn_drop', Dropout(p=0.0, inplace=False), True), ('vision_encoder.layers.2.blocks.5.attn.proj_drop', Dropout(p=0, inplace=False), True), ('vision_encoder.layers.2.blocks.5.mlp.drop', Dropout(p=0, inplace=False), True), ('vision_encoder.layers.2.blocks.6.attn.attn_drop', Dropout(p=0.0, inplace=False), True), ('vision_encoder.layers.2.blocks.6.attn.proj_drop', Dropout(p=0, inplace=False), True), ('vision_encoder.layers.2.blocks.6.mlp.drop', Dropout(p=0, inplace=False), True), ('vision_encoder.layers.2.blocks.7.attn.attn_drop', Dropout(p=0.0, inplace=False), True), ('vision_encoder.layers.2.blocks.7.attn.proj_drop', Dropout(p=0, inplace=False), True), ('vision_encoder.layers.2.blocks.7.mlp.drop', Dropout(p=0, inplace=False), True), ('vision_encoder.layers.2.blocks.8.attn.attn_drop', Dropout(p=0.0, inplace=False), True), ('vision_encoder.layers.2.blocks.8.attn.proj_drop', Dropout(p=0, inplace=False), True), ('vision_encoder.layers.2.blocks.8.mlp.drop', Dropout(p=0, inplace=False), True), ('vision_encoder.layers.2.blocks.9.attn.attn_drop', Dropout(p=0.0, inplace=False), True), ('vision_encoder.layers.2.blocks.9.attn.proj_drop', Dropout(p=0, inplace=False), True), ('vision_encoder.layers.2.blocks.9.mlp.drop', Dropout(p=0, inplace=False), True), ('vision_encoder.layers.2.blocks.10.attn.attn_drop', Dropout(p=0.0, inplace=False), True), ('vision_encoder.layers.2.blocks.10.attn.proj_drop', Dropout(p=0, inplace=False), True), ('vision_encoder.layers.2.blocks.10.mlp.drop', Dropout(p=0, inplace=False), True), ('vision_encoder.layers.2.blocks.11.attn.attn_drop', Dropout(p=0.0, inplace=False), True), ('vision_encoder.layers.2.blocks.11.attn.proj_drop', Dropout(p=0, inplace=False), True), ('vision_encoder.layers.2.blocks.11.mlp.drop', Dropout(p=0, inplace=False), True), ('vision_encoder.layers.2.blocks.12.attn.attn_drop', Dropout(p=0.0, inplace=False), True), ('vision_encoder.layers.2.blocks.12.attn.proj_drop', Dropout(p=0, inplace=False), True), ('vision_encoder.layers.2.blocks.12.mlp.drop', Dropout(p=0, inplace=False), True), ('vision_encoder.layers.2.blocks.13.attn.attn_drop', Dropout(p=0.0, inplace=False), True), ('vision_encoder.layers.2.blocks.13.attn.proj_drop', Dropout(p=0, inplace=False), True), ('vision_encoder.layers.2.blocks.13.mlp.drop', Dropout(p=0, inplace=False), True), ('vision_encoder.layers.2.blocks.14.attn.attn_drop', Dropout(p=0.0, inplace=False), True), ('vision_encoder.layers.2.blocks.14.attn.proj_drop', Dropout(p=0, inplace=False), True), ('vision_encoder.layers.2.blocks.14.mlp.drop', Dropout(p=0, inplace=False), True), ('vision_encoder.layers.2.blocks.15.attn.attn_drop', Dropout(p=0.0, inplace=False), True), ('vision_encoder.layers.2.blocks.15.attn.proj_drop', Dropout(p=0, inplace=False), True), ('vision_encoder.layers.2.blocks.15.mlp.drop', Dropout(p=0, inplace=False), True), ('vision_encoder.layers.2.blocks.16.attn.attn_drop', Dropout(p=0.0, inplace=False), True), ('vision_encoder.layers.2.blocks.16.attn.proj_drop', Dropout(p=0, inplace=False), True), ('vision_encoder.layers.2.blocks.16.mlp.drop', Dropout(p=0, inplace=False), True), ('vision_encoder.layers.2.blocks.17.attn.attn_drop', Dropout(p=0.0, inplace=False), True), ('vision_encoder.layers.2.blocks.17.attn.proj_drop', Dropout(p=0, inplace=False), True), ('vision_encoder.layers.2.blocks.17.mlp.drop', Dropout(p=0, inplace=False), True), ('vision_encoder.layers.3.blocks.0.attn.attn_drop', Dropout(p=0.0, inplace=False), True), ('vision_encoder.layers.3.blocks.0.attn.proj_drop', Dropout(p=0, inplace=False), True), ('vision_encoder.layers.3.blocks.0.mlp.drop', Dropout(p=0, inplace=False), True), ('vision_encoder.layers.3.blocks.1.attn.attn_drop', Dropout(p=0.0, inplace=False), True), ('vision_encoder.layers.3.blocks.1.attn.proj_drop', Dropout(p=0, inplace=False), True), ('vision_encoder.layers.3.blocks.1.mlp.drop', Dropout(p=0, inplace=False), True), ('vision_proj.1', Dropout(p=0.5, inplace=False), True), ('text_proj.1', Dropout(p=0.5, inplace=False), True), ('pose_block.attn.attn_drop', Dropout(p=0.0, inplace=False), True), ('pose_block.attn.proj_drop', Dropout(p=0.0, inplace=False), True)]
     TTA Require Gradient Params: 
 [('uncertainty_temper', torch.Size([1])), ('text_encoder.bert.embeddings.LayerNorm.weight', torch.Size([768])), ('text_encoder.bert.embeddings.LayerNorm.bias', torch.Size([768])), ('text_encoder.bert.encoder.layer.6.attention.output.LayerNorm.weight', torch.Size([768])), ('text_encoder.bert.encoder.layer.6.attention.output.LayerNorm.bias', torch.Size([768])), ('text_encoder.bert.encoder.layer.6.crossattention.output.LayerNorm.weight', torch.Size([768])), ('text_encoder.bert.encoder.layer.6.crossattention.output.LayerNorm.bias', torch.Size([768])), ('text_encoder.bert.encoder.layer.6.output.LayerNorm.weight', torch.Size([768])), ('text_encoder.bert.encoder.layer.6.output.LayerNorm.bias', torch.Size([768])), ('text_encoder.bert.encoder.layer.7.attention.output.LayerNorm.weight', torch.Size([768])), ('text_encoder.bert.encoder.layer.7.attention.output.LayerNorm.bias', torch.Size([768])), ('text_encoder.bert.encoder.layer.7.crossattention.output.LayerNorm.weight', torch.Size([768])), ('text_encoder.bert.encoder.layer.7.crossattention.output.LayerNorm.bias', torch.Size([768])), ('text_encoder.bert.encoder.layer.7.output.LayerNorm.weight', torch.Size([768])), ('text_encoder.bert.encoder.layer.7.output.LayerNorm.bias', torch.Size([768])), ('text_encoder.bert.encoder.layer.8.attention.output.LayerNorm.weight', torch.Size([768])), ('text_encoder.bert.encoder.layer.8.attention.output.LayerNorm.bias', torch.Size([768])), ('text_encoder.bert.encoder.layer.8.crossattention.output.LayerNorm.weight', torch.Size([768])), ('text_encoder.bert.encoder.layer.8.crossattention.output.LayerNorm.bias', torch.Size([768])), ('text_encoder.bert.encoder.layer.8.output.LayerNorm.weight', torch.Size([768])), ('text_encoder.bert.encoder.layer.8.output.LayerNorm.bias', torch.Size([768])), ('text_encoder.bert.encoder.layer.9.attention.output.LayerNorm.weight', torch.Size([768])), ('text_encoder.bert.encoder.layer.9.attention.output.LayerNorm.bias', torch.Size([768])), ('text_encoder.bert.encoder.layer.9.crossattention.output.LayerNorm.weight', torch.Size([768])), ('text_encoder.bert.encoder.layer.9.crossattention.output.LayerNorm.bias', torch.Size([768])), ('text_encoder.bert.encoder.layer.9.output.LayerNorm.weight', torch.Size([768])), ('text_encoder.bert.encoder.layer.9.output.LayerNorm.bias', torch.Size([768])), ('text_encoder.bert.encoder.layer.10.attention.output.LayerNorm.weight', torch.Size([768])), ('text_encoder.bert.encoder.layer.10.attention.output.LayerNorm.bias', torch.Size([768])), ('text_encoder.bert.encoder.layer.10.crossattention.output.LayerNorm.weight', torch.Size([768])), ('text_encoder.bert.encoder.layer.10.crossattention.output.LayerNorm.bias', torch.Size([768])), ('text_encoder.bert.encoder.layer.10.output.LayerNorm.weight', torch.Size([768])), ('text_encoder.bert.encoder.layer.10.output.LayerNorm.bias', torch.Size([768])), ('text_encoder.bert.encoder.layer.11.attention.output.LayerNorm.weight', torch.Size([768])), ('text_encoder.bert.encoder.layer.11.attention.output.LayerNorm.bias', torch.Size([768])), ('text_encoder.bert.encoder.layer.11.crossattention.output.LayerNorm.weight', torch.Size([768])), ('text_encoder.bert.encoder.layer.11.crossattention.output.LayerNorm.bias', torch.Size([768])), ('text_encoder.bert.encoder.layer.11.output.LayerNorm.weight', torch.Size([768])), ('text_encoder.bert.encoder.layer.11.output.LayerNorm.bias', torch.Size([768])), ('text_encoder.cls.predictions.transform.LayerNorm.weight', torch.Size([768])), ('text_encoder.cls.predictions.transform.LayerNorm.bias', torch.Size([768])), ('itm_head.1.weight', torch.Size([1536])), ('itm_head.1.bias', torch.Size([1536]))]
     TTA Dropout Modules Number: 
 77
     TTA Require Gradient Params Sum: 
 33793
     lr:  0.001    lr_mult:  2
     model has 'init_params',  386
     num_tta_steps:  3720
     num_warmup_steps:  100
     sched: step
/home/jiahao/task/CMP/tta.py:206: FutureWarning: `torch.cuda.amp.GradScaler(args...)` is deprecated. Please use `torch.amp.GradScaler('cuda', args...)` instead.
  scaler = GradScaler()  # bf16
### Start ITM Test Time Adaptation
      TTA Epoch: [0] [  0/123]  eta: 0:02:35  lr: 0.000010  entropy: 0.3814  loss: 1.3814  time: 1.2654  data: 0.4782  max mem: 2639
      TTA Epoch: [0] [100/123]  eta: 0:00:01  lr: 0.001000  entropy: 0.0140  loss: 0.9659  time: 0.0371  data: 0.0002  max mem: 2671
      TTA Epoch: [0] [122/123]  eta: 0:00:00  lr: 0.000994  entropy: 0.2921  loss: 1.2442  time: 0.0356  data: 0.0001  max mem: 2671
      TTA Epoch: [0] Total time: 0:00:05 (0.0470 s / it)
     Averaged stats: lr: 0.0006  entropy: 0.2905  loss: 1.2724
     Computing matching score
      Evaluation: [   0/1978]  eta: 0:03:30    time: 0.1063  data: 0.0033  max mem: 2671
      Evaluation: [ 100/1978]  eta: 0:01:26    time: 0.0450  data: 0.0000  max mem: 2671
      Evaluation: [ 200/1978]  eta: 0:01:20    time: 0.0443  data: 0.0000  max mem: 2671
      Evaluation: [ 300/1978]  eta: 0:01:14    time: 0.0407  data: 0.0000  max mem: 2671
      Evaluation: [ 400/1978]  eta: 0:01:09    time: 0.0426  data: 0.0000  max mem: 2671
      Evaluation: [ 500/1978]  eta: 0:01:04    time: 0.0430  data: 0.0000  max mem: 2671
      Evaluation: [ 600/1978]  eta: 0:01:00    time: 0.0433  data: 0.0000  max mem: 2671
      Evaluation: [ 700/1978]  eta: 0:00:55    time: 0.0425  data: 0.0000  max mem: 2671
      Evaluation: [ 800/1978]  eta: 0:00:51    time: 0.0437  data: 0.0000  max mem: 2671
      Evaluation: [ 900/1978]  eta: 0:00:46    time: 0.0427  data: 0.0000  max mem: 2671
      Evaluation: [1000/1978]  eta: 0:00:42    time: 0.0429  data: 0.0000  max mem: 2671
      Evaluation: [1100/1978]  eta: 0:00:38    time: 0.0413  data: 0.0000  max mem: 2671
      Evaluation: [1200/1978]  eta: 0:00:33    time: 0.0407  data: 0.0000  max mem: 2671
      Evaluation: [1300/1978]  eta: 0:00:29    time: 0.0401  data: 0.0000  max mem: 2671
      Evaluation: [1400/1978]  eta: 0:00:24    time: 0.0401  data: 0.0000  max mem: 2671
      Evaluation: [1500/1978]  eta: 0:00:20    time: 0.0401  data: 0.0000  max mem: 2671
      Evaluation: [1600/1978]  eta: 0:00:16    time: 0.0400  data: 0.0000  max mem: 2671
      Evaluation: [1700/1978]  eta: 0:00:11    time: 0.0414  data: 0.0000  max mem: 2671
      Evaluation: [1800/1978]  eta: 0:00:07    time: 0.0416  data: 0.0000  max mem: 2671
      Evaluation: [1900/1978]  eta: 0:00:03    time: 0.0435  data: 0.0000  max mem: 2671
      Evaluation: [1977/1978]  eta: 0:00:00    time: 0.0424  data: 0.0000  max mem: 2671
      Evaluation: Total time: 0:01:23 (0.0424 s / it)
     Computing matching score time 0:01:24
### TTA ITM Score: 
+-------+--------+--------+--------+--------+--------+
| epoch |   R1   |   R5   |  R10   |  mAP   |  mINP  |
+-------+--------+--------+--------+--------+--------+
|  -999 | 69.414 | 95.197 | 97.776 | 81.233 | 81.233 |
|  -999 | 84.277 | 99.039 | 99.596 | 91.276 | 91.276 |
|   0   | 84.226 | 98.686 | 99.444 | 91.130 | 91.130 |
+-------+--------+--------+--------+--------+--------+
     logs:  {'epo': 0, 'R1': np.float32(84.226), 'R5': np.float32(98.686), 'R10': np.float32(99.444), 'mAP': np.float32(91.13), 'mINP': np.float32(91.13), 'lr': 0.000597, 'entropy': 0.290507, 'loss': 1.272361}
      TTA Epoch: [1] [  0/123]  eta: 0:01:06  lr: 0.000993  entropy: 0.1056  loss: 1.0429  time: 0.5433  data: 0.4868  max mem: 2671
      TTA Epoch: [1] [100/123]  eta: 0:00:01  lr: 0.000966  entropy: 0.1191  loss: 0.9846  time: 0.0391  data: 0.0002  max mem: 2671
      TTA Epoch: [1] [122/123]  eta: 0:00:00  lr: 0.000960  entropy: 0.1773  loss: 1.0411  time: 0.0358  data: 0.0001  max mem: 2671
      TTA Epoch: [1] Total time: 0:00:05 (0.0427 s / it)
     Averaged stats: lr: 0.0010  entropy: 0.1407  loss: 1.0367
     Computing matching score
      Evaluation: [   0/1978]  eta: 0:01:28    time: 0.0446  data: 0.0025  max mem: 2671
      Evaluation: [ 100/1978]  eta: 0:01:19    time: 0.0423  data: 0.0000  max mem: 2671
      Evaluation: [ 200/1978]  eta: 0:01:15    time: 0.0447  data: 0.0000  max mem: 2671
      Evaluation: [ 300/1978]  eta: 0:01:11    time: 0.0426  data: 0.0000  max mem: 2671
      Evaluation: [ 400/1978]  eta: 0:01:07    time: 0.0436  data: 0.0000  max mem: 2671
      Evaluation: [ 500/1978]  eta: 0:01:03    time: 0.0407  data: 0.0000  max mem: 2671
      Evaluation: [ 600/1978]  eta: 0:00:58    time: 0.0423  data: 0.0000  max mem: 2671
      Evaluation: [ 700/1978]  eta: 0:00:54    time: 0.0406  data: 0.0000  max mem: 2671
      Evaluation: [ 800/1978]  eta: 0:00:49    time: 0.0406  data: 0.0000  max mem: 2671
      Evaluation: [ 900/1978]  eta: 0:00:45    time: 0.0403  data: 0.0000  max mem: 2671
      Evaluation: [1000/1978]  eta: 0:00:40    time: 0.0402  data: 0.0000  max mem: 2671
      Evaluation: [1100/1978]  eta: 0:00:36    time: 0.0402  data: 0.0000  max mem: 2671
      Evaluation: [1200/1978]  eta: 0:00:32    time: 0.0408  data: 0.0000  max mem: 2671
      Evaluation: [1300/1978]  eta: 0:00:28    time: 0.0427  data: 0.0000  max mem: 2671
      Evaluation: [1400/1978]  eta: 0:00:24    time: 0.0426  data: 0.0000  max mem: 2671
      Evaluation: [1500/1978]  eta: 0:00:20    time: 0.0426  data: 0.0000  max mem: 2671
      Evaluation: [1600/1978]  eta: 0:00:15    time: 0.0440  data: 0.0000  max mem: 2671
      Evaluation: [1700/1978]  eta: 0:00:11    time: 0.0439  data: 0.0000  max mem: 2671
      Evaluation: [1800/1978]  eta: 0:00:07    time: 0.0433  data: 0.0000  max mem: 2671
      Evaluation: [1900/1978]  eta: 0:00:03    time: 0.0446  data: 0.0000  max mem: 2671
      Evaluation: [1977/1978]  eta: 0:00:00    time: 0.0470  data: 0.0000  max mem: 2671
      Evaluation: Total time: 0:01:23 (0.0424 s / it)
     Computing matching score time 0:01:24
### TTA ITM Score: 
+-------+--------+--------+--------+--------+--------+
| epoch |   R1   |   R5   |  R10   |  mAP   |  mINP  |
+-------+--------+--------+--------+--------+--------+
|  -999 | 69.414 | 95.197 | 97.776 | 81.233 | 81.233 |
|  -999 | 84.277 | 99.039 | 99.596 | 91.276 | 91.276 |
|   0   | 84.226 | 98.686 | 99.444 | 91.130 | 91.130 |
|   1   | 84.277 | 98.938 | 99.393 | 91.216 | 91.216 |
+-------+--------+--------+--------+--------+--------+
     logs:  {'epo': 1, 'R1': np.float32(84.277), 'R5': np.float32(98.938), 'R10': np.float32(99.393), 'mAP': np.float32(91.216), 'mINP': np.float32(91.216), 'lr': 0.000977, 'entropy': 0.140734, 'loss': 1.036707}
      TTA Epoch: [2] [  0/123]  eta: 0:01:41  lr: 0.000959  entropy: 0.0990  loss: 0.9458  time: 0.8282  data: 0.7255  max mem: 2671
      TTA Epoch: [2] [100/123]  eta: 0:00:00  lr: 0.000932  entropy: 0.1012  loss: 0.8884  time: 0.0337  data: 0.0001  max mem: 2671
      TTA Epoch: [2] [122/123]  eta: 0:00:00  lr: 0.000926  entropy: 0.0403  loss: 0.7944  time: 0.0313  data: 0.0001  max mem: 2671
      TTA Epoch: [2] Total time: 0:00:04 (0.0405 s / it)
     Averaged stats: lr: 0.0009  entropy: 0.0939  loss: 0.9018
     Computing matching score
      Evaluation: [   0/1978]  eta: 0:01:46    time: 0.0539  data: 0.0035  max mem: 2671
      Evaluation: [ 100/1978]  eta: 0:01:17    time: 0.0408  data: 0.0000  max mem: 2671
      Evaluation: [ 200/1978]  eta: 0:01:13    time: 0.0408  data: 0.0000  max mem: 2671
      Evaluation: [ 300/1978]  eta: 0:01:09    time: 0.0408  data: 0.0000  max mem: 2671
      Evaluation: [ 400/1978]  eta: 0:01:04    time: 0.0405  data: 0.0000  max mem: 2671
      Evaluation: [ 500/1978]  eta: 0:01:00    time: 0.0410  data: 0.0000  max mem: 2671
      Evaluation: [ 600/1978]  eta: 0:00:56    time: 0.0403  data: 0.0000  max mem: 2671
      Evaluation: [ 700/1978]  eta: 0:00:52    time: 0.0449  data: 0.0000  max mem: 2671
      Evaluation: [ 800/1978]  eta: 0:00:48    time: 0.0435  data: 0.0000  max mem: 2671
      Evaluation: [ 900/1978]  eta: 0:00:44    time: 0.0427  data: 0.0000  max mem: 2671
      Evaluation: [1000/1978]  eta: 0:00:40    time: 0.0422  data: 0.0000  max mem: 2671
      Evaluation: [1100/1978]  eta: 0:00:36    time: 0.0445  data: 0.0000  max mem: 2671
      Evaluation: [1200/1978]  eta: 0:00:32    time: 0.0432  data: 0.0000  max mem: 2671
      Evaluation: [1300/1978]  eta: 0:00:28    time: 0.0453  data: 0.0000  max mem: 2671
      Evaluation: [1400/1978]  eta: 0:00:24    time: 0.0420  data: 0.0000  max mem: 2671
      Evaluation: [1500/1978]  eta: 0:00:20    time: 0.0407  data: 0.0000  max mem: 2671
      Evaluation: [1600/1978]  eta: 0:00:15    time: 0.0405  data: 0.0000  max mem: 2671
      Evaluation: [1700/1978]  eta: 0:00:11    time: 0.0410  data: 0.0000  max mem: 2671
      Evaluation: [1800/1978]  eta: 0:00:07    time: 0.0405  data: 0.0000  max mem: 2671
      Evaluation: [1900/1978]  eta: 0:00:03    time: 0.0402  data: 0.0000  max mem: 2671
      Evaluation: [1977/1978]  eta: 0:00:00    time: 0.0406  data: 0.0000  max mem: 2671
      Evaluation: Total time: 0:01:22 (0.0417 s / it)
     Computing matching score time 0:01:22
### TTA ITM Score: 
+-------+--------+--------+--------+--------+--------+
| epoch |   R1   |   R5   |  R10   |  mAP   |  mINP  |
+-------+--------+--------+--------+--------+--------+
|  -999 | 69.414 | 95.197 | 97.776 | 81.233 | 81.233 |
|  -999 | 84.277 | 99.039 | 99.596 | 91.276 | 91.276 |
|   0   | 84.226 | 98.686 | 99.444 | 91.130 | 91.130 |
|   1   | 84.277 | 98.938 | 99.393 | 91.216 | 91.216 |
|   2   | 84.479 | 98.635 | 99.343 | 91.223 | 91.223 |
+-------+--------+--------+--------+--------+--------+
     logs:  {'epo': 2, 'R1': np.float32(84.479), 'R5': np.float32(98.635), 'R10': np.float32(99.343), 'mAP': np.float32(91.223), 'mINP': np.float32(91.223), 'lr': 0.000943, 'entropy': 0.093926, 'loss': 0.901835}
      TTA Epoch: [3] [  0/123]  eta: 0:01:00  lr: 0.000925  entropy: 0.0934  loss: 0.8656  time: 0.4897  data: 0.4362  max mem: 2671
      TTA Epoch: [3] [100/123]  eta: 0:00:00  lr: 0.000449  entropy: 0.0829  loss: 0.8170  time: 0.0336  data: 0.0001  max mem: 2671
      TTA Epoch: [3] [122/123]  eta: 0:00:00  lr: 0.000446  entropy: 0.0869  loss: 0.8172  time: 0.0309  data: 0.0001  max mem: 2671
      TTA Epoch: [3] Total time: 0:00:04 (0.0375 s / it)
     Averaged stats: lr: 0.0006  entropy: 0.0735  loss: 0.8146
     Computing matching score
      Evaluation: [   0/1978]  eta: 0:01:30    time: 0.0456  data: 0.0035  max mem: 2671
      Evaluation: [ 100/1978]  eta: 0:01:19    time: 0.0450  data: 0.0000  max mem: 2671
      Evaluation: [ 200/1978]  eta: 0:01:16    time: 0.0426  data: 0.0000  max mem: 2671
      Evaluation: [ 300/1978]  eta: 0:01:11    time: 0.0425  data: 0.0000  max mem: 2671
      Evaluation: [ 400/1978]  eta: 0:01:07    time: 0.0431  data: 0.0000  max mem: 2671
      Evaluation: [ 500/1978]  eta: 0:01:03    time: 0.0435  data: 0.0000  max mem: 2671
      Evaluation: [ 600/1978]  eta: 0:00:59    time: 0.0431  data: 0.0000  max mem: 2671
      Evaluation: [ 700/1978]  eta: 0:00:55    time: 0.0448  data: 0.0000  max mem: 2671
      Evaluation: [ 800/1978]  eta: 0:00:50    time: 0.0402  data: 0.0000  max mem: 2671
      Evaluation: [ 900/1978]  eta: 0:00:46    time: 0.0410  data: 0.0000  max mem: 2671
      Evaluation: [1000/1978]  eta: 0:00:41    time: 0.0404  data: 0.0000  max mem: 2671
      Evaluation: [1100/1978]  eta: 0:00:37    time: 0.0407  data: 0.0000  max mem: 2671
      Evaluation: [1200/1978]  eta: 0:00:32    time: 0.0409  data: 0.0000  max mem: 2671
      Evaluation: [1300/1978]  eta: 0:00:28    time: 0.0407  data: 0.0000  max mem: 2671
      Evaluation: [1400/1978]  eta: 0:00:24    time: 0.0406  data: 0.0000  max mem: 2671
      Evaluation: [1500/1978]  eta: 0:00:20    time: 0.0405  data: 0.0000  max mem: 2671
      Evaluation: [1600/1978]  eta: 0:00:15    time: 0.0439  data: 0.0000  max mem: 2671
      Evaluation: [1700/1978]  eta: 0:00:11    time: 0.0427  data: 0.0000  max mem: 2671
      Evaluation: [1800/1978]  eta: 0:00:07    time: 0.0419  data: 0.0000  max mem: 2671
      Evaluation: [1900/1978]  eta: 0:00:03    time: 0.0424  data: 0.0000  max mem: 2671
      Evaluation: [1977/1978]  eta: 0:00:00    time: 0.0446  data: 0.0000  max mem: 2671
      Evaluation: Total time: 0:01:23 (0.0421 s / it)
     Computing matching score time 0:01:23
### TTA ITM Score: 
+-------+--------+--------+--------+--------+--------+
| epoch |   R1   |   R5   |  R10   |  mAP   |  mINP  |
+-------+--------+--------+--------+--------+--------+
|  -999 | 69.414 | 95.197 | 97.776 | 81.233 | 81.233 |
|  -999 | 84.277 | 99.039 | 99.596 | 91.276 | 91.276 |
|   0   | 84.226 | 98.686 | 99.444 | 91.130 | 91.130 |
|   1   | 84.277 | 98.938 | 99.393 | 91.216 | 91.216 |
|   2   | 84.479 | 98.635 | 99.343 | 91.223 | 91.223 |
|   3   | 84.580 | 98.635 | 99.242 | 91.267 | 91.267 |
+-------+--------+--------+--------+--------+--------+
     logs:  {'epo': 3, 'R1': np.float32(84.58), 'R5': np.float32(98.635), 'R10': np.float32(99.242), 'mAP': np.float32(91.267), 'mINP': np.float32(91.267), 'lr': 0.000567, 'entropy': 0.073484, 'loss': 0.814569}
      TTA Epoch: [4] [  0/123]  eta: 0:01:29  lr: 0.000446  entropy: 0.0661  loss: 0.7868  time: 0.7287  data: 0.6642  max mem: 2671
      TTA Epoch: [4] [100/123]  eta: 0:00:01  lr: 0.000432  entropy: 0.0784  loss: 0.7811  time: 0.0392  data: 0.0044  max mem: 2671
      TTA Epoch: [4] [122/123]  eta: 0:00:00  lr: 0.000429  entropy: 0.0402  loss: 0.7179  time: 0.0381  data: 0.0043  max mem: 2671
      TTA Epoch: [4] Total time: 0:00:05 (0.0441 s / it)
     Averaged stats: lr: 0.0004  entropy: 0.0653  loss: 0.7705
     Computing matching score
      Evaluation: [   0/1978]  eta: 0:01:47    time: 0.0542  data: 0.0036  max mem: 2671
      Evaluation: [ 100/1978]  eta: 0:01:25    time: 0.0455  data: 0.0000  max mem: 2671
      Evaluation: [ 200/1978]  eta: 0:01:21    time: 0.0409  data: 0.0000  max mem: 2671
      Evaluation: [ 300/1978]  eta: 0:01:14    time: 0.0404  data: 0.0000  max mem: 2671
      Evaluation: [ 400/1978]  eta: 0:01:08    time: 0.0417  data: 0.0000  max mem: 2671
      Evaluation: [ 500/1978]  eta: 0:01:03    time: 0.0413  data: 0.0000  max mem: 2671
      Evaluation: [ 600/1978]  eta: 0:00:58    time: 0.0410  data: 0.0000  max mem: 2671
      Evaluation: [ 700/1978]  eta: 0:00:54    time: 0.0416  data: 0.0000  max mem: 2671
      Evaluation: [ 800/1978]  eta: 0:00:49    time: 0.0415  data: 0.0000  max mem: 2671
      Evaluation: [ 900/1978]  eta: 0:00:45    time: 0.0411  data: 0.0000  max mem: 2671
      Evaluation: [1000/1978]  eta: 0:00:41    time: 0.0439  data: 0.0000  max mem: 2671
      Evaluation: [1100/1978]  eta: 0:00:37    time: 0.0438  data: 0.0000  max mem: 2671
      Evaluation: [1200/1978]  eta: 0:00:33    time: 0.0437  data: 0.0000  max mem: 2671
      Evaluation: [1300/1978]  eta: 0:00:28    time: 0.0433  data: 0.0000  max mem: 2671
      Evaluation: [1400/1978]  eta: 0:00:24    time: 0.0438  data: 0.0000  max mem: 2671
      Evaluation: [1500/1978]  eta: 0:00:20    time: 0.0431  data: 0.0000  max mem: 2671
      Evaluation: [1600/1978]  eta: 0:00:16    time: 0.0454  data: 0.0000  max mem: 2671
      Evaluation: [1700/1978]  eta: 0:00:12    time: 0.0512  data: 0.0000  max mem: 2671
      Evaluation: [1800/1978]  eta: 0:00:07    time: 0.0418  data: 0.0000  max mem: 2671
      Evaluation: [1900/1978]  eta: 0:00:03    time: 0.0420  data: 0.0000  max mem: 2671
      Evaluation: [1977/1978]  eta: 0:00:00    time: 0.0420  data: 0.0000  max mem: 2671
      Evaluation: Total time: 0:01:25 (0.0431 s / it)
     Computing matching score time 0:01:25
### TTA ITM Score: 
+-------+--------+--------+--------+--------+--------+
| epoch |   R1   |   R5   |  R10   |  mAP   |  mINP  |
+-------+--------+--------+--------+--------+--------+
|  -999 | 69.414 | 95.197 | 97.776 | 81.233 | 81.233 |
|  -999 | 84.277 | 99.039 | 99.596 | 91.276 | 91.276 |
|   0   | 84.226 | 98.686 | 99.444 | 91.130 | 91.130 |
|   1   | 84.277 | 98.938 | 99.393 | 91.216 | 91.216 |
|   2   | 84.479 | 98.635 | 99.343 | 91.223 | 91.223 |
|   3   | 84.580 | 98.635 | 99.242 | 91.267 | 91.267 |
|   4   | 84.429 | 98.686 | 99.292 | 91.221 | 91.221 |
+-------+--------+--------+--------+--------+--------+
     logs:  {'epo': 4, 'R1': np.float32(84.429), 'R5': np.float32(98.686), 'R10': np.float32(99.292), 'mAP': np.float32(91.221), 'mINP': np.float32(91.221), 'lr': 0.000437, 'entropy': 0.065307, 'loss': 0.770501}
      TTA Epoch: [5] [  0/123]  eta: 0:00:56  lr: 0.000429  entropy: 0.0360  loss: 0.7112  time: 0.4587  data: 0.4051  max mem: 2671
      TTA Epoch: [5] [100/123]  eta: 0:00:00  lr: 0.000166  entropy: 0.0250  loss: 0.6721  time: 0.0326  data: 0.0001  max mem: 2671
      TTA Epoch: [5] [122/123]  eta: 0:00:00  lr: 0.000165  entropy: 0.0509  loss: 0.7111  time: 0.0308  data: 0.0001  max mem: 2671
      TTA Epoch: [5] Total time: 0:00:04 (0.0357 s / it)
     Averaged stats: lr: 0.0003  entropy: 0.0572  loss: 0.7304
     Computing matching score
      Evaluation: [   0/1978]  eta: 0:01:27    time: 0.0443  data: 0.0023  max mem: 2671
      Evaluation: [ 100/1978]  eta: 0:01:18    time: 0.0413  data: 0.0000  max mem: 2671
      Evaluation: [ 200/1978]  eta: 0:01:13    time: 0.0416  data: 0.0000  max mem: 2671
      Evaluation: [ 300/1978]  eta: 0:01:09    time: 0.0416  data: 0.0000  max mem: 2671
      Evaluation: [ 400/1978]  eta: 0:01:06    time: 0.0441  data: 0.0000  max mem: 2671
      Evaluation: [ 500/1978]  eta: 0:01:02    time: 0.0436  data: 0.0000  max mem: 2671
      Evaluation: [ 600/1978]  eta: 0:00:58    time: 0.0430  data: 0.0000  max mem: 2671
      Evaluation: [ 700/1978]  eta: 0:00:54    time: 0.0422  data: 0.0000  max mem: 2671
      Evaluation: [ 800/1978]  eta: 0:00:50    time: 0.0458  data: 0.0000  max mem: 2671
      Evaluation: [ 900/1978]  eta: 0:00:46    time: 0.0432  data: 0.0000  max mem: 2671
      Evaluation: [1000/1978]  eta: 0:00:42    time: 0.0437  data: 0.0000  max mem: 2671
      Evaluation: [1100/1978]  eta: 0:00:37    time: 0.0425  data: 0.0000  max mem: 2671
      Evaluation: [1200/1978]  eta: 0:00:33    time: 0.0428  data: 0.0000  max mem: 2671
      Evaluation: [1300/1978]  eta: 0:00:29    time: 0.0406  data: 0.0000  max mem: 2671
      Evaluation: [1400/1978]  eta: 0:00:24    time: 0.0407  data: 0.0000  max mem: 2671
      Evaluation: [1500/1978]  eta: 0:00:20    time: 0.0407  data: 0.0000  max mem: 2671
      Evaluation: [1600/1978]  eta: 0:00:16    time: 0.0406  data: 0.0000  max mem: 2671
      Evaluation: [1700/1978]  eta: 0:00:11    time: 0.0410  data: 0.0000  max mem: 2671
      Evaluation: [1800/1978]  eta: 0:00:07    time: 0.0410  data: 0.0000  max mem: 2671
      Evaluation: [1900/1978]  eta: 0:00:03    time: 0.0409  data: 0.0000  max mem: 2671
      Evaluation: [1977/1978]  eta: 0:00:00    time: 0.0405  data: 0.0000  max mem: 2671
      Evaluation: Total time: 0:01:23 (0.0421 s / it)
     Computing matching score time 0:01:23
### TTA ITM Score: 
+-------+--------+--------+--------+--------+--------+
| epoch |   R1   |   R5   |  R10   |  mAP   |  mINP  |
+-------+--------+--------+--------+--------+--------+
|  -999 | 69.414 | 95.197 | 97.776 | 81.233 | 81.233 |
|  -999 | 84.277 | 99.039 | 99.596 | 91.276 | 91.276 |
|   0   | 84.226 | 98.686 | 99.444 | 91.130 | 91.130 |
|   1   | 84.277 | 98.938 | 99.393 | 91.216 | 91.216 |
|   2   | 84.479 | 98.635 | 99.343 | 91.223 | 91.223 |
|   3   | 84.580 | 98.635 | 99.242 | 91.267 | 91.267 |
|   4   | 84.429 | 98.686 | 99.292 | 91.221 | 91.221 |
|   5   | 84.378 | 98.584 | 99.292 | 91.158 | 91.158 |
+-------+--------+--------+--------+--------+--------+
     logs:  {'epo': 5, 'R1': np.float32(84.378), 'R5': np.float32(98.584), 'R10': np.float32(99.292), 'mAP': np.float32(91.158), 'mINP': np.float32(91.158), 'lr': 0.000341, 'entropy': 0.057214, 'loss': 0.730435}
      TTA Epoch: [6] [  0/123]  eta: 0:01:02  lr: 0.000165  entropy: 0.1114  loss: 0.8070  time: 0.5058  data: 0.4444  max mem: 2671
      TTA Epoch: [6] [100/123]  eta: 0:00:00  lr: 0.000159  entropy: 0.0890  loss: 0.7638  time: 0.0361  data: 0.0001  max mem: 2671
      TTA Epoch: [6] [122/123]  eta: 0:00:00  lr: 0.000158  entropy: 0.0747  loss: 0.7391  time: 0.0340  data: 0.0002  max mem: 2671
      TTA Epoch: [6] Total time: 0:00:04 (0.0397 s / it)
     Averaged stats: lr: 0.0002  entropy: 0.0542  loss: 0.7111
     Computing matching score
      Evaluation: [   0/1978]  eta: 0:01:33    time: 0.0470  data: 0.0034  max mem: 2671
      Evaluation: [ 100/1978]  eta: 0:01:18    time: 0.0423  data: 0.0000  max mem: 2671
      Evaluation: [ 200/1978]  eta: 0:01:14    time: 0.0422  data: 0.0000  max mem: 2671
      Evaluation: [ 300/1978]  eta: 0:01:11    time: 0.0442  data: 0.0000  max mem: 2671
      Evaluation: [ 400/1978]  eta: 0:01:07    time: 0.0442  data: 0.0000  max mem: 2671
      Evaluation: [ 500/1978]  eta: 0:01:02    time: 0.0418  data: 0.0000  max mem: 2671
      Evaluation: [ 600/1978]  eta: 0:00:59    time: 0.0451  data: 0.0000  max mem: 2671
      Evaluation: [ 700/1978]  eta: 0:00:54    time: 0.0407  data: 0.0000  max mem: 2671
      Evaluation: [ 800/1978]  eta: 0:00:50    time: 0.0407  data: 0.0000  max mem: 2671
      Evaluation: [ 900/1978]  eta: 0:00:45    time: 0.0409  data: 0.0000  max mem: 2671
      Evaluation: [1000/1978]  eta: 0:00:41    time: 0.0404  data: 0.0000  max mem: 2671
      Evaluation: [1100/1978]  eta: 0:00:36    time: 0.0411  data: 0.0000  max mem: 2671
      Evaluation: [1200/1978]  eta: 0:00:32    time: 0.0407  data: 0.0000  max mem: 2671
      Evaluation: [1300/1978]  eta: 0:00:28    time: 0.0409  data: 0.0000  max mem: 2671
      Evaluation: [1400/1978]  eta: 0:00:24    time: 0.0408  data: 0.0000  max mem: 2671
      Evaluation: [1500/1978]  eta: 0:00:20    time: 0.0424  data: 0.0000  max mem: 2671
      Evaluation: [1600/1978]  eta: 0:00:15    time: 0.0422  data: 0.0000  max mem: 2671
      Evaluation: [1700/1978]  eta: 0:00:11    time: 0.0423  data: 0.0000  max mem: 2671
      Evaluation: [1800/1978]  eta: 0:00:07    time: 0.0422  data: 0.0000  max mem: 2671
      Evaluation: [1900/1978]  eta: 0:00:03    time: 0.0419  data: 0.0000  max mem: 2671
      Evaluation: [1977/1978]  eta: 0:00:00    time: 0.0432  data: 0.0000  max mem: 2671
      Evaluation: Total time: 0:01:23 (0.0420 s / it)
     Computing matching score time 0:01:23
### TTA ITM Score: 
+-------+--------+--------+--------+--------+--------+
| epoch |   R1   |   R5   |  R10   |  mAP   |  mINP  |
+-------+--------+--------+--------+--------+--------+
|  -999 | 69.414 | 95.197 | 97.776 | 81.233 | 81.233 |
|  -999 | 84.277 | 99.039 | 99.596 | 91.276 | 91.276 |
|   0   | 84.226 | 98.686 | 99.444 | 91.130 | 91.130 |
|   1   | 84.277 | 98.938 | 99.393 | 91.216 | 91.216 |
|   2   | 84.479 | 98.635 | 99.343 | 91.223 | 91.223 |
|   3   | 84.580 | 98.635 | 99.242 | 91.267 | 91.267 |
|   4   | 84.429 | 98.686 | 99.292 | 91.221 | 91.221 |
|   5   | 84.378 | 98.584 | 99.292 | 91.158 | 91.158 |
|   6   | 84.176 | 98.635 | 99.393 | 91.073 | 91.073 |
+-------+--------+--------+--------+--------+--------+
     logs:  {'epo': 6, 'R1': np.float32(84.176), 'R5': np.float32(98.635), 'R10': np.float32(99.393), 'mAP': np.float32(91.073), 'mINP': np.float32(91.073), 'lr': 0.000161, 'entropy': 0.054242, 'loss': 0.711139}
      TTA Epoch: [7] [  0/123]  eta: 0:01:00  lr: 0.000158  entropy: 0.0911  loss: 0.7655  time: 0.4939  data: 0.4364  max mem: 2671
      TTA Epoch: [7] [100/123]  eta: 0:00:00  lr: 0.000152  entropy: 0.1299  loss: 0.8224  time: 0.0365  data: 0.0002  max mem: 2671
      TTA Epoch: [7] [122/123]  eta: 0:00:00  lr: 0.000151  entropy: 0.0781  loss: 0.7358  time: 0.0352  data: 0.0001  max mem: 2671
      TTA Epoch: [7] Total time: 0:00:04 (0.0398 s / it)
     Averaged stats: lr: 0.0002  entropy: 0.0564  loss: 0.7047
     Computing matching score
      Evaluation: [   0/1978]  eta: 0:01:33    time: 0.0473  data: 0.0031  max mem: 2671
      Evaluation: [ 100/1978]  eta: 0:01:24    time: 0.0418  data: 0.0000  max mem: 2671
      Evaluation: [ 200/1978]  eta: 0:01:16    time: 0.0413  data: 0.0000  max mem: 2671
      Evaluation: [ 300/1978]  eta: 0:01:11    time: 0.0411  data: 0.0000  max mem: 2671
      Evaluation: [ 400/1978]  eta: 0:01:06    time: 0.0408  data: 0.0000  max mem: 2671
      Evaluation: [ 500/1978]  eta: 0:01:01    time: 0.0410  data: 0.0000  max mem: 2671
      Evaluation: [ 600/1978]  eta: 0:00:57    time: 0.0412  data: 0.0000  max mem: 2671
      Evaluation: [ 700/1978]  eta: 0:00:53    time: 0.0410  data: 0.0000  max mem: 2671
      Evaluation: [ 800/1978]  eta: 0:00:49    time: 0.0412  data: 0.0000  max mem: 2671
      Evaluation: [ 900/1978]  eta: 0:00:45    time: 0.0436  data: 0.0000  max mem: 2671
      Evaluation: [1000/1978]  eta: 0:00:41    time: 0.0427  data: 0.0000  max mem: 2671
      Evaluation: [1100/1978]  eta: 0:00:36    time: 0.0427  data: 0.0000  max mem: 2671
      Evaluation: [1200/1978]  eta: 0:00:32    time: 0.0416  data: 0.0000  max mem: 2671
      Evaluation: [1300/1978]  eta: 0:00:28    time: 0.0431  data: 0.0000  max mem: 2671
      Evaluation: [1400/1978]  eta: 0:00:24    time: 0.0429  data: 0.0000  max mem: 2671
      Evaluation: [1500/1978]  eta: 0:00:20    time: 0.0433  data: 0.0000  max mem: 2671
      Evaluation: [1600/1978]  eta: 0:00:16    time: 0.0450  data: 0.0000  max mem: 2671
      Evaluation: [1700/1978]  eta: 0:00:11    time: 0.0407  data: 0.0000  max mem: 2671
      Evaluation: [1800/1978]  eta: 0:00:07    time: 0.0415  data: 0.0000  max mem: 2671
      Evaluation: [1900/1978]  eta: 0:00:03    time: 0.0402  data: 0.0000  max mem: 2671
      Evaluation: [1977/1978]  eta: 0:00:00    time: 0.0405  data: 0.0000  max mem: 2671
      Evaluation: Total time: 0:01:23 (0.0422 s / it)
     Computing matching score time 0:01:23
### TTA ITM Score: 
+-------+--------+--------+--------+--------+--------+
| epoch |   R1   |   R5   |  R10   |  mAP   |  mINP  |
+-------+--------+--------+--------+--------+--------+
|  -999 | 69.414 | 95.197 | 97.776 | 81.233 | 81.233 |
|  -999 | 84.277 | 99.039 | 99.596 | 91.276 | 91.276 |
|   0   | 84.226 | 98.686 | 99.444 | 91.130 | 91.130 |
|   1   | 84.277 | 98.938 | 99.393 | 91.216 | 91.216 |
|   2   | 84.479 | 98.635 | 99.343 | 91.223 | 91.223 |
|   3   | 84.580 | 98.635 | 99.242 | 91.267 | 91.267 |
|   4   | 84.429 | 98.686 | 99.292 | 91.221 | 91.221 |
|   5   | 84.378 | 98.584 | 99.292 | 91.158 | 91.158 |
|   6   | 84.176 | 98.635 | 99.393 | 91.073 | 91.073 |
|   7   | 84.125 | 98.686 | 99.393 | 91.049 | 91.049 |
+-------+--------+--------+--------+--------+--------+
     logs:  {'epo': 7, 'R1': np.float32(84.125), 'R5': np.float32(98.686), 'R10': np.float32(99.393), 'mAP': np.float32(91.049), 'mINP': np.float32(91.049), 'lr': 0.000155, 'entropy': 0.056415, 'loss': 0.704721}
      TTA Epoch: [8] [  0/123]  eta: 0:00:53  lr: 0.000151  entropy: 0.0465  loss: 0.6837  time: 0.4350  data: 0.3819  max mem: 2671
      TTA Epoch: [8] [100/123]  eta: 0:00:00  lr: 0.000146  entropy: 0.0615  loss: 0.7010  time: 0.0448  data: 0.0002  max mem: 2671
      TTA Epoch: [8] [122/123]  eta: 0:00:00  lr: 0.000144  entropy: 0.0402  loss: 0.6638  time: 0.0432  data: 0.0002  max mem: 2671
      TTA Epoch: [8] Total time: 0:00:05 (0.0426 s / it)
     Averaged stats: lr: 0.0001  entropy: 0.0495  loss: 0.6839
     Computing matching score
      Evaluation: [   0/1978]  eta: 0:01:29    time: 0.0451  data: 0.0033  max mem: 2671
      Evaluation: [ 100/1978]  eta: 0:01:15    time: 0.0400  data: 0.0000  max mem: 2671
      Evaluation: [ 200/1978]  eta: 0:01:11    time: 0.0401  data: 0.0000  max mem: 2671
      Evaluation: [ 300/1978]  eta: 0:01:07    time: 0.0407  data: 0.0000  max mem: 2671
      Evaluation: [ 400/1978]  eta: 0:01:04    time: 0.0416  data: 0.0000  max mem: 2671
      Evaluation: [ 500/1978]  eta: 0:01:00    time: 0.0417  data: 0.0000  max mem: 2671
      Evaluation: [ 600/1978]  eta: 0:00:56    time: 0.0417  data: 0.0000  max mem: 2671
      Evaluation: [ 700/1978]  eta: 0:00:52    time: 0.0423  data: 0.0000  max mem: 2671
      Evaluation: [ 800/1978]  eta: 0:00:48    time: 0.0421  data: 0.0000  max mem: 2671
      Evaluation: [ 900/1978]  eta: 0:00:44    time: 0.0426  data: 0.0000  max mem: 2671
      Evaluation: [1000/1978]  eta: 0:00:40    time: 0.0435  data: 0.0000  max mem: 2671
      Evaluation: [1100/1978]  eta: 0:00:36    time: 0.0447  data: 0.0000  max mem: 2671
      Evaluation: [1200/1978]  eta: 0:00:32    time: 0.0405  data: 0.0000  max mem: 2671
      Evaluation: [1300/1978]  eta: 0:00:28    time: 0.0404  data: 0.0000  max mem: 2671
      Evaluation: [1400/1978]  eta: 0:00:24    time: 0.0407  data: 0.0000  max mem: 2671
      Evaluation: [1500/1978]  eta: 0:00:19    time: 0.0404  data: 0.0000  max mem: 2671
      Evaluation: [1600/1978]  eta: 0:00:15    time: 0.0405  data: 0.0000  max mem: 2671
      Evaluation: [1700/1978]  eta: 0:00:11    time: 0.0404  data: 0.0000  max mem: 2671
      Evaluation: [1800/1978]  eta: 0:00:07    time: 0.0404  data: 0.0000  max mem: 2671
      Evaluation: [1900/1978]  eta: 0:00:03    time: 0.0404  data: 0.0000  max mem: 2671
      Evaluation: [1977/1978]  eta: 0:00:00    time: 0.0424  data: 0.0000  max mem: 2671
      Evaluation: Total time: 0:01:22 (0.0415 s / it)
     Computing matching score time 0:01:22
### TTA ITM Score: 
+-------+--------+--------+--------+--------+--------+
| epoch |   R1   |   R5   |  R10   |  mAP   |  mINP  |
+-------+--------+--------+--------+--------+--------+
|  -999 | 69.414 | 95.197 | 97.776 | 81.233 | 81.233 |
|  -999 | 84.277 | 99.039 | 99.596 | 91.276 | 91.276 |
|   0   | 84.226 | 98.686 | 99.444 | 91.130 | 91.130 |
|   1   | 84.277 | 98.938 | 99.393 | 91.216 | 91.216 |
|   2   | 84.479 | 98.635 | 99.343 | 91.223 | 91.223 |
|   3   | 84.580 | 98.635 | 99.242 | 91.267 | 91.267 |
|   4   | 84.429 | 98.686 | 99.292 | 91.221 | 91.221 |
|   5   | 84.378 | 98.584 | 99.292 | 91.158 | 91.158 |
|   6   | 84.176 | 98.635 | 99.393 | 91.073 | 91.073 |
|   7   | 84.125 | 98.686 | 99.393 | 91.049 | 91.049 |
|   8   | 84.328 | 98.584 | 99.393 | 91.149 | 91.149 |
+-------+--------+--------+--------+--------+--------+
     logs:  {'epo': 8, 'R1': np.float32(84.328), 'R5': np.float32(98.584), 'R10': np.float32(99.393), 'mAP': np.float32(91.149), 'mINP': np.float32(91.149), 'lr': 0.000148, 'entropy': 0.049494, 'loss': 0.683895}
      TTA Epoch: [9] [  0/123]  eta: 0:01:00  lr: 0.000144  entropy: 0.0260  loss: 0.6399  time: 0.4930  data: 0.4355  max mem: 2671
      TTA Epoch: [9] [100/123]  eta: 0:00:00  lr: 0.000139  entropy: 0.0012  loss: 0.5900  time: 0.0376  data: 0.0001  max mem: 2671
      TTA Epoch: [9] [122/123]  eta: 0:00:00  lr: 0.000138  entropy: 0.0733  loss: 0.7114  time: 0.0340  data: 0.0001  max mem: 2671
      TTA Epoch: [9] Total time: 0:00:04 (0.0403 s / it)
     Averaged stats: lr: 0.0001  entropy: 0.0445  loss: 0.6666
     Computing matching score
      Evaluation: [   0/1978]  eta: 0:01:30    time: 0.0460  data: 0.0035  max mem: 2671
      Evaluation: [ 100/1978]  eta: 0:01:19    time: 0.0417  data: 0.0000  max mem: 2671
      Evaluation: [ 200/1978]  eta: 0:01:15    time: 0.0436  data: 0.0000  max mem: 2671
      Evaluation: [ 300/1978]  eta: 0:01:11    time: 0.0430  data: 0.0000  max mem: 2671
      Evaluation: [ 400/1978]  eta: 0:01:07    time: 0.0423  data: 0.0000  max mem: 2671
      Evaluation: [ 500/1978]  eta: 0:01:03    time: 0.0447  data: 0.0000  max mem: 2671
      Evaluation: [ 600/1978]  eta: 0:00:59    time: 0.0403  data: 0.0000  max mem: 2671
      Evaluation: [ 700/1978]  eta: 0:00:54    time: 0.0405  data: 0.0000  max mem: 2671
      Evaluation: [ 800/1978]  eta: 0:00:49    time: 0.0407  data: 0.0000  max mem: 2671
      Evaluation: [ 900/1978]  eta: 0:00:45    time: 0.0406  data: 0.0000  max mem: 2671
      Evaluation: [1000/1978]  eta: 0:00:41    time: 0.0416  data: 0.0000  max mem: 2671
      Evaluation: [1100/1978]  eta: 0:00:36    time: 0.0412  data: 0.0000  max mem: 2671
      Evaluation: [1200/1978]  eta: 0:00:32    time: 0.0414  data: 0.0000  max mem: 2671
      Evaluation: [1300/1978]  eta: 0:00:28    time: 0.0406  data: 0.0000  max mem: 2671
      Evaluation: [1400/1978]  eta: 0:00:24    time: 0.0430  data: 0.0000  max mem: 2671
      Evaluation: [1500/1978]  eta: 0:00:20    time: 0.0431  data: 0.0000  max mem: 2671
      Evaluation: [1600/1978]  eta: 0:00:15    time: 0.0429  data: 0.0000  max mem: 2671
      Evaluation: [1700/1978]  eta: 0:00:11    time: 0.0426  data: 0.0000  max mem: 2671
      Evaluation: [1800/1978]  eta: 0:00:07    time: 0.0440  data: 0.0000  max mem: 2671
      Evaluation: [1900/1978]  eta: 0:00:03    time: 0.0415  data: 0.0000  max mem: 2671
      Evaluation: [1977/1978]  eta: 0:00:00    time: 0.0437  data: 0.0000  max mem: 2671
      Evaluation: Total time: 0:01:23 (0.0422 s / it)
     Computing matching score time 0:01:23
### TTA ITM Score: 
+-------+--------+--------+--------+--------+--------+
| epoch |   R1   |   R5   |  R10   |  mAP   |  mINP  |
+-------+--------+--------+--------+--------+--------+
|  -999 | 69.414 | 95.197 | 97.776 | 81.233 | 81.233 |
|  -999 | 84.277 | 99.039 | 99.596 | 91.276 | 91.276 |
|   0   | 84.226 | 98.686 | 99.444 | 91.130 | 91.130 |
|   1   | 84.277 | 98.938 | 99.393 | 91.216 | 91.216 |
|   2   | 84.479 | 98.635 | 99.343 | 91.223 | 91.223 |
|   3   | 84.580 | 98.635 | 99.242 | 91.267 | 91.267 |
|   4   | 84.429 | 98.686 | 99.292 | 91.221 | 91.221 |
|   5   | 84.378 | 98.584 | 99.292 | 91.158 | 91.158 |
|   6   | 84.176 | 98.635 | 99.393 | 91.073 | 91.073 |
|   7   | 84.125 | 98.686 | 99.393 | 91.049 | 91.049 |
|   8   | 84.328 | 98.584 | 99.393 | 91.149 | 91.149 |
|   9   | 84.429 | 98.534 | 99.393 | 91.198 | 91.198 |
+-------+--------+--------+--------+--------+--------+
     logs:  {'epo': 9, 'R1': np.float32(84.429), 'R5': np.float32(98.534), 'R10': np.float32(99.393), 'mAP': np.float32(91.198), 'mINP': np.float32(91.198), 'lr': 0.000141, 'entropy': 0.044537, 'loss': 0.666646}
      TTA Epoch: [10] [  0/123]  eta: 0:01:17  lr: 0.000138  entropy: 0.0823  loss: 0.7267  time: 0.6263  data: 0.5470  max mem: 2671
      TTA Epoch: [10] [100/123]  eta: 0:00:01  lr: 0.000132  entropy: 0.1914  loss: 0.9096  time: 0.0348  data: 0.0001  max mem: 2671
      TTA Epoch: [10] [122/123]  eta: 0:00:00  lr: 0.000131  entropy: 0.0557  loss: 0.6736  time: 0.0335  data: 0.0001  max mem: 2671
      TTA Epoch: [10] Total time: 0:00:05 (0.0425 s / it)
     Averaged stats: lr: 0.0001  entropy: 0.0523  loss: 0.6716
     Computing matching score
      Evaluation: [   0/1978]  eta: 0:01:28    time: 0.0445  data: 0.0024  max mem: 2671
      Evaluation: [ 100/1978]  eta: 0:01:15    time: 0.0398  data: 0.0000  max mem: 2671
      Evaluation: [ 200/1978]  eta: 0:01:11    time: 0.0405  data: 0.0000  max mem: 2671
      Evaluation: [ 300/1978]  eta: 0:01:07    time: 0.0405  data: 0.0000  max mem: 2671
      Evaluation: [ 400/1978]  eta: 0:01:03    time: 0.0410  data: 0.0000  max mem: 2671
      Evaluation: [ 500/1978]  eta: 0:00:59    time: 0.0405  data: 0.0000  max mem: 2671
      Evaluation: [ 600/1978]  eta: 0:00:55    time: 0.0402  data: 0.0000  max mem: 2671
      Evaluation: [ 700/1978]  eta: 0:00:51    time: 0.0408  data: 0.0000  max mem: 2671
      Evaluation: [ 800/1978]  eta: 0:00:47    time: 0.0406  data: 0.0000  max mem: 2671
      Evaluation: [ 900/1978]  eta: 0:00:43    time: 0.0419  data: 0.0000  max mem: 2671
      Evaluation: [1000/1978]  eta: 0:00:39    time: 0.0426  data: 0.0000  max mem: 2671
      Evaluation: [1100/1978]  eta: 0:00:35    time: 0.0423  data: 0.0000  max mem: 2671
      Evaluation: [1200/1978]  eta: 0:00:31    time: 0.0428  data: 0.0000  max mem: 2671
      Evaluation: [1300/1978]  eta: 0:00:27    time: 0.0422  data: 0.0000  max mem: 2671
      Evaluation: [1400/1978]  eta: 0:00:23    time: 0.0431  data: 0.0000  max mem: 2671
      Evaluation: [1500/1978]  eta: 0:00:19    time: 0.0445  data: 0.0000  max mem: 2671
      Evaluation: [1600/1978]  eta: 0:00:15    time: 0.0406  data: 0.0000  max mem: 2671
      Evaluation: [1700/1978]  eta: 0:00:11    time: 0.0397  data: 0.0000  max mem: 2671
      Evaluation: [1800/1978]  eta: 0:00:07    time: 0.0397  data: 0.0000  max mem: 2671
      Evaluation: [1900/1978]  eta: 0:00:03    time: 0.0401  data: 0.0000  max mem: 2671
      Evaluation: [1977/1978]  eta: 0:00:00    time: 0.0398  data: 0.0000  max mem: 2671
      Evaluation: Total time: 0:01:21 (0.0411 s / it)
     Computing matching score time 0:01:21
### TTA ITM Score: 
+-------+--------+--------+--------+--------+--------+
| epoch |   R1   |   R5   |  R10   |  mAP   |  mINP  |
+-------+--------+--------+--------+--------+--------+
|  -999 | 69.414 | 95.197 | 97.776 | 81.233 | 81.233 |
|  -999 | 84.277 | 99.039 | 99.596 | 91.276 | 91.276 |
|   0   | 84.226 | 98.686 | 99.444 | 91.130 | 91.130 |
|   1   | 84.277 | 98.938 | 99.393 | 91.216 | 91.216 |
|   2   | 84.479 | 98.635 | 99.343 | 91.223 | 91.223 |
|   3   | 84.580 | 98.635 | 99.242 | 91.267 | 91.267 |
|   4   | 84.429 | 98.686 | 99.292 | 91.221 | 91.221 |
|   5   | 84.378 | 98.584 | 99.292 | 91.158 | 91.158 |
|   6   | 84.176 | 98.635 | 99.393 | 91.073 | 91.073 |
|   7   | 84.125 | 98.686 | 99.393 | 91.049 | 91.049 |
|   8   | 84.328 | 98.584 | 99.393 | 91.149 | 91.149 |
|   9   | 84.429 | 98.534 | 99.393 | 91.198 | 91.198 |
|   10  | 84.479 | 98.584 | 99.393 | 91.229 | 91.229 |
+-------+--------+--------+--------+--------+--------+
     logs:  {'epo': 10, 'R1': np.float32(84.479), 'R5': np.float32(98.584), 'R10': np.float32(99.393), 'mAP': np.float32(91.229), 'mINP': np.float32(91.229), 'lr': 0.000134, 'entropy': 0.05225, 'loss': 0.671559}
      TTA Epoch: [11] [  0/123]  eta: 0:00:53  lr: 0.000131  entropy: 0.0014  loss: 0.5796  time: 0.4329  data: 0.3796  max mem: 2671
      TTA Epoch: [11] [100/123]  eta: 0:00:00  lr: 0.000125  entropy: 0.0001  loss: 0.5700  time: 0.0428  data: 0.0002  max mem: 2671
      TTA Epoch: [11] [122/123]  eta: 0:00:00  lr: 0.000124  entropy: 0.1170  loss: 0.7743  time: 0.0353  data: 0.0002  max mem: 2671
      TTA Epoch: [11] Total time: 0:00:04 (0.0390 s / it)
     Averaged stats: lr: 0.0001  entropy: 0.0453  loss: 0.6518
     Computing matching score
      Evaluation: [   0/1978]  eta: 0:01:27    time: 0.0444  data: 0.0035  max mem: 2671
      Evaluation: [ 100/1978]  eta: 0:01:18    time: 0.0407  data: 0.0000  max mem: 2671
      Evaluation: [ 200/1978]  eta: 0:01:12    time: 0.0401  data: 0.0000  max mem: 2671
      Evaluation: [ 300/1978]  eta: 0:01:09    time: 0.0416  data: 0.0000  max mem: 2671
      Evaluation: [ 400/1978]  eta: 0:01:05    time: 0.0416  data: 0.0000  max mem: 2671
      Evaluation: [ 500/1978]  eta: 0:01:01    time: 0.0410  data: 0.0000  max mem: 2671
      Evaluation: [ 600/1978]  eta: 0:00:57    time: 0.0413  data: 0.0000  max mem: 2671
      Evaluation: [ 700/1978]  eta: 0:00:52    time: 0.0409  data: 0.0000  max mem: 2671
      Evaluation: [ 800/1978]  eta: 0:00:48    time: 0.0418  data: 0.0000  max mem: 2671
      Evaluation: [ 900/1978]  eta: 0:00:44    time: 0.0456  data: 0.0000  max mem: 2671
      Evaluation: [1000/1978]  eta: 0:00:40    time: 0.0400  data: 0.0000  max mem: 2671
      Evaluation: [1100/1978]  eta: 0:00:36    time: 0.0403  data: 0.0000  max mem: 2671
      Evaluation: [1200/1978]  eta: 0:00:32    time: 0.0405  data: 0.0000  max mem: 2671
      Evaluation: [1300/1978]  eta: 0:00:27    time: 0.0402  data: 0.0000  max mem: 2671
      Evaluation: [1400/1978]  eta: 0:00:23    time: 0.0402  data: 0.0000  max mem: 2671
      Evaluation: [1500/1978]  eta: 0:00:19    time: 0.0402  data: 0.0000  max mem: 2671
      Evaluation: [1600/1978]  eta: 0:00:15    time: 0.0399  data: 0.0000  max mem: 2671
      Evaluation: [1700/1978]  eta: 0:00:11    time: 0.0424  data: 0.0000  max mem: 2671
      Evaluation: [1800/1978]  eta: 0:00:07    time: 0.0411  data: 0.0000  max mem: 2671
      Evaluation: [1900/1978]  eta: 0:00:03    time: 0.0422  data: 0.0000  max mem: 2671
      Evaluation: [1977/1978]  eta: 0:00:00    time: 0.0422  data: 0.0000  max mem: 2671
      Evaluation: Total time: 0:01:21 (0.0411 s / it)
     Computing matching score time 0:01:21
### TTA ITM Score: 
+-------+--------+--------+--------+--------+--------+
| epoch |   R1   |   R5   |  R10   |  mAP   |  mINP  |
+-------+--------+--------+--------+--------+--------+
|  -999 | 69.414 | 95.197 | 97.776 | 81.233 | 81.233 |
|  -999 | 84.277 | 99.039 | 99.596 | 91.276 | 91.276 |
|   0   | 84.226 | 98.686 | 99.444 | 91.130 | 91.130 |
|   1   | 84.277 | 98.938 | 99.393 | 91.216 | 91.216 |
|   2   | 84.479 | 98.635 | 99.343 | 91.223 | 91.223 |
|   3   | 84.580 | 98.635 | 99.242 | 91.267 | 91.267 |
|   4   | 84.429 | 98.686 | 99.292 | 91.221 | 91.221 |
|   5   | 84.378 | 98.584 | 99.292 | 91.158 | 91.158 |
|   6   | 84.176 | 98.635 | 99.393 | 91.073 | 91.073 |
|   7   | 84.125 | 98.686 | 99.393 | 91.049 | 91.049 |
|   8   | 84.328 | 98.584 | 99.393 | 91.149 | 91.149 |
|   9   | 84.429 | 98.534 | 99.393 | 91.198 | 91.198 |
|   10  | 84.479 | 98.584 | 99.393 | 91.229 | 91.229 |
|   11  | 84.479 | 98.584 | 99.393 | 91.228 | 91.228 |
+-------+--------+--------+--------+--------+--------+
     logs:  {'epo': 11, 'R1': np.float32(84.479), 'R5': np.float32(98.584), 'R10': np.float32(99.393), 'mAP': np.float32(91.228), 'mINP': np.float32(91.228), 'lr': 0.000127, 'entropy': 0.045271, 'loss': 0.651803}
      TTA Epoch: [12] [  0/123]  eta: 0:00:57  lr: 0.000124  entropy: 0.0927  loss: 0.7315  time: 0.4637  data: 0.3947  max mem: 2671
      TTA Epoch: [12] [100/123]  eta: 0:00:00  lr: 0.000118  entropy: 0.0458  loss: 0.6432  time: 0.0365  data: 0.0001  max mem: 2671
      TTA Epoch: [12] [122/123]  eta: 0:00:00  lr: 0.000117  entropy: 0.0005  loss: 0.5610  time: 0.0330  data: 0.0001  max mem: 2671
      TTA Epoch: [12] Total time: 0:00:04 (0.0396 s / it)
     Averaged stats: lr: 0.0001  entropy: 0.0437  loss: 0.6418
     Computing matching score
      Evaluation: [   0/1978]  eta: 0:01:31    time: 0.0465  data: 0.0033  max mem: 2671
      Evaluation: [ 100/1978]  eta: 0:01:19    time: 0.0419  data: 0.0000  max mem: 2671
      Evaluation: [ 200/1978]  eta: 0:01:14    time: 0.0421  data: 0.0000  max mem: 2671
      Evaluation: [ 300/1978]  eta: 0:01:10    time: 0.0432  data: 0.0000  max mem: 2671
      Evaluation: [ 400/1978]  eta: 0:01:07    time: 0.0412  data: 0.0000  max mem: 2671
      Evaluation: [ 500/1978]  eta: 0:01:02    time: 0.0404  data: 0.0000  max mem: 2671
      Evaluation: [ 600/1978]  eta: 0:00:57    time: 0.0404  data: 0.0000  max mem: 2671
      Evaluation: [ 700/1978]  eta: 0:00:53    time: 0.0403  data: 0.0000  max mem: 2671
      Evaluation: [ 800/1978]  eta: 0:00:48    time: 0.0404  data: 0.0000  max mem: 2671
      Evaluation: [ 900/1978]  eta: 0:00:44    time: 0.0403  data: 0.0000  max mem: 2671
      Evaluation: [1000/1978]  eta: 0:00:40    time: 0.0402  data: 0.0000  max mem: 2671
      Evaluation: [1100/1978]  eta: 0:00:36    time: 0.0407  data: 0.0000  max mem: 2671
      Evaluation: [1200/1978]  eta: 0:00:32    time: 0.0428  data: 0.0000  max mem: 2671
      Evaluation: [1300/1978]  eta: 0:00:27    time: 0.0415  data: 0.0000  max mem: 2671
      Evaluation: [1400/1978]  eta: 0:00:23    time: 0.0415  data: 0.0000  max mem: 2671
      Evaluation: [1500/1978]  eta: 0:00:19    time: 0.0419  data: 0.0000  max mem: 2671
      Evaluation: [1600/1978]  eta: 0:00:15    time: 0.0425  data: 0.0000  max mem: 2671
      Evaluation: [1700/1978]  eta: 0:00:11    time: 0.0423  data: 0.0000  max mem: 2671
      Evaluation: [1800/1978]  eta: 0:00:07    time: 0.0421  data: 0.0000  max mem: 2671
      Evaluation: [1900/1978]  eta: 0:00:03    time: 0.0416  data: 0.0000  max mem: 2671
      Evaluation: [1977/1978]  eta: 0:00:00    time: 0.0418  data: 0.0000  max mem: 2671
      Evaluation: Total time: 0:01:21 (0.0414 s / it)
     Computing matching score time 0:01:22
### TTA ITM Score: 
+-------+--------+--------+--------+--------+--------+
| epoch |   R1   |   R5   |  R10   |  mAP   |  mINP  |
+-------+--------+--------+--------+--------+--------+
|  -999 | 69.414 | 95.197 | 97.776 | 81.233 | 81.233 |
|  -999 | 84.277 | 99.039 | 99.596 | 91.276 | 91.276 |
|   0   | 84.226 | 98.686 | 99.444 | 91.130 | 91.130 |
|   1   | 84.277 | 98.938 | 99.393 | 91.216 | 91.216 |
|   2   | 84.479 | 98.635 | 99.343 | 91.223 | 91.223 |
|   3   | 84.580 | 98.635 | 99.242 | 91.267 | 91.267 |
|   4   | 84.429 | 98.686 | 99.292 | 91.221 | 91.221 |
|   5   | 84.378 | 98.584 | 99.292 | 91.158 | 91.158 |
|   6   | 84.176 | 98.635 | 99.393 | 91.073 | 91.073 |
|   7   | 84.125 | 98.686 | 99.393 | 91.049 | 91.049 |
|   8   | 84.328 | 98.584 | 99.393 | 91.149 | 91.149 |
|   9   | 84.429 | 98.534 | 99.393 | 91.198 | 91.198 |
|   10  | 84.479 | 98.584 | 99.393 | 91.229 | 91.229 |
|   11  | 84.479 | 98.584 | 99.393 | 91.228 | 91.228 |
|   12  | 84.479 | 98.635 | 99.393 | 91.215 | 91.215 |
+-------+--------+--------+--------+--------+--------+
     logs:  {'epo': 12, 'R1': np.float32(84.479), 'R5': np.float32(98.635), 'R10': np.float32(99.393), 'mAP': np.float32(91.215), 'mINP': np.float32(91.215), 'lr': 0.000121, 'entropy': 0.043742, 'loss': 0.641798}
      TTA Epoch: [13] [  0/123]  eta: 0:00:59  lr: 0.000117  entropy: 0.0004  loss: 0.5609  time: 0.4827  data: 0.4268  max mem: 2671
      TTA Epoch: [13] [100/123]  eta: 0:00:00  lr: 0.000112  entropy: 0.1068  loss: 0.7468  time: 0.0364  data: 0.0001  max mem: 2671
      TTA Epoch: [13] [122/123]  eta: 0:00:00  lr: 0.000110  entropy: 0.1328  loss: 0.7931  time: 0.0324  data: 0.0001  max mem: 2671
      TTA Epoch: [13] Total time: 0:00:04 (0.0403 s / it)
     Averaged stats: lr: 0.0001  entropy: 0.0444  loss: 0.6363
     Computing matching score
      Evaluation: [   0/1978]  eta: 0:01:45    time: 0.0533  data: 0.0059  max mem: 2671
      Evaluation: [ 100/1978]  eta: 0:01:17    time: 0.0413  data: 0.0000  max mem: 2671
      Evaluation: [ 200/1978]  eta: 0:01:13    time: 0.0415  data: 0.0000  max mem: 2671
      Evaluation: [ 300/1978]  eta: 0:01:09    time: 0.0411  data: 0.0000  max mem: 2671
      Evaluation: [ 400/1978]  eta: 0:01:05    time: 0.0422  data: 0.0000  max mem: 2671
      Evaluation: [ 500/1978]  eta: 0:01:01    time: 0.0411  data: 0.0000  max mem: 2671
      Evaluation: [ 600/1978]  eta: 0:00:57    time: 0.0404  data: 0.0000  max mem: 2671
      Evaluation: [ 700/1978]  eta: 0:00:52    time: 0.0406  data: 0.0000  max mem: 2671
      Evaluation: [ 800/1978]  eta: 0:00:48    time: 0.0419  data: 0.0000  max mem: 2671
      Evaluation: [ 900/1978]  eta: 0:00:44    time: 0.0420  data: 0.0000  max mem: 2671
      Evaluation: [1000/1978]  eta: 0:00:40    time: 0.0418  data: 0.0000  max mem: 2671
      Evaluation: [1100/1978]  eta: 0:00:36    time: 0.0416  data: 0.0000  max mem: 2671
      Evaluation: [1200/1978]  eta: 0:00:32    time: 0.0435  data: 0.0000  max mem: 2671
      Evaluation: [1300/1978]  eta: 0:00:28    time: 0.0420  data: 0.0000  max mem: 2671
      Evaluation: [1400/1978]  eta: 0:00:24    time: 0.0427  data: 0.0000  max mem: 2671
      Evaluation: [1500/1978]  eta: 0:00:19    time: 0.0424  data: 0.0000  max mem: 2671
      Evaluation: [1600/1978]  eta: 0:00:15    time: 0.0411  data: 0.0000  max mem: 2671
      Evaluation: [1700/1978]  eta: 0:00:11    time: 0.0404  data: 0.0000  max mem: 2671
      Evaluation: [1800/1978]  eta: 0:00:07    time: 0.0401  data: 0.0000  max mem: 2671
      Evaluation: [1900/1978]  eta: 0:00:03    time: 0.0402  data: 0.0000  max mem: 2671
      Evaluation: [1977/1978]  eta: 0:00:00    time: 0.0402  data: 0.0000  max mem: 2671
      Evaluation: Total time: 0:01:22 (0.0416 s / it)
     Computing matching score time 0:01:22
### TTA ITM Score: 
+-------+--------+--------+--------+--------+--------+
| epoch |   R1   |   R5   |  R10   |  mAP   |  mINP  |
+-------+--------+--------+--------+--------+--------+
|  -999 | 69.414 | 95.197 | 97.776 | 81.233 | 81.233 |
|  -999 | 84.277 | 99.039 | 99.596 | 91.276 | 91.276 |
|   0   | 84.226 | 98.686 | 99.444 | 91.130 | 91.130 |
|   1   | 84.277 | 98.938 | 99.393 | 91.216 | 91.216 |
|   2   | 84.479 | 98.635 | 99.343 | 91.223 | 91.223 |
|   3   | 84.580 | 98.635 | 99.242 | 91.267 | 91.267 |
|   4   | 84.429 | 98.686 | 99.292 | 91.221 | 91.221 |
|   5   | 84.378 | 98.584 | 99.292 | 91.158 | 91.158 |
|   6   | 84.176 | 98.635 | 99.393 | 91.073 | 91.073 |
|   7   | 84.125 | 98.686 | 99.393 | 91.049 | 91.049 |
|   8   | 84.328 | 98.584 | 99.393 | 91.149 | 91.149 |
|   9   | 84.429 | 98.534 | 99.393 | 91.198 | 91.198 |
|   10  | 84.479 | 98.584 | 99.393 | 91.229 | 91.229 |
|   11  | 84.479 | 98.584 | 99.393 | 91.228 | 91.228 |
|   12  | 84.479 | 98.635 | 99.393 | 91.215 | 91.215 |
|   13  | 84.479 | 98.584 | 99.393 | 91.223 | 91.223 |
+-------+--------+--------+--------+--------+--------+
     logs:  {'epo': 13, 'R1': np.float32(84.479), 'R5': np.float32(98.584), 'R10': np.float32(99.393), 'mAP': np.float32(91.223), 'mINP': np.float32(91.223), 'lr': 0.000114, 'entropy': 0.04439, 'loss': 0.636271}
      TTA Epoch: [14] [  0/123]  eta: 0:00:52  lr: 0.000110  entropy: 0.0498  loss: 0.6428  time: 0.4279  data: 0.3740  max mem: 2671
      TTA Epoch: [14] [100/123]  eta: 0:00:00  lr: 0.000105  entropy: 0.0648  loss: 0.6656  time: 0.0343  data: 0.0001  max mem: 2671
      TTA Epoch: [14] [122/123]  eta: 0:00:00  lr: 0.000104  entropy: 0.0559  loss: 0.6482  time: 0.0323  data: 0.0001  max mem: 2671
      TTA Epoch: [14] Total time: 0:00:04 (0.0366 s / it)
     Averaged stats: lr: 0.0001  entropy: 0.0417  loss: 0.6251
     Computing matching score
      Evaluation: [   0/1978]  eta: 0:01:26    time: 0.0438  data: 0.0022  max mem: 2671
      Evaluation: [ 100/1978]  eta: 0:01:15    time: 0.0404  data: 0.0000  max mem: 2671
      Evaluation: [ 200/1978]  eta: 0:01:11    time: 0.0408  data: 0.0000  max mem: 2671
      Evaluation: [ 300/1978]  eta: 0:01:08    time: 0.0406  data: 0.0000  max mem: 2671
      Evaluation: [ 400/1978]  eta: 0:01:04    time: 0.0419  data: 0.0000  max mem: 2671
      Evaluation: [ 500/1978]  eta: 0:01:00    time: 0.0417  data: 0.0000  max mem: 2671
      Evaluation: [ 600/1978]  eta: 0:00:56    time: 0.0421  data: 0.0000  max mem: 2671
      Evaluation: [ 700/1978]  eta: 0:00:52    time: 0.0421  data: 0.0000  max mem: 2671
      Evaluation: [ 800/1978]  eta: 0:00:48    time: 0.0415  data: 0.0000  max mem: 2671
      Evaluation: [ 900/1978]  eta: 0:00:44    time: 0.0423  data: 0.0000  max mem: 2671
      Evaluation: [1000/1978]  eta: 0:00:40    time: 0.0442  data: 0.0000  max mem: 2671
      Evaluation: [1100/1978]  eta: 0:00:36    time: 0.0407  data: 0.0000  max mem: 2671
      Evaluation: [1200/1978]  eta: 0:00:32    time: 0.0403  data: 0.0000  max mem: 2671
      Evaluation: [1300/1978]  eta: 0:00:28    time: 0.0404  data: 0.0000  max mem: 2671
      Evaluation: [1400/1978]  eta: 0:00:24    time: 0.0404  data: 0.0000  max mem: 2671
      Evaluation: [1500/1978]  eta: 0:00:19    time: 0.0404  data: 0.0000  max mem: 2671
      Evaluation: [1600/1978]  eta: 0:00:15    time: 0.0410  data: 0.0000  max mem: 2671
      Evaluation: [1700/1978]  eta: 0:00:11    time: 0.0404  data: 0.0000  max mem: 2671
      Evaluation: [1800/1978]  eta: 0:00:07    time: 0.0407  data: 0.0000  max mem: 2671
      Evaluation: [1900/1978]  eta: 0:00:03    time: 0.0425  data: 0.0000  max mem: 2671
      Evaluation: [1977/1978]  eta: 0:00:00    time: 0.0431  data: 0.0000  max mem: 2671
      Evaluation: Total time: 0:01:22 (0.0415 s / it)
     Computing matching score time 0:01:22
### TTA ITM Score: 
+-------+--------+--------+--------+--------+--------+
| epoch |   R1   |   R5   |  R10   |  mAP   |  mINP  |
+-------+--------+--------+--------+--------+--------+
|  -999 | 69.414 | 95.197 | 97.776 | 81.233 | 81.233 |
|  -999 | 84.277 | 99.039 | 99.596 | 91.276 | 91.276 |
|   0   | 84.226 | 98.686 | 99.444 | 91.130 | 91.130 |
|   1   | 84.277 | 98.938 | 99.393 | 91.216 | 91.216 |
|   2   | 84.479 | 98.635 | 99.343 | 91.223 | 91.223 |
|   3   | 84.580 | 98.635 | 99.242 | 91.267 | 91.267 |
|   4   | 84.429 | 98.686 | 99.292 | 91.221 | 91.221 |
|   5   | 84.378 | 98.584 | 99.292 | 91.158 | 91.158 |
|   6   | 84.176 | 98.635 | 99.393 | 91.073 | 91.073 |
|   7   | 84.125 | 98.686 | 99.393 | 91.049 | 91.049 |
|   8   | 84.328 | 98.584 | 99.393 | 91.149 | 91.149 |
|   9   | 84.429 | 98.534 | 99.393 | 91.198 | 91.198 |
|   10  | 84.479 | 98.584 | 99.393 | 91.229 | 91.229 |
|   11  | 84.479 | 98.584 | 99.393 | 91.228 | 91.228 |
|   12  | 84.479 | 98.635 | 99.393 | 91.215 | 91.215 |
|   13  | 84.479 | 98.584 | 99.393 | 91.223 | 91.223 |
|   14  | 84.378 | 98.584 | 99.393 | 91.174 | 91.174 |
+-------+--------+--------+--------+--------+--------+
     logs:  {'epo': 14, 'R1': np.float32(84.378), 'R5': np.float32(98.584), 'R10': np.float32(99.393), 'mAP': np.float32(91.174), 'mINP': np.float32(91.174), 'lr': 0.000107, 'entropy': 0.041689, 'loss': 0.625114}
      TTA Epoch: [15] [  0/123]  eta: 0:00:59  lr: 0.000104  entropy: 0.0034  loss: 0.5520  time: 0.4833  data: 0.4238  max mem: 2671
      TTA Epoch: [15] [100/123]  eta: 0:00:00  lr: 0.000098  entropy: 0.0013  loss: 0.5429  time: 0.0378  data: 0.0001  max mem: 2671
      TTA Epoch: [15] [122/123]  eta: 0:00:00  lr: 0.000097  entropy: 0.0109  loss: 0.5597  time: 0.0339  data: 0.0001  max mem: 2671
      TTA Epoch: [15] Total time: 0:00:04 (0.0400 s / it)
     Averaged stats: lr: 0.0001  entropy: 0.0446  loss: 0.6246
     Computing matching score
      Evaluation: [   0/1978]  eta: 0:01:35    time: 0.0483  data: 0.0035  max mem: 2671
      Evaluation: [ 100/1978]  eta: 0:01:19    time: 0.0424  data: 0.0000  max mem: 2671
      Evaluation: [ 200/1978]  eta: 0:01:16    time: 0.0451  data: 0.0000  max mem: 2671
      Evaluation: [ 300/1978]  eta: 0:01:11    time: 0.0418  data: 0.0000  max mem: 2671
      Evaluation: [ 400/1978]  eta: 0:01:07    time: 0.0427  data: 0.0000  max mem: 2671
      Evaluation: [ 500/1978]  eta: 0:01:03    time: 0.0455  data: 0.0000  max mem: 2671
      Evaluation: [ 600/1978]  eta: 0:00:59    time: 0.0410  data: 0.0000  max mem: 2671
      Evaluation: [ 700/1978]  eta: 0:00:54    time: 0.0404  data: 0.0000  max mem: 2671
      Evaluation: [ 800/1978]  eta: 0:00:49    time: 0.0403  data: 0.0000  max mem: 2671
      Evaluation: [ 900/1978]  eta: 0:00:45    time: 0.0406  data: 0.0000  max mem: 2671
      Evaluation: [1000/1978]  eta: 0:00:40    time: 0.0407  data: 0.0000  max mem: 2671
      Evaluation: [1100/1978]  eta: 0:00:36    time: 0.0405  data: 0.0000  max mem: 2671
      Evaluation: [1200/1978]  eta: 0:00:32    time: 0.0406  data: 0.0000  max mem: 2671
      Evaluation: [1300/1978]  eta: 0:00:28    time: 0.0418  data: 0.0000  max mem: 2671
      Evaluation: [1400/1978]  eta: 0:00:24    time: 0.0430  data: 0.0000  max mem: 2671
      Evaluation: [1500/1978]  eta: 0:00:20    time: 0.0420  data: 0.0000  max mem: 2671
      Evaluation: [1600/1978]  eta: 0:00:15    time: 0.0415  data: 0.0000  max mem: 2671
      Evaluation: [1700/1978]  eta: 0:00:11    time: 0.0427  data: 0.0000  max mem: 2671
      Evaluation: [1800/1978]  eta: 0:00:07    time: 0.0427  data: 0.0000  max mem: 2671
      Evaluation: [1900/1978]  eta: 0:00:03    time: 0.0443  data: 0.0000  max mem: 2671
      Evaluation: [1977/1978]  eta: 0:00:00    time: 0.0449  data: 0.0000  max mem: 2671
      Evaluation: Total time: 0:01:23 (0.0421 s / it)
     Computing matching score time 0:01:23
### TTA ITM Score: 
+-------+--------+--------+--------+--------+--------+
| epoch |   R1   |   R5   |  R10   |  mAP   |  mINP  |
+-------+--------+--------+--------+--------+--------+
|  -999 | 69.414 | 95.197 | 97.776 | 81.233 | 81.233 |
|  -999 | 84.277 | 99.039 | 99.596 | 91.276 | 91.276 |
|   0   | 84.226 | 98.686 | 99.444 | 91.130 | 91.130 |
|   1   | 84.277 | 98.938 | 99.393 | 91.216 | 91.216 |
|   2   | 84.479 | 98.635 | 99.343 | 91.223 | 91.223 |
|   3   | 84.580 | 98.635 | 99.242 | 91.267 | 91.267 |
|   4   | 84.429 | 98.686 | 99.292 | 91.221 | 91.221 |
|   5   | 84.378 | 98.584 | 99.292 | 91.158 | 91.158 |
|   6   | 84.176 | 98.635 | 99.393 | 91.073 | 91.073 |
|   7   | 84.125 | 98.686 | 99.393 | 91.049 | 91.049 |
|   8   | 84.328 | 98.584 | 99.393 | 91.149 | 91.149 |
|   9   | 84.429 | 98.534 | 99.393 | 91.198 | 91.198 |
|   10  | 84.479 | 98.584 | 99.393 | 91.229 | 91.229 |
|   11  | 84.479 | 98.584 | 99.393 | 91.228 | 91.228 |
|   12  | 84.479 | 98.635 | 99.393 | 91.215 | 91.215 |
|   13  | 84.479 | 98.584 | 99.393 | 91.223 | 91.223 |
|   14  | 84.378 | 98.584 | 99.393 | 91.174 | 91.174 |
|   15  | 84.479 | 98.635 | 99.444 | 91.236 | 91.236 |
+-------+--------+--------+--------+--------+--------+
     logs:  {'epo': 15, 'R1': np.float32(84.479), 'R5': np.float32(98.635), 'R10': np.float32(99.444), 'mAP': np.float32(91.236), 'mINP': np.float32(91.236), 'lr': 0.0001, 'entropy': 0.044554, 'loss': 0.624609}
      TTA Epoch: [16] [  0/123]  eta: 0:01:10  lr: 0.000097  entropy: 0.0666  loss: 0.6627  time: 0.5771  data: 0.5143  max mem: 2671
      TTA Epoch: [16] [100/123]  eta: 0:00:00  lr: 0.000091  entropy: 0.0892  loss: 0.7014  time: 0.0388  data: 0.0002  max mem: 2671
      TTA Epoch: [16] [122/123]  eta: 0:00:00  lr: 0.000090  entropy: 0.0495  loss: 0.6262  time: 0.0437  data: 0.0002  max mem: 2671
      TTA Epoch: [16] Total time: 0:00:05 (0.0421 s / it)
     Averaged stats: lr: 0.0001  entropy: 0.0389  loss: 0.6089
     Computing matching score
      Evaluation: [   0/1978]  eta: 0:01:28    time: 0.0449  data: 0.0023  max mem: 2671
      Evaluation: [ 100/1978]  eta: 0:01:15    time: 0.0402  data: 0.0000  max mem: 2671
      Evaluation: [ 200/1978]  eta: 0:01:11    time: 0.0406  data: 0.0000  max mem: 2671
      Evaluation: [ 300/1978]  eta: 0:01:07    time: 0.0400  data: 0.0000  max mem: 2671
      Evaluation: [ 400/1978]  eta: 0:01:03    time: 0.0402  data: 0.0000  max mem: 2671
      Evaluation: [ 500/1978]  eta: 0:00:59    time: 0.0406  data: 0.0000  max mem: 2671
      Evaluation: [ 600/1978]  eta: 0:00:55    time: 0.0402  data: 0.0000  max mem: 2671
      Evaluation: [ 700/1978]  eta: 0:00:51    time: 0.0430  data: 0.0000  max mem: 2671
      Evaluation: [ 800/1978]  eta: 0:00:48    time: 0.0422  data: 0.0000  max mem: 2671
      Evaluation: [ 900/1978]  eta: 0:00:44    time: 0.0419  data: 0.0000  max mem: 2671
      Evaluation: [1000/1978]  eta: 0:00:40    time: 0.0418  data: 0.0000  max mem: 2671
      Evaluation: [1100/1978]  eta: 0:00:36    time: 0.0451  data: 0.0000  max mem: 2671
      Evaluation: [1200/1978]  eta: 0:00:32    time: 0.0436  data: 0.0000  max mem: 2671
      Evaluation: [1300/1978]  eta: 0:00:28    time: 0.0432  data: 0.0000  max mem: 2671
      Evaluation: [1400/1978]  eta: 0:00:24    time: 0.0464  data: 0.0000  max mem: 2671
      Evaluation: [1500/1978]  eta: 0:00:20    time: 0.0421  data: 0.0000  max mem: 2671
      Evaluation: [1600/1978]  eta: 0:00:15    time: 0.0404  data: 0.0000  max mem: 2671
      Evaluation: [1700/1978]  eta: 0:00:11    time: 0.0407  data: 0.0000  max mem: 2671
      Evaluation: [1800/1978]  eta: 0:00:07    time: 0.0405  data: 0.0000  max mem: 2671
      Evaluation: [1900/1978]  eta: 0:00:03    time: 0.0404  data: 0.0000  max mem: 2671
      Evaluation: [1977/1978]  eta: 0:00:00    time: 0.0410  data: 0.0000  max mem: 2671
      Evaluation: Total time: 0:01:22 (0.0416 s / it)
     Computing matching score time 0:01:22
### TTA ITM Score: 
+-------+--------+--------+--------+--------+--------+
| epoch |   R1   |   R5   |  R10   |  mAP   |  mINP  |
+-------+--------+--------+--------+--------+--------+
|  -999 | 69.414 | 95.197 | 97.776 | 81.233 | 81.233 |
|  -999 | 84.277 | 99.039 | 99.596 | 91.276 | 91.276 |
|   0   | 84.226 | 98.686 | 99.444 | 91.130 | 91.130 |
|   1   | 84.277 | 98.938 | 99.393 | 91.216 | 91.216 |
|   2   | 84.479 | 98.635 | 99.343 | 91.223 | 91.223 |
|   3   | 84.580 | 98.635 | 99.242 | 91.267 | 91.267 |
|   4   | 84.429 | 98.686 | 99.292 | 91.221 | 91.221 |
|   5   | 84.378 | 98.584 | 99.292 | 91.158 | 91.158 |
|   6   | 84.176 | 98.635 | 99.393 | 91.073 | 91.073 |
|   7   | 84.125 | 98.686 | 99.393 | 91.049 | 91.049 |
|   8   | 84.328 | 98.584 | 99.393 | 91.149 | 91.149 |
|   9   | 84.429 | 98.534 | 99.393 | 91.198 | 91.198 |
|   10  | 84.479 | 98.584 | 99.393 | 91.229 | 91.229 |
|   11  | 84.479 | 98.584 | 99.393 | 91.228 | 91.228 |
|   12  | 84.479 | 98.635 | 99.393 | 91.215 | 91.215 |
|   13  | 84.479 | 98.584 | 99.393 | 91.223 | 91.223 |
|   14  | 84.378 | 98.584 | 99.393 | 91.174 | 91.174 |
|   15  | 84.479 | 98.635 | 99.444 | 91.236 | 91.236 |
|   16  | 84.378 | 98.686 | 99.393 | 91.181 | 91.181 |
+-------+--------+--------+--------+--------+--------+
     logs:  {'epo': 16, 'R1': np.float32(84.378), 'R5': np.float32(98.686), 'R10': np.float32(99.393), 'mAP': np.float32(91.181), 'mINP': np.float32(91.181), 'lr': 9.3e-05, 'entropy': 0.038937, 'loss': 0.608862}
      TTA Epoch: [17] [  0/123]  eta: 0:00:52  lr: 0.000090  entropy: 0.0700  loss: 0.6645  time: 0.4246  data: 0.3692  max mem: 2671
      TTA Epoch: [17] [100/123]  eta: 0:00:00  lr: 0.000084  entropy: 0.0505  loss: 0.6241  time: 0.0327  data: 0.0001  max mem: 2671
      TTA Epoch: [17] [122/123]  eta: 0:00:00  lr: 0.000083  entropy: 0.0213  loss: 0.5683  time: 0.0310  data: 0.0001  max mem: 2671
      TTA Epoch: [17] Total time: 0:00:04 (0.0365 s / it)
     Averaged stats: lr: 0.0001  entropy: 0.0410  loss: 0.6078
     Computing matching score
      Evaluation: [   0/1978]  eta: 0:01:26    time: 0.0435  data: 0.0024  max mem: 2671
      Evaluation: [ 100/1978]  eta: 0:01:16    time: 0.0405  data: 0.0000  max mem: 2671
      Evaluation: [ 200/1978]  eta: 0:01:14    time: 0.0517  data: 0.0000  max mem: 2671
      Evaluation: [ 300/1978]  eta: 0:01:11    time: 0.0424  data: 0.0000  max mem: 2671
      Evaluation: [ 400/1978]  eta: 0:01:06    time: 0.0428  data: 0.0000  max mem: 2671
      Evaluation: [ 500/1978]  eta: 0:01:02    time: 0.0411  data: 0.0000  max mem: 2671
      Evaluation: [ 600/1978]  eta: 0:00:58    time: 0.0438  data: 0.0000  max mem: 2671
      Evaluation: [ 700/1978]  eta: 0:00:54    time: 0.0428  data: 0.0000  max mem: 2671
      Evaluation: [ 800/1978]  eta: 0:00:50    time: 0.0440  data: 0.0000  max mem: 2671
      Evaluation: [ 900/1978]  eta: 0:00:46    time: 0.0455  data: 0.0000  max mem: 2671
      Evaluation: [1000/1978]  eta: 0:00:41    time: 0.0405  data: 0.0000  max mem: 2671
      Evaluation: [1100/1978]  eta: 0:00:37    time: 0.0408  data: 0.0000  max mem: 2671
      Evaluation: [1200/1978]  eta: 0:00:32    time: 0.0404  data: 0.0000  max mem: 2671
      Evaluation: [1300/1978]  eta: 0:00:28    time: 0.0404  data: 0.0000  max mem: 2671
      Evaluation: [1400/1978]  eta: 0:00:24    time: 0.0414  data: 0.0000  max mem: 2671
      Evaluation: [1500/1978]  eta: 0:00:20    time: 0.0412  data: 0.0000  max mem: 2671
      Evaluation: [1600/1978]  eta: 0:00:15    time: 0.0408  data: 0.0000  max mem: 2671
      Evaluation: [1700/1978]  eta: 0:00:11    time: 0.0410  data: 0.0000  max mem: 2671
      Evaluation: [1800/1978]  eta: 0:00:07    time: 0.0424  data: 0.0000  max mem: 2671
      Evaluation: [1900/1978]  eta: 0:00:03    time: 0.0415  data: 0.0000  max mem: 2671
      Evaluation: [1977/1978]  eta: 0:00:00    time: 0.0417  data: 0.0000  max mem: 2671
      Evaluation: Total time: 0:01:23 (0.0420 s / it)
     Computing matching score time 0:01:23
### TTA ITM Score: 
+-------+--------+--------+--------+--------+--------+
| epoch |   R1   |   R5   |  R10   |  mAP   |  mINP  |
+-------+--------+--------+--------+--------+--------+
|  -999 | 69.414 | 95.197 | 97.776 | 81.233 | 81.233 |
|  -999 | 84.277 | 99.039 | 99.596 | 91.276 | 91.276 |
|   0   | 84.226 | 98.686 | 99.444 | 91.130 | 91.130 |
|   1   | 84.277 | 98.938 | 99.393 | 91.216 | 91.216 |
|   2   | 84.479 | 98.635 | 99.343 | 91.223 | 91.223 |
|   3   | 84.580 | 98.635 | 99.242 | 91.267 | 91.267 |
|   4   | 84.429 | 98.686 | 99.292 | 91.221 | 91.221 |
|   5   | 84.378 | 98.584 | 99.292 | 91.158 | 91.158 |
|   6   | 84.176 | 98.635 | 99.393 | 91.073 | 91.073 |
|   7   | 84.125 | 98.686 | 99.393 | 91.049 | 91.049 |
|   8   | 84.328 | 98.584 | 99.393 | 91.149 | 91.149 |
|   9   | 84.429 | 98.534 | 99.393 | 91.198 | 91.198 |
|   10  | 84.479 | 98.584 | 99.393 | 91.229 | 91.229 |
|   11  | 84.479 | 98.584 | 99.393 | 91.228 | 91.228 |
|   12  | 84.479 | 98.635 | 99.393 | 91.215 | 91.215 |
|   13  | 84.479 | 98.584 | 99.393 | 91.223 | 91.223 |
|   14  | 84.378 | 98.584 | 99.393 | 91.174 | 91.174 |
|   15  | 84.479 | 98.635 | 99.444 | 91.236 | 91.236 |
|   16  | 84.378 | 98.686 | 99.393 | 91.181 | 91.181 |
|   17  | 84.429 | 98.635 | 99.393 | 91.208 | 91.208 |
+-------+--------+--------+--------+--------+--------+
     logs:  {'epo': 17, 'R1': np.float32(84.429), 'R5': np.float32(98.635), 'R10': np.float32(99.393), 'mAP': np.float32(91.208), 'mINP': np.float32(91.208), 'lr': 8.7e-05, 'entropy': 0.041017, 'loss': 0.607826}
      TTA Epoch: [18] [  0/123]  eta: 0:00:59  lr: 0.000083  entropy: 0.0897  loss: 0.6977  time: 0.4824  data: 0.4250  max mem: 2671
      TTA Epoch: [18] [100/123]  eta: 0:00:00  lr: 0.000078  entropy: 0.0009  loss: 0.5254  time: 0.0344  data: 0.0001  max mem: 2671
      TTA Epoch: [18] [122/123]  eta: 0:00:00  lr: 0.000076  entropy: 0.0481  loss: 0.6149  time: 0.0323  data: 0.0001  max mem: 2671
      TTA Epoch: [18] Total time: 0:00:04 (0.0383 s / it)
     Averaged stats: lr: 0.0001  entropy: 0.0411  loss: 0.6035
     Computing matching score
      Evaluation: [   0/1978]  eta: 0:01:32    time: 0.0466  data: 0.0024  max mem: 2671
      Evaluation: [ 100/1978]  eta: 0:01:20    time: 0.0421  data: 0.0000  max mem: 2671
      Evaluation: [ 200/1978]  eta: 0:01:16    time: 0.0438  data: 0.0000  max mem: 2671
      Evaluation: [ 300/1978]  eta: 0:01:13    time: 0.0445  data: 0.0000  max mem: 2671
      Evaluation: [ 400/1978]  eta: 0:01:07    time: 0.0406  data: 0.0000  max mem: 2671
      Evaluation: [ 500/1978]  eta: 0:01:02    time: 0.0407  data: 0.0000  max mem: 2671
      Evaluation: [ 600/1978]  eta: 0:00:58    time: 0.0405  data: 0.0000  max mem: 2671
      Evaluation: [ 700/1978]  eta: 0:00:53    time: 0.0406  data: 0.0000  max mem: 2671
      Evaluation: [ 800/1978]  eta: 0:00:49    time: 0.0403  data: 0.0000  max mem: 2671
      Evaluation: [ 900/1978]  eta: 0:00:44    time: 0.0405  data: 0.0000  max mem: 2671
      Evaluation: [1000/1978]  eta: 0:00:40    time: 0.0407  data: 0.0000  max mem: 2671
      Evaluation: [1100/1978]  eta: 0:00:36    time: 0.0450  data: 0.0000  max mem: 2671
      Evaluation: [1200/1978]  eta: 0:00:32    time: 0.0422  data: 0.0000  max mem: 2671
      Evaluation: [1300/1978]  eta: 0:00:28    time: 0.0424  data: 0.0000  max mem: 2671
      Evaluation: [1400/1978]  eta: 0:00:24    time: 0.0416  data: 0.0000  max mem: 2671
      Evaluation: [1500/1978]  eta: 0:00:20    time: 0.0419  data: 0.0000  max mem: 2671
      Evaluation: [1600/1978]  eta: 0:00:15    time: 0.0426  data: 0.0000  max mem: 2671
      Evaluation: [1700/1978]  eta: 0:00:11    time: 0.0437  data: 0.0000  max mem: 2671
      Evaluation: [1800/1978]  eta: 0:00:07    time: 0.0415  data: 0.0000  max mem: 2671
      Evaluation: [1900/1978]  eta: 0:00:03    time: 0.0418  data: 0.0000  max mem: 2671
      Evaluation: [1977/1978]  eta: 0:00:00    time: 0.0406  data: 0.0000  max mem: 2671
      Evaluation: Total time: 0:01:23 (0.0421 s / it)
     Computing matching score time 0:01:23
### TTA ITM Score: 
+-------+--------+--------+--------+--------+--------+
| epoch |   R1   |   R5   |  R10   |  mAP   |  mINP  |
+-------+--------+--------+--------+--------+--------+
|  -999 | 69.414 | 95.197 | 97.776 | 81.233 | 81.233 |
|  -999 | 84.277 | 99.039 | 99.596 | 91.276 | 91.276 |
|   0   | 84.226 | 98.686 | 99.444 | 91.130 | 91.130 |
|   1   | 84.277 | 98.938 | 99.393 | 91.216 | 91.216 |
|   2   | 84.479 | 98.635 | 99.343 | 91.223 | 91.223 |
|   3   | 84.580 | 98.635 | 99.242 | 91.267 | 91.267 |
|   4   | 84.429 | 98.686 | 99.292 | 91.221 | 91.221 |
|   5   | 84.378 | 98.584 | 99.292 | 91.158 | 91.158 |
|   6   | 84.176 | 98.635 | 99.393 | 91.073 | 91.073 |
|   7   | 84.125 | 98.686 | 99.393 | 91.049 | 91.049 |
|   8   | 84.328 | 98.584 | 99.393 | 91.149 | 91.149 |
|   9   | 84.429 | 98.534 | 99.393 | 91.198 | 91.198 |
|   10  | 84.479 | 98.584 | 99.393 | 91.229 | 91.229 |
|   11  | 84.479 | 98.584 | 99.393 | 91.228 | 91.228 |
|   12  | 84.479 | 98.635 | 99.393 | 91.215 | 91.215 |
|   13  | 84.479 | 98.584 | 99.393 | 91.223 | 91.223 |
|   14  | 84.378 | 98.584 | 99.393 | 91.174 | 91.174 |
|   15  | 84.479 | 98.635 | 99.444 | 91.236 | 91.236 |
|   16  | 84.378 | 98.686 | 99.393 | 91.181 | 91.181 |
|   17  | 84.429 | 98.635 | 99.393 | 91.208 | 91.208 |
|   18  | 84.429 | 98.686 | 99.393 | 91.193 | 91.193 |
+-------+--------+--------+--------+--------+--------+
     logs:  {'epo': 18, 'R1': np.float32(84.429), 'R5': np.float32(98.686), 'R10': np.float32(99.393), 'mAP': np.float32(91.193), 'mINP': np.float32(91.193), 'lr': 8e-05, 'entropy': 0.041069, 'loss': 0.603478}
      TTA Epoch: [19] [  0/123]  eta: 0:00:52  lr: 0.000076  entropy: 0.0615  loss: 0.6405  time: 0.4267  data: 0.3732  max mem: 2671
      TTA Epoch: [19] [100/123]  eta: 0:00:00  lr: 0.000071  entropy: 0.0051  loss: 0.5288  time: 0.0340  data: 0.0001  max mem: 2671
      TTA Epoch: [19] [122/123]  eta: 0:00:00  lr: 0.000070  entropy: 0.0072  loss: 0.5322  time: 0.0313  data: 0.0001  max mem: 2671
      TTA Epoch: [19] Total time: 0:00:04 (0.0366 s / it)
     Averaged stats: lr: 0.0001  entropy: 0.0387  loss: 0.5948
     Computing matching score
      Evaluation: [   0/1978]  eta: 0:01:25    time: 0.0433  data: 0.0023  max mem: 2671
      Evaluation: [ 100/1978]  eta: 0:01:15    time: 0.0404  data: 0.0000  max mem: 2671
      Evaluation: [ 200/1978]  eta: 0:01:11    time: 0.0405  data: 0.0000  max mem: 2671
      Evaluation: [ 300/1978]  eta: 0:01:07    time: 0.0403  data: 0.0000  max mem: 2671
      Evaluation: [ 400/1978]  eta: 0:01:03    time: 0.0405  data: 0.0000  max mem: 2671
      Evaluation: [ 500/1978]  eta: 0:01:00    time: 0.0429  data: 0.0000  max mem: 2671
      Evaluation: [ 600/1978]  eta: 0:00:56    time: 0.0418  data: 0.0000  max mem: 2671
      Evaluation: [ 700/1978]  eta: 0:00:52    time: 0.0427  data: 0.0000  max mem: 2671
      Evaluation: [ 800/1978]  eta: 0:00:48    time: 0.0409  data: 0.0000  max mem: 2671
      Evaluation: [ 900/1978]  eta: 0:00:44    time: 0.0443  data: 0.0000  max mem: 2671
      Evaluation: [1000/1978]  eta: 0:00:40    time: 0.0430  data: 0.0000  max mem: 2671
      Evaluation: [1100/1978]  eta: 0:00:36    time: 0.0435  data: 0.0000  max mem: 2671
      Evaluation: [1200/1978]  eta: 0:00:32    time: 0.0464  data: 0.0000  max mem: 2671
      Evaluation: [1300/1978]  eta: 0:00:28    time: 0.0405  data: 0.0000  max mem: 2671
      Evaluation: [1400/1978]  eta: 0:00:24    time: 0.0409  data: 0.0000  max mem: 2671
      Evaluation: [1500/1978]  eta: 0:00:20    time: 0.0414  data: 0.0000  max mem: 2671
      Evaluation: [1600/1978]  eta: 0:00:15    time: 0.0414  data: 0.0000  max mem: 2671
      Evaluation: [1700/1978]  eta: 0:00:11    time: 0.0412  data: 0.0000  max mem: 2671
      Evaluation: [1800/1978]  eta: 0:00:07    time: 0.0411  data: 0.0000  max mem: 2671
      Evaluation: [1900/1978]  eta: 0:00:03    time: 0.0408  data: 0.0000  max mem: 2671
      Evaluation: [1977/1978]  eta: 0:00:00    time: 0.0411  data: 0.0000  max mem: 2671
      Evaluation: Total time: 0:01:22 (0.0417 s / it)
     Computing matching score time 0:01:22
### TTA ITM Score: 
+-------+--------+--------+--------+--------+--------+
| epoch |   R1   |   R5   |  R10   |  mAP   |  mINP  |
+-------+--------+--------+--------+--------+--------+
|  -999 | 69.414 | 95.197 | 97.776 | 81.233 | 81.233 |
|  -999 | 84.277 | 99.039 | 99.596 | 91.276 | 91.276 |
|   0   | 84.226 | 98.686 | 99.444 | 91.130 | 91.130 |
|   1   | 84.277 | 98.938 | 99.393 | 91.216 | 91.216 |
|   2   | 84.479 | 98.635 | 99.343 | 91.223 | 91.223 |
|   3   | 84.580 | 98.635 | 99.242 | 91.267 | 91.267 |
|   4   | 84.429 | 98.686 | 99.292 | 91.221 | 91.221 |
|   5   | 84.378 | 98.584 | 99.292 | 91.158 | 91.158 |
|   6   | 84.176 | 98.635 | 99.393 | 91.073 | 91.073 |
|   7   | 84.125 | 98.686 | 99.393 | 91.049 | 91.049 |
|   8   | 84.328 | 98.584 | 99.393 | 91.149 | 91.149 |
|   9   | 84.429 | 98.534 | 99.393 | 91.198 | 91.198 |
|   10  | 84.479 | 98.584 | 99.393 | 91.229 | 91.229 |
|   11  | 84.479 | 98.584 | 99.393 | 91.228 | 91.228 |
|   12  | 84.479 | 98.635 | 99.393 | 91.215 | 91.215 |
|   13  | 84.479 | 98.584 | 99.393 | 91.223 | 91.223 |
|   14  | 84.378 | 98.584 | 99.393 | 91.174 | 91.174 |
|   15  | 84.479 | 98.635 | 99.444 | 91.236 | 91.236 |
|   16  | 84.378 | 98.686 | 99.393 | 91.181 | 91.181 |
|   17  | 84.429 | 98.635 | 99.393 | 91.208 | 91.208 |
|   18  | 84.429 | 98.686 | 99.393 | 91.193 | 91.193 |
|   19  | 84.328 | 98.635 | 99.393 | 91.145 | 91.145 |
+-------+--------+--------+--------+--------+--------+
     logs:  {'epo': 19, 'R1': np.float32(84.328), 'R5': np.float32(98.635), 'R10': np.float32(99.393), 'mAP': np.float32(91.145), 'mINP': np.float32(91.145), 'lr': 7.3e-05, 'entropy': 0.038652, 'loss': 0.594827}
      TTA Epoch: [20] [  0/123]  eta: 0:01:11  lr: 0.000070  entropy: 0.0506  loss: 0.6158  time: 0.5848  data: 0.5262  max mem: 2671
      TTA Epoch: [20] [100/123]  eta: 0:00:00  lr: 0.000064  entropy: 0.0340  loss: 0.5809  time: 0.0379  data: 0.0001  max mem: 2671
      TTA Epoch: [20] [122/123]  eta: 0:00:00  lr: 0.000063  entropy: 0.0002  loss: 0.5148  time: 0.0350  data: 0.0001  max mem: 2671
      TTA Epoch: [20] Total time: 0:00:05 (0.0411 s / it)
     Averaged stats: lr: 0.0001  entropy: 0.0389  loss: 0.5916
     Computing matching score
      Evaluation: [   0/1978]  eta: 0:01:31    time: 0.0460  data: 0.0026  max mem: 2671
      Evaluation: [ 100/1978]  eta: 0:01:20    time: 0.0430  data: 0.0000  max mem: 2671
      Evaluation: [ 200/1978]  eta: 0:01:16    time: 0.0427  data: 0.0000  max mem: 2671
      Evaluation: [ 300/1978]  eta: 0:01:11    time: 0.0428  data: 0.0000  max mem: 2671
      Evaluation: [ 400/1978]  eta: 0:01:08    time: 0.0439  data: 0.0000  max mem: 2671
      Evaluation: [ 500/1978]  eta: 0:01:04    time: 0.0438  data: 0.0000  max mem: 2671
      Evaluation: [ 600/1978]  eta: 0:00:59    time: 0.0447  data: 0.0000  max mem: 2671
      Evaluation: [ 700/1978]  eta: 0:00:55    time: 0.0418  data: 0.0000  max mem: 2671
      Evaluation: [ 800/1978]  eta: 0:00:50    time: 0.0406  data: 0.0000  max mem: 2671
      Evaluation: [ 900/1978]  eta: 0:00:46    time: 0.0407  data: 0.0000  max mem: 2671
      Evaluation: [1000/1978]  eta: 0:00:41    time: 0.0412  data: 0.0000  max mem: 2671
      Evaluation: [1100/1978]  eta: 0:00:37    time: 0.0409  data: 0.0000  max mem: 2671
      Evaluation: [1200/1978]  eta: 0:00:33    time: 0.0413  data: 0.0000  max mem: 2671
      Evaluation: [1300/1978]  eta: 0:00:28    time: 0.0435  data: 0.0000  max mem: 2671
      Evaluation: [1400/1978]  eta: 0:00:24    time: 0.0429  data: 0.0000  max mem: 2671
      Evaluation: [1500/1978]  eta: 0:00:20    time: 0.0420  data: 0.0000  max mem: 2671
      Evaluation: [1600/1978]  eta: 0:00:16    time: 0.0428  data: 0.0000  max mem: 2671
      Evaluation: [1700/1978]  eta: 0:00:11    time: 0.0432  data: 0.0000  max mem: 2671
      Evaluation: [1800/1978]  eta: 0:00:07    time: 0.0429  data: 0.0000  max mem: 2671
      Evaluation: [1900/1978]  eta: 0:00:03    time: 0.0427  data: 0.0000  max mem: 2671
      Evaluation: [1977/1978]  eta: 0:00:00    time: 0.0426  data: 0.0000  max mem: 2671
      Evaluation: Total time: 0:01:24 (0.0426 s / it)
     Computing matching score time 0:01:24
### TTA ITM Score: 
+-------+--------+--------+--------+--------+--------+
| epoch |   R1   |   R5   |  R10   |  mAP   |  mINP  |
+-------+--------+--------+--------+--------+--------+
|  -999 | 69.414 | 95.197 | 97.776 | 81.233 | 81.233 |
|  -999 | 84.277 | 99.039 | 99.596 | 91.276 | 91.276 |
|   0   | 84.226 | 98.686 | 99.444 | 91.130 | 91.130 |
|   1   | 84.277 | 98.938 | 99.393 | 91.216 | 91.216 |
|   2   | 84.479 | 98.635 | 99.343 | 91.223 | 91.223 |
|   3   | 84.580 | 98.635 | 99.242 | 91.267 | 91.267 |
|   4   | 84.429 | 98.686 | 99.292 | 91.221 | 91.221 |
|   5   | 84.378 | 98.584 | 99.292 | 91.158 | 91.158 |
|   6   | 84.176 | 98.635 | 99.393 | 91.073 | 91.073 |
|   7   | 84.125 | 98.686 | 99.393 | 91.049 | 91.049 |
|   8   | 84.328 | 98.584 | 99.393 | 91.149 | 91.149 |
|   9   | 84.429 | 98.534 | 99.393 | 91.198 | 91.198 |
|   10  | 84.479 | 98.584 | 99.393 | 91.229 | 91.229 |
|   11  | 84.479 | 98.584 | 99.393 | 91.228 | 91.228 |
|   12  | 84.479 | 98.635 | 99.393 | 91.215 | 91.215 |
|   13  | 84.479 | 98.584 | 99.393 | 91.223 | 91.223 |
|   14  | 84.378 | 98.584 | 99.393 | 91.174 | 91.174 |
|   15  | 84.479 | 98.635 | 99.444 | 91.236 | 91.236 |
|   16  | 84.378 | 98.686 | 99.393 | 91.181 | 91.181 |
|   17  | 84.429 | 98.635 | 99.393 | 91.208 | 91.208 |
|   18  | 84.429 | 98.686 | 99.393 | 91.193 | 91.193 |
|   19  | 84.328 | 98.635 | 99.393 | 91.145 | 91.145 |
|   20  | 84.479 | 98.686 | 99.393 | 91.213 | 91.213 |
+-------+--------+--------+--------+--------+--------+
     logs:  {'epo': 20, 'R1': np.float32(84.479), 'R5': np.float32(98.686), 'R10': np.float32(99.393), 'mAP': np.float32(91.213), 'mINP': np.float32(91.213), 'lr': 6.6e-05, 'entropy': 0.038913, 'loss': 0.59164}
      TTA Epoch: [21] [  0/123]  eta: 0:01:08  lr: 0.000063  entropy: 0.0431  loss: 0.5982  time: 0.5582  data: 0.4994  max mem: 2671
      TTA Epoch: [21] [100/123]  eta: 0:00:00  lr: 0.000057  entropy: 0.1424  loss: 0.7900  time: 0.0383  data: 0.0002  max mem: 2671
      TTA Epoch: [21] [122/123]  eta: 0:00:00  lr: 0.000056  entropy: 0.0400  loss: 0.5890  time: 0.0377  data: 0.0017  max mem: 2671
      TTA Epoch: [21] Total time: 0:00:05 (0.0416 s / it)
     Averaged stats: lr: 0.0001  entropy: 0.0422  loss: 0.5948
     Computing matching score
      Evaluation: [   0/1978]  eta: 0:01:32    time: 0.0466  data: 0.0027  max mem: 2671
      Evaluation: [ 100/1978]  eta: 0:01:18    time: 0.0411  data: 0.0000  max mem: 2671
      Evaluation: [ 200/1978]  eta: 0:01:14    time: 0.0413  data: 0.0000  max mem: 2671
      Evaluation: [ 300/1978]  eta: 0:01:09    time: 0.0415  data: 0.0000  max mem: 2671
      Evaluation: [ 400/1978]  eta: 0:01:05    time: 0.0411  data: 0.0000  max mem: 2671
      Evaluation: [ 500/1978]  eta: 0:01:01    time: 0.0415  data: 0.0000  max mem: 2671
      Evaluation: [ 600/1978]  eta: 0:00:57    time: 0.0414  data: 0.0000  max mem: 2671
      Evaluation: [ 700/1978]  eta: 0:00:53    time: 0.0412  data: 0.0000  max mem: 2671
      Evaluation: [ 800/1978]  eta: 0:00:49    time: 0.0456  data: 0.0000  max mem: 2671
      Evaluation: [ 900/1978]  eta: 0:00:45    time: 0.0424  data: 0.0000  max mem: 2671
      Evaluation: [1000/1978]  eta: 0:00:40    time: 0.0423  data: 0.0000  max mem: 2671
      Evaluation: [1100/1978]  eta: 0:00:36    time: 0.0423  data: 0.0000  max mem: 2671
      Evaluation: [1200/1978]  eta: 0:00:32    time: 0.0429  data: 0.0000  max mem: 2671
      Evaluation: [1300/1978]  eta: 0:00:28    time: 0.0428  data: 0.0000  max mem: 2671
      Evaluation: [1400/1978]  eta: 0:00:24    time: 0.0431  data: 0.0000  max mem: 2671
      Evaluation: [1500/1978]  eta: 0:00:20    time: 0.0453  data: 0.0000  max mem: 2671
      Evaluation: [1600/1978]  eta: 0:00:15    time: 0.0418  data: 0.0000  max mem: 2671
      Evaluation: [1700/1978]  eta: 0:00:11    time: 0.0408  data: 0.0000  max mem: 2671
      Evaluation: [1800/1978]  eta: 0:00:07    time: 0.0409  data: 0.0000  max mem: 2671
      Evaluation: [1900/1978]  eta: 0:00:03    time: 0.0406  data: 0.0000  max mem: 2671
      Evaluation: [1977/1978]  eta: 0:00:00    time: 0.0404  data: 0.0000  max mem: 2671
      Evaluation: Total time: 0:01:22 (0.0420 s / it)
     Computing matching score time 0:01:23
### TTA ITM Score: 
+-------+--------+--------+--------+--------+--------+
| epoch |   R1   |   R5   |  R10   |  mAP   |  mINP  |
+-------+--------+--------+--------+--------+--------+
|  -999 | 69.414 | 95.197 | 97.776 | 81.233 | 81.233 |
|  -999 | 84.277 | 99.039 | 99.596 | 91.276 | 91.276 |
|   0   | 84.226 | 98.686 | 99.444 | 91.130 | 91.130 |
|   1   | 84.277 | 98.938 | 99.393 | 91.216 | 91.216 |
|   2   | 84.479 | 98.635 | 99.343 | 91.223 | 91.223 |
|   3   | 84.580 | 98.635 | 99.242 | 91.267 | 91.267 |
|   4   | 84.429 | 98.686 | 99.292 | 91.221 | 91.221 |
|   5   | 84.378 | 98.584 | 99.292 | 91.158 | 91.158 |
|   6   | 84.176 | 98.635 | 99.393 | 91.073 | 91.073 |
|   7   | 84.125 | 98.686 | 99.393 | 91.049 | 91.049 |
|   8   | 84.328 | 98.584 | 99.393 | 91.149 | 91.149 |
|   9   | 84.429 | 98.534 | 99.393 | 91.198 | 91.198 |
|   10  | 84.479 | 98.584 | 99.393 | 91.229 | 91.229 |
|   11  | 84.479 | 98.584 | 99.393 | 91.228 | 91.228 |
|   12  | 84.479 | 98.635 | 99.393 | 91.215 | 91.215 |
|   13  | 84.479 | 98.584 | 99.393 | 91.223 | 91.223 |
|   14  | 84.378 | 98.584 | 99.393 | 91.174 | 91.174 |
|   15  | 84.479 | 98.635 | 99.444 | 91.236 | 91.236 |
|   16  | 84.378 | 98.686 | 99.393 | 91.181 | 91.181 |
|   17  | 84.429 | 98.635 | 99.393 | 91.208 | 91.208 |
|   18  | 84.429 | 98.686 | 99.393 | 91.193 | 91.193 |
|   19  | 84.328 | 98.635 | 99.393 | 91.145 | 91.145 |
|   20  | 84.479 | 98.686 | 99.393 | 91.213 | 91.213 |
|   21  | 84.479 | 98.635 | 99.393 | 91.218 | 91.218 |
+-------+--------+--------+--------+--------+--------+
     logs:  {'epo': 21, 'R1': np.float32(84.479), 'R5': np.float32(98.635), 'R10': np.float32(99.393), 'mAP': np.float32(91.218), 'mINP': np.float32(91.218), 'lr': 5.9e-05, 'entropy': 0.042221, 'loss': 0.594833}
      TTA Epoch: [22] [  0/123]  eta: 0:00:52  lr: 0.000056  entropy: 0.0103  loss: 0.5310  time: 0.4268  data: 0.3710  max mem: 2671
      TTA Epoch: [22] [100/123]  eta: 0:00:00  lr: 0.000050  entropy: 0.0004  loss: 0.5087  time: 0.0384  data: 0.0001  max mem: 2671
      TTA Epoch: [22] [122/123]  eta: 0:00:00  lr: 0.000049  entropy: 0.0652  loss: 0.6359  time: 0.0498  data: 0.0002  max mem: 2671
      TTA Epoch: [22] Total time: 0:00:05 (0.0413 s / it)
     Averaged stats: lr: 0.0001  entropy: 0.0396  loss: 0.5868
     Computing matching score
      Evaluation: [   0/1978]  eta: 0:01:29    time: 0.0454  data: 0.0031  max mem: 2671
      Evaluation: [ 100/1978]  eta: 0:01:18    time: 0.0406  data: 0.0000  max mem: 2671
      Evaluation: [ 200/1978]  eta: 0:01:14    time: 0.0442  data: 0.0000  max mem: 2671
      Evaluation: [ 300/1978]  eta: 0:01:10    time: 0.0433  data: 0.0000  max mem: 2671
      Evaluation: [ 400/1978]  eta: 0:01:06    time: 0.0431  data: 0.0000  max mem: 2671
      Evaluation: [ 500/1978]  eta: 0:01:02    time: 0.0412  data: 0.0000  max mem: 2671
      Evaluation: [ 600/1978]  eta: 0:00:58    time: 0.0435  data: 0.0000  max mem: 2671
      Evaluation: [ 700/1978]  eta: 0:00:54    time: 0.0426  data: 0.0000  max mem: 2671
      Evaluation: [ 800/1978]  eta: 0:00:50    time: 0.0439  data: 0.0000  max mem: 2671
      Evaluation: [ 900/1978]  eta: 0:00:46    time: 0.0421  data: 0.0000  max mem: 2671
      Evaluation: [1000/1978]  eta: 0:00:41    time: 0.0405  data: 0.0000  max mem: 2671
      Evaluation: [1100/1978]  eta: 0:00:37    time: 0.0407  data: 0.0000  max mem: 2671
      Evaluation: [1200/1978]  eta: 0:00:32    time: 0.0410  data: 0.0000  max mem: 2671
      Evaluation: [1300/1978]  eta: 0:00:28    time: 0.0403  data: 0.0000  max mem: 2671
      Evaluation: [1400/1978]  eta: 0:00:24    time: 0.0405  data: 0.0000  max mem: 2671
      Evaluation: [1500/1978]  eta: 0:00:20    time: 0.0403  data: 0.0000  max mem: 2671
      Evaluation: [1600/1978]  eta: 0:00:15    time: 0.0407  data: 0.0000  max mem: 2671
      Evaluation: [1700/1978]  eta: 0:00:11    time: 0.0428  data: 0.0000  max mem: 2671
      Evaluation: [1800/1978]  eta: 0:00:07    time: 0.0421  data: 0.0000  max mem: 2671
      Evaluation: [1900/1978]  eta: 0:00:03    time: 0.0420  data: 0.0000  max mem: 2671
      Evaluation: [1977/1978]  eta: 0:00:00    time: 0.0432  data: 0.0000  max mem: 2671
      Evaluation: Total time: 0:01:23 (0.0420 s / it)
     Computing matching score time 0:01:23
### TTA ITM Score: 
+-------+--------+--------+--------+--------+--------+
| epoch |   R1   |   R5   |  R10   |  mAP   |  mINP  |
+-------+--------+--------+--------+--------+--------+
|  -999 | 69.414 | 95.197 | 97.776 | 81.233 | 81.233 |
|  -999 | 84.277 | 99.039 | 99.596 | 91.276 | 91.276 |
|   0   | 84.226 | 98.686 | 99.444 | 91.130 | 91.130 |
|   1   | 84.277 | 98.938 | 99.393 | 91.216 | 91.216 |
|   2   | 84.479 | 98.635 | 99.343 | 91.223 | 91.223 |
|   3   | 84.580 | 98.635 | 99.242 | 91.267 | 91.267 |
|   4   | 84.429 | 98.686 | 99.292 | 91.221 | 91.221 |
|   5   | 84.378 | 98.584 | 99.292 | 91.158 | 91.158 |
|   6   | 84.176 | 98.635 | 99.393 | 91.073 | 91.073 |
|   7   | 84.125 | 98.686 | 99.393 | 91.049 | 91.049 |
|   8   | 84.328 | 98.584 | 99.393 | 91.149 | 91.149 |
|   9   | 84.429 | 98.534 | 99.393 | 91.198 | 91.198 |
|   10  | 84.479 | 98.584 | 99.393 | 91.229 | 91.229 |
|   11  | 84.479 | 98.584 | 99.393 | 91.228 | 91.228 |
|   12  | 84.479 | 98.635 | 99.393 | 91.215 | 91.215 |
|   13  | 84.479 | 98.584 | 99.393 | 91.223 | 91.223 |
|   14  | 84.378 | 98.584 | 99.393 | 91.174 | 91.174 |
|   15  | 84.479 | 98.635 | 99.444 | 91.236 | 91.236 |
|   16  | 84.378 | 98.686 | 99.393 | 91.181 | 91.181 |
|   17  | 84.429 | 98.635 | 99.393 | 91.208 | 91.208 |
|   18  | 84.429 | 98.686 | 99.393 | 91.193 | 91.193 |
|   19  | 84.328 | 98.635 | 99.393 | 91.145 | 91.145 |
|   20  | 84.479 | 98.686 | 99.393 | 91.213 | 91.213 |
|   21  | 84.479 | 98.635 | 99.393 | 91.218 | 91.218 |
|   22  | 84.479 | 98.635 | 99.393 | 91.212 | 91.212 |
+-------+--------+--------+--------+--------+--------+
     logs:  {'epo': 22, 'R1': np.float32(84.479), 'R5': np.float32(98.635), 'R10': np.float32(99.393), 'mAP': np.float32(91.212), 'mINP': np.float32(91.212), 'lr': 5.3e-05, 'entropy': 0.039602, 'loss': 0.586838}
      TTA Epoch: [23] [  0/123]  eta: 0:01:23  lr: 0.000049  entropy: 0.1293  loss: 0.7625  time: 0.6790  data: 0.6217  max mem: 2671
      TTA Epoch: [23] [100/123]  eta: 0:00:00  lr: 0.000044  entropy: 0.0259  loss: 0.5565  time: 0.0349  data: 0.0001  max mem: 2671
      TTA Epoch: [23] [122/123]  eta: 0:00:00  lr: 0.000042  entropy: 0.0891  loss: 0.6812  time: 0.0350  data: 0.0001  max mem: 2671
      TTA Epoch: [23] Total time: 0:00:04 (0.0403 s / it)
     Averaged stats: lr: 0.0000  entropy: 0.0382  loss: 0.5815
     Computing matching score
      Evaluation: [   0/1978]  eta: 0:01:34    time: 0.0477  data: 0.0027  max mem: 2671
      Evaluation: [ 100/1978]  eta: 0:01:19    time: 0.0420  data: 0.0000  max mem: 2671
      Evaluation: [ 200/1978]  eta: 0:01:16    time: 0.0450  data: 0.0000  max mem: 2671
      Evaluation: [ 300/1978]  eta: 0:01:12    time: 0.0401  data: 0.0000  max mem: 2671
      Evaluation: [ 400/1978]  eta: 0:01:06    time: 0.0404  data: 0.0000  max mem: 2671
      Evaluation: [ 500/1978]  eta: 0:01:01    time: 0.0400  data: 0.0000  max mem: 2671
      Evaluation: [ 600/1978]  eta: 0:00:57    time: 0.0404  data: 0.0000  max mem: 2671
      Evaluation: [ 700/1978]  eta: 0:00:52    time: 0.0403  data: 0.0000  max mem: 2671
      Evaluation: [ 800/1978]  eta: 0:00:48    time: 0.0422  data: 0.0000  max mem: 2671
      Evaluation: [ 900/1978]  eta: 0:00:44    time: 0.0406  data: 0.0000  max mem: 2671
      Evaluation: [1000/1978]  eta: 0:00:40    time: 0.0405  data: 0.0000  max mem: 2671
      Evaluation: [1100/1978]  eta: 0:00:36    time: 0.0423  data: 0.0000  max mem: 2671
      Evaluation: [1200/1978]  eta: 0:00:32    time: 0.0414  data: 0.0000  max mem: 2671
      Evaluation: [1300/1978]  eta: 0:00:28    time: 0.0419  data: 0.0000  max mem: 2671
      Evaluation: [1400/1978]  eta: 0:00:24    time: 0.0425  data: 0.0000  max mem: 2671
      Evaluation: [1500/1978]  eta: 0:00:19    time: 0.0415  data: 0.0000  max mem: 2671
      Evaluation: [1600/1978]  eta: 0:00:15    time: 0.0416  data: 0.0000  max mem: 2671
      Evaluation: [1700/1978]  eta: 0:00:11    time: 0.0423  data: 0.0000  max mem: 2671
      Evaluation: [1800/1978]  eta: 0:00:07    time: 0.0417  data: 0.0000  max mem: 2671
      Evaluation: [1900/1978]  eta: 0:00:03    time: 0.0425  data: 0.0000  max mem: 2671
      Evaluation: [1977/1978]  eta: 0:00:00    time: 0.0406  data: 0.0000  max mem: 2671
      Evaluation: Total time: 0:01:22 (0.0418 s / it)
     Computing matching score time 0:01:22
### TTA ITM Score: 
+-------+--------+--------+--------+--------+--------+
| epoch |   R1   |   R5   |  R10   |  mAP   |  mINP  |
+-------+--------+--------+--------+--------+--------+
|  -999 | 69.414 | 95.197 | 97.776 | 81.233 | 81.233 |
|  -999 | 84.277 | 99.039 | 99.596 | 91.276 | 91.276 |
|   0   | 84.226 | 98.686 | 99.444 | 91.130 | 91.130 |
|   1   | 84.277 | 98.938 | 99.393 | 91.216 | 91.216 |
|   2   | 84.479 | 98.635 | 99.343 | 91.223 | 91.223 |
|   3   | 84.580 | 98.635 | 99.242 | 91.267 | 91.267 |
|   4   | 84.429 | 98.686 | 99.292 | 91.221 | 91.221 |
|   5   | 84.378 | 98.584 | 99.292 | 91.158 | 91.158 |
|   6   | 84.176 | 98.635 | 99.393 | 91.073 | 91.073 |
|   7   | 84.125 | 98.686 | 99.393 | 91.049 | 91.049 |
|   8   | 84.328 | 98.584 | 99.393 | 91.149 | 91.149 |
|   9   | 84.429 | 98.534 | 99.393 | 91.198 | 91.198 |
|   10  | 84.479 | 98.584 | 99.393 | 91.229 | 91.229 |
|   11  | 84.479 | 98.584 | 99.393 | 91.228 | 91.228 |
|   12  | 84.479 | 98.635 | 99.393 | 91.215 | 91.215 |
|   13  | 84.479 | 98.584 | 99.393 | 91.223 | 91.223 |
|   14  | 84.378 | 98.584 | 99.393 | 91.174 | 91.174 |
|   15  | 84.479 | 98.635 | 99.444 | 91.236 | 91.236 |
|   16  | 84.378 | 98.686 | 99.393 | 91.181 | 91.181 |
|   17  | 84.429 | 98.635 | 99.393 | 91.208 | 91.208 |
|   18  | 84.429 | 98.686 | 99.393 | 91.193 | 91.193 |
|   19  | 84.328 | 98.635 | 99.393 | 91.145 | 91.145 |
|   20  | 84.479 | 98.686 | 99.393 | 91.213 | 91.213 |
|   21  | 84.479 | 98.635 | 99.393 | 91.218 | 91.218 |
|   22  | 84.479 | 98.635 | 99.393 | 91.212 | 91.212 |
|   23  | 84.479 | 98.584 | 99.393 | 91.222 | 91.222 |
+-------+--------+--------+--------+--------+--------+
     logs:  {'epo': 23, 'R1': np.float32(84.479), 'R5': np.float32(98.584), 'R10': np.float32(99.393), 'mAP': np.float32(91.222), 'mINP': np.float32(91.222), 'lr': 4.6e-05, 'entropy': 0.038162, 'loss': 0.581466}
      TTA Epoch: [24] [  0/123]  eta: 0:00:52  lr: 0.000042  entropy: 0.0123  loss: 0.5290  time: 0.4296  data: 0.3731  max mem: 2671
      TTA Epoch: [24] [100/123]  eta: 0:00:00  lr: 0.000037  entropy: 0.0292  loss: 0.5608  time: 0.0348  data: 0.0001  max mem: 2671
      TTA Epoch: [24] [122/123]  eta: 0:00:00  lr: 0.000036  entropy: 0.0128  loss: 0.5277  time: 0.0352  data: 0.0026  max mem: 2671
      TTA Epoch: [24] Total time: 0:00:04 (0.0376 s / it)
     Averaged stats: lr: 0.0000  entropy: 0.0343  loss: 0.5717
     Computing matching score
      Evaluation: [   0/1978]  eta: 0:01:30    time: 0.0458  data: 0.0035  max mem: 2671
      Evaluation: [ 100/1978]  eta: 0:01:16    time: 0.0405  data: 0.0000  max mem: 2671
      Evaluation: [ 200/1978]  eta: 0:01:13    time: 0.0424  data: 0.0000  max mem: 2671
      Evaluation: [ 300/1978]  eta: 0:01:09    time: 0.0422  data: 0.0000  max mem: 2671
      Evaluation: [ 400/1978]  eta: 0:01:05    time: 0.0405  data: 0.0000  max mem: 2671
      Evaluation: [ 500/1978]  eta: 0:01:00    time: 0.0408  data: 0.0000  max mem: 2671
      Evaluation: [ 600/1978]  eta: 0:00:56    time: 0.0418  data: 0.0000  max mem: 2671
      Evaluation: [ 700/1978]  eta: 0:00:52    time: 0.0422  data: 0.0000  max mem: 2671
      Evaluation: [ 800/1978]  eta: 0:00:48    time: 0.0420  data: 0.0000  max mem: 2671
      Evaluation: [ 900/1978]  eta: 0:00:44    time: 0.0420  data: 0.0000  max mem: 2671
      Evaluation: [1000/1978]  eta: 0:00:40    time: 0.0419  data: 0.0000  max mem: 2671
      Evaluation: [1100/1978]  eta: 0:00:36    time: 0.0431  data: 0.0000  max mem: 2671
      Evaluation: [1200/1978]  eta: 0:00:32    time: 0.0421  data: 0.0000  max mem: 2671
      Evaluation: [1300/1978]  eta: 0:00:28    time: 0.0423  data: 0.0000  max mem: 2671
      Evaluation: [1400/1978]  eta: 0:00:24    time: 0.0464  data: 0.0000  max mem: 2671
      Evaluation: [1500/1978]  eta: 0:00:20    time: 0.0416  data: 0.0000  max mem: 2671
      Evaluation: [1600/1978]  eta: 0:00:15    time: 0.0404  data: 0.0000  max mem: 2671
      Evaluation: [1700/1978]  eta: 0:00:11    time: 0.0403  data: 0.0000  max mem: 2671
      Evaluation: [1800/1978]  eta: 0:00:07    time: 0.0403  data: 0.0000  max mem: 2671
      Evaluation: [1900/1978]  eta: 0:00:03    time: 0.0407  data: 0.0000  max mem: 2671
      Evaluation: [1977/1978]  eta: 0:00:00    time: 0.0412  data: 0.0000  max mem: 2671
      Evaluation: Total time: 0:01:22 (0.0416 s / it)
     Computing matching score time 0:01:22
### TTA ITM Score: 
+-------+--------+--------+--------+--------+--------+
| epoch |   R1   |   R5   |  R10   |  mAP   |  mINP  |
+-------+--------+--------+--------+--------+--------+
|  -999 | 69.414 | 95.197 | 97.776 | 81.233 | 81.233 |
|  -999 | 84.277 | 99.039 | 99.596 | 91.276 | 91.276 |
|   0   | 84.226 | 98.686 | 99.444 | 91.130 | 91.130 |
|   1   | 84.277 | 98.938 | 99.393 | 91.216 | 91.216 |
|   2   | 84.479 | 98.635 | 99.343 | 91.223 | 91.223 |
|   3   | 84.580 | 98.635 | 99.242 | 91.267 | 91.267 |
|   4   | 84.429 | 98.686 | 99.292 | 91.221 | 91.221 |
|   5   | 84.378 | 98.584 | 99.292 | 91.158 | 91.158 |
|   6   | 84.176 | 98.635 | 99.393 | 91.073 | 91.073 |
|   7   | 84.125 | 98.686 | 99.393 | 91.049 | 91.049 |
|   8   | 84.328 | 98.584 | 99.393 | 91.149 | 91.149 |
|   9   | 84.429 | 98.534 | 99.393 | 91.198 | 91.198 |
|   10  | 84.479 | 98.584 | 99.393 | 91.229 | 91.229 |
|   11  | 84.479 | 98.584 | 99.393 | 91.228 | 91.228 |
|   12  | 84.479 | 98.635 | 99.393 | 91.215 | 91.215 |
|   13  | 84.479 | 98.584 | 99.393 | 91.223 | 91.223 |
|   14  | 84.378 | 98.584 | 99.393 | 91.174 | 91.174 |
|   15  | 84.479 | 98.635 | 99.444 | 91.236 | 91.236 |
|   16  | 84.378 | 98.686 | 99.393 | 91.181 | 91.181 |
|   17  | 84.429 | 98.635 | 99.393 | 91.208 | 91.208 |
|   18  | 84.429 | 98.686 | 99.393 | 91.193 | 91.193 |
|   19  | 84.328 | 98.635 | 99.393 | 91.145 | 91.145 |
|   20  | 84.479 | 98.686 | 99.393 | 91.213 | 91.213 |
|   21  | 84.479 | 98.635 | 99.393 | 91.218 | 91.218 |
|   22  | 84.479 | 98.635 | 99.393 | 91.212 | 91.212 |
|   23  | 84.479 | 98.584 | 99.393 | 91.222 | 91.222 |
|   24  | 84.530 | 98.534 | 99.393 | 91.247 | 91.247 |
+-------+--------+--------+--------+--------+--------+
     logs:  {'epo': 24, 'R1': np.float32(84.53), 'R5': np.float32(98.534), 'R10': np.float32(99.393), 'mAP': np.float32(91.247), 'mINP': np.float32(91.247), 'lr': 3.9e-05, 'entropy': 0.034333, 'loss': 0.571692}
      TTA Epoch: [25] [  0/123]  eta: 0:00:56  lr: 0.000036  entropy: 0.0043  loss: 0.5110  time: 0.4564  data: 0.4034  max mem: 2671
      TTA Epoch: [25] [100/123]  eta: 0:00:00  lr: 0.000030  entropy: 0.0604  loss: 0.6216  time: 0.0353  data: 0.0001  max mem: 2671
      TTA Epoch: [25] [122/123]  eta: 0:00:00  lr: 0.000029  entropy: 0.0031  loss: 0.5066  time: 0.0328  data: 0.0001  max mem: 2671
      TTA Epoch: [25] Total time: 0:00:04 (0.0379 s / it)
     Averaged stats: lr: 0.0000  entropy: 0.0363  loss: 0.5738
     Computing matching score
      Evaluation: [   0/1978]  eta: 0:01:27    time: 0.0444  data: 0.0027  max mem: 2671
      Evaluation: [ 100/1978]  eta: 0:01:16    time: 0.0409  data: 0.0000  max mem: 2671
      Evaluation: [ 200/1978]  eta: 0:01:13    time: 0.0415  data: 0.0000  max mem: 2671
      Evaluation: [ 300/1978]  eta: 0:01:09    time: 0.0417  data: 0.0000  max mem: 2671
      Evaluation: [ 400/1978]  eta: 0:01:05    time: 0.0416  data: 0.0000  max mem: 2671
      Evaluation: [ 500/1978]  eta: 0:01:01    time: 0.0423  data: 0.0000  max mem: 2671
      Evaluation: [ 600/1978]  eta: 0:00:57    time: 0.0416  data: 0.0000  max mem: 2671
      Evaluation: [ 700/1978]  eta: 0:00:53    time: 0.0416  data: 0.0000  max mem: 2671
      Evaluation: [ 800/1978]  eta: 0:00:49    time: 0.0417  data: 0.0000  max mem: 2671
      Evaluation: [ 900/1978]  eta: 0:00:45    time: 0.0407  data: 0.0000  max mem: 2671
      Evaluation: [1000/1978]  eta: 0:00:40    time: 0.0404  data: 0.0000  max mem: 2671
      Evaluation: [1100/1978]  eta: 0:00:36    time: 0.0404  data: 0.0000  max mem: 2671
      Evaluation: [1200/1978]  eta: 0:00:32    time: 0.0406  data: 0.0000  max mem: 2671
      Evaluation: [1300/1978]  eta: 0:00:28    time: 0.0405  data: 0.0000  max mem: 2671
      Evaluation: [1400/1978]  eta: 0:00:24    time: 0.0430  data: 0.0000  max mem: 2671
      Evaluation: [1500/1978]  eta: 0:00:19    time: 0.0405  data: 0.0000  max mem: 2671
      Evaluation: [1600/1978]  eta: 0:00:15    time: 0.0405  data: 0.0000  max mem: 2671
      Evaluation: [1700/1978]  eta: 0:00:11    time: 0.0424  data: 0.0000  max mem: 2671
      Evaluation: [1800/1978]  eta: 0:00:07    time: 0.0425  data: 0.0000  max mem: 2671
      Evaluation: [1900/1978]  eta: 0:00:03    time: 0.0421  data: 0.0000  max mem: 2671
      Evaluation: [1977/1978]  eta: 0:00:00    time: 0.0416  data: 0.0000  max mem: 2671
      Evaluation: Total time: 0:01:22 (0.0416 s / it)
     Computing matching score time 0:01:22
### TTA ITM Score: 
+-------+--------+--------+--------+--------+--------+
| epoch |   R1   |   R5   |  R10   |  mAP   |  mINP  |
+-------+--------+--------+--------+--------+--------+
|  -999 | 69.414 | 95.197 | 97.776 | 81.233 | 81.233 |
|  -999 | 84.277 | 99.039 | 99.596 | 91.276 | 91.276 |
|   0   | 84.226 | 98.686 | 99.444 | 91.130 | 91.130 |
|   1   | 84.277 | 98.938 | 99.393 | 91.216 | 91.216 |
|   2   | 84.479 | 98.635 | 99.343 | 91.223 | 91.223 |
|   3   | 84.580 | 98.635 | 99.242 | 91.267 | 91.267 |
|   4   | 84.429 | 98.686 | 99.292 | 91.221 | 91.221 |
|   5   | 84.378 | 98.584 | 99.292 | 91.158 | 91.158 |
|   6   | 84.176 | 98.635 | 99.393 | 91.073 | 91.073 |
|   7   | 84.125 | 98.686 | 99.393 | 91.049 | 91.049 |
|   8   | 84.328 | 98.584 | 99.393 | 91.149 | 91.149 |
|   9   | 84.429 | 98.534 | 99.393 | 91.198 | 91.198 |
|   10  | 84.479 | 98.584 | 99.393 | 91.229 | 91.229 |
|   11  | 84.479 | 98.584 | 99.393 | 91.228 | 91.228 |
|   12  | 84.479 | 98.635 | 99.393 | 91.215 | 91.215 |
|   13  | 84.479 | 98.584 | 99.393 | 91.223 | 91.223 |
|   14  | 84.378 | 98.584 | 99.393 | 91.174 | 91.174 |
|   15  | 84.479 | 98.635 | 99.444 | 91.236 | 91.236 |
|   16  | 84.378 | 98.686 | 99.393 | 91.181 | 91.181 |
|   17  | 84.429 | 98.635 | 99.393 | 91.208 | 91.208 |
|   18  | 84.429 | 98.686 | 99.393 | 91.193 | 91.193 |
|   19  | 84.328 | 98.635 | 99.393 | 91.145 | 91.145 |
|   20  | 84.479 | 98.686 | 99.393 | 91.213 | 91.213 |
|   21  | 84.479 | 98.635 | 99.393 | 91.218 | 91.218 |
|   22  | 84.479 | 98.635 | 99.393 | 91.212 | 91.212 |
|   23  | 84.479 | 98.584 | 99.393 | 91.222 | 91.222 |
|   24  | 84.530 | 98.534 | 99.393 | 91.247 | 91.247 |
|   25  | 84.580 | 98.635 | 99.393 | 91.271 | 91.271 |
+-------+--------+--------+--------+--------+--------+
     logs:  {'epo': 25, 'R1': np.float32(84.58), 'R5': np.float32(98.635), 'R10': np.float32(99.393), 'mAP': np.float32(91.271), 'mINP': np.float32(91.271), 'lr': 3.2e-05, 'entropy': 0.036328, 'loss': 0.573821}
      TTA Epoch: [26] [  0/123]  eta: 0:00:53  lr: 0.000029  entropy: 0.0078  loss: 0.5160  time: 0.4355  data: 0.3782  max mem: 2671
      TTA Epoch: [26] [100/123]  eta: 0:00:00  lr: 0.000023  entropy: 0.0426  loss: 0.5845  time: 0.0371  data: 0.0001  max mem: 2671
      TTA Epoch: [26] [122/123]  eta: 0:00:00  lr: 0.000022  entropy: 0.1401  loss: 0.7797  time: 0.0344  data: 0.0001  max mem: 2671
      TTA Epoch: [26] Total time: 0:00:04 (0.0385 s / it)
     Averaged stats: lr: 0.0000  entropy: 0.0369  loss: 0.5736
     Computing matching score
      Evaluation: [   0/1978]  eta: 0:01:28    time: 0.0450  data: 0.0024  max mem: 2671
      Evaluation: [ 100/1978]  eta: 0:01:19    time: 0.0430  data: 0.0000  max mem: 2671
      Evaluation: [ 200/1978]  eta: 0:01:15    time: 0.0422  data: 0.0000  max mem: 2671
      Evaluation: [ 300/1978]  eta: 0:01:10    time: 0.0420  data: 0.0000  max mem: 2671
      Evaluation: [ 400/1978]  eta: 0:01:06    time: 0.0425  data: 0.0000  max mem: 2671
      Evaluation: [ 500/1978]  eta: 0:01:02    time: 0.0408  data: 0.0000  max mem: 2671
      Evaluation: [ 600/1978]  eta: 0:00:57    time: 0.0408  data: 0.0000  max mem: 2671
      Evaluation: [ 700/1978]  eta: 0:00:53    time: 0.0407  data: 0.0000  max mem: 2671
      Evaluation: [ 800/1978]  eta: 0:00:48    time: 0.0407  data: 0.0000  max mem: 2671
      Evaluation: [ 900/1978]  eta: 0:00:44    time: 0.0410  data: 0.0000  max mem: 2671
      Evaluation: [1000/1978]  eta: 0:00:40    time: 0.0436  data: 0.0000  max mem: 2671
      Evaluation: [1100/1978]  eta: 0:00:36    time: 0.0412  data: 0.0000  max mem: 2671
      Evaluation: [1200/1978]  eta: 0:00:32    time: 0.0409  data: 0.0000  max mem: 2671
      Evaluation: [1300/1978]  eta: 0:00:28    time: 0.0419  data: 0.0000  max mem: 2671
      Evaluation: [1400/1978]  eta: 0:00:24    time: 0.0418  data: 0.0000  max mem: 2671
      Evaluation: [1500/1978]  eta: 0:00:19    time: 0.0420  data: 0.0000  max mem: 2671
      Evaluation: [1600/1978]  eta: 0:00:15    time: 0.0414  data: 0.0000  max mem: 2671
      Evaluation: [1700/1978]  eta: 0:00:11    time: 0.0415  data: 0.0000  max mem: 2671
      Evaluation: [1800/1978]  eta: 0:00:07    time: 0.0418  data: 0.0000  max mem: 2671
      Evaluation: [1900/1978]  eta: 0:00:03    time: 0.0427  data: 0.0000  max mem: 2671
      Evaluation: [1977/1978]  eta: 0:00:00    time: 0.0437  data: 0.0000  max mem: 2671
      Evaluation: Total time: 0:01:22 (0.0418 s / it)
     Computing matching score time 0:01:23
### TTA ITM Score: 
+-------+--------+--------+--------+--------+--------+
| epoch |   R1   |   R5   |  R10   |  mAP   |  mINP  |
+-------+--------+--------+--------+--------+--------+
|  -999 | 69.414 | 95.197 | 97.776 | 81.233 | 81.233 |
|  -999 | 84.277 | 99.039 | 99.596 | 91.276 | 91.276 |
|   0   | 84.226 | 98.686 | 99.444 | 91.130 | 91.130 |
|   1   | 84.277 | 98.938 | 99.393 | 91.216 | 91.216 |
|   2   | 84.479 | 98.635 | 99.343 | 91.223 | 91.223 |
|   3   | 84.580 | 98.635 | 99.242 | 91.267 | 91.267 |
|   4   | 84.429 | 98.686 | 99.292 | 91.221 | 91.221 |
|   5   | 84.378 | 98.584 | 99.292 | 91.158 | 91.158 |
|   6   | 84.176 | 98.635 | 99.393 | 91.073 | 91.073 |
|   7   | 84.125 | 98.686 | 99.393 | 91.049 | 91.049 |
|   8   | 84.328 | 98.584 | 99.393 | 91.149 | 91.149 |
|   9   | 84.429 | 98.534 | 99.393 | 91.198 | 91.198 |
|   10  | 84.479 | 98.584 | 99.393 | 91.229 | 91.229 |
|   11  | 84.479 | 98.584 | 99.393 | 91.228 | 91.228 |
|   12  | 84.479 | 98.635 | 99.393 | 91.215 | 91.215 |
|   13  | 84.479 | 98.584 | 99.393 | 91.223 | 91.223 |
|   14  | 84.378 | 98.584 | 99.393 | 91.174 | 91.174 |
|   15  | 84.479 | 98.635 | 99.444 | 91.236 | 91.236 |
|   16  | 84.378 | 98.686 | 99.393 | 91.181 | 91.181 |
|   17  | 84.429 | 98.635 | 99.393 | 91.208 | 91.208 |
|   18  | 84.429 | 98.686 | 99.393 | 91.193 | 91.193 |
|   19  | 84.328 | 98.635 | 99.393 | 91.145 | 91.145 |
|   20  | 84.479 | 98.686 | 99.393 | 91.213 | 91.213 |
|   21  | 84.479 | 98.635 | 99.393 | 91.218 | 91.218 |
|   22  | 84.479 | 98.635 | 99.393 | 91.212 | 91.212 |
|   23  | 84.479 | 98.584 | 99.393 | 91.222 | 91.222 |
|   24  | 84.530 | 98.534 | 99.393 | 91.247 | 91.247 |
|   25  | 84.580 | 98.635 | 99.393 | 91.271 | 91.271 |
|   26  | 84.631 | 98.635 | 99.393 | 91.299 | 91.299 |
+-------+--------+--------+--------+--------+--------+
     logs:  {'epo': 26, 'R1': np.float32(84.631), 'R5': np.float32(98.635), 'R10': np.float32(99.393), 'mAP': np.float32(91.299), 'mINP': np.float32(91.299), 'lr': 2.5e-05, 'entropy': 0.036939, 'loss': 0.573589}
      TTA Epoch: [27] [  0/123]  eta: 0:01:08  lr: 0.000022  entropy: 0.0167  loss: 0.5325  time: 0.5596  data: 0.4978  max mem: 2671
      TTA Epoch: [27] [100/123]  eta: 0:00:00  lr: 0.000016  entropy: 0.0820  loss: 0.6625  time: 0.0335  data: 0.0001  max mem: 2671
      TTA Epoch: [27] [122/123]  eta: 0:00:00  lr: 0.000015  entropy: 0.0273  loss: 0.5526  time: 0.0314  data: 0.0001  max mem: 2671
      TTA Epoch: [27] Total time: 0:00:04 (0.0390 s / it)
     Averaged stats: lr: 0.0000  entropy: 0.0370  loss: 0.5725
     Computing matching score
      Evaluation: [   0/1978]  eta: 0:01:29    time: 0.0453  data: 0.0036  max mem: 2671
      Evaluation: [ 100/1978]  eta: 0:01:16    time: 0.0406  data: 0.0000  max mem: 2671
      Evaluation: [ 200/1978]  eta: 0:01:12    time: 0.0407  data: 0.0000  max mem: 2671
      Evaluation: [ 300/1978]  eta: 0:01:08    time: 0.0407  data: 0.0000  max mem: 2671
      Evaluation: [ 400/1978]  eta: 0:01:04    time: 0.0409  data: 0.0000  max mem: 2671
      Evaluation: [ 500/1978]  eta: 0:01:00    time: 0.0407  data: 0.0000  max mem: 2671
      Evaluation: [ 600/1978]  eta: 0:00:56    time: 0.0412  data: 0.0000  max mem: 2671
      Evaluation: [ 700/1978]  eta: 0:00:52    time: 0.0428  data: 0.0000  max mem: 2671
      Evaluation: [ 800/1978]  eta: 0:00:48    time: 0.0432  data: 0.0000  max mem: 2671
      Evaluation: [ 900/1978]  eta: 0:00:44    time: 0.0427  data: 0.0000  max mem: 2671
      Evaluation: [1000/1978]  eta: 0:00:40    time: 0.0432  data: 0.0000  max mem: 2671
      Evaluation: [1100/1978]  eta: 0:00:36    time: 0.0422  data: 0.0000  max mem: 2671
      Evaluation: [1200/1978]  eta: 0:00:32    time: 0.0433  data: 0.0000  max mem: 2671
      Evaluation: [1300/1978]  eta: 0:00:28    time: 0.0425  data: 0.0000  max mem: 2671
      Evaluation: [1400/1978]  eta: 0:00:24    time: 0.0441  data: 0.0000  max mem: 2671
      Evaluation: [1500/1978]  eta: 0:00:20    time: 0.0442  data: 0.0000  max mem: 2671
      Evaluation: [1600/1978]  eta: 0:00:15    time: 0.0403  data: 0.0000  max mem: 2671
      Evaluation: [1700/1978]  eta: 0:00:11    time: 0.0408  data: 0.0000  max mem: 2671
      Evaluation: [1800/1978]  eta: 0:00:07    time: 0.0409  data: 0.0000  max mem: 2671
      Evaluation: [1900/1978]  eta: 0:00:03    time: 0.0411  data: 0.0000  max mem: 2671
      Evaluation: [1977/1978]  eta: 0:00:00    time: 0.0408  data: 0.0000  max mem: 2671
      Evaluation: Total time: 0:01:22 (0.0418 s / it)
     Computing matching score time 0:01:23
### TTA ITM Score: 
+-------+--------+--------+--------+--------+--------+
| epoch |   R1   |   R5   |  R10   |  mAP   |  mINP  |
+-------+--------+--------+--------+--------+--------+
|  -999 | 69.414 | 95.197 | 97.776 | 81.233 | 81.233 |
|  -999 | 84.277 | 99.039 | 99.596 | 91.276 | 91.276 |
|   0   | 84.226 | 98.686 | 99.444 | 91.130 | 91.130 |
|   1   | 84.277 | 98.938 | 99.393 | 91.216 | 91.216 |
|   2   | 84.479 | 98.635 | 99.343 | 91.223 | 91.223 |
|   3   | 84.580 | 98.635 | 99.242 | 91.267 | 91.267 |
|   4   | 84.429 | 98.686 | 99.292 | 91.221 | 91.221 |
|   5   | 84.378 | 98.584 | 99.292 | 91.158 | 91.158 |
|   6   | 84.176 | 98.635 | 99.393 | 91.073 | 91.073 |
|   7   | 84.125 | 98.686 | 99.393 | 91.049 | 91.049 |
|   8   | 84.328 | 98.584 | 99.393 | 91.149 | 91.149 |
|   9   | 84.429 | 98.534 | 99.393 | 91.198 | 91.198 |
|   10  | 84.479 | 98.584 | 99.393 | 91.229 | 91.229 |
|   11  | 84.479 | 98.584 | 99.393 | 91.228 | 91.228 |
|   12  | 84.479 | 98.635 | 99.393 | 91.215 | 91.215 |
|   13  | 84.479 | 98.584 | 99.393 | 91.223 | 91.223 |
|   14  | 84.378 | 98.584 | 99.393 | 91.174 | 91.174 |
|   15  | 84.479 | 98.635 | 99.444 | 91.236 | 91.236 |
|   16  | 84.378 | 98.686 | 99.393 | 91.181 | 91.181 |
|   17  | 84.429 | 98.635 | 99.393 | 91.208 | 91.208 |
|   18  | 84.429 | 98.686 | 99.393 | 91.193 | 91.193 |
|   19  | 84.328 | 98.635 | 99.393 | 91.145 | 91.145 |
|   20  | 84.479 | 98.686 | 99.393 | 91.213 | 91.213 |
|   21  | 84.479 | 98.635 | 99.393 | 91.218 | 91.218 |
|   22  | 84.479 | 98.635 | 99.393 | 91.212 | 91.212 |
|   23  | 84.479 | 98.584 | 99.393 | 91.222 | 91.222 |
|   24  | 84.530 | 98.534 | 99.393 | 91.247 | 91.247 |
|   25  | 84.580 | 98.635 | 99.393 | 91.271 | 91.271 |
|   26  | 84.631 | 98.635 | 99.393 | 91.299 | 91.299 |
|   27  | 84.580 | 98.635 | 99.393 | 91.269 | 91.269 |
+-------+--------+--------+--------+--------+--------+
     logs:  {'epo': 27, 'R1': np.float32(84.58), 'R5': np.float32(98.635), 'R10': np.float32(99.393), 'mAP': np.float32(91.269), 'mINP': np.float32(91.269), 'lr': 1.9e-05, 'entropy': 0.036979, 'loss': 0.572544}
      TTA Epoch: [28] [  0/123]  eta: 0:00:54  lr: 0.000015  entropy: 0.0677  loss: 0.6337  time: 0.4408  data: 0.3878  max mem: 2671
      TTA Epoch: [28] [100/123]  eta: 0:00:00  lr: 0.000010  entropy: 0.1450  loss: 0.7890  time: 0.0345  data: 0.0001  max mem: 2671
      TTA Epoch: [28] [122/123]  eta: 0:00:00  lr: 0.000008  entropy: 0.0069  loss: 0.5110  time: 0.0322  data: 0.0001  max mem: 2671
      TTA Epoch: [28] Total time: 0:00:04 (0.0372 s / it)
     Averaged stats: lr: 0.0000  entropy: 0.0401  loss: 0.5781
     Computing matching score
      Evaluation: [   0/1978]  eta: 0:01:28    time: 0.0446  data: 0.0035  max mem: 2671
      Evaluation: [ 100/1978]  eta: 0:01:16    time: 0.0403  data: 0.0000  max mem: 2671
      Evaluation: [ 200/1978]  eta: 0:01:12    time: 0.0406  data: 0.0000  max mem: 2671
      Evaluation: [ 300/1978]  eta: 0:01:09    time: 0.0423  data: 0.0000  max mem: 2671
      Evaluation: [ 400/1978]  eta: 0:01:06    time: 0.0428  data: 0.0000  max mem: 2671
      Evaluation: [ 500/1978]  eta: 0:01:01    time: 0.0421  data: 0.0000  max mem: 2671
      Evaluation: [ 600/1978]  eta: 0:00:57    time: 0.0415  data: 0.0000  max mem: 2671
      Evaluation: [ 700/1978]  eta: 0:00:53    time: 0.0422  data: 0.0000  max mem: 2671
      Evaluation: [ 800/1978]  eta: 0:00:49    time: 0.0424  data: 0.0000  max mem: 2671
      Evaluation: [ 900/1978]  eta: 0:00:45    time: 0.0426  data: 0.0000  max mem: 2671
      Evaluation: [1000/1978]  eta: 0:00:41    time: 0.0445  data: 0.0000  max mem: 2671
      Evaluation: [1100/1978]  eta: 0:00:37    time: 0.0418  data: 0.0000  max mem: 2671
      Evaluation: [1200/1978]  eta: 0:00:32    time: 0.0409  data: 0.0000  max mem: 2671
      Evaluation: [1300/1978]  eta: 0:00:28    time: 0.0403  data: 0.0000  max mem: 2671
      Evaluation: [1400/1978]  eta: 0:00:24    time: 0.0405  data: 0.0000  max mem: 2671
      Evaluation: [1500/1978]  eta: 0:00:20    time: 0.0404  data: 0.0000  max mem: 2671
      Evaluation: [1600/1978]  eta: 0:00:15    time: 0.0410  data: 0.0000  max mem: 2671
      Evaluation: [1700/1978]  eta: 0:00:11    time: 0.0406  data: 0.0000  max mem: 2671
      Evaluation: [1800/1978]  eta: 0:00:07    time: 0.0410  data: 0.0000  max mem: 2671
      Evaluation: [1900/1978]  eta: 0:00:03    time: 0.0426  data: 0.0000  max mem: 2671
      Evaluation: [1977/1978]  eta: 0:00:00    time: 0.0428  data: 0.0000  max mem: 2671
      Evaluation: Total time: 0:01:22 (0.0417 s / it)
     Computing matching score time 0:01:22
### TTA ITM Score: 
+-------+--------+--------+--------+--------+--------+
| epoch |   R1   |   R5   |  R10   |  mAP   |  mINP  |
+-------+--------+--------+--------+--------+--------+
|  -999 | 69.414 | 95.197 | 97.776 | 81.233 | 81.233 |
|  -999 | 84.277 | 99.039 | 99.596 | 91.276 | 91.276 |
|   0   | 84.226 | 98.686 | 99.444 | 91.130 | 91.130 |
|   1   | 84.277 | 98.938 | 99.393 | 91.216 | 91.216 |
|   2   | 84.479 | 98.635 | 99.343 | 91.223 | 91.223 |
|   3   | 84.580 | 98.635 | 99.242 | 91.267 | 91.267 |
|   4   | 84.429 | 98.686 | 99.292 | 91.221 | 91.221 |
|   5   | 84.378 | 98.584 | 99.292 | 91.158 | 91.158 |
|   6   | 84.176 | 98.635 | 99.393 | 91.073 | 91.073 |
|   7   | 84.125 | 98.686 | 99.393 | 91.049 | 91.049 |
|   8   | 84.328 | 98.584 | 99.393 | 91.149 | 91.149 |
|   9   | 84.429 | 98.534 | 99.393 | 91.198 | 91.198 |
|   10  | 84.479 | 98.584 | 99.393 | 91.229 | 91.229 |
|   11  | 84.479 | 98.584 | 99.393 | 91.228 | 91.228 |
|   12  | 84.479 | 98.635 | 99.393 | 91.215 | 91.215 |
|   13  | 84.479 | 98.584 | 99.393 | 91.223 | 91.223 |
|   14  | 84.378 | 98.584 | 99.393 | 91.174 | 91.174 |
|   15  | 84.479 | 98.635 | 99.444 | 91.236 | 91.236 |
|   16  | 84.378 | 98.686 | 99.393 | 91.181 | 91.181 |
|   17  | 84.429 | 98.635 | 99.393 | 91.208 | 91.208 |
|   18  | 84.429 | 98.686 | 99.393 | 91.193 | 91.193 |
|   19  | 84.328 | 98.635 | 99.393 | 91.145 | 91.145 |
|   20  | 84.479 | 98.686 | 99.393 | 91.213 | 91.213 |
|   21  | 84.479 | 98.635 | 99.393 | 91.218 | 91.218 |
|   22  | 84.479 | 98.635 | 99.393 | 91.212 | 91.212 |
|   23  | 84.479 | 98.584 | 99.393 | 91.222 | 91.222 |
|   24  | 84.530 | 98.534 | 99.393 | 91.247 | 91.247 |
|   25  | 84.580 | 98.635 | 99.393 | 91.271 | 91.271 |
|   26  | 84.631 | 98.635 | 99.393 | 91.299 | 91.299 |
|   27  | 84.580 | 98.635 | 99.393 | 91.269 | 91.269 |
|   28  | 84.631 | 98.635 | 99.393 | 91.295 | 91.295 |
+-------+--------+--------+--------+--------+--------+
     logs:  {'epo': 28, 'R1': np.float32(84.631), 'R5': np.float32(98.635), 'R10': np.float32(99.393), 'mAP': np.float32(91.295), 'mINP': np.float32(91.295), 'lr': 1.2e-05, 'entropy': 0.040137, 'loss': 0.578124}
      TTA Epoch: [29] [  0/123]  eta: 0:01:02  lr: 0.000008  entropy: 0.0800  loss: 0.6579  time: 0.5046  data: 0.4463  max mem: 2671
      TTA Epoch: [29] [100/123]  eta: 0:00:00  lr: 0.000003  entropy: 0.0003  loss: 0.4974  time: 0.0379  data: 0.0013  max mem: 2671
      TTA Epoch: [29] [122/123]  eta: 0:00:00  lr: 0.000002  entropy: 0.0534  loss: 0.6043  time: 0.0357  data: 0.0017  max mem: 2671
      TTA Epoch: [29] Total time: 0:00:04 (0.0403 s / it)
     Averaged stats: lr: 0.0000  entropy: 0.0358  loss: 0.5690
     Computing matching score
      Evaluation: [   0/1978]  eta: 0:01:30    time: 0.0460  data: 0.0036  max mem: 2671
      Evaluation: [ 100/1978]  eta: 0:01:18    time: 0.0423  data: 0.0000  max mem: 2671
      Evaluation: [ 200/1978]  eta: 0:01:14    time: 0.0426  data: 0.0000  max mem: 2671
      Evaluation: [ 300/1978]  eta: 0:01:10    time: 0.0416  data: 0.0000  max mem: 2671
      Evaluation: [ 400/1978]  eta: 0:01:06    time: 0.0424  data: 0.0000  max mem: 2671
      Evaluation: [ 500/1978]  eta: 0:01:02    time: 0.0421  data: 0.0000  max mem: 2671
      Evaluation: [ 600/1978]  eta: 0:00:58    time: 0.0442  data: 0.0000  max mem: 2671
      Evaluation: [ 700/1978]  eta: 0:00:54    time: 0.0425  data: 0.0000  max mem: 2671
      Evaluation: [ 800/1978]  eta: 0:00:49    time: 0.0404  data: 0.0000  max mem: 2671
      Evaluation: [ 900/1978]  eta: 0:00:45    time: 0.0406  data: 0.0000  max mem: 2671
      Evaluation: [1000/1978]  eta: 0:00:41    time: 0.0408  data: 0.0000  max mem: 2671
      Evaluation: [1100/1978]  eta: 0:00:36    time: 0.0411  data: 0.0000  max mem: 2671
      Evaluation: [1200/1978]  eta: 0:00:32    time: 0.0406  data: 0.0000  max mem: 2671
      Evaluation: [1300/1978]  eta: 0:00:28    time: 0.0403  data: 0.0000  max mem: 2671
      Evaluation: [1400/1978]  eta: 0:00:24    time: 0.0402  data: 0.0000  max mem: 2671
      Evaluation: [1500/1978]  eta: 0:00:19    time: 0.0411  data: 0.0000  max mem: 2671
      Evaluation: [1600/1978]  eta: 0:00:15    time: 0.0427  data: 0.0000  max mem: 2671
      Evaluation: [1700/1978]  eta: 0:00:11    time: 0.0423  data: 0.0000  max mem: 2671
      Evaluation: [1800/1978]  eta: 0:00:07    time: 0.0420  data: 0.0000  max mem: 2671
      Evaluation: [1900/1978]  eta: 0:00:03    time: 0.0415  data: 0.0000  max mem: 2671
      Evaluation: [1977/1978]  eta: 0:00:00    time: 0.0418  data: 0.0000  max mem: 2671
      Evaluation: Total time: 0:01:22 (0.0417 s / it)
     Computing matching score time 0:01:22
### TTA ITM Score: 
+-------+--------+--------+--------+--------+--------+
| epoch |   R1   |   R5   |  R10   |  mAP   |  mINP  |
+-------+--------+--------+--------+--------+--------+
|  -999 | 69.414 | 95.197 | 97.776 | 81.233 | 81.233 |
|  -999 | 84.277 | 99.039 | 99.596 | 91.276 | 91.276 |
|   0   | 84.226 | 98.686 | 99.444 | 91.130 | 91.130 |
|   1   | 84.277 | 98.938 | 99.393 | 91.216 | 91.216 |
|   2   | 84.479 | 98.635 | 99.343 | 91.223 | 91.223 |
|   3   | 84.580 | 98.635 | 99.242 | 91.267 | 91.267 |
|   4   | 84.429 | 98.686 | 99.292 | 91.221 | 91.221 |
|   5   | 84.378 | 98.584 | 99.292 | 91.158 | 91.158 |
|   6   | 84.176 | 98.635 | 99.393 | 91.073 | 91.073 |
|   7   | 84.125 | 98.686 | 99.393 | 91.049 | 91.049 |
|   8   | 84.328 | 98.584 | 99.393 | 91.149 | 91.149 |
|   9   | 84.429 | 98.534 | 99.393 | 91.198 | 91.198 |
|   10  | 84.479 | 98.584 | 99.393 | 91.229 | 91.229 |
|   11  | 84.479 | 98.584 | 99.393 | 91.228 | 91.228 |
|   12  | 84.479 | 98.635 | 99.393 | 91.215 | 91.215 |
|   13  | 84.479 | 98.584 | 99.393 | 91.223 | 91.223 |
|   14  | 84.378 | 98.584 | 99.393 | 91.174 | 91.174 |
|   15  | 84.479 | 98.635 | 99.444 | 91.236 | 91.236 |
|   16  | 84.378 | 98.686 | 99.393 | 91.181 | 91.181 |
|   17  | 84.429 | 98.635 | 99.393 | 91.208 | 91.208 |
|   18  | 84.429 | 98.686 | 99.393 | 91.193 | 91.193 |
|   19  | 84.328 | 98.635 | 99.393 | 91.145 | 91.145 |
|   20  | 84.479 | 98.686 | 99.393 | 91.213 | 91.213 |
|   21  | 84.479 | 98.635 | 99.393 | 91.218 | 91.218 |
|   22  | 84.479 | 98.635 | 99.393 | 91.212 | 91.212 |
|   23  | 84.479 | 98.584 | 99.393 | 91.222 | 91.222 |
|   24  | 84.530 | 98.534 | 99.393 | 91.247 | 91.247 |
|   25  | 84.580 | 98.635 | 99.393 | 91.271 | 91.271 |
|   26  | 84.631 | 98.635 | 99.393 | 91.299 | 91.299 |
|   27  | 84.580 | 98.635 | 99.393 | 91.269 | 91.269 |
|   28  | 84.631 | 98.635 | 99.393 | 91.295 | 91.295 |
|   29  | 84.631 | 98.635 | 99.393 | 91.295 | 91.295 |
+-------+--------+--------+--------+--------+--------+
     logs:  {'epo': 29, 'R1': np.float32(84.631), 'R5': np.float32(98.635), 'R10': np.float32(99.393), 'mAP': np.float32(91.295), 'mINP': np.float32(91.295), 'lr': 5e-06, 'entropy': 0.035832, 'loss': 0.569033}
### best epoch: 26
### Time 0:44:11
NNODES,  1
NODE_RANK,  0
MASTER_ADDR,  127.0.0.1
MASTER_PORT,  1612
NPROC_PER_NODE,  2
task:  tta_exp4.3
config:  configs/tta_exp4.3.yaml
output_dir:  output/tta_exp4.3/2025082212420
CUDA_VISIBLE_DEVICES=2 python3 tta.py --config configs/tta_exp4.3.yaml --task tta_exp4.3 --output_dir output/tta_exp4.3/2025082212420 --checkpoint checkpoint/cmp.pth --bs 0 --epo 0 --lr 0.0 --seed 42 --tta
