/home/jiahao/miniconda3/envs/cmp/lib/python3.10/site-packages/torch/functional.py:554: UserWarning: torch.meshgrid: in an upcoming release, it will be required to pass the indexing argument. (Triggered internally at /pytorch/aten/src/ATen/native/TensorShape.cpp:4322.)
  return _VF.meshgrid(tensors, **kwargs)  # type: ignore[attr-defined]
Not using distributed mode
### Hyper-parameters:
     seed: 42
     device: cuda
     output_dir: output/tta_exp2/2025082221335
     batch_size_tta: 16
     epochs: 30
     lr: 0.001
### Creating test dataset
from data/PAB/annotation/test/attr.json loading 1978 data
test dataset -->    be_pose_img: True
     test_dataset: 1978
### Creating test dataloader
### be careful: func create_loader returns a list length of 1
     test_loader: 90
### Creating model
build_vision_encoder: load swin 224 x 224 ====>
missing_keys:  []
unexpected_keys:  ['head.weight', 'head.bias']
build_text_encoder: load bert ====>
missing_keys: ['bert.encoder.layer.10.crossattention.output.LayerNorm.bias', 'bert.encoder.layer.10.crossattention.output.LayerNorm.weight', 'bert.encoder.layer.10.crossattention.output.dense.bias', 'bert.encoder.layer.10.crossattention.output.dense.weight', 'bert.encoder.layer.10.crossattention.self.key.bias', 'bert.encoder.layer.10.crossattention.self.key.weight', 'bert.encoder.layer.10.crossattention.self.query.bias', 'bert.encoder.layer.10.crossattention.self.query.weight', 'bert.encoder.layer.10.crossattention.self.value.bias', 'bert.encoder.layer.10.crossattention.self.value.weight', 'bert.encoder.layer.11.crossattention.output.LayerNorm.bias', 'bert.encoder.layer.11.crossattention.output.LayerNorm.weight', 'bert.encoder.layer.11.crossattention.output.dense.bias', 'bert.encoder.layer.11.crossattention.output.dense.weight', 'bert.encoder.layer.11.crossattention.self.key.bias', 'bert.encoder.layer.11.crossattention.self.key.weight', 'bert.encoder.layer.11.crossattention.self.query.bias', 'bert.encoder.layer.11.crossattention.self.query.weight', 'bert.encoder.layer.11.crossattention.self.value.bias', 'bert.encoder.layer.11.crossattention.self.value.weight', 'bert.encoder.layer.6.crossattention.output.LayerNorm.bias', 'bert.encoder.layer.6.crossattention.output.LayerNorm.weight', 'bert.encoder.layer.6.crossattention.output.dense.bias', 'bert.encoder.layer.6.crossattention.output.dense.weight', 'bert.encoder.layer.6.crossattention.self.key.bias', 'bert.encoder.layer.6.crossattention.self.key.weight', 'bert.encoder.layer.6.crossattention.self.query.bias', 'bert.encoder.layer.6.crossattention.self.query.weight', 'bert.encoder.layer.6.crossattention.self.value.bias', 'bert.encoder.layer.6.crossattention.self.value.weight', 'bert.encoder.layer.7.crossattention.output.LayerNorm.bias', 'bert.encoder.layer.7.crossattention.output.LayerNorm.weight', 'bert.encoder.layer.7.crossattention.output.dense.bias', 'bert.encoder.layer.7.crossattention.output.dense.weight', 'bert.encoder.layer.7.crossattention.self.key.bias', 'bert.encoder.layer.7.crossattention.self.key.weight', 'bert.encoder.layer.7.crossattention.self.query.bias', 'bert.encoder.layer.7.crossattention.self.query.weight', 'bert.encoder.layer.7.crossattention.self.value.bias', 'bert.encoder.layer.7.crossattention.self.value.weight', 'bert.encoder.layer.8.crossattention.output.LayerNorm.bias', 'bert.encoder.layer.8.crossattention.output.LayerNorm.weight', 'bert.encoder.layer.8.crossattention.output.dense.bias', 'bert.encoder.layer.8.crossattention.output.dense.weight', 'bert.encoder.layer.8.crossattention.self.key.bias', 'bert.encoder.layer.8.crossattention.self.key.weight', 'bert.encoder.layer.8.crossattention.self.query.bias', 'bert.encoder.layer.8.crossattention.self.query.weight', 'bert.encoder.layer.8.crossattention.self.value.bias', 'bert.encoder.layer.8.crossattention.self.value.weight', 'bert.encoder.layer.9.crossattention.output.LayerNorm.bias', 'bert.encoder.layer.9.crossattention.output.LayerNorm.weight', 'bert.encoder.layer.9.crossattention.output.dense.bias', 'bert.encoder.layer.9.crossattention.output.dense.weight', 'bert.encoder.layer.9.crossattention.self.key.bias', 'bert.encoder.layer.9.crossattention.self.key.weight', 'bert.encoder.layer.9.crossattention.self.query.bias', 'bert.encoder.layer.9.crossattention.self.query.weight', 'bert.encoder.layer.9.crossattention.self.value.bias', 'bert.encoder.layer.9.crossattention.self.value.weight']
unexpected_keys: ['cls.seq_relationship.bias', 'cls.seq_relationship.weight']
mismatched_keys: []
error_msgs: []
Label Smooth: 0.2
pose_conv
load checkpoint from checkpoint/cmp.pth
missing_keys:  ['uncertainty_temper', 'prompt_learning_embedding']
unexpected_keys:  []
     Total Params Sum:  254264985
### Inference ITC similiarity matrix
### Zero-Shot Score: 
+-------+--------+--------+--------+--------+--------+
| epoch |   R1   |   R5   |  R10   |  mAP   |  mINP  |
+-------+--------+--------+--------+--------+--------+
|  -999 | 69.414 | 95.197 | 97.776 | 81.233 | 81.233 |
|  -999 | 84.277 | 99.039 | 99.596 | 91.276 | 91.276 |
+-------+--------+--------+--------+--------+--------+
### TTA:
     preprocess_tta_coefficients  start
     sample selection ...
     number of sample after sample_selection: 1257
     uncertainty ...
     preprocess_tta_coefficients  end
### Creating tta dataset
     tta_dataset: 1257
### Creating tta dataloader
### be careful: func create_loader returns a list length of 1
     tta_loader: 78
### Configure adapted weights
     TTA Dropout Modules: 
 [('vision_encoder.pos_drop', Dropout(p=0, inplace=False), True), ('vision_encoder.layers.0.blocks.0.attn.attn_drop', Dropout(p=0.0, inplace=False), True), ('vision_encoder.layers.0.blocks.0.attn.proj_drop', Dropout(p=0, inplace=False), True), ('vision_encoder.layers.0.blocks.0.mlp.drop', Dropout(p=0, inplace=False), True), ('vision_encoder.layers.0.blocks.1.attn.attn_drop', Dropout(p=0.0, inplace=False), True), ('vision_encoder.layers.0.blocks.1.attn.proj_drop', Dropout(p=0, inplace=False), True), ('vision_encoder.layers.0.blocks.1.mlp.drop', Dropout(p=0, inplace=False), True), ('vision_encoder.layers.1.blocks.0.attn.attn_drop', Dropout(p=0.0, inplace=False), True), ('vision_encoder.layers.1.blocks.0.attn.proj_drop', Dropout(p=0, inplace=False), True), ('vision_encoder.layers.1.blocks.0.mlp.drop', Dropout(p=0, inplace=False), True), ('vision_encoder.layers.1.blocks.1.attn.attn_drop', Dropout(p=0.0, inplace=False), True), ('vision_encoder.layers.1.blocks.1.attn.proj_drop', Dropout(p=0, inplace=False), True), ('vision_encoder.layers.1.blocks.1.mlp.drop', Dropout(p=0, inplace=False), True), ('vision_encoder.layers.2.blocks.0.attn.attn_drop', Dropout(p=0.0, inplace=False), True), ('vision_encoder.layers.2.blocks.0.attn.proj_drop', Dropout(p=0, inplace=False), True), ('vision_encoder.layers.2.blocks.0.mlp.drop', Dropout(p=0, inplace=False), True), ('vision_encoder.layers.2.blocks.1.attn.attn_drop', Dropout(p=0.0, inplace=False), True), ('vision_encoder.layers.2.blocks.1.attn.proj_drop', Dropout(p=0, inplace=False), True), ('vision_encoder.layers.2.blocks.1.mlp.drop', Dropout(p=0, inplace=False), True), ('vision_encoder.layers.2.blocks.2.attn.attn_drop', Dropout(p=0.0, inplace=False), True), ('vision_encoder.layers.2.blocks.2.attn.proj_drop', Dropout(p=0, inplace=False), True), ('vision_encoder.layers.2.blocks.2.mlp.drop', Dropout(p=0, inplace=False), True), ('vision_encoder.layers.2.blocks.3.attn.attn_drop', Dropout(p=0.0, inplace=False), True), ('vision_encoder.layers.2.blocks.3.attn.proj_drop', Dropout(p=0, inplace=False), True), ('vision_encoder.layers.2.blocks.3.mlp.drop', Dropout(p=0, inplace=False), True), ('vision_encoder.layers.2.blocks.4.attn.attn_drop', Dropout(p=0.0, inplace=False), True), ('vision_encoder.layers.2.blocks.4.attn.proj_drop', Dropout(p=0, inplace=False), True), ('vision_encoder.layers.2.blocks.4.mlp.drop', Dropout(p=0, inplace=False), True), ('vision_encoder.layers.2.blocks.5.attn.attn_drop', Dropout(p=0.0, inplace=False), True), ('vision_encoder.layers.2.blocks.5.attn.proj_drop', Dropout(p=0, inplace=False), True), ('vision_encoder.layers.2.blocks.5.mlp.drop', Dropout(p=0, inplace=False), True), ('vision_encoder.layers.2.blocks.6.attn.attn_drop', Dropout(p=0.0, inplace=False), True), ('vision_encoder.layers.2.blocks.6.attn.proj_drop', Dropout(p=0, inplace=False), True), ('vision_encoder.layers.2.blocks.6.mlp.drop', Dropout(p=0, inplace=False), True), ('vision_encoder.layers.2.blocks.7.attn.attn_drop', Dropout(p=0.0, inplace=False), True), ('vision_encoder.layers.2.blocks.7.attn.proj_drop', Dropout(p=0, inplace=False), True), ('vision_encoder.layers.2.blocks.7.mlp.drop', Dropout(p=0, inplace=False), True), ('vision_encoder.layers.2.blocks.8.attn.attn_drop', Dropout(p=0.0, inplace=False), True), ('vision_encoder.layers.2.blocks.8.attn.proj_drop', Dropout(p=0, inplace=False), True), ('vision_encoder.layers.2.blocks.8.mlp.drop', Dropout(p=0, inplace=False), True), ('vision_encoder.layers.2.blocks.9.attn.attn_drop', Dropout(p=0.0, inplace=False), True), ('vision_encoder.layers.2.blocks.9.attn.proj_drop', Dropout(p=0, inplace=False), True), ('vision_encoder.layers.2.blocks.9.mlp.drop', Dropout(p=0, inplace=False), True), ('vision_encoder.layers.2.blocks.10.attn.attn_drop', Dropout(p=0.0, inplace=False), True), ('vision_encoder.layers.2.blocks.10.attn.proj_drop', Dropout(p=0, inplace=False), True), ('vision_encoder.layers.2.blocks.10.mlp.drop', Dropout(p=0, inplace=False), True), ('vision_encoder.layers.2.blocks.11.attn.attn_drop', Dropout(p=0.0, inplace=False), True), ('vision_encoder.layers.2.blocks.11.attn.proj_drop', Dropout(p=0, inplace=False), True), ('vision_encoder.layers.2.blocks.11.mlp.drop', Dropout(p=0, inplace=False), True), ('vision_encoder.layers.2.blocks.12.attn.attn_drop', Dropout(p=0.0, inplace=False), True), ('vision_encoder.layers.2.blocks.12.attn.proj_drop', Dropout(p=0, inplace=False), True), ('vision_encoder.layers.2.blocks.12.mlp.drop', Dropout(p=0, inplace=False), True), ('vision_encoder.layers.2.blocks.13.attn.attn_drop', Dropout(p=0.0, inplace=False), True), ('vision_encoder.layers.2.blocks.13.attn.proj_drop', Dropout(p=0, inplace=False), True), ('vision_encoder.layers.2.blocks.13.mlp.drop', Dropout(p=0, inplace=False), True), ('vision_encoder.layers.2.blocks.14.attn.attn_drop', Dropout(p=0.0, inplace=False), True), ('vision_encoder.layers.2.blocks.14.attn.proj_drop', Dropout(p=0, inplace=False), True), ('vision_encoder.layers.2.blocks.14.mlp.drop', Dropout(p=0, inplace=False), True), ('vision_encoder.layers.2.blocks.15.attn.attn_drop', Dropout(p=0.0, inplace=False), True), ('vision_encoder.layers.2.blocks.15.attn.proj_drop', Dropout(p=0, inplace=False), True), ('vision_encoder.layers.2.blocks.15.mlp.drop', Dropout(p=0, inplace=False), True), ('vision_encoder.layers.2.blocks.16.attn.attn_drop', Dropout(p=0.0, inplace=False), True), ('vision_encoder.layers.2.blocks.16.attn.proj_drop', Dropout(p=0, inplace=False), True), ('vision_encoder.layers.2.blocks.16.mlp.drop', Dropout(p=0, inplace=False), True), ('vision_encoder.layers.2.blocks.17.attn.attn_drop', Dropout(p=0.0, inplace=False), True), ('vision_encoder.layers.2.blocks.17.attn.proj_drop', Dropout(p=0, inplace=False), True), ('vision_encoder.layers.2.blocks.17.mlp.drop', Dropout(p=0, inplace=False), True), ('vision_encoder.layers.3.blocks.0.attn.attn_drop', Dropout(p=0.0, inplace=False), True), ('vision_encoder.layers.3.blocks.0.attn.proj_drop', Dropout(p=0, inplace=False), True), ('vision_encoder.layers.3.blocks.0.mlp.drop', Dropout(p=0, inplace=False), True), ('vision_encoder.layers.3.blocks.1.attn.attn_drop', Dropout(p=0.0, inplace=False), True), ('vision_encoder.layers.3.blocks.1.attn.proj_drop', Dropout(p=0, inplace=False), True), ('vision_encoder.layers.3.blocks.1.mlp.drop', Dropout(p=0, inplace=False), True), ('vision_proj.1', Dropout(p=0.5, inplace=False), True), ('text_proj.1', Dropout(p=0.5, inplace=False), True), ('pose_block.attn.attn_drop', Dropout(p=0.0, inplace=False), True), ('pose_block.attn.proj_drop', Dropout(p=0.0, inplace=False), True)]
     TTA Require Gradient Params: 
 [('text_encoder.bert.embeddings.LayerNorm.weight', torch.Size([768])), ('text_encoder.bert.embeddings.LayerNorm.bias', torch.Size([768])), ('text_encoder.bert.encoder.layer.6.attention.output.LayerNorm.weight', torch.Size([768])), ('text_encoder.bert.encoder.layer.6.attention.output.LayerNorm.bias', torch.Size([768])), ('text_encoder.bert.encoder.layer.6.crossattention.output.LayerNorm.weight', torch.Size([768])), ('text_encoder.bert.encoder.layer.6.crossattention.output.LayerNorm.bias', torch.Size([768])), ('text_encoder.bert.encoder.layer.6.output.LayerNorm.weight', torch.Size([768])), ('text_encoder.bert.encoder.layer.6.output.LayerNorm.bias', torch.Size([768])), ('text_encoder.bert.encoder.layer.7.attention.output.LayerNorm.weight', torch.Size([768])), ('text_encoder.bert.encoder.layer.7.attention.output.LayerNorm.bias', torch.Size([768])), ('text_encoder.bert.encoder.layer.7.crossattention.output.LayerNorm.weight', torch.Size([768])), ('text_encoder.bert.encoder.layer.7.crossattention.output.LayerNorm.bias', torch.Size([768])), ('text_encoder.bert.encoder.layer.7.output.LayerNorm.weight', torch.Size([768])), ('text_encoder.bert.encoder.layer.7.output.LayerNorm.bias', torch.Size([768])), ('text_encoder.bert.encoder.layer.8.attention.output.LayerNorm.weight', torch.Size([768])), ('text_encoder.bert.encoder.layer.8.attention.output.LayerNorm.bias', torch.Size([768])), ('text_encoder.bert.encoder.layer.8.crossattention.output.LayerNorm.weight', torch.Size([768])), ('text_encoder.bert.encoder.layer.8.crossattention.output.LayerNorm.bias', torch.Size([768])), ('text_encoder.bert.encoder.layer.8.output.LayerNorm.weight', torch.Size([768])), ('text_encoder.bert.encoder.layer.8.output.LayerNorm.bias', torch.Size([768])), ('text_encoder.bert.encoder.layer.9.attention.output.LayerNorm.weight', torch.Size([768])), ('text_encoder.bert.encoder.layer.9.attention.output.LayerNorm.bias', torch.Size([768])), ('text_encoder.bert.encoder.layer.9.crossattention.output.LayerNorm.weight', torch.Size([768])), ('text_encoder.bert.encoder.layer.9.crossattention.output.LayerNorm.bias', torch.Size([768])), ('text_encoder.bert.encoder.layer.9.output.LayerNorm.weight', torch.Size([768])), ('text_encoder.bert.encoder.layer.9.output.LayerNorm.bias', torch.Size([768])), ('text_encoder.bert.encoder.layer.10.attention.output.LayerNorm.weight', torch.Size([768])), ('text_encoder.bert.encoder.layer.10.attention.output.LayerNorm.bias', torch.Size([768])), ('text_encoder.bert.encoder.layer.10.crossattention.output.LayerNorm.weight', torch.Size([768])), ('text_encoder.bert.encoder.layer.10.crossattention.output.LayerNorm.bias', torch.Size([768])), ('text_encoder.bert.encoder.layer.10.output.LayerNorm.weight', torch.Size([768])), ('text_encoder.bert.encoder.layer.10.output.LayerNorm.bias', torch.Size([768])), ('text_encoder.bert.encoder.layer.11.attention.output.LayerNorm.weight', torch.Size([768])), ('text_encoder.bert.encoder.layer.11.attention.output.LayerNorm.bias', torch.Size([768])), ('text_encoder.bert.encoder.layer.11.crossattention.output.LayerNorm.weight', torch.Size([768])), ('text_encoder.bert.encoder.layer.11.crossattention.output.LayerNorm.bias', torch.Size([768])), ('text_encoder.bert.encoder.layer.11.output.LayerNorm.weight', torch.Size([768])), ('text_encoder.bert.encoder.layer.11.output.LayerNorm.bias', torch.Size([768])), ('text_encoder.cls.predictions.transform.LayerNorm.weight', torch.Size([768])), ('text_encoder.cls.predictions.transform.LayerNorm.bias', torch.Size([768])), ('itm_head.1.weight', torch.Size([1536])), ('itm_head.1.bias', torch.Size([1536]))]
     TTA Dropout Modules Number: 
 77
     TTA Require Gradient Params Sum: 
 33792
     lr:  0.001    lr_mult:  2
     model has 'init_params',  386
     num_tta_steps:  2370
     num_warmup_steps:  100
     sched: step
/home/jiahao/task/CMP/tta.py:206: FutureWarning: `torch.cuda.amp.GradScaler(args...)` is deprecated. Please use `torch.amp.GradScaler('cuda', args...)` instead.
  scaler = GradScaler()  # bf16
### Start ITM Test Time Adaptation
      TTA Epoch: [0] [ 0/78]  eta: 0:01:23  lr: 0.000010  entropy: 0.2135  loss: 2.7680  time: 1.0643  data: 0.4833  max mem: 2639
      TTA Epoch: [0] [77/78]  eta: 0:00:00  lr: 0.000780  entropy: 0.2358  loss: 2.7766  time: 0.0308  data: 0.0001  max mem: 2671
      TTA Epoch: [0] Total time: 0:00:03 (0.0464 s / it)
     Averaged stats: lr: 0.0004  entropy: 0.2591  loss: 2.7851
     Computing matching score
      Evaluation: [   0/1978]  eta: 0:03:06    time: 0.0943  data: 0.0034  max mem: 2671
      Evaluation: [ 100/1978]  eta: 0:01:21    time: 0.0426  data: 0.0000  max mem: 2671
      Evaluation: [ 200/1978]  eta: 0:01:16    time: 0.0418  data: 0.0000  max mem: 2671
      Evaluation: [ 300/1978]  eta: 0:01:11    time: 0.0420  data: 0.0000  max mem: 2671
      Evaluation: [ 400/1978]  eta: 0:01:06    time: 0.0424  data: 0.0000  max mem: 2671
      Evaluation: [ 500/1978]  eta: 0:01:02    time: 0.0425  data: 0.0000  max mem: 2671
      Evaluation: [ 600/1978]  eta: 0:00:58    time: 0.0442  data: 0.0000  max mem: 2671
      Evaluation: [ 700/1978]  eta: 0:00:54    time: 0.0451  data: 0.0000  max mem: 2671
      Evaluation: [ 800/1978]  eta: 0:00:50    time: 0.0432  data: 0.0000  max mem: 2671
      Evaluation: [ 900/1978]  eta: 0:00:46    time: 0.0442  data: 0.0000  max mem: 2671
      Evaluation: [1000/1978]  eta: 0:00:42    time: 0.0449  data: 0.0000  max mem: 2671
      Evaluation: [1100/1978]  eta: 0:00:38    time: 0.0417  data: 0.0000  max mem: 2671
      Evaluation: [1200/1978]  eta: 0:00:33    time: 0.0411  data: 0.0000  max mem: 2671
      Evaluation: [1300/1978]  eta: 0:00:29    time: 0.0416  data: 0.0000  max mem: 2671
      Evaluation: [1400/1978]  eta: 0:00:24    time: 0.0417  data: 0.0000  max mem: 2671
      Evaluation: [1500/1978]  eta: 0:00:20    time: 0.0413  data: 0.0000  max mem: 2671
      Evaluation: [1600/1978]  eta: 0:00:16    time: 0.0414  data: 0.0000  max mem: 2671
      Evaluation: [1700/1978]  eta: 0:00:11    time: 0.0410  data: 0.0000  max mem: 2671
      Evaluation: [1800/1978]  eta: 0:00:07    time: 0.0412  data: 0.0000  max mem: 2671
      Evaluation: [1900/1978]  eta: 0:00:03    time: 0.0418  data: 0.0000  max mem: 2671
      Evaluation: [1977/1978]  eta: 0:00:00    time: 0.0409  data: 0.0000  max mem: 2671
      Evaluation: Total time: 0:01:24 (0.0425 s / it)
     Computing matching score time 0:01:24
### TTA ITM Score: 
+-------+--------+--------+--------+--------+--------+
| epoch |   R1   |   R5   |  R10   |  mAP   |  mINP  |
+-------+--------+--------+--------+--------+--------+
|  -999 | 69.414 | 95.197 | 97.776 | 81.233 | 81.233 |
|  -999 | 84.277 | 99.039 | 99.596 | 91.276 | 91.276 |
|   0   | 84.479 | 98.584 | 99.191 | 91.221 | 91.221 |
+-------+--------+--------+--------+--------+--------+
     logs:  {'epo': 0, 'R1': np.float32(84.479), 'R5': np.float32(98.584), 'R10': np.float32(99.191), 'mAP': np.float32(91.221), 'mINP': np.float32(91.221), 'lr': 0.000395, 'entropy': 0.259126, 'loss': 2.785114}
      TTA Epoch: [1] [ 0/78]  eta: 0:00:35  lr: 0.000790  entropy: 0.1135  loss: 2.7312  time: 0.4534  data: 0.3942  max mem: 2671
      TTA Epoch: [1] [77/78]  eta: 0:00:00  lr: 0.000975  entropy: 0.0515  loss: 2.7080  time: 0.0345  data: 0.0002  max mem: 2671
      TTA Epoch: [1] Total time: 0:00:03 (0.0417 s / it)
     Averaged stats: lr: 0.0010  entropy: 0.1298  loss: 2.7370
     Computing matching score
      Evaluation: [   0/1978]  eta: 0:01:51    time: 0.0564  data: 0.0033  max mem: 2671
      Evaluation: [ 100/1978]  eta: 0:01:22    time: 0.0436  data: 0.0000  max mem: 2671
      Evaluation: [ 200/1978]  eta: 0:01:18    time: 0.0441  data: 0.0000  max mem: 2671
      Evaluation: [ 300/1978]  eta: 0:01:14    time: 0.0438  data: 0.0000  max mem: 2671
      Evaluation: [ 400/1978]  eta: 0:01:09    time: 0.0469  data: 0.0000  max mem: 2671
      Evaluation: [ 500/1978]  eta: 0:01:06    time: 0.0453  data: 0.0000  max mem: 2671
      Evaluation: [ 600/1978]  eta: 0:01:01    time: 0.0454  data: 0.0000  max mem: 2671
      Evaluation: [ 700/1978]  eta: 0:00:56    time: 0.0415  data: 0.0000  max mem: 2671
      Evaluation: [ 800/1978]  eta: 0:00:51    time: 0.0422  data: 0.0000  max mem: 2671
      Evaluation: [ 900/1978]  eta: 0:00:47    time: 0.0411  data: 0.0000  max mem: 2671
      Evaluation: [1000/1978]  eta: 0:00:42    time: 0.0406  data: 0.0000  max mem: 2671
      Evaluation: [1100/1978]  eta: 0:00:37    time: 0.0405  data: 0.0000  max mem: 2671
      Evaluation: [1200/1978]  eta: 0:00:33    time: 0.0407  data: 0.0000  max mem: 2671
      Evaluation: [1300/1978]  eta: 0:00:29    time: 0.0406  data: 0.0000  max mem: 2671
      Evaluation: [1400/1978]  eta: 0:00:24    time: 0.0412  data: 0.0000  max mem: 2671
      Evaluation: [1500/1978]  eta: 0:00:20    time: 0.0407  data: 0.0000  max mem: 2671
      Evaluation: [1600/1978]  eta: 0:00:16    time: 0.0416  data: 0.0000  max mem: 2671
      Evaluation: [1700/1978]  eta: 0:00:11    time: 0.0415  data: 0.0000  max mem: 2671
      Evaluation: [1800/1978]  eta: 0:00:07    time: 0.0436  data: 0.0000  max mem: 2671
      Evaluation: [1900/1978]  eta: 0:00:03    time: 0.0419  data: 0.0000  max mem: 2671
      Evaluation: [1977/1978]  eta: 0:00:00    time: 0.0427  data: 0.0000  max mem: 2671
      Evaluation: Total time: 0:01:23 (0.0424 s / it)
     Computing matching score time 0:01:24
### TTA ITM Score: 
+-------+--------+--------+--------+--------+--------+
| epoch |   R1   |   R5   |  R10   |  mAP   |  mINP  |
+-------+--------+--------+--------+--------+--------+
|  -999 | 69.414 | 95.197 | 97.776 | 81.233 | 81.233 |
|  -999 | 84.277 | 99.039 | 99.596 | 91.276 | 91.276 |
|   0   | 84.479 | 98.584 | 99.191 | 91.221 | 91.221 |
|   1   | 84.378 | 98.888 | 99.343 | 91.220 | 91.220 |
+-------+--------+--------+--------+--------+--------+
     logs:  {'epo': 1, 'R1': np.float32(84.378), 'R5': np.float32(98.888), 'R10': np.float32(99.343), 'mAP': np.float32(91.22), 'mINP': np.float32(91.22), 'lr': 0.000961, 'entropy': 0.129828, 'loss': 2.737018}
      TTA Epoch: [2] [ 0/78]  eta: 0:00:41  lr: 0.000975  entropy: 0.1969  loss: 2.7620  time: 0.5378  data: 0.4646  max mem: 2671
      TTA Epoch: [2] [77/78]  eta: 0:00:00  lr: 0.000941  entropy: 0.0635  loss: 2.7115  time: 0.0459  data: 0.0056  max mem: 2671
      TTA Epoch: [2] Total time: 0:00:03 (0.0510 s / it)
     Averaged stats: lr: 0.0010  entropy: 0.0890  loss: 2.7218
     Computing matching score
      Evaluation: [   0/1978]  eta: 0:01:35    time: 0.0481  data: 0.0033  max mem: 2671
      Evaluation: [ 100/1978]  eta: 0:01:23    time: 0.0458  data: 0.0000  max mem: 2671
      Evaluation: [ 200/1978]  eta: 0:01:16    time: 0.0407  data: 0.0000  max mem: 2671
      Evaluation: [ 300/1978]  eta: 0:01:11    time: 0.0405  data: 0.0000  max mem: 2671
      Evaluation: [ 400/1978]  eta: 0:01:06    time: 0.0411  data: 0.0000  max mem: 2671
      Evaluation: [ 500/1978]  eta: 0:01:01    time: 0.0406  data: 0.0000  max mem: 2671
      Evaluation: [ 600/1978]  eta: 0:00:57    time: 0.0414  data: 0.0000  max mem: 2671
      Evaluation: [ 700/1978]  eta: 0:00:53    time: 0.0406  data: 0.0000  max mem: 2671
      Evaluation: [ 800/1978]  eta: 0:00:48    time: 0.0412  data: 0.0000  max mem: 2671
      Evaluation: [ 900/1978]  eta: 0:00:44    time: 0.0416  data: 0.0000  max mem: 2671
      Evaluation: [1000/1978]  eta: 0:00:40    time: 0.0434  data: 0.0000  max mem: 2671
      Evaluation: [1100/1978]  eta: 0:00:36    time: 0.0451  data: 0.0000  max mem: 2671
      Evaluation: [1200/1978]  eta: 0:00:32    time: 0.0435  data: 0.0000  max mem: 2671
      Evaluation: [1300/1978]  eta: 0:00:28    time: 0.0438  data: 0.0000  max mem: 2671
      Evaluation: [1400/1978]  eta: 0:00:24    time: 0.0431  data: 0.0000  max mem: 2671
      Evaluation: [1500/1978]  eta: 0:00:20    time: 0.0435  data: 0.0000  max mem: 2671
      Evaluation: [1600/1978]  eta: 0:00:16    time: 0.0440  data: 0.0000  max mem: 2671
      Evaluation: [1700/1978]  eta: 0:00:11    time: 0.0442  data: 0.0000  max mem: 2671
      Evaluation: [1800/1978]  eta: 0:00:07    time: 0.0416  data: 0.0000  max mem: 2671
      Evaluation: [1900/1978]  eta: 0:00:03    time: 0.0414  data: 0.0000  max mem: 2671
      Evaluation: [1977/1978]  eta: 0:00:00    time: 0.0417  data: 0.0000  max mem: 2671
      Evaluation: Total time: 0:01:23 (0.0425 s / it)
     Computing matching score time 0:01:24
### TTA ITM Score: 
+-------+--------+--------+--------+--------+--------+
| epoch |   R1   |   R5   |  R10   |  mAP   |  mINP  |
+-------+--------+--------+--------+--------+--------+
|  -999 | 69.414 | 95.197 | 97.776 | 81.233 | 81.233 |
|  -999 | 84.277 | 99.039 | 99.596 | 91.276 | 91.276 |
|   0   | 84.479 | 98.584 | 99.191 | 91.221 | 91.221 |
|   1   | 84.378 | 98.888 | 99.343 | 91.220 | 91.220 |
|   2   | 85.592 | 98.989 | 99.444 | 91.912 | 91.912 |
+-------+--------+--------+--------+--------+--------+
     logs:  {'epo': 2, 'R1': np.float32(85.592), 'R5': np.float32(98.989), 'R10': np.float32(99.444), 'mAP': np.float32(91.912), 'mINP': np.float32(91.912), 'lr': 0.000958, 'entropy': 0.089008, 'loss': 2.721839}
      TTA Epoch: [3] [ 0/78]  eta: 0:00:31  lr: 0.000941  entropy: 0.1213  loss: 2.7341  time: 0.4086  data: 0.3542  max mem: 2671
      TTA Epoch: [3] [77/78]  eta: 0:00:00  lr: 0.000907  entropy: 0.0498  loss: 2.7077  time: 0.0315  data: 0.0001  max mem: 2671
      TTA Epoch: [3] Total time: 0:00:02 (0.0384 s / it)
     Averaged stats: lr: 0.0009  entropy: 0.0635  loss: 2.7123
     Computing matching score
      Evaluation: [   0/1978]  eta: 0:01:25    time: 0.0430  data: 0.0023  max mem: 2671
      Evaluation: [ 100/1978]  eta: 0:01:16    time: 0.0406  data: 0.0000  max mem: 2671
      Evaluation: [ 200/1978]  eta: 0:01:11    time: 0.0402  data: 0.0000  max mem: 2671
      Evaluation: [ 300/1978]  eta: 0:01:07    time: 0.0402  data: 0.0000  max mem: 2671
      Evaluation: [ 400/1978]  eta: 0:01:03    time: 0.0402  data: 0.0000  max mem: 2671
      Evaluation: [ 500/1978]  eta: 0:00:59    time: 0.0407  data: 0.0000  max mem: 2671
      Evaluation: [ 600/1978]  eta: 0:00:55    time: 0.0406  data: 0.0000  max mem: 2671
      Evaluation: [ 700/1978]  eta: 0:00:51    time: 0.0410  data: 0.0000  max mem: 2671
      Evaluation: [ 800/1978]  eta: 0:00:47    time: 0.0413  data: 0.0000  max mem: 2671
      Evaluation: [ 900/1978]  eta: 0:00:44    time: 0.0423  data: 0.0000  max mem: 2671
      Evaluation: [1000/1978]  eta: 0:00:40    time: 0.0421  data: 0.0000  max mem: 2671
      Evaluation: [1100/1978]  eta: 0:00:36    time: 0.0425  data: 0.0000  max mem: 2671
      Evaluation: [1200/1978]  eta: 0:00:32    time: 0.0423  data: 0.0000  max mem: 2671
      Evaluation: [1300/1978]  eta: 0:00:28    time: 0.0426  data: 0.0000  max mem: 2671
      Evaluation: [1400/1978]  eta: 0:00:23    time: 0.0403  data: 0.0000  max mem: 2671
      Evaluation: [1500/1978]  eta: 0:00:19    time: 0.0402  data: 0.0000  max mem: 2671
      Evaluation: [1600/1978]  eta: 0:00:15    time: 0.0417  data: 0.0000  max mem: 2671
      Evaluation: [1700/1978]  eta: 0:00:11    time: 0.0413  data: 0.0000  max mem: 2671
      Evaluation: [1800/1978]  eta: 0:00:07    time: 0.0412  data: 0.0000  max mem: 2671
      Evaluation: [1900/1978]  eta: 0:00:03    time: 0.0415  data: 0.0000  max mem: 2671
      Evaluation: [1977/1978]  eta: 0:00:00    time: 0.0409  data: 0.0000  max mem: 2671
      Evaluation: Total time: 0:01:21 (0.0412 s / it)
     Computing matching score time 0:01:21
### TTA ITM Score: 
+-------+--------+--------+--------+--------+--------+
| epoch |   R1   |   R5   |  R10   |  mAP   |  mINP  |
+-------+--------+--------+--------+--------+--------+
|  -999 | 69.414 | 95.197 | 97.776 | 81.233 | 81.233 |
|  -999 | 84.277 | 99.039 | 99.596 | 91.276 | 91.276 |
|   0   | 84.479 | 98.584 | 99.191 | 91.221 | 91.221 |
|   1   | 84.378 | 98.888 | 99.343 | 91.220 | 91.220 |
|   2   | 85.592 | 98.989 | 99.444 | 91.912 | 91.912 |
|   3   | 85.035 | 98.938 | 99.444 | 91.494 | 91.494 |
+-------+--------+--------+--------+--------+--------+
     logs:  {'epo': 3, 'R1': np.float32(85.035), 'R5': np.float32(98.938), 'R10': np.float32(99.444), 'mAP': np.float32(91.494), 'mINP': np.float32(91.494), 'lr': 0.000924, 'entropy': 0.06345, 'loss': 2.712332}
      TTA Epoch: [4] [ 0/78]  eta: 0:00:32  lr: 0.000906  entropy: 0.0202  loss: 2.6962  time: 0.4205  data: 0.3604  max mem: 2671
      TTA Epoch: [4] [77/78]  eta: 0:00:00  lr: 0.000872  entropy: 0.0277  loss: 2.6991  time: 0.0310  data: 0.0001  max mem: 2671
      TTA Epoch: [4] Total time: 0:00:02 (0.0380 s / it)
     Averaged stats: lr: 0.0009  entropy: 0.0454  loss: 2.7056
     Computing matching score
      Evaluation: [   0/1978]  eta: 0:01:25    time: 0.0432  data: 0.0023  max mem: 2671
      Evaluation: [ 100/1978]  eta: 0:01:18    time: 0.0419  data: 0.0000  max mem: 2671
      Evaluation: [ 200/1978]  eta: 0:01:13    time: 0.0411  data: 0.0000  max mem: 2671
      Evaluation: [ 300/1978]  eta: 0:01:09    time: 0.0405  data: 0.0000  max mem: 2671
      Evaluation: [ 400/1978]  eta: 0:01:05    time: 0.0431  data: 0.0000  max mem: 2671
      Evaluation: [ 500/1978]  eta: 0:01:01    time: 0.0427  data: 0.0000  max mem: 2671
      Evaluation: [ 600/1978]  eta: 0:00:57    time: 0.0440  data: 0.0000  max mem: 2671
      Evaluation: [ 700/1978]  eta: 0:00:54    time: 0.0490  data: 0.0000  max mem: 2671
      Evaluation: [ 800/1978]  eta: 0:00:50    time: 0.0429  data: 0.0000  max mem: 2671
      Evaluation: [ 900/1978]  eta: 0:00:46    time: 0.0409  data: 0.0000  max mem: 2671
      Evaluation: [1000/1978]  eta: 0:00:41    time: 0.0405  data: 0.0000  max mem: 2671
      Evaluation: [1100/1978]  eta: 0:00:37    time: 0.0408  data: 0.0000  max mem: 2671
      Evaluation: [1200/1978]  eta: 0:00:32    time: 0.0410  data: 0.0000  max mem: 2671
      Evaluation: [1300/1978]  eta: 0:00:28    time: 0.0411  data: 0.0000  max mem: 2671
      Evaluation: [1400/1978]  eta: 0:00:24    time: 0.0406  data: 0.0000  max mem: 2671
      Evaluation: [1500/1978]  eta: 0:00:20    time: 0.0405  data: 0.0000  max mem: 2671
      Evaluation: [1600/1978]  eta: 0:00:15    time: 0.0410  data: 0.0000  max mem: 2671
      Evaluation: [1700/1978]  eta: 0:00:11    time: 0.0407  data: 0.0000  max mem: 2671
      Evaluation: [1800/1978]  eta: 0:00:07    time: 0.0409  data: 0.0000  max mem: 2671
      Evaluation: [1900/1978]  eta: 0:00:03    time: 0.0430  data: 0.0000  max mem: 2671
      Evaluation: [1977/1978]  eta: 0:00:00    time: 0.0448  data: 0.0000  max mem: 2671
      Evaluation: Total time: 0:01:22 (0.0419 s / it)
     Computing matching score time 0:01:23
### TTA ITM Score: 
+-------+--------+--------+--------+--------+--------+
| epoch |   R1   |   R5   |  R10   |  mAP   |  mINP  |
+-------+--------+--------+--------+--------+--------+
|  -999 | 69.414 | 95.197 | 97.776 | 81.233 | 81.233 |
|  -999 | 84.277 | 99.039 | 99.596 | 91.276 | 91.276 |
|   0   | 84.479 | 98.584 | 99.191 | 91.221 | 91.221 |
|   1   | 84.378 | 98.888 | 99.343 | 91.220 | 91.220 |
|   2   | 85.592 | 98.989 | 99.444 | 91.912 | 91.912 |
|   3   | 85.035 | 98.938 | 99.444 | 91.494 | 91.494 |
|   4   | 84.783 | 98.888 | 99.444 | 91.409 | 91.409 |
+-------+--------+--------+--------+--------+--------+
     logs:  {'epo': 4, 'R1': np.float32(84.783), 'R5': np.float32(98.888), 'R10': np.float32(99.444), 'mAP': np.float32(91.409), 'mINP': np.float32(91.409), 'lr': 0.000889, 'entropy': 0.0454, 'loss': 2.705621}
      TTA Epoch: [5] [ 0/78]  eta: 0:00:42  lr: 0.000872  entropy: 0.0034  loss: 2.6902  time: 0.5446  data: 0.4824  max mem: 2671
      TTA Epoch: [5] [77/78]  eta: 0:00:00  lr: 0.000419  entropy: 0.0915  loss: 2.7225  time: 0.0396  data: 0.0035  max mem: 2671
      TTA Epoch: [5] Total time: 0:00:03 (0.0469 s / it)
     Averaged stats: lr: 0.0005  entropy: 0.0431  loss: 2.7048
     Computing matching score
      Evaluation: [   0/1978]  eta: 0:01:38    time: 0.0498  data: 0.0032  max mem: 2671
      Evaluation: [ 100/1978]  eta: 0:01:24    time: 0.0437  data: 0.0000  max mem: 2671
      Evaluation: [ 200/1978]  eta: 0:01:18    time: 0.0449  data: 0.0000  max mem: 2671
      Evaluation: [ 300/1978]  eta: 0:01:14    time: 0.0459  data: 0.0000  max mem: 2671
      Evaluation: [ 400/1978]  eta: 0:01:10    time: 0.0461  data: 0.0000  max mem: 2671
      Evaluation: [ 500/1978]  eta: 0:01:05    time: 0.0423  data: 0.0000  max mem: 2671
      Evaluation: [ 600/1978]  eta: 0:01:00    time: 0.0415  data: 0.0000  max mem: 2671
      Evaluation: [ 700/1978]  eta: 0:00:55    time: 0.0410  data: 0.0000  max mem: 2671
      Evaluation: [ 800/1978]  eta: 0:00:50    time: 0.0409  data: 0.0000  max mem: 2671
      Evaluation: [ 900/1978]  eta: 0:00:46    time: 0.0409  data: 0.0000  max mem: 2671
      Evaluation: [1000/1978]  eta: 0:00:41    time: 0.0411  data: 0.0000  max mem: 2671
      Evaluation: [1100/1978]  eta: 0:00:37    time: 0.0409  data: 0.0000  max mem: 2671
      Evaluation: [1200/1978]  eta: 0:00:33    time: 0.0411  data: 0.0000  max mem: 2671
      Evaluation: [1300/1978]  eta: 0:00:28    time: 0.0405  data: 0.0000  max mem: 2671
      Evaluation: [1400/1978]  eta: 0:00:24    time: 0.0412  data: 0.0000  max mem: 2671
      Evaluation: [1500/1978]  eta: 0:00:20    time: 0.0429  data: 0.0000  max mem: 2671
      Evaluation: [1600/1978]  eta: 0:00:15    time: 0.0427  data: 0.0000  max mem: 2671
      Evaluation: [1700/1978]  eta: 0:00:11    time: 0.0417  data: 0.0000  max mem: 2671
      Evaluation: [1800/1978]  eta: 0:00:07    time: 0.0431  data: 0.0000  max mem: 2671
      Evaluation: [1900/1978]  eta: 0:00:03    time: 0.0441  data: 0.0000  max mem: 2671
      Evaluation: [1977/1978]  eta: 0:00:00    time: 0.0435  data: 0.0000  max mem: 2671
      Evaluation: Total time: 0:01:23 (0.0423 s / it)
     Computing matching score time 0:01:23
### TTA ITM Score: 
+-------+--------+--------+--------+--------+--------+
| epoch |   R1   |   R5   |  R10   |  mAP   |  mINP  |
+-------+--------+--------+--------+--------+--------+
|  -999 | 69.414 | 95.197 | 97.776 | 81.233 | 81.233 |
|  -999 | 84.277 | 99.039 | 99.596 | 91.276 | 91.276 |
|   0   | 84.479 | 98.584 | 99.191 | 91.221 | 91.221 |
|   1   | 84.378 | 98.888 | 99.343 | 91.220 | 91.220 |
|   2   | 85.592 | 98.989 | 99.444 | 91.912 | 91.912 |
|   3   | 85.035 | 98.938 | 99.444 | 91.494 | 91.494 |
|   4   | 84.783 | 98.888 | 99.444 | 91.409 | 91.409 |
|   5   | 84.681 | 98.686 | 99.393 | 91.296 | 91.296 |
+-------+--------+--------+--------+--------+--------+
     logs:  {'epo': 5, 'R1': np.float32(84.681), 'R5': np.float32(98.686), 'R10': np.float32(99.393), 'mAP': np.float32(91.296), 'mINP': np.float32(91.296), 'lr': 0.000478, 'entropy': 0.043075, 'loss': 2.704762}
      TTA Epoch: [6] [ 0/78]  eta: 0:00:34  lr: 0.000419  entropy: 0.0319  loss: 2.7014  time: 0.4386  data: 0.3849  max mem: 2671
      TTA Epoch: [6] [77/78]  eta: 0:00:00  lr: 0.000402  entropy: 0.0442  loss: 2.7058  time: 0.0326  data: 0.0001  max mem: 2671
      TTA Epoch: [6] Total time: 0:00:03 (0.0398 s / it)
     Averaged stats: lr: 0.0004  entropy: 0.0357  loss: 2.7020
     Computing matching score
      Evaluation: [   0/1978]  eta: 0:01:31    time: 0.0464  data: 0.0034  max mem: 2671
      Evaluation: [ 100/1978]  eta: 0:01:16    time: 0.0412  data: 0.0000  max mem: 2671
      Evaluation: [ 200/1978]  eta: 0:01:12    time: 0.0401  data: 0.0000  max mem: 2671
      Evaluation: [ 300/1978]  eta: 0:01:08    time: 0.0407  data: 0.0000  max mem: 2671
      Evaluation: [ 400/1978]  eta: 0:01:04    time: 0.0408  data: 0.0000  max mem: 2671
      Evaluation: [ 500/1978]  eta: 0:01:00    time: 0.0407  data: 0.0000  max mem: 2671
      Evaluation: [ 600/1978]  eta: 0:00:56    time: 0.0408  data: 0.0000  max mem: 2671
      Evaluation: [ 700/1978]  eta: 0:00:52    time: 0.0407  data: 0.0000  max mem: 2671
      Evaluation: [ 800/1978]  eta: 0:00:48    time: 0.0412  data: 0.0000  max mem: 2671
      Evaluation: [ 900/1978]  eta: 0:00:44    time: 0.0422  data: 0.0000  max mem: 2671
      Evaluation: [1000/1978]  eta: 0:00:40    time: 0.0406  data: 0.0000  max mem: 2671
      Evaluation: [1100/1978]  eta: 0:00:36    time: 0.0434  data: 0.0000  max mem: 2671
      Evaluation: [1200/1978]  eta: 0:00:32    time: 0.0420  data: 0.0000  max mem: 2671
      Evaluation: [1300/1978]  eta: 0:00:28    time: 0.0435  data: 0.0000  max mem: 2671
      Evaluation: [1400/1978]  eta: 0:00:23    time: 0.0435  data: 0.0000  max mem: 2671
      Evaluation: [1500/1978]  eta: 0:00:19    time: 0.0414  data: 0.0000  max mem: 2671
      Evaluation: [1600/1978]  eta: 0:00:15    time: 0.0404  data: 0.0000  max mem: 2671
      Evaluation: [1700/1978]  eta: 0:00:11    time: 0.0407  data: 0.0000  max mem: 2671
      Evaluation: [1800/1978]  eta: 0:00:07    time: 0.0409  data: 0.0000  max mem: 2671
      Evaluation: [1900/1978]  eta: 0:00:03    time: 0.0410  data: 0.0000  max mem: 2671
      Evaluation: [1977/1978]  eta: 0:00:00    time: 0.0402  data: 0.0000  max mem: 2671
      Evaluation: Total time: 0:01:21 (0.0414 s / it)
     Computing matching score time 0:01:22
### TTA ITM Score: 
+-------+--------+--------+--------+--------+--------+
| epoch |   R1   |   R5   |  R10   |  mAP   |  mINP  |
+-------+--------+--------+--------+--------+--------+
|  -999 | 69.414 | 95.197 | 97.776 | 81.233 | 81.233 |
|  -999 | 84.277 | 99.039 | 99.596 | 91.276 | 91.276 |
|   0   | 84.479 | 98.584 | 99.191 | 91.221 | 91.221 |
|   1   | 84.378 | 98.888 | 99.343 | 91.220 | 91.220 |
|   2   | 85.592 | 98.989 | 99.444 | 91.912 | 91.912 |
|   3   | 85.035 | 98.938 | 99.444 | 91.494 | 91.494 |
|   4   | 84.783 | 98.888 | 99.444 | 91.409 | 91.409 |
|   5   | 84.681 | 98.686 | 99.393 | 91.296 | 91.296 |
|   6   | 85.035 | 98.837 | 99.494 | 91.484 | 91.484 |
+-------+--------+--------+--------+--------+--------+
     logs:  {'epo': 6, 'R1': np.float32(85.035), 'R5': np.float32(98.837), 'R10': np.float32(99.494), 'mAP': np.float32(91.484), 'mINP': np.float32(91.484), 'lr': 0.00041, 'entropy': 0.035719, 'loss': 2.702024}
      TTA Epoch: [7] [ 0/78]  eta: 0:00:33  lr: 0.000402  entropy: 0.0061  loss: 2.6913  time: 0.4262  data: 0.3715  max mem: 2671
      TTA Epoch: [7] [77/78]  eta: 0:00:00  lr: 0.000385  entropy: 0.0044  loss: 2.6906  time: 0.0311  data: 0.0001  max mem: 2671
      TTA Epoch: [7] Total time: 0:00:02 (0.0382 s / it)
     Averaged stats: lr: 0.0004  entropy: 0.0313  loss: 2.7004
     Computing matching score
      Evaluation: [   0/1978]  eta: 0:01:27    time: 0.0441  data: 0.0034  max mem: 2671
      Evaluation: [ 100/1978]  eta: 0:01:15    time: 0.0401  data: 0.0000  max mem: 2671
      Evaluation: [ 200/1978]  eta: 0:01:11    time: 0.0406  data: 0.0000  max mem: 2671
      Evaluation: [ 300/1978]  eta: 0:01:07    time: 0.0408  data: 0.0000  max mem: 2671
      Evaluation: [ 400/1978]  eta: 0:01:03    time: 0.0406  data: 0.0000  max mem: 2671
      Evaluation: [ 500/1978]  eta: 0:00:59    time: 0.0403  data: 0.0000  max mem: 2671
      Evaluation: [ 600/1978]  eta: 0:00:56    time: 0.0421  data: 0.0000  max mem: 2671
      Evaluation: [ 700/1978]  eta: 0:00:52    time: 0.0421  data: 0.0000  max mem: 2671
      Evaluation: [ 800/1978]  eta: 0:00:48    time: 0.0445  data: 0.0000  max mem: 2671
      Evaluation: [ 900/1978]  eta: 0:00:44    time: 0.0450  data: 0.0000  max mem: 2671
      Evaluation: [1000/1978]  eta: 0:00:40    time: 0.0403  data: 0.0000  max mem: 2671
      Evaluation: [1100/1978]  eta: 0:00:36    time: 0.0407  data: 0.0000  max mem: 2671
      Evaluation: [1200/1978]  eta: 0:00:32    time: 0.0403  data: 0.0000  max mem: 2671
      Evaluation: [1300/1978]  eta: 0:00:28    time: 0.0407  data: 0.0000  max mem: 2671
      Evaluation: [1400/1978]  eta: 0:00:23    time: 0.0408  data: 0.0000  max mem: 2671
      Evaluation: [1500/1978]  eta: 0:00:19    time: 0.0405  data: 0.0000  max mem: 2671
      Evaluation: [1600/1978]  eta: 0:00:15    time: 0.0413  data: 0.0000  max mem: 2671
      Evaluation: [1700/1978]  eta: 0:00:11    time: 0.0406  data: 0.0000  max mem: 2671
      Evaluation: [1800/1978]  eta: 0:00:07    time: 0.0406  data: 0.0000  max mem: 2671
      Evaluation: [1900/1978]  eta: 0:00:03    time: 0.0413  data: 0.0000  max mem: 2671
      Evaluation: [1977/1978]  eta: 0:00:00    time: 0.0414  data: 0.0000  max mem: 2671
      Evaluation: Total time: 0:01:21 (0.0412 s / it)
     Computing matching score time 0:01:21
### TTA ITM Score: 
+-------+--------+--------+--------+--------+--------+
| epoch |   R1   |   R5   |  R10   |  mAP   |  mINP  |
+-------+--------+--------+--------+--------+--------+
|  -999 | 69.414 | 95.197 | 97.776 | 81.233 | 81.233 |
|  -999 | 84.277 | 99.039 | 99.596 | 91.276 | 91.276 |
|   0   | 84.479 | 98.584 | 99.191 | 91.221 | 91.221 |
|   1   | 84.378 | 98.888 | 99.343 | 91.220 | 91.220 |
|   2   | 85.592 | 98.989 | 99.444 | 91.912 | 91.912 |
|   3   | 85.035 | 98.938 | 99.444 | 91.494 | 91.494 |
|   4   | 84.783 | 98.888 | 99.444 | 91.409 | 91.409 |
|   5   | 84.681 | 98.686 | 99.393 | 91.296 | 91.296 |
|   6   | 85.035 | 98.837 | 99.494 | 91.484 | 91.484 |
|   7   | 84.934 | 98.635 | 99.444 | 91.389 | 91.389 |
+-------+--------+--------+--------+--------+--------+
     logs:  {'epo': 7, 'R1': np.float32(84.934), 'R5': np.float32(98.635), 'R10': np.float32(99.444), 'mAP': np.float32(91.389), 'mINP': np.float32(91.389), 'lr': 0.000393, 'entropy': 0.031336, 'loss': 2.700399}
      TTA Epoch: [8] [ 0/78]  eta: 0:00:35  lr: 0.000384  entropy: 0.0452  loss: 2.7057  time: 0.4568  data: 0.3979  max mem: 2671
      TTA Epoch: [8] [77/78]  eta: 0:00:00  lr: 0.000147  entropy: 0.0516  loss: 2.7084  time: 0.0342  data: 0.0001  max mem: 2671
      TTA Epoch: [8] Total time: 0:00:03 (0.0421 s / it)
     Averaged stats: lr: 0.0004  entropy: 0.0305  loss: 2.7001
     Computing matching score
      Evaluation: [   0/1978]  eta: 0:01:35    time: 0.0483  data: 0.0035  max mem: 2671
      Evaluation: [ 100/1978]  eta: 0:01:21    time: 0.0432  data: 0.0000  max mem: 2671
      Evaluation: [ 200/1978]  eta: 0:01:15    time: 0.0420  data: 0.0000  max mem: 2671
      Evaluation: [ 300/1978]  eta: 0:01:12    time: 0.0465  data: 0.0000  max mem: 2671
      Evaluation: [ 400/1978]  eta: 0:01:09    time: 0.0456  data: 0.0000  max mem: 2671
      Evaluation: [ 500/1978]  eta: 0:01:03    time: 0.0406  data: 0.0000  max mem: 2671
      Evaluation: [ 600/1978]  eta: 0:00:58    time: 0.0403  data: 0.0000  max mem: 2671
      Evaluation: [ 700/1978]  eta: 0:00:54    time: 0.0408  data: 0.0000  max mem: 2671
      Evaluation: [ 800/1978]  eta: 0:00:49    time: 0.0402  data: 0.0000  max mem: 2671
      Evaluation: [ 900/1978]  eta: 0:00:45    time: 0.0405  data: 0.0000  max mem: 2671
      Evaluation: [1000/1978]  eta: 0:00:40    time: 0.0411  data: 0.0000  max mem: 2671
      Evaluation: [1100/1978]  eta: 0:00:36    time: 0.0408  data: 0.0000  max mem: 2671
      Evaluation: [1200/1978]  eta: 0:00:32    time: 0.0410  data: 0.0000  max mem: 2671
      Evaluation: [1300/1978]  eta: 0:00:28    time: 0.0403  data: 0.0000  max mem: 2671
      Evaluation: [1400/1978]  eta: 0:00:24    time: 0.0412  data: 0.0000  max mem: 2671
      Evaluation: [1500/1978]  eta: 0:00:19    time: 0.0425  data: 0.0000  max mem: 2671
      Evaluation: [1600/1978]  eta: 0:00:15    time: 0.0421  data: 0.0000  max mem: 2671
      Evaluation: [1700/1978]  eta: 0:00:11    time: 0.0410  data: 0.0000  max mem: 2671
      Evaluation: [1800/1978]  eta: 0:00:07    time: 0.0432  data: 0.0000  max mem: 2671
      Evaluation: [1900/1978]  eta: 0:00:03    time: 0.0426  data: 0.0000  max mem: 2671
      Evaluation: [1977/1978]  eta: 0:00:00    time: 0.0434  data: 0.0000  max mem: 2671
      Evaluation: Total time: 0:01:22 (0.0418 s / it)
     Computing matching score time 0:01:22
### TTA ITM Score: 
+-------+--------+--------+--------+--------+--------+
| epoch |   R1   |   R5   |  R10   |  mAP   |  mINP  |
+-------+--------+--------+--------+--------+--------+
|  -999 | 69.414 | 95.197 | 97.776 | 81.233 | 81.233 |
|  -999 | 84.277 | 99.039 | 99.596 | 91.276 | 91.276 |
|   0   | 84.479 | 98.584 | 99.191 | 91.221 | 91.221 |
|   1   | 84.378 | 98.888 | 99.343 | 91.220 | 91.220 |
|   2   | 85.592 | 98.989 | 99.444 | 91.912 | 91.912 |
|   3   | 85.035 | 98.938 | 99.444 | 91.494 | 91.494 |
|   4   | 84.783 | 98.888 | 99.444 | 91.409 | 91.409 |
|   5   | 84.681 | 98.686 | 99.393 | 91.296 | 91.296 |
|   6   | 85.035 | 98.837 | 99.494 | 91.484 | 91.484 |
|   7   | 84.934 | 98.635 | 99.444 | 91.389 | 91.389 |
|   8   | 84.985 | 98.686 | 99.292 | 91.425 | 91.425 |
+-------+--------+--------+--------+--------+--------+
     logs:  {'epo': 8, 'R1': np.float32(84.985), 'R5': np.float32(98.686), 'R10': np.float32(99.292), 'mAP': np.float32(91.425), 'mINP': np.float32(91.425), 'lr': 0.000367, 'entropy': 0.030495, 'loss': 2.700078}
      TTA Epoch: [9] [ 0/78]  eta: 0:00:41  lr: 0.000147  entropy: 0.0810  loss: 2.7177  time: 0.5320  data: 0.4706  max mem: 2671
      TTA Epoch: [9] [77/78]  eta: 0:00:00  lr: 0.000140  entropy: 0.0206  loss: 2.6970  time: 0.0346  data: 0.0002  max mem: 2671
      TTA Epoch: [9] Total time: 0:00:03 (0.0412 s / it)
     Averaged stats: lr: 0.0001  entropy: 0.0263  loss: 2.6985
     Computing matching score
      Evaluation: [   0/1978]  eta: 0:01:29    time: 0.0453  data: 0.0033  max mem: 2671
      Evaluation: [ 100/1978]  eta: 0:01:17    time: 0.0408  data: 0.0000  max mem: 2671
      Evaluation: [ 200/1978]  eta: 0:01:13    time: 0.0408  data: 0.0000  max mem: 2671
      Evaluation: [ 300/1978]  eta: 0:01:08    time: 0.0407  data: 0.0000  max mem: 2671
      Evaluation: [ 400/1978]  eta: 0:01:04    time: 0.0408  data: 0.0000  max mem: 2671
      Evaluation: [ 500/1978]  eta: 0:01:00    time: 0.0406  data: 0.0000  max mem: 2671
      Evaluation: [ 600/1978]  eta: 0:00:56    time: 0.0404  data: 0.0000  max mem: 2671
      Evaluation: [ 700/1978]  eta: 0:00:52    time: 0.0403  data: 0.0000  max mem: 2671
      Evaluation: [ 800/1978]  eta: 0:00:48    time: 0.0410  data: 0.0000  max mem: 2671
      Evaluation: [ 900/1978]  eta: 0:00:43    time: 0.0404  data: 0.0000  max mem: 2671
      Evaluation: [1000/1978]  eta: 0:00:39    time: 0.0408  data: 0.0000  max mem: 2671
      Evaluation: [1100/1978]  eta: 0:00:35    time: 0.0424  data: 0.0000  max mem: 2671
      Evaluation: [1200/1978]  eta: 0:00:31    time: 0.0419  data: 0.0000  max mem: 2671
      Evaluation: [1300/1978]  eta: 0:00:27    time: 0.0423  data: 0.0000  max mem: 2671
      Evaluation: [1400/1978]  eta: 0:00:23    time: 0.0434  data: 0.0000  max mem: 2671
      Evaluation: [1500/1978]  eta: 0:00:19    time: 0.0424  data: 0.0000  max mem: 2671
      Evaluation: [1600/1978]  eta: 0:00:15    time: 0.0403  data: 0.0000  max mem: 2671
      Evaluation: [1700/1978]  eta: 0:00:11    time: 0.0404  data: 0.0000  max mem: 2671
      Evaluation: [1800/1978]  eta: 0:00:07    time: 0.0406  data: 0.0000  max mem: 2671
      Evaluation: [1900/1978]  eta: 0:00:03    time: 0.0417  data: 0.0000  max mem: 2671
      Evaluation: [1977/1978]  eta: 0:00:00    time: 0.0416  data: 0.0000  max mem: 2671
      Evaluation: Total time: 0:01:21 (0.0412 s / it)
     Computing matching score time 0:01:21
### TTA ITM Score: 
+-------+--------+--------+--------+--------+--------+
| epoch |   R1   |   R5   |  R10   |  mAP   |  mINP  |
+-------+--------+--------+--------+--------+--------+
|  -999 | 69.414 | 95.197 | 97.776 | 81.233 | 81.233 |
|  -999 | 84.277 | 99.039 | 99.596 | 91.276 | 91.276 |
|   0   | 84.479 | 98.584 | 99.191 | 91.221 | 91.221 |
|   1   | 84.378 | 98.888 | 99.343 | 91.220 | 91.220 |
|   2   | 85.592 | 98.989 | 99.444 | 91.912 | 91.912 |
|   3   | 85.035 | 98.938 | 99.444 | 91.494 | 91.494 |
|   4   | 84.783 | 98.888 | 99.444 | 91.409 | 91.409 |
|   5   | 84.681 | 98.686 | 99.393 | 91.296 | 91.296 |
|   6   | 85.035 | 98.837 | 99.494 | 91.484 | 91.484 |
|   7   | 84.934 | 98.635 | 99.444 | 91.389 | 91.389 |
|   8   | 84.985 | 98.686 | 99.292 | 91.425 | 91.425 |
|   9   | 85.035 | 98.635 | 99.292 | 91.421 | 91.421 |
+-------+--------+--------+--------+--------+--------+
     logs:  {'epo': 9, 'R1': np.float32(85.035), 'R5': np.float32(98.635), 'R10': np.float32(99.292), 'mAP': np.float32(91.421), 'mINP': np.float32(91.421), 'lr': 0.000143, 'entropy': 0.026252, 'loss': 2.698505}
      TTA Epoch: [10] [ 0/78]  eta: 0:00:33  lr: 0.000140  entropy: 0.0151  loss: 2.6934  time: 0.4253  data: 0.3709  max mem: 2671
      TTA Epoch: [10] [77/78]  eta: 0:00:00  lr: 0.000133  entropy: 0.0425  loss: 2.7044  time: 0.0318  data: 0.0001  max mem: 2671
      TTA Epoch: [10] Total time: 0:00:03 (0.0403 s / it)
     Averaged stats: lr: 0.0001  entropy: 0.0255  loss: 2.6982
     Computing matching score
      Evaluation: [   0/1978]  eta: 0:01:28    time: 0.0449  data: 0.0034  max mem: 2671
      Evaluation: [ 100/1978]  eta: 0:01:17    time: 0.0416  data: 0.0000  max mem: 2671
      Evaluation: [ 200/1978]  eta: 0:01:12    time: 0.0405  data: 0.0000  max mem: 2671
      Evaluation: [ 300/1978]  eta: 0:01:08    time: 0.0409  data: 0.0000  max mem: 2671
      Evaluation: [ 400/1978]  eta: 0:01:04    time: 0.0407  data: 0.0000  max mem: 2671
      Evaluation: [ 500/1978]  eta: 0:01:00    time: 0.0440  data: 0.0000  max mem: 2671
      Evaluation: [ 600/1978]  eta: 0:00:57    time: 0.0438  data: 0.0000  max mem: 2671
      Evaluation: [ 700/1978]  eta: 0:00:53    time: 0.0428  data: 0.0000  max mem: 2671
      Evaluation: [ 800/1978]  eta: 0:00:49    time: 0.0453  data: 0.0000  max mem: 2671
      Evaluation: [ 900/1978]  eta: 0:00:45    time: 0.0455  data: 0.0000  max mem: 2671
      Evaluation: [1000/1978]  eta: 0:00:41    time: 0.0437  data: 0.0000  max mem: 2671
      Evaluation: [1100/1978]  eta: 0:00:37    time: 0.0403  data: 0.0000  max mem: 2671
      Evaluation: [1200/1978]  eta: 0:00:33    time: 0.0403  data: 0.0000  max mem: 2671
      Evaluation: [1300/1978]  eta: 0:00:28    time: 0.0408  data: 0.0000  max mem: 2671
      Evaluation: [1400/1978]  eta: 0:00:24    time: 0.0406  data: 0.0000  max mem: 2671
      Evaluation: [1500/1978]  eta: 0:00:20    time: 0.0410  data: 0.0000  max mem: 2671
      Evaluation: [1600/1978]  eta: 0:00:15    time: 0.0404  data: 0.0000  max mem: 2671
      Evaluation: [1700/1978]  eta: 0:00:11    time: 0.0408  data: 0.0000  max mem: 2671
      Evaluation: [1800/1978]  eta: 0:00:07    time: 0.0408  data: 0.0000  max mem: 2671
      Evaluation: [1900/1978]  eta: 0:00:03    time: 0.0436  data: 0.0000  max mem: 2671
      Evaluation: [1977/1978]  eta: 0:00:00    time: 0.0409  data: 0.0000  max mem: 2671
      Evaluation: Total time: 0:01:23 (0.0420 s / it)
     Computing matching score time 0:01:23
### TTA ITM Score: 
+-------+--------+--------+--------+--------+--------+
| epoch |   R1   |   R5   |  R10   |  mAP   |  mINP  |
+-------+--------+--------+--------+--------+--------+
|  -999 | 69.414 | 95.197 | 97.776 | 81.233 | 81.233 |
|  -999 | 84.277 | 99.039 | 99.596 | 91.276 | 91.276 |
|   0   | 84.479 | 98.584 | 99.191 | 91.221 | 91.221 |
|   1   | 84.378 | 98.888 | 99.343 | 91.220 | 91.220 |
|   2   | 85.592 | 98.989 | 99.444 | 91.912 | 91.912 |
|   3   | 85.035 | 98.938 | 99.444 | 91.494 | 91.494 |
|   4   | 84.783 | 98.888 | 99.444 | 91.409 | 91.409 |
|   5   | 84.681 | 98.686 | 99.393 | 91.296 | 91.296 |
|   6   | 85.035 | 98.837 | 99.494 | 91.484 | 91.484 |
|   7   | 84.934 | 98.635 | 99.444 | 91.389 | 91.389 |
|   8   | 84.985 | 98.686 | 99.292 | 91.425 | 91.425 |
|   9   | 85.035 | 98.635 | 99.292 | 91.421 | 91.421 |
|   10  | 85.137 | 98.736 | 99.393 | 91.501 | 91.501 |
+-------+--------+--------+--------+--------+--------+
     logs:  {'epo': 10, 'R1': np.float32(85.137), 'R5': np.float32(98.736), 'R10': np.float32(99.393), 'mAP': np.float32(91.501), 'mINP': np.float32(91.501), 'lr': 0.000137, 'entropy': 0.025521, 'loss': 2.698237}
      TTA Epoch: [11] [ 0/78]  eta: 0:00:34  lr: 0.000133  entropy: 0.0152  loss: 2.6948  time: 0.4378  data: 0.3829  max mem: 2671
      TTA Epoch: [11] [77/78]  eta: 0:00:00  lr: 0.000126  entropy: 0.0465  loss: 2.7062  time: 0.0318  data: 0.0001  max mem: 2671
      TTA Epoch: [11] Total time: 0:00:03 (0.0392 s / it)
     Averaged stats: lr: 0.0001  entropy: 0.0295  loss: 2.6997
     Computing matching score
      Evaluation: [   0/1978]  eta: 0:01:24    time: 0.0426  data: 0.0023  max mem: 2671
      Evaluation: [ 100/1978]  eta: 0:01:16    time: 0.0422  data: 0.0000  max mem: 2671
      Evaluation: [ 200/1978]  eta: 0:01:14    time: 0.0421  data: 0.0000  max mem: 2671
      Evaluation: [ 300/1978]  eta: 0:01:10    time: 0.0444  data: 0.0000  max mem: 2671
      Evaluation: [ 400/1978]  eta: 0:01:06    time: 0.0426  data: 0.0000  max mem: 2671
      Evaluation: [ 500/1978]  eta: 0:01:02    time: 0.0452  data: 0.0000  max mem: 2671
      Evaluation: [ 600/1978]  eta: 0:00:58    time: 0.0435  data: 0.0000  max mem: 2671
      Evaluation: [ 700/1978]  eta: 0:00:54    time: 0.0435  data: 0.0000  max mem: 2671
      Evaluation: [ 800/1978]  eta: 0:00:50    time: 0.0417  data: 0.0000  max mem: 2671
      Evaluation: [ 900/1978]  eta: 0:00:45    time: 0.0413  data: 0.0000  max mem: 2671
      Evaluation: [1000/1978]  eta: 0:00:41    time: 0.0399  data: 0.0000  max mem: 2671
      Evaluation: [1100/1978]  eta: 0:00:36    time: 0.0396  data: 0.0000  max mem: 2671
      Evaluation: [1200/1978]  eta: 0:00:32    time: 0.0400  data: 0.0000  max mem: 2671
      Evaluation: [1300/1978]  eta: 0:00:28    time: 0.0396  data: 0.0000  max mem: 2671
      Evaluation: [1400/1978]  eta: 0:00:24    time: 0.0395  data: 0.0000  max mem: 2671
      Evaluation: [1500/1978]  eta: 0:00:19    time: 0.0399  data: 0.0000  max mem: 2671
      Evaluation: [1600/1978]  eta: 0:00:15    time: 0.0413  data: 0.0000  max mem: 2671
      Evaluation: [1700/1978]  eta: 0:00:11    time: 0.0427  data: 0.0000  max mem: 2671
      Evaluation: [1800/1978]  eta: 0:00:07    time: 0.0422  data: 0.0000  max mem: 2671
      Evaluation: [1900/1978]  eta: 0:00:03    time: 0.0412  data: 0.0000  max mem: 2671
      Evaluation: [1977/1978]  eta: 0:00:00    time: 0.0428  data: 0.0000  max mem: 2671
      Evaluation: Total time: 0:01:22 (0.0415 s / it)
     Computing matching score time 0:01:22
### TTA ITM Score: 
+-------+--------+--------+--------+--------+--------+
| epoch |   R1   |   R5   |  R10   |  mAP   |  mINP  |
+-------+--------+--------+--------+--------+--------+
|  -999 | 69.414 | 95.197 | 97.776 | 81.233 | 81.233 |
|  -999 | 84.277 | 99.039 | 99.596 | 91.276 | 91.276 |
|   0   | 84.479 | 98.584 | 99.191 | 91.221 | 91.221 |
|   1   | 84.378 | 98.888 | 99.343 | 91.220 | 91.220 |
|   2   | 85.592 | 98.989 | 99.444 | 91.912 | 91.912 |
|   3   | 85.035 | 98.938 | 99.444 | 91.494 | 91.494 |
|   4   | 84.783 | 98.888 | 99.444 | 91.409 | 91.409 |
|   5   | 84.681 | 98.686 | 99.393 | 91.296 | 91.296 |
|   6   | 85.035 | 98.837 | 99.494 | 91.484 | 91.484 |
|   7   | 84.934 | 98.635 | 99.444 | 91.389 | 91.389 |
|   8   | 84.985 | 98.686 | 99.292 | 91.425 | 91.425 |
|   9   | 85.035 | 98.635 | 99.292 | 91.421 | 91.421 |
|   10  | 85.137 | 98.736 | 99.393 | 91.501 | 91.501 |
|   11  | 84.985 | 98.686 | 99.393 | 91.419 | 91.419 |
+-------+--------+--------+--------+--------+--------+
     logs:  {'epo': 11, 'R1': np.float32(84.985), 'R5': np.float32(98.686), 'R10': np.float32(99.393), 'mAP': np.float32(91.419), 'mINP': np.float32(91.419), 'lr': 0.00013, 'entropy': 0.029498, 'loss': 2.699705}
      TTA Epoch: [12] [ 0/78]  eta: 0:00:41  lr: 0.000126  entropy: 0.0558  loss: 2.7092  time: 0.5283  data: 0.4678  max mem: 2671
      TTA Epoch: [12] [77/78]  eta: 0:00:00  lr: 0.000119  entropy: 0.0736  loss: 2.7160  time: 0.0374  data: 0.0028  max mem: 2671
      TTA Epoch: [12] Total time: 0:00:03 (0.0450 s / it)
     Averaged stats: lr: 0.0001  entropy: 0.0237  loss: 2.6976
     Computing matching score
      Evaluation: [   0/1978]  eta: 0:01:31    time: 0.0461  data: 0.0025  max mem: 2671
      Evaluation: [ 100/1978]  eta: 0:01:18    time: 0.0434  data: 0.0000  max mem: 2671
      Evaluation: [ 200/1978]  eta: 0:01:15    time: 0.0427  data: 0.0000  max mem: 2671
      Evaluation: [ 300/1978]  eta: 0:01:11    time: 0.0430  data: 0.0000  max mem: 2671
      Evaluation: [ 400/1978]  eta: 0:01:06    time: 0.0426  data: 0.0000  max mem: 2671
      Evaluation: [ 500/1978]  eta: 0:01:02    time: 0.0407  data: 0.0000  max mem: 2671
      Evaluation: [ 600/1978]  eta: 0:00:57    time: 0.0420  data: 0.0000  max mem: 2671
      Evaluation: [ 700/1978]  eta: 0:00:53    time: 0.0415  data: 0.0000  max mem: 2671
      Evaluation: [ 800/1978]  eta: 0:00:49    time: 0.0411  data: 0.0000  max mem: 2671
      Evaluation: [ 900/1978]  eta: 0:00:45    time: 0.0415  data: 0.0000  max mem: 2671
      Evaluation: [1000/1978]  eta: 0:00:40    time: 0.0409  data: 0.0000  max mem: 2671
      Evaluation: [1100/1978]  eta: 0:00:36    time: 0.0411  data: 0.0000  max mem: 2671
      Evaluation: [1200/1978]  eta: 0:00:32    time: 0.0412  data: 0.0000  max mem: 2671
      Evaluation: [1300/1978]  eta: 0:00:28    time: 0.0439  data: 0.0000  max mem: 2671
      Evaluation: [1400/1978]  eta: 0:00:24    time: 0.0439  data: 0.0000  max mem: 2671
      Evaluation: [1500/1978]  eta: 0:00:20    time: 0.0428  data: 0.0000  max mem: 2671
      Evaluation: [1600/1978]  eta: 0:00:15    time: 0.0424  data: 0.0000  max mem: 2671
      Evaluation: [1700/1978]  eta: 0:00:11    time: 0.0445  data: 0.0000  max mem: 2671
      Evaluation: [1800/1978]  eta: 0:00:07    time: 0.0447  data: 0.0000  max mem: 2671
      Evaluation: [1900/1978]  eta: 0:00:03    time: 0.0437  data: 0.0000  max mem: 2671
      Evaluation: [1977/1978]  eta: 0:00:00    time: 0.0437  data: 0.0000  max mem: 2671
      Evaluation: Total time: 0:01:24 (0.0425 s / it)
     Computing matching score time 0:01:24
### TTA ITM Score: 
+-------+--------+--------+--------+--------+--------+
| epoch |   R1   |   R5   |  R10   |  mAP   |  mINP  |
+-------+--------+--------+--------+--------+--------+
|  -999 | 69.414 | 95.197 | 97.776 | 81.233 | 81.233 |
|  -999 | 84.277 | 99.039 | 99.596 | 91.276 | 91.276 |
|   0   | 84.479 | 98.584 | 99.191 | 91.221 | 91.221 |
|   1   | 84.378 | 98.888 | 99.343 | 91.220 | 91.220 |
|   2   | 85.592 | 98.989 | 99.444 | 91.912 | 91.912 |
|   3   | 85.035 | 98.938 | 99.444 | 91.494 | 91.494 |
|   4   | 84.783 | 98.888 | 99.444 | 91.409 | 91.409 |
|   5   | 84.681 | 98.686 | 99.393 | 91.296 | 91.296 |
|   6   | 85.035 | 98.837 | 99.494 | 91.484 | 91.484 |
|   7   | 84.934 | 98.635 | 99.444 | 91.389 | 91.389 |
|   8   | 84.985 | 98.686 | 99.292 | 91.425 | 91.425 |
|   9   | 85.035 | 98.635 | 99.292 | 91.421 | 91.421 |
|   10  | 85.137 | 98.736 | 99.393 | 91.501 | 91.501 |
|   11  | 84.985 | 98.686 | 99.393 | 91.419 | 91.419 |
|   12  | 85.035 | 98.686 | 99.393 | 91.443 | 91.443 |
+-------+--------+--------+--------+--------+--------+
     logs:  {'epo': 12, 'R1': np.float32(85.035), 'R5': np.float32(98.686), 'R10': np.float32(99.393), 'mAP': np.float32(91.443), 'mINP': np.float32(91.443), 'lr': 0.000123, 'entropy': 0.023744, 'loss': 2.697569}
      TTA Epoch: [13] [ 0/78]  eta: 0:00:41  lr: 0.000119  entropy: 0.0288  loss: 2.6991  time: 0.5379  data: 0.4685  max mem: 2671
      TTA Epoch: [13] [77/78]  eta: 0:00:00  lr: 0.000113  entropy: 0.0584  loss: 2.7104  time: 0.0376  data: 0.0025  max mem: 2671
      TTA Epoch: [13] Total time: 0:00:03 (0.0465 s / it)
     Averaged stats: lr: 0.0001  entropy: 0.0230  loss: 2.6973
     Computing matching score
      Evaluation: [   0/1978]  eta: 0:01:30    time: 0.0455  data: 0.0033  max mem: 2671
      Evaluation: [ 100/1978]  eta: 0:01:20    time: 0.0405  data: 0.0000  max mem: 2671
      Evaluation: [ 200/1978]  eta: 0:01:14    time: 0.0405  data: 0.0000  max mem: 2671
      Evaluation: [ 300/1978]  eta: 0:01:09    time: 0.0420  data: 0.0000  max mem: 2671
      Evaluation: [ 400/1978]  eta: 0:01:05    time: 0.0423  data: 0.0000  max mem: 2671
      Evaluation: [ 500/1978]  eta: 0:01:01    time: 0.0416  data: 0.0000  max mem: 2671
      Evaluation: [ 600/1978]  eta: 0:00:57    time: 0.0423  data: 0.0000  max mem: 2671
      Evaluation: [ 700/1978]  eta: 0:00:53    time: 0.0407  data: 0.0000  max mem: 2671
      Evaluation: [ 800/1978]  eta: 0:00:49    time: 0.0406  data: 0.0000  max mem: 2671
      Evaluation: [ 900/1978]  eta: 0:00:45    time: 0.0432  data: 0.0000  max mem: 2671
      Evaluation: [1000/1978]  eta: 0:00:41    time: 0.0437  data: 0.0000  max mem: 2671
      Evaluation: [1100/1978]  eta: 0:00:36    time: 0.0418  data: 0.0000  max mem: 2671
      Evaluation: [1200/1978]  eta: 0:00:32    time: 0.0449  data: 0.0000  max mem: 2671
      Evaluation: [1300/1978]  eta: 0:00:28    time: 0.0438  data: 0.0000  max mem: 2671
      Evaluation: [1400/1978]  eta: 0:00:24    time: 0.0435  data: 0.0000  max mem: 2671
      Evaluation: [1500/1978]  eta: 0:00:20    time: 0.0460  data: 0.0000  max mem: 2671
      Evaluation: [1600/1978]  eta: 0:00:16    time: 0.0410  data: 0.0000  max mem: 2671
      Evaluation: [1700/1978]  eta: 0:00:11    time: 0.0414  data: 0.0000  max mem: 2671
      Evaluation: [1800/1978]  eta: 0:00:07    time: 0.0409  data: 0.0000  max mem: 2671
      Evaluation: [1900/1978]  eta: 0:00:03    time: 0.0413  data: 0.0000  max mem: 2671
      Evaluation: [1977/1978]  eta: 0:00:00    time: 0.0407  data: 0.0000  max mem: 2671
      Evaluation: Total time: 0:01:23 (0.0423 s / it)
     Computing matching score time 0:01:23
### TTA ITM Score: 
+-------+--------+--------+--------+--------+--------+
| epoch |   R1   |   R5   |  R10   |  mAP   |  mINP  |
+-------+--------+--------+--------+--------+--------+
|  -999 | 69.414 | 95.197 | 97.776 | 81.233 | 81.233 |
|  -999 | 84.277 | 99.039 | 99.596 | 91.276 | 91.276 |
|   0   | 84.479 | 98.584 | 99.191 | 91.221 | 91.221 |
|   1   | 84.378 | 98.888 | 99.343 | 91.220 | 91.220 |
|   2   | 85.592 | 98.989 | 99.444 | 91.912 | 91.912 |
|   3   | 85.035 | 98.938 | 99.444 | 91.494 | 91.494 |
|   4   | 84.783 | 98.888 | 99.444 | 91.409 | 91.409 |
|   5   | 84.681 | 98.686 | 99.393 | 91.296 | 91.296 |
|   6   | 85.035 | 98.837 | 99.494 | 91.484 | 91.484 |
|   7   | 84.934 | 98.635 | 99.444 | 91.389 | 91.389 |
|   8   | 84.985 | 98.686 | 99.292 | 91.425 | 91.425 |
|   9   | 85.035 | 98.635 | 99.292 | 91.421 | 91.421 |
|   10  | 85.137 | 98.736 | 99.393 | 91.501 | 91.501 |
|   11  | 84.985 | 98.686 | 99.393 | 91.419 | 91.419 |
|   12  | 85.035 | 98.686 | 99.393 | 91.443 | 91.443 |
|   13  | 85.137 | 98.686 | 99.343 | 91.504 | 91.504 |
+-------+--------+--------+--------+--------+--------+
     logs:  {'epo': 13, 'R1': np.float32(85.137), 'R5': np.float32(98.686), 'R10': np.float32(99.343), 'mAP': np.float32(91.504), 'mINP': np.float32(91.504), 'lr': 0.000116, 'entropy': 0.023015, 'loss': 2.697292}
      TTA Epoch: [14] [ 0/78]  eta: 0:00:31  lr: 0.000113  entropy: 0.0004  loss: 2.6891  time: 0.3982  data: 0.3433  max mem: 2671
      TTA Epoch: [14] [77/78]  eta: 0:00:00  lr: 0.000106  entropy: 0.0602  loss: 2.7109  time: 0.0361  data: 0.0031  max mem: 2671
      TTA Epoch: [14] Total time: 0:00:03 (0.0417 s / it)
     Averaged stats: lr: 0.0001  entropy: 0.0247  loss: 2.6979
     Computing matching score
      Evaluation: [   0/1978]  eta: 0:01:24    time: 0.0427  data: 0.0023  max mem: 2671
      Evaluation: [ 100/1978]  eta: 0:01:16    time: 0.0410  data: 0.0000  max mem: 2671
      Evaluation: [ 200/1978]  eta: 0:01:12    time: 0.0414  data: 0.0000  max mem: 2671
      Evaluation: [ 300/1978]  eta: 0:01:09    time: 0.0445  data: 0.0000  max mem: 2671
      Evaluation: [ 400/1978]  eta: 0:01:06    time: 0.0425  data: 0.0000  max mem: 2671
      Evaluation: [ 500/1978]  eta: 0:01:02    time: 0.0419  data: 0.0000  max mem: 2671
      Evaluation: [ 600/1978]  eta: 0:00:58    time: 0.0421  data: 0.0000  max mem: 2671
      Evaluation: [ 700/1978]  eta: 0:00:53    time: 0.0425  data: 0.0000  max mem: 2671
      Evaluation: [ 800/1978]  eta: 0:00:49    time: 0.0428  data: 0.0000  max mem: 2671
      Evaluation: [ 900/1978]  eta: 0:00:45    time: 0.0423  data: 0.0000  max mem: 2671
      Evaluation: [1000/1978]  eta: 0:00:41    time: 0.0430  data: 0.0000  max mem: 2671
      Evaluation: [1100/1978]  eta: 0:00:37    time: 0.0425  data: 0.0000  max mem: 2671
      Evaluation: [1200/1978]  eta: 0:00:32    time: 0.0411  data: 0.0000  max mem: 2671
      Evaluation: [1300/1978]  eta: 0:00:28    time: 0.0409  data: 0.0000  max mem: 2671
      Evaluation: [1400/1978]  eta: 0:00:24    time: 0.0409  data: 0.0000  max mem: 2671
      Evaluation: [1500/1978]  eta: 0:00:20    time: 0.0408  data: 0.0000  max mem: 2671
      Evaluation: [1600/1978]  eta: 0:00:15    time: 0.0408  data: 0.0000  max mem: 2671
      Evaluation: [1700/1978]  eta: 0:00:11    time: 0.0408  data: 0.0000  max mem: 2671
      Evaluation: [1800/1978]  eta: 0:00:07    time: 0.0403  data: 0.0000  max mem: 2671
      Evaluation: [1900/1978]  eta: 0:00:03    time: 0.0428  data: 0.0000  max mem: 2671
      Evaluation: [1977/1978]  eta: 0:00:00    time: 0.0421  data: 0.0000  max mem: 2671
      Evaluation: Total time: 0:01:22 (0.0419 s / it)
     Computing matching score time 0:01:23
### TTA ITM Score: 
+-------+--------+--------+--------+--------+--------+
| epoch |   R1   |   R5   |  R10   |  mAP   |  mINP  |
+-------+--------+--------+--------+--------+--------+
|  -999 | 69.414 | 95.197 | 97.776 | 81.233 | 81.233 |
|  -999 | 84.277 | 99.039 | 99.596 | 91.276 | 91.276 |
|   0   | 84.479 | 98.584 | 99.191 | 91.221 | 91.221 |
|   1   | 84.378 | 98.888 | 99.343 | 91.220 | 91.220 |
|   2   | 85.592 | 98.989 | 99.444 | 91.912 | 91.912 |
|   3   | 85.035 | 98.938 | 99.444 | 91.494 | 91.494 |
|   4   | 84.783 | 98.888 | 99.444 | 91.409 | 91.409 |
|   5   | 84.681 | 98.686 | 99.393 | 91.296 | 91.296 |
|   6   | 85.035 | 98.837 | 99.494 | 91.484 | 91.484 |
|   7   | 84.934 | 98.635 | 99.444 | 91.389 | 91.389 |
|   8   | 84.985 | 98.686 | 99.292 | 91.425 | 91.425 |
|   9   | 85.035 | 98.635 | 99.292 | 91.421 | 91.421 |
|   10  | 85.137 | 98.736 | 99.393 | 91.501 | 91.501 |
|   11  | 84.985 | 98.686 | 99.393 | 91.419 | 91.419 |
|   12  | 85.035 | 98.686 | 99.393 | 91.443 | 91.443 |
|   13  | 85.137 | 98.686 | 99.343 | 91.504 | 91.504 |
|   14  | 85.035 | 98.635 | 99.393 | 91.438 | 91.438 |
+-------+--------+--------+--------+--------+--------+
     logs:  {'epo': 14, 'R1': np.float32(85.035), 'R5': np.float32(98.635), 'R10': np.float32(99.393), 'mAP': np.float32(91.438), 'mINP': np.float32(91.438), 'lr': 0.000109, 'entropy': 0.024709, 'loss': 2.697932}
      TTA Epoch: [15] [ 0/78]  eta: 0:00:44  lr: 0.000106  entropy: 0.0101  loss: 2.6923  time: 0.5649  data: 0.4943  max mem: 2671
      TTA Epoch: [15] [77/78]  eta: 0:00:00  lr: 0.000099  entropy: 0.0607  loss: 2.7114  time: 0.0419  data: 0.0038  max mem: 2671
      TTA Epoch: [15] Total time: 0:00:03 (0.0512 s / it)
     Averaged stats: lr: 0.0001  entropy: 0.0206  loss: 2.6964
     Computing matching score
      Evaluation: [   0/1978]  eta: 0:01:33    time: 0.0473  data: 0.0024  max mem: 2671
      Evaluation: [ 100/1978]  eta: 0:01:20    time: 0.0425  data: 0.0000  max mem: 2671
      Evaluation: [ 200/1978]  eta: 0:01:15    time: 0.0425  data: 0.0000  max mem: 2671
      Evaluation: [ 300/1978]  eta: 0:01:10    time: 0.0426  data: 0.0000  max mem: 2671
      Evaluation: [ 400/1978]  eta: 0:01:07    time: 0.0425  data: 0.0000  max mem: 2671
      Evaluation: [ 500/1978]  eta: 0:01:03    time: 0.0444  data: 0.0000  max mem: 2671
      Evaluation: [ 600/1978]  eta: 0:00:59    time: 0.0428  data: 0.0000  max mem: 2671
      Evaluation: [ 700/1978]  eta: 0:00:54    time: 0.0404  data: 0.0000  max mem: 2671
      Evaluation: [ 800/1978]  eta: 0:00:49    time: 0.0403  data: 0.0000  max mem: 2671
      Evaluation: [ 900/1978]  eta: 0:00:45    time: 0.0407  data: 0.0000  max mem: 2671
      Evaluation: [1000/1978]  eta: 0:00:41    time: 0.0401  data: 0.0000  max mem: 2671
      Evaluation: [1100/1978]  eta: 0:00:36    time: 0.0398  data: 0.0000  max mem: 2671
      Evaluation: [1200/1978]  eta: 0:00:32    time: 0.0404  data: 0.0000  max mem: 2671
      Evaluation: [1300/1978]  eta: 0:00:28    time: 0.0400  data: 0.0000  max mem: 2671
      Evaluation: [1400/1978]  eta: 0:00:23    time: 0.0432  data: 0.0000  max mem: 2671
      Evaluation: [1500/1978]  eta: 0:00:19    time: 0.0426  data: 0.0000  max mem: 2671
      Evaluation: [1600/1978]  eta: 0:00:15    time: 0.0419  data: 0.0000  max mem: 2671
      Evaluation: [1700/1978]  eta: 0:00:11    time: 0.0416  data: 0.0000  max mem: 2671
      Evaluation: [1800/1978]  eta: 0:00:07    time: 0.0428  data: 0.0000  max mem: 2671
      Evaluation: [1900/1978]  eta: 0:00:03    time: 0.0437  data: 0.0000  max mem: 2671
      Evaluation: [1977/1978]  eta: 0:00:00    time: 0.0420  data: 0.0000  max mem: 2671
      Evaluation: Total time: 0:01:22 (0.0418 s / it)
     Computing matching score time 0:01:22
### TTA ITM Score: 
+-------+--------+--------+--------+--------+--------+
| epoch |   R1   |   R5   |  R10   |  mAP   |  mINP  |
+-------+--------+--------+--------+--------+--------+
|  -999 | 69.414 | 95.197 | 97.776 | 81.233 | 81.233 |
|  -999 | 84.277 | 99.039 | 99.596 | 91.276 | 91.276 |
|   0   | 84.479 | 98.584 | 99.191 | 91.221 | 91.221 |
|   1   | 84.378 | 98.888 | 99.343 | 91.220 | 91.220 |
|   2   | 85.592 | 98.989 | 99.444 | 91.912 | 91.912 |
|   3   | 85.035 | 98.938 | 99.444 | 91.494 | 91.494 |
|   4   | 84.783 | 98.888 | 99.444 | 91.409 | 91.409 |
|   5   | 84.681 | 98.686 | 99.393 | 91.296 | 91.296 |
|   6   | 85.035 | 98.837 | 99.494 | 91.484 | 91.484 |
|   7   | 84.934 | 98.635 | 99.444 | 91.389 | 91.389 |
|   8   | 84.985 | 98.686 | 99.292 | 91.425 | 91.425 |
|   9   | 85.035 | 98.635 | 99.292 | 91.421 | 91.421 |
|   10  | 85.137 | 98.736 | 99.393 | 91.501 | 91.501 |
|   11  | 84.985 | 98.686 | 99.393 | 91.419 | 91.419 |
|   12  | 85.035 | 98.686 | 99.393 | 91.443 | 91.443 |
|   13  | 85.137 | 98.686 | 99.343 | 91.504 | 91.504 |
|   14  | 85.035 | 98.635 | 99.393 | 91.438 | 91.438 |
|   15  | 85.035 | 98.635 | 99.343 | 91.437 | 91.437 |
+-------+--------+--------+--------+--------+--------+
     logs:  {'epo': 15, 'R1': np.float32(85.035), 'R5': np.float32(98.635), 'R10': np.float32(99.343), 'mAP': np.float32(91.437), 'mINP': np.float32(91.437), 'lr': 0.000102, 'entropy': 0.020566, 'loss': 2.696391}
      TTA Epoch: [16] [ 0/78]  eta: 0:00:36  lr: 0.000099  entropy: 0.0485  loss: 2.7066  time: 0.4635  data: 0.4014  max mem: 2671
      TTA Epoch: [16] [77/78]  eta: 0:00:00  lr: 0.000092  entropy: 0.0381  loss: 2.7030  time: 0.0384  data: 0.0032  max mem: 2671
      TTA Epoch: [16] Total time: 0:00:03 (0.0446 s / it)
     Averaged stats: lr: 0.0001  entropy: 0.0237  loss: 2.6976
     Computing matching score
      Evaluation: [   0/1978]  eta: 0:01:36    time: 0.0487  data: 0.0040  max mem: 2671
      Evaluation: [ 100/1978]  eta: 0:01:21    time: 0.0401  data: 0.0000  max mem: 2671
      Evaluation: [ 200/1978]  eta: 0:01:14    time: 0.0404  data: 0.0000  max mem: 2671
      Evaluation: [ 300/1978]  eta: 0:01:09    time: 0.0402  data: 0.0000  max mem: 2671
      Evaluation: [ 400/1978]  eta: 0:01:05    time: 0.0400  data: 0.0000  max mem: 2671
      Evaluation: [ 500/1978]  eta: 0:01:00    time: 0.0407  data: 0.0000  max mem: 2671
      Evaluation: [ 600/1978]  eta: 0:00:56    time: 0.0409  data: 0.0000  max mem: 2671
      Evaluation: [ 700/1978]  eta: 0:00:52    time: 0.0404  data: 0.0000  max mem: 2671
      Evaluation: [ 800/1978]  eta: 0:00:48    time: 0.0399  data: 0.0000  max mem: 2671
      Evaluation: [ 900/1978]  eta: 0:00:44    time: 0.0434  data: 0.0000  max mem: 2671
      Evaluation: [1000/1978]  eta: 0:00:40    time: 0.0439  data: 0.0000  max mem: 2671
      Evaluation: [1100/1978]  eta: 0:00:36    time: 0.0423  data: 0.0000  max mem: 2671
      Evaluation: [1200/1978]  eta: 0:00:32    time: 0.0434  data: 0.0000  max mem: 2671
      Evaluation: [1300/1978]  eta: 0:00:28    time: 0.0438  data: 0.0000  max mem: 2671
      Evaluation: [1400/1978]  eta: 0:00:24    time: 0.0431  data: 0.0000  max mem: 2671
      Evaluation: [1500/1978]  eta: 0:00:20    time: 0.0459  data: 0.0000  max mem: 2671
      Evaluation: [1600/1978]  eta: 0:00:15    time: 0.0409  data: 0.0000  max mem: 2671
      Evaluation: [1700/1978]  eta: 0:00:11    time: 0.0401  data: 0.0000  max mem: 2671
      Evaluation: [1800/1978]  eta: 0:00:07    time: 0.0404  data: 0.0000  max mem: 2671
      Evaluation: [1900/1978]  eta: 0:00:03    time: 0.0405  data: 0.0000  max mem: 2671
      Evaluation: [1977/1978]  eta: 0:00:00    time: 0.0400  data: 0.0000  max mem: 2671
      Evaluation: Total time: 0:01:22 (0.0418 s / it)
     Computing matching score time 0:01:22
### TTA ITM Score: 
+-------+--------+--------+--------+--------+--------+
| epoch |   R1   |   R5   |  R10   |  mAP   |  mINP  |
+-------+--------+--------+--------+--------+--------+
|  -999 | 69.414 | 95.197 | 97.776 | 81.233 | 81.233 |
|  -999 | 84.277 | 99.039 | 99.596 | 91.276 | 91.276 |
|   0   | 84.479 | 98.584 | 99.191 | 91.221 | 91.221 |
|   1   | 84.378 | 98.888 | 99.343 | 91.220 | 91.220 |
|   2   | 85.592 | 98.989 | 99.444 | 91.912 | 91.912 |
|   3   | 85.035 | 98.938 | 99.444 | 91.494 | 91.494 |
|   4   | 84.783 | 98.888 | 99.444 | 91.409 | 91.409 |
|   5   | 84.681 | 98.686 | 99.393 | 91.296 | 91.296 |
|   6   | 85.035 | 98.837 | 99.494 | 91.484 | 91.484 |
|   7   | 84.934 | 98.635 | 99.444 | 91.389 | 91.389 |
|   8   | 84.985 | 98.686 | 99.292 | 91.425 | 91.425 |
|   9   | 85.035 | 98.635 | 99.292 | 91.421 | 91.421 |
|   10  | 85.137 | 98.736 | 99.393 | 91.501 | 91.501 |
|   11  | 84.985 | 98.686 | 99.393 | 91.419 | 91.419 |
|   12  | 85.035 | 98.686 | 99.393 | 91.443 | 91.443 |
|   13  | 85.137 | 98.686 | 99.343 | 91.504 | 91.504 |
|   14  | 85.035 | 98.635 | 99.393 | 91.438 | 91.438 |
|   15  | 85.035 | 98.635 | 99.343 | 91.437 | 91.437 |
|   16  | 85.137 | 98.635 | 99.393 | 91.492 | 91.492 |
+-------+--------+--------+--------+--------+--------+
     logs:  {'epo': 16, 'R1': np.float32(85.137), 'R5': np.float32(98.635), 'R10': np.float32(99.393), 'mAP': np.float32(91.492), 'mINP': np.float32(91.492), 'lr': 9.5e-05, 'entropy': 0.023737, 'loss': 2.697568}
      TTA Epoch: [17] [ 0/78]  eta: 0:00:34  lr: 0.000092  entropy: 0.0081  loss: 2.6919  time: 0.4387  data: 0.3670  max mem: 2671
      TTA Epoch: [17] [77/78]  eta: 0:00:00  lr: 0.000085  entropy: 0.0199  loss: 2.6957  time: 0.0317  data: 0.0001  max mem: 2671
      TTA Epoch: [17] Total time: 0:00:03 (0.0401 s / it)
     Averaged stats: lr: 0.0001  entropy: 0.0221  loss: 2.6969
     Computing matching score
      Evaluation: [   0/1978]  eta: 0:01:26    time: 0.0438  data: 0.0034  max mem: 2671
      Evaluation: [ 100/1978]  eta: 0:01:15    time: 0.0403  data: 0.0000  max mem: 2671
      Evaluation: [ 200/1978]  eta: 0:01:12    time: 0.0422  data: 0.0000  max mem: 2671
      Evaluation: [ 300/1978]  eta: 0:01:10    time: 0.0434  data: 0.0000  max mem: 2671
      Evaluation: [ 400/1978]  eta: 0:01:06    time: 0.0443  data: 0.0000  max mem: 2671
      Evaluation: [ 500/1978]  eta: 0:01:03    time: 0.0429  data: 0.0000  max mem: 2671
      Evaluation: [ 600/1978]  eta: 0:00:59    time: 0.0438  data: 0.0000  max mem: 2671
      Evaluation: [ 700/1978]  eta: 0:00:54    time: 0.0458  data: 0.0000  max mem: 2671
      Evaluation: [ 800/1978]  eta: 0:00:50    time: 0.0442  data: 0.0000  max mem: 2671
      Evaluation: [ 900/1978]  eta: 0:00:46    time: 0.0476  data: 0.0000  max mem: 2671
      Evaluation: [1000/1978]  eta: 0:00:42    time: 0.0416  data: 0.0000  max mem: 2671
      Evaluation: [1100/1978]  eta: 0:00:38    time: 0.0414  data: 0.0000  max mem: 2671
      Evaluation: [1200/1978]  eta: 0:00:33    time: 0.0416  data: 0.0000  max mem: 2671
      Evaluation: [1300/1978]  eta: 0:00:29    time: 0.0417  data: 0.0000  max mem: 2671
      Evaluation: [1400/1978]  eta: 0:00:24    time: 0.0414  data: 0.0000  max mem: 2671
      Evaluation: [1500/1978]  eta: 0:00:20    time: 0.0417  data: 0.0000  max mem: 2671
      Evaluation: [1600/1978]  eta: 0:00:16    time: 0.0416  data: 0.0000  max mem: 2671
      Evaluation: [1700/1978]  eta: 0:00:11    time: 0.0405  data: 0.0000  max mem: 2671
      Evaluation: [1800/1978]  eta: 0:00:07    time: 0.0435  data: 0.0000  max mem: 2671
      Evaluation: [1900/1978]  eta: 0:00:03    time: 0.0423  data: 0.0000  max mem: 2671
      Evaluation: [1977/1978]  eta: 0:00:00    time: 0.0431  data: 0.0000  max mem: 2671
      Evaluation: Total time: 0:01:24 (0.0428 s / it)
     Computing matching score time 0:01:24
### TTA ITM Score: 
+-------+--------+--------+--------+--------+--------+
| epoch |   R1   |   R5   |  R10   |  mAP   |  mINP  |
+-------+--------+--------+--------+--------+--------+
|  -999 | 69.414 | 95.197 | 97.776 | 81.233 | 81.233 |
|  -999 | 84.277 | 99.039 | 99.596 | 91.276 | 91.276 |
|   0   | 84.479 | 98.584 | 99.191 | 91.221 | 91.221 |
|   1   | 84.378 | 98.888 | 99.343 | 91.220 | 91.220 |
|   2   | 85.592 | 98.989 | 99.444 | 91.912 | 91.912 |
|   3   | 85.035 | 98.938 | 99.444 | 91.494 | 91.494 |
|   4   | 84.783 | 98.888 | 99.444 | 91.409 | 91.409 |
|   5   | 84.681 | 98.686 | 99.393 | 91.296 | 91.296 |
|   6   | 85.035 | 98.837 | 99.494 | 91.484 | 91.484 |
|   7   | 84.934 | 98.635 | 99.444 | 91.389 | 91.389 |
|   8   | 84.985 | 98.686 | 99.292 | 91.425 | 91.425 |
|   9   | 85.035 | 98.635 | 99.292 | 91.421 | 91.421 |
|   10  | 85.137 | 98.736 | 99.393 | 91.501 | 91.501 |
|   11  | 84.985 | 98.686 | 99.393 | 91.419 | 91.419 |
|   12  | 85.035 | 98.686 | 99.393 | 91.443 | 91.443 |
|   13  | 85.137 | 98.686 | 99.343 | 91.504 | 91.504 |
|   14  | 85.035 | 98.635 | 99.393 | 91.438 | 91.438 |
|   15  | 85.035 | 98.635 | 99.343 | 91.437 | 91.437 |
|   16  | 85.137 | 98.635 | 99.393 | 91.492 | 91.492 |
|   17  | 85.035 | 98.635 | 99.343 | 91.433 | 91.433 |
+-------+--------+--------+--------+--------+--------+
     logs:  {'epo': 17, 'R1': np.float32(85.035), 'R5': np.float32(98.635), 'R10': np.float32(99.343), 'mAP': np.float32(91.433), 'mINP': np.float32(91.433), 'lr': 8.9e-05, 'entropy': 0.022075, 'loss': 2.696947}
      TTA Epoch: [18] [ 0/78]  eta: 0:00:39  lr: 0.000085  entropy: 0.0073  loss: 2.6917  time: 0.5019  data: 0.4442  max mem: 2671
      TTA Epoch: [18] [77/78]  eta: 0:00:00  lr: 0.000078  entropy: 0.0430  loss: 2.7050  time: 0.0521  data: 0.0148  max mem: 2671
      TTA Epoch: [18] Total time: 0:00:03 (0.0468 s / it)
     Averaged stats: lr: 0.0001  entropy: 0.0236  loss: 2.6975
     Computing matching score
      Evaluation: [   0/1978]  eta: 0:01:32    time: 0.0468  data: 0.0032  max mem: 2671
      Evaluation: [ 100/1978]  eta: 0:01:21    time: 0.0421  data: 0.0000  max mem: 2671
      Evaluation: [ 200/1978]  eta: 0:01:18    time: 0.0496  data: 0.0000  max mem: 2671
      Evaluation: [ 300/1978]  eta: 0:01:13    time: 0.0453  data: 0.0000  max mem: 2671
      Evaluation: [ 400/1978]  eta: 0:01:08    time: 0.0404  data: 0.0000  max mem: 2671
      Evaluation: [ 500/1978]  eta: 0:01:02    time: 0.0404  data: 0.0000  max mem: 2671
      Evaluation: [ 600/1978]  eta: 0:00:58    time: 0.0402  data: 0.0000  max mem: 2671
      Evaluation: [ 700/1978]  eta: 0:00:53    time: 0.0407  data: 0.0000  max mem: 2671
      Evaluation: [ 800/1978]  eta: 0:00:49    time: 0.0407  data: 0.0000  max mem: 2671
      Evaluation: [ 900/1978]  eta: 0:00:44    time: 0.0407  data: 0.0000  max mem: 2671
      Evaluation: [1000/1978]  eta: 0:00:40    time: 0.0405  data: 0.0000  max mem: 2671
      Evaluation: [1100/1978]  eta: 0:00:36    time: 0.0444  data: 0.0000  max mem: 2671
      Evaluation: [1200/1978]  eta: 0:00:32    time: 0.0426  data: 0.0000  max mem: 2671
      Evaluation: [1300/1978]  eta: 0:00:28    time: 0.0423  data: 0.0000  max mem: 2671
      Evaluation: [1400/1978]  eta: 0:00:24    time: 0.0431  data: 0.0000  max mem: 2671
      Evaluation: [1500/1978]  eta: 0:00:19    time: 0.0425  data: 0.0000  max mem: 2671
      Evaluation: [1600/1978]  eta: 0:00:15    time: 0.0427  data: 0.0000  max mem: 2671
      Evaluation: [1700/1978]  eta: 0:00:11    time: 0.0436  data: 0.0000  max mem: 2671
      Evaluation: [1800/1978]  eta: 0:00:07    time: 0.0440  data: 0.0000  max mem: 2671
      Evaluation: [1900/1978]  eta: 0:00:03    time: 0.0410  data: 0.0000  max mem: 2671
      Evaluation: [1977/1978]  eta: 0:00:00    time: 0.0410  data: 0.0000  max mem: 2671
      Evaluation: Total time: 0:01:23 (0.0420 s / it)
     Computing matching score time 0:01:23
### TTA ITM Score: 
+-------+--------+--------+--------+--------+--------+
| epoch |   R1   |   R5   |  R10   |  mAP   |  mINP  |
+-------+--------+--------+--------+--------+--------+
|  -999 | 69.414 | 95.197 | 97.776 | 81.233 | 81.233 |
|  -999 | 84.277 | 99.039 | 99.596 | 91.276 | 91.276 |
|   0   | 84.479 | 98.584 | 99.191 | 91.221 | 91.221 |
|   1   | 84.378 | 98.888 | 99.343 | 91.220 | 91.220 |
|   2   | 85.592 | 98.989 | 99.444 | 91.912 | 91.912 |
|   3   | 85.035 | 98.938 | 99.444 | 91.494 | 91.494 |
|   4   | 84.783 | 98.888 | 99.444 | 91.409 | 91.409 |
|   5   | 84.681 | 98.686 | 99.393 | 91.296 | 91.296 |
|   6   | 85.035 | 98.837 | 99.494 | 91.484 | 91.484 |
|   7   | 84.934 | 98.635 | 99.444 | 91.389 | 91.389 |
|   8   | 84.985 | 98.686 | 99.292 | 91.425 | 91.425 |
|   9   | 85.035 | 98.635 | 99.292 | 91.421 | 91.421 |
|   10  | 85.137 | 98.736 | 99.393 | 91.501 | 91.501 |
|   11  | 84.985 | 98.686 | 99.393 | 91.419 | 91.419 |
|   12  | 85.035 | 98.686 | 99.393 | 91.443 | 91.443 |
|   13  | 85.137 | 98.686 | 99.343 | 91.504 | 91.504 |
|   14  | 85.035 | 98.635 | 99.393 | 91.438 | 91.438 |
|   15  | 85.035 | 98.635 | 99.343 | 91.437 | 91.437 |
|   16  | 85.137 | 98.635 | 99.393 | 91.492 | 91.492 |
|   17  | 85.035 | 98.635 | 99.343 | 91.433 | 91.433 |
|   18  | 85.086 | 98.635 | 99.292 | 91.461 | 91.461 |
+-------+--------+--------+--------+--------+--------+
     logs:  {'epo': 18, 'R1': np.float32(85.086), 'R5': np.float32(98.635), 'R10': np.float32(99.292), 'mAP': np.float32(91.461), 'mINP': np.float32(91.461), 'lr': 8.2e-05, 'entropy': 0.023583, 'loss': 2.697511}
      TTA Epoch: [19] [ 0/78]  eta: 0:00:33  lr: 0.000078  entropy: 0.0096  loss: 2.6923  time: 0.4235  data: 0.3657  max mem: 2671
      TTA Epoch: [19] [77/78]  eta: 0:00:00  lr: 0.000071  entropy: 0.0514  loss: 2.7076  time: 0.0381  data: 0.0052  max mem: 2671
      TTA Epoch: [19] Total time: 0:00:03 (0.0437 s / it)
     Averaged stats: lr: 0.0001  entropy: 0.0207  loss: 2.6965
     Computing matching score
      Evaluation: [   0/1978]  eta: 0:01:24    time: 0.0427  data: 0.0023  max mem: 2671
      Evaluation: [ 100/1978]  eta: 0:01:15    time: 0.0403  data: 0.0000  max mem: 2671
      Evaluation: [ 200/1978]  eta: 0:01:11    time: 0.0403  data: 0.0000  max mem: 2671
      Evaluation: [ 300/1978]  eta: 0:01:07    time: 0.0402  data: 0.0000  max mem: 2671
      Evaluation: [ 400/1978]  eta: 0:01:03    time: 0.0400  data: 0.0000  max mem: 2671
      Evaluation: [ 500/1978]  eta: 0:00:59    time: 0.0409  data: 0.0000  max mem: 2671
      Evaluation: [ 600/1978]  eta: 0:00:56    time: 0.0424  data: 0.0000  max mem: 2671
      Evaluation: [ 700/1978]  eta: 0:00:52    time: 0.0419  data: 0.0000  max mem: 2671
      Evaluation: [ 800/1978]  eta: 0:00:48    time: 0.0426  data: 0.0000  max mem: 2671
      Evaluation: [ 900/1978]  eta: 0:00:44    time: 0.0437  data: 0.0000  max mem: 2671
      Evaluation: [1000/1978]  eta: 0:00:40    time: 0.0419  data: 0.0000  max mem: 2671
      Evaluation: [1100/1978]  eta: 0:00:36    time: 0.0446  data: 0.0000  max mem: 2671
      Evaluation: [1200/1978]  eta: 0:00:32    time: 0.0407  data: 0.0000  max mem: 2671
      Evaluation: [1300/1978]  eta: 0:00:28    time: 0.0406  data: 0.0000  max mem: 2671
      Evaluation: [1400/1978]  eta: 0:00:24    time: 0.0405  data: 0.0000  max mem: 2671
      Evaluation: [1500/1978]  eta: 0:00:19    time: 0.0407  data: 0.0000  max mem: 2671
      Evaluation: [1600/1978]  eta: 0:00:15    time: 0.0400  data: 0.0000  max mem: 2671
      Evaluation: [1700/1978]  eta: 0:00:11    time: 0.0403  data: 0.0000  max mem: 2671
      Evaluation: [1800/1978]  eta: 0:00:07    time: 0.0404  data: 0.0000  max mem: 2671
      Evaluation: [1900/1978]  eta: 0:00:03    time: 0.0402  data: 0.0000  max mem: 2671
      Evaluation: [1977/1978]  eta: 0:00:00    time: 0.0460  data: 0.0000  max mem: 2671
      Evaluation: Total time: 0:01:21 (0.0413 s / it)
     Computing matching score time 0:01:21
### TTA ITM Score: 
+-------+--------+--------+--------+--------+--------+
| epoch |   R1   |   R5   |  R10   |  mAP   |  mINP  |
+-------+--------+--------+--------+--------+--------+
|  -999 | 69.414 | 95.197 | 97.776 | 81.233 | 81.233 |
|  -999 | 84.277 | 99.039 | 99.596 | 91.276 | 91.276 |
|   0   | 84.479 | 98.584 | 99.191 | 91.221 | 91.221 |
|   1   | 84.378 | 98.888 | 99.343 | 91.220 | 91.220 |
|   2   | 85.592 | 98.989 | 99.444 | 91.912 | 91.912 |
|   3   | 85.035 | 98.938 | 99.444 | 91.494 | 91.494 |
|   4   | 84.783 | 98.888 | 99.444 | 91.409 | 91.409 |
|   5   | 84.681 | 98.686 | 99.393 | 91.296 | 91.296 |
|   6   | 85.035 | 98.837 | 99.494 | 91.484 | 91.484 |
|   7   | 84.934 | 98.635 | 99.444 | 91.389 | 91.389 |
|   8   | 84.985 | 98.686 | 99.292 | 91.425 | 91.425 |
|   9   | 85.035 | 98.635 | 99.292 | 91.421 | 91.421 |
|   10  | 85.137 | 98.736 | 99.393 | 91.501 | 91.501 |
|   11  | 84.985 | 98.686 | 99.393 | 91.419 | 91.419 |
|   12  | 85.035 | 98.686 | 99.393 | 91.443 | 91.443 |
|   13  | 85.137 | 98.686 | 99.343 | 91.504 | 91.504 |
|   14  | 85.035 | 98.635 | 99.393 | 91.438 | 91.438 |
|   15  | 85.035 | 98.635 | 99.343 | 91.437 | 91.437 |
|   16  | 85.137 | 98.635 | 99.393 | 91.492 | 91.492 |
|   17  | 85.035 | 98.635 | 99.343 | 91.433 | 91.433 |
|   18  | 85.086 | 98.635 | 99.292 | 91.461 | 91.461 |
|   19  | 84.934 | 98.635 | 99.343 | 91.374 | 91.374 |
+-------+--------+--------+--------+--------+--------+
     logs:  {'epo': 19, 'R1': np.float32(84.934), 'R5': np.float32(98.635), 'R10': np.float32(99.343), 'mAP': np.float32(91.374), 'mINP': np.float32(91.374), 'lr': 7.5e-05, 'entropy': 0.020735, 'loss': 2.696453}
      TTA Epoch: [20] [ 0/78]  eta: 0:00:42  lr: 0.000071  entropy: 0.0067  loss: 2.6903  time: 0.5404  data: 0.4551  max mem: 2671
      TTA Epoch: [20] [77/78]  eta: 0:00:00  lr: 0.000064  entropy: 0.0002  loss: 2.6889  time: 0.0429  data: 0.0034  max mem: 2671
      TTA Epoch: [20] Total time: 0:00:04 (0.0525 s / it)
     Averaged stats: lr: 0.0001  entropy: 0.0193  loss: 2.6959
     Computing matching score
      Evaluation: [   0/1978]  eta: 0:01:31    time: 0.0461  data: 0.0034  max mem: 2671
      Evaluation: [ 100/1978]  eta: 0:01:20    time: 0.0430  data: 0.0000  max mem: 2671
      Evaluation: [ 200/1978]  eta: 0:01:15    time: 0.0415  data: 0.0000  max mem: 2671
      Evaluation: [ 300/1978]  eta: 0:01:11    time: 0.0419  data: 0.0000  max mem: 2671
      Evaluation: [ 400/1978]  eta: 0:01:07    time: 0.0436  data: 0.0000  max mem: 2671
      Evaluation: [ 500/1978]  eta: 0:01:03    time: 0.0443  data: 0.0000  max mem: 2671
      Evaluation: [ 600/1978]  eta: 0:00:59    time: 0.0458  data: 0.0000  max mem: 2671
      Evaluation: [ 700/1978]  eta: 0:00:54    time: 0.0409  data: 0.0000  max mem: 2671
      Evaluation: [ 800/1978]  eta: 0:00:50    time: 0.0405  data: 0.0000  max mem: 2671
      Evaluation: [ 900/1978]  eta: 0:00:45    time: 0.0406  data: 0.0000  max mem: 2671
      Evaluation: [1000/1978]  eta: 0:00:41    time: 0.0402  data: 0.0000  max mem: 2671
      Evaluation: [1100/1978]  eta: 0:00:36    time: 0.0407  data: 0.0000  max mem: 2671
      Evaluation: [1200/1978]  eta: 0:00:32    time: 0.0404  data: 0.0000  max mem: 2671
      Evaluation: [1300/1978]  eta: 0:00:28    time: 0.0407  data: 0.0000  max mem: 2671
      Evaluation: [1400/1978]  eta: 0:00:24    time: 0.0428  data: 0.0000  max mem: 2671
      Evaluation: [1500/1978]  eta: 0:00:19    time: 0.0421  data: 0.0000  max mem: 2671
      Evaluation: [1600/1978]  eta: 0:00:15    time: 0.0422  data: 0.0000  max mem: 2671
      Evaluation: [1700/1978]  eta: 0:00:11    time: 0.0429  data: 0.0000  max mem: 2671
      Evaluation: [1800/1978]  eta: 0:00:07    time: 0.0433  data: 0.0000  max mem: 2671
      Evaluation: [1900/1978]  eta: 0:00:03    time: 0.0428  data: 0.0000  max mem: 2671
      Evaluation: [1977/1978]  eta: 0:00:00    time: 0.0434  data: 0.0000  max mem: 2671
      Evaluation: Total time: 0:01:23 (0.0420 s / it)
     Computing matching score time 0:01:23
### TTA ITM Score: 
+-------+--------+--------+--------+--------+--------+
| epoch |   R1   |   R5   |  R10   |  mAP   |  mINP  |
+-------+--------+--------+--------+--------+--------+
|  -999 | 69.414 | 95.197 | 97.776 | 81.233 | 81.233 |
|  -999 | 84.277 | 99.039 | 99.596 | 91.276 | 91.276 |
|   0   | 84.479 | 98.584 | 99.191 | 91.221 | 91.221 |
|   1   | 84.378 | 98.888 | 99.343 | 91.220 | 91.220 |
|   2   | 85.592 | 98.989 | 99.444 | 91.912 | 91.912 |
|   3   | 85.035 | 98.938 | 99.444 | 91.494 | 91.494 |
|   4   | 84.783 | 98.888 | 99.444 | 91.409 | 91.409 |
|   5   | 84.681 | 98.686 | 99.393 | 91.296 | 91.296 |
|   6   | 85.035 | 98.837 | 99.494 | 91.484 | 91.484 |
|   7   | 84.934 | 98.635 | 99.444 | 91.389 | 91.389 |
|   8   | 84.985 | 98.686 | 99.292 | 91.425 | 91.425 |
|   9   | 85.035 | 98.635 | 99.292 | 91.421 | 91.421 |
|   10  | 85.137 | 98.736 | 99.393 | 91.501 | 91.501 |
|   11  | 84.985 | 98.686 | 99.393 | 91.419 | 91.419 |
|   12  | 85.035 | 98.686 | 99.393 | 91.443 | 91.443 |
|   13  | 85.137 | 98.686 | 99.343 | 91.504 | 91.504 |
|   14  | 85.035 | 98.635 | 99.393 | 91.438 | 91.438 |
|   15  | 85.035 | 98.635 | 99.343 | 91.437 | 91.437 |
|   16  | 85.137 | 98.635 | 99.393 | 91.492 | 91.492 |
|   17  | 85.035 | 98.635 | 99.343 | 91.433 | 91.433 |
|   18  | 85.086 | 98.635 | 99.292 | 91.461 | 91.461 |
|   19  | 84.934 | 98.635 | 99.343 | 91.374 | 91.374 |
|   20  | 84.934 | 98.635 | 99.343 | 91.364 | 91.364 |
+-------+--------+--------+--------+--------+--------+
     logs:  {'epo': 20, 'R1': np.float32(84.934), 'R5': np.float32(98.635), 'R10': np.float32(99.343), 'mAP': np.float32(91.364), 'mINP': np.float32(91.364), 'lr': 6.8e-05, 'entropy': 0.019348, 'loss': 2.695936}
      TTA Epoch: [21] [ 0/78]  eta: 0:00:45  lr: 0.000064  entropy: 0.0054  loss: 2.6906  time: 0.5787  data: 0.5205  max mem: 2671
      TTA Epoch: [21] [77/78]  eta: 0:00:00  lr: 0.000058  entropy: 0.0424  loss: 2.7042  time: 0.0485  data: 0.0115  max mem: 2671
      TTA Epoch: [21] Total time: 0:00:04 (0.0560 s / it)
     Averaged stats: lr: 0.0001  entropy: 0.0199  loss: 2.6962
     Computing matching score
      Evaluation: [   0/1978]  eta: 0:01:29    time: 0.0454  data: 0.0036  max mem: 2671
      Evaluation: [ 100/1978]  eta: 0:01:18    time: 0.0420  data: 0.0000  max mem: 2671
      Evaluation: [ 200/1978]  eta: 0:01:14    time: 0.0413  data: 0.0000  max mem: 2671
      Evaluation: [ 300/1978]  eta: 0:01:09    time: 0.0416  data: 0.0000  max mem: 2671
      Evaluation: [ 400/1978]  eta: 0:01:05    time: 0.0407  data: 0.0000  max mem: 2671
      Evaluation: [ 500/1978]  eta: 0:01:00    time: 0.0408  data: 0.0000  max mem: 2671
      Evaluation: [ 600/1978]  eta: 0:00:56    time: 0.0409  data: 0.0000  max mem: 2671
      Evaluation: [ 700/1978]  eta: 0:00:52    time: 0.0408  data: 0.0000  max mem: 2671
      Evaluation: [ 800/1978]  eta: 0:00:48    time: 0.0407  data: 0.0000  max mem: 2671
      Evaluation: [ 900/1978]  eta: 0:00:44    time: 0.0404  data: 0.0000  max mem: 2671
      Evaluation: [1000/1978]  eta: 0:00:40    time: 0.0444  data: 0.0000  max mem: 2671
      Evaluation: [1100/1978]  eta: 0:00:36    time: 0.0431  data: 0.0000  max mem: 2671
      Evaluation: [1200/1978]  eta: 0:00:32    time: 0.0425  data: 0.0000  max mem: 2671
      Evaluation: [1300/1978]  eta: 0:00:28    time: 0.0418  data: 0.0000  max mem: 2671
      Evaluation: [1400/1978]  eta: 0:00:24    time: 0.0439  data: 0.0000  max mem: 2671
      Evaluation: [1500/1978]  eta: 0:00:19    time: 0.0436  data: 0.0000  max mem: 2671
      Evaluation: [1600/1978]  eta: 0:00:15    time: 0.0425  data: 0.0000  max mem: 2671
      Evaluation: [1700/1978]  eta: 0:00:11    time: 0.0462  data: 0.0000  max mem: 2671
      Evaluation: [1800/1978]  eta: 0:00:07    time: 0.0411  data: 0.0000  max mem: 2671
      Evaluation: [1900/1978]  eta: 0:00:03    time: 0.0410  data: 0.0000  max mem: 2671
      Evaluation: [1977/1978]  eta: 0:00:00    time: 0.0406  data: 0.0000  max mem: 2671
      Evaluation: Total time: 0:01:23 (0.0420 s / it)
     Computing matching score time 0:01:23
### TTA ITM Score: 
+-------+--------+--------+--------+--------+--------+
| epoch |   R1   |   R5   |  R10   |  mAP   |  mINP  |
+-------+--------+--------+--------+--------+--------+
|  -999 | 69.414 | 95.197 | 97.776 | 81.233 | 81.233 |
|  -999 | 84.277 | 99.039 | 99.596 | 91.276 | 91.276 |
|   0   | 84.479 | 98.584 | 99.191 | 91.221 | 91.221 |
|   1   | 84.378 | 98.888 | 99.343 | 91.220 | 91.220 |
|   2   | 85.592 | 98.989 | 99.444 | 91.912 | 91.912 |
|   3   | 85.035 | 98.938 | 99.444 | 91.494 | 91.494 |
|   4   | 84.783 | 98.888 | 99.444 | 91.409 | 91.409 |
|   5   | 84.681 | 98.686 | 99.393 | 91.296 | 91.296 |
|   6   | 85.035 | 98.837 | 99.494 | 91.484 | 91.484 |
|   7   | 84.934 | 98.635 | 99.444 | 91.389 | 91.389 |
|   8   | 84.985 | 98.686 | 99.292 | 91.425 | 91.425 |
|   9   | 85.035 | 98.635 | 99.292 | 91.421 | 91.421 |
|   10  | 85.137 | 98.736 | 99.393 | 91.501 | 91.501 |
|   11  | 84.985 | 98.686 | 99.393 | 91.419 | 91.419 |
|   12  | 85.035 | 98.686 | 99.393 | 91.443 | 91.443 |
|   13  | 85.137 | 98.686 | 99.343 | 91.504 | 91.504 |
|   14  | 85.035 | 98.635 | 99.393 | 91.438 | 91.438 |
|   15  | 85.035 | 98.635 | 99.343 | 91.437 | 91.437 |
|   16  | 85.137 | 98.635 | 99.393 | 91.492 | 91.492 |
|   17  | 85.035 | 98.635 | 99.343 | 91.433 | 91.433 |
|   18  | 85.086 | 98.635 | 99.292 | 91.461 | 91.461 |
|   19  | 84.934 | 98.635 | 99.343 | 91.374 | 91.374 |
|   20  | 84.934 | 98.635 | 99.343 | 91.364 | 91.364 |
|   21  | 84.934 | 98.635 | 99.343 | 91.370 | 91.370 |
+-------+--------+--------+--------+--------+--------+
     logs:  {'epo': 21, 'R1': np.float32(84.934), 'R5': np.float32(98.635), 'R10': np.float32(99.343), 'mAP': np.float32(91.37), 'mINP': np.float32(91.37), 'lr': 6.1e-05, 'entropy': 0.019945, 'loss': 2.696153}
      TTA Epoch: [22] [ 0/78]  eta: 0:00:35  lr: 0.000058  entropy: 0.0147  loss: 2.6946  time: 0.4504  data: 0.3880  max mem: 2671
      TTA Epoch: [22] [77/78]  eta: 0:00:00  lr: 0.000051  entropy: 0.0050  loss: 2.6907  time: 0.0388  data: 0.0053  max mem: 2671
      TTA Epoch: [22] Total time: 0:00:03 (0.0454 s / it)
     Averaged stats: lr: 0.0001  entropy: 0.0170  loss: 2.6951
     Computing matching score
      Evaluation: [   0/1978]  eta: 0:01:25    time: 0.0433  data: 0.0023  max mem: 2671
      Evaluation: [ 100/1978]  eta: 0:01:18    time: 0.0415  data: 0.0000  max mem: 2671
      Evaluation: [ 200/1978]  eta: 0:01:13    time: 0.0412  data: 0.0000  max mem: 2671
      Evaluation: [ 300/1978]  eta: 0:01:09    time: 0.0410  data: 0.0000  max mem: 2671
      Evaluation: [ 400/1978]  eta: 0:01:05    time: 0.0407  data: 0.0000  max mem: 2671
      Evaluation: [ 500/1978]  eta: 0:01:01    time: 0.0440  data: 0.0000  max mem: 2671
      Evaluation: [ 600/1978]  eta: 0:00:58    time: 0.0444  data: 0.0000  max mem: 2671
      Evaluation: [ 700/1978]  eta: 0:00:54    time: 0.0437  data: 0.0000  max mem: 2671
      Evaluation: [ 800/1978]  eta: 0:00:50    time: 0.0448  data: 0.0000  max mem: 2671
      Evaluation: [ 900/1978]  eta: 0:00:45    time: 0.0427  data: 0.0000  max mem: 2671
      Evaluation: [1000/1978]  eta: 0:00:41    time: 0.0437  data: 0.0000  max mem: 2671
      Evaluation: [1100/1978]  eta: 0:00:37    time: 0.0466  data: 0.0000  max mem: 2671
      Evaluation: [1200/1978]  eta: 0:00:33    time: 0.0412  data: 0.0000  max mem: 2671
      Evaluation: [1300/1978]  eta: 0:00:29    time: 0.0411  data: 0.0000  max mem: 2671
      Evaluation: [1400/1978]  eta: 0:00:24    time: 0.0410  data: 0.0000  max mem: 2671
      Evaluation: [1500/1978]  eta: 0:00:20    time: 0.0406  data: 0.0000  max mem: 2671
      Evaluation: [1600/1978]  eta: 0:00:16    time: 0.0413  data: 0.0000  max mem: 2671
      Evaluation: [1700/1978]  eta: 0:00:11    time: 0.0407  data: 0.0000  max mem: 2671
      Evaluation: [1800/1978]  eta: 0:00:07    time: 0.0408  data: 0.0000  max mem: 2671
      Evaluation: [1900/1978]  eta: 0:00:03    time: 0.0417  data: 0.0000  max mem: 2671
      Evaluation: [1977/1978]  eta: 0:00:00    time: 0.0445  data: 0.0000  max mem: 2671
      Evaluation: Total time: 0:01:23 (0.0424 s / it)
     Computing matching score time 0:01:24
### TTA ITM Score: 
+-------+--------+--------+--------+--------+--------+
| epoch |   R1   |   R5   |  R10   |  mAP   |  mINP  |
+-------+--------+--------+--------+--------+--------+
|  -999 | 69.414 | 95.197 | 97.776 | 81.233 | 81.233 |
|  -999 | 84.277 | 99.039 | 99.596 | 91.276 | 91.276 |
|   0   | 84.479 | 98.584 | 99.191 | 91.221 | 91.221 |
|   1   | 84.378 | 98.888 | 99.343 | 91.220 | 91.220 |
|   2   | 85.592 | 98.989 | 99.444 | 91.912 | 91.912 |
|   3   | 85.035 | 98.938 | 99.444 | 91.494 | 91.494 |
|   4   | 84.783 | 98.888 | 99.444 | 91.409 | 91.409 |
|   5   | 84.681 | 98.686 | 99.393 | 91.296 | 91.296 |
|   6   | 85.035 | 98.837 | 99.494 | 91.484 | 91.484 |
|   7   | 84.934 | 98.635 | 99.444 | 91.389 | 91.389 |
|   8   | 84.985 | 98.686 | 99.292 | 91.425 | 91.425 |
|   9   | 85.035 | 98.635 | 99.292 | 91.421 | 91.421 |
|   10  | 85.137 | 98.736 | 99.393 | 91.501 | 91.501 |
|   11  | 84.985 | 98.686 | 99.393 | 91.419 | 91.419 |
|   12  | 85.035 | 98.686 | 99.393 | 91.443 | 91.443 |
|   13  | 85.137 | 98.686 | 99.343 | 91.504 | 91.504 |
|   14  | 85.035 | 98.635 | 99.393 | 91.438 | 91.438 |
|   15  | 85.035 | 98.635 | 99.343 | 91.437 | 91.437 |
|   16  | 85.137 | 98.635 | 99.393 | 91.492 | 91.492 |
|   17  | 85.035 | 98.635 | 99.343 | 91.433 | 91.433 |
|   18  | 85.086 | 98.635 | 99.292 | 91.461 | 91.461 |
|   19  | 84.934 | 98.635 | 99.343 | 91.374 | 91.374 |
|   20  | 84.934 | 98.635 | 99.343 | 91.364 | 91.364 |
|   21  | 84.934 | 98.635 | 99.343 | 91.370 | 91.370 |
|   22  | 84.985 | 98.686 | 99.343 | 91.407 | 91.407 |
+-------+--------+--------+--------+--------+--------+
     logs:  {'epo': 22, 'R1': np.float32(84.985), 'R5': np.float32(98.686), 'R10': np.float32(99.343), 'mAP': np.float32(91.407), 'mINP': np.float32(91.407), 'lr': 5.4e-05, 'entropy': 0.01698, 'loss': 2.695057}
      TTA Epoch: [23] [ 0/78]  eta: 0:00:43  lr: 0.000051  entropy: 0.0003  loss: 2.6890  time: 0.5539  data: 0.4875  max mem: 2671
      TTA Epoch: [23] [77/78]  eta: 0:00:00  lr: 0.000044  entropy: 0.0011  loss: 2.6899  time: 0.0357  data: 0.0001  max mem: 2671
      TTA Epoch: [23] Total time: 0:00:03 (0.0458 s / it)
     Averaged stats: lr: 0.0000  entropy: 0.0175  loss: 2.6953
     Computing matching score
      Evaluation: [   0/1978]  eta: 0:01:28    time: 0.0447  data: 0.0025  max mem: 2671
      Evaluation: [ 100/1978]  eta: 0:01:21    time: 0.0422  data: 0.0000  max mem: 2671
      Evaluation: [ 200/1978]  eta: 0:01:16    time: 0.0414  data: 0.0000  max mem: 2671
      Evaluation: [ 300/1978]  eta: 0:01:12    time: 0.0444  data: 0.0000  max mem: 2671
      Evaluation: [ 400/1978]  eta: 0:01:08    time: 0.0434  data: 0.0000  max mem: 2671
      Evaluation: [ 500/1978]  eta: 0:01:04    time: 0.0445  data: 0.0000  max mem: 2671
      Evaluation: [ 600/1978]  eta: 0:00:59    time: 0.0404  data: 0.0000  max mem: 2671
      Evaluation: [ 700/1978]  eta: 0:00:54    time: 0.0404  data: 0.0000  max mem: 2671
      Evaluation: [ 800/1978]  eta: 0:00:50    time: 0.0407  data: 0.0000  max mem: 2671
      Evaluation: [ 900/1978]  eta: 0:00:45    time: 0.0404  data: 0.0000  max mem: 2671
      Evaluation: [1000/1978]  eta: 0:00:41    time: 0.0403  data: 0.0000  max mem: 2671
      Evaluation: [1100/1978]  eta: 0:00:36    time: 0.0413  data: 0.0000  max mem: 2671
      Evaluation: [1200/1978]  eta: 0:00:32    time: 0.0411  data: 0.0000  max mem: 2671
      Evaluation: [1300/1978]  eta: 0:00:28    time: 0.0405  data: 0.0000  max mem: 2671
      Evaluation: [1400/1978]  eta: 0:00:24    time: 0.0423  data: 0.0000  max mem: 2671
      Evaluation: [1500/1978]  eta: 0:00:20    time: 0.0427  data: 0.0000  max mem: 2671
      Evaluation: [1600/1978]  eta: 0:00:15    time: 0.0429  data: 0.0000  max mem: 2671
      Evaluation: [1700/1978]  eta: 0:00:11    time: 0.0430  data: 0.0000  max mem: 2671
      Evaluation: [1800/1978]  eta: 0:00:07    time: 0.0439  data: 0.0000  max mem: 2671
      Evaluation: [1900/1978]  eta: 0:00:03    time: 0.0455  data: 0.0000  max mem: 2671
      Evaluation: [1977/1978]  eta: 0:00:00    time: 0.0460  data: 0.0000  max mem: 2671
      Evaluation: Total time: 0:01:23 (0.0424 s / it)
     Computing matching score time 0:01:24
### TTA ITM Score: 
+-------+--------+--------+--------+--------+--------+
| epoch |   R1   |   R5   |  R10   |  mAP   |  mINP  |
+-------+--------+--------+--------+--------+--------+
|  -999 | 69.414 | 95.197 | 97.776 | 81.233 | 81.233 |
|  -999 | 84.277 | 99.039 | 99.596 | 91.276 | 91.276 |
|   0   | 84.479 | 98.584 | 99.191 | 91.221 | 91.221 |
|   1   | 84.378 | 98.888 | 99.343 | 91.220 | 91.220 |
|   2   | 85.592 | 98.989 | 99.444 | 91.912 | 91.912 |
|   3   | 85.035 | 98.938 | 99.444 | 91.494 | 91.494 |
|   4   | 84.783 | 98.888 | 99.444 | 91.409 | 91.409 |
|   5   | 84.681 | 98.686 | 99.393 | 91.296 | 91.296 |
|   6   | 85.035 | 98.837 | 99.494 | 91.484 | 91.484 |
|   7   | 84.934 | 98.635 | 99.444 | 91.389 | 91.389 |
|   8   | 84.985 | 98.686 | 99.292 | 91.425 | 91.425 |
|   9   | 85.035 | 98.635 | 99.292 | 91.421 | 91.421 |
|   10  | 85.137 | 98.736 | 99.393 | 91.501 | 91.501 |
|   11  | 84.985 | 98.686 | 99.393 | 91.419 | 91.419 |
|   12  | 85.035 | 98.686 | 99.393 | 91.443 | 91.443 |
|   13  | 85.137 | 98.686 | 99.343 | 91.504 | 91.504 |
|   14  | 85.035 | 98.635 | 99.393 | 91.438 | 91.438 |
|   15  | 85.035 | 98.635 | 99.343 | 91.437 | 91.437 |
|   16  | 85.137 | 98.635 | 99.393 | 91.492 | 91.492 |
|   17  | 85.035 | 98.635 | 99.343 | 91.433 | 91.433 |
|   18  | 85.086 | 98.635 | 99.292 | 91.461 | 91.461 |
|   19  | 84.934 | 98.635 | 99.343 | 91.374 | 91.374 |
|   20  | 84.934 | 98.635 | 99.343 | 91.364 | 91.364 |
|   21  | 84.934 | 98.635 | 99.343 | 91.370 | 91.370 |
|   22  | 84.985 | 98.686 | 99.343 | 91.407 | 91.407 |
|   23  | 84.934 | 98.686 | 99.393 | 91.389 | 91.389 |
+-------+--------+--------+--------+--------+--------+
     logs:  {'epo': 23, 'R1': np.float32(84.934), 'R5': np.float32(98.686), 'R10': np.float32(99.393), 'mAP': np.float32(91.389), 'mINP': np.float32(91.389), 'lr': 4.7e-05, 'entropy': 0.017549, 'loss': 2.69527}
      TTA Epoch: [24] [ 0/78]  eta: 0:00:49  lr: 0.000044  entropy: 0.0414  loss: 2.7046  time: 0.6400  data: 0.5745  max mem: 2671
      TTA Epoch: [24] [77/78]  eta: 0:00:00  lr: 0.000037  entropy: 0.0076  loss: 2.6923  time: 0.0335  data: 0.0001  max mem: 2671
      TTA Epoch: [24] Total time: 0:00:03 (0.0451 s / it)
     Averaged stats: lr: 0.0000  entropy: 0.0190  loss: 2.6958
     Computing matching score
      Evaluation: [   0/1978]  eta: 0:01:27    time: 0.0443  data: 0.0034  max mem: 2671
      Evaluation: [ 100/1978]  eta: 0:01:16    time: 0.0406  data: 0.0000  max mem: 2671
      Evaluation: [ 200/1978]  eta: 0:01:12    time: 0.0408  data: 0.0000  max mem: 2671
      Evaluation: [ 300/1978]  eta: 0:01:08    time: 0.0404  data: 0.0000  max mem: 2671
      Evaluation: [ 400/1978]  eta: 0:01:04    time: 0.0401  data: 0.0000  max mem: 2671
      Evaluation: [ 500/1978]  eta: 0:01:00    time: 0.0406  data: 0.0000  max mem: 2671
      Evaluation: [ 600/1978]  eta: 0:00:55    time: 0.0404  data: 0.0000  max mem: 2671
      Evaluation: [ 700/1978]  eta: 0:00:51    time: 0.0402  data: 0.0000  max mem: 2671
      Evaluation: [ 800/1978]  eta: 0:00:48    time: 0.0432  data: 0.0000  max mem: 2671
      Evaluation: [ 900/1978]  eta: 0:00:44    time: 0.0423  data: 0.0000  max mem: 2671
      Evaluation: [1000/1978]  eta: 0:00:40    time: 0.0436  data: 0.0000  max mem: 2671
      Evaluation: [1100/1978]  eta: 0:00:36    time: 0.0445  data: 0.0000  max mem: 2671
      Evaluation: [1200/1978]  eta: 0:00:32    time: 0.0441  data: 0.0000  max mem: 2671
      Evaluation: [1300/1978]  eta: 0:00:28    time: 0.0437  data: 0.0000  max mem: 2671
      Evaluation: [1400/1978]  eta: 0:00:24    time: 0.0435  data: 0.0000  max mem: 2671
      Evaluation: [1500/1978]  eta: 0:00:20    time: 0.0406  data: 0.0000  max mem: 2671
      Evaluation: [1600/1978]  eta: 0:00:15    time: 0.0401  data: 0.0000  max mem: 2671
      Evaluation: [1700/1978]  eta: 0:00:11    time: 0.0401  data: 0.0000  max mem: 2671
      Evaluation: [1800/1978]  eta: 0:00:07    time: 0.0404  data: 0.0000  max mem: 2671
      Evaluation: [1900/1978]  eta: 0:00:03    time: 0.0413  data: 0.0000  max mem: 2671
      Evaluation: [1977/1978]  eta: 0:00:00    time: 0.0415  data: 0.0000  max mem: 2671
      Evaluation: Total time: 0:01:22 (0.0417 s / it)
     Computing matching score time 0:01:22
### TTA ITM Score: 
+-------+--------+--------+--------+--------+--------+
| epoch |   R1   |   R5   |  R10   |  mAP   |  mINP  |
+-------+--------+--------+--------+--------+--------+
|  -999 | 69.414 | 95.197 | 97.776 | 81.233 | 81.233 |
|  -999 | 84.277 | 99.039 | 99.596 | 91.276 | 91.276 |
|   0   | 84.479 | 98.584 | 99.191 | 91.221 | 91.221 |
|   1   | 84.378 | 98.888 | 99.343 | 91.220 | 91.220 |
|   2   | 85.592 | 98.989 | 99.444 | 91.912 | 91.912 |
|   3   | 85.035 | 98.938 | 99.444 | 91.494 | 91.494 |
|   4   | 84.783 | 98.888 | 99.444 | 91.409 | 91.409 |
|   5   | 84.681 | 98.686 | 99.393 | 91.296 | 91.296 |
|   6   | 85.035 | 98.837 | 99.494 | 91.484 | 91.484 |
|   7   | 84.934 | 98.635 | 99.444 | 91.389 | 91.389 |
|   8   | 84.985 | 98.686 | 99.292 | 91.425 | 91.425 |
|   9   | 85.035 | 98.635 | 99.292 | 91.421 | 91.421 |
|   10  | 85.137 | 98.736 | 99.393 | 91.501 | 91.501 |
|   11  | 84.985 | 98.686 | 99.393 | 91.419 | 91.419 |
|   12  | 85.035 | 98.686 | 99.393 | 91.443 | 91.443 |
|   13  | 85.137 | 98.686 | 99.343 | 91.504 | 91.504 |
|   14  | 85.035 | 98.635 | 99.393 | 91.438 | 91.438 |
|   15  | 85.035 | 98.635 | 99.343 | 91.437 | 91.437 |
|   16  | 85.137 | 98.635 | 99.393 | 91.492 | 91.492 |
|   17  | 85.035 | 98.635 | 99.343 | 91.433 | 91.433 |
|   18  | 85.086 | 98.635 | 99.292 | 91.461 | 91.461 |
|   19  | 84.934 | 98.635 | 99.343 | 91.374 | 91.374 |
|   20  | 84.934 | 98.635 | 99.343 | 91.364 | 91.364 |
|   21  | 84.934 | 98.635 | 99.343 | 91.370 | 91.370 |
|   22  | 84.985 | 98.686 | 99.343 | 91.407 | 91.407 |
|   23  | 84.934 | 98.686 | 99.393 | 91.389 | 91.389 |
|   24  | 84.934 | 98.686 | 99.292 | 91.374 | 91.374 |
+-------+--------+--------+--------+--------+--------+
     logs:  {'epo': 24, 'R1': np.float32(84.934), 'R5': np.float32(98.686), 'R10': np.float32(99.292), 'mAP': np.float32(91.374), 'mINP': np.float32(91.374), 'lr': 4e-05, 'entropy': 0.018992, 'loss': 2.695799}
      TTA Epoch: [25] [ 0/78]  eta: 0:00:36  lr: 0.000037  entropy: 0.0413  loss: 2.7038  time: 0.4728  data: 0.3935  max mem: 2671
      TTA Epoch: [25] [77/78]  eta: 0:00:00  lr: 0.000030  entropy: 0.0346  loss: 2.7014  time: 0.0322  data: 0.0001  max mem: 2671
      TTA Epoch: [25] Total time: 0:00:03 (0.0418 s / it)
     Averaged stats: lr: 0.0000  entropy: 0.0216  loss: 2.6968
     Computing matching score
      Evaluation: [   0/1978]  eta: 0:01:25    time: 0.0433  data: 0.0023  max mem: 2671
      Evaluation: [ 100/1978]  eta: 0:01:18    time: 0.0440  data: 0.0000  max mem: 2671
      Evaluation: [ 200/1978]  eta: 0:01:16    time: 0.0442  data: 0.0000  max mem: 2671
      Evaluation: [ 300/1978]  eta: 0:01:12    time: 0.0441  data: 0.0000  max mem: 2671
      Evaluation: [ 400/1978]  eta: 0:01:08    time: 0.0419  data: 0.0000  max mem: 2671
      Evaluation: [ 500/1978]  eta: 0:01:04    time: 0.0425  data: 0.0000  max mem: 2671
      Evaluation: [ 600/1978]  eta: 0:00:59    time: 0.0445  data: 0.0000  max mem: 2671
      Evaluation: [ 700/1978]  eta: 0:00:55    time: 0.0464  data: 0.0000  max mem: 2671
      Evaluation: [ 800/1978]  eta: 0:00:51    time: 0.0447  data: 0.0000  max mem: 2671
      Evaluation: [ 900/1978]  eta: 0:00:47    time: 0.0416  data: 0.0000  max mem: 2671
      Evaluation: [1000/1978]  eta: 0:00:42    time: 0.0414  data: 0.0000  max mem: 2671
      Evaluation: [1100/1978]  eta: 0:00:38    time: 0.0415  data: 0.0000  max mem: 2671
      Evaluation: [1200/1978]  eta: 0:00:33    time: 0.0409  data: 0.0000  max mem: 2671
      Evaluation: [1300/1978]  eta: 0:00:29    time: 0.0411  data: 0.0000  max mem: 2671
      Evaluation: [1400/1978]  eta: 0:00:24    time: 0.0411  data: 0.0000  max mem: 2671
      Evaluation: [1500/1978]  eta: 0:00:20    time: 0.0423  data: 0.0000  max mem: 2671
      Evaluation: [1600/1978]  eta: 0:00:16    time: 0.0445  data: 0.0000  max mem: 2671
      Evaluation: [1700/1978]  eta: 0:00:11    time: 0.0435  data: 0.0000  max mem: 2671
      Evaluation: [1800/1978]  eta: 0:00:07    time: 0.0427  data: 0.0000  max mem: 2671
      Evaluation: [1900/1978]  eta: 0:00:03    time: 0.0436  data: 0.0000  max mem: 2671
      Evaluation: [1977/1978]  eta: 0:00:00    time: 0.0452  data: 0.0000  max mem: 2671
      Evaluation: Total time: 0:01:25 (0.0430 s / it)
     Computing matching score time 0:01:25
### TTA ITM Score: 
+-------+--------+--------+--------+--------+--------+
| epoch |   R1   |   R5   |  R10   |  mAP   |  mINP  |
+-------+--------+--------+--------+--------+--------+
|  -999 | 69.414 | 95.197 | 97.776 | 81.233 | 81.233 |
|  -999 | 84.277 | 99.039 | 99.596 | 91.276 | 91.276 |
|   0   | 84.479 | 98.584 | 99.191 | 91.221 | 91.221 |
|   1   | 84.378 | 98.888 | 99.343 | 91.220 | 91.220 |
|   2   | 85.592 | 98.989 | 99.444 | 91.912 | 91.912 |
|   3   | 85.035 | 98.938 | 99.444 | 91.494 | 91.494 |
|   4   | 84.783 | 98.888 | 99.444 | 91.409 | 91.409 |
|   5   | 84.681 | 98.686 | 99.393 | 91.296 | 91.296 |
|   6   | 85.035 | 98.837 | 99.494 | 91.484 | 91.484 |
|   7   | 84.934 | 98.635 | 99.444 | 91.389 | 91.389 |
|   8   | 84.985 | 98.686 | 99.292 | 91.425 | 91.425 |
|   9   | 85.035 | 98.635 | 99.292 | 91.421 | 91.421 |
|   10  | 85.137 | 98.736 | 99.393 | 91.501 | 91.501 |
|   11  | 84.985 | 98.686 | 99.393 | 91.419 | 91.419 |
|   12  | 85.035 | 98.686 | 99.393 | 91.443 | 91.443 |
|   13  | 85.137 | 98.686 | 99.343 | 91.504 | 91.504 |
|   14  | 85.035 | 98.635 | 99.393 | 91.438 | 91.438 |
|   15  | 85.035 | 98.635 | 99.343 | 91.437 | 91.437 |
|   16  | 85.137 | 98.635 | 99.393 | 91.492 | 91.492 |
|   17  | 85.035 | 98.635 | 99.343 | 91.433 | 91.433 |
|   18  | 85.086 | 98.635 | 99.292 | 91.461 | 91.461 |
|   19  | 84.934 | 98.635 | 99.343 | 91.374 | 91.374 |
|   20  | 84.934 | 98.635 | 99.343 | 91.364 | 91.364 |
|   21  | 84.934 | 98.635 | 99.343 | 91.370 | 91.370 |
|   22  | 84.985 | 98.686 | 99.343 | 91.407 | 91.407 |
|   23  | 84.934 | 98.686 | 99.393 | 91.389 | 91.389 |
|   24  | 84.934 | 98.686 | 99.292 | 91.374 | 91.374 |
|   25  | 85.137 | 98.686 | 99.343 | 91.478 | 91.478 |
+-------+--------+--------+--------+--------+--------+
     logs:  {'epo': 25, 'R1': np.float32(85.137), 'R5': np.float32(98.686), 'R10': np.float32(99.343), 'mAP': np.float32(91.478), 'mINP': np.float32(91.478), 'lr': 3.4e-05, 'entropy': 0.021576, 'loss': 2.696763}
      TTA Epoch: [26] [ 0/78]  eta: 0:00:44  lr: 0.000030  entropy: 0.0001  loss: 2.6895  time: 0.5697  data: 0.5031  max mem: 2671
      TTA Epoch: [26] [77/78]  eta: 0:00:00  lr: 0.000023  entropy: 0.0970  loss: 2.7243  time: 0.0335  data: 0.0001  max mem: 2671
      TTA Epoch: [26] Total time: 0:00:03 (0.0462 s / it)
     Averaged stats: lr: 0.0000  entropy: 0.0224  loss: 2.6971
     Computing matching score
      Evaluation: [   0/1978]  eta: 0:01:42    time: 0.0520  data: 0.0034  max mem: 2671
      Evaluation: [ 100/1978]  eta: 0:01:23    time: 0.0453  data: 0.0000  max mem: 2671
      Evaluation: [ 200/1978]  eta: 0:01:19    time: 0.0404  data: 0.0000  max mem: 2671
      Evaluation: [ 300/1978]  eta: 0:01:12    time: 0.0404  data: 0.0000  max mem: 2671
      Evaluation: [ 400/1978]  eta: 0:01:07    time: 0.0408  data: 0.0000  max mem: 2671
      Evaluation: [ 500/1978]  eta: 0:01:02    time: 0.0405  data: 0.0000  max mem: 2671
      Evaluation: [ 600/1978]  eta: 0:00:57    time: 0.0402  data: 0.0000  max mem: 2671
      Evaluation: [ 700/1978]  eta: 0:00:53    time: 0.0400  data: 0.0000  max mem: 2671
      Evaluation: [ 800/1978]  eta: 0:00:48    time: 0.0406  data: 0.0000  max mem: 2671
      Evaluation: [ 900/1978]  eta: 0:00:44    time: 0.0404  data: 0.0000  max mem: 2671
      Evaluation: [1000/1978]  eta: 0:00:40    time: 0.0431  data: 0.0000  max mem: 2671
      Evaluation: [1100/1978]  eta: 0:00:36    time: 0.0441  data: 0.0000  max mem: 2671
      Evaluation: [1200/1978]  eta: 0:00:32    time: 0.0433  data: 0.0000  max mem: 2671
      Evaluation: [1300/1978]  eta: 0:00:28    time: 0.0441  data: 0.0000  max mem: 2671
      Evaluation: [1400/1978]  eta: 0:00:24    time: 0.0425  data: 0.0000  max mem: 2671
      Evaluation: [1500/1978]  eta: 0:00:20    time: 0.0426  data: 0.0000  max mem: 2671
      Evaluation: [1600/1978]  eta: 0:00:15    time: 0.0452  data: 0.0000  max mem: 2671
      Evaluation: [1700/1978]  eta: 0:00:11    time: 0.0405  data: 0.0000  max mem: 2671
      Evaluation: [1800/1978]  eta: 0:00:07    time: 0.0409  data: 0.0000  max mem: 2671
      Evaluation: [1900/1978]  eta: 0:00:03    time: 0.0403  data: 0.0000  max mem: 2671
      Evaluation: [1977/1978]  eta: 0:00:00    time: 0.0409  data: 0.0000  max mem: 2671
      Evaluation: Total time: 0:01:23 (0.0421 s / it)
     Computing matching score time 0:01:23
### TTA ITM Score: 
+-------+--------+--------+--------+--------+--------+
| epoch |   R1   |   R5   |  R10   |  mAP   |  mINP  |
+-------+--------+--------+--------+--------+--------+
|  -999 | 69.414 | 95.197 | 97.776 | 81.233 | 81.233 |
|  -999 | 84.277 | 99.039 | 99.596 | 91.276 | 91.276 |
|   0   | 84.479 | 98.584 | 99.191 | 91.221 | 91.221 |
|   1   | 84.378 | 98.888 | 99.343 | 91.220 | 91.220 |
|   2   | 85.592 | 98.989 | 99.444 | 91.912 | 91.912 |
|   3   | 85.035 | 98.938 | 99.444 | 91.494 | 91.494 |
|   4   | 84.783 | 98.888 | 99.444 | 91.409 | 91.409 |
|   5   | 84.681 | 98.686 | 99.393 | 91.296 | 91.296 |
|   6   | 85.035 | 98.837 | 99.494 | 91.484 | 91.484 |
|   7   | 84.934 | 98.635 | 99.444 | 91.389 | 91.389 |
|   8   | 84.985 | 98.686 | 99.292 | 91.425 | 91.425 |
|   9   | 85.035 | 98.635 | 99.292 | 91.421 | 91.421 |
|   10  | 85.137 | 98.736 | 99.393 | 91.501 | 91.501 |
|   11  | 84.985 | 98.686 | 99.393 | 91.419 | 91.419 |
|   12  | 85.035 | 98.686 | 99.393 | 91.443 | 91.443 |
|   13  | 85.137 | 98.686 | 99.343 | 91.504 | 91.504 |
|   14  | 85.035 | 98.635 | 99.393 | 91.438 | 91.438 |
|   15  | 85.035 | 98.635 | 99.343 | 91.437 | 91.437 |
|   16  | 85.137 | 98.635 | 99.393 | 91.492 | 91.492 |
|   17  | 85.035 | 98.635 | 99.343 | 91.433 | 91.433 |
|   18  | 85.086 | 98.635 | 99.292 | 91.461 | 91.461 |
|   19  | 84.934 | 98.635 | 99.343 | 91.374 | 91.374 |
|   20  | 84.934 | 98.635 | 99.343 | 91.364 | 91.364 |
|   21  | 84.934 | 98.635 | 99.343 | 91.370 | 91.370 |
|   22  | 84.985 | 98.686 | 99.343 | 91.407 | 91.407 |
|   23  | 84.934 | 98.686 | 99.393 | 91.389 | 91.389 |
|   24  | 84.934 | 98.686 | 99.292 | 91.374 | 91.374 |
|   25  | 85.137 | 98.686 | 99.343 | 91.478 | 91.478 |
|   26  | 85.086 | 98.686 | 99.343 | 91.461 | 91.461 |
+-------+--------+--------+--------+--------+--------+
     logs:  {'epo': 26, 'R1': np.float32(85.086), 'R5': np.float32(98.686), 'R10': np.float32(99.343), 'mAP': np.float32(91.461), 'mINP': np.float32(91.461), 'lr': 2.7e-05, 'entropy': 0.022394, 'loss': 2.697069}
      TTA Epoch: [27] [ 0/78]  eta: 0:00:33  lr: 0.000023  entropy: 0.0036  loss: 2.6901  time: 0.4347  data: 0.3802  max mem: 2671
      TTA Epoch: [27] [77/78]  eta: 0:00:00  lr: 0.000016  entropy: 0.0216  loss: 2.6970  time: 0.0328  data: 0.0001  max mem: 2671
      TTA Epoch: [27] Total time: 0:00:03 (0.0418 s / it)
     Averaged stats: lr: 0.0000  entropy: 0.0204  loss: 2.6963
     Computing matching score
      Evaluation: [   0/1978]  eta: 0:01:26    time: 0.0439  data: 0.0034  max mem: 2671
      Evaluation: [ 100/1978]  eta: 0:01:16    time: 0.0407  data: 0.0000  max mem: 2671
      Evaluation: [ 200/1978]  eta: 0:01:12    time: 0.0411  data: 0.0000  max mem: 2671
      Evaluation: [ 300/1978]  eta: 0:01:08    time: 0.0409  data: 0.0000  max mem: 2671
      Evaluation: [ 400/1978]  eta: 0:01:04    time: 0.0445  data: 0.0000  max mem: 2671
      Evaluation: [ 500/1978]  eta: 0:01:01    time: 0.0434  data: 0.0000  max mem: 2671
      Evaluation: [ 600/1978]  eta: 0:00:57    time: 0.0434  data: 0.0000  max mem: 2671
      Evaluation: [ 700/1978]  eta: 0:00:53    time: 0.0423  data: 0.0000  max mem: 2671
      Evaluation: [ 800/1978]  eta: 0:00:49    time: 0.0437  data: 0.0000  max mem: 2671
      Evaluation: [ 900/1978]  eta: 0:00:45    time: 0.0423  data: 0.0000  max mem: 2671
      Evaluation: [1000/1978]  eta: 0:00:41    time: 0.0466  data: 0.0000  max mem: 2671
      Evaluation: [1100/1978]  eta: 0:00:37    time: 0.0400  data: 0.0000  max mem: 2671
      Evaluation: [1200/1978]  eta: 0:00:32    time: 0.0410  data: 0.0000  max mem: 2671
      Evaluation: [1300/1978]  eta: 0:00:28    time: 0.0402  data: 0.0000  max mem: 2671
      Evaluation: [1400/1978]  eta: 0:00:24    time: 0.0402  data: 0.0000  max mem: 2671
      Evaluation: [1500/1978]  eta: 0:00:20    time: 0.0412  data: 0.0000  max mem: 2671
      Evaluation: [1600/1978]  eta: 0:00:15    time: 0.0405  data: 0.0000  max mem: 2671
      Evaluation: [1700/1978]  eta: 0:00:11    time: 0.0406  data: 0.0000  max mem: 2671
      Evaluation: [1800/1978]  eta: 0:00:07    time: 0.0403  data: 0.0000  max mem: 2671
      Evaluation: [1900/1978]  eta: 0:00:03    time: 0.0420  data: 0.0000  max mem: 2671
      Evaluation: [1977/1978]  eta: 0:00:00    time: 0.0434  data: 0.0000  max mem: 2671
      Evaluation: Total time: 0:01:22 (0.0418 s / it)
     Computing matching score time 0:01:22
### TTA ITM Score: 
+-------+--------+--------+--------+--------+--------+
| epoch |   R1   |   R5   |  R10   |  mAP   |  mINP  |
+-------+--------+--------+--------+--------+--------+
|  -999 | 69.414 | 95.197 | 97.776 | 81.233 | 81.233 |
|  -999 | 84.277 | 99.039 | 99.596 | 91.276 | 91.276 |
|   0   | 84.479 | 98.584 | 99.191 | 91.221 | 91.221 |
|   1   | 84.378 | 98.888 | 99.343 | 91.220 | 91.220 |
|   2   | 85.592 | 98.989 | 99.444 | 91.912 | 91.912 |
|   3   | 85.035 | 98.938 | 99.444 | 91.494 | 91.494 |
|   4   | 84.783 | 98.888 | 99.444 | 91.409 | 91.409 |
|   5   | 84.681 | 98.686 | 99.393 | 91.296 | 91.296 |
|   6   | 85.035 | 98.837 | 99.494 | 91.484 | 91.484 |
|   7   | 84.934 | 98.635 | 99.444 | 91.389 | 91.389 |
|   8   | 84.985 | 98.686 | 99.292 | 91.425 | 91.425 |
|   9   | 85.035 | 98.635 | 99.292 | 91.421 | 91.421 |
|   10  | 85.137 | 98.736 | 99.393 | 91.501 | 91.501 |
|   11  | 84.985 | 98.686 | 99.393 | 91.419 | 91.419 |
|   12  | 85.035 | 98.686 | 99.393 | 91.443 | 91.443 |
|   13  | 85.137 | 98.686 | 99.343 | 91.504 | 91.504 |
|   14  | 85.035 | 98.635 | 99.393 | 91.438 | 91.438 |
|   15  | 85.035 | 98.635 | 99.343 | 91.437 | 91.437 |
|   16  | 85.137 | 98.635 | 99.393 | 91.492 | 91.492 |
|   17  | 85.035 | 98.635 | 99.343 | 91.433 | 91.433 |
|   18  | 85.086 | 98.635 | 99.292 | 91.461 | 91.461 |
|   19  | 84.934 | 98.635 | 99.343 | 91.374 | 91.374 |
|   20  | 84.934 | 98.635 | 99.343 | 91.364 | 91.364 |
|   21  | 84.934 | 98.635 | 99.343 | 91.370 | 91.370 |
|   22  | 84.985 | 98.686 | 99.343 | 91.407 | 91.407 |
|   23  | 84.934 | 98.686 | 99.393 | 91.389 | 91.389 |
|   24  | 84.934 | 98.686 | 99.292 | 91.374 | 91.374 |
|   25  | 85.137 | 98.686 | 99.343 | 91.478 | 91.478 |
|   26  | 85.086 | 98.686 | 99.343 | 91.461 | 91.461 |
|   27  | 85.035 | 98.736 | 99.393 | 91.441 | 91.441 |
+-------+--------+--------+--------+--------+--------+
     logs:  {'epo': 27, 'R1': np.float32(85.035), 'R5': np.float32(98.736), 'R10': np.float32(99.393), 'mAP': np.float32(91.441), 'mINP': np.float32(91.441), 'lr': 2e-05, 'entropy': 0.020439, 'loss': 2.696342}
      TTA Epoch: [28] [ 0/78]  eta: 0:00:38  lr: 0.000016  entropy: 0.0136  loss: 2.6935  time: 0.4969  data: 0.4325  max mem: 2671
      TTA Epoch: [28] [77/78]  eta: 0:00:00  lr: 0.000010  entropy: 0.0033  loss: 2.6900  time: 0.0340  data: 0.0001  max mem: 2671
      TTA Epoch: [28] Total time: 0:00:03 (0.0414 s / it)
     Averaged stats: lr: 0.0000  entropy: 0.0166  loss: 2.6949
     Computing matching score
      Evaluation: [   0/1978]  eta: 0:01:30    time: 0.0456  data: 0.0035  max mem: 2671
      Evaluation: [ 100/1978]  eta: 0:01:21    time: 0.0429  data: 0.0000  max mem: 2671
      Evaluation: [ 200/1978]  eta: 0:01:16    time: 0.0419  data: 0.0000  max mem: 2671
      Evaluation: [ 300/1978]  eta: 0:01:11    time: 0.0422  data: 0.0000  max mem: 2671
      Evaluation: [ 400/1978]  eta: 0:01:07    time: 0.0434  data: 0.0000  max mem: 2671
      Evaluation: [ 500/1978]  eta: 0:01:03    time: 0.0406  data: 0.0000  max mem: 2671
      Evaluation: [ 600/1978]  eta: 0:00:58    time: 0.0403  data: 0.0000  max mem: 2671
      Evaluation: [ 700/1978]  eta: 0:00:53    time: 0.0405  data: 0.0000  max mem: 2671
      Evaluation: [ 800/1978]  eta: 0:00:49    time: 0.0399  data: 0.0000  max mem: 2671
      Evaluation: [ 900/1978]  eta: 0:00:45    time: 0.0405  data: 0.0000  max mem: 2671
      Evaluation: [1000/1978]  eta: 0:00:40    time: 0.0401  data: 0.0000  max mem: 2671
      Evaluation: [1100/1978]  eta: 0:00:36    time: 0.0409  data: 0.0000  max mem: 2671
      Evaluation: [1200/1978]  eta: 0:00:32    time: 0.0404  data: 0.0000  max mem: 2671
      Evaluation: [1300/1978]  eta: 0:00:28    time: 0.0443  data: 0.0000  max mem: 2671
      Evaluation: [1400/1978]  eta: 0:00:24    time: 0.0427  data: 0.0000  max mem: 2671
      Evaluation: [1500/1978]  eta: 0:00:19    time: 0.0422  data: 0.0000  max mem: 2671
      Evaluation: [1600/1978]  eta: 0:00:15    time: 0.0424  data: 0.0000  max mem: 2671
      Evaluation: [1700/1978]  eta: 0:00:11    time: 0.0431  data: 0.0000  max mem: 2671
      Evaluation: [1800/1978]  eta: 0:00:07    time: 0.0429  data: 0.0000  max mem: 2671
      Evaluation: [1900/1978]  eta: 0:00:03    time: 0.0457  data: 0.0000  max mem: 2671
      Evaluation: [1977/1978]  eta: 0:00:00    time: 0.0404  data: 0.0000  max mem: 2671
      Evaluation: Total time: 0:01:23 (0.0421 s / it)
     Computing matching score time 0:01:23
### TTA ITM Score: 
+-------+--------+--------+--------+--------+--------+
| epoch |   R1   |   R5   |  R10   |  mAP   |  mINP  |
+-------+--------+--------+--------+--------+--------+
|  -999 | 69.414 | 95.197 | 97.776 | 81.233 | 81.233 |
|  -999 | 84.277 | 99.039 | 99.596 | 91.276 | 91.276 |
|   0   | 84.479 | 98.584 | 99.191 | 91.221 | 91.221 |
|   1   | 84.378 | 98.888 | 99.343 | 91.220 | 91.220 |
|   2   | 85.592 | 98.989 | 99.444 | 91.912 | 91.912 |
|   3   | 85.035 | 98.938 | 99.444 | 91.494 | 91.494 |
|   4   | 84.783 | 98.888 | 99.444 | 91.409 | 91.409 |
|   5   | 84.681 | 98.686 | 99.393 | 91.296 | 91.296 |
|   6   | 85.035 | 98.837 | 99.494 | 91.484 | 91.484 |
|   7   | 84.934 | 98.635 | 99.444 | 91.389 | 91.389 |
|   8   | 84.985 | 98.686 | 99.292 | 91.425 | 91.425 |
|   9   | 85.035 | 98.635 | 99.292 | 91.421 | 91.421 |
|   10  | 85.137 | 98.736 | 99.393 | 91.501 | 91.501 |
|   11  | 84.985 | 98.686 | 99.393 | 91.419 | 91.419 |
|   12  | 85.035 | 98.686 | 99.393 | 91.443 | 91.443 |
|   13  | 85.137 | 98.686 | 99.343 | 91.504 | 91.504 |
|   14  | 85.035 | 98.635 | 99.393 | 91.438 | 91.438 |
|   15  | 85.035 | 98.635 | 99.343 | 91.437 | 91.437 |
|   16  | 85.137 | 98.635 | 99.393 | 91.492 | 91.492 |
|   17  | 85.035 | 98.635 | 99.343 | 91.433 | 91.433 |
|   18  | 85.086 | 98.635 | 99.292 | 91.461 | 91.461 |
|   19  | 84.934 | 98.635 | 99.343 | 91.374 | 91.374 |
|   20  | 84.934 | 98.635 | 99.343 | 91.364 | 91.364 |
|   21  | 84.934 | 98.635 | 99.343 | 91.370 | 91.370 |
|   22  | 84.985 | 98.686 | 99.343 | 91.407 | 91.407 |
|   23  | 84.934 | 98.686 | 99.393 | 91.389 | 91.389 |
|   24  | 84.934 | 98.686 | 99.292 | 91.374 | 91.374 |
|   25  | 85.137 | 98.686 | 99.343 | 91.478 | 91.478 |
|   26  | 85.086 | 98.686 | 99.343 | 91.461 | 91.461 |
|   27  | 85.035 | 98.736 | 99.393 | 91.441 | 91.441 |
|   28  | 85.086 | 98.736 | 99.393 | 91.466 | 91.466 |
+-------+--------+--------+--------+--------+--------+
     logs:  {'epo': 28, 'R1': np.float32(85.086), 'R5': np.float32(98.736), 'R10': np.float32(99.393), 'mAP': np.float32(91.466), 'mINP': np.float32(91.466), 'lr': 1.3e-05, 'entropy': 0.016555, 'loss': 2.6949}
      TTA Epoch: [29] [ 0/78]  eta: 0:00:34  lr: 0.000009  entropy: 0.0129  loss: 2.6935  time: 0.4406  data: 0.3843  max mem: 2671
      TTA Epoch: [29] [77/78]  eta: 0:00:00  lr: 0.000003  entropy: 0.0395  loss: 2.7029  time: 0.0320  data: 0.0001  max mem: 2671
      TTA Epoch: [29] Total time: 0:00:03 (0.0397 s / it)
     Averaged stats: lr: 0.0000  entropy: 0.0198  loss: 2.6961
     Computing matching score
      Evaluation: [   0/1978]  eta: 0:01:28    time: 0.0446  data: 0.0035  max mem: 2671
      Evaluation: [ 100/1978]  eta: 0:01:16    time: 0.0404  data: 0.0000  max mem: 2671
      Evaluation: [ 200/1978]  eta: 0:01:12    time: 0.0406  data: 0.0000  max mem: 2671
      Evaluation: [ 300/1978]  eta: 0:01:08    time: 0.0403  data: 0.0000  max mem: 2671
      Evaluation: [ 400/1978]  eta: 0:01:03    time: 0.0399  data: 0.0000  max mem: 2671
      Evaluation: [ 500/1978]  eta: 0:00:59    time: 0.0405  data: 0.0000  max mem: 2671
      Evaluation: [ 600/1978]  eta: 0:00:55    time: 0.0401  data: 0.0000  max mem: 2671
      Evaluation: [ 700/1978]  eta: 0:00:52    time: 0.0430  data: 0.0000  max mem: 2671
      Evaluation: [ 800/1978]  eta: 0:00:48    time: 0.0424  data: 0.0000  max mem: 2671
      Evaluation: [ 900/1978]  eta: 0:00:44    time: 0.0424  data: 0.0000  max mem: 2671
      Evaluation: [1000/1978]  eta: 0:00:40    time: 0.0422  data: 0.0000  max mem: 2671
      Evaluation: [1100/1978]  eta: 0:00:36    time: 0.0417  data: 0.0000  max mem: 2671
      Evaluation: [1200/1978]  eta: 0:00:32    time: 0.0422  data: 0.0000  max mem: 2671
      Evaluation: [1300/1978]  eta: 0:00:28    time: 0.0450  data: 0.0000  max mem: 2671
      Evaluation: [1400/1978]  eta: 0:00:24    time: 0.0404  data: 0.0000  max mem: 2671
      Evaluation: [1500/1978]  eta: 0:00:19    time: 0.0405  data: 0.0000  max mem: 2671
      Evaluation: [1600/1978]  eta: 0:00:15    time: 0.0406  data: 0.0000  max mem: 2671
      Evaluation: [1700/1978]  eta: 0:00:11    time: 0.0411  data: 0.0000  max mem: 2671
      Evaluation: [1800/1978]  eta: 0:00:07    time: 0.0412  data: 0.0000  max mem: 2671
      Evaluation: [1900/1978]  eta: 0:00:03    time: 0.0406  data: 0.0000  max mem: 2671
      Evaluation: [1977/1978]  eta: 0:00:00    time: 0.0410  data: 0.0000  max mem: 2671
      Evaluation: Total time: 0:01:22 (0.0415 s / it)
     Computing matching score time 0:01:22
### TTA ITM Score: 
+-------+--------+--------+--------+--------+--------+
| epoch |   R1   |   R5   |  R10   |  mAP   |  mINP  |
+-------+--------+--------+--------+--------+--------+
|  -999 | 69.414 | 95.197 | 97.776 | 81.233 | 81.233 |
|  -999 | 84.277 | 99.039 | 99.596 | 91.276 | 91.276 |
|   0   | 84.479 | 98.584 | 99.191 | 91.221 | 91.221 |
|   1   | 84.378 | 98.888 | 99.343 | 91.220 | 91.220 |
|   2   | 85.592 | 98.989 | 99.444 | 91.912 | 91.912 |
|   3   | 85.035 | 98.938 | 99.444 | 91.494 | 91.494 |
|   4   | 84.783 | 98.888 | 99.444 | 91.409 | 91.409 |
|   5   | 84.681 | 98.686 | 99.393 | 91.296 | 91.296 |
|   6   | 85.035 | 98.837 | 99.494 | 91.484 | 91.484 |
|   7   | 84.934 | 98.635 | 99.444 | 91.389 | 91.389 |
|   8   | 84.985 | 98.686 | 99.292 | 91.425 | 91.425 |
|   9   | 85.035 | 98.635 | 99.292 | 91.421 | 91.421 |
|   10  | 85.137 | 98.736 | 99.393 | 91.501 | 91.501 |
|   11  | 84.985 | 98.686 | 99.393 | 91.419 | 91.419 |
|   12  | 85.035 | 98.686 | 99.393 | 91.443 | 91.443 |
|   13  | 85.137 | 98.686 | 99.343 | 91.504 | 91.504 |
|   14  | 85.035 | 98.635 | 99.393 | 91.438 | 91.438 |
|   15  | 85.035 | 98.635 | 99.343 | 91.437 | 91.437 |
|   16  | 85.137 | 98.635 | 99.393 | 91.492 | 91.492 |
|   17  | 85.035 | 98.635 | 99.343 | 91.433 | 91.433 |
|   18  | 85.086 | 98.635 | 99.292 | 91.461 | 91.461 |
|   19  | 84.934 | 98.635 | 99.343 | 91.374 | 91.374 |
|   20  | 84.934 | 98.635 | 99.343 | 91.364 | 91.364 |
|   21  | 84.934 | 98.635 | 99.343 | 91.370 | 91.370 |
|   22  | 84.985 | 98.686 | 99.343 | 91.407 | 91.407 |
|   23  | 84.934 | 98.686 | 99.393 | 91.389 | 91.389 |
|   24  | 84.934 | 98.686 | 99.292 | 91.374 | 91.374 |
|   25  | 85.137 | 98.686 | 99.343 | 91.478 | 91.478 |
|   26  | 85.086 | 98.686 | 99.343 | 91.461 | 91.461 |
|   27  | 85.035 | 98.736 | 99.393 | 91.441 | 91.441 |
|   28  | 85.086 | 98.736 | 99.393 | 91.466 | 91.466 |
|   29  | 85.035 | 98.686 | 99.393 | 91.439 | 91.439 |
+-------+--------+--------+--------+--------+--------+
     logs:  {'epo': 29, 'R1': np.float32(85.035), 'R5': np.float32(98.686), 'R10': np.float32(99.393), 'mAP': np.float32(91.439), 'mINP': np.float32(91.439), 'lr': 6e-06, 'entropy': 0.01983, 'loss': 2.696117}
### best epoch: 2
### Time 0:43:31
NNODES,  1
NODE_RANK,  0
MASTER_ADDR,  127.0.0.1
MASTER_PORT,  1612
NPROC_PER_NODE,  2
task:  tta_exp2
config:  configs/tta_exp2.yaml
output_dir:  output/tta_exp2/2025082221335
CUDA_VISIBLE_DEVICES=2 python3 tta.py --config configs/tta_exp2.yaml --task tta_exp2 --output_dir output/tta_exp2/2025082221335 --checkpoint checkpoint/cmp.pth --bs 0 --epo 0 --lr 0.0 --seed 42 --tta
