/home/jiahao/miniconda3/envs/cmp/lib/python3.10/site-packages/torch/functional.py:554: UserWarning: torch.meshgrid: in an upcoming release, it will be required to pass the indexing argument. (Triggered internally at /pytorch/aten/src/ATen/native/TensorShape.cpp:4322.)
  return _VF.meshgrid(tensors, **kwargs)  # type: ignore[attr-defined]
Not using distributed mode
### Hyper-parameters:
     seed: 42
     device: cuda
     output_dir: output/tta_exp3.2/2025082216244
     batch_size_tta: 16
     epochs: 30
     lr: 0.001
### Creating test dataset
from data/PAB/annotation/test/attr.json loading 1978 data
test dataset -->    be_pose_img: True
     test_dataset: 1978
### Creating test dataloader
### be careful: func create_loader returns a list length of 1
     test_loader: 90
### Creating model
build_vision_encoder: load swin 224 x 224 ====>
missing_keys:  []
unexpected_keys:  ['head.weight', 'head.bias']
build_text_encoder: load bert ====>
missing_keys: ['bert.encoder.layer.10.crossattention.output.LayerNorm.bias', 'bert.encoder.layer.10.crossattention.output.LayerNorm.weight', 'bert.encoder.layer.10.crossattention.output.dense.bias', 'bert.encoder.layer.10.crossattention.output.dense.weight', 'bert.encoder.layer.10.crossattention.self.key.bias', 'bert.encoder.layer.10.crossattention.self.key.weight', 'bert.encoder.layer.10.crossattention.self.query.bias', 'bert.encoder.layer.10.crossattention.self.query.weight', 'bert.encoder.layer.10.crossattention.self.value.bias', 'bert.encoder.layer.10.crossattention.self.value.weight', 'bert.encoder.layer.11.crossattention.output.LayerNorm.bias', 'bert.encoder.layer.11.crossattention.output.LayerNorm.weight', 'bert.encoder.layer.11.crossattention.output.dense.bias', 'bert.encoder.layer.11.crossattention.output.dense.weight', 'bert.encoder.layer.11.crossattention.self.key.bias', 'bert.encoder.layer.11.crossattention.self.key.weight', 'bert.encoder.layer.11.crossattention.self.query.bias', 'bert.encoder.layer.11.crossattention.self.query.weight', 'bert.encoder.layer.11.crossattention.self.value.bias', 'bert.encoder.layer.11.crossattention.self.value.weight', 'bert.encoder.layer.6.crossattention.output.LayerNorm.bias', 'bert.encoder.layer.6.crossattention.output.LayerNorm.weight', 'bert.encoder.layer.6.crossattention.output.dense.bias', 'bert.encoder.layer.6.crossattention.output.dense.weight', 'bert.encoder.layer.6.crossattention.self.key.bias', 'bert.encoder.layer.6.crossattention.self.key.weight', 'bert.encoder.layer.6.crossattention.self.query.bias', 'bert.encoder.layer.6.crossattention.self.query.weight', 'bert.encoder.layer.6.crossattention.self.value.bias', 'bert.encoder.layer.6.crossattention.self.value.weight', 'bert.encoder.layer.7.crossattention.output.LayerNorm.bias', 'bert.encoder.layer.7.crossattention.output.LayerNorm.weight', 'bert.encoder.layer.7.crossattention.output.dense.bias', 'bert.encoder.layer.7.crossattention.output.dense.weight', 'bert.encoder.layer.7.crossattention.self.key.bias', 'bert.encoder.layer.7.crossattention.self.key.weight', 'bert.encoder.layer.7.crossattention.self.query.bias', 'bert.encoder.layer.7.crossattention.self.query.weight', 'bert.encoder.layer.7.crossattention.self.value.bias', 'bert.encoder.layer.7.crossattention.self.value.weight', 'bert.encoder.layer.8.crossattention.output.LayerNorm.bias', 'bert.encoder.layer.8.crossattention.output.LayerNorm.weight', 'bert.encoder.layer.8.crossattention.output.dense.bias', 'bert.encoder.layer.8.crossattention.output.dense.weight', 'bert.encoder.layer.8.crossattention.self.key.bias', 'bert.encoder.layer.8.crossattention.self.key.weight', 'bert.encoder.layer.8.crossattention.self.query.bias', 'bert.encoder.layer.8.crossattention.self.query.weight', 'bert.encoder.layer.8.crossattention.self.value.bias', 'bert.encoder.layer.8.crossattention.self.value.weight', 'bert.encoder.layer.9.crossattention.output.LayerNorm.bias', 'bert.encoder.layer.9.crossattention.output.LayerNorm.weight', 'bert.encoder.layer.9.crossattention.output.dense.bias', 'bert.encoder.layer.9.crossattention.output.dense.weight', 'bert.encoder.layer.9.crossattention.self.key.bias', 'bert.encoder.layer.9.crossattention.self.key.weight', 'bert.encoder.layer.9.crossattention.self.query.bias', 'bert.encoder.layer.9.crossattention.self.query.weight', 'bert.encoder.layer.9.crossattention.self.value.bias', 'bert.encoder.layer.9.crossattention.self.value.weight']
unexpected_keys: ['cls.seq_relationship.bias', 'cls.seq_relationship.weight']
mismatched_keys: []
error_msgs: []
Label Smooth: 0.2
pose_conv
load checkpoint from checkpoint/cmp.pth
missing_keys:  ['uncertainty_temper', 'prompt_learning_embedding']
unexpected_keys:  []
     Total Params Sum:  254264985
### Inference ITC similiarity matrix
### Zero-Shot Score: 
+-------+--------+--------+--------+--------+--------+
| epoch |   R1   |   R5   |  R10   |  mAP   |  mINP  |
+-------+--------+--------+--------+--------+--------+
|  -999 | 69.414 | 95.197 | 97.776 | 81.233 | 81.233 |
|  -999 | 84.277 | 99.039 | 99.596 | 91.276 | 91.276 |
+-------+--------+--------+--------+--------+--------+
### TTA:
     preprocess_tta_coefficients  start
     sample selection ...
     number of sample after sample_selection: 1978
     uncertainty ...
     preprocess_tta_coefficients  end
### Creating tta dataset
     tta_dataset: 1978
### Creating tta dataloader
### be careful: func create_loader returns a list length of 1
     tta_loader: 123
### Configure adapted weights
     TTA Dropout Modules: 
 [('vision_encoder.pos_drop', Dropout(p=0, inplace=False), True), ('vision_encoder.layers.0.blocks.0.attn.attn_drop', Dropout(p=0.0, inplace=False), True), ('vision_encoder.layers.0.blocks.0.attn.proj_drop', Dropout(p=0, inplace=False), True), ('vision_encoder.layers.0.blocks.0.mlp.drop', Dropout(p=0, inplace=False), True), ('vision_encoder.layers.0.blocks.1.attn.attn_drop', Dropout(p=0.0, inplace=False), True), ('vision_encoder.layers.0.blocks.1.attn.proj_drop', Dropout(p=0, inplace=False), True), ('vision_encoder.layers.0.blocks.1.mlp.drop', Dropout(p=0, inplace=False), True), ('vision_encoder.layers.1.blocks.0.attn.attn_drop', Dropout(p=0.0, inplace=False), True), ('vision_encoder.layers.1.blocks.0.attn.proj_drop', Dropout(p=0, inplace=False), True), ('vision_encoder.layers.1.blocks.0.mlp.drop', Dropout(p=0, inplace=False), True), ('vision_encoder.layers.1.blocks.1.attn.attn_drop', Dropout(p=0.0, inplace=False), True), ('vision_encoder.layers.1.blocks.1.attn.proj_drop', Dropout(p=0, inplace=False), True), ('vision_encoder.layers.1.blocks.1.mlp.drop', Dropout(p=0, inplace=False), True), ('vision_encoder.layers.2.blocks.0.attn.attn_drop', Dropout(p=0.0, inplace=False), True), ('vision_encoder.layers.2.blocks.0.attn.proj_drop', Dropout(p=0, inplace=False), True), ('vision_encoder.layers.2.blocks.0.mlp.drop', Dropout(p=0, inplace=False), True), ('vision_encoder.layers.2.blocks.1.attn.attn_drop', Dropout(p=0.0, inplace=False), True), ('vision_encoder.layers.2.blocks.1.attn.proj_drop', Dropout(p=0, inplace=False), True), ('vision_encoder.layers.2.blocks.1.mlp.drop', Dropout(p=0, inplace=False), True), ('vision_encoder.layers.2.blocks.2.attn.attn_drop', Dropout(p=0.0, inplace=False), True), ('vision_encoder.layers.2.blocks.2.attn.proj_drop', Dropout(p=0, inplace=False), True), ('vision_encoder.layers.2.blocks.2.mlp.drop', Dropout(p=0, inplace=False), True), ('vision_encoder.layers.2.blocks.3.attn.attn_drop', Dropout(p=0.0, inplace=False), True), ('vision_encoder.layers.2.blocks.3.attn.proj_drop', Dropout(p=0, inplace=False), True), ('vision_encoder.layers.2.blocks.3.mlp.drop', Dropout(p=0, inplace=False), True), ('vision_encoder.layers.2.blocks.4.attn.attn_drop', Dropout(p=0.0, inplace=False), True), ('vision_encoder.layers.2.blocks.4.attn.proj_drop', Dropout(p=0, inplace=False), True), ('vision_encoder.layers.2.blocks.4.mlp.drop', Dropout(p=0, inplace=False), True), ('vision_encoder.layers.2.blocks.5.attn.attn_drop', Dropout(p=0.0, inplace=False), True), ('vision_encoder.layers.2.blocks.5.attn.proj_drop', Dropout(p=0, inplace=False), True), ('vision_encoder.layers.2.blocks.5.mlp.drop', Dropout(p=0, inplace=False), True), ('vision_encoder.layers.2.blocks.6.attn.attn_drop', Dropout(p=0.0, inplace=False), True), ('vision_encoder.layers.2.blocks.6.attn.proj_drop', Dropout(p=0, inplace=False), True), ('vision_encoder.layers.2.blocks.6.mlp.drop', Dropout(p=0, inplace=False), True), ('vision_encoder.layers.2.blocks.7.attn.attn_drop', Dropout(p=0.0, inplace=False), True), ('vision_encoder.layers.2.blocks.7.attn.proj_drop', Dropout(p=0, inplace=False), True), ('vision_encoder.layers.2.blocks.7.mlp.drop', Dropout(p=0, inplace=False), True), ('vision_encoder.layers.2.blocks.8.attn.attn_drop', Dropout(p=0.0, inplace=False), True), ('vision_encoder.layers.2.blocks.8.attn.proj_drop', Dropout(p=0, inplace=False), True), ('vision_encoder.layers.2.blocks.8.mlp.drop', Dropout(p=0, inplace=False), True), ('vision_encoder.layers.2.blocks.9.attn.attn_drop', Dropout(p=0.0, inplace=False), True), ('vision_encoder.layers.2.blocks.9.attn.proj_drop', Dropout(p=0, inplace=False), True), ('vision_encoder.layers.2.blocks.9.mlp.drop', Dropout(p=0, inplace=False), True), ('vision_encoder.layers.2.blocks.10.attn.attn_drop', Dropout(p=0.0, inplace=False), True), ('vision_encoder.layers.2.blocks.10.attn.proj_drop', Dropout(p=0, inplace=False), True), ('vision_encoder.layers.2.blocks.10.mlp.drop', Dropout(p=0, inplace=False), True), ('vision_encoder.layers.2.blocks.11.attn.attn_drop', Dropout(p=0.0, inplace=False), True), ('vision_encoder.layers.2.blocks.11.attn.proj_drop', Dropout(p=0, inplace=False), True), ('vision_encoder.layers.2.blocks.11.mlp.drop', Dropout(p=0, inplace=False), True), ('vision_encoder.layers.2.blocks.12.attn.attn_drop', Dropout(p=0.0, inplace=False), True), ('vision_encoder.layers.2.blocks.12.attn.proj_drop', Dropout(p=0, inplace=False), True), ('vision_encoder.layers.2.blocks.12.mlp.drop', Dropout(p=0, inplace=False), True), ('vision_encoder.layers.2.blocks.13.attn.attn_drop', Dropout(p=0.0, inplace=False), True), ('vision_encoder.layers.2.blocks.13.attn.proj_drop', Dropout(p=0, inplace=False), True), ('vision_encoder.layers.2.blocks.13.mlp.drop', Dropout(p=0, inplace=False), True), ('vision_encoder.layers.2.blocks.14.attn.attn_drop', Dropout(p=0.0, inplace=False), True), ('vision_encoder.layers.2.blocks.14.attn.proj_drop', Dropout(p=0, inplace=False), True), ('vision_encoder.layers.2.blocks.14.mlp.drop', Dropout(p=0, inplace=False), True), ('vision_encoder.layers.2.blocks.15.attn.attn_drop', Dropout(p=0.0, inplace=False), True), ('vision_encoder.layers.2.blocks.15.attn.proj_drop', Dropout(p=0, inplace=False), True), ('vision_encoder.layers.2.blocks.15.mlp.drop', Dropout(p=0, inplace=False), True), ('vision_encoder.layers.2.blocks.16.attn.attn_drop', Dropout(p=0.0, inplace=False), True), ('vision_encoder.layers.2.blocks.16.attn.proj_drop', Dropout(p=0, inplace=False), True), ('vision_encoder.layers.2.blocks.16.mlp.drop', Dropout(p=0, inplace=False), True), ('vision_encoder.layers.2.blocks.17.attn.attn_drop', Dropout(p=0.0, inplace=False), True), ('vision_encoder.layers.2.blocks.17.attn.proj_drop', Dropout(p=0, inplace=False), True), ('vision_encoder.layers.2.blocks.17.mlp.drop', Dropout(p=0, inplace=False), True), ('vision_encoder.layers.3.blocks.0.attn.attn_drop', Dropout(p=0.0, inplace=False), True), ('vision_encoder.layers.3.blocks.0.attn.proj_drop', Dropout(p=0, inplace=False), True), ('vision_encoder.layers.3.blocks.0.mlp.drop', Dropout(p=0, inplace=False), True), ('vision_encoder.layers.3.blocks.1.attn.attn_drop', Dropout(p=0.0, inplace=False), True), ('vision_encoder.layers.3.blocks.1.attn.proj_drop', Dropout(p=0, inplace=False), True), ('vision_encoder.layers.3.blocks.1.mlp.drop', Dropout(p=0, inplace=False), True), ('vision_proj.1', Dropout(p=0.5, inplace=False), True), ('text_proj.1', Dropout(p=0.5, inplace=False), True), ('pose_block.attn.attn_drop', Dropout(p=0.0, inplace=False), True), ('pose_block.attn.proj_drop', Dropout(p=0.0, inplace=False), True)]
     TTA Require Gradient Params: 
 [('text_encoder.bert.embeddings.LayerNorm.weight', torch.Size([768])), ('text_encoder.bert.embeddings.LayerNorm.bias', torch.Size([768])), ('text_encoder.bert.encoder.layer.6.attention.output.LayerNorm.weight', torch.Size([768])), ('text_encoder.bert.encoder.layer.6.attention.output.LayerNorm.bias', torch.Size([768])), ('text_encoder.bert.encoder.layer.6.crossattention.output.LayerNorm.weight', torch.Size([768])), ('text_encoder.bert.encoder.layer.6.crossattention.output.LayerNorm.bias', torch.Size([768])), ('text_encoder.bert.encoder.layer.6.output.LayerNorm.weight', torch.Size([768])), ('text_encoder.bert.encoder.layer.6.output.LayerNorm.bias', torch.Size([768])), ('text_encoder.bert.encoder.layer.7.attention.output.LayerNorm.weight', torch.Size([768])), ('text_encoder.bert.encoder.layer.7.attention.output.LayerNorm.bias', torch.Size([768])), ('text_encoder.bert.encoder.layer.7.crossattention.output.LayerNorm.weight', torch.Size([768])), ('text_encoder.bert.encoder.layer.7.crossattention.output.LayerNorm.bias', torch.Size([768])), ('text_encoder.bert.encoder.layer.7.output.LayerNorm.weight', torch.Size([768])), ('text_encoder.bert.encoder.layer.7.output.LayerNorm.bias', torch.Size([768])), ('text_encoder.bert.encoder.layer.8.attention.output.LayerNorm.weight', torch.Size([768])), ('text_encoder.bert.encoder.layer.8.attention.output.LayerNorm.bias', torch.Size([768])), ('text_encoder.bert.encoder.layer.8.crossattention.output.LayerNorm.weight', torch.Size([768])), ('text_encoder.bert.encoder.layer.8.crossattention.output.LayerNorm.bias', torch.Size([768])), ('text_encoder.bert.encoder.layer.8.output.LayerNorm.weight', torch.Size([768])), ('text_encoder.bert.encoder.layer.8.output.LayerNorm.bias', torch.Size([768])), ('text_encoder.bert.encoder.layer.9.attention.output.LayerNorm.weight', torch.Size([768])), ('text_encoder.bert.encoder.layer.9.attention.output.LayerNorm.bias', torch.Size([768])), ('text_encoder.bert.encoder.layer.9.crossattention.output.LayerNorm.weight', torch.Size([768])), ('text_encoder.bert.encoder.layer.9.crossattention.output.LayerNorm.bias', torch.Size([768])), ('text_encoder.bert.encoder.layer.9.output.LayerNorm.weight', torch.Size([768])), ('text_encoder.bert.encoder.layer.9.output.LayerNorm.bias', torch.Size([768])), ('text_encoder.bert.encoder.layer.10.attention.output.LayerNorm.weight', torch.Size([768])), ('text_encoder.bert.encoder.layer.10.attention.output.LayerNorm.bias', torch.Size([768])), ('text_encoder.bert.encoder.layer.10.crossattention.output.LayerNorm.weight', torch.Size([768])), ('text_encoder.bert.encoder.layer.10.crossattention.output.LayerNorm.bias', torch.Size([768])), ('text_encoder.bert.encoder.layer.10.output.LayerNorm.weight', torch.Size([768])), ('text_encoder.bert.encoder.layer.10.output.LayerNorm.bias', torch.Size([768])), ('text_encoder.bert.encoder.layer.11.attention.output.LayerNorm.weight', torch.Size([768])), ('text_encoder.bert.encoder.layer.11.attention.output.LayerNorm.bias', torch.Size([768])), ('text_encoder.bert.encoder.layer.11.crossattention.output.LayerNorm.weight', torch.Size([768])), ('text_encoder.bert.encoder.layer.11.crossattention.output.LayerNorm.bias', torch.Size([768])), ('text_encoder.bert.encoder.layer.11.output.LayerNorm.weight', torch.Size([768])), ('text_encoder.bert.encoder.layer.11.output.LayerNorm.bias', torch.Size([768])), ('text_encoder.cls.predictions.transform.LayerNorm.weight', torch.Size([768])), ('text_encoder.cls.predictions.transform.LayerNorm.bias', torch.Size([768])), ('itm_head.1.weight', torch.Size([1536])), ('itm_head.1.bias', torch.Size([1536]))]
     TTA Dropout Modules Number: 
 77
     TTA Require Gradient Params Sum: 
 33792
     lr:  0.001    lr_mult:  2
     model has 'init_params',  386
     num_tta_steps:  3720
     num_warmup_steps:  100
     sched: step
/home/jiahao/task/CMP/tta.py:206: FutureWarning: `torch.cuda.amp.GradScaler(args...)` is deprecated. Please use `torch.amp.GradScaler('cuda', args...)` instead.
  scaler = GradScaler()  # bf16
### Start ITM Test Time Adaptation
      TTA Epoch: [0] [  0/123]  eta: 0:02:14  lr: 0.000010  entropy: 0.3814  loss: 2.7648  time: 1.0938  data: 0.4704  max mem: 2639
      TTA Epoch: [0] [100/123]  eta: 0:00:01  lr: 0.001000  entropy: 0.0141  loss: 2.6197  time: 0.0416  data: 0.0027  max mem: 2671
      TTA Epoch: [0] [122/123]  eta: 0:00:00  lr: 0.000994  entropy: 0.2876  loss: 2.7185  time: 0.0384  data: 0.0010  max mem: 2671
      TTA Epoch: [0] Total time: 0:00:06 (0.0514 s / it)
     Averaged stats: lr: 0.0006  entropy: 0.2908  loss: 2.7308
     Computing matching score
      Evaluation: [   0/1978]  eta: 0:04:19    time: 0.1313  data: 0.0025  max mem: 2671
      Evaluation: [ 100/1978]  eta: 0:01:22    time: 0.0417  data: 0.0000  max mem: 2671
      Evaluation: [ 200/1978]  eta: 0:01:15    time: 0.0424  data: 0.0000  max mem: 2671
      Evaluation: [ 300/1978]  eta: 0:01:11    time: 0.0405  data: 0.0000  max mem: 2671
      Evaluation: [ 400/1978]  eta: 0:01:06    time: 0.0408  data: 0.0000  max mem: 2671
      Evaluation: [ 500/1978]  eta: 0:01:01    time: 0.0409  data: 0.0000  max mem: 2671
      Evaluation: [ 600/1978]  eta: 0:00:57    time: 0.0407  data: 0.0000  max mem: 2671
      Evaluation: [ 700/1978]  eta: 0:00:52    time: 0.0403  data: 0.0000  max mem: 2671
      Evaluation: [ 800/1978]  eta: 0:00:48    time: 0.0409  data: 0.0000  max mem: 2671
      Evaluation: [ 900/1978]  eta: 0:00:44    time: 0.0439  data: 0.0000  max mem: 2671
      Evaluation: [1000/1978]  eta: 0:00:40    time: 0.0406  data: 0.0000  max mem: 2671
      Evaluation: [1100/1978]  eta: 0:00:36    time: 0.0466  data: 0.0000  max mem: 2671
      Evaluation: [1200/1978]  eta: 0:00:32    time: 0.0401  data: 0.0000  max mem: 2671
      Evaluation: [1300/1978]  eta: 0:00:28    time: 0.0404  data: 0.0000  max mem: 2671
      Evaluation: [1400/1978]  eta: 0:00:24    time: 0.0400  data: 0.0000  max mem: 2671
      Evaluation: [1500/1978]  eta: 0:00:19    time: 0.0404  data: 0.0000  max mem: 2671
      Evaluation: [1600/1978]  eta: 0:00:15    time: 0.0403  data: 0.0000  max mem: 2671
      Evaluation: [1700/1978]  eta: 0:00:11    time: 0.0396  data: 0.0000  max mem: 2671
      Evaluation: [1800/1978]  eta: 0:00:07    time: 0.0402  data: 0.0000  max mem: 2671
      Evaluation: [1900/1978]  eta: 0:00:03    time: 0.0396  data: 0.0000  max mem: 2671
      Evaluation: [1977/1978]  eta: 0:00:00    time: 0.0402  data: 0.0000  max mem: 2671
      Evaluation: Total time: 0:01:21 (0.0413 s / it)
     Computing matching score time 0:01:21
### TTA ITM Score: 
+-------+--------+--------+--------+--------+--------+
| epoch |   R1   |   R5   |  R10   |  mAP   |  mINP  |
+-------+--------+--------+--------+--------+--------+
|  -999 | 69.414 | 95.197 | 97.776 | 81.233 | 81.233 |
|  -999 | 84.277 | 99.039 | 99.596 | 91.276 | 91.276 |
|   0   | 84.176 | 98.736 | 99.393 | 91.111 | 91.111 |
+-------+--------+--------+--------+--------+--------+
     logs:  {'epo': 0, 'R1': np.float32(84.176), 'R5': np.float32(98.736), 'R10': np.float32(99.393), 'mAP': np.float32(91.111), 'mINP': np.float32(91.111), 'lr': 0.000597, 'entropy': 0.29077, 'loss': 2.730759}
      TTA Epoch: [1] [  0/123]  eta: 0:00:56  lr: 0.000993  entropy: 0.1080  loss: 2.6615  time: 0.4563  data: 0.3999  max mem: 2671
      TTA Epoch: [1] [100/123]  eta: 0:00:00  lr: 0.000966  entropy: 0.1303  loss: 2.6628  time: 0.0387  data: 0.0026  max mem: 2671
      TTA Epoch: [1] [122/123]  eta: 0:00:00  lr: 0.000960  entropy: 0.1782  loss: 2.6901  time: 0.0381  data: 0.0047  max mem: 2671
      TTA Epoch: [1] Total time: 0:00:04 (0.0397 s / it)
     Averaged stats: lr: 0.0010  entropy: 0.1415  loss: 2.6737
     Computing matching score
      Evaluation: [   0/1978]  eta: 0:01:29    time: 0.0453  data: 0.0023  max mem: 2671
      Evaluation: [ 100/1978]  eta: 0:01:19    time: 0.0414  data: 0.0000  max mem: 2671
      Evaluation: [ 200/1978]  eta: 0:01:16    time: 0.0425  data: 0.0000  max mem: 2671
      Evaluation: [ 300/1978]  eta: 0:01:13    time: 0.0558  data: 0.0000  max mem: 2671
      Evaluation: [ 400/1978]  eta: 0:01:10    time: 0.0429  data: 0.0000  max mem: 2671
      Evaluation: [ 500/1978]  eta: 0:01:04    time: 0.0406  data: 0.0000  max mem: 2671
      Evaluation: [ 600/1978]  eta: 0:00:59    time: 0.0411  data: 0.0000  max mem: 2671
      Evaluation: [ 700/1978]  eta: 0:00:54    time: 0.0401  data: 0.0000  max mem: 2671
      Evaluation: [ 800/1978]  eta: 0:00:50    time: 0.0398  data: 0.0000  max mem: 2671
      Evaluation: [ 900/1978]  eta: 0:00:45    time: 0.0398  data: 0.0000  max mem: 2671
      Evaluation: [1000/1978]  eta: 0:00:41    time: 0.0408  data: 0.0000  max mem: 2671
      Evaluation: [1100/1978]  eta: 0:00:36    time: 0.0404  data: 0.0000  max mem: 2671
      Evaluation: [1200/1978]  eta: 0:00:32    time: 0.0410  data: 0.0000  max mem: 2671
      Evaluation: [1300/1978]  eta: 0:00:28    time: 0.0408  data: 0.0000  max mem: 2671
      Evaluation: [1400/1978]  eta: 0:00:24    time: 0.0410  data: 0.0000  max mem: 2671
      Evaluation: [1500/1978]  eta: 0:00:19    time: 0.0453  data: 0.0000  max mem: 2671
      Evaluation: [1600/1978]  eta: 0:00:15    time: 0.0405  data: 0.0000  max mem: 2671
      Evaluation: [1700/1978]  eta: 0:00:11    time: 0.0444  data: 0.0000  max mem: 2671
      Evaluation: [1800/1978]  eta: 0:00:07    time: 0.0404  data: 0.0000  max mem: 2671
      Evaluation: [1900/1978]  eta: 0:00:03    time: 0.0405  data: 0.0000  max mem: 2671
      Evaluation: [1977/1978]  eta: 0:00:00    time: 0.0405  data: 0.0000  max mem: 2671
      Evaluation: Total time: 0:01:22 (0.0420 s / it)
     Computing matching score time 0:01:23
### TTA ITM Score: 
+-------+--------+--------+--------+--------+--------+
| epoch |   R1   |   R5   |  R10   |  mAP   |  mINP  |
+-------+--------+--------+--------+--------+--------+
|  -999 | 69.414 | 95.197 | 97.776 | 81.233 | 81.233 |
|  -999 | 84.277 | 99.039 | 99.596 | 91.276 | 91.276 |
|   0   | 84.176 | 98.736 | 99.393 | 91.111 | 91.111 |
|   1   | 84.429 | 98.888 | 99.292 | 91.256 | 91.256 |
+-------+--------+--------+--------+--------+--------+
     logs:  {'epo': 1, 'R1': np.float32(84.429), 'R5': np.float32(98.888), 'R10': np.float32(99.292), 'mAP': np.float32(91.256), 'mINP': np.float32(91.256), 'lr': 0.000977, 'entropy': 0.14148, 'loss': 2.673679}
      TTA Epoch: [2] [  0/123]  eta: 0:00:52  lr: 0.000959  entropy: 0.0878  loss: 2.6659  time: 0.4277  data: 0.3727  max mem: 2671
      TTA Epoch: [2] [100/123]  eta: 0:00:00  lr: 0.000932  entropy: 0.1500  loss: 2.6818  time: 0.0330  data: 0.0001  max mem: 2671
      TTA Epoch: [2] [122/123]  eta: 0:00:00  lr: 0.000926  entropy: 0.0505  loss: 2.6359  time: 0.0311  data: 0.0001  max mem: 2671
      TTA Epoch: [2] Total time: 0:00:04 (0.0365 s / it)
     Averaged stats: lr: 0.0009  entropy: 0.0942  loss: 2.6558
     Computing matching score
      Evaluation: [   0/1978]  eta: 0:01:27    time: 0.0444  data: 0.0024  max mem: 2671
      Evaluation: [ 100/1978]  eta: 0:01:14    time: 0.0396  data: 0.0000  max mem: 2671
      Evaluation: [ 200/1978]  eta: 0:01:10    time: 0.0396  data: 0.0000  max mem: 2671
      Evaluation: [ 300/1978]  eta: 0:01:06    time: 0.0405  data: 0.0000  max mem: 2671
      Evaluation: [ 400/1978]  eta: 0:01:02    time: 0.0397  data: 0.0000  max mem: 2671
      Evaluation: [ 500/1978]  eta: 0:00:58    time: 0.0404  data: 0.0000  max mem: 2671
      Evaluation: [ 600/1978]  eta: 0:00:55    time: 0.0414  data: 0.0000  max mem: 2671
      Evaluation: [ 700/1978]  eta: 0:00:51    time: 0.0413  data: 0.0000  max mem: 2671
      Evaluation: [ 800/1978]  eta: 0:00:47    time: 0.0436  data: 0.0000  max mem: 2671
      Evaluation: [ 900/1978]  eta: 0:00:43    time: 0.0406  data: 0.0000  max mem: 2671
      Evaluation: [1000/1978]  eta: 0:00:40    time: 0.0457  data: 0.0000  max mem: 2671
      Evaluation: [1100/1978]  eta: 0:00:36    time: 0.0396  data: 0.0000  max mem: 2671
      Evaluation: [1200/1978]  eta: 0:00:32    time: 0.0400  data: 0.0000  max mem: 2671
      Evaluation: [1300/1978]  eta: 0:00:27    time: 0.0403  data: 0.0000  max mem: 2671
      Evaluation: [1400/1978]  eta: 0:00:23    time: 0.0396  data: 0.0000  max mem: 2671
      Evaluation: [1500/1978]  eta: 0:00:19    time: 0.0397  data: 0.0000  max mem: 2671
      Evaluation: [1600/1978]  eta: 0:00:15    time: 0.0396  data: 0.0000  max mem: 2671
      Evaluation: [1700/1978]  eta: 0:00:11    time: 0.0398  data: 0.0000  max mem: 2671
      Evaluation: [1800/1978]  eta: 0:00:07    time: 0.0397  data: 0.0000  max mem: 2671
      Evaluation: [1900/1978]  eta: 0:00:03    time: 0.0408  data: 0.0000  max mem: 2671
      Evaluation: [1977/1978]  eta: 0:00:00    time: 0.0406  data: 0.0000  max mem: 2671
      Evaluation: Total time: 0:01:20 (0.0407 s / it)
     Computing matching score time 0:01:20
### TTA ITM Score: 
+-------+--------+--------+--------+--------+--------+
| epoch |   R1   |   R5   |  R10   |  mAP   |  mINP  |
+-------+--------+--------+--------+--------+--------+
|  -999 | 69.414 | 95.197 | 97.776 | 81.233 | 81.233 |
|  -999 | 84.277 | 99.039 | 99.596 | 91.276 | 91.276 |
|   0   | 84.176 | 98.736 | 99.393 | 91.111 | 91.111 |
|   1   | 84.429 | 98.888 | 99.292 | 91.256 | 91.256 |
|   2   | 84.833 | 98.686 | 99.393 | 91.433 | 91.433 |
+-------+--------+--------+--------+--------+--------+
     logs:  {'epo': 2, 'R1': np.float32(84.833), 'R5': np.float32(98.686), 'R10': np.float32(99.393), 'mAP': np.float32(91.433), 'mINP': np.float32(91.433), 'lr': 0.000943, 'entropy': 0.094172, 'loss': 2.655807}
      TTA Epoch: [3] [  0/123]  eta: 0:00:56  lr: 0.000925  entropy: 0.0939  loss: 2.6589  time: 0.4618  data: 0.4061  max mem: 2671
      TTA Epoch: [3] [100/123]  eta: 0:00:00  lr: 0.000449  entropy: 0.0531  loss: 2.6465  time: 0.0377  data: 0.0001  max mem: 2671
      TTA Epoch: [3] [122/123]  eta: 0:00:00  lr: 0.000446  entropy: 0.1001  loss: 2.6420  time: 0.0332  data: 0.0001  max mem: 2671
      TTA Epoch: [3] Total time: 0:00:05 (0.0408 s / it)
     Averaged stats: lr: 0.0006  entropy: 0.0757  loss: 2.6487
     Computing matching score
      Evaluation: [   0/1978]  eta: 0:01:35    time: 0.0483  data: 0.0034  max mem: 2671
      Evaluation: [ 100/1978]  eta: 0:01:22    time: 0.0421  data: 0.0000  max mem: 2671
      Evaluation: [ 200/1978]  eta: 0:01:16    time: 0.0475  data: 0.0000  max mem: 2671
      Evaluation: [ 300/1978]  eta: 0:01:13    time: 0.0465  data: 0.0000  max mem: 2671
      Evaluation: [ 400/1978]  eta: 0:01:08    time: 0.0410  data: 0.0000  max mem: 2671
      Evaluation: [ 500/1978]  eta: 0:01:03    time: 0.0407  data: 0.0000  max mem: 2671
      Evaluation: [ 600/1978]  eta: 0:00:58    time: 0.0405  data: 0.0000  max mem: 2671
      Evaluation: [ 700/1978]  eta: 0:00:54    time: 0.0417  data: 0.0000  max mem: 2671
      Evaluation: [ 800/1978]  eta: 0:00:49    time: 0.0413  data: 0.0000  max mem: 2671
      Evaluation: [ 900/1978]  eta: 0:00:45    time: 0.0412  data: 0.0000  max mem: 2671
      Evaluation: [1000/1978]  eta: 0:00:41    time: 0.0417  data: 0.0000  max mem: 2671
      Evaluation: [1100/1978]  eta: 0:00:36    time: 0.0428  data: 0.0000  max mem: 2671
      Evaluation: [1200/1978]  eta: 0:00:32    time: 0.0424  data: 0.0000  max mem: 2671
      Evaluation: [1300/1978]  eta: 0:00:28    time: 0.0431  data: 0.0000  max mem: 2671
      Evaluation: [1400/1978]  eta: 0:00:24    time: 0.0464  data: 0.0000  max mem: 2671
      Evaluation: [1500/1978]  eta: 0:00:20    time: 0.0447  data: 0.0000  max mem: 2671
      Evaluation: [1600/1978]  eta: 0:00:16    time: 0.0482  data: 0.0000  max mem: 2671
      Evaluation: [1700/1978]  eta: 0:00:11    time: 0.0416  data: 0.0000  max mem: 2671
      Evaluation: [1800/1978]  eta: 0:00:07    time: 0.0415  data: 0.0000  max mem: 2671
      Evaluation: [1900/1978]  eta: 0:00:03    time: 0.0413  data: 0.0000  max mem: 2671
      Evaluation: [1977/1978]  eta: 0:00:00    time: 0.0409  data: 0.0000  max mem: 2671
      Evaluation: Total time: 0:01:24 (0.0426 s / it)
     Computing matching score time 0:01:24
### TTA ITM Score: 
+-------+--------+--------+--------+--------+--------+
| epoch |   R1   |   R5   |  R10   |  mAP   |  mINP  |
+-------+--------+--------+--------+--------+--------+
|  -999 | 69.414 | 95.197 | 97.776 | 81.233 | 81.233 |
|  -999 | 84.277 | 99.039 | 99.596 | 91.276 | 91.276 |
|   0   | 84.176 | 98.736 | 99.393 | 91.111 | 91.111 |
|   1   | 84.429 | 98.888 | 99.292 | 91.256 | 91.256 |
|   2   | 84.833 | 98.686 | 99.393 | 91.433 | 91.433 |
|   3   | 85.086 | 98.686 | 99.393 | 91.580 | 91.580 |
+-------+--------+--------+--------+--------+--------+
     logs:  {'epo': 3, 'R1': np.float32(85.086), 'R5': np.float32(98.686), 'R10': np.float32(99.393), 'mAP': np.float32(91.58), 'mINP': np.float32(91.58), 'lr': 0.000567, 'entropy': 0.0757, 'loss': 2.648713}
      TTA Epoch: [4] [  0/123]  eta: 0:00:51  lr: 0.000446  entropy: 0.0579  loss: 2.6484  time: 0.4212  data: 0.3659  max mem: 2671
      TTA Epoch: [4] [100/123]  eta: 0:00:00  lr: 0.000432  entropy: 0.0929  loss: 2.6517  time: 0.0327  data: 0.0001  max mem: 2671
      TTA Epoch: [4] [122/123]  eta: 0:00:00  lr: 0.000429  entropy: 0.0729  loss: 2.6485  time: 0.0325  data: 0.0001  max mem: 2671
      TTA Epoch: [4] Total time: 0:00:04 (0.0375 s / it)
     Averaged stats: lr: 0.0004  entropy: 0.0693  loss: 2.6462
     Computing matching score
      Evaluation: [   0/1978]  eta: 0:01:34    time: 0.0478  data: 0.0037  max mem: 2671
      Evaluation: [ 100/1978]  eta: 0:01:20    time: 0.0422  data: 0.0000  max mem: 2671
      Evaluation: [ 200/1978]  eta: 0:01:16    time: 0.0456  data: 0.0000  max mem: 2671
      Evaluation: [ 300/1978]  eta: 0:01:11    time: 0.0423  data: 0.0000  max mem: 2671
      Evaluation: [ 400/1978]  eta: 0:01:07    time: 0.0438  data: 0.0000  max mem: 2671
      Evaluation: [ 500/1978]  eta: 0:01:03    time: 0.0433  data: 0.0000  max mem: 2671
      Evaluation: [ 600/1978]  eta: 0:00:59    time: 0.0469  data: 0.0000  max mem: 2671
      Evaluation: [ 700/1978]  eta: 0:00:55    time: 0.0417  data: 0.0000  max mem: 2671
      Evaluation: [ 800/1978]  eta: 0:00:51    time: 0.0462  data: 0.0000  max mem: 2671
      Evaluation: [ 900/1978]  eta: 0:00:47    time: 0.0409  data: 0.0000  max mem: 2671
      Evaluation: [1000/1978]  eta: 0:00:42    time: 0.0405  data: 0.0000  max mem: 2671
      Evaluation: [1100/1978]  eta: 0:00:37    time: 0.0403  data: 0.0000  max mem: 2671
      Evaluation: [1200/1978]  eta: 0:00:33    time: 0.0404  data: 0.0000  max mem: 2671
      Evaluation: [1300/1978]  eta: 0:00:29    time: 0.0405  data: 0.0000  max mem: 2671
      Evaluation: [1400/1978]  eta: 0:00:24    time: 0.0405  data: 0.0000  max mem: 2671
      Evaluation: [1500/1978]  eta: 0:00:20    time: 0.0401  data: 0.0000  max mem: 2671
      Evaluation: [1600/1978]  eta: 0:00:16    time: 0.0401  data: 0.0000  max mem: 2671
      Evaluation: [1700/1978]  eta: 0:00:11    time: 0.0401  data: 0.0000  max mem: 2671
      Evaluation: [1800/1978]  eta: 0:00:07    time: 0.0413  data: 0.0000  max mem: 2671
      Evaluation: [1900/1978]  eta: 0:00:03    time: 0.0407  data: 0.0000  max mem: 2671
      Evaluation: [1977/1978]  eta: 0:00:00    time: 0.0435  data: 0.0000  max mem: 2671
      Evaluation: Total time: 0:01:23 (0.0422 s / it)
     Computing matching score time 0:01:23
### TTA ITM Score: 
+-------+--------+--------+--------+--------+--------+
| epoch |   R1   |   R5   |  R10   |  mAP   |  mINP  |
+-------+--------+--------+--------+--------+--------+
|  -999 | 69.414 | 95.197 | 97.776 | 81.233 | 81.233 |
|  -999 | 84.277 | 99.039 | 99.596 | 91.276 | 91.276 |
|   0   | 84.176 | 98.736 | 99.393 | 91.111 | 91.111 |
|   1   | 84.429 | 98.888 | 99.292 | 91.256 | 91.256 |
|   2   | 84.833 | 98.686 | 99.393 | 91.433 | 91.433 |
|   3   | 85.086 | 98.686 | 99.393 | 91.580 | 91.580 |
|   4   | 85.490 | 98.635 | 99.393 | 91.768 | 91.768 |
+-------+--------+--------+--------+--------+--------+
     logs:  {'epo': 4, 'R1': np.float32(85.49), 'R5': np.float32(98.635), 'R10': np.float32(99.393), 'mAP': np.float32(91.768), 'mINP': np.float32(91.768), 'lr': 0.000437, 'entropy': 0.069344, 'loss': 2.646235}
      TTA Epoch: [5] [  0/123]  eta: 0:00:51  lr: 0.000429  entropy: 0.0209  loss: 2.6247  time: 0.4201  data: 0.3644  max mem: 2671
      TTA Epoch: [5] [100/123]  eta: 0:00:01  lr: 0.000166  entropy: 0.0536  loss: 2.6375  time: 0.0791  data: 0.0242  max mem: 2671
      TTA Epoch: [5] [122/123]  eta: 0:00:00  lr: 0.000165  entropy: 0.1102  loss: 2.6512  time: 0.0520  data: 0.0088  max mem: 2671
      TTA Epoch: [5] Total time: 0:00:06 (0.0511 s / it)
     Averaged stats: lr: 0.0003  entropy: 0.0587  loss: 2.6422
     Computing matching score
      Evaluation: [   0/1978]  eta: 0:01:41    time: 0.0515  data: 0.0034  max mem: 2671
      Evaluation: [ 100/1978]  eta: 0:01:22    time: 0.0403  data: 0.0000  max mem: 2671
      Evaluation: [ 200/1978]  eta: 0:01:15    time: 0.0405  data: 0.0000  max mem: 2671
      Evaluation: [ 300/1978]  eta: 0:01:09    time: 0.0404  data: 0.0000  max mem: 2671
      Evaluation: [ 400/1978]  eta: 0:01:05    time: 0.0400  data: 0.0000  max mem: 2671
      Evaluation: [ 500/1978]  eta: 0:01:00    time: 0.0399  data: 0.0000  max mem: 2671
      Evaluation: [ 600/1978]  eta: 0:00:56    time: 0.0403  data: 0.0000  max mem: 2671
      Evaluation: [ 700/1978]  eta: 0:00:52    time: 0.0408  data: 0.0000  max mem: 2671
      Evaluation: [ 800/1978]  eta: 0:00:48    time: 0.0406  data: 0.0000  max mem: 2671
      Evaluation: [ 900/1978]  eta: 0:00:44    time: 0.0408  data: 0.0000  max mem: 2671
      Evaluation: [1000/1978]  eta: 0:00:39    time: 0.0418  data: 0.0000  max mem: 2671
      Evaluation: [1100/1978]  eta: 0:00:35    time: 0.0415  data: 0.0000  max mem: 2671
      Evaluation: [1200/1978]  eta: 0:00:32    time: 0.0453  data: 0.0000  max mem: 2671
      Evaluation: [1300/1978]  eta: 0:00:27    time: 0.0419  data: 0.0000  max mem: 2671
      Evaluation: [1400/1978]  eta: 0:00:24    time: 0.0471  data: 0.0000  max mem: 2671
      Evaluation: [1500/1978]  eta: 0:00:20    time: 0.0419  data: 0.0000  max mem: 2671
      Evaluation: [1600/1978]  eta: 0:00:15    time: 0.0421  data: 0.0000  max mem: 2671
      Evaluation: [1700/1978]  eta: 0:00:11    time: 0.0418  data: 0.0000  max mem: 2671
      Evaluation: [1800/1978]  eta: 0:00:07    time: 0.0413  data: 0.0000  max mem: 2671
      Evaluation: [1900/1978]  eta: 0:00:03    time: 0.0415  data: 0.0000  max mem: 2671
      Evaluation: [1977/1978]  eta: 0:00:00    time: 0.0415  data: 0.0000  max mem: 2671
      Evaluation: Total time: 0:01:22 (0.0419 s / it)
     Computing matching score time 0:01:23
### TTA ITM Score: 
+-------+--------+--------+--------+--------+--------+
| epoch |   R1   |   R5   |  R10   |  mAP   |  mINP  |
+-------+--------+--------+--------+--------+--------+
|  -999 | 69.414 | 95.197 | 97.776 | 81.233 | 81.233 |
|  -999 | 84.277 | 99.039 | 99.596 | 91.276 | 91.276 |
|   0   | 84.176 | 98.736 | 99.393 | 91.111 | 91.111 |
|   1   | 84.429 | 98.888 | 99.292 | 91.256 | 91.256 |
|   2   | 84.833 | 98.686 | 99.393 | 91.433 | 91.433 |
|   3   | 85.086 | 98.686 | 99.393 | 91.580 | 91.580 |
|   4   | 85.490 | 98.635 | 99.393 | 91.768 | 91.768 |
|   5   | 85.086 | 98.686 | 99.292 | 91.572 | 91.572 |
+-------+--------+--------+--------+--------+--------+
     logs:  {'epo': 5, 'R1': np.float32(85.086), 'R5': np.float32(98.686), 'R10': np.float32(99.292), 'mAP': np.float32(91.572), 'mINP': np.float32(91.572), 'lr': 0.000341, 'entropy': 0.058721, 'loss': 2.642248}
      TTA Epoch: [6] [  0/123]  eta: 0:01:08  lr: 0.000165  entropy: 0.1215  loss: 2.6668  time: 0.5608  data: 0.5105  max mem: 2671
      TTA Epoch: [6] [100/123]  eta: 0:00:00  lr: 0.000159  entropy: 0.0029  loss: 2.6241  time: 0.0345  data: 0.0001  max mem: 2671
      TTA Epoch: [6] [122/123]  eta: 0:00:00  lr: 0.000158  entropy: 0.0712  loss: 2.6518  time: 0.0321  data: 0.0001  max mem: 2671
      TTA Epoch: [6] Total time: 0:00:04 (0.0387 s / it)
     Averaged stats: lr: 0.0002  entropy: 0.0508  loss: 2.6392
     Computing matching score
      Evaluation: [   0/1978]  eta: 0:01:33    time: 0.0472  data: 0.0024  max mem: 2671
      Evaluation: [ 100/1978]  eta: 0:01:19    time: 0.0430  data: 0.0000  max mem: 2671
      Evaluation: [ 200/1978]  eta: 0:01:15    time: 0.0432  data: 0.0000  max mem: 2671
      Evaluation: [ 300/1978]  eta: 0:01:11    time: 0.0429  data: 0.0000  max mem: 2671
      Evaluation: [ 400/1978]  eta: 0:01:08    time: 0.0466  data: 0.0000  max mem: 2671
      Evaluation: [ 500/1978]  eta: 0:01:03    time: 0.0420  data: 0.0000  max mem: 2671
      Evaluation: [ 600/1978]  eta: 0:01:00    time: 0.0482  data: 0.0000  max mem: 2671
      Evaluation: [ 700/1978]  eta: 0:00:56    time: 0.0421  data: 0.0000  max mem: 2671
      Evaluation: [ 800/1978]  eta: 0:00:51    time: 0.0420  data: 0.0000  max mem: 2671
      Evaluation: [ 900/1978]  eta: 0:00:47    time: 0.0419  data: 0.0000  max mem: 2671
      Evaluation: [1000/1978]  eta: 0:00:42    time: 0.0418  data: 0.0000  max mem: 2671
      Evaluation: [1100/1978]  eta: 0:00:38    time: 0.0419  data: 0.0000  max mem: 2671
      Evaluation: [1200/1978]  eta: 0:00:33    time: 0.0418  data: 0.0000  max mem: 2671
      Evaluation: [1300/1978]  eta: 0:00:29    time: 0.0413  data: 0.0000  max mem: 2671
      Evaluation: [1400/1978]  eta: 0:00:24    time: 0.0420  data: 0.0000  max mem: 2671
      Evaluation: [1500/1978]  eta: 0:00:20    time: 0.0420  data: 0.0000  max mem: 2671
      Evaluation: [1600/1978]  eta: 0:00:16    time: 0.0420  data: 0.0000  max mem: 2671
      Evaluation: [1700/1978]  eta: 0:00:11    time: 0.0477  data: 0.0000  max mem: 2671
      Evaluation: [1800/1978]  eta: 0:00:07    time: 0.0412  data: 0.0000  max mem: 2671
      Evaluation: [1900/1978]  eta: 0:00:03    time: 0.0482  data: 0.0000  max mem: 2671
      Evaluation: [1977/1978]  eta: 0:00:00    time: 0.0481  data: 0.0000  max mem: 2671
      Evaluation: Total time: 0:01:25 (0.0433 s / it)
     Computing matching score time 0:01:25
### TTA ITM Score: 
+-------+--------+--------+--------+--------+--------+
| epoch |   R1   |   R5   |  R10   |  mAP   |  mINP  |
+-------+--------+--------+--------+--------+--------+
|  -999 | 69.414 | 95.197 | 97.776 | 81.233 | 81.233 |
|  -999 | 84.277 | 99.039 | 99.596 | 91.276 | 91.276 |
|   0   | 84.176 | 98.736 | 99.393 | 91.111 | 91.111 |
|   1   | 84.429 | 98.888 | 99.292 | 91.256 | 91.256 |
|   2   | 84.833 | 98.686 | 99.393 | 91.433 | 91.433 |
|   3   | 85.086 | 98.686 | 99.393 | 91.580 | 91.580 |
|   4   | 85.490 | 98.635 | 99.393 | 91.768 | 91.768 |
|   5   | 85.086 | 98.686 | 99.292 | 91.572 | 91.572 |
|   6   | 85.086 | 98.736 | 99.393 | 91.538 | 91.538 |
+-------+--------+--------+--------+--------+--------+
     logs:  {'epo': 6, 'R1': np.float32(85.086), 'R5': np.float32(98.736), 'R10': np.float32(99.393), 'mAP': np.float32(91.538), 'mINP': np.float32(91.538), 'lr': 0.000161, 'entropy': 0.05079, 'loss': 2.639188}
      TTA Epoch: [7] [  0/123]  eta: 0:00:56  lr: 0.000158  entropy: 0.0642  loss: 2.6482  time: 0.4629  data: 0.3747  max mem: 2671
      TTA Epoch: [7] [100/123]  eta: 0:00:00  lr: 0.000152  entropy: 0.1294  loss: 2.6713  time: 0.0369  data: 0.0002  max mem: 2671
      TTA Epoch: [7] [122/123]  eta: 0:00:00  lr: 0.000151  entropy: 0.0428  loss: 2.6226  time: 0.0309  data: 0.0001  max mem: 2671
      TTA Epoch: [7] Total time: 0:00:04 (0.0378 s / it)
     Averaged stats: lr: 0.0002  entropy: 0.0537  loss: 2.6403
     Computing matching score
      Evaluation: [   0/1978]  eta: 0:01:34    time: 0.0477  data: 0.0036  max mem: 2671
      Evaluation: [ 100/1978]  eta: 0:01:17    time: 0.0412  data: 0.0000  max mem: 2671
      Evaluation: [ 200/1978]  eta: 0:01:13    time: 0.0414  data: 0.0000  max mem: 2671
      Evaluation: [ 300/1978]  eta: 0:01:09    time: 0.0416  data: 0.0000  max mem: 2671
      Evaluation: [ 400/1978]  eta: 0:01:05    time: 0.0412  data: 0.0000  max mem: 2671
      Evaluation: [ 500/1978]  eta: 0:01:01    time: 0.0416  data: 0.0000  max mem: 2671
      Evaluation: [ 600/1978]  eta: 0:00:56    time: 0.0410  data: 0.0000  max mem: 2671
      Evaluation: [ 700/1978]  eta: 0:00:52    time: 0.0413  data: 0.0000  max mem: 2671
      Evaluation: [ 800/1978]  eta: 0:00:48    time: 0.0423  data: 0.0000  max mem: 2671
      Evaluation: [ 900/1978]  eta: 0:00:44    time: 0.0416  data: 0.0000  max mem: 2671
      Evaluation: [1000/1978]  eta: 0:00:40    time: 0.0415  data: 0.0000  max mem: 2671
      Evaluation: [1100/1978]  eta: 0:00:36    time: 0.0516  data: 0.0000  max mem: 2671
      Evaluation: [1200/1978]  eta: 0:00:33    time: 0.0418  data: 0.0000  max mem: 2671
      Evaluation: [1300/1978]  eta: 0:00:28    time: 0.0412  data: 0.0000  max mem: 2671
      Evaluation: [1400/1978]  eta: 0:00:24    time: 0.0406  data: 0.0000  max mem: 2671
      Evaluation: [1500/1978]  eta: 0:00:20    time: 0.0410  data: 0.0000  max mem: 2671
      Evaluation: [1600/1978]  eta: 0:00:15    time: 0.0407  data: 0.0000  max mem: 2671
      Evaluation: [1700/1978]  eta: 0:00:11    time: 0.0407  data: 0.0000  max mem: 2671
      Evaluation: [1800/1978]  eta: 0:00:07    time: 0.0411  data: 0.0000  max mem: 2671
      Evaluation: [1900/1978]  eta: 0:00:03    time: 0.0414  data: 0.0000  max mem: 2671
      Evaluation: [1977/1978]  eta: 0:00:00    time: 0.0412  data: 0.0000  max mem: 2671
      Evaluation: Total time: 0:01:22 (0.0419 s / it)
     Computing matching score time 0:01:23
### TTA ITM Score: 
+-------+--------+--------+--------+--------+--------+
| epoch |   R1   |   R5   |  R10   |  mAP   |  mINP  |
+-------+--------+--------+--------+--------+--------+
|  -999 | 69.414 | 95.197 | 97.776 | 81.233 | 81.233 |
|  -999 | 84.277 | 99.039 | 99.596 | 91.276 | 91.276 |
|   0   | 84.176 | 98.736 | 99.393 | 91.111 | 91.111 |
|   1   | 84.429 | 98.888 | 99.292 | 91.256 | 91.256 |
|   2   | 84.833 | 98.686 | 99.393 | 91.433 | 91.433 |
|   3   | 85.086 | 98.686 | 99.393 | 91.580 | 91.580 |
|   4   | 85.490 | 98.635 | 99.393 | 91.768 | 91.768 |
|   5   | 85.086 | 98.686 | 99.292 | 91.572 | 91.572 |
|   6   | 85.086 | 98.736 | 99.393 | 91.538 | 91.538 |
|   7   | 85.086 | 98.736 | 99.292 | 91.563 | 91.563 |
+-------+--------+--------+--------+--------+--------+
     logs:  {'epo': 7, 'R1': np.float32(85.086), 'R5': np.float32(98.736), 'R10': np.float32(99.292), 'mAP': np.float32(91.563), 'mINP': np.float32(91.563), 'lr': 0.000155, 'entropy': 0.053668, 'loss': 2.640273}
      TTA Epoch: [8] [  0/123]  eta: 0:00:49  lr: 0.000151  entropy: 0.0686  loss: 2.6374  time: 0.4041  data: 0.3488  max mem: 2671
      TTA Epoch: [8] [100/123]  eta: 0:00:00  lr: 0.000146  entropy: 0.0781  loss: 2.6504  time: 0.0366  data: 0.0002  max mem: 2671
      TTA Epoch: [8] [122/123]  eta: 0:00:00  lr: 0.000144  entropy: 0.0242  loss: 2.6193  time: 0.0344  data: 0.0002  max mem: 2671
      TTA Epoch: [8] Total time: 0:00:04 (0.0387 s / it)
     Averaged stats: lr: 0.0001  entropy: 0.0482  loss: 2.6383
     Computing matching score
      Evaluation: [   0/1978]  eta: 0:01:31    time: 0.0465  data: 0.0033  max mem: 2671
      Evaluation: [ 100/1978]  eta: 0:01:18    time: 0.0420  data: 0.0000  max mem: 2671
      Evaluation: [ 200/1978]  eta: 0:01:16    time: 0.0448  data: 0.0000  max mem: 2671
      Evaluation: [ 300/1978]  eta: 0:01:11    time: 0.0414  data: 0.0000  max mem: 2671
      Evaluation: [ 400/1978]  eta: 0:01:08    time: 0.0469  data: 0.0000  max mem: 2671
      Evaluation: [ 500/1978]  eta: 0:01:04    time: 0.0405  data: 0.0000  max mem: 2671
      Evaluation: [ 600/1978]  eta: 0:00:59    time: 0.0405  data: 0.0000  max mem: 2671
      Evaluation: [ 700/1978]  eta: 0:00:54    time: 0.0410  data: 0.0000  max mem: 2671
      Evaluation: [ 800/1978]  eta: 0:00:50    time: 0.0412  data: 0.0000  max mem: 2671
      Evaluation: [ 900/1978]  eta: 0:00:45    time: 0.0410  data: 0.0000  max mem: 2671
      Evaluation: [1000/1978]  eta: 0:00:41    time: 0.0409  data: 0.0000  max mem: 2671
      Evaluation: [1100/1978]  eta: 0:00:36    time: 0.0411  data: 0.0000  max mem: 2671
      Evaluation: [1200/1978]  eta: 0:00:32    time: 0.0406  data: 0.0000  max mem: 2671
      Evaluation: [1300/1978]  eta: 0:00:28    time: 0.0413  data: 0.0000  max mem: 2671
      Evaluation: [1400/1978]  eta: 0:00:24    time: 0.0419  data: 0.0000  max mem: 2671
      Evaluation: [1500/1978]  eta: 0:00:20    time: 0.0454  data: 0.0000  max mem: 2671
      Evaluation: [1600/1978]  eta: 0:00:15    time: 0.0421  data: 0.0000  max mem: 2671
      Evaluation: [1700/1978]  eta: 0:00:11    time: 0.0537  data: 0.0000  max mem: 2671
      Evaluation: [1800/1978]  eta: 0:00:07    time: 0.0434  data: 0.0000  max mem: 2671
      Evaluation: [1900/1978]  eta: 0:00:03    time: 0.0427  data: 0.0000  max mem: 2671
      Evaluation: [1977/1978]  eta: 0:00:00    time: 0.0430  data: 0.0000  max mem: 2671
      Evaluation: Total time: 0:01:24 (0.0428 s / it)
     Computing matching score time 0:01:24
### TTA ITM Score: 
+-------+--------+--------+--------+--------+--------+
| epoch |   R1   |   R5   |  R10   |  mAP   |  mINP  |
+-------+--------+--------+--------+--------+--------+
|  -999 | 69.414 | 95.197 | 97.776 | 81.233 | 81.233 |
|  -999 | 84.277 | 99.039 | 99.596 | 91.276 | 91.276 |
|   0   | 84.176 | 98.736 | 99.393 | 91.111 | 91.111 |
|   1   | 84.429 | 98.888 | 99.292 | 91.256 | 91.256 |
|   2   | 84.833 | 98.686 | 99.393 | 91.433 | 91.433 |
|   3   | 85.086 | 98.686 | 99.393 | 91.580 | 91.580 |
|   4   | 85.490 | 98.635 | 99.393 | 91.768 | 91.768 |
|   5   | 85.086 | 98.686 | 99.292 | 91.572 | 91.572 |
|   6   | 85.086 | 98.736 | 99.393 | 91.538 | 91.538 |
|   7   | 85.086 | 98.736 | 99.292 | 91.563 | 91.563 |
|   8   | 84.985 | 98.635 | 99.343 | 91.466 | 91.466 |
+-------+--------+--------+--------+--------+--------+
     logs:  {'epo': 8, 'R1': np.float32(84.985), 'R5': np.float32(98.635), 'R10': np.float32(99.343), 'mAP': np.float32(91.466), 'mINP': np.float32(91.466), 'lr': 0.000148, 'entropy': 0.04824, 'loss': 2.638262}
      TTA Epoch: [9] [  0/123]  eta: 0:00:52  lr: 0.000144  entropy: 0.0300  loss: 2.6234  time: 0.4297  data: 0.3750  max mem: 2671
      TTA Epoch: [9] [100/123]  eta: 0:00:00  lr: 0.000139  entropy: 0.0004  loss: 2.6365  time: 0.0346  data: 0.0002  max mem: 2671
      TTA Epoch: [9] [122/123]  eta: 0:00:00  lr: 0.000138  entropy: 0.0923  loss: 2.6524  time: 0.0315  data: 0.0001  max mem: 2671
      TTA Epoch: [9] Total time: 0:00:04 (0.0385 s / it)
     Averaged stats: lr: 0.0001  entropy: 0.0434  loss: 2.6364
     Computing matching score
      Evaluation: [   0/1978]  eta: 0:01:39    time: 0.0504  data: 0.0036  max mem: 2671
      Evaluation: [ 100/1978]  eta: 0:01:21    time: 0.0438  data: 0.0000  max mem: 2671
      Evaluation: [ 200/1978]  eta: 0:01:17    time: 0.0430  data: 0.0000  max mem: 2671
      Evaluation: [ 300/1978]  eta: 0:01:12    time: 0.0431  data: 0.0000  max mem: 2671
      Evaluation: [ 400/1978]  eta: 0:01:08    time: 0.0438  data: 0.0000  max mem: 2671
      Evaluation: [ 500/1978]  eta: 0:01:04    time: 0.0432  data: 0.0000  max mem: 2671
      Evaluation: [ 600/1978]  eta: 0:00:59    time: 0.0446  data: 0.0000  max mem: 2671
      Evaluation: [ 700/1978]  eta: 0:00:56    time: 0.0494  data: 0.0000  max mem: 2671
      Evaluation: [ 800/1978]  eta: 0:00:51    time: 0.0437  data: 0.0000  max mem: 2671
      Evaluation: [ 900/1978]  eta: 0:00:48    time: 0.0527  data: 0.0000  max mem: 2671
      Evaluation: [1000/1978]  eta: 0:00:44    time: 0.0435  data: 0.0000  max mem: 2671
      Evaluation: [1100/1978]  eta: 0:00:39    time: 0.0430  data: 0.0000  max mem: 2671
      Evaluation: [1200/1978]  eta: 0:00:34    time: 0.0433  data: 0.0000  max mem: 2671
      Evaluation: [1300/1978]  eta: 0:00:30    time: 0.0426  data: 0.0000  max mem: 2671
      Evaluation: [1400/1978]  eta: 0:00:25    time: 0.0424  data: 0.0000  max mem: 2671
      Evaluation: [1500/1978]  eta: 0:00:21    time: 0.0424  data: 0.0000  max mem: 2671
      Evaluation: [1600/1978]  eta: 0:00:16    time: 0.0423  data: 0.0000  max mem: 2671
      Evaluation: [1700/1978]  eta: 0:00:12    time: 0.0425  data: 0.0000  max mem: 2671
      Evaluation: [1800/1978]  eta: 0:00:07    time: 0.0430  data: 0.0000  max mem: 2671
      Evaluation: [1900/1978]  eta: 0:00:03    time: 0.0437  data: 0.0000  max mem: 2671
      Evaluation: [1977/1978]  eta: 0:00:00    time: 0.0475  data: 0.0000  max mem: 2671
      Evaluation: Total time: 0:01:27 (0.0441 s / it)
     Computing matching score time 0:01:27
### TTA ITM Score: 
+-------+--------+--------+--------+--------+--------+
| epoch |   R1   |   R5   |  R10   |  mAP   |  mINP  |
+-------+--------+--------+--------+--------+--------+
|  -999 | 69.414 | 95.197 | 97.776 | 81.233 | 81.233 |
|  -999 | 84.277 | 99.039 | 99.596 | 91.276 | 91.276 |
|   0   | 84.176 | 98.736 | 99.393 | 91.111 | 91.111 |
|   1   | 84.429 | 98.888 | 99.292 | 91.256 | 91.256 |
|   2   | 84.833 | 98.686 | 99.393 | 91.433 | 91.433 |
|   3   | 85.086 | 98.686 | 99.393 | 91.580 | 91.580 |
|   4   | 85.490 | 98.635 | 99.393 | 91.768 | 91.768 |
|   5   | 85.086 | 98.686 | 99.292 | 91.572 | 91.572 |
|   6   | 85.086 | 98.736 | 99.393 | 91.538 | 91.538 |
|   7   | 85.086 | 98.736 | 99.292 | 91.563 | 91.563 |
|   8   | 84.985 | 98.635 | 99.343 | 91.466 | 91.466 |
|   9   | 85.086 | 98.584 | 99.343 | 91.516 | 91.516 |
+-------+--------+--------+--------+--------+--------+
     logs:  {'epo': 9, 'R1': np.float32(85.086), 'R5': np.float32(98.584), 'R10': np.float32(99.343), 'mAP': np.float32(91.516), 'mINP': np.float32(91.516), 'lr': 0.000141, 'entropy': 0.043411, 'loss': 2.636429}
      TTA Epoch: [10] [  0/123]  eta: 0:01:05  lr: 0.000138  entropy: 0.0545  loss: 2.6430  time: 0.5302  data: 0.4633  max mem: 2671
      TTA Epoch: [10] [100/123]  eta: 0:00:00  lr: 0.000132  entropy: 0.1521  loss: 2.6736  time: 0.0358  data: 0.0002  max mem: 2671
      TTA Epoch: [10] [122/123]  eta: 0:00:00  lr: 0.000131  entropy: 0.0458  loss: 2.6515  time: 0.0315  data: 0.0001  max mem: 2671
      TTA Epoch: [10] Total time: 0:00:04 (0.0401 s / it)
     Averaged stats: lr: 0.0001  entropy: 0.0518  loss: 2.6396
     Computing matching score
      Evaluation: [   0/1978]  eta: 0:01:35    time: 0.0485  data: 0.0034  max mem: 2671
      Evaluation: [ 100/1978]  eta: 0:01:33    time: 0.0492  data: 0.0000  max mem: 2671
      Evaluation: [ 200/1978]  eta: 0:01:23    time: 0.0427  data: 0.0000  max mem: 2671
      Evaluation: [ 300/1978]  eta: 0:01:16    time: 0.0429  data: 0.0000  max mem: 2671
      Evaluation: [ 400/1978]  eta: 0:01:10    time: 0.0427  data: 0.0000  max mem: 2671
      Evaluation: [ 500/1978]  eta: 0:01:05    time: 0.0432  data: 0.0000  max mem: 2671
      Evaluation: [ 600/1978]  eta: 0:01:00    time: 0.0429  data: 0.0000  max mem: 2671
      Evaluation: [ 700/1978]  eta: 0:00:56    time: 0.0415  data: 0.0000  max mem: 2671
      Evaluation: [ 800/1978]  eta: 0:00:51    time: 0.0418  data: 0.0000  max mem: 2671
      Evaluation: [ 900/1978]  eta: 0:00:46    time: 0.0429  data: 0.0000  max mem: 2671
      Evaluation: [1000/1978]  eta: 0:00:42    time: 0.0430  data: 0.0000  max mem: 2671
      Evaluation: [1100/1978]  eta: 0:00:38    time: 0.0436  data: 0.0000  max mem: 2671
      Evaluation: [1200/1978]  eta: 0:00:33    time: 0.0428  data: 0.0000  max mem: 2671
      Evaluation: [1300/1978]  eta: 0:00:29    time: 0.0454  data: 0.0000  max mem: 2671
      Evaluation: [1400/1978]  eta: 0:00:25    time: 0.0464  data: 0.0000  max mem: 2671
      Evaluation: [1500/1978]  eta: 0:00:20    time: 0.0465  data: 0.0000  max mem: 2671
      Evaluation: [1600/1978]  eta: 0:00:16    time: 0.0466  data: 0.0000  max mem: 2671
      Evaluation: [1700/1978]  eta: 0:00:12    time: 0.0433  data: 0.0000  max mem: 2671
      Evaluation: [1800/1978]  eta: 0:00:07    time: 0.0420  data: 0.0000  max mem: 2671
      Evaluation: [1900/1978]  eta: 0:00:03    time: 0.0415  data: 0.0000  max mem: 2671
      Evaluation: [1977/1978]  eta: 0:00:00    time: 0.0423  data: 0.0000  max mem: 2671
      Evaluation: Total time: 0:01:26 (0.0437 s / it)
     Computing matching score time 0:01:26
### TTA ITM Score: 
+-------+--------+--------+--------+--------+--------+
| epoch |   R1   |   R5   |  R10   |  mAP   |  mINP  |
+-------+--------+--------+--------+--------+--------+
|  -999 | 69.414 | 95.197 | 97.776 | 81.233 | 81.233 |
|  -999 | 84.277 | 99.039 | 99.596 | 91.276 | 91.276 |
|   0   | 84.176 | 98.736 | 99.393 | 91.111 | 91.111 |
|   1   | 84.429 | 98.888 | 99.292 | 91.256 | 91.256 |
|   2   | 84.833 | 98.686 | 99.393 | 91.433 | 91.433 |
|   3   | 85.086 | 98.686 | 99.393 | 91.580 | 91.580 |
|   4   | 85.490 | 98.635 | 99.393 | 91.768 | 91.768 |
|   5   | 85.086 | 98.686 | 99.292 | 91.572 | 91.572 |
|   6   | 85.086 | 98.736 | 99.393 | 91.538 | 91.538 |
|   7   | 85.086 | 98.736 | 99.292 | 91.563 | 91.563 |
|   8   | 84.985 | 98.635 | 99.343 | 91.466 | 91.466 |
|   9   | 85.086 | 98.584 | 99.343 | 91.516 | 91.516 |
|   10  | 85.086 | 98.635 | 99.343 | 91.531 | 91.531 |
+-------+--------+--------+--------+--------+--------+
     logs:  {'epo': 10, 'R1': np.float32(85.086), 'R5': np.float32(98.635), 'R10': np.float32(99.343), 'mAP': np.float32(91.531), 'mINP': np.float32(91.531), 'lr': 0.000134, 'entropy': 0.051779, 'loss': 2.639553}
      TTA Epoch: [11] [  0/123]  eta: 0:00:53  lr: 0.000131  entropy: 0.0172  loss: 2.6240  time: 0.4315  data: 0.3728  max mem: 2671
      TTA Epoch: [11] [100/123]  eta: 0:00:00  lr: 0.000125  entropy: 0.0014  loss: 2.6308  time: 0.0360  data: 0.0001  max mem: 2671
      TTA Epoch: [11] [122/123]  eta: 0:00:00  lr: 0.000124  entropy: 0.1185  loss: 2.6717  time: 0.0321  data: 0.0001  max mem: 2671
      TTA Epoch: [11] Total time: 0:00:04 (0.0383 s / it)
     Averaged stats: lr: 0.0001  entropy: 0.0415  loss: 2.6356
     Computing matching score
      Evaluation: [   0/1978]  eta: 0:01:33    time: 0.0475  data: 0.0034  max mem: 2671
      Evaluation: [ 100/1978]  eta: 0:01:19    time: 0.0418  data: 0.0000  max mem: 2671
      Evaluation: [ 200/1978]  eta: 0:01:15    time: 0.0424  data: 0.0000  max mem: 2671
      Evaluation: [ 300/1978]  eta: 0:01:10    time: 0.0422  data: 0.0000  max mem: 2671
      Evaluation: [ 400/1978]  eta: 0:01:06    time: 0.0430  data: 0.0000  max mem: 2671
      Evaluation: [ 500/1978]  eta: 0:01:02    time: 0.0434  data: 0.0000  max mem: 2671
      Evaluation: [ 600/1978]  eta: 0:00:59    time: 0.0452  data: 0.0000  max mem: 2671
      Evaluation: [ 700/1978]  eta: 0:00:54    time: 0.0421  data: 0.0000  max mem: 2671
      Evaluation: [ 800/1978]  eta: 0:00:51    time: 0.0496  data: 0.0000  max mem: 2671
      Evaluation: [ 900/1978]  eta: 0:00:47    time: 0.0420  data: 0.0000  max mem: 2671
      Evaluation: [1000/1978]  eta: 0:00:42    time: 0.0415  data: 0.0000  max mem: 2671
      Evaluation: [1100/1978]  eta: 0:00:38    time: 0.0416  data: 0.0000  max mem: 2671
      Evaluation: [1200/1978]  eta: 0:00:33    time: 0.0417  data: 0.0000  max mem: 2671
      Evaluation: [1300/1978]  eta: 0:00:29    time: 0.0405  data: 0.0000  max mem: 2671
      Evaluation: [1400/1978]  eta: 0:00:24    time: 0.0412  data: 0.0000  max mem: 2671
      Evaluation: [1500/1978]  eta: 0:00:20    time: 0.0404  data: 0.0000  max mem: 2671
      Evaluation: [1600/1978]  eta: 0:00:16    time: 0.0403  data: 0.0000  max mem: 2671
      Evaluation: [1700/1978]  eta: 0:00:11    time: 0.0408  data: 0.0000  max mem: 2671
      Evaluation: [1800/1978]  eta: 0:00:07    time: 0.0417  data: 0.0000  max mem: 2671
      Evaluation: [1900/1978]  eta: 0:00:03    time: 0.0415  data: 0.0000  max mem: 2671
      Evaluation: [1977/1978]  eta: 0:00:00    time: 0.0430  data: 0.0000  max mem: 2671
      Evaluation: Total time: 0:01:23 (0.0424 s / it)
     Computing matching score time 0:01:24
### TTA ITM Score: 
+-------+--------+--------+--------+--------+--------+
| epoch |   R1   |   R5   |  R10   |  mAP   |  mINP  |
+-------+--------+--------+--------+--------+--------+
|  -999 | 69.414 | 95.197 | 97.776 | 81.233 | 81.233 |
|  -999 | 84.277 | 99.039 | 99.596 | 91.276 | 91.276 |
|   0   | 84.176 | 98.736 | 99.393 | 91.111 | 91.111 |
|   1   | 84.429 | 98.888 | 99.292 | 91.256 | 91.256 |
|   2   | 84.833 | 98.686 | 99.393 | 91.433 | 91.433 |
|   3   | 85.086 | 98.686 | 99.393 | 91.580 | 91.580 |
|   4   | 85.490 | 98.635 | 99.393 | 91.768 | 91.768 |
|   5   | 85.086 | 98.686 | 99.292 | 91.572 | 91.572 |
|   6   | 85.086 | 98.736 | 99.393 | 91.538 | 91.538 |
|   7   | 85.086 | 98.736 | 99.292 | 91.563 | 91.563 |
|   8   | 84.985 | 98.635 | 99.343 | 91.466 | 91.466 |
|   9   | 85.086 | 98.584 | 99.343 | 91.516 | 91.516 |
|   10  | 85.086 | 98.635 | 99.343 | 91.531 | 91.531 |
|   11  | 84.985 | 98.584 | 99.343 | 91.465 | 91.465 |
+-------+--------+--------+--------+--------+--------+
     logs:  {'epo': 11, 'R1': np.float32(84.985), 'R5': np.float32(98.584), 'R10': np.float32(99.343), 'mAP': np.float32(91.465), 'mINP': np.float32(91.465), 'lr': 0.000127, 'entropy': 0.041454, 'loss': 2.635613}
      TTA Epoch: [12] [  0/123]  eta: 0:01:03  lr: 0.000124  entropy: 0.1127  loss: 2.6599  time: 0.5165  data: 0.4504  max mem: 2671
      TTA Epoch: [12] [100/123]  eta: 0:00:00  lr: 0.000118  entropy: 0.0742  loss: 2.6394  time: 0.0342  data: 0.0001  max mem: 2671
      TTA Epoch: [12] [122/123]  eta: 0:00:00  lr: 0.000117  entropy: 0.0000  loss: 2.6340  time: 0.0408  data: 0.0003  max mem: 2671
      TTA Epoch: [12] Total time: 0:00:05 (0.0415 s / it)
     Averaged stats: lr: 0.0001  entropy: 0.0417  loss: 2.6358
     Computing matching score
      Evaluation: [   0/1978]  eta: 0:02:37    time: 0.0798  data: 0.0058  max mem: 2671
      Evaluation: [ 100/1978]  eta: 0:01:30    time: 0.0465  data: 0.0000  max mem: 2671
      Evaluation: [ 200/1978]  eta: 0:01:19    time: 0.0411  data: 0.0000  max mem: 2671
      Evaluation: [ 300/1978]  eta: 0:01:12    time: 0.0414  data: 0.0000  max mem: 2671
      Evaluation: [ 400/1978]  eta: 0:01:07    time: 0.0412  data: 0.0000  max mem: 2671
      Evaluation: [ 500/1978]  eta: 0:01:02    time: 0.0413  data: 0.0000  max mem: 2671
      Evaluation: [ 600/1978]  eta: 0:00:58    time: 0.0418  data: 0.0000  max mem: 2671
      Evaluation: [ 700/1978]  eta: 0:00:54    time: 0.0411  data: 0.0000  max mem: 2671
      Evaluation: [ 800/1978]  eta: 0:00:49    time: 0.0412  data: 0.0000  max mem: 2671
      Evaluation: [ 900/1978]  eta: 0:00:45    time: 0.0419  data: 0.0000  max mem: 2671
      Evaluation: [1000/1978]  eta: 0:00:41    time: 0.0431  data: 0.0000  max mem: 2671
      Evaluation: [1100/1978]  eta: 0:00:37    time: 0.0432  data: 0.0000  max mem: 2671
      Evaluation: [1200/1978]  eta: 0:00:33    time: 0.0456  data: 0.0000  max mem: 2671
      Evaluation: [1300/1978]  eta: 0:00:28    time: 0.0420  data: 0.0000  max mem: 2671
      Evaluation: [1400/1978]  eta: 0:00:24    time: 0.0462  data: 0.0000  max mem: 2671
      Evaluation: [1500/1978]  eta: 0:00:20    time: 0.0445  data: 0.0000  max mem: 2671
      Evaluation: [1600/1978]  eta: 0:00:16    time: 0.0415  data: 0.0000  max mem: 2671
      Evaluation: [1700/1978]  eta: 0:00:11    time: 0.0415  data: 0.0000  max mem: 2671
      Evaluation: [1800/1978]  eta: 0:00:07    time: 0.0413  data: 0.0000  max mem: 2671
      Evaluation: [1900/1978]  eta: 0:00:03    time: 0.0416  data: 0.0000  max mem: 2671
      Evaluation: [1977/1978]  eta: 0:00:00    time: 0.0417  data: 0.0000  max mem: 2671
      Evaluation: Total time: 0:01:24 (0.0426 s / it)
     Computing matching score time 0:01:24
### TTA ITM Score: 
+-------+--------+--------+--------+--------+--------+
| epoch |   R1   |   R5   |  R10   |  mAP   |  mINP  |
+-------+--------+--------+--------+--------+--------+
|  -999 | 69.414 | 95.197 | 97.776 | 81.233 | 81.233 |
|  -999 | 84.277 | 99.039 | 99.596 | 91.276 | 91.276 |
|   0   | 84.176 | 98.736 | 99.393 | 91.111 | 91.111 |
|   1   | 84.429 | 98.888 | 99.292 | 91.256 | 91.256 |
|   2   | 84.833 | 98.686 | 99.393 | 91.433 | 91.433 |
|   3   | 85.086 | 98.686 | 99.393 | 91.580 | 91.580 |
|   4   | 85.490 | 98.635 | 99.393 | 91.768 | 91.768 |
|   5   | 85.086 | 98.686 | 99.292 | 91.572 | 91.572 |
|   6   | 85.086 | 98.736 | 99.393 | 91.538 | 91.538 |
|   7   | 85.086 | 98.736 | 99.292 | 91.563 | 91.563 |
|   8   | 84.985 | 98.635 | 99.343 | 91.466 | 91.466 |
|   9   | 85.086 | 98.584 | 99.343 | 91.516 | 91.516 |
|   10  | 85.086 | 98.635 | 99.343 | 91.531 | 91.531 |
|   11  | 84.985 | 98.584 | 99.343 | 91.465 | 91.465 |
|   12  | 84.985 | 98.584 | 99.343 | 91.485 | 91.485 |
+-------+--------+--------+--------+--------+--------+
     logs:  {'epo': 12, 'R1': np.float32(84.985), 'R5': np.float32(98.584), 'R10': np.float32(99.343), 'mAP': np.float32(91.485), 'mINP': np.float32(91.485), 'lr': 0.000121, 'entropy': 0.041691, 'loss': 2.635785}
      TTA Epoch: [13] [  0/123]  eta: 0:00:50  lr: 0.000117  entropy: 0.0002  loss: 2.6209  time: 0.4112  data: 0.3541  max mem: 2671
      TTA Epoch: [13] [100/123]  eta: 0:00:00  lr: 0.000112  entropy: 0.0696  loss: 2.6581  time: 0.0345  data: 0.0001  max mem: 2671
      TTA Epoch: [13] [122/123]  eta: 0:00:00  lr: 0.000110  entropy: 0.1280  loss: 2.6801  time: 0.0312  data: 0.0001  max mem: 2671
      TTA Epoch: [13] Total time: 0:00:04 (0.0373 s / it)
     Averaged stats: lr: 0.0001  entropy: 0.0410  loss: 2.6355
     Computing matching score
      Evaluation: [   0/1978]  eta: 0:01:25    time: 0.0434  data: 0.0023  max mem: 2671
      Evaluation: [ 100/1978]  eta: 0:01:17    time: 0.0409  data: 0.0000  max mem: 2671
      Evaluation: [ 200/1978]  eta: 0:01:12    time: 0.0409  data: 0.0000  max mem: 2671
      Evaluation: [ 300/1978]  eta: 0:01:08    time: 0.0409  data: 0.0000  max mem: 2671
      Evaluation: [ 400/1978]  eta: 0:01:04    time: 0.0416  data: 0.0000  max mem: 2671
      Evaluation: [ 500/1978]  eta: 0:01:00    time: 0.0412  data: 0.0000  max mem: 2671
      Evaluation: [ 600/1978]  eta: 0:00:57    time: 0.0433  data: 0.0000  max mem: 2671
      Evaluation: [ 700/1978]  eta: 0:00:52    time: 0.0411  data: 0.0000  max mem: 2671
      Evaluation: [ 800/1978]  eta: 0:00:49    time: 0.0434  data: 0.0000  max mem: 2671
      Evaluation: [ 900/1978]  eta: 0:00:45    time: 0.0430  data: 0.0000  max mem: 2671
      Evaluation: [1000/1978]  eta: 0:00:40    time: 0.0410  data: 0.0000  max mem: 2671
      Evaluation: [1100/1978]  eta: 0:00:36    time: 0.0405  data: 0.0000  max mem: 2671
      Evaluation: [1200/1978]  eta: 0:00:32    time: 0.0403  data: 0.0000  max mem: 2671
      Evaluation: [1300/1978]  eta: 0:00:28    time: 0.0405  data: 0.0000  max mem: 2671
      Evaluation: [1400/1978]  eta: 0:00:23    time: 0.0405  data: 0.0000  max mem: 2671
      Evaluation: [1500/1978]  eta: 0:00:19    time: 0.0407  data: 0.0000  max mem: 2671
      Evaluation: [1600/1978]  eta: 0:00:15    time: 0.0414  data: 0.0000  max mem: 2671
      Evaluation: [1700/1978]  eta: 0:00:11    time: 0.0406  data: 0.0000  max mem: 2671
      Evaluation: [1800/1978]  eta: 0:00:07    time: 0.0406  data: 0.0000  max mem: 2671
      Evaluation: [1900/1978]  eta: 0:00:03    time: 0.0410  data: 0.0000  max mem: 2671
      Evaluation: [1977/1978]  eta: 0:00:00    time: 0.0414  data: 0.0000  max mem: 2671
      Evaluation: Total time: 0:01:21 (0.0413 s / it)
     Computing matching score time 0:01:21
### TTA ITM Score: 
+-------+--------+--------+--------+--------+--------+
| epoch |   R1   |   R5   |  R10   |  mAP   |  mINP  |
+-------+--------+--------+--------+--------+--------+
|  -999 | 69.414 | 95.197 | 97.776 | 81.233 | 81.233 |
|  -999 | 84.277 | 99.039 | 99.596 | 91.276 | 91.276 |
|   0   | 84.176 | 98.736 | 99.393 | 91.111 | 91.111 |
|   1   | 84.429 | 98.888 | 99.292 | 91.256 | 91.256 |
|   2   | 84.833 | 98.686 | 99.393 | 91.433 | 91.433 |
|   3   | 85.086 | 98.686 | 99.393 | 91.580 | 91.580 |
|   4   | 85.490 | 98.635 | 99.393 | 91.768 | 91.768 |
|   5   | 85.086 | 98.686 | 99.292 | 91.572 | 91.572 |
|   6   | 85.086 | 98.736 | 99.393 | 91.538 | 91.538 |
|   7   | 85.086 | 98.736 | 99.292 | 91.563 | 91.563 |
|   8   | 84.985 | 98.635 | 99.343 | 91.466 | 91.466 |
|   9   | 85.086 | 98.584 | 99.343 | 91.516 | 91.516 |
|   10  | 85.086 | 98.635 | 99.343 | 91.531 | 91.531 |
|   11  | 84.985 | 98.584 | 99.343 | 91.465 | 91.465 |
|   12  | 84.985 | 98.584 | 99.343 | 91.485 | 91.485 |
|   13  | 85.035 | 98.584 | 99.393 | 91.478 | 91.478 |
+-------+--------+--------+--------+--------+--------+
     logs:  {'epo': 13, 'R1': np.float32(85.035), 'R5': np.float32(98.584), 'R10': np.float32(99.393), 'mAP': np.float32(91.478), 'mINP': np.float32(91.478), 'lr': 0.000114, 'entropy': 0.041049, 'loss': 2.635454}
      TTA Epoch: [14] [  0/123]  eta: 0:00:55  lr: 0.000110  entropy: 0.0237  loss: 2.6294  time: 0.4526  data: 0.3971  max mem: 2671
      TTA Epoch: [14] [100/123]  eta: 0:00:00  lr: 0.000105  entropy: 0.0619  loss: 2.6294  time: 0.0412  data: 0.0018  max mem: 2671
      TTA Epoch: [14] [122/123]  eta: 0:00:00  lr: 0.000104  entropy: 0.0350  loss: 2.6335  time: 0.0371  data: 0.0017  max mem: 2671
      TTA Epoch: [14] Total time: 0:00:05 (0.0417 s / it)
     Averaged stats: lr: 0.0001  entropy: 0.0416  loss: 2.6357
     Computing matching score
      Evaluation: [   0/1978]  eta: 0:01:35    time: 0.0481  data: 0.0031  max mem: 2671
      Evaluation: [ 100/1978]  eta: 0:01:18    time: 0.0410  data: 0.0000  max mem: 2671
      Evaluation: [ 200/1978]  eta: 0:01:20    time: 0.0471  data: 0.0000  max mem: 2671
      Evaluation: [ 300/1978]  eta: 0:01:14    time: 0.0410  data: 0.0000  max mem: 2671
      Evaluation: [ 400/1978]  eta: 0:01:08    time: 0.0410  data: 0.0000  max mem: 2671
      Evaluation: [ 500/1978]  eta: 0:01:03    time: 0.0411  data: 0.0000  max mem: 2671
      Evaluation: [ 600/1978]  eta: 0:00:58    time: 0.0409  data: 0.0000  max mem: 2671
      Evaluation: [ 700/1978]  eta: 0:00:54    time: 0.0406  data: 0.0000  max mem: 2671
      Evaluation: [ 800/1978]  eta: 0:00:49    time: 0.0409  data: 0.0000  max mem: 2671
      Evaluation: [ 900/1978]  eta: 0:00:45    time: 0.0408  data: 0.0000  max mem: 2671
      Evaluation: [1000/1978]  eta: 0:00:41    time: 0.0405  data: 0.0000  max mem: 2671
      Evaluation: [1100/1978]  eta: 0:00:36    time: 0.0412  data: 0.0000  max mem: 2671
      Evaluation: [1200/1978]  eta: 0:00:32    time: 0.0418  data: 0.0000  max mem: 2671
      Evaluation: [1300/1978]  eta: 0:00:28    time: 0.0414  data: 0.0000  max mem: 2671
      Evaluation: [1400/1978]  eta: 0:00:24    time: 0.0433  data: 0.0000  max mem: 2671
      Evaluation: [1500/1978]  eta: 0:00:20    time: 0.0449  data: 0.0000  max mem: 2671
      Evaluation: [1600/1978]  eta: 0:00:16    time: 0.0466  data: 0.0000  max mem: 2671
      Evaluation: [1700/1978]  eta: 0:00:11    time: 0.0404  data: 0.0000  max mem: 2671
      Evaluation: [1800/1978]  eta: 0:00:07    time: 0.0401  data: 0.0000  max mem: 2671
      Evaluation: [1900/1978]  eta: 0:00:03    time: 0.0406  data: 0.0000  max mem: 2671
      Evaluation: [1977/1978]  eta: 0:00:00    time: 0.0406  data: 0.0000  max mem: 2671
      Evaluation: Total time: 0:01:23 (0.0420 s / it)
     Computing matching score time 0:01:23
### TTA ITM Score: 
+-------+--------+--------+--------+--------+--------+
| epoch |   R1   |   R5   |  R10   |  mAP   |  mINP  |
+-------+--------+--------+--------+--------+--------+
|  -999 | 69.414 | 95.197 | 97.776 | 81.233 | 81.233 |
|  -999 | 84.277 | 99.039 | 99.596 | 91.276 | 91.276 |
|   0   | 84.176 | 98.736 | 99.393 | 91.111 | 91.111 |
|   1   | 84.429 | 98.888 | 99.292 | 91.256 | 91.256 |
|   2   | 84.833 | 98.686 | 99.393 | 91.433 | 91.433 |
|   3   | 85.086 | 98.686 | 99.393 | 91.580 | 91.580 |
|   4   | 85.490 | 98.635 | 99.393 | 91.768 | 91.768 |
|   5   | 85.086 | 98.686 | 99.292 | 91.572 | 91.572 |
|   6   | 85.086 | 98.736 | 99.393 | 91.538 | 91.538 |
|   7   | 85.086 | 98.736 | 99.292 | 91.563 | 91.563 |
|   8   | 84.985 | 98.635 | 99.343 | 91.466 | 91.466 |
|   9   | 85.086 | 98.584 | 99.343 | 91.516 | 91.516 |
|   10  | 85.086 | 98.635 | 99.343 | 91.531 | 91.531 |
|   11  | 84.985 | 98.584 | 99.343 | 91.465 | 91.465 |
|   12  | 84.985 | 98.584 | 99.343 | 91.485 | 91.485 |
|   13  | 85.035 | 98.584 | 99.393 | 91.478 | 91.478 |
|   14  | 85.035 | 98.584 | 99.393 | 91.487 | 91.487 |
+-------+--------+--------+--------+--------+--------+
     logs:  {'epo': 14, 'R1': np.float32(85.035), 'R5': np.float32(98.584), 'R10': np.float32(99.393), 'mAP': np.float32(91.487), 'mINP': np.float32(91.487), 'lr': 0.000107, 'entropy': 0.041625, 'loss': 2.635714}
      TTA Epoch: [15] [  0/123]  eta: 0:00:52  lr: 0.000104  entropy: 0.0028  loss: 2.6236  time: 0.4246  data: 0.3696  max mem: 2671
      TTA Epoch: [15] [100/123]  eta: 0:00:00  lr: 0.000098  entropy: 0.0015  loss: 2.6185  time: 0.0337  data: 0.0001  max mem: 2671
      TTA Epoch: [15] [122/123]  eta: 0:00:00  lr: 0.000097  entropy: 0.0060  loss: 2.6149  time: 0.0309  data: 0.0001  max mem: 2671
      TTA Epoch: [15] Total time: 0:00:04 (0.0391 s / it)
     Averaged stats: lr: 0.0001  entropy: 0.0396  loss: 2.6349
     Computing matching score
      Evaluation: [   0/1978]  eta: 0:01:36    time: 0.0489  data: 0.0036  max mem: 2671
      Evaluation: [ 100/1978]  eta: 0:01:16    time: 0.0412  data: 0.0000  max mem: 2671
      Evaluation: [ 200/1978]  eta: 0:01:11    time: 0.0403  data: 0.0000  max mem: 2671
      Evaluation: [ 300/1978]  eta: 0:01:07    time: 0.0407  data: 0.0000  max mem: 2671
      Evaluation: [ 400/1978]  eta: 0:01:03    time: 0.0411  data: 0.0000  max mem: 2671
      Evaluation: [ 500/1978]  eta: 0:01:00    time: 0.0417  data: 0.0000  max mem: 2671
      Evaluation: [ 600/1978]  eta: 0:00:56    time: 0.0447  data: 0.0000  max mem: 2671
      Evaluation: [ 700/1978]  eta: 0:00:52    time: 0.0408  data: 0.0000  max mem: 2671
      Evaluation: [ 800/1978]  eta: 0:00:49    time: 0.0466  data: 0.0000  max mem: 2671
      Evaluation: [ 900/1978]  eta: 0:00:45    time: 0.0407  data: 0.0000  max mem: 2671
      Evaluation: [1000/1978]  eta: 0:00:40    time: 0.0403  data: 0.0000  max mem: 2671
      Evaluation: [1100/1978]  eta: 0:00:36    time: 0.0406  data: 0.0000  max mem: 2671
      Evaluation: [1200/1978]  eta: 0:00:32    time: 0.0405  data: 0.0000  max mem: 2671
      Evaluation: [1300/1978]  eta: 0:00:28    time: 0.0406  data: 0.0000  max mem: 2671
      Evaluation: [1400/1978]  eta: 0:00:23    time: 0.0405  data: 0.0000  max mem: 2671
      Evaluation: [1500/1978]  eta: 0:00:19    time: 0.0409  data: 0.0000  max mem: 2671
      Evaluation: [1600/1978]  eta: 0:00:15    time: 0.0404  data: 0.0000  max mem: 2671
      Evaluation: [1700/1978]  eta: 0:00:11    time: 0.0407  data: 0.0000  max mem: 2671
      Evaluation: [1800/1978]  eta: 0:00:07    time: 0.0411  data: 0.0000  max mem: 2671
      Evaluation: [1900/1978]  eta: 0:00:03    time: 0.0415  data: 0.0000  max mem: 2671
      Evaluation: [1977/1978]  eta: 0:00:00    time: 0.0424  data: 0.0000  max mem: 2671
      Evaluation: Total time: 0:01:21 (0.0413 s / it)
     Computing matching score time 0:01:22
### TTA ITM Score: 
+-------+--------+--------+--------+--------+--------+
| epoch |   R1   |   R5   |  R10   |  mAP   |  mINP  |
+-------+--------+--------+--------+--------+--------+
|  -999 | 69.414 | 95.197 | 97.776 | 81.233 | 81.233 |
|  -999 | 84.277 | 99.039 | 99.596 | 91.276 | 91.276 |
|   0   | 84.176 | 98.736 | 99.393 | 91.111 | 91.111 |
|   1   | 84.429 | 98.888 | 99.292 | 91.256 | 91.256 |
|   2   | 84.833 | 98.686 | 99.393 | 91.433 | 91.433 |
|   3   | 85.086 | 98.686 | 99.393 | 91.580 | 91.580 |
|   4   | 85.490 | 98.635 | 99.393 | 91.768 | 91.768 |
|   5   | 85.086 | 98.686 | 99.292 | 91.572 | 91.572 |
|   6   | 85.086 | 98.736 | 99.393 | 91.538 | 91.538 |
|   7   | 85.086 | 98.736 | 99.292 | 91.563 | 91.563 |
|   8   | 84.985 | 98.635 | 99.343 | 91.466 | 91.466 |
|   9   | 85.086 | 98.584 | 99.343 | 91.516 | 91.516 |
|   10  | 85.086 | 98.635 | 99.343 | 91.531 | 91.531 |
|   11  | 84.985 | 98.584 | 99.343 | 91.465 | 91.465 |
|   12  | 84.985 | 98.584 | 99.343 | 91.485 | 91.485 |
|   13  | 85.035 | 98.584 | 99.393 | 91.478 | 91.478 |
|   14  | 85.035 | 98.584 | 99.393 | 91.487 | 91.487 |
|   15  | 85.035 | 98.584 | 99.343 | 91.492 | 91.492 |
+-------+--------+--------+--------+--------+--------+
     logs:  {'epo': 15, 'R1': np.float32(85.035), 'R5': np.float32(98.584), 'R10': np.float32(99.343), 'mAP': np.float32(91.492), 'mINP': np.float32(91.492), 'lr': 0.0001, 'entropy': 0.039577, 'loss': 2.634854}
      TTA Epoch: [16] [  0/123]  eta: 0:01:01  lr: 0.000097  entropy: 0.0384  loss: 2.6395  time: 0.4967  data: 0.4370  max mem: 2671
      TTA Epoch: [16] [100/123]  eta: 0:00:01  lr: 0.000091  entropy: 0.0342  loss: 2.6318  time: 0.0361  data: 0.0001  max mem: 2671
      TTA Epoch: [16] [122/123]  eta: 0:00:00  lr: 0.000090  entropy: 0.0505  loss: 2.6196  time: 0.0335  data: 0.0001  max mem: 2671
      TTA Epoch: [16] Total time: 0:00:05 (0.0419 s / it)
     Averaged stats: lr: 0.0001  entropy: 0.0417  loss: 2.6358
     Computing matching score
      Evaluation: [   0/1978]  eta: 0:01:30    time: 0.0456  data: 0.0034  max mem: 2671
      Evaluation: [ 100/1978]  eta: 0:01:21    time: 0.0438  data: 0.0000  max mem: 2671
      Evaluation: [ 200/1978]  eta: 0:01:17    time: 0.0438  data: 0.0000  max mem: 2671
      Evaluation: [ 300/1978]  eta: 0:01:12    time: 0.0403  data: 0.0000  max mem: 2671
      Evaluation: [ 400/1978]  eta: 0:01:06    time: 0.0407  data: 0.0000  max mem: 2671
      Evaluation: [ 500/1978]  eta: 0:01:02    time: 0.0406  data: 0.0000  max mem: 2671
      Evaluation: [ 600/1978]  eta: 0:00:57    time: 0.0405  data: 0.0000  max mem: 2671
      Evaluation: [ 700/1978]  eta: 0:00:53    time: 0.0401  data: 0.0000  max mem: 2671
      Evaluation: [ 800/1978]  eta: 0:00:48    time: 0.0401  data: 0.0000  max mem: 2671
      Evaluation: [ 900/1978]  eta: 0:00:44    time: 0.0401  data: 0.0000  max mem: 2671
      Evaluation: [1000/1978]  eta: 0:00:40    time: 0.0401  data: 0.0000  max mem: 2671
      Evaluation: [1100/1978]  eta: 0:00:36    time: 0.0409  data: 0.0000  max mem: 2671
      Evaluation: [1200/1978]  eta: 0:00:31    time: 0.0409  data: 0.0000  max mem: 2671
      Evaluation: [1300/1978]  eta: 0:00:27    time: 0.0417  data: 0.0000  max mem: 2671
      Evaluation: [1400/1978]  eta: 0:00:23    time: 0.0448  data: 0.0000  max mem: 2671
      Evaluation: [1500/1978]  eta: 0:00:19    time: 0.0452  data: 0.0000  max mem: 2671
      Evaluation: [1600/1978]  eta: 0:00:15    time: 0.0440  data: 0.0000  max mem: 2671
      Evaluation: [1700/1978]  eta: 0:00:11    time: 0.0405  data: 0.0000  max mem: 2671
      Evaluation: [1800/1978]  eta: 0:00:07    time: 0.0404  data: 0.0000  max mem: 2671
      Evaluation: [1900/1978]  eta: 0:00:03    time: 0.0403  data: 0.0000  max mem: 2671
      Evaluation: [1977/1978]  eta: 0:00:00    time: 0.0402  data: 0.0000  max mem: 2671
      Evaluation: Total time: 0:01:22 (0.0415 s / it)
     Computing matching score time 0:01:22
### TTA ITM Score: 
+-------+--------+--------+--------+--------+--------+
| epoch |   R1   |   R5   |  R10   |  mAP   |  mINP  |
+-------+--------+--------+--------+--------+--------+
|  -999 | 69.414 | 95.197 | 97.776 | 81.233 | 81.233 |
|  -999 | 84.277 | 99.039 | 99.596 | 91.276 | 91.276 |
|   0   | 84.176 | 98.736 | 99.393 | 91.111 | 91.111 |
|   1   | 84.429 | 98.888 | 99.292 | 91.256 | 91.256 |
|   2   | 84.833 | 98.686 | 99.393 | 91.433 | 91.433 |
|   3   | 85.086 | 98.686 | 99.393 | 91.580 | 91.580 |
|   4   | 85.490 | 98.635 | 99.393 | 91.768 | 91.768 |
|   5   | 85.086 | 98.686 | 99.292 | 91.572 | 91.572 |
|   6   | 85.086 | 98.736 | 99.393 | 91.538 | 91.538 |
|   7   | 85.086 | 98.736 | 99.292 | 91.563 | 91.563 |
|   8   | 84.985 | 98.635 | 99.343 | 91.466 | 91.466 |
|   9   | 85.086 | 98.584 | 99.343 | 91.516 | 91.516 |
|   10  | 85.086 | 98.635 | 99.343 | 91.531 | 91.531 |
|   11  | 84.985 | 98.584 | 99.343 | 91.465 | 91.465 |
|   12  | 84.985 | 98.584 | 99.343 | 91.485 | 91.485 |
|   13  | 85.035 | 98.584 | 99.393 | 91.478 | 91.478 |
|   14  | 85.035 | 98.584 | 99.393 | 91.487 | 91.487 |
|   15  | 85.035 | 98.584 | 99.343 | 91.492 | 91.492 |
|   16  | 85.035 | 98.635 | 99.393 | 91.488 | 91.488 |
+-------+--------+--------+--------+--------+--------+
     logs:  {'epo': 16, 'R1': np.float32(85.035), 'R5': np.float32(98.635), 'R10': np.float32(99.393), 'mAP': np.float32(91.488), 'mINP': np.float32(91.488), 'lr': 9.3e-05, 'entropy': 0.041706, 'loss': 2.635766}
      TTA Epoch: [17] [  0/123]  eta: 0:00:52  lr: 0.000090  entropy: 0.0083  loss: 2.6188  time: 0.4280  data: 0.3701  max mem: 2671
      TTA Epoch: [17] [100/123]  eta: 0:00:00  lr: 0.000084  entropy: 0.0867  loss: 2.6563  time: 0.0344  data: 0.0001  max mem: 2671
      TTA Epoch: [17] [122/123]  eta: 0:00:00  lr: 0.000083  entropy: 0.0511  loss: 2.6379  time: 0.0321  data: 0.0001  max mem: 2671
      TTA Epoch: [17] Total time: 0:00:04 (0.0376 s / it)
     Averaged stats: lr: 0.0001  entropy: 0.0449  loss: 2.6370
     Computing matching score
      Evaluation: [   0/1978]  eta: 0:01:26    time: 0.0435  data: 0.0025  max mem: 2671
      Evaluation: [ 100/1978]  eta: 0:01:15    time: 0.0405  data: 0.0000  max mem: 2671
      Evaluation: [ 200/1978]  eta: 0:01:11    time: 0.0405  data: 0.0000  max mem: 2671
      Evaluation: [ 300/1978]  eta: 0:01:07    time: 0.0403  data: 0.0000  max mem: 2671
      Evaluation: [ 400/1978]  eta: 0:01:04    time: 0.0411  data: 0.0000  max mem: 2671
      Evaluation: [ 500/1978]  eta: 0:01:00    time: 0.0416  data: 0.0000  max mem: 2671
      Evaluation: [ 600/1978]  eta: 0:00:56    time: 0.0455  data: 0.0000  max mem: 2671
      Evaluation: [ 700/1978]  eta: 0:00:52    time: 0.0408  data: 0.0000  max mem: 2671
      Evaluation: [ 800/1978]  eta: 0:00:48    time: 0.0460  data: 0.0000  max mem: 2671
      Evaluation: [ 900/1978]  eta: 0:00:45    time: 0.0466  data: 0.0000  max mem: 2671
      Evaluation: [1000/1978]  eta: 0:00:41    time: 0.0412  data: 0.0000  max mem: 2671
      Evaluation: [1100/1978]  eta: 0:00:36    time: 0.0406  data: 0.0000  max mem: 2671
      Evaluation: [1200/1978]  eta: 0:00:32    time: 0.0406  data: 0.0000  max mem: 2671
      Evaluation: [1300/1978]  eta: 0:00:28    time: 0.0412  data: 0.0000  max mem: 2671
      Evaluation: [1400/1978]  eta: 0:00:24    time: 0.0403  data: 0.0000  max mem: 2671
      Evaluation: [1500/1978]  eta: 0:00:19    time: 0.0405  data: 0.0000  max mem: 2671
      Evaluation: [1600/1978]  eta: 0:00:15    time: 0.0405  data: 0.0000  max mem: 2671
      Evaluation: [1700/1978]  eta: 0:00:11    time: 0.0410  data: 0.0000  max mem: 2671
      Evaluation: [1800/1978]  eta: 0:00:07    time: 0.0406  data: 0.0000  max mem: 2671
      Evaluation: [1900/1978]  eta: 0:00:03    time: 0.0419  data: 0.0000  max mem: 2671
      Evaluation: [1977/1978]  eta: 0:00:00    time: 0.0412  data: 0.0000  max mem: 2671
      Evaluation: Total time: 0:01:21 (0.0414 s / it)
     Computing matching score time 0:01:22
### TTA ITM Score: 
+-------+--------+--------+--------+--------+--------+
| epoch |   R1   |   R5   |  R10   |  mAP   |  mINP  |
+-------+--------+--------+--------+--------+--------+
|  -999 | 69.414 | 95.197 | 97.776 | 81.233 | 81.233 |
|  -999 | 84.277 | 99.039 | 99.596 | 91.276 | 91.276 |
|   0   | 84.176 | 98.736 | 99.393 | 91.111 | 91.111 |
|   1   | 84.429 | 98.888 | 99.292 | 91.256 | 91.256 |
|   2   | 84.833 | 98.686 | 99.393 | 91.433 | 91.433 |
|   3   | 85.086 | 98.686 | 99.393 | 91.580 | 91.580 |
|   4   | 85.490 | 98.635 | 99.393 | 91.768 | 91.768 |
|   5   | 85.086 | 98.686 | 99.292 | 91.572 | 91.572 |
|   6   | 85.086 | 98.736 | 99.393 | 91.538 | 91.538 |
|   7   | 85.086 | 98.736 | 99.292 | 91.563 | 91.563 |
|   8   | 84.985 | 98.635 | 99.343 | 91.466 | 91.466 |
|   9   | 85.086 | 98.584 | 99.343 | 91.516 | 91.516 |
|   10  | 85.086 | 98.635 | 99.343 | 91.531 | 91.531 |
|   11  | 84.985 | 98.584 | 99.343 | 91.465 | 91.465 |
|   12  | 84.985 | 98.584 | 99.343 | 91.485 | 91.485 |
|   13  | 85.035 | 98.584 | 99.393 | 91.478 | 91.478 |
|   14  | 85.035 | 98.584 | 99.393 | 91.487 | 91.487 |
|   15  | 85.035 | 98.584 | 99.343 | 91.492 | 91.492 |
|   16  | 85.035 | 98.635 | 99.393 | 91.488 | 91.488 |
|   17  | 85.086 | 98.635 | 99.343 | 91.511 | 91.511 |
+-------+--------+--------+--------+--------+--------+
     logs:  {'epo': 17, 'R1': np.float32(85.086), 'R5': np.float32(98.635), 'R10': np.float32(99.343), 'mAP': np.float32(91.511), 'mINP': np.float32(91.511), 'lr': 8.7e-05, 'entropy': 0.044913, 'loss': 2.636976}
      TTA Epoch: [18] [  0/123]  eta: 0:00:51  lr: 0.000083  entropy: 0.0693  loss: 2.6425  time: 0.4175  data: 0.3521  max mem: 2671
      TTA Epoch: [18] [100/123]  eta: 0:00:01  lr: 0.000078  entropy: 0.0021  loss: 2.6249  time: 0.0404  data: 0.0002  max mem: 2671
      TTA Epoch: [18] [122/123]  eta: 0:00:00  lr: 0.000076  entropy: 0.0379  loss: 2.6314  time: 0.0366  data: 0.0002  max mem: 2671
      TTA Epoch: [18] Total time: 0:00:05 (0.0433 s / it)
     Averaged stats: lr: 0.0001  entropy: 0.0413  loss: 2.6356
     Computing matching score
      Evaluation: [   0/1978]  eta: 0:01:26    time: 0.0437  data: 0.0024  max mem: 2671
      Evaluation: [ 100/1978]  eta: 0:01:16    time: 0.0429  data: 0.0000  max mem: 2671
      Evaluation: [ 200/1978]  eta: 0:01:16    time: 0.0431  data: 0.0000  max mem: 2671
      Evaluation: [ 300/1978]  eta: 0:01:12    time: 0.0410  data: 0.0000  max mem: 2671
      Evaluation: [ 400/1978]  eta: 0:01:06    time: 0.0402  data: 0.0000  max mem: 2671
      Evaluation: [ 500/1978]  eta: 0:01:01    time: 0.0404  data: 0.0000  max mem: 2671
      Evaluation: [ 600/1978]  eta: 0:00:57    time: 0.0405  data: 0.0000  max mem: 2671
      Evaluation: [ 700/1978]  eta: 0:00:53    time: 0.0403  data: 0.0000  max mem: 2671
      Evaluation: [ 800/1978]  eta: 0:00:48    time: 0.0401  data: 0.0000  max mem: 2671
      Evaluation: [ 900/1978]  eta: 0:00:44    time: 0.0405  data: 0.0000  max mem: 2671
      Evaluation: [1000/1978]  eta: 0:00:40    time: 0.0403  data: 0.0000  max mem: 2671
      Evaluation: [1100/1978]  eta: 0:00:36    time: 0.0408  data: 0.0000  max mem: 2671
      Evaluation: [1200/1978]  eta: 0:00:31    time: 0.0407  data: 0.0000  max mem: 2671
      Evaluation: [1300/1978]  eta: 0:00:27    time: 0.0413  data: 0.0000  max mem: 2671
      Evaluation: [1400/1978]  eta: 0:00:23    time: 0.0430  data: 0.0000  max mem: 2671
      Evaluation: [1500/1978]  eta: 0:00:19    time: 0.0410  data: 0.0000  max mem: 2671
      Evaluation: [1600/1978]  eta: 0:00:15    time: 0.0488  data: 0.0000  max mem: 2671
      Evaluation: [1700/1978]  eta: 0:00:11    time: 0.0427  data: 0.0000  max mem: 2671
      Evaluation: [1800/1978]  eta: 0:00:07    time: 0.0404  data: 0.0000  max mem: 2671
      Evaluation: [1900/1978]  eta: 0:00:03    time: 0.0405  data: 0.0000  max mem: 2671
      Evaluation: [1977/1978]  eta: 0:00:00    time: 0.0403  data: 0.0000  max mem: 2671
      Evaluation: Total time: 0:01:21 (0.0414 s / it)
     Computing matching score time 0:01:22
### TTA ITM Score: 
+-------+--------+--------+--------+--------+--------+
| epoch |   R1   |   R5   |  R10   |  mAP   |  mINP  |
+-------+--------+--------+--------+--------+--------+
|  -999 | 69.414 | 95.197 | 97.776 | 81.233 | 81.233 |
|  -999 | 84.277 | 99.039 | 99.596 | 91.276 | 91.276 |
|   0   | 84.176 | 98.736 | 99.393 | 91.111 | 91.111 |
|   1   | 84.429 | 98.888 | 99.292 | 91.256 | 91.256 |
|   2   | 84.833 | 98.686 | 99.393 | 91.433 | 91.433 |
|   3   | 85.086 | 98.686 | 99.393 | 91.580 | 91.580 |
|   4   | 85.490 | 98.635 | 99.393 | 91.768 | 91.768 |
|   5   | 85.086 | 98.686 | 99.292 | 91.572 | 91.572 |
|   6   | 85.086 | 98.736 | 99.393 | 91.538 | 91.538 |
|   7   | 85.086 | 98.736 | 99.292 | 91.563 | 91.563 |
|   8   | 84.985 | 98.635 | 99.343 | 91.466 | 91.466 |
|   9   | 85.086 | 98.584 | 99.343 | 91.516 | 91.516 |
|   10  | 85.086 | 98.635 | 99.343 | 91.531 | 91.531 |
|   11  | 84.985 | 98.584 | 99.343 | 91.465 | 91.465 |
|   12  | 84.985 | 98.584 | 99.343 | 91.485 | 91.485 |
|   13  | 85.035 | 98.584 | 99.393 | 91.478 | 91.478 |
|   14  | 85.035 | 98.584 | 99.393 | 91.487 | 91.487 |
|   15  | 85.035 | 98.584 | 99.343 | 91.492 | 91.492 |
|   16  | 85.035 | 98.635 | 99.393 | 91.488 | 91.488 |
|   17  | 85.086 | 98.635 | 99.343 | 91.511 | 91.511 |
|   18  | 85.086 | 98.635 | 99.393 | 91.512 | 91.512 |
+-------+--------+--------+--------+--------+--------+
     logs:  {'epo': 18, 'R1': np.float32(85.086), 'R5': np.float32(98.635), 'R10': np.float32(99.393), 'mAP': np.float32(91.512), 'mINP': np.float32(91.512), 'lr': 8e-05, 'entropy': 0.041286, 'loss': 2.635645}
      TTA Epoch: [19] [  0/123]  eta: 0:00:51  lr: 0.000076  entropy: 0.0233  loss: 2.6286  time: 0.4226  data: 0.3674  max mem: 2671
      TTA Epoch: [19] [100/123]  eta: 0:00:00  lr: 0.000071  entropy: 0.0805  loss: 2.6658  time: 0.0334  data: 0.0001  max mem: 2671
      TTA Epoch: [19] [122/123]  eta: 0:00:00  lr: 0.000070  entropy: 0.0013  loss: 2.6206  time: 0.0314  data: 0.0001  max mem: 2671
      TTA Epoch: [19] Total time: 0:00:04 (0.0364 s / it)
     Averaged stats: lr: 0.0001  entropy: 0.0382  loss: 2.6344
     Computing matching score
      Evaluation: [   0/1978]  eta: 0:01:26    time: 0.0436  data: 0.0023  max mem: 2671
      Evaluation: [ 100/1978]  eta: 0:01:15    time: 0.0405  data: 0.0000  max mem: 2671
      Evaluation: [ 200/1978]  eta: 0:01:11    time: 0.0403  data: 0.0000  max mem: 2671
      Evaluation: [ 300/1978]  eta: 0:01:07    time: 0.0402  data: 0.0000  max mem: 2671
      Evaluation: [ 400/1978]  eta: 0:01:03    time: 0.0403  data: 0.0000  max mem: 2671
      Evaluation: [ 500/1978]  eta: 0:00:59    time: 0.0411  data: 0.0000  max mem: 2671
      Evaluation: [ 600/1978]  eta: 0:00:55    time: 0.0423  data: 0.0000  max mem: 2671
      Evaluation: [ 700/1978]  eta: 0:00:52    time: 0.0425  data: 0.0000  max mem: 2671
      Evaluation: [ 800/1978]  eta: 0:00:48    time: 0.0429  data: 0.0000  max mem: 2671
      Evaluation: [ 900/1978]  eta: 0:00:44    time: 0.0425  data: 0.0000  max mem: 2671
      Evaluation: [1000/1978]  eta: 0:00:40    time: 0.0411  data: 0.0000  max mem: 2671
      Evaluation: [1100/1978]  eta: 0:00:36    time: 0.0433  data: 0.0000  max mem: 2671
      Evaluation: [1200/1978]  eta: 0:00:32    time: 0.0429  data: 0.0000  max mem: 2671
      Evaluation: [1300/1978]  eta: 0:00:28    time: 0.0433  data: 0.0000  max mem: 2671
      Evaluation: [1400/1978]  eta: 0:00:24    time: 0.0412  data: 0.0000  max mem: 2671
      Evaluation: [1500/1978]  eta: 0:00:19    time: 0.0405  data: 0.0000  max mem: 2671
      Evaluation: [1600/1978]  eta: 0:00:15    time: 0.0420  data: 0.0000  max mem: 2671
      Evaluation: [1700/1978]  eta: 0:00:11    time: 0.0420  data: 0.0000  max mem: 2671
      Evaluation: [1800/1978]  eta: 0:00:07    time: 0.0420  data: 0.0000  max mem: 2671
      Evaluation: [1900/1978]  eta: 0:00:03    time: 0.0420  data: 0.0000  max mem: 2671
      Evaluation: [1977/1978]  eta: 0:00:00    time: 0.0428  data: 0.0000  max mem: 2671
      Evaluation: Total time: 0:01:22 (0.0417 s / it)
     Computing matching score time 0:01:22
### TTA ITM Score: 
+-------+--------+--------+--------+--------+--------+
| epoch |   R1   |   R5   |  R10   |  mAP   |  mINP  |
+-------+--------+--------+--------+--------+--------+
|  -999 | 69.414 | 95.197 | 97.776 | 81.233 | 81.233 |
|  -999 | 84.277 | 99.039 | 99.596 | 91.276 | 91.276 |
|   0   | 84.176 | 98.736 | 99.393 | 91.111 | 91.111 |
|   1   | 84.429 | 98.888 | 99.292 | 91.256 | 91.256 |
|   2   | 84.833 | 98.686 | 99.393 | 91.433 | 91.433 |
|   3   | 85.086 | 98.686 | 99.393 | 91.580 | 91.580 |
|   4   | 85.490 | 98.635 | 99.393 | 91.768 | 91.768 |
|   5   | 85.086 | 98.686 | 99.292 | 91.572 | 91.572 |
|   6   | 85.086 | 98.736 | 99.393 | 91.538 | 91.538 |
|   7   | 85.086 | 98.736 | 99.292 | 91.563 | 91.563 |
|   8   | 84.985 | 98.635 | 99.343 | 91.466 | 91.466 |
|   9   | 85.086 | 98.584 | 99.343 | 91.516 | 91.516 |
|   10  | 85.086 | 98.635 | 99.343 | 91.531 | 91.531 |
|   11  | 84.985 | 98.584 | 99.343 | 91.465 | 91.465 |
|   12  | 84.985 | 98.584 | 99.343 | 91.485 | 91.485 |
|   13  | 85.035 | 98.584 | 99.393 | 91.478 | 91.478 |
|   14  | 85.035 | 98.584 | 99.393 | 91.487 | 91.487 |
|   15  | 85.035 | 98.584 | 99.343 | 91.492 | 91.492 |
|   16  | 85.035 | 98.635 | 99.393 | 91.488 | 91.488 |
|   17  | 85.086 | 98.635 | 99.343 | 91.511 | 91.511 |
|   18  | 85.086 | 98.635 | 99.393 | 91.512 | 91.512 |
|   19  | 85.187 | 98.584 | 99.393 | 91.562 | 91.562 |
+-------+--------+--------+--------+--------+--------+
     logs:  {'epo': 19, 'R1': np.float32(85.187), 'R5': np.float32(98.584), 'R10': np.float32(99.393), 'mAP': np.float32(91.562), 'mINP': np.float32(91.562), 'lr': 7.3e-05, 'entropy': 0.038215, 'loss': 2.634376}
      TTA Epoch: [20] [  0/123]  eta: 0:00:52  lr: 0.000070  entropy: 0.1048  loss: 2.6643  time: 0.4273  data: 0.3723  max mem: 2671
      TTA Epoch: [20] [100/123]  eta: 0:00:00  lr: 0.000064  entropy: 0.0055  loss: 2.6235  time: 0.0334  data: 0.0001  max mem: 2671
      TTA Epoch: [20] [122/123]  eta: 0:00:00  lr: 0.000063  entropy: 0.0010  loss: 2.6142  time: 0.0312  data: 0.0001  max mem: 2671
      TTA Epoch: [20] Total time: 0:00:04 (0.0365 s / it)
     Averaged stats: lr: 0.0001  entropy: 0.0391  loss: 2.6348
     Computing matching score
      Evaluation: [   0/1978]  eta: 0:01:35    time: 0.0483  data: 0.0035  max mem: 2671
      Evaluation: [ 100/1978]  eta: 0:01:20    time: 0.0426  data: 0.0000  max mem: 2671
      Evaluation: [ 200/1978]  eta: 0:01:18    time: 0.0450  data: 0.0000  max mem: 2671
      Evaluation: [ 300/1978]  eta: 0:01:14    time: 0.0448  data: 0.0000  max mem: 2671
      Evaluation: [ 400/1978]  eta: 0:01:09    time: 0.0441  data: 0.0000  max mem: 2671
      Evaluation: [ 500/1978]  eta: 0:01:05    time: 0.0455  data: 0.0000  max mem: 2671
      Evaluation: [ 600/1978]  eta: 0:01:00    time: 0.0430  data: 0.0000  max mem: 2671
      Evaluation: [ 700/1978]  eta: 0:00:56    time: 0.0459  data: 0.0000  max mem: 2671
      Evaluation: [ 800/1978]  eta: 0:00:52    time: 0.0452  data: 0.0000  max mem: 2671
      Evaluation: [ 900/1978]  eta: 0:00:48    time: 0.0460  data: 0.0000  max mem: 2671
      Evaluation: [1000/1978]  eta: 0:00:43    time: 0.0423  data: 0.0000  max mem: 2671
      Evaluation: [1100/1978]  eta: 0:00:38    time: 0.0427  data: 0.0000  max mem: 2671
      Evaluation: [1200/1978]  eta: 0:00:34    time: 0.0428  data: 0.0000  max mem: 2671
      Evaluation: [1300/1978]  eta: 0:00:29    time: 0.0427  data: 0.0000  max mem: 2671
      Evaluation: [1400/1978]  eta: 0:00:25    time: 0.0423  data: 0.0000  max mem: 2671
      Evaluation: [1500/1978]  eta: 0:00:20    time: 0.0429  data: 0.0000  max mem: 2671
      Evaluation: [1600/1978]  eta: 0:00:16    time: 0.0423  data: 0.0000  max mem: 2671
      Evaluation: [1700/1978]  eta: 0:00:12    time: 0.0444  data: 0.0000  max mem: 2671
      Evaluation: [1800/1978]  eta: 0:00:07    time: 0.0433  data: 0.0000  max mem: 2671
      Evaluation: [1900/1978]  eta: 0:00:03    time: 0.0424  data: 0.0000  max mem: 2671
      Evaluation: [1977/1978]  eta: 0:00:00    time: 0.0437  data: 0.0000  max mem: 2671
      Evaluation: Total time: 0:01:26 (0.0437 s / it)
     Computing matching score time 0:01:26
### TTA ITM Score: 
+-------+--------+--------+--------+--------+--------+
| epoch |   R1   |   R5   |  R10   |  mAP   |  mINP  |
+-------+--------+--------+--------+--------+--------+
|  -999 | 69.414 | 95.197 | 97.776 | 81.233 | 81.233 |
|  -999 | 84.277 | 99.039 | 99.596 | 91.276 | 91.276 |
|   0   | 84.176 | 98.736 | 99.393 | 91.111 | 91.111 |
|   1   | 84.429 | 98.888 | 99.292 | 91.256 | 91.256 |
|   2   | 84.833 | 98.686 | 99.393 | 91.433 | 91.433 |
|   3   | 85.086 | 98.686 | 99.393 | 91.580 | 91.580 |
|   4   | 85.490 | 98.635 | 99.393 | 91.768 | 91.768 |
|   5   | 85.086 | 98.686 | 99.292 | 91.572 | 91.572 |
|   6   | 85.086 | 98.736 | 99.393 | 91.538 | 91.538 |
|   7   | 85.086 | 98.736 | 99.292 | 91.563 | 91.563 |
|   8   | 84.985 | 98.635 | 99.343 | 91.466 | 91.466 |
|   9   | 85.086 | 98.584 | 99.343 | 91.516 | 91.516 |
|   10  | 85.086 | 98.635 | 99.343 | 91.531 | 91.531 |
|   11  | 84.985 | 98.584 | 99.343 | 91.465 | 91.465 |
|   12  | 84.985 | 98.584 | 99.343 | 91.485 | 91.485 |
|   13  | 85.035 | 98.584 | 99.393 | 91.478 | 91.478 |
|   14  | 85.035 | 98.584 | 99.393 | 91.487 | 91.487 |
|   15  | 85.035 | 98.584 | 99.343 | 91.492 | 91.492 |
|   16  | 85.035 | 98.635 | 99.393 | 91.488 | 91.488 |
|   17  | 85.086 | 98.635 | 99.343 | 91.511 | 91.511 |
|   18  | 85.086 | 98.635 | 99.393 | 91.512 | 91.512 |
|   19  | 85.187 | 98.584 | 99.393 | 91.562 | 91.562 |
|   20  | 85.187 | 98.584 | 99.444 | 91.561 | 91.561 |
+-------+--------+--------+--------+--------+--------+
     logs:  {'epo': 20, 'R1': np.float32(85.187), 'R5': np.float32(98.584), 'R10': np.float32(99.444), 'mAP': np.float32(91.561), 'mINP': np.float32(91.561), 'lr': 6.6e-05, 'entropy': 0.039133, 'loss': 2.634797}
      TTA Epoch: [21] [  0/123]  eta: 0:00:57  lr: 0.000063  entropy: 0.0567  loss: 2.6360  time: 0.4643  data: 0.4083  max mem: 2671
      TTA Epoch: [21] [100/123]  eta: 0:00:01  lr: 0.000057  entropy: 0.1197  loss: 2.6729  time: 0.0397  data: 0.0022  max mem: 2671
      TTA Epoch: [21] [122/123]  eta: 0:00:00  lr: 0.000056  entropy: 0.0071  loss: 2.6326  time: 0.0374  data: 0.0021  max mem: 2671
      TTA Epoch: [21] Total time: 0:00:05 (0.0426 s / it)
     Averaged stats: lr: 0.0001  entropy: 0.0402  loss: 2.6352
     Computing matching score
      Evaluation: [   0/1978]  eta: 0:01:46    time: 0.0538  data: 0.0034  max mem: 2671
      Evaluation: [ 100/1978]  eta: 0:01:23    time: 0.0434  data: 0.0000  max mem: 2671
      Evaluation: [ 200/1978]  eta: 0:01:19    time: 0.0455  data: 0.0000  max mem: 2671
      Evaluation: [ 300/1978]  eta: 0:01:16    time: 0.0499  data: 0.0000  max mem: 2671
      Evaluation: [ 400/1978]  eta: 0:01:11    time: 0.0447  data: 0.0000  max mem: 2671
      Evaluation: [ 500/1978]  eta: 0:01:06    time: 0.0424  data: 0.0000  max mem: 2671
      Evaluation: [ 600/1978]  eta: 0:01:01    time: 0.0426  data: 0.0000  max mem: 2671
      Evaluation: [ 700/1978]  eta: 0:00:56    time: 0.0424  data: 0.0000  max mem: 2671
      Evaluation: [ 800/1978]  eta: 0:00:51    time: 0.0426  data: 0.0000  max mem: 2671
      Evaluation: [ 900/1978]  eta: 0:00:47    time: 0.0416  data: 0.0000  max mem: 2671
      Evaluation: [1000/1978]  eta: 0:00:42    time: 0.0427  data: 0.0000  max mem: 2671
      Evaluation: [1100/1978]  eta: 0:00:38    time: 0.0427  data: 0.0000  max mem: 2671
      Evaluation: [1200/1978]  eta: 0:00:33    time: 0.0427  data: 0.0000  max mem: 2671
      Evaluation: [1300/1978]  eta: 0:00:29    time: 0.0425  data: 0.0000  max mem: 2671
      Evaluation: [1400/1978]  eta: 0:00:25    time: 0.0418  data: 0.0000  max mem: 2671
      Evaluation: [1500/1978]  eta: 0:00:20    time: 0.0440  data: 0.0000  max mem: 2671
      Evaluation: [1600/1978]  eta: 0:00:16    time: 0.0428  data: 0.0000  max mem: 2671
      Evaluation: [1700/1978]  eta: 0:00:11    time: 0.0418  data: 0.0000  max mem: 2671
      Evaluation: [1800/1978]  eta: 0:00:07    time: 0.0475  data: 0.0000  max mem: 2671
      Evaluation: [1900/1978]  eta: 0:00:03    time: 0.0410  data: 0.0000  max mem: 2671
      Evaluation: [1977/1978]  eta: 0:00:00    time: 0.0406  data: 0.0000  max mem: 2671
      Evaluation: Total time: 0:01:25 (0.0432 s / it)
     Computing matching score time 0:01:25
### TTA ITM Score: 
+-------+--------+--------+--------+--------+--------+
| epoch |   R1   |   R5   |  R10   |  mAP   |  mINP  |
+-------+--------+--------+--------+--------+--------+
|  -999 | 69.414 | 95.197 | 97.776 | 81.233 | 81.233 |
|  -999 | 84.277 | 99.039 | 99.596 | 91.276 | 91.276 |
|   0   | 84.176 | 98.736 | 99.393 | 91.111 | 91.111 |
|   1   | 84.429 | 98.888 | 99.292 | 91.256 | 91.256 |
|   2   | 84.833 | 98.686 | 99.393 | 91.433 | 91.433 |
|   3   | 85.086 | 98.686 | 99.393 | 91.580 | 91.580 |
|   4   | 85.490 | 98.635 | 99.393 | 91.768 | 91.768 |
|   5   | 85.086 | 98.686 | 99.292 | 91.572 | 91.572 |
|   6   | 85.086 | 98.736 | 99.393 | 91.538 | 91.538 |
|   7   | 85.086 | 98.736 | 99.292 | 91.563 | 91.563 |
|   8   | 84.985 | 98.635 | 99.343 | 91.466 | 91.466 |
|   9   | 85.086 | 98.584 | 99.343 | 91.516 | 91.516 |
|   10  | 85.086 | 98.635 | 99.343 | 91.531 | 91.531 |
|   11  | 84.985 | 98.584 | 99.343 | 91.465 | 91.465 |
|   12  | 84.985 | 98.584 | 99.343 | 91.485 | 91.485 |
|   13  | 85.035 | 98.584 | 99.393 | 91.478 | 91.478 |
|   14  | 85.035 | 98.584 | 99.393 | 91.487 | 91.487 |
|   15  | 85.035 | 98.584 | 99.343 | 91.492 | 91.492 |
|   16  | 85.035 | 98.635 | 99.393 | 91.488 | 91.488 |
|   17  | 85.086 | 98.635 | 99.343 | 91.511 | 91.511 |
|   18  | 85.086 | 98.635 | 99.393 | 91.512 | 91.512 |
|   19  | 85.187 | 98.584 | 99.393 | 91.562 | 91.562 |
|   20  | 85.187 | 98.584 | 99.444 | 91.561 | 91.561 |
|   21  | 85.238 | 98.483 | 99.444 | 91.575 | 91.575 |
+-------+--------+--------+--------+--------+--------+
     logs:  {'epo': 21, 'R1': np.float32(85.238), 'R5': np.float32(98.483), 'R10': np.float32(99.444), 'mAP': np.float32(91.575), 'mINP': np.float32(91.575), 'lr': 5.9e-05, 'entropy': 0.040221, 'loss': 2.635169}
      TTA Epoch: [22] [  0/123]  eta: 0:00:52  lr: 0.000056  entropy: 0.0180  loss: 2.6137  time: 0.4287  data: 0.3731  max mem: 2671
      TTA Epoch: [22] [100/123]  eta: 0:00:00  lr: 0.000050  entropy: 0.0001  loss: 2.6227  time: 0.0433  data: 0.0077  max mem: 2671
      TTA Epoch: [22] [122/123]  eta: 0:00:00  lr: 0.000049  entropy: 0.0628  loss: 2.6501  time: 0.0390  data: 0.0068  max mem: 2671
      TTA Epoch: [22] Total time: 0:00:04 (0.0399 s / it)
     Averaged stats: lr: 0.0001  entropy: 0.0374  loss: 2.6343
     Computing matching score
      Evaluation: [   0/1978]  eta: 0:01:33    time: 0.0471  data: 0.0035  max mem: 2671
      Evaluation: [ 100/1978]  eta: 0:01:16    time: 0.0411  data: 0.0000  max mem: 2671
      Evaluation: [ 200/1978]  eta: 0:01:12    time: 0.0407  data: 0.0000  max mem: 2671
      Evaluation: [ 300/1978]  eta: 0:01:08    time: 0.0406  data: 0.0000  max mem: 2671
      Evaluation: [ 400/1978]  eta: 0:01:04    time: 0.0406  data: 0.0000  max mem: 2671
      Evaluation: [ 500/1978]  eta: 0:01:00    time: 0.0406  data: 0.0000  max mem: 2671
      Evaluation: [ 600/1978]  eta: 0:00:56    time: 0.0407  data: 0.0000  max mem: 2671
      Evaluation: [ 700/1978]  eta: 0:00:52    time: 0.0411  data: 0.0000  max mem: 2671
      Evaluation: [ 800/1978]  eta: 0:00:48    time: 0.0409  data: 0.0000  max mem: 2671
      Evaluation: [ 900/1978]  eta: 0:00:44    time: 0.0433  data: 0.0000  max mem: 2671
      Evaluation: [1000/1978]  eta: 0:00:40    time: 0.0418  data: 0.0000  max mem: 2671
      Evaluation: [1100/1978]  eta: 0:00:36    time: 0.0495  data: 0.0000  max mem: 2671
      Evaluation: [1200/1978]  eta: 0:00:32    time: 0.0412  data: 0.0000  max mem: 2671
      Evaluation: [1300/1978]  eta: 0:00:28    time: 0.0411  data: 0.0000  max mem: 2671
      Evaluation: [1400/1978]  eta: 0:00:24    time: 0.0407  data: 0.0000  max mem: 2671
      Evaluation: [1500/1978]  eta: 0:00:19    time: 0.0409  data: 0.0000  max mem: 2671
      Evaluation: [1600/1978]  eta: 0:00:15    time: 0.0405  data: 0.0000  max mem: 2671
      Evaluation: [1700/1978]  eta: 0:00:11    time: 0.0412  data: 0.0000  max mem: 2671
      Evaluation: [1800/1978]  eta: 0:00:07    time: 0.0408  data: 0.0000  max mem: 2671
      Evaluation: [1900/1978]  eta: 0:00:03    time: 0.0406  data: 0.0000  max mem: 2671
      Evaluation: [1977/1978]  eta: 0:00:00    time: 0.0412  data: 0.0000  max mem: 2671
      Evaluation: Total time: 0:01:22 (0.0415 s / it)
     Computing matching score time 0:01:22
### TTA ITM Score: 
+-------+--------+--------+--------+--------+--------+
| epoch |   R1   |   R5   |  R10   |  mAP   |  mINP  |
+-------+--------+--------+--------+--------+--------+
|  -999 | 69.414 | 95.197 | 97.776 | 81.233 | 81.233 |
|  -999 | 84.277 | 99.039 | 99.596 | 91.276 | 91.276 |
|   0   | 84.176 | 98.736 | 99.393 | 91.111 | 91.111 |
|   1   | 84.429 | 98.888 | 99.292 | 91.256 | 91.256 |
|   2   | 84.833 | 98.686 | 99.393 | 91.433 | 91.433 |
|   3   | 85.086 | 98.686 | 99.393 | 91.580 | 91.580 |
|   4   | 85.490 | 98.635 | 99.393 | 91.768 | 91.768 |
|   5   | 85.086 | 98.686 | 99.292 | 91.572 | 91.572 |
|   6   | 85.086 | 98.736 | 99.393 | 91.538 | 91.538 |
|   7   | 85.086 | 98.736 | 99.292 | 91.563 | 91.563 |
|   8   | 84.985 | 98.635 | 99.343 | 91.466 | 91.466 |
|   9   | 85.086 | 98.584 | 99.343 | 91.516 | 91.516 |
|   10  | 85.086 | 98.635 | 99.343 | 91.531 | 91.531 |
|   11  | 84.985 | 98.584 | 99.343 | 91.465 | 91.465 |
|   12  | 84.985 | 98.584 | 99.343 | 91.485 | 91.485 |
|   13  | 85.035 | 98.584 | 99.393 | 91.478 | 91.478 |
|   14  | 85.035 | 98.584 | 99.393 | 91.487 | 91.487 |
|   15  | 85.035 | 98.584 | 99.343 | 91.492 | 91.492 |
|   16  | 85.035 | 98.635 | 99.393 | 91.488 | 91.488 |
|   17  | 85.086 | 98.635 | 99.343 | 91.511 | 91.511 |
|   18  | 85.086 | 98.635 | 99.393 | 91.512 | 91.512 |
|   19  | 85.187 | 98.584 | 99.393 | 91.562 | 91.562 |
|   20  | 85.187 | 98.584 | 99.444 | 91.561 | 91.561 |
|   21  | 85.238 | 98.483 | 99.444 | 91.575 | 91.575 |
|   22  | 85.137 | 98.483 | 99.444 | 91.542 | 91.542 |
+-------+--------+--------+--------+--------+--------+
     logs:  {'epo': 22, 'R1': np.float32(85.137), 'R5': np.float32(98.483), 'R10': np.float32(99.444), 'mAP': np.float32(91.542), 'mINP': np.float32(91.542), 'lr': 5.3e-05, 'entropy': 0.037445, 'loss': 2.634253}
      TTA Epoch: [23] [  0/123]  eta: 0:00:53  lr: 0.000049  entropy: 0.1065  loss: 2.6601  time: 0.4338  data: 0.3790  max mem: 2671
      TTA Epoch: [23] [100/123]  eta: 0:00:01  lr: 0.000044  entropy: 0.0318  loss: 2.6352  time: 0.0391  data: 0.0048  max mem: 2671
      TTA Epoch: [23] [122/123]  eta: 0:00:00  lr: 0.000042  entropy: 0.0160  loss: 2.6179  time: 0.0313  data: 0.0001  max mem: 2671
      TTA Epoch: [23] Total time: 0:00:05 (0.0426 s / it)
     Averaged stats: lr: 0.0000  entropy: 0.0400  loss: 2.6352
     Computing matching score
      Evaluation: [   0/1978]  eta: 0:01:33    time: 0.0473  data: 0.0035  max mem: 2671
      Evaluation: [ 100/1978]  eta: 0:01:19    time: 0.0422  data: 0.0000  max mem: 2671
      Evaluation: [ 200/1978]  eta: 0:01:16    time: 0.0439  data: 0.0000  max mem: 2671
      Evaluation: [ 300/1978]  eta: 0:01:11    time: 0.0420  data: 0.0000  max mem: 2671
      Evaluation: [ 400/1978]  eta: 0:01:07    time: 0.0467  data: 0.0000  max mem: 2671
      Evaluation: [ 500/1978]  eta: 0:01:04    time: 0.0448  data: 0.0000  max mem: 2671
      Evaluation: [ 600/1978]  eta: 0:00:59    time: 0.0410  data: 0.0000  max mem: 2671
      Evaluation: [ 700/1978]  eta: 0:00:55    time: 0.0412  data: 0.0000  max mem: 2671
      Evaluation: [ 800/1978]  eta: 0:00:50    time: 0.0411  data: 0.0000  max mem: 2671
      Evaluation: [ 900/1978]  eta: 0:00:45    time: 0.0410  data: 0.0000  max mem: 2671
      Evaluation: [1000/1978]  eta: 0:00:41    time: 0.0404  data: 0.0000  max mem: 2671
      Evaluation: [1100/1978]  eta: 0:00:37    time: 0.0406  data: 0.0000  max mem: 2671
      Evaluation: [1200/1978]  eta: 0:00:32    time: 0.0416  data: 0.0000  max mem: 2671
      Evaluation: [1300/1978]  eta: 0:00:28    time: 0.0420  data: 0.0000  max mem: 2671
      Evaluation: [1400/1978]  eta: 0:00:24    time: 0.0434  data: 0.0000  max mem: 2671
      Evaluation: [1500/1978]  eta: 0:00:20    time: 0.0424  data: 0.0000  max mem: 2671
      Evaluation: [1600/1978]  eta: 0:00:15    time: 0.0418  data: 0.0000  max mem: 2671
      Evaluation: [1700/1978]  eta: 0:00:11    time: 0.0445  data: 0.0000  max mem: 2671
      Evaluation: [1800/1978]  eta: 0:00:07    time: 0.0431  data: 0.0000  max mem: 2671
      Evaluation: [1900/1978]  eta: 0:00:03    time: 0.0431  data: 0.0000  max mem: 2671
      Evaluation: [1977/1978]  eta: 0:00:00    time: 0.0475  data: 0.0000  max mem: 2671
      Evaluation: Total time: 0:01:24 (0.0426 s / it)
     Computing matching score time 0:01:24
### TTA ITM Score: 
+-------+--------+--------+--------+--------+--------+
| epoch |   R1   |   R5   |  R10   |  mAP   |  mINP  |
+-------+--------+--------+--------+--------+--------+
|  -999 | 69.414 | 95.197 | 97.776 | 81.233 | 81.233 |
|  -999 | 84.277 | 99.039 | 99.596 | 91.276 | 91.276 |
|   0   | 84.176 | 98.736 | 99.393 | 91.111 | 91.111 |
|   1   | 84.429 | 98.888 | 99.292 | 91.256 | 91.256 |
|   2   | 84.833 | 98.686 | 99.393 | 91.433 | 91.433 |
|   3   | 85.086 | 98.686 | 99.393 | 91.580 | 91.580 |
|   4   | 85.490 | 98.635 | 99.393 | 91.768 | 91.768 |
|   5   | 85.086 | 98.686 | 99.292 | 91.572 | 91.572 |
|   6   | 85.086 | 98.736 | 99.393 | 91.538 | 91.538 |
|   7   | 85.086 | 98.736 | 99.292 | 91.563 | 91.563 |
|   8   | 84.985 | 98.635 | 99.343 | 91.466 | 91.466 |
|   9   | 85.086 | 98.584 | 99.343 | 91.516 | 91.516 |
|   10  | 85.086 | 98.635 | 99.343 | 91.531 | 91.531 |
|   11  | 84.985 | 98.584 | 99.343 | 91.465 | 91.465 |
|   12  | 84.985 | 98.584 | 99.343 | 91.485 | 91.485 |
|   13  | 85.035 | 98.584 | 99.393 | 91.478 | 91.478 |
|   14  | 85.035 | 98.584 | 99.393 | 91.487 | 91.487 |
|   15  | 85.035 | 98.584 | 99.343 | 91.492 | 91.492 |
|   16  | 85.035 | 98.635 | 99.393 | 91.488 | 91.488 |
|   17  | 85.086 | 98.635 | 99.343 | 91.511 | 91.511 |
|   18  | 85.086 | 98.635 | 99.393 | 91.512 | 91.512 |
|   19  | 85.187 | 98.584 | 99.393 | 91.562 | 91.562 |
|   20  | 85.187 | 98.584 | 99.444 | 91.561 | 91.561 |
|   21  | 85.238 | 98.483 | 99.444 | 91.575 | 91.575 |
|   22  | 85.137 | 98.483 | 99.444 | 91.542 | 91.542 |
|   23  | 85.137 | 98.483 | 99.444 | 91.537 | 91.537 |
+-------+--------+--------+--------+--------+--------+
     logs:  {'epo': 23, 'R1': np.float32(85.137), 'R5': np.float32(98.483), 'R10': np.float32(99.444), 'mAP': np.float32(91.537), 'mINP': np.float32(91.537), 'lr': 4.6e-05, 'entropy': 0.040037, 'loss': 2.6352}
      TTA Epoch: [24] [  0/123]  eta: 0:01:17  lr: 0.000042  entropy: 0.0065  loss: 2.6156  time: 0.6281  data: 0.5615  max mem: 2671
      TTA Epoch: [24] [100/123]  eta: 0:00:01  lr: 0.000037  entropy: 0.0006  loss: 2.6126  time: 0.0417  data: 0.0002  max mem: 2671
      TTA Epoch: [24] [122/123]  eta: 0:00:00  lr: 0.000036  entropy: 0.0486  loss: 2.6477  time: 0.0377  data: 0.0001  max mem: 2671
      TTA Epoch: [24] Total time: 0:00:05 (0.0456 s / it)
     Averaged stats: lr: 0.0000  entropy: 0.0335  loss: 2.6326
     Computing matching score
      Evaluation: [   0/1978]  eta: 0:01:34    time: 0.0476  data: 0.0035  max mem: 2671
      Evaluation: [ 100/1978]  eta: 0:01:19    time: 0.0419  data: 0.0000  max mem: 2671
      Evaluation: [ 200/1978]  eta: 0:01:14    time: 0.0416  data: 0.0000  max mem: 2671
      Evaluation: [ 300/1978]  eta: 0:01:10    time: 0.0418  data: 0.0000  max mem: 2671
      Evaluation: [ 400/1978]  eta: 0:01:06    time: 0.0420  data: 0.0000  max mem: 2671
      Evaluation: [ 500/1978]  eta: 0:01:02    time: 0.0420  data: 0.0000  max mem: 2671
      Evaluation: [ 600/1978]  eta: 0:00:57    time: 0.0421  data: 0.0000  max mem: 2671
      Evaluation: [ 700/1978]  eta: 0:00:53    time: 0.0418  data: 0.0000  max mem: 2671
      Evaluation: [ 800/1978]  eta: 0:00:49    time: 0.0424  data: 0.0000  max mem: 2671
      Evaluation: [ 900/1978]  eta: 0:00:45    time: 0.0420  data: 0.0000  max mem: 2671
      Evaluation: [1000/1978]  eta: 0:00:41    time: 0.0429  data: 0.0000  max mem: 2671
      Evaluation: [1100/1978]  eta: 0:00:36    time: 0.0418  data: 0.0000  max mem: 2671
      Evaluation: [1200/1978]  eta: 0:00:32    time: 0.0448  data: 0.0000  max mem: 2671
      Evaluation: [1300/1978]  eta: 0:00:28    time: 0.0428  data: 0.0000  max mem: 2671
      Evaluation: [1400/1978]  eta: 0:00:24    time: 0.0480  data: 0.0000  max mem: 2671
      Evaluation: [1500/1978]  eta: 0:00:20    time: 0.0451  data: 0.0000  max mem: 2671
      Evaluation: [1600/1978]  eta: 0:00:16    time: 0.0418  data: 0.0000  max mem: 2671
      Evaluation: [1700/1978]  eta: 0:00:11    time: 0.0416  data: 0.0000  max mem: 2671
      Evaluation: [1800/1978]  eta: 0:00:07    time: 0.0416  data: 0.0000  max mem: 2671
      Evaluation: [1900/1978]  eta: 0:00:03    time: 0.0414  data: 0.0000  max mem: 2671
      Evaluation: [1977/1978]  eta: 0:00:00    time: 0.0418  data: 0.0000  max mem: 2671
      Evaluation: Total time: 0:01:24 (0.0425 s / it)
     Computing matching score time 0:01:24
### TTA ITM Score: 
+-------+--------+--------+--------+--------+--------+
| epoch |   R1   |   R5   |  R10   |  mAP   |  mINP  |
+-------+--------+--------+--------+--------+--------+
|  -999 | 69.414 | 95.197 | 97.776 | 81.233 | 81.233 |
|  -999 | 84.277 | 99.039 | 99.596 | 91.276 | 91.276 |
|   0   | 84.176 | 98.736 | 99.393 | 91.111 | 91.111 |
|   1   | 84.429 | 98.888 | 99.292 | 91.256 | 91.256 |
|   2   | 84.833 | 98.686 | 99.393 | 91.433 | 91.433 |
|   3   | 85.086 | 98.686 | 99.393 | 91.580 | 91.580 |
|   4   | 85.490 | 98.635 | 99.393 | 91.768 | 91.768 |
|   5   | 85.086 | 98.686 | 99.292 | 91.572 | 91.572 |
|   6   | 85.086 | 98.736 | 99.393 | 91.538 | 91.538 |
|   7   | 85.086 | 98.736 | 99.292 | 91.563 | 91.563 |
|   8   | 84.985 | 98.635 | 99.343 | 91.466 | 91.466 |
|   9   | 85.086 | 98.584 | 99.343 | 91.516 | 91.516 |
|   10  | 85.086 | 98.635 | 99.343 | 91.531 | 91.531 |
|   11  | 84.985 | 98.584 | 99.343 | 91.465 | 91.465 |
|   12  | 84.985 | 98.584 | 99.343 | 91.485 | 91.485 |
|   13  | 85.035 | 98.584 | 99.393 | 91.478 | 91.478 |
|   14  | 85.035 | 98.584 | 99.393 | 91.487 | 91.487 |
|   15  | 85.035 | 98.584 | 99.343 | 91.492 | 91.492 |
|   16  | 85.035 | 98.635 | 99.393 | 91.488 | 91.488 |
|   17  | 85.086 | 98.635 | 99.343 | 91.511 | 91.511 |
|   18  | 85.086 | 98.635 | 99.393 | 91.512 | 91.512 |
|   19  | 85.187 | 98.584 | 99.393 | 91.562 | 91.562 |
|   20  | 85.187 | 98.584 | 99.444 | 91.561 | 91.561 |
|   21  | 85.238 | 98.483 | 99.444 | 91.575 | 91.575 |
|   22  | 85.137 | 98.483 | 99.444 | 91.542 | 91.542 |
|   23  | 85.137 | 98.483 | 99.444 | 91.537 | 91.537 |
|   24  | 85.137 | 98.483 | 99.444 | 91.538 | 91.538 |
+-------+--------+--------+--------+--------+--------+
     logs:  {'epo': 24, 'R1': np.float32(85.137), 'R5': np.float32(98.483), 'R10': np.float32(99.444), 'mAP': np.float32(91.538), 'mINP': np.float32(91.538), 'lr': 3.9e-05, 'entropy': 0.033515, 'loss': 2.632625}
      TTA Epoch: [25] [  0/123]  eta: 0:00:54  lr: 0.000036  entropy: 0.0067  loss: 2.6150  time: 0.4404  data: 0.3700  max mem: 2671
      TTA Epoch: [25] [100/123]  eta: 0:00:00  lr: 0.000030  entropy: 0.0487  loss: 2.6210  time: 0.0370  data: 0.0001  max mem: 2671
      TTA Epoch: [25] [122/123]  eta: 0:00:00  lr: 0.000029  entropy: 0.0448  loss: 2.6485  time: 0.0336  data: 0.0001  max mem: 2671
      TTA Epoch: [25] Total time: 0:00:05 (0.0413 s / it)
     Averaged stats: lr: 0.0000  entropy: 0.0384  loss: 2.6345
     Computing matching score
      Evaluation: [   0/1978]  eta: 0:01:33    time: 0.0471  data: 0.0036  max mem: 2671
      Evaluation: [ 100/1978]  eta: 0:01:18    time: 0.0415  data: 0.0000  max mem: 2671
      Evaluation: [ 200/1978]  eta: 0:01:14    time: 0.0419  data: 0.0000  max mem: 2671
      Evaluation: [ 300/1978]  eta: 0:01:10    time: 0.0420  data: 0.0000  max mem: 2671
      Evaluation: [ 400/1978]  eta: 0:01:06    time: 0.0424  data: 0.0000  max mem: 2671
      Evaluation: [ 500/1978]  eta: 0:01:02    time: 0.0441  data: 0.0000  max mem: 2671
      Evaluation: [ 600/1978]  eta: 0:00:58    time: 0.0418  data: 0.0000  max mem: 2671
      Evaluation: [ 700/1978]  eta: 0:00:54    time: 0.0436  data: 0.0000  max mem: 2671
      Evaluation: [ 800/1978]  eta: 0:00:50    time: 0.0436  data: 0.0000  max mem: 2671
      Evaluation: [ 900/1978]  eta: 0:00:46    time: 0.0443  data: 0.0000  max mem: 2671
      Evaluation: [1000/1978]  eta: 0:00:41    time: 0.0413  data: 0.0000  max mem: 2671
      Evaluation: [1100/1978]  eta: 0:00:37    time: 0.0414  data: 0.0000  max mem: 2671
      Evaluation: [1200/1978]  eta: 0:00:33    time: 0.0416  data: 0.0000  max mem: 2671
      Evaluation: [1300/1978]  eta: 0:00:28    time: 0.0418  data: 0.0000  max mem: 2671
      Evaluation: [1400/1978]  eta: 0:00:24    time: 0.0418  data: 0.0000  max mem: 2671
      Evaluation: [1500/1978]  eta: 0:00:20    time: 0.0416  data: 0.0000  max mem: 2671
      Evaluation: [1600/1978]  eta: 0:00:16    time: 0.0418  data: 0.0000  max mem: 2671
      Evaluation: [1700/1978]  eta: 0:00:11    time: 0.0418  data: 0.0000  max mem: 2671
      Evaluation: [1800/1978]  eta: 0:00:07    time: 0.0417  data: 0.0000  max mem: 2671
      Evaluation: [1900/1978]  eta: 0:00:03    time: 0.0419  data: 0.0000  max mem: 2671
      Evaluation: [1977/1978]  eta: 0:00:00    time: 0.0424  data: 0.0000  max mem: 2671
      Evaluation: Total time: 0:01:23 (0.0423 s / it)
     Computing matching score time 0:01:23
### TTA ITM Score: 
+-------+--------+--------+--------+--------+--------+
| epoch |   R1   |   R5   |  R10   |  mAP   |  mINP  |
+-------+--------+--------+--------+--------+--------+
|  -999 | 69.414 | 95.197 | 97.776 | 81.233 | 81.233 |
|  -999 | 84.277 | 99.039 | 99.596 | 91.276 | 91.276 |
|   0   | 84.176 | 98.736 | 99.393 | 91.111 | 91.111 |
|   1   | 84.429 | 98.888 | 99.292 | 91.256 | 91.256 |
|   2   | 84.833 | 98.686 | 99.393 | 91.433 | 91.433 |
|   3   | 85.086 | 98.686 | 99.393 | 91.580 | 91.580 |
|   4   | 85.490 | 98.635 | 99.393 | 91.768 | 91.768 |
|   5   | 85.086 | 98.686 | 99.292 | 91.572 | 91.572 |
|   6   | 85.086 | 98.736 | 99.393 | 91.538 | 91.538 |
|   7   | 85.086 | 98.736 | 99.292 | 91.563 | 91.563 |
|   8   | 84.985 | 98.635 | 99.343 | 91.466 | 91.466 |
|   9   | 85.086 | 98.584 | 99.343 | 91.516 | 91.516 |
|   10  | 85.086 | 98.635 | 99.343 | 91.531 | 91.531 |
|   11  | 84.985 | 98.584 | 99.343 | 91.465 | 91.465 |
|   12  | 84.985 | 98.584 | 99.343 | 91.485 | 91.485 |
|   13  | 85.035 | 98.584 | 99.393 | 91.478 | 91.478 |
|   14  | 85.035 | 98.584 | 99.393 | 91.487 | 91.487 |
|   15  | 85.035 | 98.584 | 99.343 | 91.492 | 91.492 |
|   16  | 85.035 | 98.635 | 99.393 | 91.488 | 91.488 |
|   17  | 85.086 | 98.635 | 99.343 | 91.511 | 91.511 |
|   18  | 85.086 | 98.635 | 99.393 | 91.512 | 91.512 |
|   19  | 85.187 | 98.584 | 99.393 | 91.562 | 91.562 |
|   20  | 85.187 | 98.584 | 99.444 | 91.561 | 91.561 |
|   21  | 85.238 | 98.483 | 99.444 | 91.575 | 91.575 |
|   22  | 85.137 | 98.483 | 99.444 | 91.542 | 91.542 |
|   23  | 85.137 | 98.483 | 99.444 | 91.537 | 91.537 |
|   24  | 85.137 | 98.483 | 99.444 | 91.538 | 91.538 |
|   25  | 85.187 | 98.483 | 99.444 | 91.560 | 91.560 |
+-------+--------+--------+--------+--------+--------+
     logs:  {'epo': 25, 'R1': np.float32(85.187), 'R5': np.float32(98.483), 'R10': np.float32(99.444), 'mAP': np.float32(91.56), 'mINP': np.float32(91.56), 'lr': 3.2e-05, 'entropy': 0.038412, 'loss': 2.634487}
      TTA Epoch: [26] [  0/123]  eta: 0:01:01  lr: 0.000029  entropy: 0.0137  loss: 2.6219  time: 0.5031  data: 0.4362  max mem: 2671
      TTA Epoch: [26] [100/123]  eta: 0:00:01  lr: 0.000023  entropy: 0.0646  loss: 2.6434  time: 0.0435  data: 0.0056  max mem: 2671
      TTA Epoch: [26] [122/123]  eta: 0:00:00  lr: 0.000022  entropy: 0.1250  loss: 2.6634  time: 0.0399  data: 0.0044  max mem: 2671
      TTA Epoch: [26] Total time: 0:00:05 (0.0457 s / it)
     Averaged stats: lr: 0.0000  entropy: 0.0344  loss: 2.6329
     Computing matching score
      Evaluation: [   0/1978]  eta: 0:01:38    time: 0.0500  data: 0.0026  max mem: 2671
      Evaluation: [ 100/1978]  eta: 0:01:19    time: 0.0426  data: 0.0000  max mem: 2671
      Evaluation: [ 200/1978]  eta: 0:01:17    time: 0.0445  data: 0.0000  max mem: 2671
      Evaluation: [ 300/1978]  eta: 0:01:13    time: 0.0444  data: 0.0000  max mem: 2671
      Evaluation: [ 400/1978]  eta: 0:01:08    time: 0.0415  data: 0.0000  max mem: 2671
      Evaluation: [ 500/1978]  eta: 0:01:03    time: 0.0411  data: 0.0000  max mem: 2671
      Evaluation: [ 600/1978]  eta: 0:00:59    time: 0.0412  data: 0.0000  max mem: 2671
      Evaluation: [ 700/1978]  eta: 0:00:54    time: 0.0414  data: 0.0000  max mem: 2671
      Evaluation: [ 800/1978]  eta: 0:00:50    time: 0.0414  data: 0.0000  max mem: 2671
      Evaluation: [ 900/1978]  eta: 0:00:45    time: 0.0414  data: 0.0000  max mem: 2671
      Evaluation: [1000/1978]  eta: 0:00:41    time: 0.0417  data: 0.0000  max mem: 2671
      Evaluation: [1100/1978]  eta: 0:00:37    time: 0.0415  data: 0.0000  max mem: 2671
      Evaluation: [1200/1978]  eta: 0:00:32    time: 0.0417  data: 0.0000  max mem: 2671
      Evaluation: [1300/1978]  eta: 0:00:28    time: 0.0421  data: 0.0000  max mem: 2671
      Evaluation: [1400/1978]  eta: 0:00:24    time: 0.0417  data: 0.0000  max mem: 2671
      Evaluation: [1500/1978]  eta: 0:00:20    time: 0.0442  data: 0.0000  max mem: 2671
      Evaluation: [1600/1978]  eta: 0:00:15    time: 0.0419  data: 0.0000  max mem: 2671
      Evaluation: [1700/1978]  eta: 0:00:11    time: 0.0436  data: 0.0000  max mem: 2671
      Evaluation: [1800/1978]  eta: 0:00:07    time: 0.0465  data: 0.0000  max mem: 2671
      Evaluation: [1900/1978]  eta: 0:00:03    time: 0.0404  data: 0.0000  max mem: 2671
      Evaluation: [1977/1978]  eta: 0:00:00    time: 0.0404  data: 0.0000  max mem: 2671
      Evaluation: Total time: 0:01:23 (0.0423 s / it)
     Computing matching score time 0:01:23
### TTA ITM Score: 
+-------+--------+--------+--------+--------+--------+
| epoch |   R1   |   R5   |  R10   |  mAP   |  mINP  |
+-------+--------+--------+--------+--------+--------+
|  -999 | 69.414 | 95.197 | 97.776 | 81.233 | 81.233 |
|  -999 | 84.277 | 99.039 | 99.596 | 91.276 | 91.276 |
|   0   | 84.176 | 98.736 | 99.393 | 91.111 | 91.111 |
|   1   | 84.429 | 98.888 | 99.292 | 91.256 | 91.256 |
|   2   | 84.833 | 98.686 | 99.393 | 91.433 | 91.433 |
|   3   | 85.086 | 98.686 | 99.393 | 91.580 | 91.580 |
|   4   | 85.490 | 98.635 | 99.393 | 91.768 | 91.768 |
|   5   | 85.086 | 98.686 | 99.292 | 91.572 | 91.572 |
|   6   | 85.086 | 98.736 | 99.393 | 91.538 | 91.538 |
|   7   | 85.086 | 98.736 | 99.292 | 91.563 | 91.563 |
|   8   | 84.985 | 98.635 | 99.343 | 91.466 | 91.466 |
|   9   | 85.086 | 98.584 | 99.343 | 91.516 | 91.516 |
|   10  | 85.086 | 98.635 | 99.343 | 91.531 | 91.531 |
|   11  | 84.985 | 98.584 | 99.343 | 91.465 | 91.465 |
|   12  | 84.985 | 98.584 | 99.343 | 91.485 | 91.485 |
|   13  | 85.035 | 98.584 | 99.393 | 91.478 | 91.478 |
|   14  | 85.035 | 98.584 | 99.393 | 91.487 | 91.487 |
|   15  | 85.035 | 98.584 | 99.343 | 91.492 | 91.492 |
|   16  | 85.035 | 98.635 | 99.393 | 91.488 | 91.488 |
|   17  | 85.086 | 98.635 | 99.343 | 91.511 | 91.511 |
|   18  | 85.086 | 98.635 | 99.393 | 91.512 | 91.512 |
|   19  | 85.187 | 98.584 | 99.393 | 91.562 | 91.562 |
|   20  | 85.187 | 98.584 | 99.444 | 91.561 | 91.561 |
|   21  | 85.238 | 98.483 | 99.444 | 91.575 | 91.575 |
|   22  | 85.137 | 98.483 | 99.444 | 91.542 | 91.542 |
|   23  | 85.137 | 98.483 | 99.444 | 91.537 | 91.537 |
|   24  | 85.137 | 98.483 | 99.444 | 91.538 | 91.538 |
|   25  | 85.187 | 98.483 | 99.444 | 91.560 | 91.560 |
|   26  | 85.238 | 98.483 | 99.444 | 91.585 | 91.585 |
+-------+--------+--------+--------+--------+--------+
     logs:  {'epo': 26, 'R1': np.float32(85.238), 'R5': np.float32(98.483), 'R10': np.float32(99.444), 'mAP': np.float32(91.585), 'mINP': np.float32(91.585), 'lr': 2.5e-05, 'entropy': 0.034397, 'loss': 2.632936}
      TTA Epoch: [27] [  0/123]  eta: 0:00:51  lr: 0.000022  entropy: 0.0417  loss: 2.6241  time: 0.4153  data: 0.3606  max mem: 2671
      TTA Epoch: [27] [100/123]  eta: 0:00:00  lr: 0.000016  entropy: 0.0325  loss: 2.6259  time: 0.0357  data: 0.0002  max mem: 2671
      TTA Epoch: [27] [122/123]  eta: 0:00:00  lr: 0.000015  entropy: 0.0102  loss: 2.6190  time: 0.0316  data: 0.0001  max mem: 2671
      TTA Epoch: [27] Total time: 0:00:04 (0.0374 s / it)
     Averaged stats: lr: 0.0000  entropy: 0.0356  loss: 2.6334
     Computing matching score
      Evaluation: [   0/1978]  eta: 0:01:29    time: 0.0451  data: 0.0023  max mem: 2671
      Evaluation: [ 100/1978]  eta: 0:01:15    time: 0.0404  data: 0.0000  max mem: 2671
      Evaluation: [ 200/1978]  eta: 0:01:11    time: 0.0405  data: 0.0000  max mem: 2671
      Evaluation: [ 300/1978]  eta: 0:01:08    time: 0.0406  data: 0.0000  max mem: 2671
      Evaluation: [ 400/1978]  eta: 0:01:04    time: 0.0407  data: 0.0000  max mem: 2671
      Evaluation: [ 500/1978]  eta: 0:01:00    time: 0.0434  data: 0.0000  max mem: 2671
      Evaluation: [ 600/1978]  eta: 0:00:56    time: 0.0429  data: 0.0000  max mem: 2671
      Evaluation: [ 700/1978]  eta: 0:00:53    time: 0.0453  data: 0.0000  max mem: 2671
      Evaluation: [ 800/1978]  eta: 0:00:49    time: 0.0444  data: 0.0000  max mem: 2671
      Evaluation: [ 900/1978]  eta: 0:00:45    time: 0.0447  data: 0.0000  max mem: 2671
      Evaluation: [1000/1978]  eta: 0:00:41    time: 0.0432  data: 0.0000  max mem: 2671
      Evaluation: [1100/1978]  eta: 0:00:37    time: 0.0452  data: 0.0000  max mem: 2671
      Evaluation: [1200/1978]  eta: 0:00:33    time: 0.0454  data: 0.0000  max mem: 2671
      Evaluation: [1300/1978]  eta: 0:00:29    time: 0.0407  data: 0.0000  max mem: 2671
      Evaluation: [1400/1978]  eta: 0:00:24    time: 0.0410  data: 0.0000  max mem: 2671
      Evaluation: [1500/1978]  eta: 0:00:20    time: 0.0405  data: 0.0000  max mem: 2671
      Evaluation: [1600/1978]  eta: 0:00:16    time: 0.0407  data: 0.0000  max mem: 2671
      Evaluation: [1700/1978]  eta: 0:00:11    time: 0.0415  data: 0.0000  max mem: 2671
      Evaluation: [1800/1978]  eta: 0:00:07    time: 0.0411  data: 0.0000  max mem: 2671
      Evaluation: [1900/1978]  eta: 0:00:03    time: 0.0410  data: 0.0000  max mem: 2671
      Evaluation: [1977/1978]  eta: 0:00:00    time: 0.0410  data: 0.0000  max mem: 2671
      Evaluation: Total time: 0:01:23 (0.0424 s / it)
     Computing matching score time 0:01:24
### TTA ITM Score: 
+-------+--------+--------+--------+--------+--------+
| epoch |   R1   |   R5   |  R10   |  mAP   |  mINP  |
+-------+--------+--------+--------+--------+--------+
|  -999 | 69.414 | 95.197 | 97.776 | 81.233 | 81.233 |
|  -999 | 84.277 | 99.039 | 99.596 | 91.276 | 91.276 |
|   0   | 84.176 | 98.736 | 99.393 | 91.111 | 91.111 |
|   1   | 84.429 | 98.888 | 99.292 | 91.256 | 91.256 |
|   2   | 84.833 | 98.686 | 99.393 | 91.433 | 91.433 |
|   3   | 85.086 | 98.686 | 99.393 | 91.580 | 91.580 |
|   4   | 85.490 | 98.635 | 99.393 | 91.768 | 91.768 |
|   5   | 85.086 | 98.686 | 99.292 | 91.572 | 91.572 |
|   6   | 85.086 | 98.736 | 99.393 | 91.538 | 91.538 |
|   7   | 85.086 | 98.736 | 99.292 | 91.563 | 91.563 |
|   8   | 84.985 | 98.635 | 99.343 | 91.466 | 91.466 |
|   9   | 85.086 | 98.584 | 99.343 | 91.516 | 91.516 |
|   10  | 85.086 | 98.635 | 99.343 | 91.531 | 91.531 |
|   11  | 84.985 | 98.584 | 99.343 | 91.465 | 91.465 |
|   12  | 84.985 | 98.584 | 99.343 | 91.485 | 91.485 |
|   13  | 85.035 | 98.584 | 99.393 | 91.478 | 91.478 |
|   14  | 85.035 | 98.584 | 99.393 | 91.487 | 91.487 |
|   15  | 85.035 | 98.584 | 99.343 | 91.492 | 91.492 |
|   16  | 85.035 | 98.635 | 99.393 | 91.488 | 91.488 |
|   17  | 85.086 | 98.635 | 99.343 | 91.511 | 91.511 |
|   18  | 85.086 | 98.635 | 99.393 | 91.512 | 91.512 |
|   19  | 85.187 | 98.584 | 99.393 | 91.562 | 91.562 |
|   20  | 85.187 | 98.584 | 99.444 | 91.561 | 91.561 |
|   21  | 85.238 | 98.483 | 99.444 | 91.575 | 91.575 |
|   22  | 85.137 | 98.483 | 99.444 | 91.542 | 91.542 |
|   23  | 85.137 | 98.483 | 99.444 | 91.537 | 91.537 |
|   24  | 85.137 | 98.483 | 99.444 | 91.538 | 91.538 |
|   25  | 85.187 | 98.483 | 99.444 | 91.560 | 91.560 |
|   26  | 85.238 | 98.483 | 99.444 | 91.585 | 91.585 |
|   27  | 85.238 | 98.483 | 99.444 | 91.585 | 91.585 |
+-------+--------+--------+--------+--------+--------+
     logs:  {'epo': 27, 'R1': np.float32(85.238), 'R5': np.float32(98.483), 'R10': np.float32(99.444), 'mAP': np.float32(91.585), 'mINP': np.float32(91.585), 'lr': 1.9e-05, 'entropy': 0.035606, 'loss': 2.633416}
      TTA Epoch: [28] [  0/123]  eta: 0:00:54  lr: 0.000015  entropy: 0.0797  loss: 2.6506  time: 0.4465  data: 0.3909  max mem: 2671
      TTA Epoch: [28] [100/123]  eta: 0:00:00  lr: 0.000010  entropy: 0.0214  loss: 2.6314  time: 0.0338  data: 0.0001  max mem: 2671
      TTA Epoch: [28] [122/123]  eta: 0:00:00  lr: 0.000008  entropy: 0.0253  loss: 2.6356  time: 0.0313  data: 0.0001  max mem: 2671
      TTA Epoch: [28] Total time: 0:00:04 (0.0391 s / it)
     Averaged stats: lr: 0.0000  entropy: 0.0370  loss: 2.6339
     Computing matching score
      Evaluation: [   0/1978]  eta: 0:01:34    time: 0.0480  data: 0.0036  max mem: 2671
      Evaluation: [ 100/1978]  eta: 0:01:16    time: 0.0409  data: 0.0000  max mem: 2671
      Evaluation: [ 200/1978]  eta: 0:01:13    time: 0.0419  data: 0.0000  max mem: 2671
      Evaluation: [ 300/1978]  eta: 0:01:10    time: 0.0429  data: 0.0000  max mem: 2671
      Evaluation: [ 400/1978]  eta: 0:01:06    time: 0.0413  data: 0.0000  max mem: 2671
      Evaluation: [ 500/1978]  eta: 0:01:03    time: 0.0506  data: 0.0000  max mem: 2671
      Evaluation: [ 600/1978]  eta: 0:00:59    time: 0.0414  data: 0.0000  max mem: 2671
      Evaluation: [ 700/1978]  eta: 0:00:54    time: 0.0413  data: 0.0000  max mem: 2671
      Evaluation: [ 800/1978]  eta: 0:00:50    time: 0.0406  data: 0.0000  max mem: 2671
      Evaluation: [ 900/1978]  eta: 0:00:45    time: 0.0408  data: 0.0000  max mem: 2671
      Evaluation: [1000/1978]  eta: 0:00:41    time: 0.0408  data: 0.0000  max mem: 2671
      Evaluation: [1100/1978]  eta: 0:00:37    time: 0.0410  data: 0.0000  max mem: 2671
      Evaluation: [1200/1978]  eta: 0:00:32    time: 0.0413  data: 0.0000  max mem: 2671
      Evaluation: [1300/1978]  eta: 0:00:28    time: 0.0413  data: 0.0000  max mem: 2671
      Evaluation: [1400/1978]  eta: 0:00:24    time: 0.0416  data: 0.0000  max mem: 2671
      Evaluation: [1500/1978]  eta: 0:00:20    time: 0.0417  data: 0.0000  max mem: 2671
      Evaluation: [1600/1978]  eta: 0:00:15    time: 0.0416  data: 0.0000  max mem: 2671
      Evaluation: [1700/1978]  eta: 0:00:11    time: 0.0423  data: 0.0000  max mem: 2671
      Evaluation: [1800/1978]  eta: 0:00:07    time: 0.0436  data: 0.0000  max mem: 2671
      Evaluation: [1900/1978]  eta: 0:00:03    time: 0.0417  data: 0.0000  max mem: 2671
      Evaluation: [1977/1978]  eta: 0:00:00    time: 0.0421  data: 0.0000  max mem: 2671
      Evaluation: Total time: 0:01:23 (0.0420 s / it)
     Computing matching score time 0:01:23
### TTA ITM Score: 
+-------+--------+--------+--------+--------+--------+
| epoch |   R1   |   R5   |  R10   |  mAP   |  mINP  |
+-------+--------+--------+--------+--------+--------+
|  -999 | 69.414 | 95.197 | 97.776 | 81.233 | 81.233 |
|  -999 | 84.277 | 99.039 | 99.596 | 91.276 | 91.276 |
|   0   | 84.176 | 98.736 | 99.393 | 91.111 | 91.111 |
|   1   | 84.429 | 98.888 | 99.292 | 91.256 | 91.256 |
|   2   | 84.833 | 98.686 | 99.393 | 91.433 | 91.433 |
|   3   | 85.086 | 98.686 | 99.393 | 91.580 | 91.580 |
|   4   | 85.490 | 98.635 | 99.393 | 91.768 | 91.768 |
|   5   | 85.086 | 98.686 | 99.292 | 91.572 | 91.572 |
|   6   | 85.086 | 98.736 | 99.393 | 91.538 | 91.538 |
|   7   | 85.086 | 98.736 | 99.292 | 91.563 | 91.563 |
|   8   | 84.985 | 98.635 | 99.343 | 91.466 | 91.466 |
|   9   | 85.086 | 98.584 | 99.343 | 91.516 | 91.516 |
|   10  | 85.086 | 98.635 | 99.343 | 91.531 | 91.531 |
|   11  | 84.985 | 98.584 | 99.343 | 91.465 | 91.465 |
|   12  | 84.985 | 98.584 | 99.343 | 91.485 | 91.485 |
|   13  | 85.035 | 98.584 | 99.393 | 91.478 | 91.478 |
|   14  | 85.035 | 98.584 | 99.393 | 91.487 | 91.487 |
|   15  | 85.035 | 98.584 | 99.343 | 91.492 | 91.492 |
|   16  | 85.035 | 98.635 | 99.393 | 91.488 | 91.488 |
|   17  | 85.086 | 98.635 | 99.343 | 91.511 | 91.511 |
|   18  | 85.086 | 98.635 | 99.393 | 91.512 | 91.512 |
|   19  | 85.187 | 98.584 | 99.393 | 91.562 | 91.562 |
|   20  | 85.187 | 98.584 | 99.444 | 91.561 | 91.561 |
|   21  | 85.238 | 98.483 | 99.444 | 91.575 | 91.575 |
|   22  | 85.137 | 98.483 | 99.444 | 91.542 | 91.542 |
|   23  | 85.137 | 98.483 | 99.444 | 91.537 | 91.537 |
|   24  | 85.137 | 98.483 | 99.444 | 91.538 | 91.538 |
|   25  | 85.187 | 98.483 | 99.444 | 91.560 | 91.560 |
|   26  | 85.238 | 98.483 | 99.444 | 91.585 | 91.585 |
|   27  | 85.238 | 98.483 | 99.444 | 91.585 | 91.585 |
|   28  | 85.288 | 98.483 | 99.444 | 91.609 | 91.609 |
+-------+--------+--------+--------+--------+--------+
     logs:  {'epo': 28, 'R1': np.float32(85.288), 'R5': np.float32(98.483), 'R10': np.float32(99.444), 'mAP': np.float32(91.609), 'mINP': np.float32(91.609), 'lr': 1.2e-05, 'entropy': 0.036965, 'loss': 2.633871}
      TTA Epoch: [29] [  0/123]  eta: 0:01:00  lr: 0.000008  entropy: 0.0479  loss: 2.6392  time: 0.4957  data: 0.4329  max mem: 2671
      TTA Epoch: [29] [100/123]  eta: 0:00:01  lr: 0.000003  entropy: 0.0024  loss: 2.6198  time: 0.0452  data: 0.0046  max mem: 2671
      TTA Epoch: [29] [122/123]  eta: 0:00:00  lr: 0.000002  entropy: 0.0960  loss: 2.6552  time: 0.0522  data: 0.0151  max mem: 2671
      TTA Epoch: [29] Total time: 0:00:05 (0.0461 s / it)
     Averaged stats: lr: 0.0000  entropy: 0.0371  loss: 2.6340
     Computing matching score
      Evaluation: [   0/1978]  eta: 0:01:54    time: 0.0577  data: 0.0024  max mem: 2671
      Evaluation: [ 100/1978]  eta: 0:01:24    time: 0.0449  data: 0.0000  max mem: 2671
      Evaluation: [ 200/1978]  eta: 0:01:18    time: 0.0425  data: 0.0000  max mem: 2671
      Evaluation: [ 300/1978]  eta: 0:01:13    time: 0.0431  data: 0.0000  max mem: 2671
      Evaluation: [ 400/1978]  eta: 0:01:08    time: 0.0418  data: 0.0000  max mem: 2671
      Evaluation: [ 500/1978]  eta: 0:01:03    time: 0.0416  data: 0.0000  max mem: 2671
      Evaluation: [ 600/1978]  eta: 0:00:59    time: 0.0412  data: 0.0000  max mem: 2671
      Evaluation: [ 700/1978]  eta: 0:00:54    time: 0.0412  data: 0.0000  max mem: 2671
      Evaluation: [ 800/1978]  eta: 0:00:50    time: 0.0412  data: 0.0000  max mem: 2671
      Evaluation: [ 900/1978]  eta: 0:00:45    time: 0.0417  data: 0.0000  max mem: 2671
      Evaluation: [1000/1978]  eta: 0:00:41    time: 0.0421  data: 0.0000  max mem: 2671
      Evaluation: [1100/1978]  eta: 0:00:37    time: 0.0429  data: 0.0000  max mem: 2671
      Evaluation: [1200/1978]  eta: 0:00:32    time: 0.0442  data: 0.0000  max mem: 2671
      Evaluation: [1300/1978]  eta: 0:00:28    time: 0.0444  data: 0.0000  max mem: 2671
      Evaluation: [1400/1978]  eta: 0:00:24    time: 0.0429  data: 0.0000  max mem: 2671
      Evaluation: [1500/1978]  eta: 0:00:20    time: 0.0480  data: 0.0000  max mem: 2671
      Evaluation: [1600/1978]  eta: 0:00:16    time: 0.0452  data: 0.0000  max mem: 2671
      Evaluation: [1700/1978]  eta: 0:00:11    time: 0.0416  data: 0.0000  max mem: 2671
      Evaluation: [1800/1978]  eta: 0:00:07    time: 0.0410  data: 0.0000  max mem: 2671
      Evaluation: [1900/1978]  eta: 0:00:03    time: 0.0416  data: 0.0000  max mem: 2671
      Evaluation: [1977/1978]  eta: 0:00:00    time: 0.0416  data: 0.0000  max mem: 2671
      Evaluation: Total time: 0:01:24 (0.0426 s / it)
     Computing matching score time 0:01:24
### TTA ITM Score: 
+-------+--------+--------+--------+--------+--------+
| epoch |   R1   |   R5   |  R10   |  mAP   |  mINP  |
+-------+--------+--------+--------+--------+--------+
|  -999 | 69.414 | 95.197 | 97.776 | 81.233 | 81.233 |
|  -999 | 84.277 | 99.039 | 99.596 | 91.276 | 91.276 |
|   0   | 84.176 | 98.736 | 99.393 | 91.111 | 91.111 |
|   1   | 84.429 | 98.888 | 99.292 | 91.256 | 91.256 |
|   2   | 84.833 | 98.686 | 99.393 | 91.433 | 91.433 |
|   3   | 85.086 | 98.686 | 99.393 | 91.580 | 91.580 |
|   4   | 85.490 | 98.635 | 99.393 | 91.768 | 91.768 |
|   5   | 85.086 | 98.686 | 99.292 | 91.572 | 91.572 |
|   6   | 85.086 | 98.736 | 99.393 | 91.538 | 91.538 |
|   7   | 85.086 | 98.736 | 99.292 | 91.563 | 91.563 |
|   8   | 84.985 | 98.635 | 99.343 | 91.466 | 91.466 |
|   9   | 85.086 | 98.584 | 99.343 | 91.516 | 91.516 |
|   10  | 85.086 | 98.635 | 99.343 | 91.531 | 91.531 |
|   11  | 84.985 | 98.584 | 99.343 | 91.465 | 91.465 |
|   12  | 84.985 | 98.584 | 99.343 | 91.485 | 91.485 |
|   13  | 85.035 | 98.584 | 99.393 | 91.478 | 91.478 |
|   14  | 85.035 | 98.584 | 99.393 | 91.487 | 91.487 |
|   15  | 85.035 | 98.584 | 99.343 | 91.492 | 91.492 |
|   16  | 85.035 | 98.635 | 99.393 | 91.488 | 91.488 |
|   17  | 85.086 | 98.635 | 99.343 | 91.511 | 91.511 |
|   18  | 85.086 | 98.635 | 99.393 | 91.512 | 91.512 |
|   19  | 85.187 | 98.584 | 99.393 | 91.562 | 91.562 |
|   20  | 85.187 | 98.584 | 99.444 | 91.561 | 91.561 |
|   21  | 85.238 | 98.483 | 99.444 | 91.575 | 91.575 |
|   22  | 85.137 | 98.483 | 99.444 | 91.542 | 91.542 |
|   23  | 85.137 | 98.483 | 99.444 | 91.537 | 91.537 |
|   24  | 85.137 | 98.483 | 99.444 | 91.538 | 91.538 |
|   25  | 85.187 | 98.483 | 99.444 | 91.560 | 91.560 |
|   26  | 85.238 | 98.483 | 99.444 | 91.585 | 91.585 |
|   27  | 85.238 | 98.483 | 99.444 | 91.585 | 91.585 |
|   28  | 85.288 | 98.483 | 99.444 | 91.609 | 91.609 |
|   29  | 85.238 | 98.483 | 99.444 | 91.584 | 91.584 |
+-------+--------+--------+--------+--------+--------+
     logs:  {'epo': 29, 'R1': np.float32(85.238), 'R5': np.float32(98.483), 'R10': np.float32(99.444), 'mAP': np.float32(91.584), 'mINP': np.float32(91.584), 'lr': 5e-06, 'entropy': 0.037108, 'loss': 2.634013}
### best epoch: 4
### Time 0:44:34
NNODES,  1
NODE_RANK,  0
MASTER_ADDR,  127.0.0.1
MASTER_PORT,  1612
NPROC_PER_NODE,  2
task:  tta_exp3.2
config:  configs/tta_exp3.2.yaml
output_dir:  output/tta_exp3.2/2025082216244
CUDA_VISIBLE_DEVICES=2 python3 tta.py --config configs/tta_exp3.2.yaml --task tta_exp3.2 --output_dir output/tta_exp3.2/2025082216244 --checkpoint checkpoint/cmp.pth --bs 0 --epo 0 --lr 0.0 --seed 42 --tta
