/home/jiahao/miniconda3/envs/cmp/lib/python3.10/site-packages/torch/functional.py:554: UserWarning: torch.meshgrid: in an upcoming release, it will be required to pass the indexing argument. (Triggered internally at /pytorch/aten/src/ATen/native/TensorShape.cpp:4322.)
  return _VF.meshgrid(tensors, **kwargs)  # type: ignore[attr-defined]
Not using distributed mode
### Hyper-parameters:
     seed: 42
     device: cuda
     output_dir: output/tta_exp1.5/2025082205040
     batch_size_tta: 32
     epochs: 30
     lr: 0.0001
### Creating test dataset
from data/PAB/annotation/test/attr.json loading 1978 data
test dataset -->    be_pose_img: True
     test_dataset: 1978
### Creating test dataloader
### be careful: func create_loader returns a list length of 1
     test_loader: 90
### Creating model
build_vision_encoder: load swin 224 x 224 ====>
missing_keys:  []
unexpected_keys:  ['head.weight', 'head.bias']
build_text_encoder: load bert ====>
missing_keys: ['bert.encoder.layer.10.crossattention.output.LayerNorm.bias', 'bert.encoder.layer.10.crossattention.output.LayerNorm.weight', 'bert.encoder.layer.10.crossattention.output.dense.bias', 'bert.encoder.layer.10.crossattention.output.dense.weight', 'bert.encoder.layer.10.crossattention.self.key.bias', 'bert.encoder.layer.10.crossattention.self.key.weight', 'bert.encoder.layer.10.crossattention.self.query.bias', 'bert.encoder.layer.10.crossattention.self.query.weight', 'bert.encoder.layer.10.crossattention.self.value.bias', 'bert.encoder.layer.10.crossattention.self.value.weight', 'bert.encoder.layer.11.crossattention.output.LayerNorm.bias', 'bert.encoder.layer.11.crossattention.output.LayerNorm.weight', 'bert.encoder.layer.11.crossattention.output.dense.bias', 'bert.encoder.layer.11.crossattention.output.dense.weight', 'bert.encoder.layer.11.crossattention.self.key.bias', 'bert.encoder.layer.11.crossattention.self.key.weight', 'bert.encoder.layer.11.crossattention.self.query.bias', 'bert.encoder.layer.11.crossattention.self.query.weight', 'bert.encoder.layer.11.crossattention.self.value.bias', 'bert.encoder.layer.11.crossattention.self.value.weight', 'bert.encoder.layer.6.crossattention.output.LayerNorm.bias', 'bert.encoder.layer.6.crossattention.output.LayerNorm.weight', 'bert.encoder.layer.6.crossattention.output.dense.bias', 'bert.encoder.layer.6.crossattention.output.dense.weight', 'bert.encoder.layer.6.crossattention.self.key.bias', 'bert.encoder.layer.6.crossattention.self.key.weight', 'bert.encoder.layer.6.crossattention.self.query.bias', 'bert.encoder.layer.6.crossattention.self.query.weight', 'bert.encoder.layer.6.crossattention.self.value.bias', 'bert.encoder.layer.6.crossattention.self.value.weight', 'bert.encoder.layer.7.crossattention.output.LayerNorm.bias', 'bert.encoder.layer.7.crossattention.output.LayerNorm.weight', 'bert.encoder.layer.7.crossattention.output.dense.bias', 'bert.encoder.layer.7.crossattention.output.dense.weight', 'bert.encoder.layer.7.crossattention.self.key.bias', 'bert.encoder.layer.7.crossattention.self.key.weight', 'bert.encoder.layer.7.crossattention.self.query.bias', 'bert.encoder.layer.7.crossattention.self.query.weight', 'bert.encoder.layer.7.crossattention.self.value.bias', 'bert.encoder.layer.7.crossattention.self.value.weight', 'bert.encoder.layer.8.crossattention.output.LayerNorm.bias', 'bert.encoder.layer.8.crossattention.output.LayerNorm.weight', 'bert.encoder.layer.8.crossattention.output.dense.bias', 'bert.encoder.layer.8.crossattention.output.dense.weight', 'bert.encoder.layer.8.crossattention.self.key.bias', 'bert.encoder.layer.8.crossattention.self.key.weight', 'bert.encoder.layer.8.crossattention.self.query.bias', 'bert.encoder.layer.8.crossattention.self.query.weight', 'bert.encoder.layer.8.crossattention.self.value.bias', 'bert.encoder.layer.8.crossattention.self.value.weight', 'bert.encoder.layer.9.crossattention.output.LayerNorm.bias', 'bert.encoder.layer.9.crossattention.output.LayerNorm.weight', 'bert.encoder.layer.9.crossattention.output.dense.bias', 'bert.encoder.layer.9.crossattention.output.dense.weight', 'bert.encoder.layer.9.crossattention.self.key.bias', 'bert.encoder.layer.9.crossattention.self.key.weight', 'bert.encoder.layer.9.crossattention.self.query.bias', 'bert.encoder.layer.9.crossattention.self.query.weight', 'bert.encoder.layer.9.crossattention.self.value.bias', 'bert.encoder.layer.9.crossattention.self.value.weight']
unexpected_keys: ['cls.seq_relationship.bias', 'cls.seq_relationship.weight']
mismatched_keys: []
error_msgs: []
Label Smooth: 0.2
pose_conv
load checkpoint from checkpoint/cmp.pth
missing_keys:  ['uncertainty_temper', 'prompt_learning_embedding']
unexpected_keys:  []
     Total Params:  254264985
### Inference ITC similiarity matrix
### Zero-Shot Score: 
+-------+--------+--------+--------+--------+--------+
| epoch |   R1   |   R5   |  R10   |  mAP   |  mINP  |
+-------+--------+--------+--------+--------+--------+
|  -999 | 69.414 | 95.197 | 97.776 | 81.233 | 81.233 |
|  -999 | 84.277 | 99.039 | 99.596 | 91.276 | 91.276 |
+-------+--------+--------+--------+--------+--------+
### TTA:
     preprocess_tta_coefficients  start
     sample selection ...
     number of sample after sample_selection: 1257
     uncertainty ...
     preprocess_tta_coefficients  end
### Creating tta dataset
     tta_dataset: 1257
### Creating tta dataloader
### be careful: func create_loader returns a list length of 1
     tta_loader: 39
### Configure adapted weights
     lr:  0.0001    lr_mult:  2
     model has 'init_params',  386
     num_tta_steps:  1200
     num_warmup_steps:  100
     sched: step
/home/jiahao/task/CMP/tta.py:198: FutureWarning: `torch.cuda.amp.GradScaler(args...)` is deprecated. Please use `torch.amp.GradScaler('cuda', args...)` instead.
  scaler = GradScaler()  # bf16
### Start ITM Test Time Adaptation
      TTA Epoch: [0] [ 0/39]  eta: 0:00:56  lr: 0.000001  entropy: 0.1833  loss: 0.1833  time: 1.4410  data: 0.8791  max mem: 2639
      TTA Epoch: [0] [38/39]  eta: 0:00:00  lr: 0.000039  entropy: 0.4168  loss: 0.4168  time: 0.0323  data: 0.0001  max mem: 2671
      TTA Epoch: [0] Total time: 0:00:02 (0.0711 s / it)
     Averaged stats: lr: 0.0000  entropy: 0.2964  loss: 0.2964
     Computing matching score
      Evaluation: [   0/1978]  eta: 0:03:20    time: 0.1012  data: 0.0023  max mem: 2671
      Evaluation: [ 100/1978]  eta: 0:01:24    time: 0.0441  data: 0.0000  max mem: 2671
      Evaluation: [ 200/1978]  eta: 0:01:19    time: 0.0445  data: 0.0000  max mem: 2671
      Evaluation: [ 300/1978]  eta: 0:01:15    time: 0.0454  data: 0.0000  max mem: 2671
      Evaluation: [ 400/1978]  eta: 0:01:11    time: 0.0424  data: 0.0000  max mem: 2671
      Evaluation: [ 500/1978]  eta: 0:01:06    time: 0.0477  data: 0.0000  max mem: 2671
      Evaluation: [ 600/1978]  eta: 0:01:02    time: 0.0474  data: 0.0000  max mem: 2671
      Evaluation: [ 700/1978]  eta: 0:00:57    time: 0.0415  data: 0.0000  max mem: 2671
      Evaluation: [ 800/1978]  eta: 0:00:52    time: 0.0412  data: 0.0000  max mem: 2671
      Evaluation: [ 900/1978]  eta: 0:00:47    time: 0.0417  data: 0.0000  max mem: 2671
      Evaluation: [1000/1978]  eta: 0:00:42    time: 0.0408  data: 0.0000  max mem: 2671
      Evaluation: [1100/1978]  eta: 0:00:38    time: 0.0404  data: 0.0000  max mem: 2671
      Evaluation: [1200/1978]  eta: 0:00:33    time: 0.0423  data: 0.0000  max mem: 2671
      Evaluation: [1300/1978]  eta: 0:00:29    time: 0.0406  data: 0.0000  max mem: 2671
      Evaluation: [1400/1978]  eta: 0:00:24    time: 0.0409  data: 0.0000  max mem: 2671
      Evaluation: [1500/1978]  eta: 0:00:20    time: 0.0416  data: 0.0000  max mem: 2671
      Evaluation: [1600/1978]  eta: 0:00:16    time: 0.0418  data: 0.0000  max mem: 2671
      Evaluation: [1700/1978]  eta: 0:00:11    time: 0.0433  data: 0.0000  max mem: 2671
      Evaluation: [1800/1978]  eta: 0:00:07    time: 0.0407  data: 0.0000  max mem: 2671
      Evaluation: [1900/1978]  eta: 0:00:03    time: 0.0463  data: 0.0000  max mem: 2671
      Evaluation: [1977/1978]  eta: 0:00:00    time: 0.0488  data: 0.0000  max mem: 2671
      Evaluation: Total time: 0:01:25 (0.0432 s / it)
     Computing matching score time 0:01:25
### TTA ITM Score: 
+-------+--------+--------+--------+--------+--------+
| epoch |   R1   |   R5   |  R10   |  mAP   |  mINP  |
+-------+--------+--------+--------+--------+--------+
|  -999 | 69.414 | 95.197 | 97.776 | 81.233 | 81.233 |
|  -999 | 84.277 | 99.039 | 99.596 | 91.276 | 91.276 |
|   0   | 84.631 | 99.039 | 99.596 | 91.444 | 91.444 |
+-------+--------+--------+--------+--------+--------+
     logs:  {'epo': 0, 'R1': np.float32(84.631), 'R5': np.float32(99.039), 'R10': np.float32(99.596), 'mAP': np.float32(91.444), 'mINP': np.float32(91.444), 'lr': 2e-05, 'entropy': 0.296395, 'loss': 0.296395}
      TTA Epoch: [1] [ 0/39]  eta: 0:00:16  lr: 0.000040  entropy: 0.3179  loss: 0.3179  time: 0.4104  data: 0.3583  max mem: 2671
      TTA Epoch: [1] [38/39]  eta: 0:00:00  lr: 0.000078  entropy: 0.1939  loss: 0.1939  time: 0.0301  data: 0.0001  max mem: 2671
      TTA Epoch: [1] Total time: 0:00:01 (0.0416 s / it)
     Averaged stats: lr: 0.0001  entropy: 0.2776  loss: 0.2776
     Computing matching score
      Evaluation: [   0/1978]  eta: 0:01:27    time: 0.0441  data: 0.0034  max mem: 2671
      Evaluation: [ 100/1978]  eta: 0:01:16    time: 0.0411  data: 0.0000  max mem: 2671
      Evaluation: [ 200/1978]  eta: 0:01:12    time: 0.0403  data: 0.0000  max mem: 2671
      Evaluation: [ 300/1978]  eta: 0:01:08    time: 0.0398  data: 0.0000  max mem: 2671
      Evaluation: [ 400/1978]  eta: 0:01:04    time: 0.0408  data: 0.0000  max mem: 2671
      Evaluation: [ 500/1978]  eta: 0:01:00    time: 0.0410  data: 0.0000  max mem: 2671
      Evaluation: [ 600/1978]  eta: 0:00:56    time: 0.0407  data: 0.0000  max mem: 2671
      Evaluation: [ 700/1978]  eta: 0:00:52    time: 0.0410  data: 0.0000  max mem: 2671
      Evaluation: [ 800/1978]  eta: 0:00:48    time: 0.0410  data: 0.0000  max mem: 2671
      Evaluation: [ 900/1978]  eta: 0:00:44    time: 0.0422  data: 0.0000  max mem: 2671
      Evaluation: [1000/1978]  eta: 0:00:40    time: 0.0454  data: 0.0000  max mem: 2671
      Evaluation: [1100/1978]  eta: 0:00:36    time: 0.0434  data: 0.0000  max mem: 2671
      Evaluation: [1200/1978]  eta: 0:00:32    time: 0.0498  data: 0.0000  max mem: 2671
      Evaluation: [1300/1978]  eta: 0:00:28    time: 0.0500  data: 0.0000  max mem: 2671
      Evaluation: [1400/1978]  eta: 0:00:24    time: 0.0412  data: 0.0000  max mem: 2671
      Evaluation: [1500/1978]  eta: 0:00:20    time: 0.0415  data: 0.0000  max mem: 2671
      Evaluation: [1600/1978]  eta: 0:00:15    time: 0.0405  data: 0.0000  max mem: 2671
      Evaluation: [1700/1978]  eta: 0:00:11    time: 0.0415  data: 0.0000  max mem: 2671
      Evaluation: [1800/1978]  eta: 0:00:07    time: 0.0403  data: 0.0000  max mem: 2671
      Evaluation: [1900/1978]  eta: 0:00:03    time: 0.0412  data: 0.0000  max mem: 2671
      Evaluation: [1977/1978]  eta: 0:00:00    time: 0.0412  data: 0.0000  max mem: 2671
      Evaluation: Total time: 0:01:22 (0.0420 s / it)
     Computing matching score time 0:01:23
### TTA ITM Score: 
+-------+--------+--------+--------+--------+--------+
| epoch |   R1   |   R5   |  R10   |  mAP   |  mINP  |
+-------+--------+--------+--------+--------+--------+
|  -999 | 69.414 | 95.197 | 97.776 | 81.233 | 81.233 |
|  -999 | 84.277 | 99.039 | 99.596 | 91.276 | 91.276 |
|   0   | 84.631 | 99.039 | 99.596 | 91.444 | 91.444 |
|   1   | 84.783 | 98.989 | 99.596 | 91.492 | 91.492 |
+-------+--------+--------+--------+--------+--------+
     logs:  {'epo': 1, 'R1': np.float32(84.783), 'R5': np.float32(98.989), 'R10': np.float32(99.596), 'mAP': np.float32(91.492), 'mINP': np.float32(91.492), 'lr': 5.9e-05, 'entropy': 0.277572, 'loss': 0.277572}
      TTA Epoch: [2] [ 0/39]  eta: 0:00:16  lr: 0.000079  entropy: 0.2804  loss: 0.2804  time: 0.4116  data: 0.3597  max mem: 2671
      TTA Epoch: [2] [38/39]  eta: 0:00:00  lr: 0.000098  entropy: 0.1804  loss: 0.1804  time: 0.0314  data: 0.0001  max mem: 2671
      TTA Epoch: [2] Total time: 0:00:01 (0.0429 s / it)
     Averaged stats: lr: 0.0001  entropy: 0.2426  loss: 0.2426
     Computing matching score
      Evaluation: [   0/1978]  eta: 0:01:26    time: 0.0436  data: 0.0023  max mem: 2671
      Evaluation: [ 100/1978]  eta: 0:01:17    time: 0.0414  data: 0.0000  max mem: 2671
      Evaluation: [ 200/1978]  eta: 0:01:13    time: 0.0411  data: 0.0000  max mem: 2671
      Evaluation: [ 300/1978]  eta: 0:01:09    time: 0.0412  data: 0.0000  max mem: 2671
      Evaluation: [ 400/1978]  eta: 0:01:05    time: 0.0427  data: 0.0000  max mem: 2671
      Evaluation: [ 500/1978]  eta: 0:01:01    time: 0.0419  data: 0.0000  max mem: 2671
      Evaluation: [ 600/1978]  eta: 0:00:58    time: 0.0453  data: 0.0000  max mem: 2671
      Evaluation: [ 700/1978]  eta: 0:00:53    time: 0.0404  data: 0.0000  max mem: 2671
      Evaluation: [ 800/1978]  eta: 0:00:49    time: 0.0401  data: 0.0000  max mem: 2671
      Evaluation: [ 900/1978]  eta: 0:00:44    time: 0.0403  data: 0.0000  max mem: 2671
      Evaluation: [1000/1978]  eta: 0:00:40    time: 0.0405  data: 0.0000  max mem: 2671
      Evaluation: [1100/1978]  eta: 0:00:36    time: 0.0407  data: 0.0000  max mem: 2671
      Evaluation: [1200/1978]  eta: 0:00:32    time: 0.0402  data: 0.0000  max mem: 2671
      Evaluation: [1300/1978]  eta: 0:00:28    time: 0.0403  data: 0.0000  max mem: 2671
      Evaluation: [1400/1978]  eta: 0:00:23    time: 0.0400  data: 0.0000  max mem: 2671
      Evaluation: [1500/1978]  eta: 0:00:19    time: 0.0418  data: 0.0000  max mem: 2671
      Evaluation: [1600/1978]  eta: 0:00:15    time: 0.0409  data: 0.0000  max mem: 2671
      Evaluation: [1700/1978]  eta: 0:00:11    time: 0.0410  data: 0.0000  max mem: 2671
      Evaluation: [1800/1978]  eta: 0:00:07    time: 0.0433  data: 0.0000  max mem: 2671
      Evaluation: [1900/1978]  eta: 0:00:03    time: 0.0419  data: 0.0000  max mem: 2671
      Evaluation: [1977/1978]  eta: 0:00:00    time: 0.0461  data: 0.0000  max mem: 2671
      Evaluation: Total time: 0:01:22 (0.0416 s / it)
     Computing matching score time 0:01:22
### TTA ITM Score: 
+-------+--------+--------+--------+--------+--------+
| epoch |   R1   |   R5   |  R10   |  mAP   |  mINP  |
+-------+--------+--------+--------+--------+--------+
|  -999 | 69.414 | 95.197 | 97.776 | 81.233 | 81.233 |
|  -999 | 84.277 | 99.039 | 99.596 | 91.276 | 91.276 |
|   0   | 84.631 | 99.039 | 99.596 | 91.444 | 91.444 |
|   1   | 84.783 | 98.989 | 99.596 | 91.492 | 91.492 |
|   2   | 84.681 | 98.888 | 99.494 | 91.405 | 91.405 |
+-------+--------+--------+--------+--------+--------+
     logs:  {'epo': 2, 'R1': np.float32(84.681), 'R5': np.float32(98.888), 'R10': np.float32(99.494), 'mAP': np.float32(91.405), 'mINP': np.float32(91.405), 'lr': 9.4e-05, 'entropy': 0.24261, 'loss': 0.24261}
      TTA Epoch: [3] [ 0/39]  eta: 0:00:31  lr: 0.000098  entropy: 0.2297  loss: 0.2297  time: 0.8177  data: 0.7534  max mem: 2671
      TTA Epoch: [3] [38/39]  eta: 0:00:00  lr: 0.000095  entropy: 0.2167  loss: 0.2167  time: 0.0566  data: 0.0005  max mem: 2671
      TTA Epoch: [3] Total time: 0:00:02 (0.0757 s / it)
     Averaged stats: lr: 0.0001  entropy: 0.2182  loss: 0.2182
     Computing matching score
      Evaluation: [   0/1978]  eta: 0:02:24    time: 0.0729  data: 0.0061  max mem: 2671
      Evaluation: [ 100/1978]  eta: 0:01:22    time: 0.0406  data: 0.0000  max mem: 2671
      Evaluation: [ 200/1978]  eta: 0:01:15    time: 0.0414  data: 0.0000  max mem: 2671
      Evaluation: [ 300/1978]  eta: 0:01:10    time: 0.0401  data: 0.0000  max mem: 2671
      Evaluation: [ 400/1978]  eta: 0:01:05    time: 0.0398  data: 0.0000  max mem: 2671
      Evaluation: [ 500/1978]  eta: 0:01:01    time: 0.0401  data: 0.0000  max mem: 2671
      Evaluation: [ 600/1978]  eta: 0:00:56    time: 0.0398  data: 0.0000  max mem: 2671
      Evaluation: [ 700/1978]  eta: 0:00:52    time: 0.0400  data: 0.0000  max mem: 2671
      Evaluation: [ 800/1978]  eta: 0:00:48    time: 0.0403  data: 0.0000  max mem: 2671
      Evaluation: [ 900/1978]  eta: 0:00:44    time: 0.0413  data: 0.0000  max mem: 2671
      Evaluation: [1000/1978]  eta: 0:00:40    time: 0.0413  data: 0.0000  max mem: 2671
      Evaluation: [1100/1978]  eta: 0:00:35    time: 0.0417  data: 0.0000  max mem: 2671
      Evaluation: [1200/1978]  eta: 0:00:32    time: 0.0443  data: 0.0000  max mem: 2671
      Evaluation: [1300/1978]  eta: 0:00:27    time: 0.0450  data: 0.0000  max mem: 2671
      Evaluation: [1400/1978]  eta: 0:00:24    time: 0.0472  data: 0.0000  max mem: 2671
      Evaluation: [1500/1978]  eta: 0:00:19    time: 0.0399  data: 0.0000  max mem: 2671
      Evaluation: [1600/1978]  eta: 0:00:15    time: 0.0422  data: 0.0000  max mem: 2671
      Evaluation: [1700/1978]  eta: 0:00:11    time: 0.0427  data: 0.0000  max mem: 2671
      Evaluation: [1800/1978]  eta: 0:00:07    time: 0.0424  data: 0.0000  max mem: 2671
      Evaluation: [1900/1978]  eta: 0:00:03    time: 0.0426  data: 0.0000  max mem: 2671
      Evaluation: [1977/1978]  eta: 0:00:00    time: 0.0426  data: 0.0000  max mem: 2671
      Evaluation: Total time: 0:01:22 (0.0418 s / it)
     Computing matching score time 0:01:22
### TTA ITM Score: 
+-------+--------+--------+--------+--------+--------+
| epoch |   R1   |   R5   |  R10   |  mAP   |  mINP  |
+-------+--------+--------+--------+--------+--------+
|  -999 | 69.414 | 95.197 | 97.776 | 81.233 | 81.233 |
|  -999 | 84.277 | 99.039 | 99.596 | 91.276 | 91.276 |
|   0   | 84.631 | 99.039 | 99.596 | 91.444 | 91.444 |
|   1   | 84.783 | 98.989 | 99.596 | 91.492 | 91.492 |
|   2   | 84.681 | 98.888 | 99.494 | 91.405 | 91.405 |
|   3   | 84.631 | 98.787 | 99.494 | 91.337 | 91.337 |
+-------+--------+--------+--------+--------+--------+
     logs:  {'epo': 3, 'R1': np.float32(84.631), 'R5': np.float32(98.787), 'R10': np.float32(99.494), 'mAP': np.float32(91.337), 'mINP': np.float32(91.337), 'lr': 9.7e-05, 'entropy': 0.218199, 'loss': 0.218199}
      TTA Epoch: [4] [ 0/39]  eta: 0:00:17  lr: 0.000095  entropy: 0.2707  loss: 0.2707  time: 0.4420  data: 0.3766  max mem: 2671
      TTA Epoch: [4] [38/39]  eta: 0:00:00  lr: 0.000091  entropy: 0.2220  loss: 0.2220  time: 0.0310  data: 0.0001  max mem: 2671
      TTA Epoch: [4] Total time: 0:00:01 (0.0425 s / it)
     Averaged stats: lr: 0.0001  entropy: 0.1947  loss: 0.1947
     Computing matching score
      Evaluation: [   0/1978]  eta: 0:01:32    time: 0.0468  data: 0.0035  max mem: 2671
      Evaluation: [ 100/1978]  eta: 0:01:19    time: 0.0421  data: 0.0000  max mem: 2671
      Evaluation: [ 200/1978]  eta: 0:01:15    time: 0.0427  data: 0.0000  max mem: 2671
      Evaluation: [ 300/1978]  eta: 0:01:11    time: 0.0442  data: 0.0000  max mem: 2671
      Evaluation: [ 400/1978]  eta: 0:01:08    time: 0.0442  data: 0.0000  max mem: 2671
      Evaluation: [ 500/1978]  eta: 0:01:04    time: 0.0462  data: 0.0000  max mem: 2671
      Evaluation: [ 600/1978]  eta: 0:01:00    time: 0.0444  data: 0.0000  max mem: 2671
      Evaluation: [ 700/1978]  eta: 0:00:56    time: 0.0492  data: 0.0000  max mem: 2671
      Evaluation: [ 800/1978]  eta: 0:00:53    time: 0.0492  data: 0.0000  max mem: 2671
      Evaluation: [ 900/1978]  eta: 0:00:48    time: 0.0425  data: 0.0000  max mem: 2671
      Evaluation: [1000/1978]  eta: 0:00:43    time: 0.0422  data: 0.0000  max mem: 2671
      Evaluation: [1100/1978]  eta: 0:00:39    time: 0.0423  data: 0.0000  max mem: 2671
      Evaluation: [1200/1978]  eta: 0:00:34    time: 0.0426  data: 0.0000  max mem: 2671
      Evaluation: [1300/1978]  eta: 0:00:29    time: 0.0425  data: 0.0000  max mem: 2671
      Evaluation: [1400/1978]  eta: 0:00:25    time: 0.0420  data: 0.0000  max mem: 2671
      Evaluation: [1500/1978]  eta: 0:00:20    time: 0.0420  data: 0.0000  max mem: 2671
      Evaluation: [1600/1978]  eta: 0:00:16    time: 0.0423  data: 0.0000  max mem: 2671
      Evaluation: [1700/1978]  eta: 0:00:12    time: 0.0437  data: 0.0000  max mem: 2671
      Evaluation: [1800/1978]  eta: 0:00:07    time: 0.0441  data: 0.0000  max mem: 2671
      Evaluation: [1900/1978]  eta: 0:00:03    time: 0.0462  data: 0.0000  max mem: 2671
      Evaluation: [1977/1978]  eta: 0:00:00    time: 0.0422  data: 0.0000  max mem: 2671
      Evaluation: Total time: 0:01:26 (0.0438 s / it)
     Computing matching score time 0:01:26
### TTA ITM Score: 
+-------+--------+--------+--------+--------+--------+
| epoch |   R1   |   R5   |  R10   |  mAP   |  mINP  |
+-------+--------+--------+--------+--------+--------+
|  -999 | 69.414 | 95.197 | 97.776 | 81.233 | 81.233 |
|  -999 | 84.277 | 99.039 | 99.596 | 91.276 | 91.276 |
|   0   | 84.631 | 99.039 | 99.596 | 91.444 | 91.444 |
|   1   | 84.783 | 98.989 | 99.596 | 91.492 | 91.492 |
|   2   | 84.681 | 98.888 | 99.494 | 91.405 | 91.405 |
|   3   | 84.631 | 98.787 | 99.494 | 91.337 | 91.337 |
|   4   | 84.530 | 98.736 | 99.393 | 91.273 | 91.273 |
+-------+--------+--------+--------+--------+--------+
     logs:  {'epo': 4, 'R1': np.float32(84.53), 'R5': np.float32(98.736), 'R10': np.float32(99.393), 'mAP': np.float32(91.273), 'mINP': np.float32(91.273), 'lr': 9.3e-05, 'entropy': 0.194677, 'loss': 0.194677}
      TTA Epoch: [5] [ 0/39]  eta: 0:00:15  lr: 0.000091  entropy: 0.2296  loss: 0.2296  time: 0.4081  data: 0.3568  max mem: 2671
      TTA Epoch: [5] [38/39]  eta: 0:00:00  lr: 0.000088  entropy: 0.2087  loss: 0.2087  time: 0.0317  data: 0.0001  max mem: 2671
      TTA Epoch: [5] Total time: 0:00:01 (0.0423 s / it)
     Averaged stats: lr: 0.0001  entropy: 0.1761  loss: 0.1761
     Computing matching score
      Evaluation: [   0/1978]  eta: 0:01:31    time: 0.0463  data: 0.0034  max mem: 2671
      Evaluation: [ 100/1978]  eta: 0:01:28    time: 0.0473  data: 0.0000  max mem: 2671
      Evaluation: [ 200/1978]  eta: 0:01:23    time: 0.0453  data: 0.0000  max mem: 2671
      Evaluation: [ 300/1978]  eta: 0:01:16    time: 0.0422  data: 0.0000  max mem: 2671
      Evaluation: [ 400/1978]  eta: 0:01:10    time: 0.0424  data: 0.0000  max mem: 2671
      Evaluation: [ 500/1978]  eta: 0:01:05    time: 0.0421  data: 0.0000  max mem: 2671
      Evaluation: [ 600/1978]  eta: 0:01:00    time: 0.0425  data: 0.0000  max mem: 2671
      Evaluation: [ 700/1978]  eta: 0:00:55    time: 0.0423  data: 0.0000  max mem: 2671
      Evaluation: [ 800/1978]  eta: 0:00:51    time: 0.0426  data: 0.0000  max mem: 2671
      Evaluation: [ 900/1978]  eta: 0:00:46    time: 0.0425  data: 0.0000  max mem: 2671
      Evaluation: [1000/1978]  eta: 0:00:42    time: 0.0425  data: 0.0000  max mem: 2671
      Evaluation: [1100/1978]  eta: 0:00:37    time: 0.0439  data: 0.0000  max mem: 2671
      Evaluation: [1200/1978]  eta: 0:00:33    time: 0.0432  data: 0.0000  max mem: 2671
      Evaluation: [1300/1978]  eta: 0:00:29    time: 0.0428  data: 0.0000  max mem: 2671
      Evaluation: [1400/1978]  eta: 0:00:24    time: 0.0454  data: 0.0000  max mem: 2671
      Evaluation: [1500/1978]  eta: 0:00:20    time: 0.0435  data: 0.0000  max mem: 2671
      Evaluation: [1600/1978]  eta: 0:00:16    time: 0.0476  data: 0.0000  max mem: 2671
      Evaluation: [1700/1978]  eta: 0:00:12    time: 0.0412  data: 0.0000  max mem: 2671
      Evaluation: [1800/1978]  eta: 0:00:07    time: 0.0404  data: 0.0000  max mem: 2671
      Evaluation: [1900/1978]  eta: 0:00:03    time: 0.0408  data: 0.0000  max mem: 2671
      Evaluation: [1977/1978]  eta: 0:00:00    time: 0.0415  data: 0.0000  max mem: 2671
      Evaluation: Total time: 0:01:25 (0.0433 s / it)
     Computing matching score time 0:01:25
### TTA ITM Score: 
+-------+--------+--------+--------+--------+--------+
| epoch |   R1   |   R5   |  R10   |  mAP   |  mINP  |
+-------+--------+--------+--------+--------+--------+
|  -999 | 69.414 | 95.197 | 97.776 | 81.233 | 81.233 |
|  -999 | 84.277 | 99.039 | 99.596 | 91.276 | 91.276 |
|   0   | 84.631 | 99.039 | 99.596 | 91.444 | 91.444 |
|   1   | 84.783 | 98.989 | 99.596 | 91.492 | 91.492 |
|   2   | 84.681 | 98.888 | 99.494 | 91.405 | 91.405 |
|   3   | 84.631 | 98.787 | 99.494 | 91.337 | 91.337 |
|   4   | 84.530 | 98.736 | 99.393 | 91.273 | 91.273 |
|   5   | 84.479 | 98.686 | 99.343 | 91.250 | 91.250 |
+-------+--------+--------+--------+--------+--------+
     logs:  {'epo': 5, 'R1': np.float32(84.479), 'R5': np.float32(98.686), 'R10': np.float32(99.343), 'mAP': np.float32(91.25), 'mINP': np.float32(91.25), 'lr': 9e-05, 'entropy': 0.176113, 'loss': 0.176113}
      TTA Epoch: [6] [ 0/39]  eta: 0:00:17  lr: 0.000088  entropy: 0.1374  loss: 0.1374  time: 0.4414  data: 0.3821  max mem: 2671
      TTA Epoch: [6] [38/39]  eta: 0:00:00  lr: 0.000084  entropy: 0.1819  loss: 0.1819  time: 0.0316  data: 0.0001  max mem: 2671
      TTA Epoch: [6] Total time: 0:00:01 (0.0432 s / it)
     Averaged stats: lr: 0.0001  entropy: 0.1635  loss: 0.1635
     Computing matching score
      Evaluation: [   0/1978]  eta: 0:01:35    time: 0.0484  data: 0.0034  max mem: 2671
      Evaluation: [ 100/1978]  eta: 0:01:18    time: 0.0409  data: 0.0000  max mem: 2671
      Evaluation: [ 200/1978]  eta: 0:01:13    time: 0.0410  data: 0.0000  max mem: 2671
      Evaluation: [ 300/1978]  eta: 0:01:09    time: 0.0409  data: 0.0000  max mem: 2671
      Evaluation: [ 400/1978]  eta: 0:01:05    time: 0.0414  data: 0.0000  max mem: 2671
      Evaluation: [ 500/1978]  eta: 0:01:01    time: 0.0421  data: 0.0000  max mem: 2671
      Evaluation: [ 600/1978]  eta: 0:00:57    time: 0.0431  data: 0.0000  max mem: 2671
      Evaluation: [ 700/1978]  eta: 0:00:53    time: 0.0420  data: 0.0000  max mem: 2671
      Evaluation: [ 800/1978]  eta: 0:00:49    time: 0.0444  data: 0.0000  max mem: 2671
      Evaluation: [ 900/1978]  eta: 0:00:45    time: 0.0455  data: 0.0000  max mem: 2671
      Evaluation: [1000/1978]  eta: 0:00:42    time: 0.0471  data: 0.0000  max mem: 2671
      Evaluation: [1100/1978]  eta: 0:00:37    time: 0.0410  data: 0.0000  max mem: 2671
      Evaluation: [1200/1978]  eta: 0:00:33    time: 0.0411  data: 0.0000  max mem: 2671
      Evaluation: [1300/1978]  eta: 0:00:28    time: 0.0413  data: 0.0000  max mem: 2671
      Evaluation: [1400/1978]  eta: 0:00:24    time: 0.0411  data: 0.0000  max mem: 2671
      Evaluation: [1500/1978]  eta: 0:00:20    time: 0.0415  data: 0.0000  max mem: 2671
      Evaluation: [1600/1978]  eta: 0:00:16    time: 0.0421  data: 0.0000  max mem: 2671
      Evaluation: [1700/1978]  eta: 0:00:11    time: 0.0412  data: 0.0000  max mem: 2671
      Evaluation: [1800/1978]  eta: 0:00:07    time: 0.0414  data: 0.0000  max mem: 2671
      Evaluation: [1900/1978]  eta: 0:00:03    time: 0.0420  data: 0.0000  max mem: 2671
      Evaluation: [1977/1978]  eta: 0:00:00    time: 0.0414  data: 0.0000  max mem: 2671
      Evaluation: Total time: 0:01:23 (0.0423 s / it)
     Computing matching score time 0:01:23
### TTA ITM Score: 
+-------+--------+--------+--------+--------+--------+
| epoch |   R1   |   R5   |  R10   |  mAP   |  mINP  |
+-------+--------+--------+--------+--------+--------+
|  -999 | 69.414 | 95.197 | 97.776 | 81.233 | 81.233 |
|  -999 | 84.277 | 99.039 | 99.596 | 91.276 | 91.276 |
|   0   | 84.631 | 99.039 | 99.596 | 91.444 | 91.444 |
|   1   | 84.783 | 98.989 | 99.596 | 91.492 | 91.492 |
|   2   | 84.681 | 98.888 | 99.494 | 91.405 | 91.405 |
|   3   | 84.631 | 98.787 | 99.494 | 91.337 | 91.337 |
|   4   | 84.530 | 98.736 | 99.393 | 91.273 | 91.273 |
|   5   | 84.479 | 98.686 | 99.343 | 91.250 | 91.250 |
|   6   | 84.479 | 98.584 | 99.242 | 91.200 | 91.200 |
+-------+--------+--------+--------+--------+--------+
     logs:  {'epo': 6, 'R1': np.float32(84.479), 'R5': np.float32(98.584), 'R10': np.float32(99.242), 'mAP': np.float32(91.2), 'mINP': np.float32(91.2), 'lr': 8.6e-05, 'entropy': 0.163517, 'loss': 0.163517}
      TTA Epoch: [7] [ 0/39]  eta: 0:00:17  lr: 0.000084  entropy: 0.1351  loss: 0.1351  time: 0.4549  data: 0.4032  max mem: 2671
      TTA Epoch: [7] [38/39]  eta: 0:00:00  lr: 0.000081  entropy: 0.1467  loss: 0.1467  time: 0.0316  data: 0.0001  max mem: 2671
      TTA Epoch: [7] Total time: 0:00:01 (0.0438 s / it)
     Averaged stats: lr: 0.0001  entropy: 0.1531  loss: 0.1531
     Computing matching score
      Evaluation: [   0/1978]  eta: 0:01:36    time: 0.0487  data: 0.0034  max mem: 2671
      Evaluation: [ 100/1978]  eta: 0:01:21    time: 0.0480  data: 0.0000  max mem: 2671
      Evaluation: [ 200/1978]  eta: 0:01:17    time: 0.0409  data: 0.0000  max mem: 2671
      Evaluation: [ 300/1978]  eta: 0:01:14    time: 0.0448  data: 0.0000  max mem: 2671
      Evaluation: [ 400/1978]  eta: 0:01:10    time: 0.0435  data: 0.0000  max mem: 2671
      Evaluation: [ 500/1978]  eta: 0:01:04    time: 0.0406  data: 0.0000  max mem: 2671
      Evaluation: [ 600/1978]  eta: 0:00:59    time: 0.0400  data: 0.0000  max mem: 2671
      Evaluation: [ 700/1978]  eta: 0:00:54    time: 0.0404  data: 0.0000  max mem: 2671
      Evaluation: [ 800/1978]  eta: 0:00:50    time: 0.0409  data: 0.0000  max mem: 2671
      Evaluation: [ 900/1978]  eta: 0:00:45    time: 0.0407  data: 0.0000  max mem: 2671
      Evaluation: [1000/1978]  eta: 0:00:41    time: 0.0401  data: 0.0000  max mem: 2671
      Evaluation: [1100/1978]  eta: 0:00:36    time: 0.0399  data: 0.0000  max mem: 2671
      Evaluation: [1200/1978]  eta: 0:00:32    time: 0.0411  data: 0.0000  max mem: 2671
      Evaluation: [1300/1978]  eta: 0:00:28    time: 0.0423  data: 0.0000  max mem: 2671
      Evaluation: [1400/1978]  eta: 0:00:24    time: 0.0419  data: 0.0000  max mem: 2671
      Evaluation: [1500/1978]  eta: 0:00:20    time: 0.0446  data: 0.0000  max mem: 2671
      Evaluation: [1600/1978]  eta: 0:00:15    time: 0.0410  data: 0.0000  max mem: 2671
      Evaluation: [1700/1978]  eta: 0:00:11    time: 0.0491  data: 0.0000  max mem: 2671
      Evaluation: [1800/1978]  eta: 0:00:07    time: 0.0442  data: 0.0000  max mem: 2671
      Evaluation: [1900/1978]  eta: 0:00:03    time: 0.0406  data: 0.0000  max mem: 2671
      Evaluation: [1977/1978]  eta: 0:00:00    time: 0.0412  data: 0.0000  max mem: 2671
      Evaluation: Total time: 0:01:23 (0.0423 s / it)
     Computing matching score time 0:01:23
### TTA ITM Score: 
+-------+--------+--------+--------+--------+--------+
| epoch |   R1   |   R5   |  R10   |  mAP   |  mINP  |
+-------+--------+--------+--------+--------+--------+
|  -999 | 69.414 | 95.197 | 97.776 | 81.233 | 81.233 |
|  -999 | 84.277 | 99.039 | 99.596 | 91.276 | 91.276 |
|   0   | 84.631 | 99.039 | 99.596 | 91.444 | 91.444 |
|   1   | 84.783 | 98.989 | 99.596 | 91.492 | 91.492 |
|   2   | 84.681 | 98.888 | 99.494 | 91.405 | 91.405 |
|   3   | 84.631 | 98.787 | 99.494 | 91.337 | 91.337 |
|   4   | 84.530 | 98.736 | 99.393 | 91.273 | 91.273 |
|   5   | 84.479 | 98.686 | 99.343 | 91.250 | 91.250 |
|   6   | 84.479 | 98.584 | 99.242 | 91.200 | 91.200 |
|   7   | 84.378 | 98.584 | 99.191 | 91.128 | 91.128 |
+-------+--------+--------+--------+--------+--------+
     logs:  {'epo': 7, 'R1': np.float32(84.378), 'R5': np.float32(98.584), 'R10': np.float32(99.191), 'mAP': np.float32(91.128), 'mINP': np.float32(91.128), 'lr': 8.2e-05, 'entropy': 0.153094, 'loss': 0.153094}
      TTA Epoch: [8] [ 0/39]  eta: 0:00:17  lr: 0.000081  entropy: 0.1456  loss: 0.1456  time: 0.4416  data: 0.3751  max mem: 2671
      TTA Epoch: [8] [38/39]  eta: 0:00:00  lr: 0.000077  entropy: 0.1304  loss: 0.1304  time: 0.0331  data: 0.0001  max mem: 2671
      TTA Epoch: [8] Total time: 0:00:01 (0.0450 s / it)
     Averaged stats: lr: 0.0001  entropy: 0.1519  loss: 0.1519
     Computing matching score
      Evaluation: [   0/1978]  eta: 0:01:49    time: 0.0553  data: 0.0035  max mem: 2671
      Evaluation: [ 100/1978]  eta: 0:01:17    time: 0.0410  data: 0.0000  max mem: 2671
      Evaluation: [ 200/1978]  eta: 0:01:13    time: 0.0414  data: 0.0000  max mem: 2671
      Evaluation: [ 300/1978]  eta: 0:01:09    time: 0.0408  data: 0.0000  max mem: 2671
      Evaluation: [ 400/1978]  eta: 0:01:04    time: 0.0406  data: 0.0000  max mem: 2671
      Evaluation: [ 500/1978]  eta: 0:01:00    time: 0.0411  data: 0.0000  max mem: 2671
      Evaluation: [ 600/1978]  eta: 0:00:56    time: 0.0424  data: 0.0000  max mem: 2671
      Evaluation: [ 700/1978]  eta: 0:00:52    time: 0.0423  data: 0.0000  max mem: 2671
      Evaluation: [ 800/1978]  eta: 0:00:48    time: 0.0421  data: 0.0000  max mem: 2671
      Evaluation: [ 900/1978]  eta: 0:00:45    time: 0.0454  data: 0.0000  max mem: 2671
      Evaluation: [1000/1978]  eta: 0:00:41    time: 0.0463  data: 0.0000  max mem: 2671
      Evaluation: [1100/1978]  eta: 0:00:37    time: 0.0484  data: 0.0000  max mem: 2671
      Evaluation: [1200/1978]  eta: 0:00:33    time: 0.0409  data: 0.0000  max mem: 2671
      Evaluation: [1300/1978]  eta: 0:00:28    time: 0.0410  data: 0.0000  max mem: 2671
      Evaluation: [1400/1978]  eta: 0:00:24    time: 0.0413  data: 0.0000  max mem: 2671
      Evaluation: [1500/1978]  eta: 0:00:20    time: 0.0416  data: 0.0000  max mem: 2671
      Evaluation: [1600/1978]  eta: 0:00:15    time: 0.0415  data: 0.0000  max mem: 2671
      Evaluation: [1700/1978]  eta: 0:00:11    time: 0.0409  data: 0.0000  max mem: 2671
      Evaluation: [1800/1978]  eta: 0:00:07    time: 0.0406  data: 0.0000  max mem: 2671
      Evaluation: [1900/1978]  eta: 0:00:03    time: 0.0427  data: 0.0000  max mem: 2671
      Evaluation: [1977/1978]  eta: 0:00:00    time: 0.0417  data: 0.0000  max mem: 2671
      Evaluation: Total time: 0:01:23 (0.0420 s / it)
     Computing matching score time 0:01:23
### TTA ITM Score: 
+-------+--------+--------+--------+--------+--------+
| epoch |   R1   |   R5   |  R10   |  mAP   |  mINP  |
+-------+--------+--------+--------+--------+--------+
|  -999 | 69.414 | 95.197 | 97.776 | 81.233 | 81.233 |
|  -999 | 84.277 | 99.039 | 99.596 | 91.276 | 91.276 |
|   0   | 84.631 | 99.039 | 99.596 | 91.444 | 91.444 |
|   1   | 84.783 | 98.989 | 99.596 | 91.492 | 91.492 |
|   2   | 84.681 | 98.888 | 99.494 | 91.405 | 91.405 |
|   3   | 84.631 | 98.787 | 99.494 | 91.337 | 91.337 |
|   4   | 84.530 | 98.736 | 99.393 | 91.273 | 91.273 |
|   5   | 84.479 | 98.686 | 99.343 | 91.250 | 91.250 |
|   6   | 84.479 | 98.584 | 99.242 | 91.200 | 91.200 |
|   7   | 84.378 | 98.584 | 99.191 | 91.128 | 91.128 |
|   8   | 84.378 | 98.635 | 99.242 | 91.137 | 91.137 |
+-------+--------+--------+--------+--------+--------+
     logs:  {'epo': 8, 'R1': np.float32(84.378), 'R5': np.float32(98.635), 'R10': np.float32(99.242), 'mAP': np.float32(91.137), 'mINP': np.float32(91.137), 'lr': 7.9e-05, 'entropy': 0.151858, 'loss': 0.151858}
      TTA Epoch: [9] [ 0/39]  eta: 0:00:19  lr: 0.000077  entropy: 0.1495  loss: 0.1495  time: 0.5112  data: 0.4604  max mem: 2671
      TTA Epoch: [9] [38/39]  eta: 0:00:00  lr: 0.000074  entropy: 0.1356  loss: 0.1356  time: 0.0315  data: 0.0001  max mem: 2671
      TTA Epoch: [9] Total time: 0:00:01 (0.0450 s / it)
     Averaged stats: lr: 0.0001  entropy: 0.1404  loss: 0.1404
     Computing matching score
      Evaluation: [   0/1978]  eta: 0:01:34    time: 0.0475  data: 0.0034  max mem: 2671
      Evaluation: [ 100/1978]  eta: 0:01:19    time: 0.0418  data: 0.0000  max mem: 2671
      Evaluation: [ 200/1978]  eta: 0:01:16    time: 0.0468  data: 0.0000  max mem: 2671
      Evaluation: [ 300/1978]  eta: 0:01:11    time: 0.0415  data: 0.0000  max mem: 2671
      Evaluation: [ 400/1978]  eta: 0:01:09    time: 0.0482  data: 0.0000  max mem: 2671
      Evaluation: [ 500/1978]  eta: 0:01:04    time: 0.0420  data: 0.0000  max mem: 2671
      Evaluation: [ 600/1978]  eta: 0:00:59    time: 0.0413  data: 0.0000  max mem: 2671
      Evaluation: [ 700/1978]  eta: 0:00:55    time: 0.0405  data: 0.0000  max mem: 2671
      Evaluation: [ 800/1978]  eta: 0:00:50    time: 0.0405  data: 0.0000  max mem: 2671
      Evaluation: [ 900/1978]  eta: 0:00:45    time: 0.0410  data: 0.0000  max mem: 2671
      Evaluation: [1000/1978]  eta: 0:00:41    time: 0.0412  data: 0.0000  max mem: 2671
      Evaluation: [1100/1978]  eta: 0:00:37    time: 0.0404  data: 0.0000  max mem: 2671
      Evaluation: [1200/1978]  eta: 0:00:32    time: 0.0406  data: 0.0000  max mem: 2671
      Evaluation: [1300/1978]  eta: 0:00:28    time: 0.0416  data: 0.0000  max mem: 2671
      Evaluation: [1400/1978]  eta: 0:00:24    time: 0.0419  data: 0.0000  max mem: 2671
      Evaluation: [1500/1978]  eta: 0:00:20    time: 0.0418  data: 0.0000  max mem: 2671
      Evaluation: [1600/1978]  eta: 0:00:15    time: 0.0429  data: 0.0000  max mem: 2671
      Evaluation: [1700/1978]  eta: 0:00:11    time: 0.0505  data: 0.0000  max mem: 2671
      Evaluation: [1800/1978]  eta: 0:00:07    time: 0.0480  data: 0.0000  max mem: 2671
      Evaluation: [1900/1978]  eta: 0:00:03    time: 0.0404  data: 0.0000  max mem: 2671
      Evaluation: [1977/1978]  eta: 0:00:00    time: 0.0405  data: 0.0000  max mem: 2671
      Evaluation: Total time: 0:01:24 (0.0425 s / it)
     Computing matching score time 0:01:24
### TTA ITM Score: 
+-------+--------+--------+--------+--------+--------+
| epoch |   R1   |   R5   |  R10   |  mAP   |  mINP  |
+-------+--------+--------+--------+--------+--------+
|  -999 | 69.414 | 95.197 | 97.776 | 81.233 | 81.233 |
|  -999 | 84.277 | 99.039 | 99.596 | 91.276 | 91.276 |
|   0   | 84.631 | 99.039 | 99.596 | 91.444 | 91.444 |
|   1   | 84.783 | 98.989 | 99.596 | 91.492 | 91.492 |
|   2   | 84.681 | 98.888 | 99.494 | 91.405 | 91.405 |
|   3   | 84.631 | 98.787 | 99.494 | 91.337 | 91.337 |
|   4   | 84.530 | 98.736 | 99.393 | 91.273 | 91.273 |
|   5   | 84.479 | 98.686 | 99.343 | 91.250 | 91.250 |
|   6   | 84.479 | 98.584 | 99.242 | 91.200 | 91.200 |
|   7   | 84.378 | 98.584 | 99.191 | 91.128 | 91.128 |
|   8   | 84.378 | 98.635 | 99.242 | 91.137 | 91.137 |
|   9   | 84.429 | 98.686 | 99.141 | 91.152 | 91.152 |
+-------+--------+--------+--------+--------+--------+
     logs:  {'epo': 9, 'R1': np.float32(84.429), 'R5': np.float32(98.686), 'R10': np.float32(99.141), 'mAP': np.float32(91.152), 'mINP': np.float32(91.152), 'lr': 7.5e-05, 'entropy': 0.140393, 'loss': 0.140393}
      TTA Epoch: [10] [ 0/39]  eta: 0:00:19  lr: 0.000074  entropy: 0.1595  loss: 0.1595  time: 0.4910  data: 0.4427  max mem: 2671
      TTA Epoch: [10] [38/39]  eta: 0:00:00  lr: 0.000035  entropy: 0.1945  loss: 0.1945  time: 0.0301  data: 0.0001  max mem: 2671
      TTA Epoch: [10] Total time: 0:00:01 (0.0429 s / it)
     Averaged stats: lr: 0.0000  entropy: 0.1378  loss: 0.1378
     Computing matching score
      Evaluation: [   0/1978]  eta: 0:01:28    time: 0.0447  data: 0.0023  max mem: 2671
      Evaluation: [ 100/1978]  eta: 0:01:16    time: 0.0403  data: 0.0000  max mem: 2671
      Evaluation: [ 200/1978]  eta: 0:01:11    time: 0.0407  data: 0.0000  max mem: 2671
      Evaluation: [ 300/1978]  eta: 0:01:07    time: 0.0402  data: 0.0000  max mem: 2671
      Evaluation: [ 400/1978]  eta: 0:01:03    time: 0.0415  data: 0.0000  max mem: 2671
      Evaluation: [ 500/1978]  eta: 0:01:00    time: 0.0407  data: 0.0000  max mem: 2671
      Evaluation: [ 600/1978]  eta: 0:00:56    time: 0.0413  data: 0.0000  max mem: 2671
      Evaluation: [ 700/1978]  eta: 0:00:52    time: 0.0424  data: 0.0000  max mem: 2671
      Evaluation: [ 800/1978]  eta: 0:00:48    time: 0.0422  data: 0.0000  max mem: 2671
      Evaluation: [ 900/1978]  eta: 0:00:44    time: 0.0465  data: 0.0000  max mem: 2671
      Evaluation: [1000/1978]  eta: 0:00:40    time: 0.0425  data: 0.0000  max mem: 2671
      Evaluation: [1100/1978]  eta: 0:00:37    time: 0.0481  data: 0.0000  max mem: 2671
      Evaluation: [1200/1978]  eta: 0:00:32    time: 0.0408  data: 0.0000  max mem: 2671
      Evaluation: [1300/1978]  eta: 0:00:28    time: 0.0413  data: 0.0000  max mem: 2671
      Evaluation: [1400/1978]  eta: 0:00:24    time: 0.0407  data: 0.0000  max mem: 2671
      Evaluation: [1500/1978]  eta: 0:00:20    time: 0.0403  data: 0.0000  max mem: 2671
      Evaluation: [1600/1978]  eta: 0:00:15    time: 0.0414  data: 0.0000  max mem: 2671
      Evaluation: [1700/1978]  eta: 0:00:11    time: 0.0410  data: 0.0000  max mem: 2671
      Evaluation: [1800/1978]  eta: 0:00:07    time: 0.0408  data: 0.0000  max mem: 2671
      Evaluation: [1900/1978]  eta: 0:00:03    time: 0.0415  data: 0.0000  max mem: 2671
      Evaluation: [1977/1978]  eta: 0:00:00    time: 0.0411  data: 0.0000  max mem: 2671
      Evaluation: Total time: 0:01:22 (0.0418 s / it)
     Computing matching score time 0:01:22
### TTA ITM Score: 
+-------+--------+--------+--------+--------+--------+
| epoch |   R1   |   R5   |  R10   |  mAP   |  mINP  |
+-------+--------+--------+--------+--------+--------+
|  -999 | 69.414 | 95.197 | 97.776 | 81.233 | 81.233 |
|  -999 | 84.277 | 99.039 | 99.596 | 91.276 | 91.276 |
|   0   | 84.631 | 99.039 | 99.596 | 91.444 | 91.444 |
|   1   | 84.783 | 98.989 | 99.596 | 91.492 | 91.492 |
|   2   | 84.681 | 98.888 | 99.494 | 91.405 | 91.405 |
|   3   | 84.631 | 98.787 | 99.494 | 91.337 | 91.337 |
|   4   | 84.530 | 98.736 | 99.393 | 91.273 | 91.273 |
|   5   | 84.479 | 98.686 | 99.343 | 91.250 | 91.250 |
|   6   | 84.479 | 98.584 | 99.242 | 91.200 | 91.200 |
|   7   | 84.378 | 98.584 | 99.191 | 91.128 | 91.128 |
|   8   | 84.378 | 98.635 | 99.242 | 91.137 | 91.137 |
|   9   | 84.429 | 98.686 | 99.141 | 91.152 | 91.152 |
|   10  | 84.530 | 98.686 | 99.191 | 91.206 | 91.206 |
+-------+--------+--------+--------+--------+--------+
     logs:  {'epo': 10, 'R1': np.float32(84.53), 'R5': np.float32(98.686), 'R10': np.float32(99.191), 'mAP': np.float32(91.206), 'mINP': np.float32(91.206), 'lr': 4.4e-05, 'entropy': 0.137836, 'loss': 0.137836}
      TTA Epoch: [11] [ 0/39]  eta: 0:00:16  lr: 0.000035  entropy: 0.1980  loss: 0.1980  time: 0.4280  data: 0.3772  max mem: 2671
      TTA Epoch: [11] [38/39]  eta: 0:00:00  lr: 0.000033  entropy: 0.1494  loss: 0.1494  time: 0.0322  data: 0.0001  max mem: 2671
      TTA Epoch: [11] Total time: 0:00:01 (0.0429 s / it)
     Averaged stats: lr: 0.0000  entropy: 0.1327  loss: 0.1327
     Computing matching score
      Evaluation: [   0/1978]  eta: 0:01:27    time: 0.0444  data: 0.0022  max mem: 2671
      Evaluation: [ 100/1978]  eta: 0:01:18    time: 0.0420  data: 0.0000  max mem: 2671
      Evaluation: [ 200/1978]  eta: 0:01:14    time: 0.0435  data: 0.0000  max mem: 2671
      Evaluation: [ 300/1978]  eta: 0:01:11    time: 0.0413  data: 0.0000  max mem: 2671
      Evaluation: [ 400/1978]  eta: 0:01:08    time: 0.0479  data: 0.0000  max mem: 2671
      Evaluation: [ 500/1978]  eta: 0:01:05    time: 0.0410  data: 0.0000  max mem: 2671
      Evaluation: [ 600/1978]  eta: 0:00:59    time: 0.0401  data: 0.0000  max mem: 2671
      Evaluation: [ 700/1978]  eta: 0:00:55    time: 0.0409  data: 0.0000  max mem: 2671
      Evaluation: [ 800/1978]  eta: 0:00:50    time: 0.0412  data: 0.0000  max mem: 2671
      Evaluation: [ 900/1978]  eta: 0:00:45    time: 0.0411  data: 0.0000  max mem: 2671
      Evaluation: [1000/1978]  eta: 0:00:41    time: 0.0407  data: 0.0000  max mem: 2671
      Evaluation: [1100/1978]  eta: 0:00:37    time: 0.0414  data: 0.0000  max mem: 2671
      Evaluation: [1200/1978]  eta: 0:00:32    time: 0.0413  data: 0.0000  max mem: 2671
      Evaluation: [1300/1978]  eta: 0:00:28    time: 0.0416  data: 0.0000  max mem: 2671
      Evaluation: [1400/1978]  eta: 0:00:24    time: 0.0435  data: 0.0000  max mem: 2671
      Evaluation: [1500/1978]  eta: 0:00:20    time: 0.0430  data: 0.0000  max mem: 2671
      Evaluation: [1600/1978]  eta: 0:00:15    time: 0.0462  data: 0.0000  max mem: 2671
      Evaluation: [1700/1978]  eta: 0:00:11    time: 0.0420  data: 0.0000  max mem: 2671
      Evaluation: [1800/1978]  eta: 0:00:07    time: 0.0461  data: 0.0000  max mem: 2671
      Evaluation: [1900/1978]  eta: 0:00:03    time: 0.0414  data: 0.0000  max mem: 2671
      Evaluation: [1977/1978]  eta: 0:00:00    time: 0.0410  data: 0.0000  max mem: 2671
      Evaluation: Total time: 0:01:24 (0.0428 s / it)
     Computing matching score time 0:01:24
### TTA ITM Score: 
+-------+--------+--------+--------+--------+--------+
| epoch |   R1   |   R5   |  R10   |  mAP   |  mINP  |
+-------+--------+--------+--------+--------+--------+
|  -999 | 69.414 | 95.197 | 97.776 | 81.233 | 81.233 |
|  -999 | 84.277 | 99.039 | 99.596 | 91.276 | 91.276 |
|   0   | 84.631 | 99.039 | 99.596 | 91.444 | 91.444 |
|   1   | 84.783 | 98.989 | 99.596 | 91.492 | 91.492 |
|   2   | 84.681 | 98.888 | 99.494 | 91.405 | 91.405 |
|   3   | 84.631 | 98.787 | 99.494 | 91.337 | 91.337 |
|   4   | 84.530 | 98.736 | 99.393 | 91.273 | 91.273 |
|   5   | 84.479 | 98.686 | 99.343 | 91.250 | 91.250 |
|   6   | 84.479 | 98.584 | 99.242 | 91.200 | 91.200 |
|   7   | 84.378 | 98.584 | 99.191 | 91.128 | 91.128 |
|   8   | 84.378 | 98.635 | 99.242 | 91.137 | 91.137 |
|   9   | 84.429 | 98.686 | 99.141 | 91.152 | 91.152 |
|   10  | 84.530 | 98.686 | 99.191 | 91.206 | 91.206 |
|   11  | 84.378 | 98.686 | 99.141 | 91.130 | 91.130 |
+-------+--------+--------+--------+--------+--------+
     logs:  {'epo': 11, 'R1': np.float32(84.378), 'R5': np.float32(98.686), 'R10': np.float32(99.141), 'mAP': np.float32(91.13), 'mINP': np.float32(91.13), 'lr': 3.4e-05, 'entropy': 0.132721, 'loss': 0.132721}
      TTA Epoch: [12] [ 0/39]  eta: 0:00:17  lr: 0.000033  entropy: 0.1368  loss: 0.1368  time: 0.4421  data: 0.3718  max mem: 2671
      TTA Epoch: [12] [38/39]  eta: 0:00:00  lr: 0.000031  entropy: 0.1658  loss: 0.1658  time: 0.0308  data: 0.0001  max mem: 2671
      TTA Epoch: [12] Total time: 0:00:01 (0.0425 s / it)
     Averaged stats: lr: 0.0000  entropy: 0.1361  loss: 0.1361
     Computing matching score
      Evaluation: [   0/1978]  eta: 0:01:28    time: 0.0449  data: 0.0034  max mem: 2671
      Evaluation: [ 100/1978]  eta: 0:01:17    time: 0.0413  data: 0.0000  max mem: 2671
      Evaluation: [ 200/1978]  eta: 0:01:13    time: 0.0413  data: 0.0000  max mem: 2671
      Evaluation: [ 300/1978]  eta: 0:01:09    time: 0.0409  data: 0.0000  max mem: 2671
      Evaluation: [ 400/1978]  eta: 0:01:04    time: 0.0408  data: 0.0000  max mem: 2671
      Evaluation: [ 500/1978]  eta: 0:01:00    time: 0.0406  data: 0.0000  max mem: 2671
      Evaluation: [ 600/1978]  eta: 0:00:56    time: 0.0415  data: 0.0000  max mem: 2671
      Evaluation: [ 700/1978]  eta: 0:00:52    time: 0.0416  data: 0.0000  max mem: 2671
      Evaluation: [ 800/1978]  eta: 0:00:48    time: 0.0415  data: 0.0000  max mem: 2671
      Evaluation: [ 900/1978]  eta: 0:00:44    time: 0.0427  data: 0.0000  max mem: 2671
      Evaluation: [1000/1978]  eta: 0:00:40    time: 0.0439  data: 0.0000  max mem: 2671
      Evaluation: [1100/1978]  eta: 0:00:36    time: 0.0408  data: 0.0000  max mem: 2671
      Evaluation: [1200/1978]  eta: 0:00:32    time: 0.0456  data: 0.0000  max mem: 2671
      Evaluation: [1300/1978]  eta: 0:00:28    time: 0.0469  data: 0.0000  max mem: 2671
      Evaluation: [1400/1978]  eta: 0:00:24    time: 0.0415  data: 0.0000  max mem: 2671
      Evaluation: [1500/1978]  eta: 0:00:20    time: 0.0409  data: 0.0000  max mem: 2671
      Evaluation: [1600/1978]  eta: 0:00:15    time: 0.0405  data: 0.0000  max mem: 2671
      Evaluation: [1700/1978]  eta: 0:00:11    time: 0.0410  data: 0.0000  max mem: 2671
      Evaluation: [1800/1978]  eta: 0:00:07    time: 0.0409  data: 0.0000  max mem: 2671
      Evaluation: [1900/1978]  eta: 0:00:03    time: 0.0409  data: 0.0000  max mem: 2671
      Evaluation: [1977/1978]  eta: 0:00:00    time: 0.0412  data: 0.0000  max mem: 2671
      Evaluation: Total time: 0:01:22 (0.0418 s / it)
     Computing matching score time 0:01:22
### TTA ITM Score: 
+-------+--------+--------+--------+--------+--------+
| epoch |   R1   |   R5   |  R10   |  mAP   |  mINP  |
+-------+--------+--------+--------+--------+--------+
|  -999 | 69.414 | 95.197 | 97.776 | 81.233 | 81.233 |
|  -999 | 84.277 | 99.039 | 99.596 | 91.276 | 91.276 |
|   0   | 84.631 | 99.039 | 99.596 | 91.444 | 91.444 |
|   1   | 84.783 | 98.989 | 99.596 | 91.492 | 91.492 |
|   2   | 84.681 | 98.888 | 99.494 | 91.405 | 91.405 |
|   3   | 84.631 | 98.787 | 99.494 | 91.337 | 91.337 |
|   4   | 84.530 | 98.736 | 99.393 | 91.273 | 91.273 |
|   5   | 84.479 | 98.686 | 99.343 | 91.250 | 91.250 |
|   6   | 84.479 | 98.584 | 99.242 | 91.200 | 91.200 |
|   7   | 84.378 | 98.584 | 99.191 | 91.128 | 91.128 |
|   8   | 84.378 | 98.635 | 99.242 | 91.137 | 91.137 |
|   9   | 84.429 | 98.686 | 99.141 | 91.152 | 91.152 |
|   10  | 84.530 | 98.686 | 99.191 | 91.206 | 91.206 |
|   11  | 84.378 | 98.686 | 99.141 | 91.130 | 91.130 |
|   12  | 84.328 | 98.686 | 99.191 | 91.113 | 91.113 |
+-------+--------+--------+--------+--------+--------+
     logs:  {'epo': 12, 'R1': np.float32(84.328), 'R5': np.float32(98.686), 'R10': np.float32(99.191), 'mAP': np.float32(91.113), 'mINP': np.float32(91.113), 'lr': 3.2e-05, 'entropy': 0.136092, 'loss': 0.136092}
      TTA Epoch: [13] [ 0/39]  eta: 0:00:18  lr: 0.000031  entropy: 0.1304  loss: 0.1304  time: 0.4843  data: 0.4348  max mem: 2671
      TTA Epoch: [13] [38/39]  eta: 0:00:00  lr: 0.000030  entropy: 0.1554  loss: 0.1554  time: 0.0300  data: 0.0001  max mem: 2671
      TTA Epoch: [13] Total time: 0:00:01 (0.0431 s / it)
     Averaged stats: lr: 0.0000  entropy: 0.1322  loss: 0.1322
     Computing matching score
      Evaluation: [   0/1978]  eta: 0:01:28    time: 0.0448  data: 0.0035  max mem: 2671
      Evaluation: [ 100/1978]  eta: 0:01:17    time: 0.0421  data: 0.0000  max mem: 2671
      Evaluation: [ 200/1978]  eta: 0:01:13    time: 0.0417  data: 0.0000  max mem: 2671
      Evaluation: [ 300/1978]  eta: 0:01:09    time: 0.0418  data: 0.0000  max mem: 2671
      Evaluation: [ 400/1978]  eta: 0:01:06    time: 0.0446  data: 0.0000  max mem: 2671
      Evaluation: [ 500/1978]  eta: 0:01:02    time: 0.0412  data: 0.0000  max mem: 2671
      Evaluation: [ 600/1978]  eta: 0:00:58    time: 0.0513  data: 0.0000  max mem: 2671
      Evaluation: [ 700/1978]  eta: 0:00:55    time: 0.0406  data: 0.0000  max mem: 2671
      Evaluation: [ 800/1978]  eta: 0:00:50    time: 0.0403  data: 0.0000  max mem: 2671
      Evaluation: [ 900/1978]  eta: 0:00:46    time: 0.0399  data: 0.0000  max mem: 2671
      Evaluation: [1000/1978]  eta: 0:00:41    time: 0.0397  data: 0.0000  max mem: 2671
      Evaluation: [1100/1978]  eta: 0:00:37    time: 0.0397  data: 0.0000  max mem: 2671
      Evaluation: [1200/1978]  eta: 0:00:32    time: 0.0402  data: 0.0000  max mem: 2671
      Evaluation: [1300/1978]  eta: 0:00:28    time: 0.0402  data: 0.0000  max mem: 2671
      Evaluation: [1400/1978]  eta: 0:00:24    time: 0.0402  data: 0.0000  max mem: 2671
      Evaluation: [1500/1978]  eta: 0:00:19    time: 0.0405  data: 0.0000  max mem: 2671
      Evaluation: [1600/1978]  eta: 0:00:15    time: 0.0412  data: 0.0000  max mem: 2671
      Evaluation: [1700/1978]  eta: 0:00:11    time: 0.0415  data: 0.0000  max mem: 2671
      Evaluation: [1800/1978]  eta: 0:00:07    time: 0.0425  data: 0.0000  max mem: 2671
      Evaluation: [1900/1978]  eta: 0:00:03    time: 0.0423  data: 0.0000  max mem: 2671
      Evaluation: [1977/1978]  eta: 0:00:00    time: 0.0477  data: 0.0000  max mem: 2671
      Evaluation: Total time: 0:01:22 (0.0418 s / it)
     Computing matching score time 0:01:23
### TTA ITM Score: 
+-------+--------+--------+--------+--------+--------+
| epoch |   R1   |   R5   |  R10   |  mAP   |  mINP  |
+-------+--------+--------+--------+--------+--------+
|  -999 | 69.414 | 95.197 | 97.776 | 81.233 | 81.233 |
|  -999 | 84.277 | 99.039 | 99.596 | 91.276 | 91.276 |
|   0   | 84.631 | 99.039 | 99.596 | 91.444 | 91.444 |
|   1   | 84.783 | 98.989 | 99.596 | 91.492 | 91.492 |
|   2   | 84.681 | 98.888 | 99.494 | 91.405 | 91.405 |
|   3   | 84.631 | 98.787 | 99.494 | 91.337 | 91.337 |
|   4   | 84.530 | 98.736 | 99.393 | 91.273 | 91.273 |
|   5   | 84.479 | 98.686 | 99.343 | 91.250 | 91.250 |
|   6   | 84.479 | 98.584 | 99.242 | 91.200 | 91.200 |
|   7   | 84.378 | 98.584 | 99.191 | 91.128 | 91.128 |
|   8   | 84.378 | 98.635 | 99.242 | 91.137 | 91.137 |
|   9   | 84.429 | 98.686 | 99.141 | 91.152 | 91.152 |
|   10  | 84.530 | 98.686 | 99.191 | 91.206 | 91.206 |
|   11  | 84.378 | 98.686 | 99.141 | 91.130 | 91.130 |
|   12  | 84.328 | 98.686 | 99.191 | 91.113 | 91.113 |
|   13  | 84.328 | 98.686 | 99.191 | 91.117 | 91.117 |
+-------+--------+--------+--------+--------+--------+
     logs:  {'epo': 13, 'R1': np.float32(84.328), 'R5': np.float32(98.686), 'R10': np.float32(99.191), 'mAP': np.float32(91.117), 'mINP': np.float32(91.117), 'lr': 3.1e-05, 'entropy': 0.132194, 'loss': 0.132194}
      TTA Epoch: [14] [ 0/39]  eta: 0:00:29  lr: 0.000030  entropy: 0.0477  loss: 0.0477  time: 0.7513  data: 0.6896  max mem: 2671
      TTA Epoch: [14] [38/39]  eta: 0:00:00  lr: 0.000028  entropy: 0.1937  loss: 0.1937  time: 0.0379  data: 0.0002  max mem: 2671
      TTA Epoch: [14] Total time: 0:00:02 (0.0567 s / it)
     Averaged stats: lr: 0.0000  entropy: 0.1301  loss: 0.1301
     Computing matching score
      Evaluation: [   0/1978]  eta: 0:01:31    time: 0.0465  data: 0.0037  max mem: 2671
      Evaluation: [ 100/1978]  eta: 0:01:24    time: 0.0409  data: 0.0000  max mem: 2671
      Evaluation: [ 200/1978]  eta: 0:01:15    time: 0.0401  data: 0.0000  max mem: 2671
      Evaluation: [ 300/1978]  eta: 0:01:10    time: 0.0402  data: 0.0000  max mem: 2671
      Evaluation: [ 400/1978]  eta: 0:01:05    time: 0.0399  data: 0.0000  max mem: 2671
      Evaluation: [ 500/1978]  eta: 0:01:00    time: 0.0400  data: 0.0000  max mem: 2671
      Evaluation: [ 600/1978]  eta: 0:00:56    time: 0.0401  data: 0.0000  max mem: 2671
      Evaluation: [ 700/1978]  eta: 0:00:52    time: 0.0405  data: 0.0000  max mem: 2671
      Evaluation: [ 800/1978]  eta: 0:00:48    time: 0.0402  data: 0.0000  max mem: 2671
      Evaluation: [ 900/1978]  eta: 0:00:43    time: 0.0409  data: 0.0000  max mem: 2671
      Evaluation: [1000/1978]  eta: 0:00:39    time: 0.0414  data: 0.0000  max mem: 2671
      Evaluation: [1100/1978]  eta: 0:00:35    time: 0.0417  data: 0.0000  max mem: 2671
      Evaluation: [1200/1978]  eta: 0:00:31    time: 0.0425  data: 0.0000  max mem: 2671
      Evaluation: [1300/1978]  eta: 0:00:27    time: 0.0409  data: 0.0000  max mem: 2671
      Evaluation: [1400/1978]  eta: 0:00:23    time: 0.0441  data: 0.0000  max mem: 2671
      Evaluation: [1500/1978]  eta: 0:00:19    time: 0.0453  data: 0.0000  max mem: 2671
      Evaluation: [1600/1978]  eta: 0:00:15    time: 0.0400  data: 0.0000  max mem: 2671
      Evaluation: [1700/1978]  eta: 0:00:11    time: 0.0402  data: 0.0000  max mem: 2671
      Evaluation: [1800/1978]  eta: 0:00:07    time: 0.0403  data: 0.0000  max mem: 2671
      Evaluation: [1900/1978]  eta: 0:00:03    time: 0.0401  data: 0.0000  max mem: 2671
      Evaluation: [1977/1978]  eta: 0:00:00    time: 0.0406  data: 0.0000  max mem: 2671
      Evaluation: Total time: 0:01:21 (0.0412 s / it)
     Computing matching score time 0:01:21
### TTA ITM Score: 
+-------+--------+--------+--------+--------+--------+
| epoch |   R1   |   R5   |  R10   |  mAP   |  mINP  |
+-------+--------+--------+--------+--------+--------+
|  -999 | 69.414 | 95.197 | 97.776 | 81.233 | 81.233 |
|  -999 | 84.277 | 99.039 | 99.596 | 91.276 | 91.276 |
|   0   | 84.631 | 99.039 | 99.596 | 91.444 | 91.444 |
|   1   | 84.783 | 98.989 | 99.596 | 91.492 | 91.492 |
|   2   | 84.681 | 98.888 | 99.494 | 91.405 | 91.405 |
|   3   | 84.631 | 98.787 | 99.494 | 91.337 | 91.337 |
|   4   | 84.530 | 98.736 | 99.393 | 91.273 | 91.273 |
|   5   | 84.479 | 98.686 | 99.343 | 91.250 | 91.250 |
|   6   | 84.479 | 98.584 | 99.242 | 91.200 | 91.200 |
|   7   | 84.378 | 98.584 | 99.191 | 91.128 | 91.128 |
|   8   | 84.378 | 98.635 | 99.242 | 91.137 | 91.137 |
|   9   | 84.429 | 98.686 | 99.141 | 91.152 | 91.152 |
|   10  | 84.530 | 98.686 | 99.191 | 91.206 | 91.206 |
|   11  | 84.378 | 98.686 | 99.141 | 91.130 | 91.130 |
|   12  | 84.328 | 98.686 | 99.191 | 91.113 | 91.113 |
|   13  | 84.328 | 98.686 | 99.191 | 91.117 | 91.117 |
|   14  | 84.277 | 98.686 | 99.191 | 91.093 | 91.093 |
+-------+--------+--------+--------+--------+--------+
     logs:  {'epo': 14, 'R1': np.float32(84.277), 'R5': np.float32(98.686), 'R10': np.float32(99.191), 'mAP': np.float32(91.093), 'mINP': np.float32(91.093), 'lr': 2.9e-05, 'entropy': 0.130107, 'loss': 0.130107}
      TTA Epoch: [15] [ 0/39]  eta: 0:00:16  lr: 0.000028  entropy: 0.0879  loss: 0.0879  time: 0.4314  data: 0.3737  max mem: 2671
      TTA Epoch: [15] [38/39]  eta: 0:00:00  lr: 0.000026  entropy: 0.1677  loss: 0.1677  time: 0.0317  data: 0.0001  max mem: 2671
      TTA Epoch: [15] Total time: 0:00:01 (0.0426 s / it)
     Averaged stats: lr: 0.0000  entropy: 0.1261  loss: 0.1261
     Computing matching score
      Evaluation: [   0/1978]  eta: 0:01:27    time: 0.0442  data: 0.0034  max mem: 2671
      Evaluation: [ 100/1978]  eta: 0:01:15    time: 0.0399  data: 0.0000  max mem: 2671
      Evaluation: [ 200/1978]  eta: 0:01:11    time: 0.0404  data: 0.0000  max mem: 2671
      Evaluation: [ 300/1978]  eta: 0:01:07    time: 0.0411  data: 0.0000  max mem: 2671
      Evaluation: [ 400/1978]  eta: 0:01:03    time: 0.0413  data: 0.0000  max mem: 2671
      Evaluation: [ 500/1978]  eta: 0:01:00    time: 0.0407  data: 0.0000  max mem: 2671
      Evaluation: [ 600/1978]  eta: 0:00:56    time: 0.0455  data: 0.0000  max mem: 2671
      Evaluation: [ 700/1978]  eta: 0:00:52    time: 0.0426  data: 0.0000  max mem: 2671
      Evaluation: [ 800/1978]  eta: 0:00:48    time: 0.0468  data: 0.0000  max mem: 2671
      Evaluation: [ 900/1978]  eta: 0:00:45    time: 0.0456  data: 0.0000  max mem: 2671
      Evaluation: [1000/1978]  eta: 0:00:41    time: 0.0408  data: 0.0000  max mem: 2671
      Evaluation: [1100/1978]  eta: 0:00:36    time: 0.0408  data: 0.0000  max mem: 2671
      Evaluation: [1200/1978]  eta: 0:00:32    time: 0.0405  data: 0.0000  max mem: 2671
      Evaluation: [1300/1978]  eta: 0:00:28    time: 0.0400  data: 0.0000  max mem: 2671
      Evaluation: [1400/1978]  eta: 0:00:24    time: 0.0405  data: 0.0000  max mem: 2671
      Evaluation: [1500/1978]  eta: 0:00:19    time: 0.0405  data: 0.0000  max mem: 2671
      Evaluation: [1600/1978]  eta: 0:00:15    time: 0.0405  data: 0.0000  max mem: 2671
      Evaluation: [1700/1978]  eta: 0:00:11    time: 0.0401  data: 0.0000  max mem: 2671
      Evaluation: [1800/1978]  eta: 0:00:07    time: 0.0413  data: 0.0000  max mem: 2671
      Evaluation: [1900/1978]  eta: 0:00:03    time: 0.0411  data: 0.0000  max mem: 2671
      Evaluation: [1977/1978]  eta: 0:00:00    time: 0.0407  data: 0.0000  max mem: 2671
      Evaluation: Total time: 0:01:21 (0.0414 s / it)
     Computing matching score time 0:01:22
### TTA ITM Score: 
+-------+--------+--------+--------+--------+--------+
| epoch |   R1   |   R5   |  R10   |  mAP   |  mINP  |
+-------+--------+--------+--------+--------+--------+
|  -999 | 69.414 | 95.197 | 97.776 | 81.233 | 81.233 |
|  -999 | 84.277 | 99.039 | 99.596 | 91.276 | 91.276 |
|   0   | 84.631 | 99.039 | 99.596 | 91.444 | 91.444 |
|   1   | 84.783 | 98.989 | 99.596 | 91.492 | 91.492 |
|   2   | 84.681 | 98.888 | 99.494 | 91.405 | 91.405 |
|   3   | 84.631 | 98.787 | 99.494 | 91.337 | 91.337 |
|   4   | 84.530 | 98.736 | 99.393 | 91.273 | 91.273 |
|   5   | 84.479 | 98.686 | 99.343 | 91.250 | 91.250 |
|   6   | 84.479 | 98.584 | 99.242 | 91.200 | 91.200 |
|   7   | 84.378 | 98.584 | 99.191 | 91.128 | 91.128 |
|   8   | 84.378 | 98.635 | 99.242 | 91.137 | 91.137 |
|   9   | 84.429 | 98.686 | 99.141 | 91.152 | 91.152 |
|   10  | 84.530 | 98.686 | 99.191 | 91.206 | 91.206 |
|   11  | 84.378 | 98.686 | 99.141 | 91.130 | 91.130 |
|   12  | 84.328 | 98.686 | 99.191 | 91.113 | 91.113 |
|   13  | 84.328 | 98.686 | 99.191 | 91.117 | 91.117 |
|   14  | 84.277 | 98.686 | 99.191 | 91.093 | 91.093 |
|   15  | 84.328 | 98.686 | 99.191 | 91.117 | 91.117 |
+-------+--------+--------+--------+--------+--------+
     logs:  {'epo': 15, 'R1': np.float32(84.328), 'R5': np.float32(98.686), 'R10': np.float32(99.191), 'mAP': np.float32(91.117), 'mINP': np.float32(91.117), 'lr': 2.7e-05, 'entropy': 0.126141, 'loss': 0.126141}
      TTA Epoch: [16] [ 0/39]  eta: 0:00:16  lr: 0.000026  entropy: 0.0745  loss: 0.0745  time: 0.4198  data: 0.3528  max mem: 2671
      TTA Epoch: [16] [38/39]  eta: 0:00:00  lr: 0.000024  entropy: 0.0980  loss: 0.0980  time: 0.0361  data: 0.0002  max mem: 2671
      TTA Epoch: [16] Total time: 0:00:01 (0.0483 s / it)
     Averaged stats: lr: 0.0000  entropy: 0.1296  loss: 0.1296
     Computing matching score
      Evaluation: [   0/1978]  eta: 0:01:30    time: 0.0456  data: 0.0028  max mem: 2671
      Evaluation: [ 100/1978]  eta: 0:01:20    time: 0.0429  data: 0.0000  max mem: 2671
      Evaluation: [ 200/1978]  eta: 0:01:16    time: 0.0457  data: 0.0000  max mem: 2671
      Evaluation: [ 300/1978]  eta: 0:01:12    time: 0.0463  data: 0.0000  max mem: 2671
      Evaluation: [ 400/1978]  eta: 0:01:07    time: 0.0398  data: 0.0000  max mem: 2671
      Evaluation: [ 500/1978]  eta: 0:01:02    time: 0.0407  data: 0.0000  max mem: 2671
      Evaluation: [ 600/1978]  eta: 0:00:58    time: 0.0401  data: 0.0000  max mem: 2671
      Evaluation: [ 700/1978]  eta: 0:00:53    time: 0.0402  data: 0.0000  max mem: 2671
      Evaluation: [ 800/1978]  eta: 0:00:49    time: 0.0403  data: 0.0000  max mem: 2671
      Evaluation: [ 900/1978]  eta: 0:00:44    time: 0.0405  data: 0.0000  max mem: 2671
      Evaluation: [1000/1978]  eta: 0:00:40    time: 0.0405  data: 0.0000  max mem: 2671
      Evaluation: [1100/1978]  eta: 0:00:36    time: 0.0405  data: 0.0000  max mem: 2671
      Evaluation: [1200/1978]  eta: 0:00:32    time: 0.0414  data: 0.0000  max mem: 2671
      Evaluation: [1300/1978]  eta: 0:00:28    time: 0.0411  data: 0.0000  max mem: 2671
      Evaluation: [1400/1978]  eta: 0:00:23    time: 0.0418  data: 0.0000  max mem: 2671
      Evaluation: [1500/1978]  eta: 0:00:19    time: 0.0456  data: 0.0000  max mem: 2671
      Evaluation: [1600/1978]  eta: 0:00:15    time: 0.0428  data: 0.0000  max mem: 2671
      Evaluation: [1700/1978]  eta: 0:00:11    time: 0.0441  data: 0.0000  max mem: 2671
      Evaluation: [1800/1978]  eta: 0:00:07    time: 0.0417  data: 0.0000  max mem: 2671
      Evaluation: [1900/1978]  eta: 0:00:03    time: 0.0398  data: 0.0000  max mem: 2671
      Evaluation: [1977/1978]  eta: 0:00:00    time: 0.0399  data: 0.0000  max mem: 2671
      Evaluation: Total time: 0:01:22 (0.0418 s / it)
     Computing matching score time 0:01:22
### TTA ITM Score: 
+-------+--------+--------+--------+--------+--------+
| epoch |   R1   |   R5   |  R10   |  mAP   |  mINP  |
+-------+--------+--------+--------+--------+--------+
|  -999 | 69.414 | 95.197 | 97.776 | 81.233 | 81.233 |
|  -999 | 84.277 | 99.039 | 99.596 | 91.276 | 91.276 |
|   0   | 84.631 | 99.039 | 99.596 | 91.444 | 91.444 |
|   1   | 84.783 | 98.989 | 99.596 | 91.492 | 91.492 |
|   2   | 84.681 | 98.888 | 99.494 | 91.405 | 91.405 |
|   3   | 84.631 | 98.787 | 99.494 | 91.337 | 91.337 |
|   4   | 84.530 | 98.736 | 99.393 | 91.273 | 91.273 |
|   5   | 84.479 | 98.686 | 99.343 | 91.250 | 91.250 |
|   6   | 84.479 | 98.584 | 99.242 | 91.200 | 91.200 |
|   7   | 84.378 | 98.584 | 99.191 | 91.128 | 91.128 |
|   8   | 84.378 | 98.635 | 99.242 | 91.137 | 91.137 |
|   9   | 84.429 | 98.686 | 99.141 | 91.152 | 91.152 |
|   10  | 84.530 | 98.686 | 99.191 | 91.206 | 91.206 |
|   11  | 84.378 | 98.686 | 99.141 | 91.130 | 91.130 |
|   12  | 84.328 | 98.686 | 99.191 | 91.113 | 91.113 |
|   13  | 84.328 | 98.686 | 99.191 | 91.117 | 91.117 |
|   14  | 84.277 | 98.686 | 99.191 | 91.093 | 91.093 |
|   15  | 84.328 | 98.686 | 99.191 | 91.117 | 91.117 |
|   16  | 84.378 | 98.686 | 99.191 | 91.134 | 91.134 |
+-------+--------+--------+--------+--------+--------+
     logs:  {'epo': 16, 'R1': np.float32(84.378), 'R5': np.float32(98.686), 'R10': np.float32(99.191), 'mAP': np.float32(91.134), 'mINP': np.float32(91.134), 'lr': 2.5e-05, 'entropy': 0.129576, 'loss': 0.129576}
      TTA Epoch: [17] [ 0/39]  eta: 0:00:15  lr: 0.000024  entropy: 0.0981  loss: 0.0981  time: 0.3927  data: 0.3423  max mem: 2671
      TTA Epoch: [17] [38/39]  eta: 0:00:00  lr: 0.000009  entropy: 0.1714  loss: 0.1714  time: 0.0298  data: 0.0001  max mem: 2671
      TTA Epoch: [17] Total time: 0:00:01 (0.0399 s / it)
     Averaged stats: lr: 0.0000  entropy: 0.1259  loss: 0.1259
     Computing matching score
      Evaluation: [   0/1978]  eta: 0:01:26    time: 0.0435  data: 0.0024  max mem: 2671
      Evaluation: [ 100/1978]  eta: 0:01:15    time: 0.0410  data: 0.0000  max mem: 2671
      Evaluation: [ 200/1978]  eta: 0:01:11    time: 0.0408  data: 0.0000  max mem: 2671
      Evaluation: [ 300/1978]  eta: 0:01:07    time: 0.0404  data: 0.0000  max mem: 2671
      Evaluation: [ 400/1978]  eta: 0:01:03    time: 0.0401  data: 0.0000  max mem: 2671
      Evaluation: [ 500/1978]  eta: 0:00:59    time: 0.0409  data: 0.0000  max mem: 2671
      Evaluation: [ 600/1978]  eta: 0:00:56    time: 0.0420  data: 0.0000  max mem: 2671
      Evaluation: [ 700/1978]  eta: 0:00:52    time: 0.0430  data: 0.0000  max mem: 2671
      Evaluation: [ 800/1978]  eta: 0:00:48    time: 0.0419  data: 0.0000  max mem: 2671
      Evaluation: [ 900/1978]  eta: 0:00:44    time: 0.0454  data: 0.0000  max mem: 2671
      Evaluation: [1000/1978]  eta: 0:00:40    time: 0.0439  data: 0.0000  max mem: 2671
      Evaluation: [1100/1978]  eta: 0:00:37    time: 0.0490  data: 0.0000  max mem: 2671
      Evaluation: [1200/1978]  eta: 0:00:33    time: 0.0419  data: 0.0000  max mem: 2671
      Evaluation: [1300/1978]  eta: 0:00:28    time: 0.0422  data: 0.0000  max mem: 2671
      Evaluation: [1400/1978]  eta: 0:00:24    time: 0.0421  data: 0.0000  max mem: 2671
      Evaluation: [1500/1978]  eta: 0:00:20    time: 0.0417  data: 0.0000  max mem: 2671
      Evaluation: [1600/1978]  eta: 0:00:16    time: 0.0417  data: 0.0000  max mem: 2671
      Evaluation: [1700/1978]  eta: 0:00:11    time: 0.0421  data: 0.0000  max mem: 2671
      Evaluation: [1800/1978]  eta: 0:00:07    time: 0.0419  data: 0.0000  max mem: 2671
      Evaluation: [1900/1978]  eta: 0:00:03    time: 0.0436  data: 0.0000  max mem: 2671
      Evaluation: [1977/1978]  eta: 0:00:00    time: 0.0419  data: 0.0000  max mem: 2671
      Evaluation: Total time: 0:01:23 (0.0424 s / it)
     Computing matching score time 0:01:24
### TTA ITM Score: 
+-------+--------+--------+--------+--------+--------+
| epoch |   R1   |   R5   |  R10   |  mAP   |  mINP  |
+-------+--------+--------+--------+--------+--------+
|  -999 | 69.414 | 95.197 | 97.776 | 81.233 | 81.233 |
|  -999 | 84.277 | 99.039 | 99.596 | 91.276 | 91.276 |
|   0   | 84.631 | 99.039 | 99.596 | 91.444 | 91.444 |
|   1   | 84.783 | 98.989 | 99.596 | 91.492 | 91.492 |
|   2   | 84.681 | 98.888 | 99.494 | 91.405 | 91.405 |
|   3   | 84.631 | 98.787 | 99.494 | 91.337 | 91.337 |
|   4   | 84.530 | 98.736 | 99.393 | 91.273 | 91.273 |
|   5   | 84.479 | 98.686 | 99.343 | 91.250 | 91.250 |
|   6   | 84.479 | 98.584 | 99.242 | 91.200 | 91.200 |
|   7   | 84.378 | 98.584 | 99.191 | 91.128 | 91.128 |
|   8   | 84.378 | 98.635 | 99.242 | 91.137 | 91.137 |
|   9   | 84.429 | 98.686 | 99.141 | 91.152 | 91.152 |
|   10  | 84.530 | 98.686 | 99.191 | 91.206 | 91.206 |
|   11  | 84.378 | 98.686 | 99.141 | 91.130 | 91.130 |
|   12  | 84.328 | 98.686 | 99.191 | 91.113 | 91.113 |
|   13  | 84.328 | 98.686 | 99.191 | 91.117 | 91.117 |
|   14  | 84.277 | 98.686 | 99.191 | 91.093 | 91.093 |
|   15  | 84.328 | 98.686 | 99.191 | 91.117 | 91.117 |
|   16  | 84.378 | 98.686 | 99.191 | 91.134 | 91.134 |
|   17  | 84.429 | 98.686 | 99.191 | 91.181 | 91.181 |
+-------+--------+--------+--------+--------+--------+
     logs:  {'epo': 17, 'R1': np.float32(84.429), 'R5': np.float32(98.686), 'R10': np.float32(99.191), 'mAP': np.float32(91.181), 'mINP': np.float32(91.181), 'lr': 2.2e-05, 'entropy': 0.125894, 'loss': 0.125894}
      TTA Epoch: [18] [ 0/39]  eta: 0:00:18  lr: 0.000009  entropy: 0.0599  loss: 0.0599  time: 0.4722  data: 0.4133  max mem: 2671
      TTA Epoch: [18] [38/39]  eta: 0:00:00  lr: 0.000008  entropy: 0.0637  loss: 0.0637  time: 0.0321  data: 0.0002  max mem: 2671
      TTA Epoch: [18] Total time: 0:00:01 (0.0445 s / it)
     Averaged stats: lr: 0.0000  entropy: 0.1227  loss: 0.1227
     Computing matching score
      Evaluation: [   0/1978]  eta: 0:01:34    time: 0.0478  data: 0.0034  max mem: 2671
      Evaluation: [ 100/1978]  eta: 0:01:20    time: 0.0425  data: 0.0000  max mem: 2671
      Evaluation: [ 200/1978]  eta: 0:01:16    time: 0.0450  data: 0.0000  max mem: 2671
      Evaluation: [ 300/1978]  eta: 0:01:12    time: 0.0411  data: 0.0000  max mem: 2671
      Evaluation: [ 400/1978]  eta: 0:01:08    time: 0.0458  data: 0.0000  max mem: 2671
      Evaluation: [ 500/1978]  eta: 0:01:05    time: 0.0469  data: 0.0000  max mem: 2671
      Evaluation: [ 600/1978]  eta: 0:01:00    time: 0.0408  data: 0.0000  max mem: 2671
      Evaluation: [ 700/1978]  eta: 0:00:55    time: 0.0408  data: 0.0000  max mem: 2671
      Evaluation: [ 800/1978]  eta: 0:00:50    time: 0.0407  data: 0.0000  max mem: 2671
      Evaluation: [ 900/1978]  eta: 0:00:46    time: 0.0414  data: 0.0000  max mem: 2671
      Evaluation: [1000/1978]  eta: 0:00:41    time: 0.0407  data: 0.0000  max mem: 2671
      Evaluation: [1100/1978]  eta: 0:00:37    time: 0.0412  data: 0.0000  max mem: 2671
      Evaluation: [1200/1978]  eta: 0:00:32    time: 0.0408  data: 0.0000  max mem: 2671
      Evaluation: [1300/1978]  eta: 0:00:28    time: 0.0418  data: 0.0000  max mem: 2671
      Evaluation: [1400/1978]  eta: 0:00:24    time: 0.0429  data: 0.0000  max mem: 2671
      Evaluation: [1500/1978]  eta: 0:00:20    time: 0.0430  data: 0.0000  max mem: 2671
      Evaluation: [1600/1978]  eta: 0:00:16    time: 0.0441  data: 0.0000  max mem: 2671
      Evaluation: [1700/1978]  eta: 0:00:11    time: 0.0417  data: 0.0000  max mem: 2671
      Evaluation: [1800/1978]  eta: 0:00:07    time: 0.0452  data: 0.0000  max mem: 2671
      Evaluation: [1900/1978]  eta: 0:00:03    time: 0.0485  data: 0.0000  max mem: 2671
      Evaluation: [1977/1978]  eta: 0:00:00    time: 0.0416  data: 0.0000  max mem: 2671
      Evaluation: Total time: 0:01:24 (0.0427 s / it)
     Computing matching score time 0:01:24
### TTA ITM Score: 
+-------+--------+--------+--------+--------+--------+
| epoch |   R1   |   R5   |  R10   |  mAP   |  mINP  |
+-------+--------+--------+--------+--------+--------+
|  -999 | 69.414 | 95.197 | 97.776 | 81.233 | 81.233 |
|  -999 | 84.277 | 99.039 | 99.596 | 91.276 | 91.276 |
|   0   | 84.631 | 99.039 | 99.596 | 91.444 | 91.444 |
|   1   | 84.783 | 98.989 | 99.596 | 91.492 | 91.492 |
|   2   | 84.681 | 98.888 | 99.494 | 91.405 | 91.405 |
|   3   | 84.631 | 98.787 | 99.494 | 91.337 | 91.337 |
|   4   | 84.530 | 98.736 | 99.393 | 91.273 | 91.273 |
|   5   | 84.479 | 98.686 | 99.343 | 91.250 | 91.250 |
|   6   | 84.479 | 98.584 | 99.242 | 91.200 | 91.200 |
|   7   | 84.378 | 98.584 | 99.191 | 91.128 | 91.128 |
|   8   | 84.378 | 98.635 | 99.242 | 91.137 | 91.137 |
|   9   | 84.429 | 98.686 | 99.141 | 91.152 | 91.152 |
|   10  | 84.530 | 98.686 | 99.191 | 91.206 | 91.206 |
|   11  | 84.378 | 98.686 | 99.141 | 91.130 | 91.130 |
|   12  | 84.328 | 98.686 | 99.191 | 91.113 | 91.113 |
|   13  | 84.328 | 98.686 | 99.191 | 91.117 | 91.117 |
|   14  | 84.277 | 98.686 | 99.191 | 91.093 | 91.093 |
|   15  | 84.328 | 98.686 | 99.191 | 91.117 | 91.117 |
|   16  | 84.378 | 98.686 | 99.191 | 91.134 | 91.134 |
|   17  | 84.429 | 98.686 | 99.191 | 91.181 | 91.181 |
|   18  | 84.429 | 98.686 | 99.191 | 91.181 | 91.181 |
+-------+--------+--------+--------+--------+--------+
     logs:  {'epo': 18, 'R1': np.float32(84.429), 'R5': np.float32(98.686), 'R10': np.float32(99.191), 'mAP': np.float32(91.181), 'mINP': np.float32(91.181), 'lr': 9e-06, 'entropy': 0.122673, 'loss': 0.122673}
      TTA Epoch: [19] [ 0/39]  eta: 0:00:18  lr: 0.000008  entropy: 0.1086  loss: 0.1086  time: 0.4641  data: 0.4155  max mem: 2671
      TTA Epoch: [19] [38/39]  eta: 0:00:00  lr: 0.000008  entropy: 0.0307  loss: 0.0307  time: 0.0310  data: 0.0001  max mem: 2671
      TTA Epoch: [19] Total time: 0:00:01 (0.0431 s / it)
     Averaged stats: lr: 0.0000  entropy: 0.1213  loss: 0.1213
     Computing matching score
      Evaluation: [   0/1978]  eta: 0:01:31    time: 0.0462  data: 0.0038  max mem: 2671
      Evaluation: [ 100/1978]  eta: 0:01:16    time: 0.0404  data: 0.0000  max mem: 2671
      Evaluation: [ 200/1978]  eta: 0:01:12    time: 0.0407  data: 0.0000  max mem: 2671
      Evaluation: [ 300/1978]  eta: 0:01:08    time: 0.0400  data: 0.0000  max mem: 2671
      Evaluation: [ 400/1978]  eta: 0:01:03    time: 0.0402  data: 0.0000  max mem: 2671
      Evaluation: [ 500/1978]  eta: 0:00:59    time: 0.0408  data: 0.0000  max mem: 2671
      Evaluation: [ 600/1978]  eta: 0:00:55    time: 0.0406  data: 0.0000  max mem: 2671
      Evaluation: [ 700/1978]  eta: 0:00:51    time: 0.0413  data: 0.0000  max mem: 2671
      Evaluation: [ 800/1978]  eta: 0:00:47    time: 0.0421  data: 0.0000  max mem: 2671
      Evaluation: [ 900/1978]  eta: 0:00:44    time: 0.0421  data: 0.0000  max mem: 2671
      Evaluation: [1000/1978]  eta: 0:00:40    time: 0.0438  data: 0.0000  max mem: 2671
      Evaluation: [1100/1978]  eta: 0:00:36    time: 0.0436  data: 0.0000  max mem: 2671
      Evaluation: [1200/1978]  eta: 0:00:32    time: 0.0451  data: 0.0000  max mem: 2671
      Evaluation: [1300/1978]  eta: 0:00:28    time: 0.0488  data: 0.0000  max mem: 2671
      Evaluation: [1400/1978]  eta: 0:00:24    time: 0.0405  data: 0.0000  max mem: 2671
      Evaluation: [1500/1978]  eta: 0:00:20    time: 0.0414  data: 0.0000  max mem: 2671
      Evaluation: [1600/1978]  eta: 0:00:15    time: 0.0408  data: 0.0000  max mem: 2671
      Evaluation: [1700/1978]  eta: 0:00:11    time: 0.0411  data: 0.0000  max mem: 2671
      Evaluation: [1800/1978]  eta: 0:00:07    time: 0.0414  data: 0.0000  max mem: 2671
      Evaluation: [1900/1978]  eta: 0:00:03    time: 0.0405  data: 0.0000  max mem: 2671
      Evaluation: [1977/1978]  eta: 0:00:00    time: 0.0409  data: 0.0000  max mem: 2671
      Evaluation: Total time: 0:01:22 (0.0417 s / it)
     Computing matching score time 0:01:22
### TTA ITM Score: 
+-------+--------+--------+--------+--------+--------+
| epoch |   R1   |   R5   |  R10   |  mAP   |  mINP  |
+-------+--------+--------+--------+--------+--------+
|  -999 | 69.414 | 95.197 | 97.776 | 81.233 | 81.233 |
|  -999 | 84.277 | 99.039 | 99.596 | 91.276 | 91.276 |
|   0   | 84.631 | 99.039 | 99.596 | 91.444 | 91.444 |
|   1   | 84.783 | 98.989 | 99.596 | 91.492 | 91.492 |
|   2   | 84.681 | 98.888 | 99.494 | 91.405 | 91.405 |
|   3   | 84.631 | 98.787 | 99.494 | 91.337 | 91.337 |
|   4   | 84.530 | 98.736 | 99.393 | 91.273 | 91.273 |
|   5   | 84.479 | 98.686 | 99.343 | 91.250 | 91.250 |
|   6   | 84.479 | 98.584 | 99.242 | 91.200 | 91.200 |
|   7   | 84.378 | 98.584 | 99.191 | 91.128 | 91.128 |
|   8   | 84.378 | 98.635 | 99.242 | 91.137 | 91.137 |
|   9   | 84.429 | 98.686 | 99.141 | 91.152 | 91.152 |
|   10  | 84.530 | 98.686 | 99.191 | 91.206 | 91.206 |
|   11  | 84.378 | 98.686 | 99.141 | 91.130 | 91.130 |
|   12  | 84.328 | 98.686 | 99.191 | 91.113 | 91.113 |
|   13  | 84.328 | 98.686 | 99.191 | 91.117 | 91.117 |
|   14  | 84.277 | 98.686 | 99.191 | 91.093 | 91.093 |
|   15  | 84.328 | 98.686 | 99.191 | 91.117 | 91.117 |
|   16  | 84.378 | 98.686 | 99.191 | 91.134 | 91.134 |
|   17  | 84.429 | 98.686 | 99.191 | 91.181 | 91.181 |
|   18  | 84.429 | 98.686 | 99.191 | 91.181 | 91.181 |
|   19  | 84.429 | 98.686 | 99.191 | 91.181 | 91.181 |
+-------+--------+--------+--------+--------+--------+
     logs:  {'epo': 19, 'R1': np.float32(84.429), 'R5': np.float32(98.686), 'R10': np.float32(99.191), 'mAP': np.float32(91.181), 'mINP': np.float32(91.181), 'lr': 8e-06, 'entropy': 0.12127, 'loss': 0.12127}
      TTA Epoch: [20] [ 0/39]  eta: 0:00:15  lr: 0.000008  entropy: 0.1090  loss: 0.1090  time: 0.4063  data: 0.3520  max mem: 2671
      TTA Epoch: [20] [38/39]  eta: 0:00:00  lr: 0.000007  entropy: 0.0882  loss: 0.0882  time: 0.0303  data: 0.0001  max mem: 2671
      TTA Epoch: [20] Total time: 0:00:01 (0.0411 s / it)
     Averaged stats: lr: 0.0000  entropy: 0.1210  loss: 0.1210
     Computing matching score
      Evaluation: [   0/1978]  eta: 0:01:28    time: 0.0446  data: 0.0035  max mem: 2671
      Evaluation: [ 100/1978]  eta: 0:01:16    time: 0.0419  data: 0.0000  max mem: 2671
      Evaluation: [ 200/1978]  eta: 0:01:13    time: 0.0415  data: 0.0000  max mem: 2671
      Evaluation: [ 300/1978]  eta: 0:01:09    time: 0.0422  data: 0.0000  max mem: 2671
      Evaluation: [ 400/1978]  eta: 0:01:06    time: 0.0491  data: 0.0000  max mem: 2671
      Evaluation: [ 500/1978]  eta: 0:01:02    time: 0.0425  data: 0.0000  max mem: 2671
      Evaluation: [ 600/1978]  eta: 0:00:58    time: 0.0492  data: 0.0000  max mem: 2671
      Evaluation: [ 700/1978]  eta: 0:00:54    time: 0.0493  data: 0.0000  max mem: 2671
      Evaluation: [ 800/1978]  eta: 0:00:51    time: 0.0397  data: 0.0000  max mem: 2671
      Evaluation: [ 900/1978]  eta: 0:00:46    time: 0.0410  data: 0.0000  max mem: 2671
      Evaluation: [1000/1978]  eta: 0:00:41    time: 0.0403  data: 0.0000  max mem: 2671
      Evaluation: [1100/1978]  eta: 0:00:37    time: 0.0404  data: 0.0000  max mem: 2671
      Evaluation: [1200/1978]  eta: 0:00:32    time: 0.0405  data: 0.0000  max mem: 2671
      Evaluation: [1300/1978]  eta: 0:00:28    time: 0.0406  data: 0.0000  max mem: 2671
      Evaluation: [1400/1978]  eta: 0:00:24    time: 0.0400  data: 0.0000  max mem: 2671
      Evaluation: [1500/1978]  eta: 0:00:20    time: 0.0401  data: 0.0000  max mem: 2671
      Evaluation: [1600/1978]  eta: 0:00:15    time: 0.0413  data: 0.0000  max mem: 2671
      Evaluation: [1700/1978]  eta: 0:00:11    time: 0.0406  data: 0.0000  max mem: 2671
      Evaluation: [1800/1978]  eta: 0:00:07    time: 0.0410  data: 0.0000  max mem: 2671
      Evaluation: [1900/1978]  eta: 0:00:03    time: 0.0442  data: 0.0000  max mem: 2671
      Evaluation: [1977/1978]  eta: 0:00:00    time: 0.0429  data: 0.0000  max mem: 2671
      Evaluation: Total time: 0:01:22 (0.0419 s / it)
     Computing matching score time 0:01:23
### TTA ITM Score: 
+-------+--------+--------+--------+--------+--------+
| epoch |   R1   |   R5   |  R10   |  mAP   |  mINP  |
+-------+--------+--------+--------+--------+--------+
|  -999 | 69.414 | 95.197 | 97.776 | 81.233 | 81.233 |
|  -999 | 84.277 | 99.039 | 99.596 | 91.276 | 91.276 |
|   0   | 84.631 | 99.039 | 99.596 | 91.444 | 91.444 |
|   1   | 84.783 | 98.989 | 99.596 | 91.492 | 91.492 |
|   2   | 84.681 | 98.888 | 99.494 | 91.405 | 91.405 |
|   3   | 84.631 | 98.787 | 99.494 | 91.337 | 91.337 |
|   4   | 84.530 | 98.736 | 99.393 | 91.273 | 91.273 |
|   5   | 84.479 | 98.686 | 99.343 | 91.250 | 91.250 |
|   6   | 84.479 | 98.584 | 99.242 | 91.200 | 91.200 |
|   7   | 84.378 | 98.584 | 99.191 | 91.128 | 91.128 |
|   8   | 84.378 | 98.635 | 99.242 | 91.137 | 91.137 |
|   9   | 84.429 | 98.686 | 99.141 | 91.152 | 91.152 |
|   10  | 84.530 | 98.686 | 99.191 | 91.206 | 91.206 |
|   11  | 84.378 | 98.686 | 99.141 | 91.130 | 91.130 |
|   12  | 84.328 | 98.686 | 99.191 | 91.113 | 91.113 |
|   13  | 84.328 | 98.686 | 99.191 | 91.117 | 91.117 |
|   14  | 84.277 | 98.686 | 99.191 | 91.093 | 91.093 |
|   15  | 84.328 | 98.686 | 99.191 | 91.117 | 91.117 |
|   16  | 84.378 | 98.686 | 99.191 | 91.134 | 91.134 |
|   17  | 84.429 | 98.686 | 99.191 | 91.181 | 91.181 |
|   18  | 84.429 | 98.686 | 99.191 | 91.181 | 91.181 |
|   19  | 84.429 | 98.686 | 99.191 | 91.181 | 91.181 |
|   20  | 84.429 | 98.686 | 99.191 | 91.181 | 91.181 |
+-------+--------+--------+--------+--------+--------+
     logs:  {'epo': 20, 'R1': np.float32(84.429), 'R5': np.float32(98.686), 'R10': np.float32(99.191), 'mAP': np.float32(91.181), 'mINP': np.float32(91.181), 'lr': 7e-06, 'entropy': 0.121035, 'loss': 0.121035}
      TTA Epoch: [21] [ 0/39]  eta: 0:00:16  lr: 0.000007  entropy: 0.1242  loss: 0.1242  time: 0.4259  data: 0.3729  max mem: 2671
      TTA Epoch: [21] [38/39]  eta: 0:00:00  lr: 0.000006  entropy: 0.1620  loss: 0.1620  time: 0.0310  data: 0.0001  max mem: 2671
      TTA Epoch: [21] Total time: 0:00:01 (0.0423 s / it)
     Averaged stats: lr: 0.0000  entropy: 0.1207  loss: 0.1207
     Computing matching score
      Evaluation: [   0/1978]  eta: 0:01:33    time: 0.0472  data: 0.0035  max mem: 2671
      Evaluation: [ 100/1978]  eta: 0:01:23    time: 0.0459  data: 0.0000  max mem: 2671
      Evaluation: [ 200/1978]  eta: 0:01:19    time: 0.0401  data: 0.0000  max mem: 2671
      Evaluation: [ 300/1978]  eta: 0:01:12    time: 0.0405  data: 0.0000  max mem: 2671
      Evaluation: [ 400/1978]  eta: 0:01:07    time: 0.0406  data: 0.0000  max mem: 2671
      Evaluation: [ 500/1978]  eta: 0:01:02    time: 0.0409  data: 0.0000  max mem: 2671
      Evaluation: [ 600/1978]  eta: 0:00:57    time: 0.0406  data: 0.0000  max mem: 2671
      Evaluation: [ 700/1978]  eta: 0:00:53    time: 0.0414  data: 0.0000  max mem: 2671
      Evaluation: [ 800/1978]  eta: 0:00:49    time: 0.0421  data: 0.0000  max mem: 2671
      Evaluation: [ 900/1978]  eta: 0:00:44    time: 0.0408  data: 0.0000  max mem: 2671
      Evaluation: [1000/1978]  eta: 0:00:40    time: 0.0415  data: 0.0000  max mem: 2671
      Evaluation: [1100/1978]  eta: 0:00:36    time: 0.0424  data: 0.0000  max mem: 2671
      Evaluation: [1200/1978]  eta: 0:00:32    time: 0.0416  data: 0.0000  max mem: 2671
      Evaluation: [1300/1978]  eta: 0:00:28    time: 0.0440  data: 0.0000  max mem: 2671
      Evaluation: [1400/1978]  eta: 0:00:24    time: 0.0413  data: 0.0000  max mem: 2671
      Evaluation: [1500/1978]  eta: 0:00:20    time: 0.0463  data: 0.0000  max mem: 2671
      Evaluation: [1600/1978]  eta: 0:00:15    time: 0.0412  data: 0.0000  max mem: 2671
      Evaluation: [1700/1978]  eta: 0:00:11    time: 0.0402  data: 0.0000  max mem: 2671
      Evaluation: [1800/1978]  eta: 0:00:07    time: 0.0406  data: 0.0000  max mem: 2671
      Evaluation: [1900/1978]  eta: 0:00:03    time: 0.0407  data: 0.0000  max mem: 2671
      Evaluation: [1977/1978]  eta: 0:00:00    time: 0.0406  data: 0.0000  max mem: 2671
      Evaluation: Total time: 0:01:23 (0.0420 s / it)
     Computing matching score time 0:01:23
### TTA ITM Score: 
+-------+--------+--------+--------+--------+--------+
| epoch |   R1   |   R5   |  R10   |  mAP   |  mINP  |
+-------+--------+--------+--------+--------+--------+
|  -999 | 69.414 | 95.197 | 97.776 | 81.233 | 81.233 |
|  -999 | 84.277 | 99.039 | 99.596 | 91.276 | 91.276 |
|   0   | 84.631 | 99.039 | 99.596 | 91.444 | 91.444 |
|   1   | 84.783 | 98.989 | 99.596 | 91.492 | 91.492 |
|   2   | 84.681 | 98.888 | 99.494 | 91.405 | 91.405 |
|   3   | 84.631 | 98.787 | 99.494 | 91.337 | 91.337 |
|   4   | 84.530 | 98.736 | 99.393 | 91.273 | 91.273 |
|   5   | 84.479 | 98.686 | 99.343 | 91.250 | 91.250 |
|   6   | 84.479 | 98.584 | 99.242 | 91.200 | 91.200 |
|   7   | 84.378 | 98.584 | 99.191 | 91.128 | 91.128 |
|   8   | 84.378 | 98.635 | 99.242 | 91.137 | 91.137 |
|   9   | 84.429 | 98.686 | 99.141 | 91.152 | 91.152 |
|   10  | 84.530 | 98.686 | 99.191 | 91.206 | 91.206 |
|   11  | 84.378 | 98.686 | 99.141 | 91.130 | 91.130 |
|   12  | 84.328 | 98.686 | 99.191 | 91.113 | 91.113 |
|   13  | 84.328 | 98.686 | 99.191 | 91.117 | 91.117 |
|   14  | 84.277 | 98.686 | 99.191 | 91.093 | 91.093 |
|   15  | 84.328 | 98.686 | 99.191 | 91.117 | 91.117 |
|   16  | 84.378 | 98.686 | 99.191 | 91.134 | 91.134 |
|   17  | 84.429 | 98.686 | 99.191 | 91.181 | 91.181 |
|   18  | 84.429 | 98.686 | 99.191 | 91.181 | 91.181 |
|   19  | 84.429 | 98.686 | 99.191 | 91.181 | 91.181 |
|   20  | 84.429 | 98.686 | 99.191 | 91.181 | 91.181 |
|   21  | 84.479 | 98.686 | 99.191 | 91.206 | 91.206 |
+-------+--------+--------+--------+--------+--------+
     logs:  {'epo': 21, 'R1': np.float32(84.479), 'R5': np.float32(98.686), 'R10': np.float32(99.191), 'mAP': np.float32(91.206), 'mINP': np.float32(91.206), 'lr': 7e-06, 'entropy': 0.120726, 'loss': 0.120726}
      TTA Epoch: [22] [ 0/39]  eta: 0:00:17  lr: 0.000006  entropy: 0.1118  loss: 0.1118  time: 0.4524  data: 0.3986  max mem: 2671
      TTA Epoch: [22] [38/39]  eta: 0:00:00  lr: 0.000006  entropy: 0.1105  loss: 0.1105  time: 0.0321  data: 0.0001  max mem: 2671
      TTA Epoch: [22] Total time: 0:00:01 (0.0443 s / it)
     Averaged stats: lr: 0.0000  entropy: 0.1217  loss: 0.1217
     Computing matching score
      Evaluation: [   0/1978]  eta: 0:01:26    time: 0.0436  data: 0.0025  max mem: 2671
      Evaluation: [ 100/1978]  eta: 0:01:16    time: 0.0404  data: 0.0000  max mem: 2671
      Evaluation: [ 200/1978]  eta: 0:01:11    time: 0.0404  data: 0.0000  max mem: 2671
      Evaluation: [ 300/1978]  eta: 0:01:07    time: 0.0406  data: 0.0000  max mem: 2671
      Evaluation: [ 400/1978]  eta: 0:01:04    time: 0.0409  data: 0.0000  max mem: 2671
      Evaluation: [ 500/1978]  eta: 0:01:00    time: 0.0415  data: 0.0000  max mem: 2671
      Evaluation: [ 600/1978]  eta: 0:00:56    time: 0.0408  data: 0.0000  max mem: 2671
      Evaluation: [ 700/1978]  eta: 0:00:52    time: 0.0428  data: 0.0000  max mem: 2671
      Evaluation: [ 800/1978]  eta: 0:00:48    time: 0.0447  data: 0.0000  max mem: 2671
      Evaluation: [ 900/1978]  eta: 0:00:45    time: 0.0477  data: 0.0000  max mem: 2671
      Evaluation: [1000/1978]  eta: 0:00:41    time: 0.0407  data: 0.0000  max mem: 2671
      Evaluation: [1100/1978]  eta: 0:00:36    time: 0.0404  data: 0.0000  max mem: 2671
      Evaluation: [1200/1978]  eta: 0:00:32    time: 0.0408  data: 0.0000  max mem: 2671
      Evaluation: [1300/1978]  eta: 0:00:28    time: 0.0400  data: 0.0000  max mem: 2671
      Evaluation: [1400/1978]  eta: 0:00:24    time: 0.0400  data: 0.0000  max mem: 2671
      Evaluation: [1500/1978]  eta: 0:00:19    time: 0.0406  data: 0.0000  max mem: 2671
      Evaluation: [1600/1978]  eta: 0:00:15    time: 0.0408  data: 0.0000  max mem: 2671
      Evaluation: [1700/1978]  eta: 0:00:11    time: 0.0404  data: 0.0000  max mem: 2671
      Evaluation: [1800/1978]  eta: 0:00:07    time: 0.0407  data: 0.0000  max mem: 2671
      Evaluation: [1900/1978]  eta: 0:00:03    time: 0.0416  data: 0.0000  max mem: 2671
      Evaluation: [1977/1978]  eta: 0:00:00    time: 0.0418  data: 0.0000  max mem: 2671
      Evaluation: Total time: 0:01:22 (0.0415 s / it)
     Computing matching score time 0:01:22
### TTA ITM Score: 
+-------+--------+--------+--------+--------+--------+
| epoch |   R1   |   R5   |  R10   |  mAP   |  mINP  |
+-------+--------+--------+--------+--------+--------+
|  -999 | 69.414 | 95.197 | 97.776 | 81.233 | 81.233 |
|  -999 | 84.277 | 99.039 | 99.596 | 91.276 | 91.276 |
|   0   | 84.631 | 99.039 | 99.596 | 91.444 | 91.444 |
|   1   | 84.783 | 98.989 | 99.596 | 91.492 | 91.492 |
|   2   | 84.681 | 98.888 | 99.494 | 91.405 | 91.405 |
|   3   | 84.631 | 98.787 | 99.494 | 91.337 | 91.337 |
|   4   | 84.530 | 98.736 | 99.393 | 91.273 | 91.273 |
|   5   | 84.479 | 98.686 | 99.343 | 91.250 | 91.250 |
|   6   | 84.479 | 98.584 | 99.242 | 91.200 | 91.200 |
|   7   | 84.378 | 98.584 | 99.191 | 91.128 | 91.128 |
|   8   | 84.378 | 98.635 | 99.242 | 91.137 | 91.137 |
|   9   | 84.429 | 98.686 | 99.141 | 91.152 | 91.152 |
|   10  | 84.530 | 98.686 | 99.191 | 91.206 | 91.206 |
|   11  | 84.378 | 98.686 | 99.141 | 91.130 | 91.130 |
|   12  | 84.328 | 98.686 | 99.191 | 91.113 | 91.113 |
|   13  | 84.328 | 98.686 | 99.191 | 91.117 | 91.117 |
|   14  | 84.277 | 98.686 | 99.191 | 91.093 | 91.093 |
|   15  | 84.328 | 98.686 | 99.191 | 91.117 | 91.117 |
|   16  | 84.378 | 98.686 | 99.191 | 91.134 | 91.134 |
|   17  | 84.429 | 98.686 | 99.191 | 91.181 | 91.181 |
|   18  | 84.429 | 98.686 | 99.191 | 91.181 | 91.181 |
|   19  | 84.429 | 98.686 | 99.191 | 91.181 | 91.181 |
|   20  | 84.429 | 98.686 | 99.191 | 91.181 | 91.181 |
|   21  | 84.479 | 98.686 | 99.191 | 91.206 | 91.206 |
|   22  | 84.479 | 98.686 | 99.191 | 91.207 | 91.207 |
+-------+--------+--------+--------+--------+--------+
     logs:  {'epo': 22, 'R1': np.float32(84.479), 'R5': np.float32(98.686), 'R10': np.float32(99.191), 'mAP': np.float32(91.207), 'mINP': np.float32(91.207), 'lr': 6e-06, 'entropy': 0.121673, 'loss': 0.121673}
      TTA Epoch: [23] [ 0/39]  eta: 0:00:18  lr: 0.000005  entropy: 0.1237  loss: 0.1237  time: 0.4639  data: 0.4074  max mem: 2671
      TTA Epoch: [23] [38/39]  eta: 0:00:00  lr: 0.000005  entropy: 0.0724  loss: 0.0724  time: 0.0372  data: 0.0002  max mem: 2671
      TTA Epoch: [23] Total time: 0:00:01 (0.0476 s / it)
     Averaged stats: lr: 0.0000  entropy: 0.1174  loss: 0.1174
     Computing matching score
      Evaluation: [   0/1978]  eta: 0:01:46    time: 0.0538  data: 0.0030  max mem: 2671
      Evaluation: [ 100/1978]  eta: 0:01:21    time: 0.0420  data: 0.0000  max mem: 2671
      Evaluation: [ 200/1978]  eta: 0:01:17    time: 0.0521  data: 0.0000  max mem: 2671
      Evaluation: [ 300/1978]  eta: 0:01:15    time: 0.0480  data: 0.0000  max mem: 2671
      Evaluation: [ 400/1978]  eta: 0:01:10    time: 0.0407  data: 0.0000  max mem: 2671
      Evaluation: [ 500/1978]  eta: 0:01:04    time: 0.0404  data: 0.0000  max mem: 2671
      Evaluation: [ 600/1978]  eta: 0:00:59    time: 0.0406  data: 0.0000  max mem: 2671
      Evaluation: [ 700/1978]  eta: 0:00:54    time: 0.0404  data: 0.0000  max mem: 2671
      Evaluation: [ 800/1978]  eta: 0:00:50    time: 0.0405  data: 0.0000  max mem: 2671
      Evaluation: [ 900/1978]  eta: 0:00:45    time: 0.0418  data: 0.0000  max mem: 2671
      Evaluation: [1000/1978]  eta: 0:00:41    time: 0.0402  data: 0.0000  max mem: 2671
      Evaluation: [1100/1978]  eta: 0:00:36    time: 0.0408  data: 0.0000  max mem: 2671
      Evaluation: [1200/1978]  eta: 0:00:32    time: 0.0416  data: 0.0000  max mem: 2671
      Evaluation: [1300/1978]  eta: 0:00:28    time: 0.0412  data: 0.0000  max mem: 2671
      Evaluation: [1400/1978]  eta: 0:00:24    time: 0.0406  data: 0.0000  max mem: 2671
      Evaluation: [1500/1978]  eta: 0:00:20    time: 0.0432  data: 0.0000  max mem: 2671
      Evaluation: [1600/1978]  eta: 0:00:15    time: 0.0467  data: 0.0000  max mem: 2671
      Evaluation: [1700/1978]  eta: 0:00:11    time: 0.0456  data: 0.0000  max mem: 2671
      Evaluation: [1800/1978]  eta: 0:00:07    time: 0.0402  data: 0.0000  max mem: 2671
      Evaluation: [1900/1978]  eta: 0:00:03    time: 0.0401  data: 0.0000  max mem: 2671
      Evaluation: [1977/1978]  eta: 0:00:00    time: 0.0409  data: 0.0000  max mem: 2671
      Evaluation: Total time: 0:01:23 (0.0423 s / it)
     Computing matching score time 0:01:23
### TTA ITM Score: 
+-------+--------+--------+--------+--------+--------+
| epoch |   R1   |   R5   |  R10   |  mAP   |  mINP  |
+-------+--------+--------+--------+--------+--------+
|  -999 | 69.414 | 95.197 | 97.776 | 81.233 | 81.233 |
|  -999 | 84.277 | 99.039 | 99.596 | 91.276 | 91.276 |
|   0   | 84.631 | 99.039 | 99.596 | 91.444 | 91.444 |
|   1   | 84.783 | 98.989 | 99.596 | 91.492 | 91.492 |
|   2   | 84.681 | 98.888 | 99.494 | 91.405 | 91.405 |
|   3   | 84.631 | 98.787 | 99.494 | 91.337 | 91.337 |
|   4   | 84.530 | 98.736 | 99.393 | 91.273 | 91.273 |
|   5   | 84.479 | 98.686 | 99.343 | 91.250 | 91.250 |
|   6   | 84.479 | 98.584 | 99.242 | 91.200 | 91.200 |
|   7   | 84.378 | 98.584 | 99.191 | 91.128 | 91.128 |
|   8   | 84.378 | 98.635 | 99.242 | 91.137 | 91.137 |
|   9   | 84.429 | 98.686 | 99.141 | 91.152 | 91.152 |
|   10  | 84.530 | 98.686 | 99.191 | 91.206 | 91.206 |
|   11  | 84.378 | 98.686 | 99.141 | 91.130 | 91.130 |
|   12  | 84.328 | 98.686 | 99.191 | 91.113 | 91.113 |
|   13  | 84.328 | 98.686 | 99.191 | 91.117 | 91.117 |
|   14  | 84.277 | 98.686 | 99.191 | 91.093 | 91.093 |
|   15  | 84.328 | 98.686 | 99.191 | 91.117 | 91.117 |
|   16  | 84.378 | 98.686 | 99.191 | 91.134 | 91.134 |
|   17  | 84.429 | 98.686 | 99.191 | 91.181 | 91.181 |
|   18  | 84.429 | 98.686 | 99.191 | 91.181 | 91.181 |
|   19  | 84.429 | 98.686 | 99.191 | 91.181 | 91.181 |
|   20  | 84.429 | 98.686 | 99.191 | 91.181 | 91.181 |
|   21  | 84.479 | 98.686 | 99.191 | 91.206 | 91.206 |
|   22  | 84.479 | 98.686 | 99.191 | 91.207 | 91.207 |
|   23  | 84.479 | 98.686 | 99.191 | 91.207 | 91.207 |
+-------+--------+--------+--------+--------+--------+
     logs:  {'epo': 23, 'R1': np.float32(84.479), 'R5': np.float32(98.686), 'R10': np.float32(99.191), 'mAP': np.float32(91.207), 'mINP': np.float32(91.207), 'lr': 5e-06, 'entropy': 0.117393, 'loss': 0.117393}
      TTA Epoch: [24] [ 0/39]  eta: 0:00:19  lr: 0.000005  entropy: 0.1191  loss: 0.1191  time: 0.4952  data: 0.4286  max mem: 2671
      TTA Epoch: [24] [38/39]  eta: 0:00:00  lr: 0.000004  entropy: 0.1879  loss: 0.1879  time: 0.0302  data: 0.0001  max mem: 2671
      TTA Epoch: [24] Total time: 0:00:01 (0.0457 s / it)
     Averaged stats: lr: 0.0000  entropy: 0.1174  loss: 0.1174
     Computing matching score
      Evaluation: [   0/1978]  eta: 0:01:25    time: 0.0434  data: 0.0025  max mem: 2671
      Evaluation: [ 100/1978]  eta: 0:01:15    time: 0.0399  data: 0.0000  max mem: 2671
      Evaluation: [ 200/1978]  eta: 0:01:11    time: 0.0401  data: 0.0000  max mem: 2671
      Evaluation: [ 300/1978]  eta: 0:01:07    time: 0.0410  data: 0.0000  max mem: 2671
      Evaluation: [ 400/1978]  eta: 0:01:03    time: 0.0400  data: 0.0000  max mem: 2671
      Evaluation: [ 500/1978]  eta: 0:00:59    time: 0.0415  data: 0.0000  max mem: 2671
      Evaluation: [ 600/1978]  eta: 0:00:55    time: 0.0410  data: 0.0000  max mem: 2671
      Evaluation: [ 700/1978]  eta: 0:00:51    time: 0.0405  data: 0.0000  max mem: 2671
      Evaluation: [ 800/1978]  eta: 0:00:47    time: 0.0440  data: 0.0000  max mem: 2671
      Evaluation: [ 900/1978]  eta: 0:00:44    time: 0.0420  data: 0.0000  max mem: 2671
      Evaluation: [1000/1978]  eta: 0:00:40    time: 0.0440  data: 0.0000  max mem: 2671
      Evaluation: [1100/1978]  eta: 0:00:36    time: 0.0453  data: 0.0000  max mem: 2671
      Evaluation: [1200/1978]  eta: 0:00:32    time: 0.0401  data: 0.0000  max mem: 2671
      Evaluation: [1300/1978]  eta: 0:00:28    time: 0.0401  data: 0.0000  max mem: 2671
      Evaluation: [1400/1978]  eta: 0:00:23    time: 0.0400  data: 0.0000  max mem: 2671
      Evaluation: [1500/1978]  eta: 0:00:19    time: 0.0404  data: 0.0000  max mem: 2671
      Evaluation: [1600/1978]  eta: 0:00:15    time: 0.0401  data: 0.0000  max mem: 2671
      Evaluation: [1700/1978]  eta: 0:00:11    time: 0.0406  data: 0.0000  max mem: 2671
      Evaluation: [1800/1978]  eta: 0:00:07    time: 0.0406  data: 0.0000  max mem: 2671
      Evaluation: [1900/1978]  eta: 0:00:03    time: 0.0415  data: 0.0000  max mem: 2671
      Evaluation: [1977/1978]  eta: 0:00:00    time: 0.0409  data: 0.0000  max mem: 2671
      Evaluation: Total time: 0:01:21 (0.0411 s / it)
     Computing matching score time 0:01:21
### TTA ITM Score: 
+-------+--------+--------+--------+--------+--------+
| epoch |   R1   |   R5   |  R10   |  mAP   |  mINP  |
+-------+--------+--------+--------+--------+--------+
|  -999 | 69.414 | 95.197 | 97.776 | 81.233 | 81.233 |
|  -999 | 84.277 | 99.039 | 99.596 | 91.276 | 91.276 |
|   0   | 84.631 | 99.039 | 99.596 | 91.444 | 91.444 |
|   1   | 84.783 | 98.989 | 99.596 | 91.492 | 91.492 |
|   2   | 84.681 | 98.888 | 99.494 | 91.405 | 91.405 |
|   3   | 84.631 | 98.787 | 99.494 | 91.337 | 91.337 |
|   4   | 84.530 | 98.736 | 99.393 | 91.273 | 91.273 |
|   5   | 84.479 | 98.686 | 99.343 | 91.250 | 91.250 |
|   6   | 84.479 | 98.584 | 99.242 | 91.200 | 91.200 |
|   7   | 84.378 | 98.584 | 99.191 | 91.128 | 91.128 |
|   8   | 84.378 | 98.635 | 99.242 | 91.137 | 91.137 |
|   9   | 84.429 | 98.686 | 99.141 | 91.152 | 91.152 |
|   10  | 84.530 | 98.686 | 99.191 | 91.206 | 91.206 |
|   11  | 84.378 | 98.686 | 99.141 | 91.130 | 91.130 |
|   12  | 84.328 | 98.686 | 99.191 | 91.113 | 91.113 |
|   13  | 84.328 | 98.686 | 99.191 | 91.117 | 91.117 |
|   14  | 84.277 | 98.686 | 99.191 | 91.093 | 91.093 |
|   15  | 84.328 | 98.686 | 99.191 | 91.117 | 91.117 |
|   16  | 84.378 | 98.686 | 99.191 | 91.134 | 91.134 |
|   17  | 84.429 | 98.686 | 99.191 | 91.181 | 91.181 |
|   18  | 84.429 | 98.686 | 99.191 | 91.181 | 91.181 |
|   19  | 84.429 | 98.686 | 99.191 | 91.181 | 91.181 |
|   20  | 84.429 | 98.686 | 99.191 | 91.181 | 91.181 |
|   21  | 84.479 | 98.686 | 99.191 | 91.206 | 91.206 |
|   22  | 84.479 | 98.686 | 99.191 | 91.207 | 91.207 |
|   23  | 84.479 | 98.686 | 99.191 | 91.207 | 91.207 |
|   24  | 84.479 | 98.686 | 99.191 | 91.207 | 91.207 |
+-------+--------+--------+--------+--------+--------+
     logs:  {'epo': 24, 'R1': np.float32(84.479), 'R5': np.float32(98.686), 'R10': np.float32(99.191), 'mAP': np.float32(91.207), 'mINP': np.float32(91.207), 'lr': 4e-06, 'entropy': 0.117423, 'loss': 0.117423}
      TTA Epoch: [25] [ 0/39]  eta: 0:00:18  lr: 0.000004  entropy: 0.1655  loss: 0.1655  time: 0.4697  data: 0.4097  max mem: 2671
      TTA Epoch: [25] [38/39]  eta: 0:00:00  lr: 0.000003  entropy: 0.1420  loss: 0.1420  time: 0.0336  data: 0.0002  max mem: 2671
      TTA Epoch: [25] Total time: 0:00:01 (0.0458 s / it)
     Averaged stats: lr: 0.0000  entropy: 0.1207  loss: 0.1207
     Computing matching score
      Evaluation: [   0/1978]  eta: 0:01:28    time: 0.0446  data: 0.0031  max mem: 2671
      Evaluation: [ 100/1978]  eta: 0:01:16    time: 0.0408  data: 0.0000  max mem: 2671
      Evaluation: [ 200/1978]  eta: 0:01:13    time: 0.0439  data: 0.0000  max mem: 2671
      Evaluation: [ 300/1978]  eta: 0:01:09    time: 0.0415  data: 0.0000  max mem: 2671
      Evaluation: [ 400/1978]  eta: 0:01:07    time: 0.0450  data: 0.0000  max mem: 2671
      Evaluation: [ 500/1978]  eta: 0:01:03    time: 0.0402  data: 0.0000  max mem: 2671
      Evaluation: [ 600/1978]  eta: 0:00:58    time: 0.0420  data: 0.0000  max mem: 2671
      Evaluation: [ 700/1978]  eta: 0:00:53    time: 0.0405  data: 0.0000  max mem: 2671
      Evaluation: [ 800/1978]  eta: 0:00:49    time: 0.0400  data: 0.0000  max mem: 2671
      Evaluation: [ 900/1978]  eta: 0:00:44    time: 0.0407  data: 0.0000  max mem: 2671
      Evaluation: [1000/1978]  eta: 0:00:40    time: 0.0401  data: 0.0000  max mem: 2671
      Evaluation: [1100/1978]  eta: 0:00:36    time: 0.0400  data: 0.0000  max mem: 2671
      Evaluation: [1200/1978]  eta: 0:00:32    time: 0.0405  data: 0.0000  max mem: 2671
      Evaluation: [1300/1978]  eta: 0:00:27    time: 0.0404  data: 0.0000  max mem: 2671
      Evaluation: [1400/1978]  eta: 0:00:23    time: 0.0413  data: 0.0000  max mem: 2671
      Evaluation: [1500/1978]  eta: 0:00:19    time: 0.0414  data: 0.0000  max mem: 2671
      Evaluation: [1600/1978]  eta: 0:00:15    time: 0.0429  data: 0.0000  max mem: 2671
      Evaluation: [1700/1978]  eta: 0:00:11    time: 0.0422  data: 0.0000  max mem: 2671
      Evaluation: [1800/1978]  eta: 0:00:07    time: 0.0457  data: 0.0000  max mem: 2671
      Evaluation: [1900/1978]  eta: 0:00:03    time: 0.0478  data: 0.0000  max mem: 2671
      Evaluation: [1977/1978]  eta: 0:00:00    time: 0.0403  data: 0.0000  max mem: 2671
      Evaluation: Total time: 0:01:22 (0.0418 s / it)
     Computing matching score time 0:01:22
### TTA ITM Score: 
+-------+--------+--------+--------+--------+--------+
| epoch |   R1   |   R5   |  R10   |  mAP   |  mINP  |
+-------+--------+--------+--------+--------+--------+
|  -999 | 69.414 | 95.197 | 97.776 | 81.233 | 81.233 |
|  -999 | 84.277 | 99.039 | 99.596 | 91.276 | 91.276 |
|   0   | 84.631 | 99.039 | 99.596 | 91.444 | 91.444 |
|   1   | 84.783 | 98.989 | 99.596 | 91.492 | 91.492 |
|   2   | 84.681 | 98.888 | 99.494 | 91.405 | 91.405 |
|   3   | 84.631 | 98.787 | 99.494 | 91.337 | 91.337 |
|   4   | 84.530 | 98.736 | 99.393 | 91.273 | 91.273 |
|   5   | 84.479 | 98.686 | 99.343 | 91.250 | 91.250 |
|   6   | 84.479 | 98.584 | 99.242 | 91.200 | 91.200 |
|   7   | 84.378 | 98.584 | 99.191 | 91.128 | 91.128 |
|   8   | 84.378 | 98.635 | 99.242 | 91.137 | 91.137 |
|   9   | 84.429 | 98.686 | 99.141 | 91.152 | 91.152 |
|   10  | 84.530 | 98.686 | 99.191 | 91.206 | 91.206 |
|   11  | 84.378 | 98.686 | 99.141 | 91.130 | 91.130 |
|   12  | 84.328 | 98.686 | 99.191 | 91.113 | 91.113 |
|   13  | 84.328 | 98.686 | 99.191 | 91.117 | 91.117 |
|   14  | 84.277 | 98.686 | 99.191 | 91.093 | 91.093 |
|   15  | 84.328 | 98.686 | 99.191 | 91.117 | 91.117 |
|   16  | 84.378 | 98.686 | 99.191 | 91.134 | 91.134 |
|   17  | 84.429 | 98.686 | 99.191 | 91.181 | 91.181 |
|   18  | 84.429 | 98.686 | 99.191 | 91.181 | 91.181 |
|   19  | 84.429 | 98.686 | 99.191 | 91.181 | 91.181 |
|   20  | 84.429 | 98.686 | 99.191 | 91.181 | 91.181 |
|   21  | 84.479 | 98.686 | 99.191 | 91.206 | 91.206 |
|   22  | 84.479 | 98.686 | 99.191 | 91.207 | 91.207 |
|   23  | 84.479 | 98.686 | 99.191 | 91.207 | 91.207 |
|   24  | 84.479 | 98.686 | 99.191 | 91.207 | 91.207 |
|   25  | 84.479 | 98.686 | 99.191 | 91.207 | 91.207 |
+-------+--------+--------+--------+--------+--------+
     logs:  {'epo': 25, 'R1': np.float32(84.479), 'R5': np.float32(98.686), 'R10': np.float32(99.191), 'mAP': np.float32(91.207), 'mINP': np.float32(91.207), 'lr': 4e-06, 'entropy': 0.120693, 'loss': 0.120693}
      TTA Epoch: [26] [ 0/39]  eta: 0:00:17  lr: 0.000003  entropy: 0.0508  loss: 0.0508  time: 0.4485  data: 0.3959  max mem: 2671
      TTA Epoch: [26] [38/39]  eta: 0:00:00  lr: 0.000003  entropy: 0.1256  loss: 0.1256  time: 0.0305  data: 0.0001  max mem: 2671
      TTA Epoch: [26] Total time: 0:00:01 (0.0419 s / it)
     Averaged stats: lr: 0.0000  entropy: 0.1165  loss: 0.1165
     Computing matching score
      Evaluation: [   0/1978]  eta: 0:01:24    time: 0.0429  data: 0.0025  max mem: 2671
      Evaluation: [ 100/1978]  eta: 0:01:14    time: 0.0399  data: 0.0000  max mem: 2671
      Evaluation: [ 200/1978]  eta: 0:01:11    time: 0.0401  data: 0.0000  max mem: 2671
      Evaluation: [ 300/1978]  eta: 0:01:07    time: 0.0402  data: 0.0000  max mem: 2671
      Evaluation: [ 400/1978]  eta: 0:01:03    time: 0.0405  data: 0.0000  max mem: 2671
      Evaluation: [ 500/1978]  eta: 0:00:59    time: 0.0406  data: 0.0000  max mem: 2671
      Evaluation: [ 600/1978]  eta: 0:00:55    time: 0.0404  data: 0.0000  max mem: 2671
      Evaluation: [ 700/1978]  eta: 0:00:51    time: 0.0405  data: 0.0000  max mem: 2671
      Evaluation: [ 800/1978]  eta: 0:00:47    time: 0.0410  data: 0.0000  max mem: 2671
      Evaluation: [ 900/1978]  eta: 0:00:43    time: 0.0414  data: 0.0000  max mem: 2671
      Evaluation: [1000/1978]  eta: 0:00:39    time: 0.0403  data: 0.0000  max mem: 2671
      Evaluation: [1100/1978]  eta: 0:00:35    time: 0.0431  data: 0.0000  max mem: 2671
      Evaluation: [1200/1978]  eta: 0:00:31    time: 0.0411  data: 0.0000  max mem: 2671
      Evaluation: [1300/1978]  eta: 0:00:27    time: 0.0452  data: 0.0000  max mem: 2671
      Evaluation: [1400/1978]  eta: 0:00:23    time: 0.0435  data: 0.0000  max mem: 2671
      Evaluation: [1500/1978]  eta: 0:00:19    time: 0.0404  data: 0.0000  max mem: 2671
      Evaluation: [1600/1978]  eta: 0:00:15    time: 0.0405  data: 0.0000  max mem: 2671
      Evaluation: [1700/1978]  eta: 0:00:11    time: 0.0408  data: 0.0000  max mem: 2671
      Evaluation: [1800/1978]  eta: 0:00:07    time: 0.0406  data: 0.0000  max mem: 2671
      Evaluation: [1900/1978]  eta: 0:00:03    time: 0.0404  data: 0.0000  max mem: 2671
      Evaluation: [1977/1978]  eta: 0:00:00    time: 0.0404  data: 0.0000  max mem: 2671
      Evaluation: Total time: 0:01:21 (0.0412 s / it)
     Computing matching score time 0:01:21
### TTA ITM Score: 
+-------+--------+--------+--------+--------+--------+
| epoch |   R1   |   R5   |  R10   |  mAP   |  mINP  |
+-------+--------+--------+--------+--------+--------+
|  -999 | 69.414 | 95.197 | 97.776 | 81.233 | 81.233 |
|  -999 | 84.277 | 99.039 | 99.596 | 91.276 | 91.276 |
|   0   | 84.631 | 99.039 | 99.596 | 91.444 | 91.444 |
|   1   | 84.783 | 98.989 | 99.596 | 91.492 | 91.492 |
|   2   | 84.681 | 98.888 | 99.494 | 91.405 | 91.405 |
|   3   | 84.631 | 98.787 | 99.494 | 91.337 | 91.337 |
|   4   | 84.530 | 98.736 | 99.393 | 91.273 | 91.273 |
|   5   | 84.479 | 98.686 | 99.343 | 91.250 | 91.250 |
|   6   | 84.479 | 98.584 | 99.242 | 91.200 | 91.200 |
|   7   | 84.378 | 98.584 | 99.191 | 91.128 | 91.128 |
|   8   | 84.378 | 98.635 | 99.242 | 91.137 | 91.137 |
|   9   | 84.429 | 98.686 | 99.141 | 91.152 | 91.152 |
|   10  | 84.530 | 98.686 | 99.191 | 91.206 | 91.206 |
|   11  | 84.378 | 98.686 | 99.141 | 91.130 | 91.130 |
|   12  | 84.328 | 98.686 | 99.191 | 91.113 | 91.113 |
|   13  | 84.328 | 98.686 | 99.191 | 91.117 | 91.117 |
|   14  | 84.277 | 98.686 | 99.191 | 91.093 | 91.093 |
|   15  | 84.328 | 98.686 | 99.191 | 91.117 | 91.117 |
|   16  | 84.378 | 98.686 | 99.191 | 91.134 | 91.134 |
|   17  | 84.429 | 98.686 | 99.191 | 91.181 | 91.181 |
|   18  | 84.429 | 98.686 | 99.191 | 91.181 | 91.181 |
|   19  | 84.429 | 98.686 | 99.191 | 91.181 | 91.181 |
|   20  | 84.429 | 98.686 | 99.191 | 91.181 | 91.181 |
|   21  | 84.479 | 98.686 | 99.191 | 91.206 | 91.206 |
|   22  | 84.479 | 98.686 | 99.191 | 91.207 | 91.207 |
|   23  | 84.479 | 98.686 | 99.191 | 91.207 | 91.207 |
|   24  | 84.479 | 98.686 | 99.191 | 91.207 | 91.207 |
|   25  | 84.479 | 98.686 | 99.191 | 91.207 | 91.207 |
|   26  | 84.479 | 98.686 | 99.191 | 91.206 | 91.206 |
+-------+--------+--------+--------+--------+--------+
     logs:  {'epo': 26, 'R1': np.float32(84.479), 'R5': np.float32(98.686), 'R10': np.float32(99.191), 'mAP': np.float32(91.206), 'mINP': np.float32(91.206), 'lr': 3e-06, 'entropy': 0.116483, 'loss': 0.116483}
      TTA Epoch: [27] [ 0/39]  eta: 0:00:17  lr: 0.000003  entropy: 0.1140  loss: 0.1140  time: 0.4588  data: 0.4024  max mem: 2671
      TTA Epoch: [27] [38/39]  eta: 0:00:00  lr: 0.000002  entropy: 0.0862  loss: 0.0862  time: 0.0331  data: 0.0001  max mem: 2671
      TTA Epoch: [27] Total time: 0:00:01 (0.0449 s / it)
     Averaged stats: lr: 0.0000  entropy: 0.1199  loss: 0.1199
     Computing matching score
      Evaluation: [   0/1978]  eta: 0:01:25    time: 0.0432  data: 0.0025  max mem: 2671
      Evaluation: [ 100/1978]  eta: 0:01:15    time: 0.0401  data: 0.0000  max mem: 2671
      Evaluation: [ 200/1978]  eta: 0:01:13    time: 0.0428  data: 0.0000  max mem: 2671
      Evaluation: [ 300/1978]  eta: 0:01:08    time: 0.0407  data: 0.0000  max mem: 2671
      Evaluation: [ 400/1978]  eta: 0:01:04    time: 0.0408  data: 0.0000  max mem: 2671
      Evaluation: [ 500/1978]  eta: 0:01:00    time: 0.0417  data: 0.0000  max mem: 2671
      Evaluation: [ 600/1978]  eta: 0:00:56    time: 0.0421  data: 0.0000  max mem: 2671
      Evaluation: [ 700/1978]  eta: 0:00:52    time: 0.0417  data: 0.0000  max mem: 2671
      Evaluation: [ 800/1978]  eta: 0:00:49    time: 0.0458  data: 0.0000  max mem: 2671
      Evaluation: [ 900/1978]  eta: 0:00:45    time: 0.0403  data: 0.0000  max mem: 2671
      Evaluation: [1000/1978]  eta: 0:00:40    time: 0.0401  data: 0.0000  max mem: 2671
      Evaluation: [1100/1978]  eta: 0:00:36    time: 0.0411  data: 0.0000  max mem: 2671
      Evaluation: [1200/1978]  eta: 0:00:32    time: 0.0401  data: 0.0000  max mem: 2671
      Evaluation: [1300/1978]  eta: 0:00:28    time: 0.0401  data: 0.0000  max mem: 2671
      Evaluation: [1400/1978]  eta: 0:00:23    time: 0.0408  data: 0.0000  max mem: 2671
      Evaluation: [1500/1978]  eta: 0:00:19    time: 0.0404  data: 0.0000  max mem: 2671
      Evaluation: [1600/1978]  eta: 0:00:15    time: 0.0401  data: 0.0000  max mem: 2671
      Evaluation: [1700/1978]  eta: 0:00:11    time: 0.0408  data: 0.0000  max mem: 2671
      Evaluation: [1800/1978]  eta: 0:00:07    time: 0.0407  data: 0.0000  max mem: 2671
      Evaluation: [1900/1978]  eta: 0:00:03    time: 0.0409  data: 0.0000  max mem: 2671
      Evaluation: [1977/1978]  eta: 0:00:00    time: 0.0426  data: 0.0000  max mem: 2671
      Evaluation: Total time: 0:01:21 (0.0413 s / it)
     Computing matching score time 0:01:21
### TTA ITM Score: 
+-------+--------+--------+--------+--------+--------+
| epoch |   R1   |   R5   |  R10   |  mAP   |  mINP  |
+-------+--------+--------+--------+--------+--------+
|  -999 | 69.414 | 95.197 | 97.776 | 81.233 | 81.233 |
|  -999 | 84.277 | 99.039 | 99.596 | 91.276 | 91.276 |
|   0   | 84.631 | 99.039 | 99.596 | 91.444 | 91.444 |
|   1   | 84.783 | 98.989 | 99.596 | 91.492 | 91.492 |
|   2   | 84.681 | 98.888 | 99.494 | 91.405 | 91.405 |
|   3   | 84.631 | 98.787 | 99.494 | 91.337 | 91.337 |
|   4   | 84.530 | 98.736 | 99.393 | 91.273 | 91.273 |
|   5   | 84.479 | 98.686 | 99.343 | 91.250 | 91.250 |
|   6   | 84.479 | 98.584 | 99.242 | 91.200 | 91.200 |
|   7   | 84.378 | 98.584 | 99.191 | 91.128 | 91.128 |
|   8   | 84.378 | 98.635 | 99.242 | 91.137 | 91.137 |
|   9   | 84.429 | 98.686 | 99.141 | 91.152 | 91.152 |
|   10  | 84.530 | 98.686 | 99.191 | 91.206 | 91.206 |
|   11  | 84.378 | 98.686 | 99.141 | 91.130 | 91.130 |
|   12  | 84.328 | 98.686 | 99.191 | 91.113 | 91.113 |
|   13  | 84.328 | 98.686 | 99.191 | 91.117 | 91.117 |
|   14  | 84.277 | 98.686 | 99.191 | 91.093 | 91.093 |
|   15  | 84.328 | 98.686 | 99.191 | 91.117 | 91.117 |
|   16  | 84.378 | 98.686 | 99.191 | 91.134 | 91.134 |
|   17  | 84.429 | 98.686 | 99.191 | 91.181 | 91.181 |
|   18  | 84.429 | 98.686 | 99.191 | 91.181 | 91.181 |
|   19  | 84.429 | 98.686 | 99.191 | 91.181 | 91.181 |
|   20  | 84.429 | 98.686 | 99.191 | 91.181 | 91.181 |
|   21  | 84.479 | 98.686 | 99.191 | 91.206 | 91.206 |
|   22  | 84.479 | 98.686 | 99.191 | 91.207 | 91.207 |
|   23  | 84.479 | 98.686 | 99.191 | 91.207 | 91.207 |
|   24  | 84.479 | 98.686 | 99.191 | 91.207 | 91.207 |
|   25  | 84.479 | 98.686 | 99.191 | 91.207 | 91.207 |
|   26  | 84.479 | 98.686 | 99.191 | 91.206 | 91.206 |
|   27  | 84.429 | 98.686 | 99.191 | 91.173 | 91.173 |
+-------+--------+--------+--------+--------+--------+
     logs:  {'epo': 27, 'R1': np.float32(84.429), 'R5': np.float32(98.686), 'R10': np.float32(99.191), 'mAP': np.float32(91.173), 'mINP': np.float32(91.173), 'lr': 2e-06, 'entropy': 0.119892, 'loss': 0.119892}
      TTA Epoch: [28] [ 0/39]  eta: 0:00:20  lr: 0.000002  entropy: 0.1324  loss: 0.1324  time: 0.5358  data: 0.4486  max mem: 2671
      TTA Epoch: [28] [38/39]  eta: 0:00:00  lr: 0.000001  entropy: 0.1214  loss: 0.1214  time: 0.0338  data: 0.0001  max mem: 2671
      TTA Epoch: [28] Total time: 0:00:01 (0.0481 s / it)
     Averaged stats: lr: 0.0000  entropy: 0.1213  loss: 0.1213
     Computing matching score
      Evaluation: [   0/1978]  eta: 0:01:29    time: 0.0453  data: 0.0028  max mem: 2671
      Evaluation: [ 100/1978]  eta: 0:01:17    time: 0.0412  data: 0.0000  max mem: 2671
      Evaluation: [ 200/1978]  eta: 0:01:18    time: 0.0457  data: 0.0000  max mem: 2671
      Evaluation: [ 300/1978]  eta: 0:01:14    time: 0.0400  data: 0.0000  max mem: 2671
      Evaluation: [ 400/1978]  eta: 0:01:08    time: 0.0399  data: 0.0000  max mem: 2671
      Evaluation: [ 500/1978]  eta: 0:01:03    time: 0.0399  data: 0.0000  max mem: 2671
      Evaluation: [ 600/1978]  eta: 0:00:58    time: 0.0400  data: 0.0000  max mem: 2671
      Evaluation: [ 700/1978]  eta: 0:00:53    time: 0.0398  data: 0.0000  max mem: 2671
      Evaluation: [ 800/1978]  eta: 0:00:49    time: 0.0402  data: 0.0000  max mem: 2671
      Evaluation: [ 900/1978]  eta: 0:00:44    time: 0.0398  data: 0.0000  max mem: 2671
      Evaluation: [1000/1978]  eta: 0:00:40    time: 0.0399  data: 0.0000  max mem: 2671
      Evaluation: [1100/1978]  eta: 0:00:36    time: 0.0417  data: 0.0000  max mem: 2671
      Evaluation: [1200/1978]  eta: 0:00:32    time: 0.0413  data: 0.0000  max mem: 2671
      Evaluation: [1300/1978]  eta: 0:00:27    time: 0.0410  data: 0.0000  max mem: 2671
      Evaluation: [1400/1978]  eta: 0:00:23    time: 0.0451  data: 0.0000  max mem: 2671
      Evaluation: [1500/1978]  eta: 0:00:19    time: 0.0417  data: 0.0000  max mem: 2671
      Evaluation: [1600/1978]  eta: 0:00:15    time: 0.0435  data: 0.0000  max mem: 2671
      Evaluation: [1700/1978]  eta: 0:00:11    time: 0.0456  data: 0.0000  max mem: 2671
      Evaluation: [1800/1978]  eta: 0:00:07    time: 0.0411  data: 0.0000  max mem: 2671
      Evaluation: [1900/1978]  eta: 0:00:03    time: 0.0405  data: 0.0000  max mem: 2671
      Evaluation: [1977/1978]  eta: 0:00:00    time: 0.0407  data: 0.0000  max mem: 2671
      Evaluation: Total time: 0:01:22 (0.0417 s / it)
     Computing matching score time 0:01:22
### TTA ITM Score: 
+-------+--------+--------+--------+--------+--------+
| epoch |   R1   |   R5   |  R10   |  mAP   |  mINP  |
+-------+--------+--------+--------+--------+--------+
|  -999 | 69.414 | 95.197 | 97.776 | 81.233 | 81.233 |
|  -999 | 84.277 | 99.039 | 99.596 | 91.276 | 91.276 |
|   0   | 84.631 | 99.039 | 99.596 | 91.444 | 91.444 |
|   1   | 84.783 | 98.989 | 99.596 | 91.492 | 91.492 |
|   2   | 84.681 | 98.888 | 99.494 | 91.405 | 91.405 |
|   3   | 84.631 | 98.787 | 99.494 | 91.337 | 91.337 |
|   4   | 84.530 | 98.736 | 99.393 | 91.273 | 91.273 |
|   5   | 84.479 | 98.686 | 99.343 | 91.250 | 91.250 |
|   6   | 84.479 | 98.584 | 99.242 | 91.200 | 91.200 |
|   7   | 84.378 | 98.584 | 99.191 | 91.128 | 91.128 |
|   8   | 84.378 | 98.635 | 99.242 | 91.137 | 91.137 |
|   9   | 84.429 | 98.686 | 99.141 | 91.152 | 91.152 |
|   10  | 84.530 | 98.686 | 99.191 | 91.206 | 91.206 |
|   11  | 84.378 | 98.686 | 99.141 | 91.130 | 91.130 |
|   12  | 84.328 | 98.686 | 99.191 | 91.113 | 91.113 |
|   13  | 84.328 | 98.686 | 99.191 | 91.117 | 91.117 |
|   14  | 84.277 | 98.686 | 99.191 | 91.093 | 91.093 |
|   15  | 84.328 | 98.686 | 99.191 | 91.117 | 91.117 |
|   16  | 84.378 | 98.686 | 99.191 | 91.134 | 91.134 |
|   17  | 84.429 | 98.686 | 99.191 | 91.181 | 91.181 |
|   18  | 84.429 | 98.686 | 99.191 | 91.181 | 91.181 |
|   19  | 84.429 | 98.686 | 99.191 | 91.181 | 91.181 |
|   20  | 84.429 | 98.686 | 99.191 | 91.181 | 91.181 |
|   21  | 84.479 | 98.686 | 99.191 | 91.206 | 91.206 |
|   22  | 84.479 | 98.686 | 99.191 | 91.207 | 91.207 |
|   23  | 84.479 | 98.686 | 99.191 | 91.207 | 91.207 |
|   24  | 84.479 | 98.686 | 99.191 | 91.207 | 91.207 |
|   25  | 84.479 | 98.686 | 99.191 | 91.207 | 91.207 |
|   26  | 84.479 | 98.686 | 99.191 | 91.206 | 91.206 |
|   27  | 84.429 | 98.686 | 99.191 | 91.173 | 91.173 |
|   28  | 84.429 | 98.686 | 99.191 | 91.173 | 91.173 |
+-------+--------+--------+--------+--------+--------+
     logs:  {'epo': 28, 'R1': np.float32(84.429), 'R5': np.float32(98.686), 'R10': np.float32(99.191), 'mAP': np.float32(91.173), 'mINP': np.float32(91.173), 'lr': 2e-06, 'entropy': 0.121302, 'loss': 0.121302}
      TTA Epoch: [29] [ 0/39]  eta: 0:00:16  lr: 0.000001  entropy: 0.1022  loss: 0.1022  time: 0.4321  data: 0.3815  max mem: 2671
      TTA Epoch: [29] [38/39]  eta: 0:00:00  lr: 0.000001  entropy: 0.1200  loss: 0.1200  time: 0.0305  data: 0.0001  max mem: 2671
      TTA Epoch: [29] Total time: 0:00:01 (0.0416 s / it)
     Averaged stats: lr: 0.0000  entropy: 0.1225  loss: 0.1225
     Computing matching score
      Evaluation: [   0/1978]  eta: 0:01:28    time: 0.0446  data: 0.0024  max mem: 2671
      Evaluation: [ 100/1978]  eta: 0:01:16    time: 0.0403  data: 0.0000  max mem: 2671
      Evaluation: [ 200/1978]  eta: 0:01:12    time: 0.0409  data: 0.0000  max mem: 2671
      Evaluation: [ 300/1978]  eta: 0:01:08    time: 0.0410  data: 0.0000  max mem: 2671
      Evaluation: [ 400/1978]  eta: 0:01:04    time: 0.0410  data: 0.0000  max mem: 2671
      Evaluation: [ 500/1978]  eta: 0:01:00    time: 0.0409  data: 0.0000  max mem: 2671
      Evaluation: [ 600/1978]  eta: 0:00:56    time: 0.0420  data: 0.0000  max mem: 2671
      Evaluation: [ 700/1978]  eta: 0:00:52    time: 0.0419  data: 0.0000  max mem: 2671
      Evaluation: [ 800/1978]  eta: 0:00:48    time: 0.0441  data: 0.0000  max mem: 2671
      Evaluation: [ 900/1978]  eta: 0:00:44    time: 0.0421  data: 0.0000  max mem: 2671
      Evaluation: [1000/1978]  eta: 0:00:41    time: 0.0462  data: 0.0000  max mem: 2671
      Evaluation: [1100/1978]  eta: 0:00:37    time: 0.0523  data: 0.0000  max mem: 2671
      Evaluation: [1200/1978]  eta: 0:00:32    time: 0.0404  data: 0.0000  max mem: 2671
      Evaluation: [1300/1978]  eta: 0:00:28    time: 0.0409  data: 0.0000  max mem: 2671
      Evaluation: [1400/1978]  eta: 0:00:24    time: 0.0412  data: 0.0000  max mem: 2671
      Evaluation: [1500/1978]  eta: 0:00:20    time: 0.0416  data: 0.0000  max mem: 2671
      Evaluation: [1600/1978]  eta: 0:00:15    time: 0.0407  data: 0.0000  max mem: 2671
      Evaluation: [1700/1978]  eta: 0:00:11    time: 0.0401  data: 0.0000  max mem: 2671
      Evaluation: [1800/1978]  eta: 0:00:07    time: 0.0402  data: 0.0000  max mem: 2671
      Evaluation: [1900/1978]  eta: 0:00:03    time: 0.0416  data: 0.0000  max mem: 2671
      Evaluation: [1977/1978]  eta: 0:00:00    time: 0.0416  data: 0.0000  max mem: 2671
      Evaluation: Total time: 0:01:22 (0.0418 s / it)
     Computing matching score time 0:01:22
### TTA ITM Score: 
+-------+--------+--------+--------+--------+--------+
| epoch |   R1   |   R5   |  R10   |  mAP   |  mINP  |
+-------+--------+--------+--------+--------+--------+
|  -999 | 69.414 | 95.197 | 97.776 | 81.233 | 81.233 |
|  -999 | 84.277 | 99.039 | 99.596 | 91.276 | 91.276 |
|   0   | 84.631 | 99.039 | 99.596 | 91.444 | 91.444 |
|   1   | 84.783 | 98.989 | 99.596 | 91.492 | 91.492 |
|   2   | 84.681 | 98.888 | 99.494 | 91.405 | 91.405 |
|   3   | 84.631 | 98.787 | 99.494 | 91.337 | 91.337 |
|   4   | 84.530 | 98.736 | 99.393 | 91.273 | 91.273 |
|   5   | 84.479 | 98.686 | 99.343 | 91.250 | 91.250 |
|   6   | 84.479 | 98.584 | 99.242 | 91.200 | 91.200 |
|   7   | 84.378 | 98.584 | 99.191 | 91.128 | 91.128 |
|   8   | 84.378 | 98.635 | 99.242 | 91.137 | 91.137 |
|   9   | 84.429 | 98.686 | 99.141 | 91.152 | 91.152 |
|   10  | 84.530 | 98.686 | 99.191 | 91.206 | 91.206 |
|   11  | 84.378 | 98.686 | 99.141 | 91.130 | 91.130 |
|   12  | 84.328 | 98.686 | 99.191 | 91.113 | 91.113 |
|   13  | 84.328 | 98.686 | 99.191 | 91.117 | 91.117 |
|   14  | 84.277 | 98.686 | 99.191 | 91.093 | 91.093 |
|   15  | 84.328 | 98.686 | 99.191 | 91.117 | 91.117 |
|   16  | 84.378 | 98.686 | 99.191 | 91.134 | 91.134 |
|   17  | 84.429 | 98.686 | 99.191 | 91.181 | 91.181 |
|   18  | 84.429 | 98.686 | 99.191 | 91.181 | 91.181 |
|   19  | 84.429 | 98.686 | 99.191 | 91.181 | 91.181 |
|   20  | 84.429 | 98.686 | 99.191 | 91.181 | 91.181 |
|   21  | 84.479 | 98.686 | 99.191 | 91.206 | 91.206 |
|   22  | 84.479 | 98.686 | 99.191 | 91.207 | 91.207 |
|   23  | 84.479 | 98.686 | 99.191 | 91.207 | 91.207 |
|   24  | 84.479 | 98.686 | 99.191 | 91.207 | 91.207 |
|   25  | 84.479 | 98.686 | 99.191 | 91.207 | 91.207 |
|   26  | 84.479 | 98.686 | 99.191 | 91.206 | 91.206 |
|   27  | 84.429 | 98.686 | 99.191 | 91.173 | 91.173 |
|   28  | 84.429 | 98.686 | 99.191 | 91.173 | 91.173 |
|   29  | 84.429 | 98.686 | 99.191 | 91.173 | 91.173 |
+-------+--------+--------+--------+--------+--------+
     logs:  {'epo': 29, 'R1': np.float32(84.429), 'R5': np.float32(98.686), 'R10': np.float32(99.191), 'mAP': np.float32(91.173), 'mINP': np.float32(91.173), 'lr': 1e-06, 'entropy': 0.122464, 'loss': 0.122464}
### best epoch: 1
### Time 0:42:46
NNODES,  1
NODE_RANK,  0
MASTER_ADDR,  127.0.0.1
MASTER_PORT,  1612
NPROC_PER_NODE,  2
task:  tta_exp1.5
config:  configs/tta_exp1.5.yaml
output_dir:  output/tta_exp1.5/2025082205040
CUDA_VISIBLE_DEVICES=2 python3 tta.py --config configs/tta_exp1.5.yaml --task tta_exp1.5 --output_dir output/tta_exp1.5/2025082205040 --checkpoint checkpoint/cmp.pth --bs 0 --epo 0 --lr 0.0 --seed 42 --tta
