/home/jiahao/miniconda3/envs/cmp/lib/python3.10/site-packages/torch/functional.py:554: UserWarning: torch.meshgrid: in an upcoming release, it will be required to pass the indexing argument. (Triggered internally at /pytorch/aten/src/ATen/native/TensorShape.cpp:4322.)
  return _VF.meshgrid(tensors, **kwargs)  # type: ignore[attr-defined]
Not using distributed mode
### Hyper-parameters:
     seed: 42
     device: cuda
     output_dir: output/tta_exp0.1/2025081818400
     batch_size_tta: 32
     epochs: 30
     lr: 0.0001
### Creating test dataset
from data/PAB/annotation/test/attr.json loading 1978 data
test dataset -->    be_pose_img: True
     test_dataset: 1978
### Creating test dataloader
### be careful: func create_loader returns a list length of 1
     test_loader: 90
### Creating model
build_vision_encoder: load swin 224 x 224 ====>
missing_keys:  []
unexpected_keys:  ['head.weight', 'head.bias']
build_text_encoder: load bert ====>
missing_keys: ['bert.encoder.layer.10.crossattention.output.LayerNorm.bias', 'bert.encoder.layer.10.crossattention.output.LayerNorm.weight', 'bert.encoder.layer.10.crossattention.output.dense.bias', 'bert.encoder.layer.10.crossattention.output.dense.weight', 'bert.encoder.layer.10.crossattention.self.key.bias', 'bert.encoder.layer.10.crossattention.self.key.weight', 'bert.encoder.layer.10.crossattention.self.query.bias', 'bert.encoder.layer.10.crossattention.self.query.weight', 'bert.encoder.layer.10.crossattention.self.value.bias', 'bert.encoder.layer.10.crossattention.self.value.weight', 'bert.encoder.layer.11.crossattention.output.LayerNorm.bias', 'bert.encoder.layer.11.crossattention.output.LayerNorm.weight', 'bert.encoder.layer.11.crossattention.output.dense.bias', 'bert.encoder.layer.11.crossattention.output.dense.weight', 'bert.encoder.layer.11.crossattention.self.key.bias', 'bert.encoder.layer.11.crossattention.self.key.weight', 'bert.encoder.layer.11.crossattention.self.query.bias', 'bert.encoder.layer.11.crossattention.self.query.weight', 'bert.encoder.layer.11.crossattention.self.value.bias', 'bert.encoder.layer.11.crossattention.self.value.weight', 'bert.encoder.layer.6.crossattention.output.LayerNorm.bias', 'bert.encoder.layer.6.crossattention.output.LayerNorm.weight', 'bert.encoder.layer.6.crossattention.output.dense.bias', 'bert.encoder.layer.6.crossattention.output.dense.weight', 'bert.encoder.layer.6.crossattention.self.key.bias', 'bert.encoder.layer.6.crossattention.self.key.weight', 'bert.encoder.layer.6.crossattention.self.query.bias', 'bert.encoder.layer.6.crossattention.self.query.weight', 'bert.encoder.layer.6.crossattention.self.value.bias', 'bert.encoder.layer.6.crossattention.self.value.weight', 'bert.encoder.layer.7.crossattention.output.LayerNorm.bias', 'bert.encoder.layer.7.crossattention.output.LayerNorm.weight', 'bert.encoder.layer.7.crossattention.output.dense.bias', 'bert.encoder.layer.7.crossattention.output.dense.weight', 'bert.encoder.layer.7.crossattention.self.key.bias', 'bert.encoder.layer.7.crossattention.self.key.weight', 'bert.encoder.layer.7.crossattention.self.query.bias', 'bert.encoder.layer.7.crossattention.self.query.weight', 'bert.encoder.layer.7.crossattention.self.value.bias', 'bert.encoder.layer.7.crossattention.self.value.weight', 'bert.encoder.layer.8.crossattention.output.LayerNorm.bias', 'bert.encoder.layer.8.crossattention.output.LayerNorm.weight', 'bert.encoder.layer.8.crossattention.output.dense.bias', 'bert.encoder.layer.8.crossattention.output.dense.weight', 'bert.encoder.layer.8.crossattention.self.key.bias', 'bert.encoder.layer.8.crossattention.self.key.weight', 'bert.encoder.layer.8.crossattention.self.query.bias', 'bert.encoder.layer.8.crossattention.self.query.weight', 'bert.encoder.layer.8.crossattention.self.value.bias', 'bert.encoder.layer.8.crossattention.self.value.weight', 'bert.encoder.layer.9.crossattention.output.LayerNorm.bias', 'bert.encoder.layer.9.crossattention.output.LayerNorm.weight', 'bert.encoder.layer.9.crossattention.output.dense.bias', 'bert.encoder.layer.9.crossattention.output.dense.weight', 'bert.encoder.layer.9.crossattention.self.key.bias', 'bert.encoder.layer.9.crossattention.self.key.weight', 'bert.encoder.layer.9.crossattention.self.query.bias', 'bert.encoder.layer.9.crossattention.self.query.weight', 'bert.encoder.layer.9.crossattention.self.value.bias', 'bert.encoder.layer.9.crossattention.self.value.weight']
unexpected_keys: ['cls.seq_relationship.bias', 'cls.seq_relationship.weight']
mismatched_keys: []
error_msgs: []
Label Smooth: 0.2
pose_conv
load checkpoint from checkpoint/cmp.pth
missing_keys:  []
unexpected_keys:  []
     Total Params:  254264216
### Inference ITC similiarity matrix
     Computing text features for evaluation
     Computing image features for evaluation
     Computing features time 0:00:16
### Zero-Shot Score: 
+-------+--------+--------+--------+--------+--------+
| epoch |   R1   |   R5   |  R10   |  mAP   |  mINP  |
+-------+--------+--------+--------+--------+--------+
|  -999 | 69.414 | 95.197 | 97.776 | 81.233 | 81.233 |
|  -999 | 84.277 | 99.039 | 99.596 | 91.276 | 91.276 |
+-------+--------+--------+--------+--------+--------+
### TTA:
### Creating tta dataset
     tta_dataset: 1978
### Creating tta dataloader
### be careful: func create_loader returns a list length of 1
     tta_loader: 61
### Configure adapted weights
     lr:  0.0001    lr_mult:  2
     model has 'init_params',  386
     num_tta_steps:  1860
     num_warmup_steps:  100
     sched: step
/home/jiahao/task/CMP/tta.py:179: FutureWarning: `torch.cuda.amp.GradScaler(args...)` is deprecated. Please use `torch.amp.GradScaler('cuda', args...)` instead.
  scaler = GradScaler()  # bf16
### Start ITM Test Time Adaptation
      TTA Epoch: [0] [ 0/61]  eta: 0:01:08  lr: 0.000001  entropy: 0.4420  loss: 0.4420  time: 1.1188  data: 0.5522  max mem: 3217
      TTA Epoch: [0] [60/61]  eta: 0:00:00  lr: 0.000061  entropy: 0.3034  loss: 0.3034  time: 0.0569  data: 0.0001  max mem: 3246
      TTA Epoch: [0] Total time: 0:00:04 (0.0753 s / it)
     Averaged stats: lr: 0.0000  entropy: 0.3598  loss: 0.3598
     Computing matching score
      Evaluation: [   0/1978]  eta: 0:02:58    time: 0.0902  data: 0.0028  max mem: 3246
      Evaluation: [ 100/1978]  eta: 0:01:54    time: 0.0615  data: 0.0000  max mem: 3246
      Evaluation: [ 200/1978]  eta: 0:01:48    time: 0.0617  data: 0.0000  max mem: 3246
      Evaluation: [ 300/1978]  eta: 0:01:43    time: 0.0618  data: 0.0000  max mem: 3246
      Evaluation: [ 400/1978]  eta: 0:01:37    time: 0.0619  data: 0.0000  max mem: 3246
      Evaluation: [ 500/1978]  eta: 0:01:31    time: 0.0619  data: 0.0000  max mem: 3246
      Evaluation: [ 600/1978]  eta: 0:01:25    time: 0.0620  data: 0.0000  max mem: 3246
      Evaluation: [ 700/1978]  eta: 0:01:18    time: 0.0622  data: 0.0000  max mem: 3246
      Evaluation: [ 800/1978]  eta: 0:01:12    time: 0.0623  data: 0.0000  max mem: 3246
      Evaluation: [ 900/1978]  eta: 0:01:06    time: 0.0622  data: 0.0000  max mem: 3246
      Evaluation: [1000/1978]  eta: 0:01:00    time: 0.0624  data: 0.0000  max mem: 3246
      Evaluation: [1100/1978]  eta: 0:00:54    time: 0.0623  data: 0.0000  max mem: 3246
      Evaluation: [1200/1978]  eta: 0:00:48    time: 0.0624  data: 0.0000  max mem: 3246
      Evaluation: [1300/1978]  eta: 0:00:42    time: 0.0626  data: 0.0000  max mem: 3246
      Evaluation: [1400/1978]  eta: 0:00:35    time: 0.0624  data: 0.0000  max mem: 3246
      Evaluation: [1500/1978]  eta: 0:00:29    time: 0.0626  data: 0.0000  max mem: 3246
      Evaluation: [1600/1978]  eta: 0:00:23    time: 0.0625  data: 0.0000  max mem: 3246
      Evaluation: [1700/1978]  eta: 0:00:17    time: 0.0624  data: 0.0000  max mem: 3246
      Evaluation: [1800/1978]  eta: 0:00:11    time: 0.0625  data: 0.0000  max mem: 3246
      Evaluation: [1900/1978]  eta: 0:00:04    time: 0.0625  data: 0.0000  max mem: 3246
      Evaluation: [1977/1978]  eta: 0:00:00    time: 0.0626  data: 0.0000  max mem: 3246
      Evaluation: Total time: 0:02:03 (0.0622 s / it)
     Computing matching score time 0:02:03
### TTA ITM Score: 
+-------+--------+--------+--------+--------+--------+
| epoch |   R1   |   R5   |  R10   |  mAP   |  mINP  |
+-------+--------+--------+--------+--------+--------+
|  -999 | 69.414 | 95.197 | 97.776 | 81.233 | 81.233 |
|  -999 | 84.277 | 99.039 | 99.596 | 91.276 | 91.276 |
|   0   | 84.681 | 98.989 | 99.596 | 91.451 | 91.451 |
+-------+--------+--------+--------+--------+--------+
     logs:  {'epo': 0, 'R1': np.float32(84.681), 'R5': np.float32(98.989), 'R10': np.float32(99.596), 'mAP': np.float32(91.451), 'mINP': np.float32(91.451), 'lr': 3.1e-05, 'entropy': 0.35984, 'loss': 0.35984}
      TTA Epoch: [1] [ 0/61]  eta: 0:00:25  lr: 0.000062  entropy: 0.3196  loss: 0.3196  time: 0.4229  data: 0.3616  max mem: 3246
      TTA Epoch: [1] [60/61]  eta: 0:00:00  lr: 0.000099  entropy: 0.3644  loss: 0.3644  time: 0.0582  data: 0.0001  max mem: 3248
      TTA Epoch: [1] Total time: 0:00:04 (0.0667 s / it)
     Averaged stats: lr: 0.0001  entropy: 0.3215  loss: 0.3215
     Computing matching score
      Evaluation: [   0/1978]  eta: 0:00:21    time: 0.0107  data: 0.0031  max mem: 3248
      Evaluation: [ 100/1978]  eta: 0:01:56    time: 0.0624  data: 0.0000  max mem: 3248
      Evaluation: [ 200/1978]  eta: 0:01:50    time: 0.0625  data: 0.0000  max mem: 3248
      Evaluation: [ 300/1978]  eta: 0:01:44    time: 0.0625  data: 0.0000  max mem: 3248
      Evaluation: [ 400/1978]  eta: 0:01:38    time: 0.0626  data: 0.0000  max mem: 3248
      Evaluation: [ 500/1978]  eta: 0:01:32    time: 0.0626  data: 0.0000  max mem: 3248
      Evaluation: [ 600/1978]  eta: 0:01:26    time: 0.0629  data: 0.0000  max mem: 3248
      Evaluation: [ 700/1978]  eta: 0:01:19    time: 0.0626  data: 0.0000  max mem: 3248
      Evaluation: [ 800/1978]  eta: 0:01:13    time: 0.0626  data: 0.0000  max mem: 3248
      Evaluation: [ 900/1978]  eta: 0:01:07    time: 0.0626  data: 0.0000  max mem: 3248
      Evaluation: [1000/1978]  eta: 0:01:01    time: 0.0626  data: 0.0000  max mem: 3248
      Evaluation: [1100/1978]  eta: 0:00:54    time: 0.0626  data: 0.0000  max mem: 3248
      Evaluation: [1200/1978]  eta: 0:00:48    time: 0.0627  data: 0.0000  max mem: 3248
      Evaluation: [1300/1978]  eta: 0:00:42    time: 0.0627  data: 0.0000  max mem: 3248
      Evaluation: [1400/1978]  eta: 0:00:36    time: 0.0627  data: 0.0000  max mem: 3248
      Evaluation: [1500/1978]  eta: 0:00:29    time: 0.0628  data: 0.0000  max mem: 3248
      Evaluation: [1600/1978]  eta: 0:00:23    time: 0.0627  data: 0.0000  max mem: 3248
      Evaluation: [1700/1978]  eta: 0:00:17    time: 0.0627  data: 0.0000  max mem: 3248
      Evaluation: [1800/1978]  eta: 0:00:11    time: 0.0627  data: 0.0000  max mem: 3248
      Evaluation: [1900/1978]  eta: 0:00:04    time: 0.0627  data: 0.0000  max mem: 3248
      Evaluation: [1977/1978]  eta: 0:00:00    time: 0.0627  data: 0.0000  max mem: 3248
      Evaluation: Total time: 0:02:03 (0.0626 s / it)
     Computing matching score time 0:02:04
### TTA ITM Score: 
+-------+--------+--------+--------+--------+--------+
| epoch |   R1   |   R5   |  R10   |  mAP   |  mINP  |
+-------+--------+--------+--------+--------+--------+
|  -999 | 69.414 | 95.197 | 97.776 | 81.233 | 81.233 |
|  -999 | 84.277 | 99.039 | 99.596 | 91.276 | 91.276 |
|   0   | 84.681 | 98.989 | 99.596 | 91.451 | 91.451 |
|   1   | 84.681 | 98.888 | 99.494 | 91.410 | 91.410 |
+-------+--------+--------+--------+--------+--------+
     logs:  {'epo': 1, 'R1': np.float32(84.681), 'R5': np.float32(98.888), 'R10': np.float32(99.494), 'mAP': np.float32(91.41), 'mINP': np.float32(91.41), 'lr': 8.8e-05, 'entropy': 0.321538, 'loss': 0.321538}
      TTA Epoch: [2] [ 0/61]  eta: 0:00:25  lr: 0.000099  entropy: 0.3086  loss: 0.3086  time: 0.4177  data: 0.3393  max mem: 3248
      TTA Epoch: [2] [60/61]  eta: 0:00:00  lr: 0.000095  entropy: 0.2028  loss: 0.2028  time: 0.0581  data: 0.0001  max mem: 3248
      TTA Epoch: [2] Total time: 0:00:03 (0.0642 s / it)
     Averaged stats: lr: 0.0001  entropy: 0.2763  loss: 0.2763
     Computing matching score
      Evaluation: [   0/1978]  eta: 0:00:21    time: 0.0107  data: 0.0032  max mem: 3248
      Evaluation: [ 100/1978]  eta: 0:01:56    time: 0.0625  data: 0.0000  max mem: 3248
      Evaluation: [ 200/1978]  eta: 0:01:50    time: 0.0627  data: 0.0000  max mem: 3248
      Evaluation: [ 300/1978]  eta: 0:01:44    time: 0.0627  data: 0.0000  max mem: 3248
      Evaluation: [ 400/1978]  eta: 0:01:38    time: 0.0625  data: 0.0000  max mem: 3248
      Evaluation: [ 500/1978]  eta: 0:01:32    time: 0.0626  data: 0.0000  max mem: 3248
      Evaluation: [ 600/1978]  eta: 0:01:26    time: 0.0629  data: 0.0000  max mem: 3248
      Evaluation: [ 700/1978]  eta: 0:01:19    time: 0.0627  data: 0.0000  max mem: 3248
      Evaluation: [ 800/1978]  eta: 0:01:13    time: 0.0626  data: 0.0000  max mem: 3248
      Evaluation: [ 900/1978]  eta: 0:01:07    time: 0.0625  data: 0.0000  max mem: 3248
      Evaluation: [1000/1978]  eta: 0:01:01    time: 0.0625  data: 0.0000  max mem: 3248
      Evaluation: [1100/1978]  eta: 0:00:54    time: 0.0626  data: 0.0000  max mem: 3248
      Evaluation: [1200/1978]  eta: 0:00:48    time: 0.0625  data: 0.0000  max mem: 3248
      Evaluation: [1300/1978]  eta: 0:00:42    time: 0.0625  data: 0.0000  max mem: 3248
      Evaluation: [1400/1978]  eta: 0:00:36    time: 0.0625  data: 0.0000  max mem: 3248
      Evaluation: [1500/1978]  eta: 0:00:29    time: 0.0625  data: 0.0000  max mem: 3248
      Evaluation: [1600/1978]  eta: 0:00:23    time: 0.0624  data: 0.0000  max mem: 3248
      Evaluation: [1700/1978]  eta: 0:00:17    time: 0.0620  data: 0.0000  max mem: 3248
      Evaluation: [1800/1978]  eta: 0:00:11    time: 0.0625  data: 0.0000  max mem: 3248
      Evaluation: [1900/1978]  eta: 0:00:04    time: 0.0623  data: 0.0000  max mem: 3248
      Evaluation: [1977/1978]  eta: 0:00:00    time: 0.0624  data: 0.0000  max mem: 3248
      Evaluation: Total time: 0:02:03 (0.0626 s / it)
     Computing matching score time 0:02:04
### TTA ITM Score: 
+-------+--------+--------+--------+--------+--------+
| epoch |   R1   |   R5   |  R10   |  mAP   |  mINP  |
+-------+--------+--------+--------+--------+--------+
|  -999 | 69.414 | 95.197 | 97.776 | 81.233 | 81.233 |
|  -999 | 84.277 | 99.039 | 99.596 | 91.276 | 91.276 |
|   0   | 84.681 | 98.989 | 99.596 | 91.451 | 91.451 |
|   1   | 84.681 | 98.888 | 99.494 | 91.410 | 91.410 |
|   2   | 84.429 | 98.787 | 99.444 | 91.225 | 91.225 |
+-------+--------+--------+--------+--------+--------+
     logs:  {'epo': 2, 'R1': np.float32(84.429), 'R5': np.float32(98.787), 'R10': np.float32(99.444), 'mAP': np.float32(91.225), 'mINP': np.float32(91.225), 'lr': 9.7e-05, 'entropy': 0.27625, 'loss': 0.27625}
      TTA Epoch: [3] [ 0/61]  eta: 0:00:25  lr: 0.000095  entropy: 0.3086  loss: 0.3086  time: 0.4113  data: 0.3484  max mem: 3248
      TTA Epoch: [3] [60/61]  eta: 0:00:00  lr: 0.000092  entropy: 0.3401  loss: 0.3401  time: 0.0572  data: 0.0001  max mem: 3248
      TTA Epoch: [3] Total time: 0:00:03 (0.0632 s / it)
     Averaged stats: lr: 0.0001  entropy: 0.2468  loss: 0.2468
     Computing matching score
      Evaluation: [   0/1978]  eta: 0:00:23    time: 0.0119  data: 0.0026  max mem: 3248
      Evaluation: [ 100/1978]  eta: 0:01:55    time: 0.0622  data: 0.0000  max mem: 3248
      Evaluation: [ 200/1978]  eta: 0:01:50    time: 0.0618  data: 0.0000  max mem: 3248
      Evaluation: [ 300/1978]  eta: 0:01:44    time: 0.0622  data: 0.0000  max mem: 3248
      Evaluation: [ 400/1978]  eta: 0:01:37    time: 0.0619  data: 0.0000  max mem: 3248
      Evaluation: [ 500/1978]  eta: 0:01:31    time: 0.0622  data: 0.0000  max mem: 3248
      Evaluation: [ 600/1978]  eta: 0:01:25    time: 0.0622  data: 0.0000  max mem: 3248
      Evaluation: [ 700/1978]  eta: 0:01:19    time: 0.0623  data: 0.0000  max mem: 3248
      Evaluation: [ 800/1978]  eta: 0:01:13    time: 0.0624  data: 0.0000  max mem: 3248
      Evaluation: [ 900/1978]  eta: 0:01:07    time: 0.0621  data: 0.0000  max mem: 3248
      Evaluation: [1000/1978]  eta: 0:01:00    time: 0.0622  data: 0.0000  max mem: 3248
      Evaluation: [1100/1978]  eta: 0:00:54    time: 0.0621  data: 0.0000  max mem: 3248
      Evaluation: [1200/1978]  eta: 0:00:48    time: 0.0622  data: 0.0000  max mem: 3248
      Evaluation: [1300/1978]  eta: 0:00:42    time: 0.0628  data: 0.0000  max mem: 3248
      Evaluation: [1400/1978]  eta: 0:00:35    time: 0.0622  data: 0.0000  max mem: 3248
      Evaluation: [1500/1978]  eta: 0:00:29    time: 0.0623  data: 0.0000  max mem: 3248
      Evaluation: [1600/1978]  eta: 0:00:23    time: 0.0622  data: 0.0000  max mem: 3248
      Evaluation: [1700/1978]  eta: 0:00:17    time: 0.0622  data: 0.0000  max mem: 3248
      Evaluation: [1800/1978]  eta: 0:00:11    time: 0.0625  data: 0.0000  max mem: 3248
      Evaluation: [1900/1978]  eta: 0:00:04    time: 0.0623  data: 0.0000  max mem: 3248
      Evaluation: [1977/1978]  eta: 0:00:00    time: 0.0622  data: 0.0000  max mem: 3248
      Evaluation: Total time: 0:02:03 (0.0622 s / it)
     Computing matching score time 0:02:03
### TTA ITM Score: 
+-------+--------+--------+--------+--------+--------+
| epoch |   R1   |   R5   |  R10   |  mAP   |  mINP  |
+-------+--------+--------+--------+--------+--------+
|  -999 | 69.414 | 95.197 | 97.776 | 81.233 | 81.233 |
|  -999 | 84.277 | 99.039 | 99.596 | 91.276 | 91.276 |
|   0   | 84.681 | 98.989 | 99.596 | 91.451 | 91.451 |
|   1   | 84.681 | 98.888 | 99.494 | 91.410 | 91.410 |
|   2   | 84.429 | 98.787 | 99.444 | 91.225 | 91.225 |
|   3   | 84.378 | 98.736 | 99.343 | 91.180 | 91.180 |
+-------+--------+--------+--------+--------+--------+
     logs:  {'epo': 3, 'R1': np.float32(84.378), 'R5': np.float32(98.736), 'R10': np.float32(99.343), 'mAP': np.float32(91.18), 'mINP': np.float32(91.18), 'lr': 9.4e-05, 'entropy': 0.246816, 'loss': 0.246816}
      TTA Epoch: [4] [ 0/61]  eta: 0:00:22  lr: 0.000092  entropy: 0.1796  loss: 0.1796  time: 0.3630  data: 0.2945  max mem: 3248
      TTA Epoch: [4] [60/61]  eta: 0:00:00  lr: 0.000088  entropy: 0.1989  loss: 0.1989  time: 0.0575  data: 0.0001  max mem: 3248
      TTA Epoch: [4] Total time: 0:00:03 (0.0623 s / it)
     Averaged stats: lr: 0.0001  entropy: 0.2229  loss: 0.2229
     Computing matching score
      Evaluation: [   0/1978]  eta: 0:00:18    time: 0.0096  data: 0.0021  max mem: 3248
      Evaluation: [ 100/1978]  eta: 0:01:55    time: 0.0621  data: 0.0000  max mem: 3248
      Evaluation: [ 200/1978]  eta: 0:01:49    time: 0.0622  data: 0.0000  max mem: 3248
      Evaluation: [ 300/1978]  eta: 0:01:43    time: 0.0622  data: 0.0000  max mem: 3248
      Evaluation: [ 400/1978]  eta: 0:01:37    time: 0.0622  data: 0.0000  max mem: 3248
      Evaluation: [ 500/1978]  eta: 0:01:31    time: 0.0623  data: 0.0000  max mem: 3248
      Evaluation: [ 600/1978]  eta: 0:01:25    time: 0.0623  data: 0.0000  max mem: 3248
      Evaluation: [ 700/1978]  eta: 0:01:19    time: 0.0622  data: 0.0000  max mem: 3248
      Evaluation: [ 800/1978]  eta: 0:01:13    time: 0.0623  data: 0.0000  max mem: 3248
      Evaluation: [ 900/1978]  eta: 0:01:07    time: 0.0625  data: 0.0000  max mem: 3248
      Evaluation: [1000/1978]  eta: 0:01:00    time: 0.0624  data: 0.0000  max mem: 3248
      Evaluation: [1100/1978]  eta: 0:00:54    time: 0.0623  data: 0.0000  max mem: 3248
      Evaluation: [1200/1978]  eta: 0:00:48    time: 0.0624  data: 0.0000  max mem: 3248
      Evaluation: [1300/1978]  eta: 0:00:42    time: 0.0624  data: 0.0000  max mem: 3248
      Evaluation: [1400/1978]  eta: 0:00:35    time: 0.0624  data: 0.0000  max mem: 3248
      Evaluation: [1500/1978]  eta: 0:00:29    time: 0.0623  data: 0.0000  max mem: 3248
      Evaluation: [1600/1978]  eta: 0:00:23    time: 0.0625  data: 0.0000  max mem: 3248
      Evaluation: [1700/1978]  eta: 0:00:17    time: 0.0625  data: 0.0000  max mem: 3248
      Evaluation: [1800/1978]  eta: 0:00:11    time: 0.0621  data: 0.0000  max mem: 3248
      Evaluation: [1900/1978]  eta: 0:00:04    time: 0.0625  data: 0.0000  max mem: 3248
      Evaluation: [1977/1978]  eta: 0:00:00    time: 0.0627  data: 0.0000  max mem: 3248
      Evaluation: Total time: 0:02:03 (0.0624 s / it)
     Computing matching score time 0:02:03
### TTA ITM Score: 
+-------+--------+--------+--------+--------+--------+
| epoch |   R1   |   R5   |  R10   |  mAP   |  mINP  |
+-------+--------+--------+--------+--------+--------+
|  -999 | 69.414 | 95.197 | 97.776 | 81.233 | 81.233 |
|  -999 | 84.277 | 99.039 | 99.596 | 91.276 | 91.276 |
|   0   | 84.681 | 98.989 | 99.596 | 91.451 | 91.451 |
|   1   | 84.681 | 98.888 | 99.494 | 91.410 | 91.410 |
|   2   | 84.429 | 98.787 | 99.444 | 91.225 | 91.225 |
|   3   | 84.378 | 98.736 | 99.343 | 91.180 | 91.180 |
|   4   | 84.429 | 98.584 | 99.343 | 91.187 | 91.187 |
+-------+--------+--------+--------+--------+--------+
     logs:  {'epo': 4, 'R1': np.float32(84.429), 'R5': np.float32(98.584), 'R10': np.float32(99.343), 'mAP': np.float32(91.187), 'mINP': np.float32(91.187), 'lr': 9e-05, 'entropy': 0.22292, 'loss': 0.22292}
      TTA Epoch: [5] [ 0/61]  eta: 0:00:42  lr: 0.000088  entropy: 0.1593  loss: 0.1593  time: 0.7018  data: 0.6173  max mem: 3248
      TTA Epoch: [5] [60/61]  eta: 0:00:00  lr: 0.000085  entropy: 0.2075  loss: 0.2075  time: 0.0687  data: 0.0052  max mem: 3248
      TTA Epoch: [5] Total time: 0:00:04 (0.0772 s / it)
     Averaged stats: lr: 0.0001  entropy: 0.2067  loss: 0.2067
     Computing matching score
      Evaluation: [   0/1978]  eta: 0:00:21    time: 0.0107  data: 0.0031  max mem: 3248
      Evaluation: [ 100/1978]  eta: 0:01:56    time: 0.0622  data: 0.0000  max mem: 3248
      Evaluation: [ 200/1978]  eta: 0:01:50    time: 0.0623  data: 0.0000  max mem: 3248
      Evaluation: [ 300/1978]  eta: 0:01:44    time: 0.0630  data: 0.0000  max mem: 3248
      Evaluation: [ 400/1978]  eta: 0:01:38    time: 0.0624  data: 0.0000  max mem: 3248
      Evaluation: [ 500/1978]  eta: 0:01:32    time: 0.0624  data: 0.0000  max mem: 3248
      Evaluation: [ 600/1978]  eta: 0:01:25    time: 0.0624  data: 0.0000  max mem: 3248
      Evaluation: [ 700/1978]  eta: 0:01:19    time: 0.0624  data: 0.0000  max mem: 3248
      Evaluation: [ 800/1978]  eta: 0:01:13    time: 0.0625  data: 0.0000  max mem: 3248
      Evaluation: [ 900/1978]  eta: 0:01:07    time: 0.0626  data: 0.0000  max mem: 3248
      Evaluation: [1000/1978]  eta: 0:01:01    time: 0.0626  data: 0.0000  max mem: 3248
      Evaluation: [1100/1978]  eta: 0:00:54    time: 0.0628  data: 0.0000  max mem: 3248
      Evaluation: [1200/1978]  eta: 0:00:48    time: 0.0626  data: 0.0000  max mem: 3248
      Evaluation: [1300/1978]  eta: 0:00:42    time: 0.0625  data: 0.0000  max mem: 3248
      Evaluation: [1400/1978]  eta: 0:00:36    time: 0.0626  data: 0.0000  max mem: 3248
      Evaluation: [1500/1978]  eta: 0:00:29    time: 0.0626  data: 0.0000  max mem: 3248
      Evaluation: [1600/1978]  eta: 0:00:23    time: 0.0626  data: 0.0000  max mem: 3248
      Evaluation: [1700/1978]  eta: 0:00:17    time: 0.0626  data: 0.0000  max mem: 3248
      Evaluation: [1800/1978]  eta: 0:00:11    time: 0.0627  data: 0.0000  max mem: 3248
      Evaluation: [1900/1978]  eta: 0:00:04    time: 0.0627  data: 0.0000  max mem: 3248
      Evaluation: [1977/1978]  eta: 0:00:00    time: 0.0628  data: 0.0000  max mem: 3248
      Evaluation: Total time: 0:02:03 (0.0625 s / it)
     Computing matching score time 0:02:03
### TTA ITM Score: 
+-------+--------+--------+--------+--------+--------+
| epoch |   R1   |   R5   |  R10   |  mAP   |  mINP  |
+-------+--------+--------+--------+--------+--------+
|  -999 | 69.414 | 95.197 | 97.776 | 81.233 | 81.233 |
|  -999 | 84.277 | 99.039 | 99.596 | 91.276 | 91.276 |
|   0   | 84.681 | 98.989 | 99.596 | 91.451 | 91.451 |
|   1   | 84.681 | 98.888 | 99.494 | 91.410 | 91.410 |
|   2   | 84.429 | 98.787 | 99.444 | 91.225 | 91.225 |
|   3   | 84.378 | 98.736 | 99.343 | 91.180 | 91.180 |
|   4   | 84.429 | 98.584 | 99.343 | 91.187 | 91.187 |
|   5   | 84.580 | 98.584 | 99.242 | 91.252 | 91.252 |
+-------+--------+--------+--------+--------+--------+
     logs:  {'epo': 5, 'R1': np.float32(84.58), 'R5': np.float32(98.584), 'R10': np.float32(99.242), 'mAP': np.float32(91.252), 'mINP': np.float32(91.252), 'lr': 8.7e-05, 'entropy': 0.206723, 'loss': 0.206723}
      TTA Epoch: [6] [ 0/61]  eta: 0:00:26  lr: 0.000085  entropy: 0.1850  loss: 0.1850  time: 0.4389  data: 0.3740  max mem: 3248
      TTA Epoch: [6] [60/61]  eta: 0:00:00  lr: 0.000041  entropy: 0.2576  loss: 0.2576  time: 0.0585  data: 0.0001  max mem: 3248
      TTA Epoch: [6] Total time: 0:00:03 (0.0652 s / it)
     Averaged stats: lr: 0.0001  entropy: 0.1941  loss: 0.1941
     Computing matching score
      Evaluation: [   0/1978]  eta: 0:00:22    time: 0.0112  data: 0.0032  max mem: 3248
      Evaluation: [ 100/1978]  eta: 0:01:56    time: 0.0625  data: 0.0000  max mem: 3248
      Evaluation: [ 200/1978]  eta: 0:01:50    time: 0.0628  data: 0.0000  max mem: 3248
      Evaluation: [ 300/1978]  eta: 0:01:44    time: 0.0623  data: 0.0000  max mem: 3248
      Evaluation: [ 400/1978]  eta: 0:01:38    time: 0.0626  data: 0.0000  max mem: 3248
      Evaluation: [ 500/1978]  eta: 0:01:32    time: 0.0625  data: 0.0000  max mem: 3248
      Evaluation: [ 600/1978]  eta: 0:01:26    time: 0.0625  data: 0.0000  max mem: 3248
      Evaluation: [ 700/1978]  eta: 0:01:19    time: 0.0625  data: 0.0000  max mem: 3248
      Evaluation: [ 800/1978]  eta: 0:01:13    time: 0.0625  data: 0.0000  max mem: 3248
      Evaluation: [ 900/1978]  eta: 0:01:07    time: 0.0625  data: 0.0000  max mem: 3248
      Evaluation: [1000/1978]  eta: 0:01:01    time: 0.0625  data: 0.0000  max mem: 3248
      Evaluation: [1100/1978]  eta: 0:00:54    time: 0.0625  data: 0.0000  max mem: 3248
      Evaluation: [1200/1978]  eta: 0:00:48    time: 0.0626  data: 0.0000  max mem: 3248
      Evaluation: [1300/1978]  eta: 0:00:42    time: 0.0628  data: 0.0000  max mem: 3248
      Evaluation: [1400/1978]  eta: 0:00:36    time: 0.0626  data: 0.0000  max mem: 3248
      Evaluation: [1500/1978]  eta: 0:00:29    time: 0.0624  data: 0.0000  max mem: 3248
      Evaluation: [1600/1978]  eta: 0:00:23    time: 0.0624  data: 0.0000  max mem: 3248
      Evaluation: [1700/1978]  eta: 0:00:17    time: 0.0622  data: 0.0000  max mem: 3248
      Evaluation: [1800/1978]  eta: 0:00:11    time: 0.0624  data: 0.0000  max mem: 3248
      Evaluation: [1900/1978]  eta: 0:00:04    time: 0.0624  data: 0.0000  max mem: 3248
      Evaluation: [1977/1978]  eta: 0:00:00    time: 0.0623  data: 0.0000  max mem: 3248
      Evaluation: Total time: 0:02:03 (0.0625 s / it)
     Computing matching score time 0:02:03
### TTA ITM Score: 
+-------+--------+--------+--------+--------+--------+
| epoch |   R1   |   R5   |  R10   |  mAP   |  mINP  |
+-------+--------+--------+--------+--------+--------+
|  -999 | 69.414 | 95.197 | 97.776 | 81.233 | 81.233 |
|  -999 | 84.277 | 99.039 | 99.596 | 91.276 | 91.276 |
|   0   | 84.681 | 98.989 | 99.596 | 91.451 | 91.451 |
|   1   | 84.681 | 98.888 | 99.494 | 91.410 | 91.410 |
|   2   | 84.429 | 98.787 | 99.444 | 91.225 | 91.225 |
|   3   | 84.378 | 98.736 | 99.343 | 91.180 | 91.180 |
|   4   | 84.429 | 98.584 | 99.343 | 91.187 | 91.187 |
|   5   | 84.580 | 98.584 | 99.242 | 91.252 | 91.252 |
|   6   | 84.580 | 98.635 | 99.242 | 91.235 | 91.235 |
+-------+--------+--------+--------+--------+--------+
     logs:  {'epo': 6, 'R1': np.float32(84.58), 'R5': np.float32(98.635), 'R10': np.float32(99.242), 'mAP': np.float32(91.235), 'mINP': np.float32(91.235), 'lr': 6.4e-05, 'entropy': 0.194118, 'loss': 0.194118}
      TTA Epoch: [7] [ 0/61]  eta: 0:00:32  lr: 0.000041  entropy: 0.2547  loss: 0.2547  time: 0.5249  data: 0.4466  max mem: 3248
      TTA Epoch: [7] [60/61]  eta: 0:00:00  lr: 0.000039  entropy: 0.1621  loss: 0.1621  time: 0.0583  data: 0.0001  max mem: 3248
      TTA Epoch: [7] Total time: 0:00:04 (0.0667 s / it)
     Averaged stats: lr: 0.0000  entropy: 0.1861  loss: 0.1861
     Computing matching score
      Evaluation: [   0/1978]  eta: 0:00:20    time: 0.0104  data: 0.0026  max mem: 3248
      Evaluation: [ 100/1978]  eta: 0:01:55    time: 0.0621  data: 0.0000  max mem: 3248
      Evaluation: [ 200/1978]  eta: 0:01:50    time: 0.0622  data: 0.0000  max mem: 3248
      Evaluation: [ 300/1978]  eta: 0:01:43    time: 0.0622  data: 0.0000  max mem: 3248
      Evaluation: [ 400/1978]  eta: 0:01:37    time: 0.0625  data: 0.0000  max mem: 3248
      Evaluation: [ 500/1978]  eta: 0:01:31    time: 0.0621  data: 0.0000  max mem: 3248
      Evaluation: [ 600/1978]  eta: 0:01:25    time: 0.0621  data: 0.0000  max mem: 3248
      Evaluation: [ 700/1978]  eta: 0:01:19    time: 0.0622  data: 0.0000  max mem: 3248
      Evaluation: [ 800/1978]  eta: 0:01:13    time: 0.0622  data: 0.0000  max mem: 3248
      Evaluation: [ 900/1978]  eta: 0:01:06    time: 0.0618  data: 0.0000  max mem: 3248
      Evaluation: [1000/1978]  eta: 0:01:00    time: 0.0622  data: 0.0000  max mem: 3248
      Evaluation: [1100/1978]  eta: 0:00:54    time: 0.0622  data: 0.0000  max mem: 3248
      Evaluation: [1200/1978]  eta: 0:00:48    time: 0.0622  data: 0.0000  max mem: 3248
      Evaluation: [1300/1978]  eta: 0:00:42    time: 0.0621  data: 0.0000  max mem: 3248
      Evaluation: [1400/1978]  eta: 0:00:35    time: 0.0621  data: 0.0000  max mem: 3248
      Evaluation: [1500/1978]  eta: 0:00:29    time: 0.0621  data: 0.0000  max mem: 3248
      Evaluation: [1600/1978]  eta: 0:00:23    time: 0.0623  data: 0.0000  max mem: 3248
      Evaluation: [1700/1978]  eta: 0:00:17    time: 0.0622  data: 0.0000  max mem: 3248
      Evaluation: [1800/1978]  eta: 0:00:11    time: 0.0621  data: 0.0000  max mem: 3248
      Evaluation: [1900/1978]  eta: 0:00:04    time: 0.0622  data: 0.0000  max mem: 3248
      Evaluation: [1977/1978]  eta: 0:00:00    time: 0.0622  data: 0.0000  max mem: 3248
      Evaluation: Total time: 0:02:02 (0.0622 s / it)
     Computing matching score time 0:02:03
### TTA ITM Score: 
+-------+--------+--------+--------+--------+--------+
| epoch |   R1   |   R5   |  R10   |  mAP   |  mINP  |
+-------+--------+--------+--------+--------+--------+
|  -999 | 69.414 | 95.197 | 97.776 | 81.233 | 81.233 |
|  -999 | 84.277 | 99.039 | 99.596 | 91.276 | 91.276 |
|   0   | 84.681 | 98.989 | 99.596 | 91.451 | 91.451 |
|   1   | 84.681 | 98.888 | 99.494 | 91.410 | 91.410 |
|   2   | 84.429 | 98.787 | 99.444 | 91.225 | 91.225 |
|   3   | 84.378 | 98.736 | 99.343 | 91.180 | 91.180 |
|   4   | 84.429 | 98.584 | 99.343 | 91.187 | 91.187 |
|   5   | 84.580 | 98.584 | 99.242 | 91.252 | 91.252 |
|   6   | 84.580 | 98.635 | 99.242 | 91.235 | 91.235 |
|   7   | 84.530 | 98.635 | 99.191 | 91.200 | 91.200 |
+-------+--------+--------+--------+--------+--------+
     logs:  {'epo': 7, 'R1': np.float32(84.53), 'R5': np.float32(98.635), 'R10': np.float32(99.191), 'mAP': np.float32(91.2), 'mINP': np.float32(91.2), 'lr': 4e-05, 'entropy': 0.186145, 'loss': 0.186145}
      TTA Epoch: [8] [ 0/61]  eta: 0:00:28  lr: 0.000039  entropy: 0.1230  loss: 0.1230  time: 0.4637  data: 0.3869  max mem: 3248
      TTA Epoch: [8] [60/61]  eta: 0:00:00  lr: 0.000037  entropy: 0.1125  loss: 0.1125  time: 0.0599  data: 0.0002  max mem: 3248
      TTA Epoch: [8] Total time: 0:00:04 (0.0665 s / it)
     Averaged stats: lr: 0.0000  entropy: 0.1813  loss: 0.1813
     Computing matching score
      Evaluation: [   0/1978]  eta: 0:00:21    time: 0.0106  data: 0.0031  max mem: 3248
      Evaluation: [ 100/1978]  eta: 0:01:55    time: 0.0621  data: 0.0000  max mem: 3248
      Evaluation: [ 200/1978]  eta: 0:01:49    time: 0.0622  data: 0.0000  max mem: 3248
      Evaluation: [ 300/1978]  eta: 0:01:43    time: 0.0622  data: 0.0000  max mem: 3248
      Evaluation: [ 400/1978]  eta: 0:01:37    time: 0.0621  data: 0.0000  max mem: 3248
      Evaluation: [ 500/1978]  eta: 0:01:31    time: 0.0623  data: 0.0000  max mem: 3248
      Evaluation: [ 600/1978]  eta: 0:01:25    time: 0.0625  data: 0.0000  max mem: 3248
      Evaluation: [ 700/1978]  eta: 0:01:19    time: 0.0623  data: 0.0000  max mem: 3248
      Evaluation: [ 800/1978]  eta: 0:01:13    time: 0.0623  data: 0.0000  max mem: 3248
      Evaluation: [ 900/1978]  eta: 0:01:07    time: 0.0623  data: 0.0000  max mem: 3248
      Evaluation: [1000/1978]  eta: 0:01:00    time: 0.0623  data: 0.0000  max mem: 3248
      Evaluation: [1100/1978]  eta: 0:00:54    time: 0.0623  data: 0.0000  max mem: 3248
      Evaluation: [1200/1978]  eta: 0:00:48    time: 0.0623  data: 0.0000  max mem: 3248
      Evaluation: [1300/1978]  eta: 0:00:42    time: 0.0624  data: 0.0000  max mem: 3248
      Evaluation: [1400/1978]  eta: 0:00:35    time: 0.0624  data: 0.0000  max mem: 3248
      Evaluation: [1500/1978]  eta: 0:00:29    time: 0.0625  data: 0.0000  max mem: 3248
      Evaluation: [1600/1978]  eta: 0:00:23    time: 0.0624  data: 0.0000  max mem: 3248
      Evaluation: [1700/1978]  eta: 0:00:17    time: 0.0624  data: 0.0000  max mem: 3248
      Evaluation: [1800/1978]  eta: 0:00:11    time: 0.0624  data: 0.0000  max mem: 3248
      Evaluation: [1900/1978]  eta: 0:00:04    time: 0.0624  data: 0.0000  max mem: 3248
      Evaluation: [1977/1978]  eta: 0:00:00    time: 0.0624  data: 0.0000  max mem: 3248
      Evaluation: Total time: 0:02:03 (0.0623 s / it)
     Computing matching score time 0:02:03
### TTA ITM Score: 
+-------+--------+--------+--------+--------+--------+
| epoch |   R1   |   R5   |  R10   |  mAP   |  mINP  |
+-------+--------+--------+--------+--------+--------+
|  -999 | 69.414 | 95.197 | 97.776 | 81.233 | 81.233 |
|  -999 | 84.277 | 99.039 | 99.596 | 91.276 | 91.276 |
|   0   | 84.681 | 98.989 | 99.596 | 91.451 | 91.451 |
|   1   | 84.681 | 98.888 | 99.494 | 91.410 | 91.410 |
|   2   | 84.429 | 98.787 | 99.444 | 91.225 | 91.225 |
|   3   | 84.378 | 98.736 | 99.343 | 91.180 | 91.180 |
|   4   | 84.429 | 98.584 | 99.343 | 91.187 | 91.187 |
|   5   | 84.580 | 98.584 | 99.242 | 91.252 | 91.252 |
|   6   | 84.580 | 98.635 | 99.242 | 91.235 | 91.235 |
|   7   | 84.530 | 98.635 | 99.191 | 91.200 | 91.200 |
|   8   | 84.429 | 98.635 | 99.191 | 91.128 | 91.128 |
+-------+--------+--------+--------+--------+--------+
     logs:  {'epo': 8, 'R1': np.float32(84.429), 'R5': np.float32(98.635), 'R10': np.float32(99.191), 'mAP': np.float32(91.128), 'mINP': np.float32(91.128), 'lr': 3.8e-05, 'entropy': 0.18128, 'loss': 0.18128}
      TTA Epoch: [9] [ 0/61]  eta: 0:00:25  lr: 0.000037  entropy: 0.1346  loss: 0.1346  time: 0.4177  data: 0.3530  max mem: 3248
      TTA Epoch: [9] [60/61]  eta: 0:00:00  lr: 0.000036  entropy: 0.1098  loss: 0.1098  time: 0.0580  data: 0.0001  max mem: 3248
      TTA Epoch: [9] Total time: 0:00:03 (0.0640 s / it)
     Averaged stats: lr: 0.0000  entropy: 0.1769  loss: 0.1769
     Computing matching score
      Evaluation: [   0/1978]  eta: 0:00:19    time: 0.0098  data: 0.0022  max mem: 3248
      Evaluation: [ 100/1978]  eta: 0:01:55    time: 0.0623  data: 0.0000  max mem: 3248
      Evaluation: [ 200/1978]  eta: 0:01:50    time: 0.0623  data: 0.0000  max mem: 3248
      Evaluation: [ 300/1978]  eta: 0:01:44    time: 0.0624  data: 0.0000  max mem: 3248
      Evaluation: [ 400/1978]  eta: 0:01:38    time: 0.0624  data: 0.0000  max mem: 3248
      Evaluation: [ 500/1978]  eta: 0:01:32    time: 0.0625  data: 0.0000  max mem: 3248
      Evaluation: [ 600/1978]  eta: 0:01:25    time: 0.0624  data: 0.0000  max mem: 3248
      Evaluation: [ 700/1978]  eta: 0:01:19    time: 0.0625  data: 0.0000  max mem: 3248
      Evaluation: [ 800/1978]  eta: 0:01:13    time: 0.0640  data: 0.0000  max mem: 3248
      Evaluation: [ 900/1978]  eta: 0:01:07    time: 0.0625  data: 0.0000  max mem: 3248
      Evaluation: [1000/1978]  eta: 0:01:01    time: 0.0624  data: 0.0000  max mem: 3248
      Evaluation: [1100/1978]  eta: 0:00:54    time: 0.0626  data: 0.0000  max mem: 3248
      Evaluation: [1200/1978]  eta: 0:00:48    time: 0.0626  data: 0.0000  max mem: 3248
      Evaluation: [1300/1978]  eta: 0:00:42    time: 0.0627  data: 0.0000  max mem: 3248
      Evaluation: [1400/1978]  eta: 0:00:36    time: 0.0627  data: 0.0000  max mem: 3248
      Evaluation: [1500/1978]  eta: 0:00:29    time: 0.0627  data: 0.0000  max mem: 3248
      Evaluation: [1600/1978]  eta: 0:00:23    time: 0.0627  data: 0.0000  max mem: 3248
      Evaluation: [1700/1978]  eta: 0:00:17    time: 0.0627  data: 0.0000  max mem: 3248
      Evaluation: [1800/1978]  eta: 0:00:11    time: 0.0627  data: 0.0000  max mem: 3248
      Evaluation: [1900/1978]  eta: 0:00:04    time: 0.0628  data: 0.0000  max mem: 3248
      Evaluation: [1977/1978]  eta: 0:00:00    time: 0.0627  data: 0.0000  max mem: 3248
      Evaluation: Total time: 0:02:03 (0.0626 s / it)
     Computing matching score time 0:02:04
### TTA ITM Score: 
+-------+--------+--------+--------+--------+--------+
| epoch |   R1   |   R5   |  R10   |  mAP   |  mINP  |
+-------+--------+--------+--------+--------+--------+
|  -999 | 69.414 | 95.197 | 97.776 | 81.233 | 81.233 |
|  -999 | 84.277 | 99.039 | 99.596 | 91.276 | 91.276 |
|   0   | 84.681 | 98.989 | 99.596 | 91.451 | 91.451 |
|   1   | 84.681 | 98.888 | 99.494 | 91.410 | 91.410 |
|   2   | 84.429 | 98.787 | 99.444 | 91.225 | 91.225 |
|   3   | 84.378 | 98.736 | 99.343 | 91.180 | 91.180 |
|   4   | 84.429 | 98.584 | 99.343 | 91.187 | 91.187 |
|   5   | 84.580 | 98.584 | 99.242 | 91.252 | 91.252 |
|   6   | 84.580 | 98.635 | 99.242 | 91.235 | 91.235 |
|   7   | 84.530 | 98.635 | 99.191 | 91.200 | 91.200 |
|   8   | 84.429 | 98.635 | 99.191 | 91.128 | 91.128 |
|   9   | 84.479 | 98.584 | 99.191 | 91.169 | 91.169 |
+-------+--------+--------+--------+--------+--------+
     logs:  {'epo': 9, 'R1': np.float32(84.479), 'R5': np.float32(98.584), 'R10': np.float32(99.191), 'mAP': np.float32(91.169), 'mINP': np.float32(91.169), 'lr': 3.6e-05, 'entropy': 0.176872, 'loss': 0.176872}
      TTA Epoch: [10] [ 0/61]  eta: 0:00:23  lr: 0.000035  entropy: 0.1393  loss: 0.1393  time: 0.3808  data: 0.2982  max mem: 3248
      TTA Epoch: [10] [60/61]  eta: 0:00:00  lr: 0.000034  entropy: 0.1921  loss: 0.1921  time: 0.0582  data: 0.0001  max mem: 3248
      TTA Epoch: [10] Total time: 0:00:03 (0.0639 s / it)
     Averaged stats: lr: 0.0000  entropy: 0.1714  loss: 0.1714
     Computing matching score
      Evaluation: [   0/1978]  eta: 0:00:22    time: 0.0116  data: 0.0025  max mem: 3248
      Evaluation: [ 100/1978]  eta: 0:01:56    time: 0.0625  data: 0.0000  max mem: 3248
      Evaluation: [ 200/1978]  eta: 0:01:50    time: 0.0627  data: 0.0000  max mem: 3248
      Evaluation: [ 300/1978]  eta: 0:01:44    time: 0.0626  data: 0.0000  max mem: 3248
      Evaluation: [ 400/1978]  eta: 0:01:38    time: 0.0626  data: 0.0000  max mem: 3248
      Evaluation: [ 500/1978]  eta: 0:01:32    time: 0.0626  data: 0.0000  max mem: 3248
      Evaluation: [ 600/1978]  eta: 0:01:26    time: 0.0626  data: 0.0000  max mem: 3248
      Evaluation: [ 700/1978]  eta: 0:01:19    time: 0.0626  data: 0.0000  max mem: 3248
      Evaluation: [ 800/1978]  eta: 0:01:13    time: 0.0621  data: 0.0000  max mem: 3248
      Evaluation: [ 900/1978]  eta: 0:01:07    time: 0.0622  data: 0.0000  max mem: 3248
      Evaluation: [1000/1978]  eta: 0:01:01    time: 0.0626  data: 0.0000  max mem: 3248
      Evaluation: [1100/1978]  eta: 0:00:54    time: 0.0625  data: 0.0000  max mem: 3248
      Evaluation: [1200/1978]  eta: 0:00:48    time: 0.0625  data: 0.0000  max mem: 3248
      Evaluation: [1300/1978]  eta: 0:00:42    time: 0.0625  data: 0.0000  max mem: 3248
      Evaluation: [1400/1978]  eta: 0:00:36    time: 0.0624  data: 0.0000  max mem: 3248
      Evaluation: [1500/1978]  eta: 0:00:29    time: 0.0626  data: 0.0000  max mem: 3248
      Evaluation: [1600/1978]  eta: 0:00:23    time: 0.0625  data: 0.0000  max mem: 3248
      Evaluation: [1700/1978]  eta: 0:00:17    time: 0.0624  data: 0.0000  max mem: 3248
      Evaluation: [1800/1978]  eta: 0:00:11    time: 0.0625  data: 0.0000  max mem: 3248
      Evaluation: [1900/1978]  eta: 0:00:04    time: 0.0625  data: 0.0000  max mem: 3248
      Evaluation: [1977/1978]  eta: 0:00:00    time: 0.0625  data: 0.0000  max mem: 3248
      Evaluation: Total time: 0:02:03 (0.0625 s / it)
     Computing matching score time 0:02:03
### TTA ITM Score: 
+-------+--------+--------+--------+--------+--------+
| epoch |   R1   |   R5   |  R10   |  mAP   |  mINP  |
+-------+--------+--------+--------+--------+--------+
|  -999 | 69.414 | 95.197 | 97.776 | 81.233 | 81.233 |
|  -999 | 84.277 | 99.039 | 99.596 | 91.276 | 91.276 |
|   0   | 84.681 | 98.989 | 99.596 | 91.451 | 91.451 |
|   1   | 84.681 | 98.888 | 99.494 | 91.410 | 91.410 |
|   2   | 84.429 | 98.787 | 99.444 | 91.225 | 91.225 |
|   3   | 84.378 | 98.736 | 99.343 | 91.180 | 91.180 |
|   4   | 84.429 | 98.584 | 99.343 | 91.187 | 91.187 |
|   5   | 84.580 | 98.584 | 99.242 | 91.252 | 91.252 |
|   6   | 84.580 | 98.635 | 99.242 | 91.235 | 91.235 |
|   7   | 84.530 | 98.635 | 99.191 | 91.200 | 91.200 |
|   8   | 84.429 | 98.635 | 99.191 | 91.128 | 91.128 |
|   9   | 84.479 | 98.584 | 99.191 | 91.169 | 91.169 |
|   10  | 84.429 | 98.584 | 99.242 | 91.130 | 91.130 |
+-------+--------+--------+--------+--------+--------+
     logs:  {'epo': 10, 'R1': np.float32(84.429), 'R5': np.float32(98.584), 'R10': np.float32(99.242), 'mAP': np.float32(91.13), 'mINP': np.float32(91.13), 'lr': 3.5e-05, 'entropy': 0.171384, 'loss': 0.171384}
      TTA Epoch: [11] [ 0/61]  eta: 0:00:30  lr: 0.000034  entropy: 0.1621  loss: 0.1621  time: 0.5011  data: 0.4324  max mem: 3248
      TTA Epoch: [11] [60/61]  eta: 0:00:00  lr: 0.000013  entropy: 0.1836  loss: 0.1836  time: 0.0581  data: 0.0001  max mem: 3248
      TTA Epoch: [11] Total time: 0:00:04 (0.0665 s / it)
     Averaged stats: lr: 0.0000  entropy: 0.1671  loss: 0.1671
     Computing matching score
      Evaluation: [   0/1978]  eta: 0:00:24    time: 0.0122  data: 0.0036  max mem: 3248
      Evaluation: [ 100/1978]  eta: 0:01:56    time: 0.0625  data: 0.0000  max mem: 3248
      Evaluation: [ 200/1978]  eta: 0:01:50    time: 0.0622  data: 0.0000  max mem: 3248
      Evaluation: [ 300/1978]  eta: 0:01:44    time: 0.0622  data: 0.0000  max mem: 3248
      Evaluation: [ 400/1978]  eta: 0:01:38    time: 0.0622  data: 0.0000  max mem: 3248
      Evaluation: [ 500/1978]  eta: 0:01:31    time: 0.0622  data: 0.0000  max mem: 3248
      Evaluation: [ 600/1978]  eta: 0:01:25    time: 0.0622  data: 0.0000  max mem: 3248
      Evaluation: [ 700/1978]  eta: 0:01:19    time: 0.0622  data: 0.0000  max mem: 3248
      Evaluation: [ 800/1978]  eta: 0:01:13    time: 0.0622  data: 0.0000  max mem: 3248
      Evaluation: [ 900/1978]  eta: 0:01:07    time: 0.0622  data: 0.0000  max mem: 3248
      Evaluation: [1000/1978]  eta: 0:01:00    time: 0.0622  data: 0.0000  max mem: 3248
      Evaluation: [1100/1978]  eta: 0:00:54    time: 0.0622  data: 0.0000  max mem: 3248
      Evaluation: [1200/1978]  eta: 0:00:48    time: 0.0632  data: 0.0000  max mem: 3248
      Evaluation: [1300/1978]  eta: 0:00:42    time: 0.0622  data: 0.0000  max mem: 3248
      Evaluation: [1400/1978]  eta: 0:00:35    time: 0.0622  data: 0.0000  max mem: 3248
      Evaluation: [1500/1978]  eta: 0:00:29    time: 0.0621  data: 0.0000  max mem: 3248
      Evaluation: [1600/1978]  eta: 0:00:23    time: 0.0622  data: 0.0000  max mem: 3248
      Evaluation: [1700/1978]  eta: 0:00:17    time: 0.0622  data: 0.0000  max mem: 3248
      Evaluation: [1800/1978]  eta: 0:00:11    time: 0.0622  data: 0.0000  max mem: 3248
      Evaluation: [1900/1978]  eta: 0:00:04    time: 0.0622  data: 0.0000  max mem: 3248
      Evaluation: [1977/1978]  eta: 0:00:00    time: 0.0622  data: 0.0000  max mem: 3248
      Evaluation: Total time: 0:02:03 (0.0622 s / it)
     Computing matching score time 0:02:03
### TTA ITM Score: 
+-------+--------+--------+--------+--------+--------+
| epoch |   R1   |   R5   |  R10   |  mAP   |  mINP  |
+-------+--------+--------+--------+--------+--------+
|  -999 | 69.414 | 95.197 | 97.776 | 81.233 | 81.233 |
|  -999 | 84.277 | 99.039 | 99.596 | 91.276 | 91.276 |
|   0   | 84.681 | 98.989 | 99.596 | 91.451 | 91.451 |
|   1   | 84.681 | 98.888 | 99.494 | 91.410 | 91.410 |
|   2   | 84.429 | 98.787 | 99.444 | 91.225 | 91.225 |
|   3   | 84.378 | 98.736 | 99.343 | 91.180 | 91.180 |
|   4   | 84.429 | 98.584 | 99.343 | 91.187 | 91.187 |
|   5   | 84.580 | 98.584 | 99.242 | 91.252 | 91.252 |
|   6   | 84.580 | 98.635 | 99.242 | 91.235 | 91.235 |
|   7   | 84.530 | 98.635 | 99.191 | 91.200 | 91.200 |
|   8   | 84.429 | 98.635 | 99.191 | 91.128 | 91.128 |
|   9   | 84.479 | 98.584 | 99.191 | 91.169 | 91.169 |
|   10  | 84.429 | 98.584 | 99.242 | 91.130 | 91.130 |
|   11  | 84.429 | 98.584 | 99.191 | 91.122 | 91.122 |
+-------+--------+--------+--------+--------+--------+
     logs:  {'epo': 11, 'R1': np.float32(84.429), 'R5': np.float32(98.584), 'R10': np.float32(99.191), 'mAP': np.float32(91.122), 'mINP': np.float32(91.122), 'lr': 2.2e-05, 'entropy': 0.16707, 'loss': 0.16707}
      TTA Epoch: [12] [ 0/61]  eta: 0:00:29  lr: 0.000013  entropy: 0.1699  loss: 0.1699  time: 0.4811  data: 0.4047  max mem: 3248
      TTA Epoch: [12] [60/61]  eta: 0:00:00  lr: 0.000012  entropy: 0.2410  loss: 0.2410  time: 0.0574  data: 0.0001  max mem: 3248
      TTA Epoch: [12] Total time: 0:00:03 (0.0649 s / it)
     Averaged stats: lr: 0.0000  entropy: 0.1665  loss: 0.1665
     Computing matching score
      Evaluation: [   0/1978]  eta: 0:00:22    time: 0.0112  data: 0.0026  max mem: 3248
      Evaluation: [ 100/1978]  eta: 0:01:55    time: 0.0623  data: 0.0000  max mem: 3248
      Evaluation: [ 200/1978]  eta: 0:01:49    time: 0.0622  data: 0.0000  max mem: 3248
      Evaluation: [ 300/1978]  eta: 0:01:43    time: 0.0617  data: 0.0000  max mem: 3248
      Evaluation: [ 400/1978]  eta: 0:01:37    time: 0.0621  data: 0.0000  max mem: 3248
      Evaluation: [ 500/1978]  eta: 0:01:31    time: 0.0622  data: 0.0000  max mem: 3248
      Evaluation: [ 600/1978]  eta: 0:01:25    time: 0.0622  data: 0.0000  max mem: 3248
      Evaluation: [ 700/1978]  eta: 0:01:19    time: 0.0624  data: 0.0000  max mem: 3248
      Evaluation: [ 800/1978]  eta: 0:01:13    time: 0.0622  data: 0.0000  max mem: 3248
      Evaluation: [ 900/1978]  eta: 0:01:06    time: 0.0623  data: 0.0000  max mem: 3248
      Evaluation: [1000/1978]  eta: 0:01:00    time: 0.0623  data: 0.0000  max mem: 3248
      Evaluation: [1100/1978]  eta: 0:00:54    time: 0.0623  data: 0.0000  max mem: 3248
      Evaluation: [1200/1978]  eta: 0:00:48    time: 0.0623  data: 0.0000  max mem: 3248
      Evaluation: [1300/1978]  eta: 0:00:42    time: 0.0624  data: 0.0000  max mem: 3248
      Evaluation: [1400/1978]  eta: 0:00:35    time: 0.0623  data: 0.0000  max mem: 3248
      Evaluation: [1500/1978]  eta: 0:00:29    time: 0.0623  data: 0.0000  max mem: 3248
      Evaluation: [1600/1978]  eta: 0:00:23    time: 0.0623  data: 0.0000  max mem: 3248
      Evaluation: [1700/1978]  eta: 0:00:17    time: 0.0624  data: 0.0000  max mem: 3248
      Evaluation: [1800/1978]  eta: 0:00:11    time: 0.0624  data: 0.0000  max mem: 3248
      Evaluation: [1900/1978]  eta: 0:00:04    time: 0.0624  data: 0.0000  max mem: 3248
      Evaluation: [1977/1978]  eta: 0:00:00    time: 0.0624  data: 0.0000  max mem: 3248
      Evaluation: Total time: 0:02:03 (0.0623 s / it)
     Computing matching score time 0:02:03
### TTA ITM Score: 
+-------+--------+--------+--------+--------+--------+
| epoch |   R1   |   R5   |  R10   |  mAP   |  mINP  |
+-------+--------+--------+--------+--------+--------+
|  -999 | 69.414 | 95.197 | 97.776 | 81.233 | 81.233 |
|  -999 | 84.277 | 99.039 | 99.596 | 91.276 | 91.276 |
|   0   | 84.681 | 98.989 | 99.596 | 91.451 | 91.451 |
|   1   | 84.681 | 98.888 | 99.494 | 91.410 | 91.410 |
|   2   | 84.429 | 98.787 | 99.444 | 91.225 | 91.225 |
|   3   | 84.378 | 98.736 | 99.343 | 91.180 | 91.180 |
|   4   | 84.429 | 98.584 | 99.343 | 91.187 | 91.187 |
|   5   | 84.580 | 98.584 | 99.242 | 91.252 | 91.252 |
|   6   | 84.580 | 98.635 | 99.242 | 91.235 | 91.235 |
|   7   | 84.530 | 98.635 | 99.191 | 91.200 | 91.200 |
|   8   | 84.429 | 98.635 | 99.191 | 91.128 | 91.128 |
|   9   | 84.479 | 98.584 | 99.191 | 91.169 | 91.169 |
|   10  | 84.429 | 98.584 | 99.242 | 91.130 | 91.130 |
|   11  | 84.429 | 98.584 | 99.191 | 91.122 | 91.122 |
|   12  | 84.429 | 98.584 | 99.242 | 91.126 | 91.126 |
+-------+--------+--------+--------+--------+--------+
     logs:  {'epo': 12, 'R1': np.float32(84.429), 'R5': np.float32(98.584), 'R10': np.float32(99.242), 'mAP': np.float32(91.126), 'mINP': np.float32(91.126), 'lr': 1.2e-05, 'entropy': 0.166548, 'loss': 0.166548}
      TTA Epoch: [13] [ 0/61]  eta: 0:00:29  lr: 0.000012  entropy: 0.1215  loss: 0.1215  time: 0.4904  data: 0.4074  max mem: 3248
      TTA Epoch: [13] [60/61]  eta: 0:00:00  lr: 0.000011  entropy: 0.2032  loss: 0.2032  time: 0.0585  data: 0.0001  max mem: 3248
      TTA Epoch: [13] Total time: 0:00:04 (0.0665 s / it)
     Averaged stats: lr: 0.0000  entropy: 0.1641  loss: 0.1641
     Computing matching score
      Evaluation: [   0/1978]  eta: 0:00:21    time: 0.0108  data: 0.0029  max mem: 3248
      Evaluation: [ 100/1978]  eta: 0:01:55    time: 0.0623  data: 0.0000  max mem: 3248
      Evaluation: [ 200/1978]  eta: 0:01:50    time: 0.0624  data: 0.0000  max mem: 3248
      Evaluation: [ 300/1978]  eta: 0:01:44    time: 0.0627  data: 0.0000  max mem: 3248
      Evaluation: [ 400/1978]  eta: 0:01:38    time: 0.0624  data: 0.0000  max mem: 3248
      Evaluation: [ 500/1978]  eta: 0:01:32    time: 0.0624  data: 0.0000  max mem: 3248
      Evaluation: [ 600/1978]  eta: 0:01:25    time: 0.0624  data: 0.0000  max mem: 3248
      Evaluation: [ 700/1978]  eta: 0:01:19    time: 0.0625  data: 0.0000  max mem: 3248
      Evaluation: [ 800/1978]  eta: 0:01:13    time: 0.0625  data: 0.0000  max mem: 3248
      Evaluation: [ 900/1978]  eta: 0:01:07    time: 0.0624  data: 0.0000  max mem: 3248
      Evaluation: [1000/1978]  eta: 0:01:01    time: 0.0625  data: 0.0000  max mem: 3248
      Evaluation: [1100/1978]  eta: 0:00:54    time: 0.0625  data: 0.0000  max mem: 3248
      Evaluation: [1200/1978]  eta: 0:00:48    time: 0.0625  data: 0.0000  max mem: 3248
      Evaluation: [1300/1978]  eta: 0:00:42    time: 0.0626  data: 0.0000  max mem: 3248
      Evaluation: [1400/1978]  eta: 0:00:36    time: 0.0623  data: 0.0000  max mem: 3248
      Evaluation: [1500/1978]  eta: 0:00:29    time: 0.0626  data: 0.0000  max mem: 3248
      Evaluation: [1600/1978]  eta: 0:00:23    time: 0.0626  data: 0.0000  max mem: 3248
      Evaluation: [1700/1978]  eta: 0:00:17    time: 0.0626  data: 0.0000  max mem: 3248
      Evaluation: [1800/1978]  eta: 0:00:11    time: 0.0627  data: 0.0000  max mem: 3248
      Evaluation: [1900/1978]  eta: 0:00:04    time: 0.0626  data: 0.0000  max mem: 3248
      Evaluation: [1977/1978]  eta: 0:00:00    time: 0.0626  data: 0.0000  max mem: 3248
      Evaluation: Total time: 0:02:03 (0.0625 s / it)
     Computing matching score time 0:02:03
### TTA ITM Score: 
+-------+--------+--------+--------+--------+--------+
| epoch |   R1   |   R5   |  R10   |  mAP   |  mINP  |
+-------+--------+--------+--------+--------+--------+
|  -999 | 69.414 | 95.197 | 97.776 | 81.233 | 81.233 |
|  -999 | 84.277 | 99.039 | 99.596 | 91.276 | 91.276 |
|   0   | 84.681 | 98.989 | 99.596 | 91.451 | 91.451 |
|   1   | 84.681 | 98.888 | 99.494 | 91.410 | 91.410 |
|   2   | 84.429 | 98.787 | 99.444 | 91.225 | 91.225 |
|   3   | 84.378 | 98.736 | 99.343 | 91.180 | 91.180 |
|   4   | 84.429 | 98.584 | 99.343 | 91.187 | 91.187 |
|   5   | 84.580 | 98.584 | 99.242 | 91.252 | 91.252 |
|   6   | 84.580 | 98.635 | 99.242 | 91.235 | 91.235 |
|   7   | 84.530 | 98.635 | 99.191 | 91.200 | 91.200 |
|   8   | 84.429 | 98.635 | 99.191 | 91.128 | 91.128 |
|   9   | 84.479 | 98.584 | 99.191 | 91.169 | 91.169 |
|   10  | 84.429 | 98.584 | 99.242 | 91.130 | 91.130 |
|   11  | 84.429 | 98.584 | 99.191 | 91.122 | 91.122 |
|   12  | 84.429 | 98.584 | 99.242 | 91.126 | 91.126 |
|   13  | 84.479 | 98.584 | 99.242 | 91.152 | 91.152 |
+-------+--------+--------+--------+--------+--------+
     logs:  {'epo': 13, 'R1': np.float32(84.479), 'R5': np.float32(98.584), 'R10': np.float32(99.242), 'mAP': np.float32(91.152), 'mINP': np.float32(91.152), 'lr': 1.2e-05, 'entropy': 0.164061, 'loss': 0.164061}
      TTA Epoch: [14] [ 0/61]  eta: 0:00:25  lr: 0.000011  entropy: 0.1621  loss: 0.1621  time: 0.4261  data: 0.3625  max mem: 3248
      TTA Epoch: [14] [60/61]  eta: 0:00:00  lr: 0.000011  entropy: 0.1978  loss: 0.1978  time: 0.0584  data: 0.0001  max mem: 3248
      TTA Epoch: [14] Total time: 0:00:03 (0.0643 s / it)
     Averaged stats: lr: 0.0000  entropy: 0.1630  loss: 0.1630
     Computing matching score
      Evaluation: [   0/1978]  eta: 0:00:21    time: 0.0110  data: 0.0032  max mem: 3248
      Evaluation: [ 100/1978]  eta: 0:01:56    time: 0.0625  data: 0.0000  max mem: 3248
      Evaluation: [ 200/1978]  eta: 0:01:50    time: 0.0625  data: 0.0000  max mem: 3248
      Evaluation: [ 300/1978]  eta: 0:01:44    time: 0.0625  data: 0.0000  max mem: 3248
      Evaluation: [ 400/1978]  eta: 0:01:38    time: 0.0626  data: 0.0000  max mem: 3248
      Evaluation: [ 500/1978]  eta: 0:01:32    time: 0.0628  data: 0.0000  max mem: 3248
      Evaluation: [ 600/1978]  eta: 0:01:26    time: 0.0626  data: 0.0000  max mem: 3248
      Evaluation: [ 700/1978]  eta: 0:01:19    time: 0.0626  data: 0.0000  max mem: 3248
      Evaluation: [ 800/1978]  eta: 0:01:13    time: 0.0626  data: 0.0000  max mem: 3248
      Evaluation: [ 900/1978]  eta: 0:01:07    time: 0.0627  data: 0.0000  max mem: 3248
      Evaluation: [1000/1978]  eta: 0:01:01    time: 0.0624  data: 0.0000  max mem: 3248
      Evaluation: [1100/1978]  eta: 0:00:54    time: 0.0627  data: 0.0000  max mem: 3248
      Evaluation: [1200/1978]  eta: 0:00:48    time: 0.0627  data: 0.0000  max mem: 3248
      Evaluation: [1300/1978]  eta: 0:00:42    time: 0.0627  data: 0.0000  max mem: 3248
      Evaluation: [1400/1978]  eta: 0:00:36    time: 0.0627  data: 0.0000  max mem: 3248
      Evaluation: [1500/1978]  eta: 0:00:29    time: 0.0626  data: 0.0000  max mem: 3248
      Evaluation: [1600/1978]  eta: 0:00:23    time: 0.0630  data: 0.0000  max mem: 3248
      Evaluation: [1700/1978]  eta: 0:00:17    time: 0.0626  data: 0.0000  max mem: 3248
      Evaluation: [1800/1978]  eta: 0:00:11    time: 0.0627  data: 0.0000  max mem: 3248
      Evaluation: [1900/1978]  eta: 0:00:04    time: 0.0627  data: 0.0000  max mem: 3248
      Evaluation: [1977/1978]  eta: 0:00:00    time: 0.0627  data: 0.0000  max mem: 3248
      Evaluation: Total time: 0:02:03 (0.0626 s / it)
     Computing matching score time 0:02:04
### TTA ITM Score: 
+-------+--------+--------+--------+--------+--------+
| epoch |   R1   |   R5   |  R10   |  mAP   |  mINP  |
+-------+--------+--------+--------+--------+--------+
|  -999 | 69.414 | 95.197 | 97.776 | 81.233 | 81.233 |
|  -999 | 84.277 | 99.039 | 99.596 | 91.276 | 91.276 |
|   0   | 84.681 | 98.989 | 99.596 | 91.451 | 91.451 |
|   1   | 84.681 | 98.888 | 99.494 | 91.410 | 91.410 |
|   2   | 84.429 | 98.787 | 99.444 | 91.225 | 91.225 |
|   3   | 84.378 | 98.736 | 99.343 | 91.180 | 91.180 |
|   4   | 84.429 | 98.584 | 99.343 | 91.187 | 91.187 |
|   5   | 84.580 | 98.584 | 99.242 | 91.252 | 91.252 |
|   6   | 84.580 | 98.635 | 99.242 | 91.235 | 91.235 |
|   7   | 84.530 | 98.635 | 99.191 | 91.200 | 91.200 |
|   8   | 84.429 | 98.635 | 99.191 | 91.128 | 91.128 |
|   9   | 84.479 | 98.584 | 99.191 | 91.169 | 91.169 |
|   10  | 84.429 | 98.584 | 99.242 | 91.130 | 91.130 |
|   11  | 84.429 | 98.584 | 99.191 | 91.122 | 91.122 |
|   12  | 84.429 | 98.584 | 99.242 | 91.126 | 91.126 |
|   13  | 84.479 | 98.584 | 99.242 | 91.152 | 91.152 |
|   14  | 84.479 | 98.534 | 99.191 | 91.150 | 91.150 |
+-------+--------+--------+--------+--------+--------+
     logs:  {'epo': 14, 'R1': np.float32(84.479), 'R5': np.float32(98.534), 'R10': np.float32(99.191), 'mAP': np.float32(91.15), 'mINP': np.float32(91.15), 'lr': 1.1e-05, 'entropy': 0.163012, 'loss': 0.163012}
      TTA Epoch: [15] [ 0/61]  eta: 0:00:24  lr: 0.000011  entropy: 0.1877  loss: 0.1877  time: 0.3940  data: 0.3303  max mem: 3248
      TTA Epoch: [15] [60/61]  eta: 0:00:00  lr: 0.000010  entropy: 0.2454  loss: 0.2454  time: 0.0580  data: 0.0001  max mem: 3248
      TTA Epoch: [15] Total time: 0:00:03 (0.0636 s / it)
     Averaged stats: lr: 0.0000  entropy: 0.1618  loss: 0.1618
     Computing matching score
      Evaluation: [   0/1978]  eta: 0:00:20    time: 0.0104  data: 0.0023  max mem: 3248
      Evaluation: [ 100/1978]  eta: 0:01:56    time: 0.0625  data: 0.0000  max mem: 3248
      Evaluation: [ 200/1978]  eta: 0:01:50    time: 0.0626  data: 0.0000  max mem: 3248
      Evaluation: [ 300/1978]  eta: 0:01:44    time: 0.0626  data: 0.0000  max mem: 3248
      Evaluation: [ 400/1978]  eta: 0:01:38    time: 0.0627  data: 0.0000  max mem: 3248
      Evaluation: [ 500/1978]  eta: 0:01:32    time: 0.0627  data: 0.0000  max mem: 3248
      Evaluation: [ 600/1978]  eta: 0:01:26    time: 0.0636  data: 0.0000  max mem: 3248
      Evaluation: [ 700/1978]  eta: 0:01:20    time: 0.0630  data: 0.0000  max mem: 3248
      Evaluation: [ 800/1978]  eta: 0:01:13    time: 0.0627  data: 0.0000  max mem: 3248
      Evaluation: [ 900/1978]  eta: 0:01:07    time: 0.0627  data: 0.0000  max mem: 3248
      Evaluation: [1000/1978]  eta: 0:01:01    time: 0.0627  data: 0.0000  max mem: 3248
      Evaluation: [1100/1978]  eta: 0:00:54    time: 0.0627  data: 0.0000  max mem: 3248
      Evaluation: [1200/1978]  eta: 0:00:48    time: 0.0627  data: 0.0000  max mem: 3248
      Evaluation: [1300/1978]  eta: 0:00:42    time: 0.0626  data: 0.0000  max mem: 3248
      Evaluation: [1400/1978]  eta: 0:00:36    time: 0.0627  data: 0.0000  max mem: 3248
      Evaluation: [1500/1978]  eta: 0:00:29    time: 0.0627  data: 0.0000  max mem: 3248
      Evaluation: [1600/1978]  eta: 0:00:23    time: 0.0627  data: 0.0000  max mem: 3248
      Evaluation: [1700/1978]  eta: 0:00:17    time: 0.0628  data: 0.0000  max mem: 3248
      Evaluation: [1800/1978]  eta: 0:00:11    time: 0.0626  data: 0.0000  max mem: 3248
      Evaluation: [1900/1978]  eta: 0:00:04    time: 0.0625  data: 0.0000  max mem: 3248
      Evaluation: [1977/1978]  eta: 0:00:00    time: 0.0626  data: 0.0000  max mem: 3248
      Evaluation: Total time: 0:02:03 (0.0627 s / it)
     Computing matching score time 0:02:04
### TTA ITM Score: 
+-------+--------+--------+--------+--------+--------+
| epoch |   R1   |   R5   |  R10   |  mAP   |  mINP  |
+-------+--------+--------+--------+--------+--------+
|  -999 | 69.414 | 95.197 | 97.776 | 81.233 | 81.233 |
|  -999 | 84.277 | 99.039 | 99.596 | 91.276 | 91.276 |
|   0   | 84.681 | 98.989 | 99.596 | 91.451 | 91.451 |
|   1   | 84.681 | 98.888 | 99.494 | 91.410 | 91.410 |
|   2   | 84.429 | 98.787 | 99.444 | 91.225 | 91.225 |
|   3   | 84.378 | 98.736 | 99.343 | 91.180 | 91.180 |
|   4   | 84.429 | 98.584 | 99.343 | 91.187 | 91.187 |
|   5   | 84.580 | 98.584 | 99.242 | 91.252 | 91.252 |
|   6   | 84.580 | 98.635 | 99.242 | 91.235 | 91.235 |
|   7   | 84.530 | 98.635 | 99.191 | 91.200 | 91.200 |
|   8   | 84.429 | 98.635 | 99.191 | 91.128 | 91.128 |
|   9   | 84.479 | 98.584 | 99.191 | 91.169 | 91.169 |
|   10  | 84.429 | 98.584 | 99.242 | 91.130 | 91.130 |
|   11  | 84.429 | 98.584 | 99.191 | 91.122 | 91.122 |
|   12  | 84.429 | 98.584 | 99.242 | 91.126 | 91.126 |
|   13  | 84.479 | 98.584 | 99.242 | 91.152 | 91.152 |
|   14  | 84.479 | 98.534 | 99.191 | 91.150 | 91.150 |
|   15  | 84.479 | 98.534 | 99.242 | 91.150 | 91.150 |
+-------+--------+--------+--------+--------+--------+
     logs:  {'epo': 15, 'R1': np.float32(84.479), 'R5': np.float32(98.534), 'R10': np.float32(99.242), 'mAP': np.float32(91.15), 'mINP': np.float32(91.15), 'lr': 1e-05, 'entropy': 0.161848, 'loss': 0.161848}
      TTA Epoch: [16] [ 0/61]  eta: 0:00:25  lr: 0.000010  entropy: 0.1352  loss: 0.1352  time: 0.4201  data: 0.3383  max mem: 3248
      TTA Epoch: [16] [60/61]  eta: 0:00:00  lr: 0.000009  entropy: 0.0971  loss: 0.0971  time: 0.0573  data: 0.0001  max mem: 3248
      TTA Epoch: [16] Total time: 0:00:03 (0.0636 s / it)
     Averaged stats: lr: 0.0000  entropy: 0.1616  loss: 0.1616
     Computing matching score
      Evaluation: [   0/1978]  eta: 0:00:22    time: 0.0111  data: 0.0035  max mem: 3248
      Evaluation: [ 100/1978]  eta: 0:01:55    time: 0.0623  data: 0.0000  max mem: 3248
      Evaluation: [ 200/1978]  eta: 0:01:50    time: 0.0623  data: 0.0000  max mem: 3248
      Evaluation: [ 300/1978]  eta: 0:01:44    time: 0.0623  data: 0.0000  max mem: 3248
      Evaluation: [ 400/1978]  eta: 0:01:38    time: 0.0624  data: 0.0000  max mem: 3248
      Evaluation: [ 500/1978]  eta: 0:01:31    time: 0.0623  data: 0.0000  max mem: 3248
      Evaluation: [ 600/1978]  eta: 0:01:25    time: 0.0624  data: 0.0000  max mem: 3248
      Evaluation: [ 700/1978]  eta: 0:01:19    time: 0.0622  data: 0.0000  max mem: 3248
      Evaluation: [ 800/1978]  eta: 0:01:13    time: 0.0619  data: 0.0000  max mem: 3248
      Evaluation: [ 900/1978]  eta: 0:01:07    time: 0.0623  data: 0.0000  max mem: 3248
      Evaluation: [1000/1978]  eta: 0:01:00    time: 0.0622  data: 0.0000  max mem: 3248
      Evaluation: [1100/1978]  eta: 0:00:54    time: 0.0623  data: 0.0000  max mem: 3248
      Evaluation: [1200/1978]  eta: 0:00:48    time: 0.0622  data: 0.0000  max mem: 3248
      Evaluation: [1300/1978]  eta: 0:00:42    time: 0.0623  data: 0.0000  max mem: 3248
      Evaluation: [1400/1978]  eta: 0:00:35    time: 0.0622  data: 0.0000  max mem: 3248
      Evaluation: [1500/1978]  eta: 0:00:29    time: 0.0623  data: 0.0000  max mem: 3248
      Evaluation: [1600/1978]  eta: 0:00:23    time: 0.0622  data: 0.0000  max mem: 3248
      Evaluation: [1700/1978]  eta: 0:00:17    time: 0.0622  data: 0.0000  max mem: 3248
      Evaluation: [1800/1978]  eta: 0:00:11    time: 0.0623  data: 0.0000  max mem: 3248
      Evaluation: [1900/1978]  eta: 0:00:04    time: 0.0622  data: 0.0000  max mem: 3248
      Evaluation: [1977/1978]  eta: 0:00:00    time: 0.0622  data: 0.0000  max mem: 3248
      Evaluation: Total time: 0:02:03 (0.0623 s / it)
     Computing matching score time 0:02:03
### TTA ITM Score: 
+-------+--------+--------+--------+--------+--------+
| epoch |   R1   |   R5   |  R10   |  mAP   |  mINP  |
+-------+--------+--------+--------+--------+--------+
|  -999 | 69.414 | 95.197 | 97.776 | 81.233 | 81.233 |
|  -999 | 84.277 | 99.039 | 99.596 | 91.276 | 91.276 |
|   0   | 84.681 | 98.989 | 99.596 | 91.451 | 91.451 |
|   1   | 84.681 | 98.888 | 99.494 | 91.410 | 91.410 |
|   2   | 84.429 | 98.787 | 99.444 | 91.225 | 91.225 |
|   3   | 84.378 | 98.736 | 99.343 | 91.180 | 91.180 |
|   4   | 84.429 | 98.584 | 99.343 | 91.187 | 91.187 |
|   5   | 84.580 | 98.584 | 99.242 | 91.252 | 91.252 |
|   6   | 84.580 | 98.635 | 99.242 | 91.235 | 91.235 |
|   7   | 84.530 | 98.635 | 99.191 | 91.200 | 91.200 |
|   8   | 84.429 | 98.635 | 99.191 | 91.128 | 91.128 |
|   9   | 84.479 | 98.584 | 99.191 | 91.169 | 91.169 |
|   10  | 84.429 | 98.584 | 99.242 | 91.130 | 91.130 |
|   11  | 84.429 | 98.584 | 99.191 | 91.122 | 91.122 |
|   12  | 84.429 | 98.584 | 99.242 | 91.126 | 91.126 |
|   13  | 84.479 | 98.584 | 99.242 | 91.152 | 91.152 |
|   14  | 84.479 | 98.534 | 99.191 | 91.150 | 91.150 |
|   15  | 84.479 | 98.534 | 99.242 | 91.150 | 91.150 |
|   16  | 84.378 | 98.534 | 99.242 | 91.102 | 91.102 |
+-------+--------+--------+--------+--------+--------+
     logs:  {'epo': 16, 'R1': np.float32(84.378), 'R5': np.float32(98.534), 'R10': np.float32(99.242), 'mAP': np.float32(91.102), 'mINP': np.float32(91.102), 'lr': 1e-05, 'entropy': 0.161597, 'loss': 0.161597}
      TTA Epoch: [17] [ 0/61]  eta: 0:00:25  lr: 0.000009  entropy: 0.1984  loss: 0.1984  time: 0.4245  data: 0.3639  max mem: 3248
      TTA Epoch: [17] [60/61]  eta: 0:00:00  lr: 0.000009  entropy: 0.1406  loss: 0.1406  time: 0.0569  data: 0.0001  max mem: 3248
      TTA Epoch: [17] Total time: 0:00:03 (0.0630 s / it)
     Averaged stats: lr: 0.0000  entropy: 0.1601  loss: 0.1601
     Computing matching score
      Evaluation: [   0/1978]  eta: 0:00:21    time: 0.0111  data: 0.0033  max mem: 3248
      Evaluation: [ 100/1978]  eta: 0:01:55    time: 0.0620  data: 0.0000  max mem: 3248
      Evaluation: [ 200/1978]  eta: 0:01:49    time: 0.0622  data: 0.0000  max mem: 3248
      Evaluation: [ 300/1978]  eta: 0:01:43    time: 0.0622  data: 0.0000  max mem: 3248
      Evaluation: [ 400/1978]  eta: 0:01:37    time: 0.0621  data: 0.0000  max mem: 3248
      Evaluation: [ 500/1978]  eta: 0:01:31    time: 0.0622  data: 0.0000  max mem: 3248
      Evaluation: [ 600/1978]  eta: 0:01:25    time: 0.0622  data: 0.0000  max mem: 3248
      Evaluation: [ 700/1978]  eta: 0:01:19    time: 0.0622  data: 0.0000  max mem: 3248
      Evaluation: [ 800/1978]  eta: 0:01:13    time: 0.0631  data: 0.0000  max mem: 3248
      Evaluation: [ 900/1978]  eta: 0:01:06    time: 0.0621  data: 0.0000  max mem: 3248
      Evaluation: [1000/1978]  eta: 0:01:00    time: 0.0622  data: 0.0000  max mem: 3248
      Evaluation: [1100/1978]  eta: 0:00:54    time: 0.0623  data: 0.0000  max mem: 3248
      Evaluation: [1200/1978]  eta: 0:00:48    time: 0.0623  data: 0.0000  max mem: 3248
      Evaluation: [1300/1978]  eta: 0:00:42    time: 0.0623  data: 0.0000  max mem: 3248
      Evaluation: [1400/1978]  eta: 0:00:35    time: 0.0622  data: 0.0000  max mem: 3248
      Evaluation: [1500/1978]  eta: 0:00:29    time: 0.0624  data: 0.0000  max mem: 3248
      Evaluation: [1600/1978]  eta: 0:00:23    time: 0.0624  data: 0.0000  max mem: 3248
      Evaluation: [1700/1978]  eta: 0:00:17    time: 0.0623  data: 0.0000  max mem: 3248
      Evaluation: [1800/1978]  eta: 0:00:11    time: 0.0625  data: 0.0000  max mem: 3248
      Evaluation: [1900/1978]  eta: 0:00:04    time: 0.0627  data: 0.0000  max mem: 3248
      Evaluation: [1977/1978]  eta: 0:00:00    time: 0.0620  data: 0.0000  max mem: 3248
      Evaluation: Total time: 0:02:03 (0.0623 s / it)
     Computing matching score time 0:02:03
### TTA ITM Score: 
+-------+--------+--------+--------+--------+--------+
| epoch |   R1   |   R5   |  R10   |  mAP   |  mINP  |
+-------+--------+--------+--------+--------+--------+
|  -999 | 69.414 | 95.197 | 97.776 | 81.233 | 81.233 |
|  -999 | 84.277 | 99.039 | 99.596 | 91.276 | 91.276 |
|   0   | 84.681 | 98.989 | 99.596 | 91.451 | 91.451 |
|   1   | 84.681 | 98.888 | 99.494 | 91.410 | 91.410 |
|   2   | 84.429 | 98.787 | 99.444 | 91.225 | 91.225 |
|   3   | 84.378 | 98.736 | 99.343 | 91.180 | 91.180 |
|   4   | 84.429 | 98.584 | 99.343 | 91.187 | 91.187 |
|   5   | 84.580 | 98.584 | 99.242 | 91.252 | 91.252 |
|   6   | 84.580 | 98.635 | 99.242 | 91.235 | 91.235 |
|   7   | 84.530 | 98.635 | 99.191 | 91.200 | 91.200 |
|   8   | 84.429 | 98.635 | 99.191 | 91.128 | 91.128 |
|   9   | 84.479 | 98.584 | 99.191 | 91.169 | 91.169 |
|   10  | 84.429 | 98.584 | 99.242 | 91.130 | 91.130 |
|   11  | 84.429 | 98.584 | 99.191 | 91.122 | 91.122 |
|   12  | 84.429 | 98.584 | 99.242 | 91.126 | 91.126 |
|   13  | 84.479 | 98.584 | 99.242 | 91.152 | 91.152 |
|   14  | 84.479 | 98.534 | 99.191 | 91.150 | 91.150 |
|   15  | 84.479 | 98.534 | 99.242 | 91.150 | 91.150 |
|   16  | 84.378 | 98.534 | 99.242 | 91.102 | 91.102 |
|   17  | 84.378 | 98.534 | 99.242 | 91.102 | 91.102 |
+-------+--------+--------+--------+--------+--------+
     logs:  {'epo': 17, 'R1': np.float32(84.378), 'R5': np.float32(98.534), 'R10': np.float32(99.242), 'mAP': np.float32(91.102), 'mINP': np.float32(91.102), 'lr': 9e-06, 'entropy': 0.160107, 'loss': 0.160107}
      TTA Epoch: [18] [ 0/61]  eta: 0:00:22  lr: 0.000009  entropy: 0.1477  loss: 0.1477  time: 0.3667  data: 0.2990  max mem: 3248
      TTA Epoch: [18] [60/61]  eta: 0:00:00  lr: 0.000008  entropy: 0.1309  loss: 0.1309  time: 0.0578  data: 0.0001  max mem: 3248
      TTA Epoch: [18] Total time: 0:00:03 (0.0628 s / it)
     Averaged stats: lr: 0.0000  entropy: 0.1596  loss: 0.1596
     Computing matching score
      Evaluation: [   0/1978]  eta: 0:00:20    time: 0.0106  data: 0.0031  max mem: 3248
      Evaluation: [ 100/1978]  eta: 0:01:55    time: 0.0623  data: 0.0000  max mem: 3248
      Evaluation: [ 200/1978]  eta: 0:01:50    time: 0.0623  data: 0.0000  max mem: 3248
      Evaluation: [ 300/1978]  eta: 0:01:44    time: 0.0623  data: 0.0000  max mem: 3248
      Evaluation: [ 400/1978]  eta: 0:01:38    time: 0.0624  data: 0.0000  max mem: 3248
      Evaluation: [ 500/1978]  eta: 0:01:31    time: 0.0624  data: 0.0000  max mem: 3248
      Evaluation: [ 600/1978]  eta: 0:01:25    time: 0.0624  data: 0.0000  max mem: 3248
      Evaluation: [ 700/1978]  eta: 0:01:19    time: 0.0625  data: 0.0000  max mem: 3248
      Evaluation: [ 800/1978]  eta: 0:01:13    time: 0.0624  data: 0.0000  max mem: 3248
      Evaluation: [ 900/1978]  eta: 0:01:07    time: 0.0624  data: 0.0000  max mem: 3248
      Evaluation: [1000/1978]  eta: 0:01:00    time: 0.0625  data: 0.0000  max mem: 3248
      Evaluation: [1100/1978]  eta: 0:00:54    time: 0.0624  data: 0.0000  max mem: 3248
      Evaluation: [1200/1978]  eta: 0:00:48    time: 0.0626  data: 0.0000  max mem: 3248
      Evaluation: [1300/1978]  eta: 0:00:42    time: 0.0620  data: 0.0000  max mem: 3248
      Evaluation: [1400/1978]  eta: 0:00:36    time: 0.0625  data: 0.0000  max mem: 3248
      Evaluation: [1500/1978]  eta: 0:00:29    time: 0.0625  data: 0.0000  max mem: 3248
      Evaluation: [1600/1978]  eta: 0:00:23    time: 0.0626  data: 0.0000  max mem: 3248
      Evaluation: [1700/1978]  eta: 0:00:17    time: 0.0625  data: 0.0000  max mem: 3248
      Evaluation: [1800/1978]  eta: 0:00:11    time: 0.0626  data: 0.0000  max mem: 3248
      Evaluation: [1900/1978]  eta: 0:00:04    time: 0.0626  data: 0.0000  max mem: 3248
      Evaluation: [1977/1978]  eta: 0:00:00    time: 0.0630  data: 0.0000  max mem: 3248
      Evaluation: Total time: 0:02:03 (0.0625 s / it)
     Computing matching score time 0:02:03
### TTA ITM Score: 
+-------+--------+--------+--------+--------+--------+
| epoch |   R1   |   R5   |  R10   |  mAP   |  mINP  |
+-------+--------+--------+--------+--------+--------+
|  -999 | 69.414 | 95.197 | 97.776 | 81.233 | 81.233 |
|  -999 | 84.277 | 99.039 | 99.596 | 91.276 | 91.276 |
|   0   | 84.681 | 98.989 | 99.596 | 91.451 | 91.451 |
|   1   | 84.681 | 98.888 | 99.494 | 91.410 | 91.410 |
|   2   | 84.429 | 98.787 | 99.444 | 91.225 | 91.225 |
|   3   | 84.378 | 98.736 | 99.343 | 91.180 | 91.180 |
|   4   | 84.429 | 98.584 | 99.343 | 91.187 | 91.187 |
|   5   | 84.580 | 98.584 | 99.242 | 91.252 | 91.252 |
|   6   | 84.580 | 98.635 | 99.242 | 91.235 | 91.235 |
|   7   | 84.530 | 98.635 | 99.191 | 91.200 | 91.200 |
|   8   | 84.429 | 98.635 | 99.191 | 91.128 | 91.128 |
|   9   | 84.479 | 98.584 | 99.191 | 91.169 | 91.169 |
|   10  | 84.429 | 98.584 | 99.242 | 91.130 | 91.130 |
|   11  | 84.429 | 98.584 | 99.191 | 91.122 | 91.122 |
|   12  | 84.429 | 98.584 | 99.242 | 91.126 | 91.126 |
|   13  | 84.479 | 98.584 | 99.242 | 91.152 | 91.152 |
|   14  | 84.479 | 98.534 | 99.191 | 91.150 | 91.150 |
|   15  | 84.479 | 98.534 | 99.242 | 91.150 | 91.150 |
|   16  | 84.378 | 98.534 | 99.242 | 91.102 | 91.102 |
|   17  | 84.378 | 98.534 | 99.242 | 91.102 | 91.102 |
|   18  | 84.378 | 98.534 | 99.242 | 91.102 | 91.102 |
+-------+--------+--------+--------+--------+--------+
     logs:  {'epo': 18, 'R1': np.float32(84.378), 'R5': np.float32(98.534), 'R10': np.float32(99.242), 'mAP': np.float32(91.102), 'mINP': np.float32(91.102), 'lr': 8e-06, 'entropy': 0.159597, 'loss': 0.159597}
      TTA Epoch: [19] [ 0/61]  eta: 0:00:40  lr: 0.000008  entropy: 0.1888  loss: 0.1888  time: 0.6629  data: 0.5661  max mem: 3248
      TTA Epoch: [19] [60/61]  eta: 0:00:00  lr: 0.000007  entropy: 0.1034  loss: 0.1034  time: 0.0586  data: 0.0001  max mem: 3248
      TTA Epoch: [19] Total time: 0:00:04 (0.0690 s / it)
     Averaged stats: lr: 0.0000  entropy: 0.1589  loss: 0.1589
     Computing matching score
      Evaluation: [   0/1978]  eta: 0:00:21    time: 0.0106  data: 0.0032  max mem: 3248
      Evaluation: [ 100/1978]  eta: 0:01:56    time: 0.0624  data: 0.0000  max mem: 3248
      Evaluation: [ 200/1978]  eta: 0:01:50    time: 0.0625  data: 0.0000  max mem: 3248
      Evaluation: [ 300/1978]  eta: 0:01:44    time: 0.0626  data: 0.0000  max mem: 3248
      Evaluation: [ 400/1978]  eta: 0:01:38    time: 0.0632  data: 0.0000  max mem: 3248
      Evaluation: [ 500/1978]  eta: 0:01:32    time: 0.0627  data: 0.0000  max mem: 3248
      Evaluation: [ 600/1978]  eta: 0:01:26    time: 0.0627  data: 0.0000  max mem: 3248
      Evaluation: [ 700/1978]  eta: 0:01:19    time: 0.0627  data: 0.0000  max mem: 3248
      Evaluation: [ 800/1978]  eta: 0:01:13    time: 0.0626  data: 0.0000  max mem: 3248
      Evaluation: [ 900/1978]  eta: 0:01:07    time: 0.0628  data: 0.0000  max mem: 3248
      Evaluation: [1000/1978]  eta: 0:01:01    time: 0.0625  data: 0.0000  max mem: 3248
      Evaluation: [1100/1978]  eta: 0:00:54    time: 0.0627  data: 0.0000  max mem: 3248
      Evaluation: [1200/1978]  eta: 0:00:48    time: 0.0626  data: 0.0000  max mem: 3248
      Evaluation: [1300/1978]  eta: 0:00:42    time: 0.0626  data: 0.0000  max mem: 3248
      Evaluation: [1400/1978]  eta: 0:00:36    time: 0.0628  data: 0.0000  max mem: 3248
      Evaluation: [1500/1978]  eta: 0:00:29    time: 0.0627  data: 0.0000  max mem: 3248
      Evaluation: [1600/1978]  eta: 0:00:23    time: 0.0628  data: 0.0000  max mem: 3248
      Evaluation: [1700/1978]  eta: 0:00:17    time: 0.0627  data: 0.0000  max mem: 3248
      Evaluation: [1800/1978]  eta: 0:00:11    time: 0.0627  data: 0.0000  max mem: 3248
      Evaluation: [1900/1978]  eta: 0:00:04    time: 0.0627  data: 0.0000  max mem: 3248
      Evaluation: [1977/1978]  eta: 0:00:00    time: 0.0628  data: 0.0000  max mem: 3248
      Evaluation: Total time: 0:02:03 (0.0627 s / it)
     Computing matching score time 0:02:04
### TTA ITM Score: 
+-------+--------+--------+--------+--------+--------+
| epoch |   R1   |   R5   |  R10   |  mAP   |  mINP  |
+-------+--------+--------+--------+--------+--------+
|  -999 | 69.414 | 95.197 | 97.776 | 81.233 | 81.233 |
|  -999 | 84.277 | 99.039 | 99.596 | 91.276 | 91.276 |
|   0   | 84.681 | 98.989 | 99.596 | 91.451 | 91.451 |
|   1   | 84.681 | 98.888 | 99.494 | 91.410 | 91.410 |
|   2   | 84.429 | 98.787 | 99.444 | 91.225 | 91.225 |
|   3   | 84.378 | 98.736 | 99.343 | 91.180 | 91.180 |
|   4   | 84.429 | 98.584 | 99.343 | 91.187 | 91.187 |
|   5   | 84.580 | 98.584 | 99.242 | 91.252 | 91.252 |
|   6   | 84.580 | 98.635 | 99.242 | 91.235 | 91.235 |
|   7   | 84.530 | 98.635 | 99.191 | 91.200 | 91.200 |
|   8   | 84.429 | 98.635 | 99.191 | 91.128 | 91.128 |
|   9   | 84.479 | 98.584 | 99.191 | 91.169 | 91.169 |
|   10  | 84.429 | 98.584 | 99.242 | 91.130 | 91.130 |
|   11  | 84.429 | 98.584 | 99.191 | 91.122 | 91.122 |
|   12  | 84.429 | 98.584 | 99.242 | 91.126 | 91.126 |
|   13  | 84.479 | 98.584 | 99.242 | 91.152 | 91.152 |
|   14  | 84.479 | 98.534 | 99.191 | 91.150 | 91.150 |
|   15  | 84.479 | 98.534 | 99.242 | 91.150 | 91.150 |
|   16  | 84.378 | 98.534 | 99.242 | 91.102 | 91.102 |
|   17  | 84.378 | 98.534 | 99.242 | 91.102 | 91.102 |
|   18  | 84.378 | 98.534 | 99.242 | 91.102 | 91.102 |
|   19  | 84.378 | 98.534 | 99.242 | 91.102 | 91.102 |
+-------+--------+--------+--------+--------+--------+
     logs:  {'epo': 19, 'R1': np.float32(84.378), 'R5': np.float32(98.534), 'R10': np.float32(99.242), 'mAP': np.float32(91.102), 'mINP': np.float32(91.102), 'lr': 8e-06, 'entropy': 0.158943, 'loss': 0.158943}
      TTA Epoch: [20] [ 0/61]  eta: 0:00:46  lr: 0.000007  entropy: 0.1457  loss: 0.1457  time: 0.7686  data: 0.6898  max mem: 3248
      TTA Epoch: [20] [60/61]  eta: 0:00:00  lr: 0.000007  entropy: 0.0944  loss: 0.0944  time: 0.0676  data: 0.0034  max mem: 3248
      TTA Epoch: [20] Total time: 0:00:04 (0.0775 s / it)
     Averaged stats: lr: 0.0000  entropy: 0.1579  loss: 0.1579
     Computing matching score
      Evaluation: [   0/1978]  eta: 0:00:22    time: 0.0112  data: 0.0032  max mem: 3248
      Evaluation: [ 100/1978]  eta: 0:01:56    time: 0.0625  data: 0.0000  max mem: 3248
      Evaluation: [ 200/1978]  eta: 0:01:50    time: 0.0624  data: 0.0000  max mem: 3248
      Evaluation: [ 300/1978]  eta: 0:01:44    time: 0.0625  data: 0.0000  max mem: 3248
      Evaluation: [ 400/1978]  eta: 0:01:38    time: 0.0625  data: 0.0000  max mem: 3248
      Evaluation: [ 500/1978]  eta: 0:01:32    time: 0.0625  data: 0.0000  max mem: 3248
      Evaluation: [ 600/1978]  eta: 0:01:25    time: 0.0625  data: 0.0000  max mem: 3248
      Evaluation: [ 700/1978]  eta: 0:01:19    time: 0.0625  data: 0.0000  max mem: 3248
      Evaluation: [ 800/1978]  eta: 0:01:13    time: 0.0626  data: 0.0000  max mem: 3248
      Evaluation: [ 900/1978]  eta: 0:01:07    time: 0.0625  data: 0.0000  max mem: 3248
      Evaluation: [1000/1978]  eta: 0:01:01    time: 0.0624  data: 0.0000  max mem: 3248
      Evaluation: [1100/1978]  eta: 0:00:54    time: 0.0625  data: 0.0000  max mem: 3248
      Evaluation: [1200/1978]  eta: 0:00:48    time: 0.0624  data: 0.0000  max mem: 3248
      Evaluation: [1300/1978]  eta: 0:00:42    time: 0.0623  data: 0.0000  max mem: 3248
      Evaluation: [1400/1978]  eta: 0:00:36    time: 0.0624  data: 0.0000  max mem: 3248
      Evaluation: [1500/1978]  eta: 0:00:29    time: 0.0624  data: 0.0000  max mem: 3248
      Evaluation: [1600/1978]  eta: 0:00:23    time: 0.0624  data: 0.0000  max mem: 3248
      Evaluation: [1700/1978]  eta: 0:00:17    time: 0.0623  data: 0.0000  max mem: 3248
      Evaluation: [1800/1978]  eta: 0:00:11    time: 0.0624  data: 0.0000  max mem: 3248
      Evaluation: [1900/1978]  eta: 0:00:04    time: 0.0624  data: 0.0000  max mem: 3248
      Evaluation: [1977/1978]  eta: 0:00:00    time: 0.0624  data: 0.0000  max mem: 3248
      Evaluation: Total time: 0:02:03 (0.0624 s / it)
     Computing matching score time 0:02:03
### TTA ITM Score: 
+-------+--------+--------+--------+--------+--------+
| epoch |   R1   |   R5   |  R10   |  mAP   |  mINP  |
+-------+--------+--------+--------+--------+--------+
|  -999 | 69.414 | 95.197 | 97.776 | 81.233 | 81.233 |
|  -999 | 84.277 | 99.039 | 99.596 | 91.276 | 91.276 |
|   0   | 84.681 | 98.989 | 99.596 | 91.451 | 91.451 |
|   1   | 84.681 | 98.888 | 99.494 | 91.410 | 91.410 |
|   2   | 84.429 | 98.787 | 99.444 | 91.225 | 91.225 |
|   3   | 84.378 | 98.736 | 99.343 | 91.180 | 91.180 |
|   4   | 84.429 | 98.584 | 99.343 | 91.187 | 91.187 |
|   5   | 84.580 | 98.584 | 99.242 | 91.252 | 91.252 |
|   6   | 84.580 | 98.635 | 99.242 | 91.235 | 91.235 |
|   7   | 84.530 | 98.635 | 99.191 | 91.200 | 91.200 |
|   8   | 84.429 | 98.635 | 99.191 | 91.128 | 91.128 |
|   9   | 84.479 | 98.584 | 99.191 | 91.169 | 91.169 |
|   10  | 84.429 | 98.584 | 99.242 | 91.130 | 91.130 |
|   11  | 84.429 | 98.584 | 99.191 | 91.122 | 91.122 |
|   12  | 84.429 | 98.584 | 99.242 | 91.126 | 91.126 |
|   13  | 84.479 | 98.584 | 99.242 | 91.152 | 91.152 |
|   14  | 84.479 | 98.534 | 99.191 | 91.150 | 91.150 |
|   15  | 84.479 | 98.534 | 99.242 | 91.150 | 91.150 |
|   16  | 84.378 | 98.534 | 99.242 | 91.102 | 91.102 |
|   17  | 84.378 | 98.534 | 99.242 | 91.102 | 91.102 |
|   18  | 84.378 | 98.534 | 99.242 | 91.102 | 91.102 |
|   19  | 84.378 | 98.534 | 99.242 | 91.102 | 91.102 |
|   20  | 84.378 | 98.534 | 99.242 | 91.102 | 91.102 |
+-------+--------+--------+--------+--------+--------+
     logs:  {'epo': 20, 'R1': np.float32(84.378), 'R5': np.float32(98.534), 'R10': np.float32(99.242), 'mAP': np.float32(91.102), 'mINP': np.float32(91.102), 'lr': 7e-06, 'entropy': 0.15793, 'loss': 0.15793}
      TTA Epoch: [21] [ 0/61]  eta: 0:00:35  lr: 0.000007  entropy: 0.0686  loss: 0.0686  time: 0.5810  data: 0.4744  max mem: 3248
      TTA Epoch: [21] [60/61]  eta: 0:00:00  lr: 0.000006  entropy: 0.0816  loss: 0.0816  time: 0.0600  data: 0.0001  max mem: 3248
      TTA Epoch: [21] Total time: 0:00:04 (0.0676 s / it)
     Averaged stats: lr: 0.0000  entropy: 0.1583  loss: 0.1583
     Computing matching score
      Evaluation: [   0/1978]  eta: 0:01:00    time: 0.0308  data: 0.0080  max mem: 3248
      Evaluation: [ 100/1978]  eta: 0:01:56    time: 0.0622  data: 0.0000  max mem: 3248
      Evaluation: [ 200/1978]  eta: 0:01:50    time: 0.0621  data: 0.0000  max mem: 3248
      Evaluation: [ 300/1978]  eta: 0:01:44    time: 0.0621  data: 0.0000  max mem: 3248
      Evaluation: [ 400/1978]  eta: 0:01:37    time: 0.0621  data: 0.0000  max mem: 3248
      Evaluation: [ 500/1978]  eta: 0:01:31    time: 0.0622  data: 0.0000  max mem: 3248
      Evaluation: [ 600/1978]  eta: 0:01:25    time: 0.0627  data: 0.0000  max mem: 3248
      Evaluation: [ 700/1978]  eta: 0:01:19    time: 0.0622  data: 0.0000  max mem: 3248
      Evaluation: [ 800/1978]  eta: 0:01:13    time: 0.0622  data: 0.0000  max mem: 3248
      Evaluation: [ 900/1978]  eta: 0:01:06    time: 0.0622  data: 0.0000  max mem: 3248
      Evaluation: [1000/1978]  eta: 0:01:00    time: 0.0622  data: 0.0000  max mem: 3248
      Evaluation: [1100/1978]  eta: 0:00:54    time: 0.0622  data: 0.0000  max mem: 3248
      Evaluation: [1200/1978]  eta: 0:00:48    time: 0.0622  data: 0.0000  max mem: 3248
      Evaluation: [1300/1978]  eta: 0:00:42    time: 0.0621  data: 0.0000  max mem: 3248
      Evaluation: [1400/1978]  eta: 0:00:35    time: 0.0622  data: 0.0000  max mem: 3248
      Evaluation: [1500/1978]  eta: 0:00:29    time: 0.0622  data: 0.0000  max mem: 3248
      Evaluation: [1600/1978]  eta: 0:00:23    time: 0.0622  data: 0.0000  max mem: 3248
      Evaluation: [1700/1978]  eta: 0:00:17    time: 0.0622  data: 0.0000  max mem: 3248
      Evaluation: [1800/1978]  eta: 0:00:11    time: 0.0622  data: 0.0000  max mem: 3248
      Evaluation: [1900/1978]  eta: 0:00:04    time: 0.0623  data: 0.0000  max mem: 3248
      Evaluation: [1977/1978]  eta: 0:00:00    time: 0.0623  data: 0.0000  max mem: 3248
      Evaluation: Total time: 0:02:03 (0.0622 s / it)
     Computing matching score time 0:02:03
### TTA ITM Score: 
+-------+--------+--------+--------+--------+--------+
| epoch |   R1   |   R5   |  R10   |  mAP   |  mINP  |
+-------+--------+--------+--------+--------+--------+
|  -999 | 69.414 | 95.197 | 97.776 | 81.233 | 81.233 |
|  -999 | 84.277 | 99.039 | 99.596 | 91.276 | 91.276 |
|   0   | 84.681 | 98.989 | 99.596 | 91.451 | 91.451 |
|   1   | 84.681 | 98.888 | 99.494 | 91.410 | 91.410 |
|   2   | 84.429 | 98.787 | 99.444 | 91.225 | 91.225 |
|   3   | 84.378 | 98.736 | 99.343 | 91.180 | 91.180 |
|   4   | 84.429 | 98.584 | 99.343 | 91.187 | 91.187 |
|   5   | 84.580 | 98.584 | 99.242 | 91.252 | 91.252 |
|   6   | 84.580 | 98.635 | 99.242 | 91.235 | 91.235 |
|   7   | 84.530 | 98.635 | 99.191 | 91.200 | 91.200 |
|   8   | 84.429 | 98.635 | 99.191 | 91.128 | 91.128 |
|   9   | 84.479 | 98.584 | 99.191 | 91.169 | 91.169 |
|   10  | 84.429 | 98.584 | 99.242 | 91.130 | 91.130 |
|   11  | 84.429 | 98.584 | 99.191 | 91.122 | 91.122 |
|   12  | 84.429 | 98.584 | 99.242 | 91.126 | 91.126 |
|   13  | 84.479 | 98.584 | 99.242 | 91.152 | 91.152 |
|   14  | 84.479 | 98.534 | 99.191 | 91.150 | 91.150 |
|   15  | 84.479 | 98.534 | 99.242 | 91.150 | 91.150 |
|   16  | 84.378 | 98.534 | 99.242 | 91.102 | 91.102 |
|   17  | 84.378 | 98.534 | 99.242 | 91.102 | 91.102 |
|   18  | 84.378 | 98.534 | 99.242 | 91.102 | 91.102 |
|   19  | 84.378 | 98.534 | 99.242 | 91.102 | 91.102 |
|   20  | 84.378 | 98.534 | 99.242 | 91.102 | 91.102 |
|   21  | 84.378 | 98.534 | 99.242 | 91.102 | 91.102 |
+-------+--------+--------+--------+--------+--------+
     logs:  {'epo': 21, 'R1': np.float32(84.378), 'R5': np.float32(98.534), 'R10': np.float32(99.242), 'mAP': np.float32(91.102), 'mINP': np.float32(91.102), 'lr': 6e-06, 'entropy': 0.158331, 'loss': 0.158331}
      TTA Epoch: [22] [ 0/61]  eta: 0:00:28  lr: 0.000006  entropy: 0.1720  loss: 0.1720  time: 0.4645  data: 0.3833  max mem: 3248
      TTA Epoch: [22] [60/61]  eta: 0:00:00  lr: 0.000005  entropy: 0.1337  loss: 0.1337  time: 0.0570  data: 0.0001  max mem: 3248
      TTA Epoch: [22] Total time: 0:00:03 (0.0652 s / it)
     Averaged stats: lr: 0.0000  entropy: 0.1561  loss: 0.1561
     Computing matching score
      Evaluation: [   0/1978]  eta: 0:00:28    time: 0.0143  data: 0.0030  max mem: 3248
      Evaluation: [ 100/1978]  eta: 0:01:55    time: 0.0622  data: 0.0000  max mem: 3248
      Evaluation: [ 200/1978]  eta: 0:01:50    time: 0.0624  data: 0.0000  max mem: 3248
      Evaluation: [ 300/1978]  eta: 0:01:44    time: 0.0622  data: 0.0000  max mem: 3248
      Evaluation: [ 400/1978]  eta: 0:01:37    time: 0.0622  data: 0.0000  max mem: 3248
      Evaluation: [ 500/1978]  eta: 0:01:31    time: 0.0623  data: 0.0000  max mem: 3248
      Evaluation: [ 600/1978]  eta: 0:01:25    time: 0.0622  data: 0.0000  max mem: 3248
      Evaluation: [ 700/1978]  eta: 0:01:19    time: 0.0623  data: 0.0000  max mem: 3248
      Evaluation: [ 800/1978]  eta: 0:01:13    time: 0.0624  data: 0.0000  max mem: 3248
      Evaluation: [ 900/1978]  eta: 0:01:07    time: 0.0624  data: 0.0000  max mem: 3248
      Evaluation: [1000/1978]  eta: 0:01:00    time: 0.0624  data: 0.0000  max mem: 3248
      Evaluation: [1100/1978]  eta: 0:00:54    time: 0.0624  data: 0.0000  max mem: 3248
      Evaluation: [1200/1978]  eta: 0:00:48    time: 0.0624  data: 0.0000  max mem: 3248
      Evaluation: [1300/1978]  eta: 0:00:42    time: 0.0627  data: 0.0000  max mem: 3248
      Evaluation: [1400/1978]  eta: 0:00:36    time: 0.0625  data: 0.0000  max mem: 3248
      Evaluation: [1500/1978]  eta: 0:00:29    time: 0.0625  data: 0.0000  max mem: 3248
      Evaluation: [1600/1978]  eta: 0:00:23    time: 0.0624  data: 0.0000  max mem: 3248
      Evaluation: [1700/1978]  eta: 0:00:17    time: 0.0625  data: 0.0000  max mem: 3248
      Evaluation: [1800/1978]  eta: 0:00:11    time: 0.0624  data: 0.0000  max mem: 3248
      Evaluation: [1900/1978]  eta: 0:00:04    time: 0.0625  data: 0.0000  max mem: 3248
      Evaluation: [1977/1978]  eta: 0:00:00    time: 0.0625  data: 0.0000  max mem: 3248
      Evaluation: Total time: 0:02:03 (0.0624 s / it)
     Computing matching score time 0:02:03
### TTA ITM Score: 
+-------+--------+--------+--------+--------+--------+
| epoch |   R1   |   R5   |  R10   |  mAP   |  mINP  |
+-------+--------+--------+--------+--------+--------+
|  -999 | 69.414 | 95.197 | 97.776 | 81.233 | 81.233 |
|  -999 | 84.277 | 99.039 | 99.596 | 91.276 | 91.276 |
|   0   | 84.681 | 98.989 | 99.596 | 91.451 | 91.451 |
|   1   | 84.681 | 98.888 | 99.494 | 91.410 | 91.410 |
|   2   | 84.429 | 98.787 | 99.444 | 91.225 | 91.225 |
|   3   | 84.378 | 98.736 | 99.343 | 91.180 | 91.180 |
|   4   | 84.429 | 98.584 | 99.343 | 91.187 | 91.187 |
|   5   | 84.580 | 98.584 | 99.242 | 91.252 | 91.252 |
|   6   | 84.580 | 98.635 | 99.242 | 91.235 | 91.235 |
|   7   | 84.530 | 98.635 | 99.191 | 91.200 | 91.200 |
|   8   | 84.429 | 98.635 | 99.191 | 91.128 | 91.128 |
|   9   | 84.479 | 98.584 | 99.191 | 91.169 | 91.169 |
|   10  | 84.429 | 98.584 | 99.242 | 91.130 | 91.130 |
|   11  | 84.429 | 98.584 | 99.191 | 91.122 | 91.122 |
|   12  | 84.429 | 98.584 | 99.242 | 91.126 | 91.126 |
|   13  | 84.479 | 98.584 | 99.242 | 91.152 | 91.152 |
|   14  | 84.479 | 98.534 | 99.191 | 91.150 | 91.150 |
|   15  | 84.479 | 98.534 | 99.242 | 91.150 | 91.150 |
|   16  | 84.378 | 98.534 | 99.242 | 91.102 | 91.102 |
|   17  | 84.378 | 98.534 | 99.242 | 91.102 | 91.102 |
|   18  | 84.378 | 98.534 | 99.242 | 91.102 | 91.102 |
|   19  | 84.378 | 98.534 | 99.242 | 91.102 | 91.102 |
|   20  | 84.378 | 98.534 | 99.242 | 91.102 | 91.102 |
|   21  | 84.378 | 98.534 | 99.242 | 91.102 | 91.102 |
|   22  | 84.429 | 98.534 | 99.242 | 91.120 | 91.120 |
+-------+--------+--------+--------+--------+--------+
     logs:  {'epo': 22, 'R1': np.float32(84.429), 'R5': np.float32(98.534), 'R10': np.float32(99.242), 'mAP': np.float32(91.12), 'mINP': np.float32(91.12), 'lr': 6e-06, 'entropy': 0.156072, 'loss': 0.156072}
      TTA Epoch: [23] [ 0/61]  eta: 0:00:30  lr: 0.000005  entropy: 0.1850  loss: 0.1850  time: 0.5039  data: 0.4292  max mem: 3248
      TTA Epoch: [23] [60/61]  eta: 0:00:00  lr: 0.000005  entropy: 0.2191  loss: 0.2191  time: 0.0587  data: 0.0001  max mem: 3248
      TTA Epoch: [23] Total time: 0:00:04 (0.0671 s / it)
     Averaged stats: lr: 0.0000  entropy: 0.1546  loss: 0.1546
     Computing matching score
      Evaluation: [   0/1978]  eta: 0:00:21    time: 0.0110  data: 0.0030  max mem: 3248
      Evaluation: [ 100/1978]  eta: 0:01:55    time: 0.0623  data: 0.0000  max mem: 3248
      Evaluation: [ 200/1978]  eta: 0:01:50    time: 0.0624  data: 0.0000  max mem: 3248
      Evaluation: [ 300/1978]  eta: 0:01:44    time: 0.0624  data: 0.0000  max mem: 3248
      Evaluation: [ 400/1978]  eta: 0:01:38    time: 0.0625  data: 0.0000  max mem: 3248
      Evaluation: [ 500/1978]  eta: 0:01:32    time: 0.0623  data: 0.0000  max mem: 3248
      Evaluation: [ 600/1978]  eta: 0:01:25    time: 0.0624  data: 0.0000  max mem: 3248
      Evaluation: [ 700/1978]  eta: 0:01:19    time: 0.0625  data: 0.0000  max mem: 3248
      Evaluation: [ 800/1978]  eta: 0:01:13    time: 0.0625  data: 0.0000  max mem: 3248
      Evaluation: [ 900/1978]  eta: 0:01:07    time: 0.0632  data: 0.0000  max mem: 3248
      Evaluation: [1000/1978]  eta: 0:01:01    time: 0.0625  data: 0.0000  max mem: 3248
      Evaluation: [1100/1978]  eta: 0:00:54    time: 0.0625  data: 0.0000  max mem: 3248
      Evaluation: [1200/1978]  eta: 0:00:48    time: 0.0625  data: 0.0000  max mem: 3248
      Evaluation: [1300/1978]  eta: 0:00:42    time: 0.0626  data: 0.0000  max mem: 3248
      Evaluation: [1400/1978]  eta: 0:00:36    time: 0.0625  data: 0.0000  max mem: 3248
      Evaluation: [1500/1978]  eta: 0:00:29    time: 0.0626  data: 0.0000  max mem: 3248
      Evaluation: [1600/1978]  eta: 0:00:23    time: 0.0626  data: 0.0000  max mem: 3248
      Evaluation: [1700/1978]  eta: 0:00:17    time: 0.0626  data: 0.0000  max mem: 3248
      Evaluation: [1800/1978]  eta: 0:00:11    time: 0.0626  data: 0.0000  max mem: 3248
      Evaluation: [1900/1978]  eta: 0:00:04    time: 0.0627  data: 0.0000  max mem: 3248
      Evaluation: [1977/1978]  eta: 0:00:00    time: 0.0628  data: 0.0000  max mem: 3248
      Evaluation: Total time: 0:02:03 (0.0625 s / it)
     Computing matching score time 0:02:03
### TTA ITM Score: 
+-------+--------+--------+--------+--------+--------+
| epoch |   R1   |   R5   |  R10   |  mAP   |  mINP  |
+-------+--------+--------+--------+--------+--------+
|  -999 | 69.414 | 95.197 | 97.776 | 81.233 | 81.233 |
|  -999 | 84.277 | 99.039 | 99.596 | 91.276 | 91.276 |
|   0   | 84.681 | 98.989 | 99.596 | 91.451 | 91.451 |
|   1   | 84.681 | 98.888 | 99.494 | 91.410 | 91.410 |
|   2   | 84.429 | 98.787 | 99.444 | 91.225 | 91.225 |
|   3   | 84.378 | 98.736 | 99.343 | 91.180 | 91.180 |
|   4   | 84.429 | 98.584 | 99.343 | 91.187 | 91.187 |
|   5   | 84.580 | 98.584 | 99.242 | 91.252 | 91.252 |
|   6   | 84.580 | 98.635 | 99.242 | 91.235 | 91.235 |
|   7   | 84.530 | 98.635 | 99.191 | 91.200 | 91.200 |
|   8   | 84.429 | 98.635 | 99.191 | 91.128 | 91.128 |
|   9   | 84.479 | 98.584 | 99.191 | 91.169 | 91.169 |
|   10  | 84.429 | 98.584 | 99.242 | 91.130 | 91.130 |
|   11  | 84.429 | 98.584 | 99.191 | 91.122 | 91.122 |
|   12  | 84.429 | 98.584 | 99.242 | 91.126 | 91.126 |
|   13  | 84.479 | 98.584 | 99.242 | 91.152 | 91.152 |
|   14  | 84.479 | 98.534 | 99.191 | 91.150 | 91.150 |
|   15  | 84.479 | 98.534 | 99.242 | 91.150 | 91.150 |
|   16  | 84.378 | 98.534 | 99.242 | 91.102 | 91.102 |
|   17  | 84.378 | 98.534 | 99.242 | 91.102 | 91.102 |
|   18  | 84.378 | 98.534 | 99.242 | 91.102 | 91.102 |
|   19  | 84.378 | 98.534 | 99.242 | 91.102 | 91.102 |
|   20  | 84.378 | 98.534 | 99.242 | 91.102 | 91.102 |
|   21  | 84.378 | 98.534 | 99.242 | 91.102 | 91.102 |
|   22  | 84.429 | 98.534 | 99.242 | 91.120 | 91.120 |
|   23  | 84.429 | 98.534 | 99.242 | 91.120 | 91.120 |
+-------+--------+--------+--------+--------+--------+
     logs:  {'epo': 23, 'R1': np.float32(84.429), 'R5': np.float32(98.534), 'R10': np.float32(99.242), 'mAP': np.float32(91.12), 'mINP': np.float32(91.12), 'lr': 5e-06, 'entropy': 0.154621, 'loss': 0.154621}
      TTA Epoch: [24] [ 0/61]  eta: 0:00:28  lr: 0.000004  entropy: 0.1790  loss: 0.1790  time: 0.4714  data: 0.4019  max mem: 3248
      TTA Epoch: [24] [60/61]  eta: 0:00:00  lr: 0.000004  entropy: 0.0950  loss: 0.0950  time: 0.0588  data: 0.0001  max mem: 3248
      TTA Epoch: [24] Total time: 0:00:04 (0.0658 s / it)
     Averaged stats: lr: 0.0000  entropy: 0.1548  loss: 0.1548
     Computing matching score
      Evaluation: [   0/1978]  eta: 0:00:24    time: 0.0126  data: 0.0039  max mem: 3248
      Evaluation: [ 100/1978]  eta: 0:01:56    time: 0.0625  data: 0.0000  max mem: 3248
      Evaluation: [ 200/1978]  eta: 0:01:50    time: 0.0627  data: 0.0000  max mem: 3248
      Evaluation: [ 300/1978]  eta: 0:01:44    time: 0.0626  data: 0.0000  max mem: 3248
      Evaluation: [ 400/1978]  eta: 0:01:38    time: 0.0626  data: 0.0000  max mem: 3248
      Evaluation: [ 500/1978]  eta: 0:01:32    time: 0.0626  data: 0.0000  max mem: 3248
      Evaluation: [ 600/1978]  eta: 0:01:26    time: 0.0626  data: 0.0000  max mem: 3248
      Evaluation: [ 700/1978]  eta: 0:01:19    time: 0.0627  data: 0.0000  max mem: 3248
      Evaluation: [ 800/1978]  eta: 0:01:13    time: 0.0629  data: 0.0000  max mem: 3248
      Evaluation: [ 900/1978]  eta: 0:01:07    time: 0.0626  data: 0.0000  max mem: 3248
      Evaluation: [1000/1978]  eta: 0:01:01    time: 0.0627  data: 0.0000  max mem: 3248
      Evaluation: [1100/1978]  eta: 0:00:54    time: 0.0626  data: 0.0000  max mem: 3248
      Evaluation: [1200/1978]  eta: 0:00:48    time: 0.0627  data: 0.0000  max mem: 3248
      Evaluation: [1300/1978]  eta: 0:00:42    time: 0.0627  data: 0.0000  max mem: 3248
      Evaluation: [1400/1978]  eta: 0:00:36    time: 0.0630  data: 0.0000  max mem: 3248
      Evaluation: [1500/1978]  eta: 0:00:29    time: 0.0629  data: 0.0000  max mem: 3248
      Evaluation: [1600/1978]  eta: 0:00:23    time: 0.0626  data: 0.0000  max mem: 3248
      Evaluation: [1700/1978]  eta: 0:00:17    time: 0.0626  data: 0.0000  max mem: 3248
      Evaluation: [1800/1978]  eta: 0:00:11    time: 0.0625  data: 0.0000  max mem: 3248
      Evaluation: [1900/1978]  eta: 0:00:04    time: 0.0625  data: 0.0000  max mem: 3248
      Evaluation: [1977/1978]  eta: 0:00:00    time: 0.0621  data: 0.0000  max mem: 3248
      Evaluation: Total time: 0:02:03 (0.0626 s / it)
     Computing matching score time 0:02:04
### TTA ITM Score: 
+-------+--------+--------+--------+--------+--------+
| epoch |   R1   |   R5   |  R10   |  mAP   |  mINP  |
+-------+--------+--------+--------+--------+--------+
|  -999 | 69.414 | 95.197 | 97.776 | 81.233 | 81.233 |
|  -999 | 84.277 | 99.039 | 99.596 | 91.276 | 91.276 |
|   0   | 84.681 | 98.989 | 99.596 | 91.451 | 91.451 |
|   1   | 84.681 | 98.888 | 99.494 | 91.410 | 91.410 |
|   2   | 84.429 | 98.787 | 99.444 | 91.225 | 91.225 |
|   3   | 84.378 | 98.736 | 99.343 | 91.180 | 91.180 |
|   4   | 84.429 | 98.584 | 99.343 | 91.187 | 91.187 |
|   5   | 84.580 | 98.584 | 99.242 | 91.252 | 91.252 |
|   6   | 84.580 | 98.635 | 99.242 | 91.235 | 91.235 |
|   7   | 84.530 | 98.635 | 99.191 | 91.200 | 91.200 |
|   8   | 84.429 | 98.635 | 99.191 | 91.128 | 91.128 |
|   9   | 84.479 | 98.584 | 99.191 | 91.169 | 91.169 |
|   10  | 84.429 | 98.584 | 99.242 | 91.130 | 91.130 |
|   11  | 84.429 | 98.584 | 99.191 | 91.122 | 91.122 |
|   12  | 84.429 | 98.584 | 99.242 | 91.126 | 91.126 |
|   13  | 84.479 | 98.584 | 99.242 | 91.152 | 91.152 |
|   14  | 84.479 | 98.534 | 99.191 | 91.150 | 91.150 |
|   15  | 84.479 | 98.534 | 99.242 | 91.150 | 91.150 |
|   16  | 84.378 | 98.534 | 99.242 | 91.102 | 91.102 |
|   17  | 84.378 | 98.534 | 99.242 | 91.102 | 91.102 |
|   18  | 84.378 | 98.534 | 99.242 | 91.102 | 91.102 |
|   19  | 84.378 | 98.534 | 99.242 | 91.102 | 91.102 |
|   20  | 84.378 | 98.534 | 99.242 | 91.102 | 91.102 |
|   21  | 84.378 | 98.534 | 99.242 | 91.102 | 91.102 |
|   22  | 84.429 | 98.534 | 99.242 | 91.120 | 91.120 |
|   23  | 84.429 | 98.534 | 99.242 | 91.120 | 91.120 |
|   24  | 84.429 | 98.534 | 99.242 | 91.119 | 91.119 |
+-------+--------+--------+--------+--------+--------+
     logs:  {'epo': 24, 'R1': np.float32(84.429), 'R5': np.float32(98.534), 'R10': np.float32(99.242), 'mAP': np.float32(91.119), 'mINP': np.float32(91.119), 'lr': 4e-06, 'entropy': 0.154781, 'loss': 0.154781}
      TTA Epoch: [25] [ 0/61]  eta: 0:00:22  lr: 0.000004  entropy: 0.1339  loss: 0.1339  time: 0.3750  data: 0.3062  max mem: 3248
      TTA Epoch: [25] [60/61]  eta: 0:00:00  lr: 0.000003  entropy: 0.1262  loss: 0.1262  time: 0.0581  data: 0.0001  max mem: 3248
      TTA Epoch: [25] Total time: 0:00:03 (0.0635 s / it)
     Averaged stats: lr: 0.0000  entropy: 0.1546  loss: 0.1546
     Computing matching score
      Evaluation: [   0/1978]  eta: 0:00:29    time: 0.0147  data: 0.0044  max mem: 3248
      Evaluation: [ 100/1978]  eta: 0:01:56    time: 0.0624  data: 0.0000  max mem: 3248
      Evaluation: [ 200/1978]  eta: 0:01:50    time: 0.0623  data: 0.0000  max mem: 3248
      Evaluation: [ 300/1978]  eta: 0:01:44    time: 0.0624  data: 0.0000  max mem: 3248
      Evaluation: [ 400/1978]  eta: 0:01:38    time: 0.0624  data: 0.0000  max mem: 3248
      Evaluation: [ 500/1978]  eta: 0:01:32    time: 0.0626  data: 0.0000  max mem: 3248
      Evaluation: [ 600/1978]  eta: 0:01:25    time: 0.0623  data: 0.0000  max mem: 3248
      Evaluation: [ 700/1978]  eta: 0:01:19    time: 0.0622  data: 0.0000  max mem: 3248
      Evaluation: [ 800/1978]  eta: 0:01:13    time: 0.0623  data: 0.0000  max mem: 3248
      Evaluation: [ 900/1978]  eta: 0:01:07    time: 0.0623  data: 0.0000  max mem: 3248
      Evaluation: [1000/1978]  eta: 0:01:00    time: 0.0623  data: 0.0000  max mem: 3248
      Evaluation: [1100/1978]  eta: 0:00:54    time: 0.0623  data: 0.0000  max mem: 3248
      Evaluation: [1200/1978]  eta: 0:00:48    time: 0.0624  data: 0.0000  max mem: 3248
      Evaluation: [1300/1978]  eta: 0:00:42    time: 0.0623  data: 0.0000  max mem: 3248
      Evaluation: [1400/1978]  eta: 0:00:36    time: 0.0623  data: 0.0000  max mem: 3248
      Evaluation: [1500/1978]  eta: 0:00:29    time: 0.0623  data: 0.0000  max mem: 3248
      Evaluation: [1600/1978]  eta: 0:00:23    time: 0.0619  data: 0.0000  max mem: 3248
      Evaluation: [1700/1978]  eta: 0:00:17    time: 0.0622  data: 0.0000  max mem: 3248
      Evaluation: [1800/1978]  eta: 0:00:11    time: 0.0622  data: 0.0000  max mem: 3248
      Evaluation: [1900/1978]  eta: 0:00:04    time: 0.0622  data: 0.0000  max mem: 3248
      Evaluation: [1977/1978]  eta: 0:00:00    time: 0.0622  data: 0.0000  max mem: 3248
      Evaluation: Total time: 0:02:03 (0.0623 s / it)
     Computing matching score time 0:02:03
### TTA ITM Score: 
+-------+--------+--------+--------+--------+--------+
| epoch |   R1   |   R5   |  R10   |  mAP   |  mINP  |
+-------+--------+--------+--------+--------+--------+
|  -999 | 69.414 | 95.197 | 97.776 | 81.233 | 81.233 |
|  -999 | 84.277 | 99.039 | 99.596 | 91.276 | 91.276 |
|   0   | 84.681 | 98.989 | 99.596 | 91.451 | 91.451 |
|   1   | 84.681 | 98.888 | 99.494 | 91.410 | 91.410 |
|   2   | 84.429 | 98.787 | 99.444 | 91.225 | 91.225 |
|   3   | 84.378 | 98.736 | 99.343 | 91.180 | 91.180 |
|   4   | 84.429 | 98.584 | 99.343 | 91.187 | 91.187 |
|   5   | 84.580 | 98.584 | 99.242 | 91.252 | 91.252 |
|   6   | 84.580 | 98.635 | 99.242 | 91.235 | 91.235 |
|   7   | 84.530 | 98.635 | 99.191 | 91.200 | 91.200 |
|   8   | 84.429 | 98.635 | 99.191 | 91.128 | 91.128 |
|   9   | 84.479 | 98.584 | 99.191 | 91.169 | 91.169 |
|   10  | 84.429 | 98.584 | 99.242 | 91.130 | 91.130 |
|   11  | 84.429 | 98.584 | 99.191 | 91.122 | 91.122 |
|   12  | 84.429 | 98.584 | 99.242 | 91.126 | 91.126 |
|   13  | 84.479 | 98.584 | 99.242 | 91.152 | 91.152 |
|   14  | 84.479 | 98.534 | 99.191 | 91.150 | 91.150 |
|   15  | 84.479 | 98.534 | 99.242 | 91.150 | 91.150 |
|   16  | 84.378 | 98.534 | 99.242 | 91.102 | 91.102 |
|   17  | 84.378 | 98.534 | 99.242 | 91.102 | 91.102 |
|   18  | 84.378 | 98.534 | 99.242 | 91.102 | 91.102 |
|   19  | 84.378 | 98.534 | 99.242 | 91.102 | 91.102 |
|   20  | 84.378 | 98.534 | 99.242 | 91.102 | 91.102 |
|   21  | 84.378 | 98.534 | 99.242 | 91.102 | 91.102 |
|   22  | 84.429 | 98.534 | 99.242 | 91.120 | 91.120 |
|   23  | 84.429 | 98.534 | 99.242 | 91.120 | 91.120 |
|   24  | 84.429 | 98.534 | 99.242 | 91.119 | 91.119 |
|   25  | 84.429 | 98.534 | 99.242 | 91.128 | 91.128 |
+-------+--------+--------+--------+--------+--------+
     logs:  {'epo': 25, 'R1': np.float32(84.429), 'R5': np.float32(98.534), 'R10': np.float32(99.242), 'mAP': np.float32(91.128), 'mINP': np.float32(91.128), 'lr': 3e-06, 'entropy': 0.154622, 'loss': 0.154622}
      TTA Epoch: [26] [ 0/61]  eta: 0:00:22  lr: 0.000003  entropy: 0.2437  loss: 0.2437  time: 0.3645  data: 0.2970  max mem: 3248
      TTA Epoch: [26] [60/61]  eta: 0:00:00  lr: 0.000002  entropy: 0.1172  loss: 0.1172  time: 0.0563  data: 0.0001  max mem: 3248
      TTA Epoch: [26] Total time: 0:00:03 (0.0619 s / it)
     Averaged stats: lr: 0.0000  entropy: 0.1548  loss: 0.1548
     Computing matching score
      Evaluation: [   0/1978]  eta: 0:00:21    time: 0.0107  data: 0.0032  max mem: 3248
      Evaluation: [ 100/1978]  eta: 0:01:55    time: 0.0621  data: 0.0000  max mem: 3248
      Evaluation: [ 200/1978]  eta: 0:01:49    time: 0.0621  data: 0.0000  max mem: 3248
      Evaluation: [ 300/1978]  eta: 0:01:43    time: 0.0621  data: 0.0000  max mem: 3248
      Evaluation: [ 400/1978]  eta: 0:01:37    time: 0.0622  data: 0.0000  max mem: 3248
      Evaluation: [ 500/1978]  eta: 0:01:31    time: 0.0623  data: 0.0000  max mem: 3248
      Evaluation: [ 600/1978]  eta: 0:01:25    time: 0.0619  data: 0.0000  max mem: 3248
      Evaluation: [ 700/1978]  eta: 0:01:19    time: 0.0622  data: 0.0000  max mem: 3248
      Evaluation: [ 800/1978]  eta: 0:01:13    time: 0.0622  data: 0.0000  max mem: 3248
      Evaluation: [ 900/1978]  eta: 0:01:06    time: 0.0622  data: 0.0000  max mem: 3248
      Evaluation: [1000/1978]  eta: 0:01:00    time: 0.0622  data: 0.0000  max mem: 3248
      Evaluation: [1100/1978]  eta: 0:00:54    time: 0.0622  data: 0.0000  max mem: 3248
      Evaluation: [1200/1978]  eta: 0:00:48    time: 0.0623  data: 0.0000  max mem: 3248
      Evaluation: [1300/1978]  eta: 0:00:42    time: 0.0623  data: 0.0000  max mem: 3248
      Evaluation: [1400/1978]  eta: 0:00:35    time: 0.0623  data: 0.0000  max mem: 3248
      Evaluation: [1500/1978]  eta: 0:00:29    time: 0.0623  data: 0.0000  max mem: 3248
      Evaluation: [1600/1978]  eta: 0:00:23    time: 0.0626  data: 0.0000  max mem: 3248
      Evaluation: [1700/1978]  eta: 0:00:17    time: 0.0623  data: 0.0000  max mem: 3248
      Evaluation: [1800/1978]  eta: 0:00:11    time: 0.0623  data: 0.0000  max mem: 3248
      Evaluation: [1900/1978]  eta: 0:00:04    time: 0.0622  data: 0.0000  max mem: 3248
      Evaluation: [1977/1978]  eta: 0:00:00    time: 0.0623  data: 0.0000  max mem: 3248
      Evaluation: Total time: 0:02:03 (0.0622 s / it)
     Computing matching score time 0:02:03
### TTA ITM Score: 
+-------+--------+--------+--------+--------+--------+
| epoch |   R1   |   R5   |  R10   |  mAP   |  mINP  |
+-------+--------+--------+--------+--------+--------+
|  -999 | 69.414 | 95.197 | 97.776 | 81.233 | 81.233 |
|  -999 | 84.277 | 99.039 | 99.596 | 91.276 | 91.276 |
|   0   | 84.681 | 98.989 | 99.596 | 91.451 | 91.451 |
|   1   | 84.681 | 98.888 | 99.494 | 91.410 | 91.410 |
|   2   | 84.429 | 98.787 | 99.444 | 91.225 | 91.225 |
|   3   | 84.378 | 98.736 | 99.343 | 91.180 | 91.180 |
|   4   | 84.429 | 98.584 | 99.343 | 91.187 | 91.187 |
|   5   | 84.580 | 98.584 | 99.242 | 91.252 | 91.252 |
|   6   | 84.580 | 98.635 | 99.242 | 91.235 | 91.235 |
|   7   | 84.530 | 98.635 | 99.191 | 91.200 | 91.200 |
|   8   | 84.429 | 98.635 | 99.191 | 91.128 | 91.128 |
|   9   | 84.479 | 98.584 | 99.191 | 91.169 | 91.169 |
|   10  | 84.429 | 98.584 | 99.242 | 91.130 | 91.130 |
|   11  | 84.429 | 98.584 | 99.191 | 91.122 | 91.122 |
|   12  | 84.429 | 98.584 | 99.242 | 91.126 | 91.126 |
|   13  | 84.479 | 98.584 | 99.242 | 91.152 | 91.152 |
|   14  | 84.479 | 98.534 | 99.191 | 91.150 | 91.150 |
|   15  | 84.479 | 98.534 | 99.242 | 91.150 | 91.150 |
|   16  | 84.378 | 98.534 | 99.242 | 91.102 | 91.102 |
|   17  | 84.378 | 98.534 | 99.242 | 91.102 | 91.102 |
|   18  | 84.378 | 98.534 | 99.242 | 91.102 | 91.102 |
|   19  | 84.378 | 98.534 | 99.242 | 91.102 | 91.102 |
|   20  | 84.378 | 98.534 | 99.242 | 91.102 | 91.102 |
|   21  | 84.378 | 98.534 | 99.242 | 91.102 | 91.102 |
|   22  | 84.429 | 98.534 | 99.242 | 91.120 | 91.120 |
|   23  | 84.429 | 98.534 | 99.242 | 91.120 | 91.120 |
|   24  | 84.429 | 98.534 | 99.242 | 91.119 | 91.119 |
|   25  | 84.429 | 98.534 | 99.242 | 91.128 | 91.128 |
|   26  | 84.429 | 98.534 | 99.242 | 91.128 | 91.128 |
+-------+--------+--------+--------+--------+--------+
     logs:  {'epo': 26, 'R1': np.float32(84.429), 'R5': np.float32(98.534), 'R10': np.float32(99.242), 'mAP': np.float32(91.128), 'mINP': np.float32(91.128), 'lr': 3e-06, 'entropy': 0.154829, 'loss': 0.154829}
      TTA Epoch: [27] [ 0/61]  eta: 0:00:22  lr: 0.000002  entropy: 0.0853  loss: 0.0853  time: 0.3682  data: 0.3002  max mem: 3248
      TTA Epoch: [27] [60/61]  eta: 0:00:00  lr: 0.000002  entropy: 0.2334  loss: 0.2334  time: 0.0578  data: 0.0001  max mem: 3248
      TTA Epoch: [27] Total time: 0:00:03 (0.0634 s / it)
     Averaged stats: lr: 0.0000  entropy: 0.1524  loss: 0.1524
     Computing matching score
      Evaluation: [   0/1978]  eta: 0:00:21    time: 0.0107  data: 0.0032  max mem: 3248
      Evaluation: [ 100/1978]  eta: 0:01:56    time: 0.0623  data: 0.0000  max mem: 3248
      Evaluation: [ 200/1978]  eta: 0:01:50    time: 0.0623  data: 0.0000  max mem: 3248
      Evaluation: [ 300/1978]  eta: 0:01:44    time: 0.0624  data: 0.0000  max mem: 3248
      Evaluation: [ 400/1978]  eta: 0:01:38    time: 0.0625  data: 0.0000  max mem: 3248
      Evaluation: [ 500/1978]  eta: 0:01:32    time: 0.0624  data: 0.0000  max mem: 3248
      Evaluation: [ 600/1978]  eta: 0:01:25    time: 0.0640  data: 0.0000  max mem: 3248
      Evaluation: [ 700/1978]  eta: 0:01:19    time: 0.0625  data: 0.0000  max mem: 3248
      Evaluation: [ 800/1978]  eta: 0:01:13    time: 0.0624  data: 0.0000  max mem: 3248
      Evaluation: [ 900/1978]  eta: 0:01:07    time: 0.0624  data: 0.0000  max mem: 3248
      Evaluation: [1000/1978]  eta: 0:01:01    time: 0.0626  data: 0.0000  max mem: 3248
      Evaluation: [1100/1978]  eta: 0:00:54    time: 0.0625  data: 0.0000  max mem: 3248
      Evaluation: [1200/1978]  eta: 0:00:48    time: 0.0625  data: 0.0000  max mem: 3248
      Evaluation: [1300/1978]  eta: 0:00:42    time: 0.0625  data: 0.0000  max mem: 3248
      Evaluation: [1400/1978]  eta: 0:00:36    time: 0.0625  data: 0.0000  max mem: 3248
      Evaluation: [1500/1978]  eta: 0:00:29    time: 0.0626  data: 0.0000  max mem: 3248
      Evaluation: [1600/1978]  eta: 0:00:23    time: 0.0628  data: 0.0000  max mem: 3248
      Evaluation: [1700/1978]  eta: 0:00:17    time: 0.0625  data: 0.0000  max mem: 3248
      Evaluation: [1800/1978]  eta: 0:00:11    time: 0.0626  data: 0.0000  max mem: 3248
      Evaluation: [1900/1978]  eta: 0:00:04    time: 0.0626  data: 0.0000  max mem: 3248
      Evaluation: [1977/1978]  eta: 0:00:00    time: 0.0625  data: 0.0000  max mem: 3248
      Evaluation: Total time: 0:02:03 (0.0625 s / it)
     Computing matching score time 0:02:03
### TTA ITM Score: 
+-------+--------+--------+--------+--------+--------+
| epoch |   R1   |   R5   |  R10   |  mAP   |  mINP  |
+-------+--------+--------+--------+--------+--------+
|  -999 | 69.414 | 95.197 | 97.776 | 81.233 | 81.233 |
|  -999 | 84.277 | 99.039 | 99.596 | 91.276 | 91.276 |
|   0   | 84.681 | 98.989 | 99.596 | 91.451 | 91.451 |
|   1   | 84.681 | 98.888 | 99.494 | 91.410 | 91.410 |
|   2   | 84.429 | 98.787 | 99.444 | 91.225 | 91.225 |
|   3   | 84.378 | 98.736 | 99.343 | 91.180 | 91.180 |
|   4   | 84.429 | 98.584 | 99.343 | 91.187 | 91.187 |
|   5   | 84.580 | 98.584 | 99.242 | 91.252 | 91.252 |
|   6   | 84.580 | 98.635 | 99.242 | 91.235 | 91.235 |
|   7   | 84.530 | 98.635 | 99.191 | 91.200 | 91.200 |
|   8   | 84.429 | 98.635 | 99.191 | 91.128 | 91.128 |
|   9   | 84.479 | 98.584 | 99.191 | 91.169 | 91.169 |
|   10  | 84.429 | 98.584 | 99.242 | 91.130 | 91.130 |
|   11  | 84.429 | 98.584 | 99.191 | 91.122 | 91.122 |
|   12  | 84.429 | 98.584 | 99.242 | 91.126 | 91.126 |
|   13  | 84.479 | 98.584 | 99.242 | 91.152 | 91.152 |
|   14  | 84.479 | 98.534 | 99.191 | 91.150 | 91.150 |
|   15  | 84.479 | 98.534 | 99.242 | 91.150 | 91.150 |
|   16  | 84.378 | 98.534 | 99.242 | 91.102 | 91.102 |
|   17  | 84.378 | 98.534 | 99.242 | 91.102 | 91.102 |
|   18  | 84.378 | 98.534 | 99.242 | 91.102 | 91.102 |
|   19  | 84.378 | 98.534 | 99.242 | 91.102 | 91.102 |
|   20  | 84.378 | 98.534 | 99.242 | 91.102 | 91.102 |
|   21  | 84.378 | 98.534 | 99.242 | 91.102 | 91.102 |
|   22  | 84.429 | 98.534 | 99.242 | 91.120 | 91.120 |
|   23  | 84.429 | 98.534 | 99.242 | 91.120 | 91.120 |
|   24  | 84.429 | 98.534 | 99.242 | 91.119 | 91.119 |
|   25  | 84.429 | 98.534 | 99.242 | 91.128 | 91.128 |
|   26  | 84.429 | 98.534 | 99.242 | 91.128 | 91.128 |
|   27  | 84.429 | 98.534 | 99.242 | 91.128 | 91.128 |
+-------+--------+--------+--------+--------+--------+
     logs:  {'epo': 27, 'R1': np.float32(84.429), 'R5': np.float32(98.534), 'R10': np.float32(99.242), 'mAP': np.float32(91.128), 'mINP': np.float32(91.128), 'lr': 2e-06, 'entropy': 0.152372, 'loss': 0.152372}
      TTA Epoch: [28] [ 0/61]  eta: 0:00:25  lr: 0.000002  entropy: 0.1122  loss: 0.1122  time: 0.4158  data: 0.3418  max mem: 3248
      TTA Epoch: [28] [60/61]  eta: 0:00:00  lr: 0.000001  entropy: 0.1036  loss: 0.1036  time: 0.0581  data: 0.0001  max mem: 3248
      TTA Epoch: [28] Total time: 0:00:03 (0.0642 s / it)
     Averaged stats: lr: 0.0000  entropy: 0.1547  loss: 0.1547
     Computing matching score
      Evaluation: [   0/1978]  eta: 0:00:18    time: 0.0096  data: 0.0021  max mem: 3248
      Evaluation: [ 100/1978]  eta: 0:01:56    time: 0.0624  data: 0.0000  max mem: 3248
      Evaluation: [ 200/1978]  eta: 0:01:50    time: 0.0624  data: 0.0000  max mem: 3248
      Evaluation: [ 300/1978]  eta: 0:01:44    time: 0.0627  data: 0.0000  max mem: 3248
      Evaluation: [ 400/1978]  eta: 0:01:38    time: 0.0626  data: 0.0000  max mem: 3248
      Evaluation: [ 500/1978]  eta: 0:01:32    time: 0.0626  data: 0.0000  max mem: 3248
      Evaluation: [ 600/1978]  eta: 0:01:26    time: 0.0626  data: 0.0000  max mem: 3248
      Evaluation: [ 700/1978]  eta: 0:01:19    time: 0.0628  data: 0.0000  max mem: 3248
      Evaluation: [ 800/1978]  eta: 0:01:13    time: 0.0625  data: 0.0000  max mem: 3248
      Evaluation: [ 900/1978]  eta: 0:01:07    time: 0.0626  data: 0.0000  max mem: 3248
      Evaluation: [1000/1978]  eta: 0:01:01    time: 0.0626  data: 0.0000  max mem: 3248
      Evaluation: [1100/1978]  eta: 0:00:54    time: 0.0627  data: 0.0000  max mem: 3248
      Evaluation: [1200/1978]  eta: 0:00:48    time: 0.0627  data: 0.0000  max mem: 3248
      Evaluation: [1300/1978]  eta: 0:00:42    time: 0.0627  data: 0.0000  max mem: 3248
      Evaluation: [1400/1978]  eta: 0:00:36    time: 0.0627  data: 0.0000  max mem: 3248
      Evaluation: [1500/1978]  eta: 0:00:29    time: 0.0627  data: 0.0000  max mem: 3248
      Evaluation: [1600/1978]  eta: 0:00:23    time: 0.0627  data: 0.0000  max mem: 3248
      Evaluation: [1700/1978]  eta: 0:00:17    time: 0.0628  data: 0.0000  max mem: 3248
      Evaluation: [1800/1978]  eta: 0:00:11    time: 0.0626  data: 0.0000  max mem: 3248
      Evaluation: [1900/1978]  eta: 0:00:04    time: 0.0627  data: 0.0000  max mem: 3248
      Evaluation: [1977/1978]  eta: 0:00:00    time: 0.0626  data: 0.0000  max mem: 3248
      Evaluation: Total time: 0:02:03 (0.0626 s / it)
     Computing matching score time 0:02:04
### TTA ITM Score: 
+-------+--------+--------+--------+--------+--------+
| epoch |   R1   |   R5   |  R10   |  mAP   |  mINP  |
+-------+--------+--------+--------+--------+--------+
|  -999 | 69.414 | 95.197 | 97.776 | 81.233 | 81.233 |
|  -999 | 84.277 | 99.039 | 99.596 | 91.276 | 91.276 |
|   0   | 84.681 | 98.989 | 99.596 | 91.451 | 91.451 |
|   1   | 84.681 | 98.888 | 99.494 | 91.410 | 91.410 |
|   2   | 84.429 | 98.787 | 99.444 | 91.225 | 91.225 |
|   3   | 84.378 | 98.736 | 99.343 | 91.180 | 91.180 |
|   4   | 84.429 | 98.584 | 99.343 | 91.187 | 91.187 |
|   5   | 84.580 | 98.584 | 99.242 | 91.252 | 91.252 |
|   6   | 84.580 | 98.635 | 99.242 | 91.235 | 91.235 |
|   7   | 84.530 | 98.635 | 99.191 | 91.200 | 91.200 |
|   8   | 84.429 | 98.635 | 99.191 | 91.128 | 91.128 |
|   9   | 84.479 | 98.584 | 99.191 | 91.169 | 91.169 |
|   10  | 84.429 | 98.584 | 99.242 | 91.130 | 91.130 |
|   11  | 84.429 | 98.584 | 99.191 | 91.122 | 91.122 |
|   12  | 84.429 | 98.584 | 99.242 | 91.126 | 91.126 |
|   13  | 84.479 | 98.584 | 99.242 | 91.152 | 91.152 |
|   14  | 84.479 | 98.534 | 99.191 | 91.150 | 91.150 |
|   15  | 84.479 | 98.534 | 99.242 | 91.150 | 91.150 |
|   16  | 84.378 | 98.534 | 99.242 | 91.102 | 91.102 |
|   17  | 84.378 | 98.534 | 99.242 | 91.102 | 91.102 |
|   18  | 84.378 | 98.534 | 99.242 | 91.102 | 91.102 |
|   19  | 84.378 | 98.534 | 99.242 | 91.102 | 91.102 |
|   20  | 84.378 | 98.534 | 99.242 | 91.102 | 91.102 |
|   21  | 84.378 | 98.534 | 99.242 | 91.102 | 91.102 |
|   22  | 84.429 | 98.534 | 99.242 | 91.120 | 91.120 |
|   23  | 84.429 | 98.534 | 99.242 | 91.120 | 91.120 |
|   24  | 84.429 | 98.534 | 99.242 | 91.119 | 91.119 |
|   25  | 84.429 | 98.534 | 99.242 | 91.128 | 91.128 |
|   26  | 84.429 | 98.534 | 99.242 | 91.128 | 91.128 |
|   27  | 84.429 | 98.534 | 99.242 | 91.128 | 91.128 |
|   28  | 84.429 | 98.534 | 99.242 | 91.128 | 91.128 |
+-------+--------+--------+--------+--------+--------+
     logs:  {'epo': 28, 'R1': np.float32(84.429), 'R5': np.float32(98.534), 'R10': np.float32(99.242), 'mAP': np.float32(91.128), 'mINP': np.float32(91.128), 'lr': 1e-06, 'entropy': 0.154681, 'loss': 0.154681}
      TTA Epoch: [29] [ 0/61]  eta: 0:00:25  lr: 0.000001  entropy: 0.1457  loss: 0.1457  time: 0.4131  data: 0.3454  max mem: 3248
      TTA Epoch: [29] [60/61]  eta: 0:00:00  lr: 0.000000  entropy: 0.2428  loss: 0.2428  time: 0.0579  data: 0.0001  max mem: 3248
      TTA Epoch: [29] Total time: 0:00:03 (0.0644 s / it)
     Averaged stats: lr: 0.0000  entropy: 0.1526  loss: 0.1526
     Computing matching score
      Evaluation: [   0/1978]  eta: 0:00:23    time: 0.0117  data: 0.0035  max mem: 3248
      Evaluation: [ 100/1978]  eta: 0:01:56    time: 0.0625  data: 0.0000  max mem: 3248
      Evaluation: [ 200/1978]  eta: 0:01:50    time: 0.0625  data: 0.0000  max mem: 3248
      Evaluation: [ 300/1978]  eta: 0:01:44    time: 0.0624  data: 0.0000  max mem: 3248
      Evaluation: [ 400/1978]  eta: 0:01:38    time: 0.0625  data: 0.0000  max mem: 3248
      Evaluation: [ 500/1978]  eta: 0:01:32    time: 0.0626  data: 0.0000  max mem: 3248
      Evaluation: [ 600/1978]  eta: 0:01:25    time: 0.0624  data: 0.0000  max mem: 3248
      Evaluation: [ 700/1978]  eta: 0:01:19    time: 0.0625  data: 0.0000  max mem: 3248
      Evaluation: [ 800/1978]  eta: 0:01:13    time: 0.0624  data: 0.0000  max mem: 3248
      Evaluation: [ 900/1978]  eta: 0:01:07    time: 0.0624  data: 0.0000  max mem: 3248
      Evaluation: [1000/1978]  eta: 0:01:01    time: 0.0624  data: 0.0000  max mem: 3248
      Evaluation: [1100/1978]  eta: 0:00:54    time: 0.0623  data: 0.0000  max mem: 3248
      Evaluation: [1200/1978]  eta: 0:00:48    time: 0.0624  data: 0.0000  max mem: 3248
      Evaluation: [1300/1978]  eta: 0:00:42    time: 0.0621  data: 0.0000  max mem: 3248
      Evaluation: [1400/1978]  eta: 0:00:36    time: 0.0624  data: 0.0000  max mem: 3248
      Evaluation: [1500/1978]  eta: 0:00:29    time: 0.0624  data: 0.0000  max mem: 3248
      Evaluation: [1600/1978]  eta: 0:00:23    time: 0.0623  data: 0.0000  max mem: 3248
      Evaluation: [1700/1978]  eta: 0:00:17    time: 0.0623  data: 0.0000  max mem: 3248
      Evaluation: [1800/1978]  eta: 0:00:11    time: 0.0628  data: 0.0000  max mem: 3248
      Evaluation: [1900/1978]  eta: 0:00:04    time: 0.0623  data: 0.0000  max mem: 3248
      Evaluation: [1977/1978]  eta: 0:00:00    time: 0.0623  data: 0.0000  max mem: 3248
      Evaluation: Total time: 0:02:03 (0.0624 s / it)
     Computing matching score time 0:02:03
### TTA ITM Score: 
+-------+--------+--------+--------+--------+--------+
| epoch |   R1   |   R5   |  R10   |  mAP   |  mINP  |
+-------+--------+--------+--------+--------+--------+
|  -999 | 69.414 | 95.197 | 97.776 | 81.233 | 81.233 |
|  -999 | 84.277 | 99.039 | 99.596 | 91.276 | 91.276 |
|   0   | 84.681 | 98.989 | 99.596 | 91.451 | 91.451 |
|   1   | 84.681 | 98.888 | 99.494 | 91.410 | 91.410 |
|   2   | 84.429 | 98.787 | 99.444 | 91.225 | 91.225 |
|   3   | 84.378 | 98.736 | 99.343 | 91.180 | 91.180 |
|   4   | 84.429 | 98.584 | 99.343 | 91.187 | 91.187 |
|   5   | 84.580 | 98.584 | 99.242 | 91.252 | 91.252 |
|   6   | 84.580 | 98.635 | 99.242 | 91.235 | 91.235 |
|   7   | 84.530 | 98.635 | 99.191 | 91.200 | 91.200 |
|   8   | 84.429 | 98.635 | 99.191 | 91.128 | 91.128 |
|   9   | 84.479 | 98.584 | 99.191 | 91.169 | 91.169 |
|   10  | 84.429 | 98.584 | 99.242 | 91.130 | 91.130 |
|   11  | 84.429 | 98.584 | 99.191 | 91.122 | 91.122 |
|   12  | 84.429 | 98.584 | 99.242 | 91.126 | 91.126 |
|   13  | 84.479 | 98.584 | 99.242 | 91.152 | 91.152 |
|   14  | 84.479 | 98.534 | 99.191 | 91.150 | 91.150 |
|   15  | 84.479 | 98.534 | 99.242 | 91.150 | 91.150 |
|   16  | 84.378 | 98.534 | 99.242 | 91.102 | 91.102 |
|   17  | 84.378 | 98.534 | 99.242 | 91.102 | 91.102 |
|   18  | 84.378 | 98.534 | 99.242 | 91.102 | 91.102 |
|   19  | 84.378 | 98.534 | 99.242 | 91.102 | 91.102 |
|   20  | 84.378 | 98.534 | 99.242 | 91.102 | 91.102 |
|   21  | 84.378 | 98.534 | 99.242 | 91.102 | 91.102 |
|   22  | 84.429 | 98.534 | 99.242 | 91.120 | 91.120 |
|   23  | 84.429 | 98.534 | 99.242 | 91.120 | 91.120 |
|   24  | 84.429 | 98.534 | 99.242 | 91.119 | 91.119 |
|   25  | 84.429 | 98.534 | 99.242 | 91.128 | 91.128 |
|   26  | 84.429 | 98.534 | 99.242 | 91.128 | 91.128 |
|   27  | 84.429 | 98.534 | 99.242 | 91.128 | 91.128 |
|   28  | 84.429 | 98.534 | 99.242 | 91.128 | 91.128 |
|   29  | 84.429 | 98.534 | 99.242 | 91.128 | 91.128 |
+-------+--------+--------+--------+--------+--------+
     logs:  {'epo': 29, 'R1': np.float32(84.429), 'R5': np.float32(98.534), 'R10': np.float32(99.242), 'mAP': np.float32(91.128), 'mINP': np.float32(91.128), 'lr': 1e-06, 'entropy': 0.152562, 'loss': 0.152562}
### best epoch: 0
### Time 1:04:05
NNODES,  1
NODE_RANK,  0
MASTER_ADDR,  127.0.0.1
MASTER_PORT,  1612
NPROC_PER_NODE,  2
task:  tta_exp0.1
config:  configs/tta_exp0.1.yaml
output_dir:  output/tta_exp0.1/2025081818400
CUDA_VISIBLE_DEVICES=2 python3 tta.py --config configs/tta_exp0.1.yaml --task tta_exp0.1 --output_dir output/tta_exp0.1/2025081818400 --checkpoint checkpoint/cmp.pth --bs 0 --epo 0 --lr 0.0 --seed 42 --tta
