/home/jiahao/miniconda3/envs/cmp/lib/python3.10/site-packages/torch/functional.py:554: UserWarning: torch.meshgrid: in an upcoming release, it will be required to pass the indexing argument. (Triggered internally at /pytorch/aten/src/ATen/native/TensorShape.cpp:4322.)
  return _VF.meshgrid(tensors, **kwargs)  # type: ignore[attr-defined]
Not using distributed mode
### Hyper-parameters:
     seed: 42
     device: cuda
     output_dir: output/tta_exp15.7/2025090606354
     batch_size_tta: 16
     epochs: 30
     lr: 0.001
### Creating test dataset
from data/PAB/annotation/test/attr.json loading 1978 data
     test dataset -->    be_pose_img: True
     test_dataset: 1978
### Creating test dataloader
### be careful: func create_loader returns a list length of 1
     test_loader: 90
### Creating model
build_vision_encoder: load swin 224 x 224 ====>
missing_keys:  []
unexpected_keys:  ['head.weight', 'head.bias']
build_text_encoder: load bert ====>
missing_keys: ['bert.encoder.layer.10.crossattention.output.LayerNorm.bias', 'bert.encoder.layer.10.crossattention.output.LayerNorm.weight', 'bert.encoder.layer.10.crossattention.output.dense.bias', 'bert.encoder.layer.10.crossattention.output.dense.weight', 'bert.encoder.layer.10.crossattention.self.key.bias', 'bert.encoder.layer.10.crossattention.self.key.weight', 'bert.encoder.layer.10.crossattention.self.query.bias', 'bert.encoder.layer.10.crossattention.self.query.weight', 'bert.encoder.layer.10.crossattention.self.value.bias', 'bert.encoder.layer.10.crossattention.self.value.weight', 'bert.encoder.layer.11.crossattention.output.LayerNorm.bias', 'bert.encoder.layer.11.crossattention.output.LayerNorm.weight', 'bert.encoder.layer.11.crossattention.output.dense.bias', 'bert.encoder.layer.11.crossattention.output.dense.weight', 'bert.encoder.layer.11.crossattention.self.key.bias', 'bert.encoder.layer.11.crossattention.self.key.weight', 'bert.encoder.layer.11.crossattention.self.query.bias', 'bert.encoder.layer.11.crossattention.self.query.weight', 'bert.encoder.layer.11.crossattention.self.value.bias', 'bert.encoder.layer.11.crossattention.self.value.weight', 'bert.encoder.layer.6.crossattention.output.LayerNorm.bias', 'bert.encoder.layer.6.crossattention.output.LayerNorm.weight', 'bert.encoder.layer.6.crossattention.output.dense.bias', 'bert.encoder.layer.6.crossattention.output.dense.weight', 'bert.encoder.layer.6.crossattention.self.key.bias', 'bert.encoder.layer.6.crossattention.self.key.weight', 'bert.encoder.layer.6.crossattention.self.query.bias', 'bert.encoder.layer.6.crossattention.self.query.weight', 'bert.encoder.layer.6.crossattention.self.value.bias', 'bert.encoder.layer.6.crossattention.self.value.weight', 'bert.encoder.layer.7.crossattention.output.LayerNorm.bias', 'bert.encoder.layer.7.crossattention.output.LayerNorm.weight', 'bert.encoder.layer.7.crossattention.output.dense.bias', 'bert.encoder.layer.7.crossattention.output.dense.weight', 'bert.encoder.layer.7.crossattention.self.key.bias', 'bert.encoder.layer.7.crossattention.self.key.weight', 'bert.encoder.layer.7.crossattention.self.query.bias', 'bert.encoder.layer.7.crossattention.self.query.weight', 'bert.encoder.layer.7.crossattention.self.value.bias', 'bert.encoder.layer.7.crossattention.self.value.weight', 'bert.encoder.layer.8.crossattention.output.LayerNorm.bias', 'bert.encoder.layer.8.crossattention.output.LayerNorm.weight', 'bert.encoder.layer.8.crossattention.output.dense.bias', 'bert.encoder.layer.8.crossattention.output.dense.weight', 'bert.encoder.layer.8.crossattention.self.key.bias', 'bert.encoder.layer.8.crossattention.self.key.weight', 'bert.encoder.layer.8.crossattention.self.query.bias', 'bert.encoder.layer.8.crossattention.self.query.weight', 'bert.encoder.layer.8.crossattention.self.value.bias', 'bert.encoder.layer.8.crossattention.self.value.weight', 'bert.encoder.layer.9.crossattention.output.LayerNorm.bias', 'bert.encoder.layer.9.crossattention.output.LayerNorm.weight', 'bert.encoder.layer.9.crossattention.output.dense.bias', 'bert.encoder.layer.9.crossattention.output.dense.weight', 'bert.encoder.layer.9.crossattention.self.key.bias', 'bert.encoder.layer.9.crossattention.self.key.weight', 'bert.encoder.layer.9.crossattention.self.query.bias', 'bert.encoder.layer.9.crossattention.self.query.weight', 'bert.encoder.layer.9.crossattention.self.value.bias', 'bert.encoder.layer.9.crossattention.self.value.weight']
unexpected_keys: ['cls.seq_relationship.bias', 'cls.seq_relationship.weight']
mismatched_keys: []
error_msgs: []
Label Smooth: 0.2
pose_conv
load checkpoint from checkpoint/cmp.pth
missing_keys:  ['uncertainty_temper', 'prompt_learning_embedding']
unexpected_keys:  []
     Total Params Sum:  254264985
### Inference ITC similiarity matrix
### Zero-Shot Score: 
+-------+--------+--------+--------+--------+--------+
| epoch |   R1   |   R5   |  R10   |  mAP   |  mINP  |
+-------+--------+--------+--------+--------+--------+
|  -999 | 69.414 | 95.197 | 97.776 | 81.233 | 81.233 |
|  -999 | 84.277 | 99.039 | 99.596 | 91.276 | 91.276 |
+-------+--------+--------+--------+--------+--------+
### TTA:
     preprocess_tta_coefficients  start
     sample selection ...
     number of sample after sample_selection: 1257
     uncertainty ...
     preprocess_tta_coefficients  end
### Creating tta dataset
     tta_dataset: 1257
### Creating tta dataloader
### be careful: func create_loader returns a list length of 1
     tta_loader: 78
### Configure adapted weights
     TTA Dropout Modules: 
 [('vision_encoder.pos_drop', Dropout(p=0, inplace=False), True), ('vision_encoder.layers.0.blocks.0.attn.attn_drop', Dropout(p=0.0, inplace=False), True), ('vision_encoder.layers.0.blocks.0.attn.proj_drop', Dropout(p=0, inplace=False), True), ('vision_encoder.layers.0.blocks.0.mlp.drop', Dropout(p=0, inplace=False), True), ('vision_encoder.layers.0.blocks.1.attn.attn_drop', Dropout(p=0.0, inplace=False), True), ('vision_encoder.layers.0.blocks.1.attn.proj_drop', Dropout(p=0, inplace=False), True), ('vision_encoder.layers.0.blocks.1.mlp.drop', Dropout(p=0, inplace=False), True), ('vision_encoder.layers.1.blocks.0.attn.attn_drop', Dropout(p=0.0, inplace=False), True), ('vision_encoder.layers.1.blocks.0.attn.proj_drop', Dropout(p=0, inplace=False), True), ('vision_encoder.layers.1.blocks.0.mlp.drop', Dropout(p=0, inplace=False), True), ('vision_encoder.layers.1.blocks.1.attn.attn_drop', Dropout(p=0.0, inplace=False), True), ('vision_encoder.layers.1.blocks.1.attn.proj_drop', Dropout(p=0, inplace=False), True), ('vision_encoder.layers.1.blocks.1.mlp.drop', Dropout(p=0, inplace=False), True), ('vision_encoder.layers.2.blocks.0.attn.attn_drop', Dropout(p=0.0, inplace=False), True), ('vision_encoder.layers.2.blocks.0.attn.proj_drop', Dropout(p=0, inplace=False), True), ('vision_encoder.layers.2.blocks.0.mlp.drop', Dropout(p=0, inplace=False), True), ('vision_encoder.layers.2.blocks.1.attn.attn_drop', Dropout(p=0.0, inplace=False), True), ('vision_encoder.layers.2.blocks.1.attn.proj_drop', Dropout(p=0, inplace=False), True), ('vision_encoder.layers.2.blocks.1.mlp.drop', Dropout(p=0, inplace=False), True), ('vision_encoder.layers.2.blocks.2.attn.attn_drop', Dropout(p=0.0, inplace=False), True), ('vision_encoder.layers.2.blocks.2.attn.proj_drop', Dropout(p=0, inplace=False), True), ('vision_encoder.layers.2.blocks.2.mlp.drop', Dropout(p=0, inplace=False), True), ('vision_encoder.layers.2.blocks.3.attn.attn_drop', Dropout(p=0.0, inplace=False), True), ('vision_encoder.layers.2.blocks.3.attn.proj_drop', Dropout(p=0, inplace=False), True), ('vision_encoder.layers.2.blocks.3.mlp.drop', Dropout(p=0, inplace=False), True), ('vision_encoder.layers.2.blocks.4.attn.attn_drop', Dropout(p=0.0, inplace=False), True), ('vision_encoder.layers.2.blocks.4.attn.proj_drop', Dropout(p=0, inplace=False), True), ('vision_encoder.layers.2.blocks.4.mlp.drop', Dropout(p=0, inplace=False), True), ('vision_encoder.layers.2.blocks.5.attn.attn_drop', Dropout(p=0.0, inplace=False), True), ('vision_encoder.layers.2.blocks.5.attn.proj_drop', Dropout(p=0, inplace=False), True), ('vision_encoder.layers.2.blocks.5.mlp.drop', Dropout(p=0, inplace=False), True), ('vision_encoder.layers.2.blocks.6.attn.attn_drop', Dropout(p=0.0, inplace=False), True), ('vision_encoder.layers.2.blocks.6.attn.proj_drop', Dropout(p=0, inplace=False), True), ('vision_encoder.layers.2.blocks.6.mlp.drop', Dropout(p=0, inplace=False), True), ('vision_encoder.layers.2.blocks.7.attn.attn_drop', Dropout(p=0.0, inplace=False), True), ('vision_encoder.layers.2.blocks.7.attn.proj_drop', Dropout(p=0, inplace=False), True), ('vision_encoder.layers.2.blocks.7.mlp.drop', Dropout(p=0, inplace=False), True), ('vision_encoder.layers.2.blocks.8.attn.attn_drop', Dropout(p=0.0, inplace=False), True), ('vision_encoder.layers.2.blocks.8.attn.proj_drop', Dropout(p=0, inplace=False), True), ('vision_encoder.layers.2.blocks.8.mlp.drop', Dropout(p=0, inplace=False), True), ('vision_encoder.layers.2.blocks.9.attn.attn_drop', Dropout(p=0.0, inplace=False), True), ('vision_encoder.layers.2.blocks.9.attn.proj_drop', Dropout(p=0, inplace=False), True), ('vision_encoder.layers.2.blocks.9.mlp.drop', Dropout(p=0, inplace=False), True), ('vision_encoder.layers.2.blocks.10.attn.attn_drop', Dropout(p=0.0, inplace=False), True), ('vision_encoder.layers.2.blocks.10.attn.proj_drop', Dropout(p=0, inplace=False), True), ('vision_encoder.layers.2.blocks.10.mlp.drop', Dropout(p=0, inplace=False), True), ('vision_encoder.layers.2.blocks.11.attn.attn_drop', Dropout(p=0.0, inplace=False), True), ('vision_encoder.layers.2.blocks.11.attn.proj_drop', Dropout(p=0, inplace=False), True), ('vision_encoder.layers.2.blocks.11.mlp.drop', Dropout(p=0, inplace=False), True), ('vision_encoder.layers.2.blocks.12.attn.attn_drop', Dropout(p=0.0, inplace=False), True), ('vision_encoder.layers.2.blocks.12.attn.proj_drop', Dropout(p=0, inplace=False), True), ('vision_encoder.layers.2.blocks.12.mlp.drop', Dropout(p=0, inplace=False), True), ('vision_encoder.layers.2.blocks.13.attn.attn_drop', Dropout(p=0.0, inplace=False), True), ('vision_encoder.layers.2.blocks.13.attn.proj_drop', Dropout(p=0, inplace=False), True), ('vision_encoder.layers.2.blocks.13.mlp.drop', Dropout(p=0, inplace=False), True), ('vision_encoder.layers.2.blocks.14.attn.attn_drop', Dropout(p=0.0, inplace=False), True), ('vision_encoder.layers.2.blocks.14.attn.proj_drop', Dropout(p=0, inplace=False), True), ('vision_encoder.layers.2.blocks.14.mlp.drop', Dropout(p=0, inplace=False), True), ('vision_encoder.layers.2.blocks.15.attn.attn_drop', Dropout(p=0.0, inplace=False), True), ('vision_encoder.layers.2.blocks.15.attn.proj_drop', Dropout(p=0, inplace=False), True), ('vision_encoder.layers.2.blocks.15.mlp.drop', Dropout(p=0, inplace=False), True), ('vision_encoder.layers.2.blocks.16.attn.attn_drop', Dropout(p=0.0, inplace=False), True), ('vision_encoder.layers.2.blocks.16.attn.proj_drop', Dropout(p=0, inplace=False), True), ('vision_encoder.layers.2.blocks.16.mlp.drop', Dropout(p=0, inplace=False), True), ('vision_encoder.layers.2.blocks.17.attn.attn_drop', Dropout(p=0.0, inplace=False), True), ('vision_encoder.layers.2.blocks.17.attn.proj_drop', Dropout(p=0, inplace=False), True), ('vision_encoder.layers.2.blocks.17.mlp.drop', Dropout(p=0, inplace=False), True), ('vision_encoder.layers.3.blocks.0.attn.attn_drop', Dropout(p=0.0, inplace=False), True), ('vision_encoder.layers.3.blocks.0.attn.proj_drop', Dropout(p=0, inplace=False), True), ('vision_encoder.layers.3.blocks.0.mlp.drop', Dropout(p=0, inplace=False), True), ('vision_encoder.layers.3.blocks.1.attn.attn_drop', Dropout(p=0.0, inplace=False), True), ('vision_encoder.layers.3.blocks.1.attn.proj_drop', Dropout(p=0, inplace=False), True), ('vision_encoder.layers.3.blocks.1.mlp.drop', Dropout(p=0, inplace=False), True), ('text_encoder.bert.embeddings.dropout', Dropout(p=0.1, inplace=False), True), ('text_encoder.bert.encoder.layer.0.attention.self.dropout', Dropout(p=0.1, inplace=False), True), ('text_encoder.bert.encoder.layer.0.attention.output.dropout', Dropout(p=0.1, inplace=False), True), ('text_encoder.bert.encoder.layer.0.output.dropout', Dropout(p=0.1, inplace=False), True), ('text_encoder.bert.encoder.layer.1.attention.self.dropout', Dropout(p=0.1, inplace=False), True), ('text_encoder.bert.encoder.layer.1.attention.output.dropout', Dropout(p=0.1, inplace=False), True), ('text_encoder.bert.encoder.layer.1.output.dropout', Dropout(p=0.1, inplace=False), True), ('text_encoder.bert.encoder.layer.2.attention.self.dropout', Dropout(p=0.1, inplace=False), True), ('text_encoder.bert.encoder.layer.2.attention.output.dropout', Dropout(p=0.1, inplace=False), True), ('text_encoder.bert.encoder.layer.2.output.dropout', Dropout(p=0.1, inplace=False), True), ('text_encoder.bert.encoder.layer.3.attention.self.dropout', Dropout(p=0.1, inplace=False), True), ('text_encoder.bert.encoder.layer.3.attention.output.dropout', Dropout(p=0.1, inplace=False), True), ('text_encoder.bert.encoder.layer.3.output.dropout', Dropout(p=0.1, inplace=False), True), ('text_encoder.bert.encoder.layer.4.attention.self.dropout', Dropout(p=0.1, inplace=False), True), ('text_encoder.bert.encoder.layer.4.attention.output.dropout', Dropout(p=0.1, inplace=False), True), ('text_encoder.bert.encoder.layer.4.output.dropout', Dropout(p=0.1, inplace=False), True), ('text_encoder.bert.encoder.layer.5.attention.self.dropout', Dropout(p=0.1, inplace=False), True), ('text_encoder.bert.encoder.layer.5.attention.output.dropout', Dropout(p=0.1, inplace=False), True), ('text_encoder.bert.encoder.layer.5.output.dropout', Dropout(p=0.1, inplace=False), True), ('text_encoder.bert.encoder.layer.6.attention.self.dropout', Dropout(p=0.1, inplace=False), True), ('text_encoder.bert.encoder.layer.6.attention.output.dropout', Dropout(p=0.1, inplace=False), True), ('text_encoder.bert.encoder.layer.6.crossattention.self.dropout', Dropout(p=0.1, inplace=False), True), ('text_encoder.bert.encoder.layer.6.crossattention.output.dropout', Dropout(p=0.1, inplace=False), True), ('text_encoder.bert.encoder.layer.6.output.dropout', Dropout(p=0.1, inplace=False), True), ('text_encoder.bert.encoder.layer.7.attention.self.dropout', Dropout(p=0.1, inplace=False), True), ('text_encoder.bert.encoder.layer.7.attention.output.dropout', Dropout(p=0.1, inplace=False), True), ('text_encoder.bert.encoder.layer.7.crossattention.self.dropout', Dropout(p=0.1, inplace=False), True), ('text_encoder.bert.encoder.layer.7.crossattention.output.dropout', Dropout(p=0.1, inplace=False), True), ('text_encoder.bert.encoder.layer.7.output.dropout', Dropout(p=0.1, inplace=False), True), ('text_encoder.bert.encoder.layer.8.attention.self.dropout', Dropout(p=0.1, inplace=False), True), ('text_encoder.bert.encoder.layer.8.attention.output.dropout', Dropout(p=0.1, inplace=False), True), ('text_encoder.bert.encoder.layer.8.crossattention.self.dropout', Dropout(p=0.1, inplace=False), True), ('text_encoder.bert.encoder.layer.8.crossattention.output.dropout', Dropout(p=0.1, inplace=False), True), ('text_encoder.bert.encoder.layer.8.output.dropout', Dropout(p=0.1, inplace=False), True), ('text_encoder.bert.encoder.layer.9.attention.self.dropout', Dropout(p=0.1, inplace=False), True), ('text_encoder.bert.encoder.layer.9.attention.output.dropout', Dropout(p=0.1, inplace=False), True), ('text_encoder.bert.encoder.layer.9.crossattention.self.dropout', Dropout(p=0.1, inplace=False), True), ('text_encoder.bert.encoder.layer.9.crossattention.output.dropout', Dropout(p=0.1, inplace=False), True), ('text_encoder.bert.encoder.layer.9.output.dropout', Dropout(p=0.1, inplace=False), True), ('text_encoder.bert.encoder.layer.10.attention.self.dropout', Dropout(p=0.1, inplace=False), True), ('text_encoder.bert.encoder.layer.10.attention.output.dropout', Dropout(p=0.1, inplace=False), True), ('text_encoder.bert.encoder.layer.10.crossattention.self.dropout', Dropout(p=0.1, inplace=False), True), ('text_encoder.bert.encoder.layer.10.crossattention.output.dropout', Dropout(p=0.1, inplace=False), True), ('text_encoder.bert.encoder.layer.10.output.dropout', Dropout(p=0.1, inplace=False), True), ('text_encoder.bert.encoder.layer.11.attention.self.dropout', Dropout(p=0.1, inplace=False), True), ('text_encoder.bert.encoder.layer.11.attention.output.dropout', Dropout(p=0.1, inplace=False), True), ('text_encoder.bert.encoder.layer.11.crossattention.self.dropout', Dropout(p=0.1, inplace=False), True), ('text_encoder.bert.encoder.layer.11.crossattention.output.dropout', Dropout(p=0.1, inplace=False), True), ('text_encoder.bert.encoder.layer.11.output.dropout', Dropout(p=0.1, inplace=False), True), ('vision_proj.1', Dropout(p=0.5, inplace=False), True), ('text_proj.1', Dropout(p=0.5, inplace=False), True), ('pose_block.attn.attn_drop', Dropout(p=0.0, inplace=False), True), ('pose_block.attn.proj_drop', Dropout(p=0.0, inplace=False), True)]
     TTA Require Gradient Params: 
 [('uncertainty_temper', torch.Size([1])), ('text_encoder.bert.embeddings.LayerNorm.weight', torch.Size([768])), ('text_encoder.bert.embeddings.LayerNorm.bias', torch.Size([768])), ('text_encoder.bert.encoder.layer.6.attention.output.LayerNorm.weight', torch.Size([768])), ('text_encoder.bert.encoder.layer.6.attention.output.LayerNorm.bias', torch.Size([768])), ('text_encoder.bert.encoder.layer.6.crossattention.output.LayerNorm.weight', torch.Size([768])), ('text_encoder.bert.encoder.layer.6.crossattention.output.LayerNorm.bias', torch.Size([768])), ('text_encoder.bert.encoder.layer.6.output.LayerNorm.weight', torch.Size([768])), ('text_encoder.bert.encoder.layer.6.output.LayerNorm.bias', torch.Size([768])), ('text_encoder.bert.encoder.layer.7.attention.output.LayerNorm.weight', torch.Size([768])), ('text_encoder.bert.encoder.layer.7.attention.output.LayerNorm.bias', torch.Size([768])), ('text_encoder.bert.encoder.layer.7.crossattention.output.LayerNorm.weight', torch.Size([768])), ('text_encoder.bert.encoder.layer.7.crossattention.output.LayerNorm.bias', torch.Size([768])), ('text_encoder.bert.encoder.layer.7.output.LayerNorm.weight', torch.Size([768])), ('text_encoder.bert.encoder.layer.7.output.LayerNorm.bias', torch.Size([768])), ('text_encoder.bert.encoder.layer.8.attention.output.LayerNorm.weight', torch.Size([768])), ('text_encoder.bert.encoder.layer.8.attention.output.LayerNorm.bias', torch.Size([768])), ('text_encoder.bert.encoder.layer.8.crossattention.output.LayerNorm.weight', torch.Size([768])), ('text_encoder.bert.encoder.layer.8.crossattention.output.LayerNorm.bias', torch.Size([768])), ('text_encoder.bert.encoder.layer.8.output.LayerNorm.weight', torch.Size([768])), ('text_encoder.bert.encoder.layer.8.output.LayerNorm.bias', torch.Size([768])), ('text_encoder.bert.encoder.layer.9.attention.output.LayerNorm.weight', torch.Size([768])), ('text_encoder.bert.encoder.layer.9.attention.output.LayerNorm.bias', torch.Size([768])), ('text_encoder.bert.encoder.layer.9.crossattention.output.LayerNorm.weight', torch.Size([768])), ('text_encoder.bert.encoder.layer.9.crossattention.output.LayerNorm.bias', torch.Size([768])), ('text_encoder.bert.encoder.layer.9.output.LayerNorm.weight', torch.Size([768])), ('text_encoder.bert.encoder.layer.9.output.LayerNorm.bias', torch.Size([768])), ('text_encoder.bert.encoder.layer.10.attention.output.LayerNorm.weight', torch.Size([768])), ('text_encoder.bert.encoder.layer.10.attention.output.LayerNorm.bias', torch.Size([768])), ('text_encoder.bert.encoder.layer.10.crossattention.output.LayerNorm.weight', torch.Size([768])), ('text_encoder.bert.encoder.layer.10.crossattention.output.LayerNorm.bias', torch.Size([768])), ('text_encoder.bert.encoder.layer.10.output.LayerNorm.weight', torch.Size([768])), ('text_encoder.bert.encoder.layer.10.output.LayerNorm.bias', torch.Size([768])), ('text_encoder.bert.encoder.layer.11.attention.output.LayerNorm.weight', torch.Size([768])), ('text_encoder.bert.encoder.layer.11.attention.output.LayerNorm.bias', torch.Size([768])), ('text_encoder.bert.encoder.layer.11.crossattention.output.LayerNorm.weight', torch.Size([768])), ('text_encoder.bert.encoder.layer.11.crossattention.output.LayerNorm.bias', torch.Size([768])), ('text_encoder.bert.encoder.layer.11.output.LayerNorm.weight', torch.Size([768])), ('text_encoder.bert.encoder.layer.11.output.LayerNorm.bias', torch.Size([768])), ('text_encoder.cls.predictions.transform.LayerNorm.weight', torch.Size([768])), ('text_encoder.cls.predictions.transform.LayerNorm.bias', torch.Size([768])), ('itm_head.1.weight', torch.Size([1536])), ('itm_head.1.bias', torch.Size([1536]))]
     TTA Dropout Modules Number: 
 126
     TTA Require Gradient Params Sum: 
 33793
     lr:  0.001    lr_mult:  2
     model has 'init_params',  386
     num_tta_steps:  2370
     num_warmup_steps:  100
     sched: step
/home/jiahao/task/CMP/tta.py:208: FutureWarning: `torch.cuda.amp.GradScaler(args...)` is deprecated. Please use `torch.amp.GradScaler('cuda', args...)` instead.
  scaler = GradScaler()  # bf16
### Start ITM Test Time Adaptation
      TTA Epoch: [0] [ 0/78]  eta: 0:01:26  lr: 0.000010  entropy: 0.2943  loss: 5.2684  entr_unc: 5.2120  uncertainty: 0.0563  uncertainty_multiply_coeffi: 0.0563  time: 1.1080  data: 0.4669  max mem: 2639
      TTA Epoch: [0] [77/78]  eta: 0:00:00  lr: 0.000780  entropy: 0.0781  loss: 1.3956  entr_unc: 1.3381  uncertainty: 0.0575  uncertainty_multiply_coeffi: 0.0575  time: 0.0378  data: 0.0004  max mem: 2671
      TTA Epoch: [0] Total time: 0:00:04 (0.0530 s / it)
     Averaged stats: lr: 0.0004  entropy: 0.2557  loss: 4.5684  entr_unc: 4.5116  uncertainty: 0.0568  uncertainty_multiply_coeffi: 0.0568
     itm tta time 0:00:04
     Computing matching score
      Evaluation: [   0/1978]  eta: 0:04:08    time: 0.1257  data: 0.0042  max mem: 2671
      Evaluation: [ 100/1978]  eta: 0:01:24    time: 0.0446  data: 0.0000  max mem: 2671
      Evaluation: [ 200/1978]  eta: 0:01:19    time: 0.0438  data: 0.0000  max mem: 2671
      Evaluation: [ 300/1978]  eta: 0:01:14    time: 0.0466  data: 0.0000  max mem: 2671
      Evaluation: [ 400/1978]  eta: 0:01:10    time: 0.0444  data: 0.0000  max mem: 2671
      Evaluation: [ 500/1978]  eta: 0:01:05    time: 0.0440  data: 0.0000  max mem: 2671
      Evaluation: [ 600/1978]  eta: 0:01:01    time: 0.0446  data: 0.0000  max mem: 2671
      Evaluation: [ 700/1978]  eta: 0:00:56    time: 0.0446  data: 0.0000  max mem: 2671
      Evaluation: [ 800/1978]  eta: 0:00:52    time: 0.0466  data: 0.0000  max mem: 2671
      Evaluation: [ 900/1978]  eta: 0:00:48    time: 0.0453  data: 0.0000  max mem: 2671
      Evaluation: [1000/1978]  eta: 0:00:43    time: 0.0453  data: 0.0000  max mem: 2671
      Evaluation: [1100/1978]  eta: 0:00:39    time: 0.0457  data: 0.0000  max mem: 2671
      Evaluation: [1200/1978]  eta: 0:00:35    time: 0.0459  data: 0.0000  max mem: 2671
      Evaluation: [1300/1978]  eta: 0:00:30    time: 0.0470  data: 0.0000  max mem: 2671
      Evaluation: [1400/1978]  eta: 0:00:26    time: 0.0455  data: 0.0000  max mem: 2671
      Evaluation: [1500/1978]  eta: 0:00:21    time: 0.0455  data: 0.0000  max mem: 2671
      Evaluation: [1600/1978]  eta: 0:00:17    time: 0.0456  data: 0.0000  max mem: 2671
      Evaluation: [1700/1978]  eta: 0:00:12    time: 0.0479  data: 0.0000  max mem: 2671
      Evaluation: [1800/1978]  eta: 0:00:08    time: 0.0469  data: 0.0000  max mem: 2671
      Evaluation: [1900/1978]  eta: 0:00:03    time: 0.0466  data: 0.0000  max mem: 2671
      Evaluation: [1977/1978]  eta: 0:00:00    time: 0.0473  data: 0.0000  max mem: 2671
      Evaluation: Total time: 0:01:30 (0.0457 s / it)
     Computing matching score time 0:01:30
### TTA ITM Score: 
+-------+--------+--------+--------+--------+--------+
| epoch |   R1   |   R5   |  R10   |  mAP   |  mINP  |
+-------+--------+--------+--------+--------+--------+
|  -999 | 69.414 | 95.197 | 97.776 | 81.233 | 81.233 |
|  -999 | 84.277 | 99.039 | 99.596 | 91.276 | 91.276 |
|   0   | 84.277 | 98.635 | 99.191 | 91.124 | 91.124 |
+-------+--------+--------+--------+--------+--------+
     logs:  {'epo': 0, 'R1': np.float32(84.277), 'R5': np.float32(98.635), 'R10': np.float32(99.191), 'mAP': np.float32(91.124), 'mINP': np.float32(91.124), 'lr': 0.000395, 'entropy': 0.255682, 'loss': 4.568391, 'entr_unc': 4.511595, 'uncertainty': 0.056796, 'uncertainty_multiply_coeffi': 0.056796}
      TTA Epoch: [1] [ 0/78]  eta: 0:00:42  lr: 0.000790  entropy: 0.1023  loss: 1.8086  entr_unc: 1.7499  uncertainty: 0.0587  uncertainty_multiply_coeffi: 0.0587  time: 0.5483  data: 0.4804  max mem: 2671
      TTA Epoch: [1] [77/78]  eta: 0:00:00  lr: 0.000975  entropy: 0.1320  loss: 2.1593  entr_unc: 2.0982  uncertainty: 0.0611  uncertainty_multiply_coeffi: 0.0611  time: 0.0356  data: 0.0002  max mem: 2671
      TTA Epoch: [1] Total time: 0:00:03 (0.0442 s / it)
     Averaged stats: lr: 0.0010  entropy: 0.1257  loss: 2.1826  entr_unc: 2.1234  uncertainty: 0.0591  uncertainty_multiply_coeffi: 0.0591
     itm tta time 0:00:03
     Computing matching score
      Evaluation: [   0/1978]  eta: 0:03:00    time: 0.0914  data: 0.0044  max mem: 2671
      Evaluation: [ 100/1978]  eta: 0:01:24    time: 0.0444  data: 0.0000  max mem: 2671
      Evaluation: [ 200/1978]  eta: 0:01:19    time: 0.0447  data: 0.0000  max mem: 2671
      Evaluation: [ 300/1978]  eta: 0:01:15    time: 0.0440  data: 0.0000  max mem: 2671
      Evaluation: [ 400/1978]  eta: 0:01:10    time: 0.0440  data: 0.0000  max mem: 2671
      Evaluation: [ 500/1978]  eta: 0:01:05    time: 0.0443  data: 0.0000  max mem: 2671
      Evaluation: [ 600/1978]  eta: 0:01:01    time: 0.0447  data: 0.0000  max mem: 2671
      Evaluation: [ 700/1978]  eta: 0:00:56    time: 0.0448  data: 0.0000  max mem: 2671
      Evaluation: [ 800/1978]  eta: 0:00:52    time: 0.0475  data: 0.0000  max mem: 2671
      Evaluation: [ 900/1978]  eta: 0:00:48    time: 0.0450  data: 0.0000  max mem: 2671
      Evaluation: [1000/1978]  eta: 0:00:43    time: 0.0452  data: 0.0000  max mem: 2671
      Evaluation: [1100/1978]  eta: 0:00:39    time: 0.0448  data: 0.0000  max mem: 2671
      Evaluation: [1200/1978]  eta: 0:00:34    time: 0.0446  data: 0.0000  max mem: 2671
      Evaluation: [1300/1978]  eta: 0:00:30    time: 0.0472  data: 0.0000  max mem: 2671
      Evaluation: [1400/1978]  eta: 0:00:26    time: 0.0446  data: 0.0000  max mem: 2671
      Evaluation: [1500/1978]  eta: 0:00:21    time: 0.0447  data: 0.0000  max mem: 2671
      Evaluation: [1600/1978]  eta: 0:00:17    time: 0.0447  data: 0.0000  max mem: 2671
      Evaluation: [1700/1978]  eta: 0:00:12    time: 0.0454  data: 0.0000  max mem: 2671
      Evaluation: [1800/1978]  eta: 0:00:08    time: 0.0452  data: 0.0000  max mem: 2671
      Evaluation: [1900/1978]  eta: 0:00:03    time: 0.0449  data: 0.0000  max mem: 2671
      Evaluation: [1977/1978]  eta: 0:00:00    time: 0.0452  data: 0.0000  max mem: 2671
      Evaluation: Total time: 0:01:29 (0.0451 s / it)
     Computing matching score time 0:01:29
### TTA ITM Score: 
+-------+--------+--------+--------+--------+--------+
| epoch |   R1   |   R5   |  R10   |  mAP   |  mINP  |
+-------+--------+--------+--------+--------+--------+
|  -999 | 69.414 | 95.197 | 97.776 | 81.233 | 81.233 |
|  -999 | 84.277 | 99.039 | 99.596 | 91.276 | 91.276 |
|   0   | 84.277 | 98.635 | 99.191 | 91.124 | 91.124 |
|   1   | 83.974 | 98.433 | 99.141 | 90.854 | 90.854 |
+-------+--------+--------+--------+--------+--------+
     logs:  {'epo': 1, 'R1': np.float32(83.974), 'R5': np.float32(98.433), 'R10': np.float32(99.141), 'mAP': np.float32(90.854), 'mINP': np.float32(90.854), 'lr': 0.000961, 'entropy': 0.125736, 'loss': 2.18255, 'entr_unc': 2.123418, 'uncertainty': 0.059132, 'uncertainty_multiply_coeffi': 0.059132}
      TTA Epoch: [2] [ 0/78]  eta: 0:00:32  lr: 0.000975  entropy: 0.1890  loss: 3.1607  entr_unc: 3.0991  uncertainty: 0.0616  uncertainty_multiply_coeffi: 0.0616  time: 0.4177  data: 0.3497  max mem: 2671
      TTA Epoch: [2] [77/78]  eta: 0:00:00  lr: 0.000941  entropy: 0.1652  loss: 2.7518  entr_unc: 2.6897  uncertainty: 0.0621  uncertainty_multiply_coeffi: 0.0621  time: 0.0385  data: 0.0045  max mem: 2671
      TTA Epoch: [2] Total time: 0:00:03 (0.0450 s / it)
     Averaged stats: lr: 0.0010  entropy: 0.0792  loss: 1.3378  entr_unc: 1.2758  uncertainty: 0.0620  uncertainty_multiply_coeffi: 0.0620
     itm tta time 0:00:03
     Computing matching score
      Evaluation: [   0/1978]  eta: 0:01:32    time: 0.0467  data: 0.0035  max mem: 2671
      Evaluation: [ 100/1978]  eta: 0:01:18    time: 0.0417  data: 0.0000  max mem: 2671
      Evaluation: [ 200/1978]  eta: 0:01:13    time: 0.0412  data: 0.0000  max mem: 2671
      Evaluation: [ 300/1978]  eta: 0:01:09    time: 0.0425  data: 0.0000  max mem: 2671
      Evaluation: [ 400/1978]  eta: 0:01:06    time: 0.0430  data: 0.0000  max mem: 2671
      Evaluation: [ 500/1978]  eta: 0:01:02    time: 0.0433  data: 0.0000  max mem: 2671
      Evaluation: [ 600/1978]  eta: 0:00:58    time: 0.0438  data: 0.0000  max mem: 2671
      Evaluation: [ 700/1978]  eta: 0:00:54    time: 0.0431  data: 0.0000  max mem: 2671
      Evaluation: [ 800/1978]  eta: 0:00:50    time: 0.0439  data: 0.0000  max mem: 2671
      Evaluation: [ 900/1978]  eta: 0:00:46    time: 0.0435  data: 0.0000  max mem: 2671
      Evaluation: [1000/1978]  eta: 0:00:41    time: 0.0435  data: 0.0000  max mem: 2671
      Evaluation: [1100/1978]  eta: 0:00:37    time: 0.0436  data: 0.0000  max mem: 2671
      Evaluation: [1200/1978]  eta: 0:00:33    time: 0.0443  data: 0.0000  max mem: 2671
      Evaluation: [1300/1978]  eta: 0:00:29    time: 0.0444  data: 0.0000  max mem: 2671
      Evaluation: [1400/1978]  eta: 0:00:24    time: 0.0437  data: 0.0000  max mem: 2671
      Evaluation: [1500/1978]  eta: 0:00:20    time: 0.0456  data: 0.0000  max mem: 2671
      Evaluation: [1600/1978]  eta: 0:00:16    time: 0.0447  data: 0.0000  max mem: 2671
      Evaluation: [1700/1978]  eta: 0:00:12    time: 0.0447  data: 0.0000  max mem: 2671
      Evaluation: [1800/1978]  eta: 0:00:07    time: 0.0449  data: 0.0000  max mem: 2671
      Evaluation: [1900/1978]  eta: 0:00:03    time: 0.0445  data: 0.0000  max mem: 2671
      Evaluation: [1977/1978]  eta: 0:00:00    time: 0.0461  data: 0.0000  max mem: 2671
      Evaluation: Total time: 0:01:26 (0.0437 s / it)
     Computing matching score time 0:01:26
### TTA ITM Score: 
+-------+--------+--------+--------+--------+--------+
| epoch |   R1   |   R5   |  R10   |  mAP   |  mINP  |
+-------+--------+--------+--------+--------+--------+
|  -999 | 69.414 | 95.197 | 97.776 | 81.233 | 81.233 |
|  -999 | 84.277 | 99.039 | 99.596 | 91.276 | 91.276 |
|   0   | 84.277 | 98.635 | 99.191 | 91.124 | 91.124 |
|   1   | 83.974 | 98.433 | 99.141 | 90.854 | 90.854 |
|   2   | 84.732 | 98.686 | 99.393 | 91.348 | 91.348 |
+-------+--------+--------+--------+--------+--------+
     logs:  {'epo': 2, 'R1': np.float32(84.732), 'R5': np.float32(98.686), 'R10': np.float32(99.393), 'mAP': np.float32(91.348), 'mINP': np.float32(91.348), 'lr': 0.000958, 'entropy': 0.079244, 'loss': 1.337848, 'entr_unc': 1.275816, 'uncertainty': 0.062032, 'uncertainty_multiply_coeffi': 0.062032}
      TTA Epoch: [3] [ 0/78]  eta: 0:00:40  lr: 0.000941  entropy: 0.0724  loss: 1.2432  entr_unc: 1.1797  uncertainty: 0.0636  uncertainty_multiply_coeffi: 0.0636  time: 0.5146  data: 0.4476  max mem: 2671
      TTA Epoch: [3] [77/78]  eta: 0:00:00  lr: 0.000907  entropy: 0.0941  loss: 1.4086  entr_unc: 1.3413  uncertainty: 0.0673  uncertainty_multiply_coeffi: 0.0673  time: 0.0586  data: 0.0065  max mem: 2671
      TTA Epoch: [3] Total time: 0:00:03 (0.0497 s / it)
     Averaged stats: lr: 0.0009  entropy: 0.0599  loss: 0.9870  entr_unc: 0.9221  uncertainty: 0.0649  uncertainty_multiply_coeffi: 0.0649
     itm tta time 0:00:03
     Computing matching score
      Evaluation: [   0/1978]  eta: 0:01:42    time: 0.0520  data: 0.0036  max mem: 2671
      Evaluation: [ 100/1978]  eta: 0:01:21    time: 0.0427  data: 0.0000  max mem: 2671
      Evaluation: [ 200/1978]  eta: 0:01:16    time: 0.0424  data: 0.0000  max mem: 2671
      Evaluation: [ 300/1978]  eta: 0:01:12    time: 0.0469  data: 0.0000  max mem: 2671
      Evaluation: [ 400/1978]  eta: 0:01:09    time: 0.0452  data: 0.0000  max mem: 2671
      Evaluation: [ 500/1978]  eta: 0:01:05    time: 0.0458  data: 0.0000  max mem: 2671
      Evaluation: [ 600/1978]  eta: 0:01:01    time: 0.0428  data: 0.0000  max mem: 2671
      Evaluation: [ 700/1978]  eta: 0:00:56    time: 0.0430  data: 0.0000  max mem: 2671
      Evaluation: [ 800/1978]  eta: 0:00:51    time: 0.0435  data: 0.0000  max mem: 2671
      Evaluation: [ 900/1978]  eta: 0:00:48    time: 0.0503  data: 0.0000  max mem: 2671
      Evaluation: [1000/1978]  eta: 0:00:44    time: 0.0527  data: 0.0000  max mem: 2671
      Evaluation: [1100/1978]  eta: 0:00:41    time: 0.0764  data: 0.0000  max mem: 2671
      Evaluation: [1200/1978]  eta: 0:00:38    time: 0.0701  data: 0.0000  max mem: 2671
      Evaluation: [1300/1978]  eta: 0:00:33    time: 0.0519  data: 0.0000  max mem: 2671
      Evaluation: [1400/1978]  eta: 0:00:28    time: 0.0462  data: 0.0000  max mem: 2671
      Evaluation: [1500/1978]  eta: 0:00:23    time: 0.0457  data: 0.0000  max mem: 2671
      Evaluation: [1600/1978]  eta: 0:00:18    time: 0.0436  data: 0.0000  max mem: 2671
      Evaluation: [1700/1978]  eta: 0:00:13    time: 0.0432  data: 0.0000  max mem: 2671
      Evaluation: [1800/1978]  eta: 0:00:08    time: 0.0454  data: 0.0000  max mem: 2671
      Evaluation: [1900/1978]  eta: 0:00:03    time: 0.0447  data: 0.0000  max mem: 2671
      Evaluation: [1977/1978]  eta: 0:00:00    time: 0.0463  data: 0.0000  max mem: 2671
      Evaluation: Total time: 0:01:34 (0.0480 s / it)
     Computing matching score time 0:01:35
### TTA ITM Score: 
+-------+--------+--------+--------+--------+--------+
| epoch |   R1   |   R5   |  R10   |  mAP   |  mINP  |
+-------+--------+--------+--------+--------+--------+
|  -999 | 69.414 | 95.197 | 97.776 | 81.233 | 81.233 |
|  -999 | 84.277 | 99.039 | 99.596 | 91.276 | 91.276 |
|   0   | 84.277 | 98.635 | 99.191 | 91.124 | 91.124 |
|   1   | 83.974 | 98.433 | 99.141 | 90.854 | 90.854 |
|   2   | 84.732 | 98.686 | 99.393 | 91.348 | 91.348 |
|   3   | 84.024 | 98.686 | 99.393 | 90.891 | 90.891 |
+-------+--------+--------+--------+--------+--------+
     logs:  {'epo': 3, 'R1': np.float32(84.024), 'R5': np.float32(98.686), 'R10': np.float32(99.393), 'mAP': np.float32(90.891), 'mINP': np.float32(90.891), 'lr': 0.000924, 'entropy': 0.059944, 'loss': 0.987038, 'entr_unc': 0.922143, 'uncertainty': 0.064896, 'uncertainty_multiply_coeffi': 0.064896}
      TTA Epoch: [4] [ 0/78]  eta: 0:01:24  lr: 0.000906  entropy: 0.0633  loss: 0.9826  entr_unc: 0.9165  uncertainty: 0.0661  uncertainty_multiply_coeffi: 0.0661  time: 1.0770  data: 0.9932  max mem: 2671
      TTA Epoch: [4] [77/78]  eta: 0:00:00  lr: 0.000872  entropy: 0.1046  loss: 1.5801  entr_unc: 1.5106  uncertainty: 0.0695  uncertainty_multiply_coeffi: 0.0695  time: 0.0468  data: 0.0057  max mem: 2671
      TTA Epoch: [4] Total time: 0:00:05 (0.0642 s / it)
     Averaged stats: lr: 0.0009  entropy: 0.0488  loss: 0.7866  entr_unc: 0.7189  uncertainty: 0.0677  uncertainty_multiply_coeffi: 0.0677
     itm tta time 0:00:05
     Computing matching score
      Evaluation: [   0/1978]  eta: 0:01:31    time: 0.0461  data: 0.0025  max mem: 2671
      Evaluation: [ 100/1978]  eta: 0:01:22    time: 0.0446  data: 0.0000  max mem: 2671
      Evaluation: [ 200/1978]  eta: 0:01:18    time: 0.0438  data: 0.0000  max mem: 2671
      Evaluation: [ 300/1978]  eta: 0:01:14    time: 0.0449  data: 0.0000  max mem: 2671
      Evaluation: [ 400/1978]  eta: 0:01:09    time: 0.0445  data: 0.0000  max mem: 2671
      Evaluation: [ 500/1978]  eta: 0:01:05    time: 0.0447  data: 0.0000  max mem: 2671
      Evaluation: [ 600/1978]  eta: 0:01:01    time: 0.0444  data: 0.0000  max mem: 2671
      Evaluation: [ 700/1978]  eta: 0:00:56    time: 0.0444  data: 0.0000  max mem: 2671
      Evaluation: [ 800/1978]  eta: 0:00:52    time: 0.0480  data: 0.0000  max mem: 2671
      Evaluation: [ 900/1978]  eta: 0:00:48    time: 0.0450  data: 0.0000  max mem: 2671
      Evaluation: [1000/1978]  eta: 0:00:43    time: 0.0453  data: 0.0000  max mem: 2671
      Evaluation: [1100/1978]  eta: 0:00:39    time: 0.0450  data: 0.0000  max mem: 2671
      Evaluation: [1200/1978]  eta: 0:00:34    time: 0.0437  data: 0.0000  max mem: 2671
      Evaluation: [1300/1978]  eta: 0:00:30    time: 0.0456  data: 0.0000  max mem: 2671
      Evaluation: [1400/1978]  eta: 0:00:26    time: 0.0470  data: 0.0000  max mem: 2671
      Evaluation: [1500/1978]  eta: 0:00:21    time: 0.0478  data: 0.0000  max mem: 2671
      Evaluation: [1600/1978]  eta: 0:00:17    time: 0.0477  data: 0.0000  max mem: 2671
      Evaluation: [1700/1978]  eta: 0:00:12    time: 0.0450  data: 0.0000  max mem: 2671
      Evaluation: [1800/1978]  eta: 0:00:08    time: 0.0451  data: 0.0000  max mem: 2671
      Evaluation: [1900/1978]  eta: 0:00:03    time: 0.0448  data: 0.0000  max mem: 2671
      Evaluation: [1977/1978]  eta: 0:00:00    time: 0.0449  data: 0.0000  max mem: 2671
      Evaluation: Total time: 0:01:29 (0.0454 s / it)
     Computing matching score time 0:01:30
### TTA ITM Score: 
+-------+--------+--------+--------+--------+--------+
| epoch |   R1   |   R5   |  R10   |  mAP   |  mINP  |
+-------+--------+--------+--------+--------+--------+
|  -999 | 69.414 | 95.197 | 97.776 | 81.233 | 81.233 |
|  -999 | 84.277 | 99.039 | 99.596 | 91.276 | 91.276 |
|   0   | 84.277 | 98.635 | 99.191 | 91.124 | 91.124 |
|   1   | 83.974 | 98.433 | 99.141 | 90.854 | 90.854 |
|   2   | 84.732 | 98.686 | 99.393 | 91.348 | 91.348 |
|   3   | 84.024 | 98.686 | 99.393 | 90.891 | 90.891 |
|   4   | 84.783 | 98.483 | 99.444 | 91.304 | 91.304 |
+-------+--------+--------+--------+--------+--------+
     logs:  {'epo': 4, 'R1': np.float32(84.783), 'R5': np.float32(98.483), 'R10': np.float32(99.444), 'mAP': np.float32(91.304), 'mINP': np.float32(91.304), 'lr': 0.000889, 'entropy': 0.04879, 'loss': 0.786648, 'entr_unc': 0.718939, 'uncertainty': 0.067709, 'uncertainty_multiply_coeffi': 0.067709}
      TTA Epoch: [5] [ 0/78]  eta: 0:00:42  lr: 0.000872  entropy: 0.1056  loss: 1.5748  entr_unc: 1.5045  uncertainty: 0.0703  uncertainty_multiply_coeffi: 0.0703  time: 0.5495  data: 0.4894  max mem: 2671
      TTA Epoch: [5] [77/78]  eta: 0:00:00  lr: 0.000419  entropy: 0.1247  loss: 1.8844  entr_unc: 1.8146  uncertainty: 0.0698  uncertainty_multiply_coeffi: 0.0698  time: 0.0332  data: 0.0001  max mem: 2671
      TTA Epoch: [5] Total time: 0:00:03 (0.0424 s / it)
     Averaged stats: lr: 0.0005  entropy: 0.0442  loss: 0.6943  entr_unc: 0.6241  uncertainty: 0.0702  uncertainty_multiply_coeffi: 0.0702
     itm tta time 0:00:03
     Computing matching score
      Evaluation: [   0/1978]  eta: 0:01:35    time: 0.0482  data: 0.0034  max mem: 2671
      Evaluation: [ 100/1978]  eta: 0:01:22    time: 0.0438  data: 0.0000  max mem: 2671
      Evaluation: [ 200/1978]  eta: 0:01:17    time: 0.0436  data: 0.0000  max mem: 2671
      Evaluation: [ 300/1978]  eta: 0:01:13    time: 0.0430  data: 0.0000  max mem: 2671
      Evaluation: [ 400/1978]  eta: 0:01:09    time: 0.0473  data: 0.0000  max mem: 2671
      Evaluation: [ 500/1978]  eta: 0:01:05    time: 0.0449  data: 0.0000  max mem: 2671
      Evaluation: [ 600/1978]  eta: 0:01:01    time: 0.0452  data: 0.0000  max mem: 2671
      Evaluation: [ 700/1978]  eta: 0:00:57    time: 0.0454  data: 0.0000  max mem: 2671
      Evaluation: [ 800/1978]  eta: 0:00:52    time: 0.0466  data: 0.0000  max mem: 2671
      Evaluation: [ 900/1978]  eta: 0:00:48    time: 0.0463  data: 0.0000  max mem: 2671
      Evaluation: [1000/1978]  eta: 0:00:44    time: 0.0500  data: 0.0000  max mem: 2671
      Evaluation: [1100/1978]  eta: 0:00:39    time: 0.0458  data: 0.0000  max mem: 2671
      Evaluation: [1200/1978]  eta: 0:00:35    time: 0.0469  data: 0.0000  max mem: 2671
      Evaluation: [1300/1978]  eta: 0:00:31    time: 0.0482  data: 0.0000  max mem: 2671
      Evaluation: [1400/1978]  eta: 0:00:26    time: 0.0545  data: 0.0000  max mem: 2671
      Evaluation: [1500/1978]  eta: 0:00:22    time: 0.0517  data: 0.0000  max mem: 2671
      Evaluation: [1600/1978]  eta: 0:00:18    time: 0.0760  data: 0.0000  max mem: 2671
      Evaluation: [1700/1978]  eta: 0:00:13    time: 0.0435  data: 0.0000  max mem: 2671
      Evaluation: [1800/1978]  eta: 0:00:08    time: 0.0459  data: 0.0000  max mem: 2671
      Evaluation: [1900/1978]  eta: 0:00:03    time: 0.0445  data: 0.0000  max mem: 2671
      Evaluation: [1977/1978]  eta: 0:00:00    time: 0.0445  data: 0.0000  max mem: 2671
      Evaluation: Total time: 0:01:35 (0.0484 s / it)
     Computing matching score time 0:01:36
### TTA ITM Score: 
+-------+--------+--------+--------+--------+--------+
| epoch |   R1   |   R5   |  R10   |  mAP   |  mINP  |
+-------+--------+--------+--------+--------+--------+
|  -999 | 69.414 | 95.197 | 97.776 | 81.233 | 81.233 |
|  -999 | 84.277 | 99.039 | 99.596 | 91.276 | 91.276 |
|   0   | 84.277 | 98.635 | 99.191 | 91.124 | 91.124 |
|   1   | 83.974 | 98.433 | 99.141 | 90.854 | 90.854 |
|   2   | 84.732 | 98.686 | 99.393 | 91.348 | 91.348 |
|   3   | 84.024 | 98.686 | 99.393 | 90.891 | 90.891 |
|   4   | 84.783 | 98.483 | 99.444 | 91.304 | 91.304 |
|   5   | 84.429 | 98.534 | 99.292 | 91.128 | 91.128 |
+-------+--------+--------+--------+--------+--------+
     logs:  {'epo': 5, 'R1': np.float32(84.429), 'R5': np.float32(98.534), 'R10': np.float32(99.292), 'mAP': np.float32(91.128), 'mINP': np.float32(91.128), 'lr': 0.000478, 'entropy': 0.04425, 'loss': 0.69434, 'entr_unc': 0.624103, 'uncertainty': 0.070237, 'uncertainty_multiply_coeffi': 0.070237}
      TTA Epoch: [6] [ 0/78]  eta: 0:01:19  lr: 0.000419  entropy: 0.0028  loss: 0.1095  entr_unc: 0.0383  uncertainty: 0.0711  uncertainty_multiply_coeffi: 0.0711  time: 1.0169  data: 0.9283  max mem: 2671
      TTA Epoch: [6] [77/78]  eta: 0:00:00  lr: 0.000402  entropy: 0.0131  loss: 0.2437  entr_unc: 0.1713  uncertainty: 0.0724  uncertainty_multiply_coeffi: 0.0724  time: 0.0353  data: 0.0009  max mem: 2671
      TTA Epoch: [6] Total time: 0:00:03 (0.0505 s / it)
     Averaged stats: lr: 0.0004  entropy: 0.0359  loss: 0.5700  entr_unc: 0.4982  uncertainty: 0.0718  uncertainty_multiply_coeffi: 0.0718
     itm tta time 0:00:04
     Computing matching score
      Evaluation: [   0/1978]  eta: 0:01:29    time: 0.0454  data: 0.0024  max mem: 2671
      Evaluation: [ 100/1978]  eta: 0:01:22    time: 0.0441  data: 0.0000  max mem: 2671
      Evaluation: [ 200/1978]  eta: 0:01:17    time: 0.0435  data: 0.0000  max mem: 2671
      Evaluation: [ 300/1978]  eta: 0:01:11    time: 0.0404  data: 0.0000  max mem: 2671
      Evaluation: [ 400/1978]  eta: 0:01:06    time: 0.0415  data: 0.0000  max mem: 2671
      Evaluation: [ 500/1978]  eta: 0:01:02    time: 0.0415  data: 0.0000  max mem: 2671
      Evaluation: [ 600/1978]  eta: 0:00:58    time: 0.0414  data: 0.0000  max mem: 2671
      Evaluation: [ 700/1978]  eta: 0:00:53    time: 0.0417  data: 0.0000  max mem: 2671
      Evaluation: [ 800/1978]  eta: 0:00:49    time: 0.0410  data: 0.0000  max mem: 2671
      Evaluation: [ 900/1978]  eta: 0:00:45    time: 0.0415  data: 0.0000  max mem: 2671
      Evaluation: [1000/1978]  eta: 0:00:40    time: 0.0413  data: 0.0000  max mem: 2671
      Evaluation: [1100/1978]  eta: 0:00:36    time: 0.0427  data: 0.0000  max mem: 2671
      Evaluation: [1200/1978]  eta: 0:00:32    time: 0.0417  data: 0.0000  max mem: 2671
      Evaluation: [1300/1978]  eta: 0:00:28    time: 0.0412  data: 0.0000  max mem: 2671
      Evaluation: [1400/1978]  eta: 0:00:24    time: 0.0413  data: 0.0000  max mem: 2671
      Evaluation: [1500/1978]  eta: 0:00:19    time: 0.0416  data: 0.0000  max mem: 2671
      Evaluation: [1600/1978]  eta: 0:00:15    time: 0.0409  data: 0.0000  max mem: 2671
      Evaluation: [1700/1978]  eta: 0:00:11    time: 0.0425  data: 0.0000  max mem: 2671
      Evaluation: [1800/1978]  eta: 0:00:07    time: 0.0435  data: 0.0000  max mem: 2671
      Evaluation: [1900/1978]  eta: 0:00:03    time: 0.0439  data: 0.0000  max mem: 2671
      Evaluation: [1977/1978]  eta: 0:00:00    time: 0.0446  data: 0.0000  max mem: 2671
      Evaluation: Total time: 0:01:23 (0.0420 s / it)
     Computing matching score time 0:01:23
### TTA ITM Score: 
+-------+--------+--------+--------+--------+--------+
| epoch |   R1   |   R5   |  R10   |  mAP   |  mINP  |
+-------+--------+--------+--------+--------+--------+
|  -999 | 69.414 | 95.197 | 97.776 | 81.233 | 81.233 |
|  -999 | 84.277 | 99.039 | 99.596 | 91.276 | 91.276 |
|   0   | 84.277 | 98.635 | 99.191 | 91.124 | 91.124 |
|   1   | 83.974 | 98.433 | 99.141 | 90.854 | 90.854 |
|   2   | 84.732 | 98.686 | 99.393 | 91.348 | 91.348 |
|   3   | 84.024 | 98.686 | 99.393 | 90.891 | 90.891 |
|   4   | 84.783 | 98.483 | 99.444 | 91.304 | 91.304 |
|   5   | 84.429 | 98.534 | 99.292 | 91.128 | 91.128 |
|   6   | 84.530 | 98.584 | 99.343 | 91.164 | 91.164 |
+-------+--------+--------+--------+--------+--------+
     logs:  {'epo': 6, 'R1': np.float32(84.53), 'R5': np.float32(98.584), 'R10': np.float32(99.343), 'mAP': np.float32(91.164), 'mINP': np.float32(91.164), 'lr': 0.00041, 'entropy': 0.035866, 'loss': 0.570013, 'entr_unc': 0.498176, 'uncertainty': 0.071837, 'uncertainty_multiply_coeffi': 0.071837}
      TTA Epoch: [7] [ 0/78]  eta: 0:00:55  lr: 0.000402  entropy: 0.0752  loss: 1.1056  entr_unc: 1.0342  uncertainty: 0.0715  uncertainty_multiply_coeffi: 0.0715  time: 0.7086  data: 0.6548  max mem: 2671
      TTA Epoch: [7] [77/78]  eta: 0:00:00  lr: 0.000385  entropy: 0.0594  loss: 0.8365  entr_unc: 0.7632  uncertainty: 0.0733  uncertainty_multiply_coeffi: 0.0733  time: 0.0308  data: 0.0001  max mem: 2671
      TTA Epoch: [7] Total time: 0:00:03 (0.0430 s / it)
     Averaged stats: lr: 0.0004  entropy: 0.0340  loss: 0.5356  entr_unc: 0.4623  uncertainty: 0.0732  uncertainty_multiply_coeffi: 0.0732
     itm tta time 0:00:03
     Computing matching score
      Evaluation: [   0/1978]  eta: 0:01:28    time: 0.0447  data: 0.0026  max mem: 2671
      Evaluation: [ 100/1978]  eta: 0:01:18    time: 0.0421  data: 0.0000  max mem: 2671
      Evaluation: [ 200/1978]  eta: 0:01:15    time: 0.0450  data: 0.0000  max mem: 2671
      Evaluation: [ 300/1978]  eta: 0:01:12    time: 0.0448  data: 0.0000  max mem: 2671
      Evaluation: [ 400/1978]  eta: 0:01:08    time: 0.0420  data: 0.0000  max mem: 2671
      Evaluation: [ 500/1978]  eta: 0:01:04    time: 0.0431  data: 0.0000  max mem: 2671
      Evaluation: [ 600/1978]  eta: 0:01:00    time: 0.0439  data: 0.0000  max mem: 2671
      Evaluation: [ 700/1978]  eta: 0:00:56    time: 0.0426  data: 0.0000  max mem: 2671
      Evaluation: [ 800/1978]  eta: 0:00:51    time: 0.0421  data: 0.0000  max mem: 2671
      Evaluation: [ 900/1978]  eta: 0:00:47    time: 0.0421  data: 0.0000  max mem: 2671
      Evaluation: [1000/1978]  eta: 0:00:43    time: 0.0495  data: 0.0000  max mem: 2671
      Evaluation: [1100/1978]  eta: 0:00:38    time: 0.0434  data: 0.0000  max mem: 2671
      Evaluation: [1200/1978]  eta: 0:00:36    time: 0.0773  data: 0.0000  max mem: 2671
      Evaluation: [1300/1978]  eta: 0:00:32    time: 0.0430  data: 0.0000  max mem: 2671
      Evaluation: [1400/1978]  eta: 0:00:27    time: 0.0429  data: 0.0000  max mem: 2671
      Evaluation: [1500/1978]  eta: 0:00:22    time: 0.0479  data: 0.0000  max mem: 2671
      Evaluation: [1600/1978]  eta: 0:00:17    time: 0.0436  data: 0.0000  max mem: 2671
      Evaluation: [1700/1978]  eta: 0:00:13    time: 0.0433  data: 0.0000  max mem: 2671
      Evaluation: [1800/1978]  eta: 0:00:08    time: 0.0437  data: 0.0000  max mem: 2671
      Evaluation: [1900/1978]  eta: 0:00:03    time: 0.0426  data: 0.0000  max mem: 2671
      Evaluation: [1977/1978]  eta: 0:00:00    time: 0.0412  data: 0.0000  max mem: 2671
      Evaluation: Total time: 0:01:31 (0.0465 s / it)
     Computing matching score time 0:01:32
### TTA ITM Score: 
+-------+--------+--------+--------+--------+--------+
| epoch |   R1   |   R5   |  R10   |  mAP   |  mINP  |
+-------+--------+--------+--------+--------+--------+
|  -999 | 69.414 | 95.197 | 97.776 | 81.233 | 81.233 |
|  -999 | 84.277 | 99.039 | 99.596 | 91.276 | 91.276 |
|   0   | 84.277 | 98.635 | 99.191 | 91.124 | 91.124 |
|   1   | 83.974 | 98.433 | 99.141 | 90.854 | 90.854 |
|   2   | 84.732 | 98.686 | 99.393 | 91.348 | 91.348 |
|   3   | 84.024 | 98.686 | 99.393 | 90.891 | 90.891 |
|   4   | 84.783 | 98.483 | 99.444 | 91.304 | 91.304 |
|   5   | 84.429 | 98.534 | 99.292 | 91.128 | 91.128 |
|   6   | 84.530 | 98.584 | 99.343 | 91.164 | 91.164 |
|   7   | 84.530 | 98.635 | 99.444 | 91.210 | 91.210 |
+-------+--------+--------+--------+--------+--------+
     logs:  {'epo': 7, 'R1': np.float32(84.53), 'R5': np.float32(98.635), 'R10': np.float32(99.444), 'mAP': np.float32(91.21), 'mINP': np.float32(91.21), 'lr': 0.000393, 'entropy': 0.034009, 'loss': 0.535554, 'entr_unc': 0.462322, 'uncertainty': 0.073232, 'uncertainty_multiply_coeffi': 0.073232}
      TTA Epoch: [8] [ 0/78]  eta: 0:00:36  lr: 0.000384  entropy: 0.0039  loss: 0.1253  entr_unc: 0.0510  uncertainty: 0.0743  uncertainty_multiply_coeffi: 0.0743  time: 0.4661  data: 0.4073  max mem: 2671
      TTA Epoch: [8] [77/78]  eta: 0:00:00  lr: 0.000147  entropy: 0.0101  loss: 0.2076  entr_unc: 0.1333  uncertainty: 0.0743  uncertainty_multiply_coeffi: 0.0743  time: 0.0327  data: 0.0001  max mem: 2671
      TTA Epoch: [8] Total time: 0:00:03 (0.0412 s / it)
     Averaged stats: lr: 0.0004  entropy: 0.0298  loss: 0.4723  entr_unc: 0.3976  uncertainty: 0.0747  uncertainty_multiply_coeffi: 0.0747
     itm tta time 0:00:03
     Computing matching score
      Evaluation: [   0/1978]  eta: 0:01:28    time: 0.0447  data: 0.0025  max mem: 2671
      Evaluation: [ 100/1978]  eta: 0:01:18    time: 0.0416  data: 0.0000  max mem: 2671
      Evaluation: [ 200/1978]  eta: 0:01:14    time: 0.0416  data: 0.0000  max mem: 2671
      Evaluation: [ 300/1978]  eta: 0:01:11    time: 0.0449  data: 0.0000  max mem: 2671
      Evaluation: [ 400/1978]  eta: 0:01:07    time: 0.0413  data: 0.0000  max mem: 2671
      Evaluation: [ 500/1978]  eta: 0:01:02    time: 0.0417  data: 0.0000  max mem: 2671
      Evaluation: [ 600/1978]  eta: 0:00:58    time: 0.0414  data: 0.0000  max mem: 2671
      Evaluation: [ 700/1978]  eta: 0:00:53    time: 0.0410  data: 0.0000  max mem: 2671
      Evaluation: [ 800/1978]  eta: 0:00:49    time: 0.0410  data: 0.0000  max mem: 2671
      Evaluation: [ 900/1978]  eta: 0:00:45    time: 0.0416  data: 0.0000  max mem: 2671
      Evaluation: [1000/1978]  eta: 0:00:41    time: 0.0417  data: 0.0000  max mem: 2671
      Evaluation: [1100/1978]  eta: 0:00:36    time: 0.0415  data: 0.0000  max mem: 2671
      Evaluation: [1200/1978]  eta: 0:00:32    time: 0.0445  data: 0.0000  max mem: 2671
      Evaluation: [1300/1978]  eta: 0:00:28    time: 0.0416  data: 0.0000  max mem: 2671
      Evaluation: [1400/1978]  eta: 0:00:24    time: 0.0424  data: 0.0000  max mem: 2671
      Evaluation: [1500/1978]  eta: 0:00:20    time: 0.0426  data: 0.0000  max mem: 2671
      Evaluation: [1600/1978]  eta: 0:00:15    time: 0.0417  data: 0.0000  max mem: 2671
      Evaluation: [1700/1978]  eta: 0:00:11    time: 0.0418  data: 0.0000  max mem: 2671
      Evaluation: [1800/1978]  eta: 0:00:07    time: 0.0415  data: 0.0000  max mem: 2671
      Evaluation: [1900/1978]  eta: 0:00:03    time: 0.0418  data: 0.0000  max mem: 2671
      Evaluation: [1977/1978]  eta: 0:00:00    time: 0.0416  data: 0.0000  max mem: 2671
      Evaluation: Total time: 0:01:23 (0.0421 s / it)
     Computing matching score time 0:01:23
### TTA ITM Score: 
+-------+--------+--------+--------+--------+--------+
| epoch |   R1   |   R5   |  R10   |  mAP   |  mINP  |
+-------+--------+--------+--------+--------+--------+
|  -999 | 69.414 | 95.197 | 97.776 | 81.233 | 81.233 |
|  -999 | 84.277 | 99.039 | 99.596 | 91.276 | 91.276 |
|   0   | 84.277 | 98.635 | 99.191 | 91.124 | 91.124 |
|   1   | 83.974 | 98.433 | 99.141 | 90.854 | 90.854 |
|   2   | 84.732 | 98.686 | 99.393 | 91.348 | 91.348 |
|   3   | 84.024 | 98.686 | 99.393 | 90.891 | 90.891 |
|   4   | 84.783 | 98.483 | 99.444 | 91.304 | 91.304 |
|   5   | 84.429 | 98.534 | 99.292 | 91.128 | 91.128 |
|   6   | 84.530 | 98.584 | 99.343 | 91.164 | 91.164 |
|   7   | 84.530 | 98.635 | 99.444 | 91.210 | 91.210 |
|   8   | 84.479 | 98.635 | 99.444 | 91.192 | 91.192 |
+-------+--------+--------+--------+--------+--------+
     logs:  {'epo': 8, 'R1': np.float32(84.479), 'R5': np.float32(98.635), 'R10': np.float32(99.444), 'mAP': np.float32(91.192), 'mINP': np.float32(91.192), 'lr': 0.000367, 'entropy': 0.029801, 'loss': 0.472337, 'entr_unc': 0.397623, 'uncertainty': 0.074715, 'uncertainty_multiply_coeffi': 0.074715}
      TTA Epoch: [9] [ 0/78]  eta: 0:00:33  lr: 0.000147  entropy: 0.0643  loss: 0.8870  entr_unc: 0.8107  uncertainty: 0.0763  uncertainty_multiply_coeffi: 0.0763  time: 0.4321  data: 0.3760  max mem: 2671
      TTA Epoch: [9] [77/78]  eta: 0:00:00  lr: 0.000140  entropy: 0.0221  loss: 0.3657  entr_unc: 0.2905  uncertainty: 0.0752  uncertainty_multiply_coeffi: 0.0752  time: 0.0423  data: 0.0022  max mem: 2671
      TTA Epoch: [9] Total time: 0:00:03 (0.0429 s / it)
     Averaged stats: lr: 0.0001  entropy: 0.0261  loss: 0.4181  entr_unc: 0.3425  uncertainty: 0.0756  uncertainty_multiply_coeffi: 0.0756
     itm tta time 0:00:03
     Computing matching score
      Evaluation: [   0/1978]  eta: 0:01:38    time: 0.0498  data: 0.0050  max mem: 2671
      Evaluation: [ 100/1978]  eta: 0:01:18    time: 0.0414  data: 0.0000  max mem: 2671
      Evaluation: [ 200/1978]  eta: 0:01:14    time: 0.0412  data: 0.0000  max mem: 2671
      Evaluation: [ 300/1978]  eta: 0:01:09    time: 0.0408  data: 0.0000  max mem: 2671
      Evaluation: [ 400/1978]  eta: 0:01:05    time: 0.0417  data: 0.0000  max mem: 2671
      Evaluation: [ 500/1978]  eta: 0:01:01    time: 0.0423  data: 0.0000  max mem: 2671
      Evaluation: [ 600/1978]  eta: 0:00:57    time: 0.0416  data: 0.0000  max mem: 2671
      Evaluation: [ 700/1978]  eta: 0:00:53    time: 0.0411  data: 0.0000  max mem: 2671
      Evaluation: [ 800/1978]  eta: 0:00:49    time: 0.0408  data: 0.0000  max mem: 2671
      Evaluation: [ 900/1978]  eta: 0:00:44    time: 0.0421  data: 0.0000  max mem: 2671
      Evaluation: [1000/1978]  eta: 0:00:40    time: 0.0412  data: 0.0000  max mem: 2671
      Evaluation: [1100/1978]  eta: 0:00:36    time: 0.0412  data: 0.0000  max mem: 2671
      Evaluation: [1200/1978]  eta: 0:00:32    time: 0.0412  data: 0.0000  max mem: 2671
      Evaluation: [1300/1978]  eta: 0:00:28    time: 0.0408  data: 0.0000  max mem: 2671
      Evaluation: [1400/1978]  eta: 0:00:23    time: 0.0409  data: 0.0000  max mem: 2671
      Evaluation: [1500/1978]  eta: 0:00:19    time: 0.0406  data: 0.0000  max mem: 2671
      Evaluation: [1600/1978]  eta: 0:00:15    time: 0.0408  data: 0.0000  max mem: 2671
      Evaluation: [1700/1978]  eta: 0:00:11    time: 0.0410  data: 0.0000  max mem: 2671
      Evaluation: [1800/1978]  eta: 0:00:07    time: 0.0422  data: 0.0000  max mem: 2671
      Evaluation: [1900/1978]  eta: 0:00:03    time: 0.0410  data: 0.0000  max mem: 2671
      Evaluation: [1977/1978]  eta: 0:00:00    time: 0.0409  data: 0.0000  max mem: 2671
      Evaluation: Total time: 0:01:21 (0.0414 s / it)
     Computing matching score time 0:01:22
### TTA ITM Score: 
+-------+--------+--------+--------+--------+--------+
| epoch |   R1   |   R5   |  R10   |  mAP   |  mINP  |
+-------+--------+--------+--------+--------+--------+
|  -999 | 69.414 | 95.197 | 97.776 | 81.233 | 81.233 |
|  -999 | 84.277 | 99.039 | 99.596 | 91.276 | 91.276 |
|   0   | 84.277 | 98.635 | 99.191 | 91.124 | 91.124 |
|   1   | 83.974 | 98.433 | 99.141 | 90.854 | 90.854 |
|   2   | 84.732 | 98.686 | 99.393 | 91.348 | 91.348 |
|   3   | 84.024 | 98.686 | 99.393 | 90.891 | 90.891 |
|   4   | 84.783 | 98.483 | 99.444 | 91.304 | 91.304 |
|   5   | 84.429 | 98.534 | 99.292 | 91.128 | 91.128 |
|   6   | 84.530 | 98.584 | 99.343 | 91.164 | 91.164 |
|   7   | 84.530 | 98.635 | 99.444 | 91.210 | 91.210 |
|   8   | 84.479 | 98.635 | 99.444 | 91.192 | 91.192 |
|   9   | 84.429 | 98.584 | 99.444 | 91.160 | 91.160 |
+-------+--------+--------+--------+--------+--------+
     logs:  {'epo': 9, 'R1': np.float32(84.429), 'R5': np.float32(98.584), 'R10': np.float32(99.444), 'mAP': np.float32(91.16), 'mINP': np.float32(91.16), 'lr': 0.000143, 'entropy': 0.026097, 'loss': 0.418054, 'entr_unc': 0.342485, 'uncertainty': 0.075569, 'uncertainty_multiply_coeffi': 0.075569}
      TTA Epoch: [10] [ 0/78]  eta: 0:00:35  lr: 0.000140  entropy: 0.0400  loss: 0.6054  entr_unc: 0.5304  uncertainty: 0.0750  uncertainty_multiply_coeffi: 0.0750  time: 0.4533  data: 0.3950  max mem: 2671
      TTA Epoch: [10] [77/78]  eta: 0:00:00  lr: 0.000133  entropy: 0.0296  loss: 0.4600  entr_unc: 0.3835  uncertainty: 0.0764  uncertainty_multiply_coeffi: 0.0764  time: 0.0318  data: 0.0001  max mem: 2671
      TTA Epoch: [10] Total time: 0:00:03 (0.0393 s / it)
     Averaged stats: lr: 0.0001  entropy: 0.0242  loss: 0.3937  entr_unc: 0.3177  uncertainty: 0.0760  uncertainty_multiply_coeffi: 0.0760
     itm tta time 0:00:03
     Computing matching score
      Evaluation: [   0/1978]  eta: 0:01:29    time: 0.0453  data: 0.0024  max mem: 2671
      Evaluation: [ 100/1978]  eta: 0:01:16    time: 0.0412  data: 0.0000  max mem: 2671
      Evaluation: [ 200/1978]  eta: 0:01:12    time: 0.0406  data: 0.0000  max mem: 2671
      Evaluation: [ 300/1978]  eta: 0:01:08    time: 0.0406  data: 0.0000  max mem: 2671
      Evaluation: [ 400/1978]  eta: 0:01:04    time: 0.0412  data: 0.0000  max mem: 2671
      Evaluation: [ 500/1978]  eta: 0:01:00    time: 0.0402  data: 0.0000  max mem: 2671
      Evaluation: [ 600/1978]  eta: 0:00:56    time: 0.0431  data: 0.0000  max mem: 2671
      Evaluation: [ 700/1978]  eta: 0:00:52    time: 0.0425  data: 0.0000  max mem: 2671
      Evaluation: [ 800/1978]  eta: 0:00:48    time: 0.0421  data: 0.0000  max mem: 2671
      Evaluation: [ 900/1978]  eta: 0:00:45    time: 0.0428  data: 0.0000  max mem: 2671
      Evaluation: [1000/1978]  eta: 0:00:40    time: 0.0419  data: 0.0000  max mem: 2671
      Evaluation: [1100/1978]  eta: 0:00:36    time: 0.0441  data: 0.0000  max mem: 2671
      Evaluation: [1200/1978]  eta: 0:00:33    time: 0.0487  data: 0.0000  max mem: 2671
      Evaluation: [1300/1978]  eta: 0:00:29    time: 0.0502  data: 0.0000  max mem: 2671
      Evaluation: [1400/1978]  eta: 0:00:25    time: 0.0484  data: 0.0000  max mem: 2671
      Evaluation: [1500/1978]  eta: 0:00:22    time: 0.0764  data: 0.0000  max mem: 2671
      Evaluation: [1600/1978]  eta: 0:00:17    time: 0.0441  data: 0.0000  max mem: 2671
      Evaluation: [1700/1978]  eta: 0:00:12    time: 0.0435  data: 0.0000  max mem: 2671
      Evaluation: [1800/1978]  eta: 0:00:08    time: 0.0440  data: 0.0000  max mem: 2671
      Evaluation: [1900/1978]  eta: 0:00:03    time: 0.0439  data: 0.0000  max mem: 2671
      Evaluation: [1977/1978]  eta: 0:00:00    time: 0.0443  data: 0.0000  max mem: 2671
      Evaluation: Total time: 0:01:31 (0.0463 s / it)
     Computing matching score time 0:01:32
### TTA ITM Score: 
+-------+--------+--------+--------+--------+--------+
| epoch |   R1   |   R5   |  R10   |  mAP   |  mINP  |
+-------+--------+--------+--------+--------+--------+
|  -999 | 69.414 | 95.197 | 97.776 | 81.233 | 81.233 |
|  -999 | 84.277 | 99.039 | 99.596 | 91.276 | 91.276 |
|   0   | 84.277 | 98.635 | 99.191 | 91.124 | 91.124 |
|   1   | 83.974 | 98.433 | 99.141 | 90.854 | 90.854 |
|   2   | 84.732 | 98.686 | 99.393 | 91.348 | 91.348 |
|   3   | 84.024 | 98.686 | 99.393 | 90.891 | 90.891 |
|   4   | 84.783 | 98.483 | 99.444 | 91.304 | 91.304 |
|   5   | 84.429 | 98.534 | 99.292 | 91.128 | 91.128 |
|   6   | 84.530 | 98.584 | 99.343 | 91.164 | 91.164 |
|   7   | 84.530 | 98.635 | 99.444 | 91.210 | 91.210 |
|   8   | 84.479 | 98.635 | 99.444 | 91.192 | 91.192 |
|   9   | 84.429 | 98.584 | 99.444 | 91.160 | 91.160 |
|   10  | 84.580 | 98.584 | 99.292 | 91.191 | 91.191 |
+-------+--------+--------+--------+--------+--------+
     logs:  {'epo': 10, 'R1': np.float32(84.58), 'R5': np.float32(98.584), 'R10': np.float32(99.292), 'mAP': np.float32(91.191), 'mINP': np.float32(91.191), 'lr': 0.000137, 'entropy': 0.024222, 'loss': 0.393749, 'entr_unc': 0.317724, 'uncertainty': 0.076025, 'uncertainty_multiply_coeffi': 0.076025}
      TTA Epoch: [11] [ 0/78]  eta: 0:01:14  lr: 0.000133  entropy: 0.0006  loss: 0.0851  entr_unc: 0.0080  uncertainty: 0.0771  uncertainty_multiply_coeffi: 0.0771  time: 0.9567  data: 0.8549  max mem: 2671
      TTA Epoch: [11] [77/78]  eta: 0:00:00  lr: 0.000126  entropy: 0.0050  loss: 0.1431  entr_unc: 0.0662  uncertainty: 0.0770  uncertainty_multiply_coeffi: 0.0770  time: 0.0380  data: 0.0002  max mem: 2671
      TTA Epoch: [11] Total time: 0:00:04 (0.0557 s / it)
     Averaged stats: lr: 0.0001  entropy: 0.0213  loss: 0.3540  entr_unc: 0.2775  uncertainty: 0.0765  uncertainty_multiply_coeffi: 0.0765
     itm tta time 0:00:04
     Computing matching score
      Evaluation: [   0/1978]  eta: 0:01:28    time: 0.0447  data: 0.0026  max mem: 2671
      Evaluation: [ 100/1978]  eta: 0:01:17    time: 0.0405  data: 0.0000  max mem: 2671
      Evaluation: [ 200/1978]  eta: 0:01:14    time: 0.0430  data: 0.0000  max mem: 2671
      Evaluation: [ 300/1978]  eta: 0:01:09    time: 0.0400  data: 0.0000  max mem: 2671
      Evaluation: [ 400/1978]  eta: 0:01:05    time: 0.0398  data: 0.0000  max mem: 2671
      Evaluation: [ 500/1978]  eta: 0:01:00    time: 0.0400  data: 0.0000  max mem: 2671
      Evaluation: [ 600/1978]  eta: 0:00:56    time: 0.0408  data: 0.0000  max mem: 2671
      Evaluation: [ 700/1978]  eta: 0:00:52    time: 0.0414  data: 0.0000  max mem: 2671
      Evaluation: [ 800/1978]  eta: 0:00:48    time: 0.0411  data: 0.0000  max mem: 2671
      Evaluation: [ 900/1978]  eta: 0:00:44    time: 0.0406  data: 0.0000  max mem: 2671
      Evaluation: [1000/1978]  eta: 0:00:40    time: 0.0401  data: 0.0000  max mem: 2671
      Evaluation: [1100/1978]  eta: 0:00:35    time: 0.0436  data: 0.0000  max mem: 2671
      Evaluation: [1200/1978]  eta: 0:00:31    time: 0.0405  data: 0.0000  max mem: 2671
      Evaluation: [1300/1978]  eta: 0:00:27    time: 0.0410  data: 0.0000  max mem: 2671
      Evaluation: [1400/1978]  eta: 0:00:23    time: 0.0448  data: 0.0000  max mem: 2671
      Evaluation: [1500/1978]  eta: 0:00:19    time: 0.0422  data: 0.0000  max mem: 2671
      Evaluation: [1600/1978]  eta: 0:00:15    time: 0.0425  data: 0.0000  max mem: 2671
      Evaluation: [1700/1978]  eta: 0:00:11    time: 0.0703  data: 0.0000  max mem: 2671
      Evaluation: [1800/1978]  eta: 0:00:07    time: 0.0534  data: 0.0000  max mem: 2671
      Evaluation: [1900/1978]  eta: 0:00:03    time: 0.0761  data: 0.0000  max mem: 2671
      Evaluation: [1977/1978]  eta: 0:00:00    time: 0.0512  data: 0.0000  max mem: 2671
      Evaluation: Total time: 0:01:28 (0.0448 s / it)
     Computing matching score time 0:01:29
### TTA ITM Score: 
+-------+--------+--------+--------+--------+--------+
| epoch |   R1   |   R5   |  R10   |  mAP   |  mINP  |
+-------+--------+--------+--------+--------+--------+
|  -999 | 69.414 | 95.197 | 97.776 | 81.233 | 81.233 |
|  -999 | 84.277 | 99.039 | 99.596 | 91.276 | 91.276 |
|   0   | 84.277 | 98.635 | 99.191 | 91.124 | 91.124 |
|   1   | 83.974 | 98.433 | 99.141 | 90.854 | 90.854 |
|   2   | 84.732 | 98.686 | 99.393 | 91.348 | 91.348 |
|   3   | 84.024 | 98.686 | 99.393 | 90.891 | 90.891 |
|   4   | 84.783 | 98.483 | 99.444 | 91.304 | 91.304 |
|   5   | 84.429 | 98.534 | 99.292 | 91.128 | 91.128 |
|   6   | 84.530 | 98.584 | 99.343 | 91.164 | 91.164 |
|   7   | 84.530 | 98.635 | 99.444 | 91.210 | 91.210 |
|   8   | 84.479 | 98.635 | 99.444 | 91.192 | 91.192 |
|   9   | 84.429 | 98.584 | 99.444 | 91.160 | 91.160 |
|   10  | 84.580 | 98.584 | 99.292 | 91.191 | 91.191 |
|   11  | 84.378 | 98.534 | 99.292 | 91.088 | 91.088 |
+-------+--------+--------+--------+--------+--------+
     logs:  {'epo': 11, 'R1': np.float32(84.378), 'R5': np.float32(98.534), 'R10': np.float32(99.292), 'mAP': np.float32(91.088), 'mINP': np.float32(91.088), 'lr': 0.00013, 'entropy': 0.021285, 'loss': 0.354021, 'entr_unc': 0.277545, 'uncertainty': 0.076476, 'uncertainty_multiply_coeffi': 0.076476}
      TTA Epoch: [12] [ 0/78]  eta: 0:00:36  lr: 0.000126  entropy: 0.0876  loss: 1.1445  entr_unc: 1.0677  uncertainty: 0.0768  uncertainty_multiply_coeffi: 0.0768  time: 0.4692  data: 0.4011  max mem: 2671
      TTA Epoch: [12] [77/78]  eta: 0:00:00  lr: 0.000119  entropy: 0.0324  loss: 0.4979  entr_unc: 0.4214  uncertainty: 0.0765  uncertainty_multiply_coeffi: 0.0765  time: 0.0430  data: 0.0002  max mem: 2671
      TTA Epoch: [12] Total time: 0:00:04 (0.0522 s / it)
     Averaged stats: lr: 0.0001  entropy: 0.0227  loss: 0.3682  entr_unc: 0.2913  uncertainty: 0.0769  uncertainty_multiply_coeffi: 0.0769
     itm tta time 0:00:04
     Computing matching score
      Evaluation: [   0/1978]  eta: 0:01:38    time: 0.0498  data: 0.0056  max mem: 2671
      Evaluation: [ 100/1978]  eta: 0:01:21    time: 0.0430  data: 0.0000  max mem: 2671
      Evaluation: [ 200/1978]  eta: 0:01:17    time: 0.0473  data: 0.0000  max mem: 2671
      Evaluation: [ 300/1978]  eta: 0:01:14    time: 0.0433  data: 0.0000  max mem: 2671
      Evaluation: [ 400/1978]  eta: 0:01:09    time: 0.0429  data: 0.0000  max mem: 2671
      Evaluation: [ 500/1978]  eta: 0:01:04    time: 0.0404  data: 0.0000  max mem: 2671
      Evaluation: [ 600/1978]  eta: 0:00:59    time: 0.0410  data: 0.0000  max mem: 2671
      Evaluation: [ 700/1978]  eta: 0:00:54    time: 0.0447  data: 0.0000  max mem: 2671
      Evaluation: [ 800/1978]  eta: 0:00:50    time: 0.0416  data: 0.0000  max mem: 2671
      Evaluation: [ 900/1978]  eta: 0:00:45    time: 0.0411  data: 0.0000  max mem: 2671
      Evaluation: [1000/1978]  eta: 0:00:41    time: 0.0409  data: 0.0000  max mem: 2671
      Evaluation: [1100/1978]  eta: 0:00:37    time: 0.0410  data: 0.0000  max mem: 2671
      Evaluation: [1200/1978]  eta: 0:00:32    time: 0.0409  data: 0.0000  max mem: 2671
      Evaluation: [1300/1978]  eta: 0:00:28    time: 0.0412  data: 0.0000  max mem: 2671
      Evaluation: [1400/1978]  eta: 0:00:24    time: 0.0415  data: 0.0000  max mem: 2671
      Evaluation: [1500/1978]  eta: 0:00:20    time: 0.0415  data: 0.0000  max mem: 2671
      Evaluation: [1600/1978]  eta: 0:00:15    time: 0.0444  data: 0.0000  max mem: 2671
      Evaluation: [1700/1978]  eta: 0:00:11    time: 0.0412  data: 0.0000  max mem: 2671
      Evaluation: [1800/1978]  eta: 0:00:07    time: 0.0413  data: 0.0000  max mem: 2671
      Evaluation: [1900/1978]  eta: 0:00:03    time: 0.0400  data: 0.0000  max mem: 2671
      Evaluation: [1977/1978]  eta: 0:00:00    time: 0.0412  data: 0.0000  max mem: 2671
      Evaluation: Total time: 0:01:23 (0.0420 s / it)
     Computing matching score time 0:01:23
### TTA ITM Score: 
+-------+--------+--------+--------+--------+--------+
| epoch |   R1   |   R5   |  R10   |  mAP   |  mINP  |
+-------+--------+--------+--------+--------+--------+
|  -999 | 69.414 | 95.197 | 97.776 | 81.233 | 81.233 |
|  -999 | 84.277 | 99.039 | 99.596 | 91.276 | 91.276 |
|   0   | 84.277 | 98.635 | 99.191 | 91.124 | 91.124 |
|   1   | 83.974 | 98.433 | 99.141 | 90.854 | 90.854 |
|   2   | 84.732 | 98.686 | 99.393 | 91.348 | 91.348 |
|   3   | 84.024 | 98.686 | 99.393 | 90.891 | 90.891 |
|   4   | 84.783 | 98.483 | 99.444 | 91.304 | 91.304 |
|   5   | 84.429 | 98.534 | 99.292 | 91.128 | 91.128 |
|   6   | 84.530 | 98.584 | 99.343 | 91.164 | 91.164 |
|   7   | 84.530 | 98.635 | 99.444 | 91.210 | 91.210 |
|   8   | 84.479 | 98.635 | 99.444 | 91.192 | 91.192 |
|   9   | 84.429 | 98.584 | 99.444 | 91.160 | 91.160 |
|   10  | 84.580 | 98.584 | 99.292 | 91.191 | 91.191 |
|   11  | 84.378 | 98.534 | 99.292 | 91.088 | 91.088 |
|   12  | 84.328 | 98.433 | 99.141 | 91.011 | 91.011 |
+-------+--------+--------+--------+--------+--------+
     logs:  {'epo': 12, 'R1': np.float32(84.328), 'R5': np.float32(98.433), 'R10': np.float32(99.141), 'mAP': np.float32(91.011), 'mINP': np.float32(91.011), 'lr': 0.000123, 'entropy': 0.022675, 'loss': 0.368163, 'entr_unc': 0.291256, 'uncertainty': 0.076907, 'uncertainty_multiply_coeffi': 0.076907}
      TTA Epoch: [13] [ 0/78]  eta: 0:00:36  lr: 0.000119  entropy: 0.0059  loss: 0.1524  entr_unc: 0.0753  uncertainty: 0.0771  uncertainty_multiply_coeffi: 0.0771  time: 0.4634  data: 0.4103  max mem: 2671
      TTA Epoch: [13] [77/78]  eta: 0:00:00  lr: 0.000113  entropy: 0.0010  loss: 0.0901  entr_unc: 0.0126  uncertainty: 0.0775  uncertainty_multiply_coeffi: 0.0775  time: 0.0321  data: 0.0001  max mem: 2671
      TTA Epoch: [13] Total time: 0:00:03 (0.0392 s / it)
     Averaged stats: lr: 0.0001  entropy: 0.0248  loss: 0.3971  entr_unc: 0.3198  uncertainty: 0.0773  uncertainty_multiply_coeffi: 0.0773
     itm tta time 0:00:03
     Computing matching score
      Evaluation: [   0/1978]  eta: 0:01:26    time: 0.0439  data: 0.0024  max mem: 2671
      Evaluation: [ 100/1978]  eta: 0:01:16    time: 0.0409  data: 0.0000  max mem: 2671
      Evaluation: [ 200/1978]  eta: 0:01:12    time: 0.0407  data: 0.0000  max mem: 2671
      Evaluation: [ 300/1978]  eta: 0:01:08    time: 0.0408  data: 0.0000  max mem: 2671
      Evaluation: [ 400/1978]  eta: 0:01:04    time: 0.0426  data: 0.0000  max mem: 2671
      Evaluation: [ 500/1978]  eta: 0:01:00    time: 0.0410  data: 0.0000  max mem: 2671
      Evaluation: [ 600/1978]  eta: 0:00:56    time: 0.0413  data: 0.0000  max mem: 2671
      Evaluation: [ 700/1978]  eta: 0:00:52    time: 0.0412  data: 0.0000  max mem: 2671
      Evaluation: [ 800/1978]  eta: 0:00:48    time: 0.0417  data: 0.0000  max mem: 2671
      Evaluation: [ 900/1978]  eta: 0:00:44    time: 0.0415  data: 0.0000  max mem: 2671
      Evaluation: [1000/1978]  eta: 0:00:40    time: 0.0430  data: 0.0000  max mem: 2671
      Evaluation: [1100/1978]  eta: 0:00:36    time: 0.0431  data: 0.0000  max mem: 2671
      Evaluation: [1200/1978]  eta: 0:00:32    time: 0.0460  data: 0.0000  max mem: 2671
      Evaluation: [1300/1978]  eta: 0:00:28    time: 0.0452  data: 0.0000  max mem: 2671
      Evaluation: [1400/1978]  eta: 0:00:24    time: 0.0434  data: 0.0000  max mem: 2671
      Evaluation: [1500/1978]  eta: 0:00:20    time: 0.0458  data: 0.0000  max mem: 2671
      Evaluation: [1600/1978]  eta: 0:00:16    time: 0.0444  data: 0.0000  max mem: 2671
      Evaluation: [1700/1978]  eta: 0:00:12    time: 0.0780  data: 0.0000  max mem: 2671
      Evaluation: [1800/1978]  eta: 0:00:08    time: 0.0522  data: 0.0000  max mem: 2671
      Evaluation: [1900/1978]  eta: 0:00:03    time: 0.0431  data: 0.0000  max mem: 2671
      Evaluation: [1977/1978]  eta: 0:00:00    time: 0.0413  data: 0.0000  max mem: 2671
      Evaluation: Total time: 0:01:29 (0.0454 s / it)
     Computing matching score time 0:01:30
### TTA ITM Score: 
+-------+--------+--------+--------+--------+--------+
| epoch |   R1   |   R5   |  R10   |  mAP   |  mINP  |
+-------+--------+--------+--------+--------+--------+
|  -999 | 69.414 | 95.197 | 97.776 | 81.233 | 81.233 |
|  -999 | 84.277 | 99.039 | 99.596 | 91.276 | 91.276 |
|   0   | 84.277 | 98.635 | 99.191 | 91.124 | 91.124 |
|   1   | 83.974 | 98.433 | 99.141 | 90.854 | 90.854 |
|   2   | 84.732 | 98.686 | 99.393 | 91.348 | 91.348 |
|   3   | 84.024 | 98.686 | 99.393 | 90.891 | 90.891 |
|   4   | 84.783 | 98.483 | 99.444 | 91.304 | 91.304 |
|   5   | 84.429 | 98.534 | 99.292 | 91.128 | 91.128 |
|   6   | 84.530 | 98.584 | 99.343 | 91.164 | 91.164 |
|   7   | 84.530 | 98.635 | 99.444 | 91.210 | 91.210 |
|   8   | 84.479 | 98.635 | 99.444 | 91.192 | 91.192 |
|   9   | 84.429 | 98.584 | 99.444 | 91.160 | 91.160 |
|   10  | 84.580 | 98.584 | 99.292 | 91.191 | 91.191 |
|   11  | 84.378 | 98.534 | 99.292 | 91.088 | 91.088 |
|   12  | 84.328 | 98.433 | 99.141 | 91.011 | 91.011 |
|   13  | 84.277 | 98.635 | 99.444 | 91.046 | 91.046 |
+-------+--------+--------+--------+--------+--------+
     logs:  {'epo': 13, 'R1': np.float32(84.277), 'R5': np.float32(98.635), 'R10': np.float32(99.444), 'mAP': np.float32(91.046), 'mINP': np.float32(91.046), 'lr': 0.000116, 'entropy': 0.0248, 'loss': 0.397101, 'entr_unc': 0.319815, 'uncertainty': 0.077286, 'uncertainty_multiply_coeffi': 0.077286}
      TTA Epoch: [14] [ 0/78]  eta: 0:00:34  lr: 0.000113  entropy: 0.0546  loss: 0.7723  entr_unc: 0.6955  uncertainty: 0.0768  uncertainty_multiply_coeffi: 0.0768  time: 0.4454  data: 0.3882  max mem: 2671
      TTA Epoch: [14] [77/78]  eta: 0:00:00  lr: 0.000106  entropy: 0.0159  loss: 0.2798  entr_unc: 0.2017  uncertainty: 0.0781  uncertainty_multiply_coeffi: 0.0781  time: 0.0303  data: 0.0001  max mem: 2671
      TTA Epoch: [14] Total time: 0:00:02 (0.0382 s / it)
     Averaged stats: lr: 0.0001  entropy: 0.0242  loss: 0.3854  entr_unc: 0.3077  uncertainty: 0.0777  uncertainty_multiply_coeffi: 0.0777
     itm tta time 0:00:03
     Computing matching score
      Evaluation: [   0/1978]  eta: 0:01:32    time: 0.0465  data: 0.0037  max mem: 2671
      Evaluation: [ 100/1978]  eta: 0:01:18    time: 0.0421  data: 0.0000  max mem: 2671
      Evaluation: [ 200/1978]  eta: 0:01:14    time: 0.0425  data: 0.0000  max mem: 2671
      Evaluation: [ 300/1978]  eta: 0:01:10    time: 0.0422  data: 0.0000  max mem: 2671
      Evaluation: [ 400/1978]  eta: 0:01:06    time: 0.0439  data: 0.0000  max mem: 2671
      Evaluation: [ 500/1978]  eta: 0:01:02    time: 0.0421  data: 0.0000  max mem: 2671
      Evaluation: [ 600/1978]  eta: 0:00:58    time: 0.0424  data: 0.0000  max mem: 2671
      Evaluation: [ 700/1978]  eta: 0:00:54    time: 0.0419  data: 0.0000  max mem: 2671
      Evaluation: [ 800/1978]  eta: 0:00:49    time: 0.0417  data: 0.0000  max mem: 2671
      Evaluation: [ 900/1978]  eta: 0:00:45    time: 0.0423  data: 0.0000  max mem: 2671
      Evaluation: [1000/1978]  eta: 0:00:41    time: 0.0415  data: 0.0000  max mem: 2671
      Evaluation: [1100/1978]  eta: 0:00:37    time: 0.0411  data: 0.0000  max mem: 2671
      Evaluation: [1200/1978]  eta: 0:00:32    time: 0.0422  data: 0.0000  max mem: 2671
      Evaluation: [1300/1978]  eta: 0:00:28    time: 0.0449  data: 0.0000  max mem: 2671
      Evaluation: [1400/1978]  eta: 0:00:24    time: 0.0427  data: 0.0000  max mem: 2671
      Evaluation: [1500/1978]  eta: 0:00:20    time: 0.0426  data: 0.0000  max mem: 2671
      Evaluation: [1600/1978]  eta: 0:00:16    time: 0.0424  data: 0.0000  max mem: 2671
      Evaluation: [1700/1978]  eta: 0:00:11    time: 0.0422  data: 0.0000  max mem: 2671
      Evaluation: [1800/1978]  eta: 0:00:07    time: 0.0417  data: 0.0000  max mem: 2671
      Evaluation: [1900/1978]  eta: 0:00:03    time: 0.0416  data: 0.0000  max mem: 2671
      Evaluation: [1977/1978]  eta: 0:00:00    time: 0.0414  data: 0.0000  max mem: 2671
      Evaluation: Total time: 0:01:23 (0.0424 s / it)
     Computing matching score time 0:01:24
### TTA ITM Score: 
+-------+--------+--------+--------+--------+--------+
| epoch |   R1   |   R5   |  R10   |  mAP   |  mINP  |
+-------+--------+--------+--------+--------+--------+
|  -999 | 69.414 | 95.197 | 97.776 | 81.233 | 81.233 |
|  -999 | 84.277 | 99.039 | 99.596 | 91.276 | 91.276 |
|   0   | 84.277 | 98.635 | 99.191 | 91.124 | 91.124 |
|   1   | 83.974 | 98.433 | 99.141 | 90.854 | 90.854 |
|   2   | 84.732 | 98.686 | 99.393 | 91.348 | 91.348 |
|   3   | 84.024 | 98.686 | 99.393 | 90.891 | 90.891 |
|   4   | 84.783 | 98.483 | 99.444 | 91.304 | 91.304 |
|   5   | 84.429 | 98.534 | 99.292 | 91.128 | 91.128 |
|   6   | 84.530 | 98.584 | 99.343 | 91.164 | 91.164 |
|   7   | 84.530 | 98.635 | 99.444 | 91.210 | 91.210 |
|   8   | 84.479 | 98.635 | 99.444 | 91.192 | 91.192 |
|   9   | 84.429 | 98.584 | 99.444 | 91.160 | 91.160 |
|   10  | 84.580 | 98.584 | 99.292 | 91.191 | 91.191 |
|   11  | 84.378 | 98.534 | 99.292 | 91.088 | 91.088 |
|   12  | 84.328 | 98.433 | 99.141 | 91.011 | 91.011 |
|   13  | 84.277 | 98.635 | 99.444 | 91.046 | 91.046 |
|   14  | 84.530 | 98.483 | 99.343 | 91.155 | 91.155 |
+-------+--------+--------+--------+--------+--------+
     logs:  {'epo': 14, 'R1': np.float32(84.53), 'R5': np.float32(98.483), 'R10': np.float32(99.343), 'mAP': np.float32(91.155), 'mINP': np.float32(91.155), 'lr': 0.000109, 'entropy': 0.024187, 'loss': 0.385386, 'entr_unc': 0.307652, 'uncertainty': 0.077733, 'uncertainty_multiply_coeffi': 0.077733}
      TTA Epoch: [15] [ 0/78]  eta: 0:00:33  lr: 0.000106  entropy: 0.0318  loss: 0.5035  entr_unc: 0.4259  uncertainty: 0.0776  uncertainty_multiply_coeffi: 0.0776  time: 0.4297  data: 0.3747  max mem: 2671
      TTA Epoch: [15] [77/78]  eta: 0:00:00  lr: 0.000099  entropy: 0.0034  loss: 0.1218  entr_unc: 0.0434  uncertainty: 0.0784  uncertainty_multiply_coeffi: 0.0784  time: 0.0315  data: 0.0001  max mem: 2671
      TTA Epoch: [15] Total time: 0:00:02 (0.0382 s / it)
     Averaged stats: lr: 0.0001  entropy: 0.0218  loss: 0.3560  entr_unc: 0.2780  uncertainty: 0.0781  uncertainty_multiply_coeffi: 0.0781
     itm tta time 0:00:03
     Computing matching score
      Evaluation: [   0/1978]  eta: 0:01:28    time: 0.0446  data: 0.0025  max mem: 2671
      Evaluation: [ 100/1978]  eta: 0:01:20    time: 0.0439  data: 0.0000  max mem: 2671
      Evaluation: [ 200/1978]  eta: 0:01:15    time: 0.0416  data: 0.0000  max mem: 2671
      Evaluation: [ 300/1978]  eta: 0:01:11    time: 0.0419  data: 0.0000  max mem: 2671
      Evaluation: [ 400/1978]  eta: 0:01:06    time: 0.0419  data: 0.0000  max mem: 2671
      Evaluation: [ 500/1978]  eta: 0:01:02    time: 0.0418  data: 0.0000  max mem: 2671
      Evaluation: [ 600/1978]  eta: 0:00:57    time: 0.0413  data: 0.0000  max mem: 2671
      Evaluation: [ 700/1978]  eta: 0:00:53    time: 0.0412  data: 0.0000  max mem: 2671
      Evaluation: [ 800/1978]  eta: 0:00:49    time: 0.0414  data: 0.0000  max mem: 2671
      Evaluation: [ 900/1978]  eta: 0:00:45    time: 0.0421  data: 0.0000  max mem: 2671
      Evaluation: [1000/1978]  eta: 0:00:41    time: 0.0442  data: 0.0000  max mem: 2671
      Evaluation: [1100/1978]  eta: 0:00:36    time: 0.0407  data: 0.0000  max mem: 2671
      Evaluation: [1200/1978]  eta: 0:00:32    time: 0.0410  data: 0.0000  max mem: 2671
      Evaluation: [1300/1978]  eta: 0:00:28    time: 0.0410  data: 0.0000  max mem: 2671
      Evaluation: [1400/1978]  eta: 0:00:24    time: 0.0411  data: 0.0000  max mem: 2671
      Evaluation: [1500/1978]  eta: 0:00:19    time: 0.0413  data: 0.0000  max mem: 2671
      Evaluation: [1600/1978]  eta: 0:00:15    time: 0.0411  data: 0.0000  max mem: 2671
      Evaluation: [1700/1978]  eta: 0:00:11    time: 0.0413  data: 0.0000  max mem: 2671
      Evaluation: [1800/1978]  eta: 0:00:07    time: 0.0411  data: 0.0000  max mem: 2671
      Evaluation: [1900/1978]  eta: 0:00:03    time: 0.0425  data: 0.0000  max mem: 2671
      Evaluation: [1977/1978]  eta: 0:00:00    time: 0.0415  data: 0.0000  max mem: 2671
      Evaluation: Total time: 0:01:22 (0.0418 s / it)
     Computing matching score time 0:01:22
### TTA ITM Score: 
+-------+--------+--------+--------+--------+--------+
| epoch |   R1   |   R5   |  R10   |  mAP   |  mINP  |
+-------+--------+--------+--------+--------+--------+
|  -999 | 69.414 | 95.197 | 97.776 | 81.233 | 81.233 |
|  -999 | 84.277 | 99.039 | 99.596 | 91.276 | 91.276 |
|   0   | 84.277 | 98.635 | 99.191 | 91.124 | 91.124 |
|   1   | 83.974 | 98.433 | 99.141 | 90.854 | 90.854 |
|   2   | 84.732 | 98.686 | 99.393 | 91.348 | 91.348 |
|   3   | 84.024 | 98.686 | 99.393 | 90.891 | 90.891 |
|   4   | 84.783 | 98.483 | 99.444 | 91.304 | 91.304 |
|   5   | 84.429 | 98.534 | 99.292 | 91.128 | 91.128 |
|   6   | 84.530 | 98.584 | 99.343 | 91.164 | 91.164 |
|   7   | 84.530 | 98.635 | 99.444 | 91.210 | 91.210 |
|   8   | 84.479 | 98.635 | 99.444 | 91.192 | 91.192 |
|   9   | 84.429 | 98.584 | 99.444 | 91.160 | 91.160 |
|   10  | 84.580 | 98.584 | 99.292 | 91.191 | 91.191 |
|   11  | 84.378 | 98.534 | 99.292 | 91.088 | 91.088 |
|   12  | 84.328 | 98.433 | 99.141 | 91.011 | 91.011 |
|   13  | 84.277 | 98.635 | 99.444 | 91.046 | 91.046 |
|   14  | 84.530 | 98.483 | 99.343 | 91.155 | 91.155 |
|   15  | 84.429 | 98.483 | 99.191 | 91.085 | 91.085 |
+-------+--------+--------+--------+--------+--------+
     logs:  {'epo': 15, 'R1': np.float32(84.429), 'R5': np.float32(98.483), 'R10': np.float32(99.191), 'mAP': np.float32(91.085), 'mINP': np.float32(91.085), 'lr': 0.000102, 'entropy': 0.021818, 'loss': 0.356023, 'entr_unc': 0.277959, 'uncertainty': 0.078064, 'uncertainty_multiply_coeffi': 0.078064}
      TTA Epoch: [16] [ 0/78]  eta: 0:00:33  lr: 0.000099  entropy: 0.0277  loss: 0.4055  entr_unc: 0.3272  uncertainty: 0.0783  uncertainty_multiply_coeffi: 0.0783  time: 0.4335  data: 0.3752  max mem: 2671
      TTA Epoch: [16] [77/78]  eta: 0:00:00  lr: 0.000092  entropy: 0.0010  loss: 0.0922  entr_unc: 0.0128  uncertainty: 0.0795  uncertainty_multiply_coeffi: 0.0795  time: 0.0311  data: 0.0001  max mem: 2671
      TTA Epoch: [16] Total time: 0:00:02 (0.0379 s / it)
     Averaged stats: lr: 0.0001  entropy: 0.0227  loss: 0.3662  entr_unc: 0.2878  uncertainty: 0.0784  uncertainty_multiply_coeffi: 0.0784
     itm tta time 0:00:03
     Computing matching score
      Evaluation: [   0/1978]  eta: 0:01:28    time: 0.0450  data: 0.0035  max mem: 2671
      Evaluation: [ 100/1978]  eta: 0:01:17    time: 0.0415  data: 0.0000  max mem: 2671
      Evaluation: [ 200/1978]  eta: 0:01:13    time: 0.0408  data: 0.0000  max mem: 2671
      Evaluation: [ 300/1978]  eta: 0:01:08    time: 0.0404  data: 0.0000  max mem: 2671
      Evaluation: [ 400/1978]  eta: 0:01:04    time: 0.0404  data: 0.0000  max mem: 2671
      Evaluation: [ 500/1978]  eta: 0:01:00    time: 0.0411  data: 0.0000  max mem: 2671
      Evaluation: [ 600/1978]  eta: 0:00:56    time: 0.0449  data: 0.0000  max mem: 2671
      Evaluation: [ 700/1978]  eta: 0:00:53    time: 0.0444  data: 0.0000  max mem: 2671
      Evaluation: [ 800/1978]  eta: 0:00:49    time: 0.0413  data: 0.0000  max mem: 2671
      Evaluation: [ 900/1978]  eta: 0:00:44    time: 0.0412  data: 0.0000  max mem: 2671
      Evaluation: [1000/1978]  eta: 0:00:40    time: 0.0417  data: 0.0000  max mem: 2671
      Evaluation: [1100/1978]  eta: 0:00:36    time: 0.0410  data: 0.0000  max mem: 2671
      Evaluation: [1200/1978]  eta: 0:00:32    time: 0.0411  data: 0.0000  max mem: 2671
      Evaluation: [1300/1978]  eta: 0:00:28    time: 0.0412  data: 0.0000  max mem: 2671
      Evaluation: [1400/1978]  eta: 0:00:23    time: 0.0411  data: 0.0000  max mem: 2671
      Evaluation: [1500/1978]  eta: 0:00:19    time: 0.0416  data: 0.0000  max mem: 2671
      Evaluation: [1600/1978]  eta: 0:00:15    time: 0.0433  data: 0.0000  max mem: 2671
      Evaluation: [1700/1978]  eta: 0:00:11    time: 0.0419  data: 0.0000  max mem: 2671
      Evaluation: [1800/1978]  eta: 0:00:07    time: 0.0421  data: 0.0000  max mem: 2671
      Evaluation: [1900/1978]  eta: 0:00:03    time: 0.0430  data: 0.0000  max mem: 2671
      Evaluation: [1977/1978]  eta: 0:00:00    time: 0.0462  data: 0.0000  max mem: 2671
      Evaluation: Total time: 0:01:22 (0.0418 s / it)
     Computing matching score time 0:01:22
### TTA ITM Score: 
+-------+--------+--------+--------+--------+--------+
| epoch |   R1   |   R5   |  R10   |  mAP   |  mINP  |
+-------+--------+--------+--------+--------+--------+
|  -999 | 69.414 | 95.197 | 97.776 | 81.233 | 81.233 |
|  -999 | 84.277 | 99.039 | 99.596 | 91.276 | 91.276 |
|   0   | 84.277 | 98.635 | 99.191 | 91.124 | 91.124 |
|   1   | 83.974 | 98.433 | 99.141 | 90.854 | 90.854 |
|   2   | 84.732 | 98.686 | 99.393 | 91.348 | 91.348 |
|   3   | 84.024 | 98.686 | 99.393 | 90.891 | 90.891 |
|   4   | 84.783 | 98.483 | 99.444 | 91.304 | 91.304 |
|   5   | 84.429 | 98.534 | 99.292 | 91.128 | 91.128 |
|   6   | 84.530 | 98.584 | 99.343 | 91.164 | 91.164 |
|   7   | 84.530 | 98.635 | 99.444 | 91.210 | 91.210 |
|   8   | 84.479 | 98.635 | 99.444 | 91.192 | 91.192 |
|   9   | 84.429 | 98.584 | 99.444 | 91.160 | 91.160 |
|   10  | 84.580 | 98.584 | 99.292 | 91.191 | 91.191 |
|   11  | 84.378 | 98.534 | 99.292 | 91.088 | 91.088 |
|   12  | 84.328 | 98.433 | 99.141 | 91.011 | 91.011 |
|   13  | 84.277 | 98.635 | 99.444 | 91.046 | 91.046 |
|   14  | 84.530 | 98.483 | 99.343 | 91.155 | 91.155 |
|   15  | 84.429 | 98.483 | 99.191 | 91.085 | 91.085 |
|   16  | 84.226 | 98.483 | 99.191 | 90.986 | 90.986 |
+-------+--------+--------+--------+--------+--------+
     logs:  {'epo': 16, 'R1': np.float32(84.226), 'R5': np.float32(98.483), 'R10': np.float32(99.191), 'mAP': np.float32(90.986), 'mINP': np.float32(90.986), 'lr': 9.5e-05, 'entropy': 0.022709, 'loss': 0.366231, 'entr_unc': 0.28781, 'uncertainty': 0.078421, 'uncertainty_multiply_coeffi': 0.078421}
      TTA Epoch: [17] [ 0/78]  eta: 0:00:39  lr: 0.000092  entropy: 0.0169  loss: 0.2836  entr_unc: 0.2050  uncertainty: 0.0786  uncertainty_multiply_coeffi: 0.0786  time: 0.5082  data: 0.4550  max mem: 2671
      TTA Epoch: [17] [77/78]  eta: 0:00:00  lr: 0.000085  entropy: 0.0576  loss: 0.7840  entr_unc: 0.7047  uncertainty: 0.0793  uncertainty_multiply_coeffi: 0.0793  time: 0.0313  data: 0.0001  max mem: 2671
      TTA Epoch: [17] Total time: 0:00:03 (0.0388 s / it)
     Averaged stats: lr: 0.0001  entropy: 0.0200  loss: 0.3293  entr_unc: 0.2506  uncertainty: 0.0787  uncertainty_multiply_coeffi: 0.0787
     itm tta time 0:00:03
     Computing matching score
      Evaluation: [   0/1978]  eta: 0:01:30    time: 0.0458  data: 0.0026  max mem: 2671
      Evaluation: [ 100/1978]  eta: 0:01:20    time: 0.0440  data: 0.0000  max mem: 2671
      Evaluation: [ 200/1978]  eta: 0:01:19    time: 0.0463  data: 0.0000  max mem: 2671
      Evaluation: [ 300/1978]  eta: 0:01:17    time: 0.0488  data: 0.0000  max mem: 2671
      Evaluation: [ 400/1978]  eta: 0:01:13    time: 0.0480  data: 0.0000  max mem: 2671
      Evaluation: [ 500/1978]  eta: 0:01:08    time: 0.0426  data: 0.0000  max mem: 2671
      Evaluation: [ 600/1978]  eta: 0:01:03    time: 0.0443  data: 0.0000  max mem: 2671
      Evaluation: [ 700/1978]  eta: 0:00:58    time: 0.0434  data: 0.0000  max mem: 2671
      Evaluation: [ 800/1978]  eta: 0:00:53    time: 0.0453  data: 0.0000  max mem: 2671
      Evaluation: [ 900/1978]  eta: 0:00:48    time: 0.0417  data: 0.0000  max mem: 2671
      Evaluation: [1000/1978]  eta: 0:00:44    time: 0.0419  data: 0.0000  max mem: 2671
      Evaluation: [1100/1978]  eta: 0:00:39    time: 0.0415  data: 0.0000  max mem: 2671
      Evaluation: [1200/1978]  eta: 0:00:34    time: 0.0415  data: 0.0000  max mem: 2671
      Evaluation: [1300/1978]  eta: 0:00:29    time: 0.0416  data: 0.0000  max mem: 2671
      Evaluation: [1400/1978]  eta: 0:00:25    time: 0.0421  data: 0.0000  max mem: 2671
      Evaluation: [1500/1978]  eta: 0:00:20    time: 0.0407  data: 0.0000  max mem: 2671
      Evaluation: [1600/1978]  eta: 0:00:16    time: 0.0418  data: 0.0000  max mem: 2671
      Evaluation: [1700/1978]  eta: 0:00:12    time: 0.0441  data: 0.0000  max mem: 2671
      Evaluation: [1800/1978]  eta: 0:00:07    time: 0.0413  data: 0.0000  max mem: 2671
      Evaluation: [1900/1978]  eta: 0:00:03    time: 0.0414  data: 0.0000  max mem: 2671
      Evaluation: [1977/1978]  eta: 0:00:00    time: 0.0416  data: 0.0000  max mem: 2671
      Evaluation: Total time: 0:01:25 (0.0434 s / it)
     Computing matching score time 0:01:26
### TTA ITM Score: 
+-------+--------+--------+--------+--------+--------+
| epoch |   R1   |   R5   |  R10   |  mAP   |  mINP  |
+-------+--------+--------+--------+--------+--------+
|  -999 | 69.414 | 95.197 | 97.776 | 81.233 | 81.233 |
|  -999 | 84.277 | 99.039 | 99.596 | 91.276 | 91.276 |
|   0   | 84.277 | 98.635 | 99.191 | 91.124 | 91.124 |
|   1   | 83.974 | 98.433 | 99.141 | 90.854 | 90.854 |
|   2   | 84.732 | 98.686 | 99.393 | 91.348 | 91.348 |
|   3   | 84.024 | 98.686 | 99.393 | 90.891 | 90.891 |
|   4   | 84.783 | 98.483 | 99.444 | 91.304 | 91.304 |
|   5   | 84.429 | 98.534 | 99.292 | 91.128 | 91.128 |
|   6   | 84.530 | 98.584 | 99.343 | 91.164 | 91.164 |
|   7   | 84.530 | 98.635 | 99.444 | 91.210 | 91.210 |
|   8   | 84.479 | 98.635 | 99.444 | 91.192 | 91.192 |
|   9   | 84.429 | 98.584 | 99.444 | 91.160 | 91.160 |
|   10  | 84.580 | 98.584 | 99.292 | 91.191 | 91.191 |
|   11  | 84.378 | 98.534 | 99.292 | 91.088 | 91.088 |
|   12  | 84.328 | 98.433 | 99.141 | 91.011 | 91.011 |
|   13  | 84.277 | 98.635 | 99.444 | 91.046 | 91.046 |
|   14  | 84.530 | 98.483 | 99.343 | 91.155 | 91.155 |
|   15  | 84.429 | 98.483 | 99.191 | 91.085 | 91.085 |
|   16  | 84.226 | 98.483 | 99.191 | 90.986 | 90.986 |
|   17  | 84.024 | 98.433 | 99.191 | 90.872 | 90.872 |
+-------+--------+--------+--------+--------+--------+
     logs:  {'epo': 17, 'R1': np.float32(84.024), 'R5': np.float32(98.433), 'R10': np.float32(99.191), 'mAP': np.float32(90.872), 'mINP': np.float32(90.872), 'lr': 8.9e-05, 'entropy': 0.020038, 'loss': 0.32932, 'entr_unc': 0.250642, 'uncertainty': 0.078678, 'uncertainty_multiply_coeffi': 0.078678}
      TTA Epoch: [18] [ 0/78]  eta: 0:00:37  lr: 0.000085  entropy: 0.0714  loss: 0.9954  entr_unc: 0.9171  uncertainty: 0.0782  uncertainty_multiply_coeffi: 0.0782  time: 0.4779  data: 0.3956  max mem: 2671
      TTA Epoch: [18] [77/78]  eta: 0:00:00  lr: 0.000078  entropy: 0.0409  loss: 0.5979  entr_unc: 0.5194  uncertainty: 0.0785  uncertainty_multiply_coeffi: 0.0785  time: 0.0304  data: 0.0001  max mem: 2671
      TTA Epoch: [18] Total time: 0:00:03 (0.0387 s / it)
     Averaged stats: lr: 0.0001  entropy: 0.0222  loss: 0.3590  entr_unc: 0.2801  uncertainty: 0.0790  uncertainty_multiply_coeffi: 0.0790
     itm tta time 0:00:03
     Computing matching score
      Evaluation: [   0/1978]  eta: 0:01:51    time: 0.0564  data: 0.0026  max mem: 2671
      Evaluation: [ 100/1978]  eta: 0:01:19    time: 0.0421  data: 0.0000  max mem: 2671
      Evaluation: [ 200/1978]  eta: 0:01:15    time: 0.0420  data: 0.0000  max mem: 2671
      Evaluation: [ 300/1978]  eta: 0:01:10    time: 0.0423  data: 0.0000  max mem: 2671
      Evaluation: [ 400/1978]  eta: 0:01:06    time: 0.0422  data: 0.0000  max mem: 2671
      Evaluation: [ 500/1978]  eta: 0:01:02    time: 0.0446  data: 0.0000  max mem: 2671
      Evaluation: [ 600/1978]  eta: 0:00:58    time: 0.0431  data: 0.0000  max mem: 2671
      Evaluation: [ 700/1978]  eta: 0:00:54    time: 0.0426  data: 0.0000  max mem: 2671
      Evaluation: [ 800/1978]  eta: 0:00:50    time: 0.0427  data: 0.0000  max mem: 2671
      Evaluation: [ 900/1978]  eta: 0:00:45    time: 0.0426  data: 0.0000  max mem: 2671
      Evaluation: [1000/1978]  eta: 0:00:41    time: 0.0428  data: 0.0000  max mem: 2671
      Evaluation: [1100/1978]  eta: 0:00:37    time: 0.0424  data: 0.0000  max mem: 2671
      Evaluation: [1200/1978]  eta: 0:00:33    time: 0.0422  data: 0.0000  max mem: 2671
      Evaluation: [1300/1978]  eta: 0:00:28    time: 0.0419  data: 0.0000  max mem: 2671
      Evaluation: [1400/1978]  eta: 0:00:24    time: 0.0450  data: 0.0000  max mem: 2671
      Evaluation: [1500/1978]  eta: 0:00:20    time: 0.0422  data: 0.0000  max mem: 2671
      Evaluation: [1600/1978]  eta: 0:00:16    time: 0.0420  data: 0.0000  max mem: 2671
      Evaluation: [1700/1978]  eta: 0:00:11    time: 0.0407  data: 0.0000  max mem: 2671
      Evaluation: [1800/1978]  eta: 0:00:07    time: 0.0410  data: 0.0000  max mem: 2671
      Evaluation: [1900/1978]  eta: 0:00:03    time: 0.0409  data: 0.0000  max mem: 2671
      Evaluation: [1977/1978]  eta: 0:00:00    time: 0.0415  data: 0.0000  max mem: 2671
      Evaluation: Total time: 0:01:23 (0.0423 s / it)
     Computing matching score time 0:01:23
### TTA ITM Score: 
+-------+--------+--------+--------+--------+--------+
| epoch |   R1   |   R5   |  R10   |  mAP   |  mINP  |
+-------+--------+--------+--------+--------+--------+
|  -999 | 69.414 | 95.197 | 97.776 | 81.233 | 81.233 |
|  -999 | 84.277 | 99.039 | 99.596 | 91.276 | 91.276 |
|   0   | 84.277 | 98.635 | 99.191 | 91.124 | 91.124 |
|   1   | 83.974 | 98.433 | 99.141 | 90.854 | 90.854 |
|   2   | 84.732 | 98.686 | 99.393 | 91.348 | 91.348 |
|   3   | 84.024 | 98.686 | 99.393 | 90.891 | 90.891 |
|   4   | 84.783 | 98.483 | 99.444 | 91.304 | 91.304 |
|   5   | 84.429 | 98.534 | 99.292 | 91.128 | 91.128 |
|   6   | 84.530 | 98.584 | 99.343 | 91.164 | 91.164 |
|   7   | 84.530 | 98.635 | 99.444 | 91.210 | 91.210 |
|   8   | 84.479 | 98.635 | 99.444 | 91.192 | 91.192 |
|   9   | 84.429 | 98.584 | 99.444 | 91.160 | 91.160 |
|   10  | 84.580 | 98.584 | 99.292 | 91.191 | 91.191 |
|   11  | 84.378 | 98.534 | 99.292 | 91.088 | 91.088 |
|   12  | 84.328 | 98.433 | 99.141 | 91.011 | 91.011 |
|   13  | 84.277 | 98.635 | 99.444 | 91.046 | 91.046 |
|   14  | 84.530 | 98.483 | 99.343 | 91.155 | 91.155 |
|   15  | 84.429 | 98.483 | 99.191 | 91.085 | 91.085 |
|   16  | 84.226 | 98.483 | 99.191 | 90.986 | 90.986 |
|   17  | 84.024 | 98.433 | 99.191 | 90.872 | 90.872 |
|   18  | 84.024 | 98.433 | 99.141 | 90.853 | 90.853 |
+-------+--------+--------+--------+--------+--------+
     logs:  {'epo': 18, 'R1': np.float32(84.024), 'R5': np.float32(98.433), 'R10': np.float32(99.141), 'mAP': np.float32(90.853), 'mINP': np.float32(90.853), 'lr': 8.2e-05, 'entropy': 0.022207, 'loss': 0.359047, 'entr_unc': 0.280091, 'uncertainty': 0.078956, 'uncertainty_multiply_coeffi': 0.078956}
      TTA Epoch: [19] [ 0/78]  eta: 0:00:34  lr: 0.000078  entropy: 0.0198  loss: 0.3337  entr_unc: 0.2544  uncertainty: 0.0794  uncertainty_multiply_coeffi: 0.0794  time: 0.4472  data: 0.3907  max mem: 2671
      TTA Epoch: [19] [77/78]  eta: 0:00:00  lr: 0.000071  entropy: 0.0006  loss: 0.0866  entr_unc: 0.0076  uncertainty: 0.0791  uncertainty_multiply_coeffi: 0.0791  time: 0.0318  data: 0.0001  max mem: 2671
      TTA Epoch: [19] Total time: 0:00:03 (0.0391 s / it)
     Averaged stats: lr: 0.0001  entropy: 0.0203  loss: 0.3354  entr_unc: 0.2562  uncertainty: 0.0792  uncertainty_multiply_coeffi: 0.0792
     itm tta time 0:00:03
     Computing matching score
      Evaluation: [   0/1978]  eta: 0:01:29    time: 0.0453  data: 0.0035  max mem: 2671
      Evaluation: [ 100/1978]  eta: 0:01:16    time: 0.0408  data: 0.0000  max mem: 2671
      Evaluation: [ 200/1978]  eta: 0:01:12    time: 0.0405  data: 0.0000  max mem: 2671
      Evaluation: [ 300/1978]  eta: 0:01:07    time: 0.0401  data: 0.0000  max mem: 2671
      Evaluation: [ 400/1978]  eta: 0:01:03    time: 0.0405  data: 0.0000  max mem: 2671
      Evaluation: [ 500/1978]  eta: 0:01:00    time: 0.0415  data: 0.0000  max mem: 2671
      Evaluation: [ 600/1978]  eta: 0:00:56    time: 0.0425  data: 0.0000  max mem: 2671
      Evaluation: [ 700/1978]  eta: 0:00:52    time: 0.0416  data: 0.0000  max mem: 2671
      Evaluation: [ 800/1978]  eta: 0:00:48    time: 0.0413  data: 0.0000  max mem: 2671
      Evaluation: [ 900/1978]  eta: 0:00:44    time: 0.0413  data: 0.0000  max mem: 2671
      Evaluation: [1000/1978]  eta: 0:00:40    time: 0.0415  data: 0.0000  max mem: 2671
      Evaluation: [1100/1978]  eta: 0:00:36    time: 0.0415  data: 0.0000  max mem: 2671
      Evaluation: [1200/1978]  eta: 0:00:32    time: 0.0418  data: 0.0000  max mem: 2671
      Evaluation: [1300/1978]  eta: 0:00:27    time: 0.0418  data: 0.0000  max mem: 2671
      Evaluation: [1400/1978]  eta: 0:00:23    time: 0.0418  data: 0.0000  max mem: 2671
      Evaluation: [1500/1978]  eta: 0:00:19    time: 0.0418  data: 0.0000  max mem: 2671
      Evaluation: [1600/1978]  eta: 0:00:15    time: 0.0412  data: 0.0000  max mem: 2671
      Evaluation: [1700/1978]  eta: 0:00:11    time: 0.0415  data: 0.0000  max mem: 2671
      Evaluation: [1800/1978]  eta: 0:00:07    time: 0.0418  data: 0.0000  max mem: 2671
      Evaluation: [1900/1978]  eta: 0:00:03    time: 0.0411  data: 0.0000  max mem: 2671
      Evaluation: [1977/1978]  eta: 0:00:00    time: 0.0410  data: 0.0000  max mem: 2671
      Evaluation: Total time: 0:01:21 (0.0413 s / it)
     Computing matching score time 0:01:21
### TTA ITM Score: 
+-------+--------+--------+--------+--------+--------+
| epoch |   R1   |   R5   |  R10   |  mAP   |  mINP  |
+-------+--------+--------+--------+--------+--------+
|  -999 | 69.414 | 95.197 | 97.776 | 81.233 | 81.233 |
|  -999 | 84.277 | 99.039 | 99.596 | 91.276 | 91.276 |
|   0   | 84.277 | 98.635 | 99.191 | 91.124 | 91.124 |
|   1   | 83.974 | 98.433 | 99.141 | 90.854 | 90.854 |
|   2   | 84.732 | 98.686 | 99.393 | 91.348 | 91.348 |
|   3   | 84.024 | 98.686 | 99.393 | 90.891 | 90.891 |
|   4   | 84.783 | 98.483 | 99.444 | 91.304 | 91.304 |
|   5   | 84.429 | 98.534 | 99.292 | 91.128 | 91.128 |
|   6   | 84.530 | 98.584 | 99.343 | 91.164 | 91.164 |
|   7   | 84.530 | 98.635 | 99.444 | 91.210 | 91.210 |
|   8   | 84.479 | 98.635 | 99.444 | 91.192 | 91.192 |
|   9   | 84.429 | 98.584 | 99.444 | 91.160 | 91.160 |
|   10  | 84.580 | 98.584 | 99.292 | 91.191 | 91.191 |
|   11  | 84.378 | 98.534 | 99.292 | 91.088 | 91.088 |
|   12  | 84.328 | 98.433 | 99.141 | 91.011 | 91.011 |
|   13  | 84.277 | 98.635 | 99.444 | 91.046 | 91.046 |
|   14  | 84.530 | 98.483 | 99.343 | 91.155 | 91.155 |
|   15  | 84.429 | 98.483 | 99.191 | 91.085 | 91.085 |
|   16  | 84.226 | 98.483 | 99.191 | 90.986 | 90.986 |
|   17  | 84.024 | 98.433 | 99.191 | 90.872 | 90.872 |
|   18  | 84.024 | 98.433 | 99.141 | 90.853 | 90.853 |
|   19  | 84.125 | 98.534 | 99.191 | 90.909 | 90.909 |
+-------+--------+--------+--------+--------+--------+
     logs:  {'epo': 19, 'R1': np.float32(84.125), 'R5': np.float32(98.534), 'R10': np.float32(99.191), 'mAP': np.float32(90.909), 'mINP': np.float32(90.909), 'lr': 7.5e-05, 'entropy': 0.020296, 'loss': 0.335373, 'entr_unc': 0.2562, 'uncertainty': 0.079172, 'uncertainty_multiply_coeffi': 0.079172}
      TTA Epoch: [20] [ 0/78]  eta: 0:00:36  lr: 0.000071  entropy: 0.0423  loss: 0.6357  entr_unc: 0.5561  uncertainty: 0.0795  uncertainty_multiply_coeffi: 0.0795  time: 0.4729  data: 0.4200  max mem: 2671
      TTA Epoch: [20] [77/78]  eta: 0:00:00  lr: 0.000064  entropy: 0.0415  loss: 0.5967  entr_unc: 0.5172  uncertainty: 0.0795  uncertainty_multiply_coeffi: 0.0795  time: 0.0384  data: 0.0048  max mem: 2671
      TTA Epoch: [20] Total time: 0:00:03 (0.0435 s / it)
     Averaged stats: lr: 0.0001  entropy: 0.0222  loss: 0.3588  entr_unc: 0.2794  uncertainty: 0.0794  uncertainty_multiply_coeffi: 0.0794
     itm tta time 0:00:03
     Computing matching score
      Evaluation: [   0/1978]  eta: 0:01:26    time: 0.0436  data: 0.0024  max mem: 2671
      Evaluation: [ 100/1978]  eta: 0:01:16    time: 0.0406  data: 0.0000  max mem: 2671
      Evaluation: [ 200/1978]  eta: 0:01:12    time: 0.0409  data: 0.0000  max mem: 2671
      Evaluation: [ 300/1978]  eta: 0:01:08    time: 0.0407  data: 0.0000  max mem: 2671
      Evaluation: [ 400/1978]  eta: 0:01:04    time: 0.0406  data: 0.0000  max mem: 2671
      Evaluation: [ 500/1978]  eta: 0:01:00    time: 0.0406  data: 0.0000  max mem: 2671
      Evaluation: [ 600/1978]  eta: 0:00:56    time: 0.0412  data: 0.0000  max mem: 2671
      Evaluation: [ 700/1978]  eta: 0:00:52    time: 0.0416  data: 0.0000  max mem: 2671
      Evaluation: [ 800/1978]  eta: 0:00:48    time: 0.0410  data: 0.0000  max mem: 2671
      Evaluation: [ 900/1978]  eta: 0:00:44    time: 0.0407  data: 0.0000  max mem: 2671
      Evaluation: [1000/1978]  eta: 0:00:40    time: 0.0419  data: 0.0000  max mem: 2671
      Evaluation: [1100/1978]  eta: 0:00:36    time: 0.0412  data: 0.0000  max mem: 2671
      Evaluation: [1200/1978]  eta: 0:00:31    time: 0.0416  data: 0.0000  max mem: 2671
      Evaluation: [1300/1978]  eta: 0:00:27    time: 0.0419  data: 0.0000  max mem: 2671
      Evaluation: [1400/1978]  eta: 0:00:23    time: 0.0409  data: 0.0000  max mem: 2671
      Evaluation: [1500/1978]  eta: 0:00:19    time: 0.0414  data: 0.0000  max mem: 2671
      Evaluation: [1600/1978]  eta: 0:00:15    time: 0.0412  data: 0.0000  max mem: 2671
      Evaluation: [1700/1978]  eta: 0:00:11    time: 0.0417  data: 0.0000  max mem: 2671
      Evaluation: [1800/1978]  eta: 0:00:07    time: 0.0417  data: 0.0000  max mem: 2671
      Evaluation: [1900/1978]  eta: 0:00:03    time: 0.0420  data: 0.0000  max mem: 2671
      Evaluation: [1977/1978]  eta: 0:00:00    time: 0.0416  data: 0.0000  max mem: 2671
      Evaluation: Total time: 0:01:21 (0.0413 s / it)
     Computing matching score time 0:01:21
### TTA ITM Score: 
+-------+--------+--------+--------+--------+--------+
| epoch |   R1   |   R5   |  R10   |  mAP   |  mINP  |
+-------+--------+--------+--------+--------+--------+
|  -999 | 69.414 | 95.197 | 97.776 | 81.233 | 81.233 |
|  -999 | 84.277 | 99.039 | 99.596 | 91.276 | 91.276 |
|   0   | 84.277 | 98.635 | 99.191 | 91.124 | 91.124 |
|   1   | 83.974 | 98.433 | 99.141 | 90.854 | 90.854 |
|   2   | 84.732 | 98.686 | 99.393 | 91.348 | 91.348 |
|   3   | 84.024 | 98.686 | 99.393 | 90.891 | 90.891 |
|   4   | 84.783 | 98.483 | 99.444 | 91.304 | 91.304 |
|   5   | 84.429 | 98.534 | 99.292 | 91.128 | 91.128 |
|   6   | 84.530 | 98.584 | 99.343 | 91.164 | 91.164 |
|   7   | 84.530 | 98.635 | 99.444 | 91.210 | 91.210 |
|   8   | 84.479 | 98.635 | 99.444 | 91.192 | 91.192 |
|   9   | 84.429 | 98.584 | 99.444 | 91.160 | 91.160 |
|   10  | 84.580 | 98.584 | 99.292 | 91.191 | 91.191 |
|   11  | 84.378 | 98.534 | 99.292 | 91.088 | 91.088 |
|   12  | 84.328 | 98.433 | 99.141 | 91.011 | 91.011 |
|   13  | 84.277 | 98.635 | 99.444 | 91.046 | 91.046 |
|   14  | 84.530 | 98.483 | 99.343 | 91.155 | 91.155 |
|   15  | 84.429 | 98.483 | 99.191 | 91.085 | 91.085 |
|   16  | 84.226 | 98.483 | 99.191 | 90.986 | 90.986 |
|   17  | 84.024 | 98.433 | 99.191 | 90.872 | 90.872 |
|   18  | 84.024 | 98.433 | 99.141 | 90.853 | 90.853 |
|   19  | 84.125 | 98.534 | 99.191 | 90.909 | 90.909 |
|   20  | 83.974 | 98.534 | 99.191 | 90.825 | 90.825 |
+-------+--------+--------+--------+--------+--------+
     logs:  {'epo': 20, 'R1': np.float32(83.974), 'R5': np.float32(98.534), 'R10': np.float32(99.191), 'mAP': np.float32(90.825), 'mINP': np.float32(90.825), 'lr': 6.8e-05, 'entropy': 0.022239, 'loss': 0.358846, 'entr_unc': 0.279415, 'uncertainty': 0.07943, 'uncertainty_multiply_coeffi': 0.07943}
      TTA Epoch: [21] [ 0/78]  eta: 0:00:36  lr: 0.000064  entropy: 0.0402  loss: 0.5936  entr_unc: 0.5126  uncertainty: 0.0809  uncertainty_multiply_coeffi: 0.0809  time: 0.4683  data: 0.4004  max mem: 2671
      TTA Epoch: [21] [77/78]  eta: 0:00:00  lr: 0.000058  entropy: 0.0397  loss: 0.5538  entr_unc: 0.4740  uncertainty: 0.0798  uncertainty_multiply_coeffi: 0.0798  time: 0.0301  data: 0.0001  max mem: 2671
      TTA Epoch: [21] Total time: 0:00:03 (0.0392 s / it)
     Averaged stats: lr: 0.0001  entropy: 0.0211  loss: 0.3429  entr_unc: 0.2633  uncertainty: 0.0797  uncertainty_multiply_coeffi: 0.0797
     itm tta time 0:00:03
     Computing matching score
      Evaluation: [   0/1978]  eta: 0:01:26    time: 0.0438  data: 0.0025  max mem: 2671
      Evaluation: [ 100/1978]  eta: 0:01:17    time: 0.0414  data: 0.0000  max mem: 2671
      Evaluation: [ 200/1978]  eta: 0:01:13    time: 0.0408  data: 0.0000  max mem: 2671
      Evaluation: [ 300/1978]  eta: 0:01:08    time: 0.0407  data: 0.0000  max mem: 2671
      Evaluation: [ 400/1978]  eta: 0:01:04    time: 0.0409  data: 0.0000  max mem: 2671
      Evaluation: [ 500/1978]  eta: 0:01:00    time: 0.0411  data: 0.0000  max mem: 2671
      Evaluation: [ 600/1978]  eta: 0:00:56    time: 0.0411  data: 0.0000  max mem: 2671
      Evaluation: [ 700/1978]  eta: 0:00:52    time: 0.0407  data: 0.0000  max mem: 2671
      Evaluation: [ 800/1978]  eta: 0:00:48    time: 0.0406  data: 0.0000  max mem: 2671
      Evaluation: [ 900/1978]  eta: 0:00:44    time: 0.0409  data: 0.0000  max mem: 2671
      Evaluation: [1000/1978]  eta: 0:00:39    time: 0.0407  data: 0.0000  max mem: 2671
      Evaluation: [1100/1978]  eta: 0:00:35    time: 0.0407  data: 0.0000  max mem: 2671
      Evaluation: [1200/1978]  eta: 0:00:31    time: 0.0403  data: 0.0000  max mem: 2671
      Evaluation: [1300/1978]  eta: 0:00:27    time: 0.0405  data: 0.0000  max mem: 2671
      Evaluation: [1400/1978]  eta: 0:00:23    time: 0.0406  data: 0.0000  max mem: 2671
      Evaluation: [1500/1978]  eta: 0:00:19    time: 0.0416  data: 0.0000  max mem: 2671
      Evaluation: [1600/1978]  eta: 0:00:15    time: 0.0404  data: 0.0000  max mem: 2671
      Evaluation: [1700/1978]  eta: 0:00:11    time: 0.0406  data: 0.0000  max mem: 2671
      Evaluation: [1800/1978]  eta: 0:00:07    time: 0.0419  data: 0.0000  max mem: 2671
      Evaluation: [1900/1978]  eta: 0:00:03    time: 0.0417  data: 0.0000  max mem: 2671
      Evaluation: [1977/1978]  eta: 0:00:00    time: 0.0419  data: 0.0000  max mem: 2671
      Evaluation: Total time: 0:01:20 (0.0409 s / it)
     Computing matching score time 0:01:21
### TTA ITM Score: 
+-------+--------+--------+--------+--------+--------+
| epoch |   R1   |   R5   |  R10   |  mAP   |  mINP  |
+-------+--------+--------+--------+--------+--------+
|  -999 | 69.414 | 95.197 | 97.776 | 81.233 | 81.233 |
|  -999 | 84.277 | 99.039 | 99.596 | 91.276 | 91.276 |
|   0   | 84.277 | 98.635 | 99.191 | 91.124 | 91.124 |
|   1   | 83.974 | 98.433 | 99.141 | 90.854 | 90.854 |
|   2   | 84.732 | 98.686 | 99.393 | 91.348 | 91.348 |
|   3   | 84.024 | 98.686 | 99.393 | 90.891 | 90.891 |
|   4   | 84.783 | 98.483 | 99.444 | 91.304 | 91.304 |
|   5   | 84.429 | 98.534 | 99.292 | 91.128 | 91.128 |
|   6   | 84.530 | 98.584 | 99.343 | 91.164 | 91.164 |
|   7   | 84.530 | 98.635 | 99.444 | 91.210 | 91.210 |
|   8   | 84.479 | 98.635 | 99.444 | 91.192 | 91.192 |
|   9   | 84.429 | 98.584 | 99.444 | 91.160 | 91.160 |
|   10  | 84.580 | 98.584 | 99.292 | 91.191 | 91.191 |
|   11  | 84.378 | 98.534 | 99.292 | 91.088 | 91.088 |
|   12  | 84.328 | 98.433 | 99.141 | 91.011 | 91.011 |
|   13  | 84.277 | 98.635 | 99.444 | 91.046 | 91.046 |
|   14  | 84.530 | 98.483 | 99.343 | 91.155 | 91.155 |
|   15  | 84.429 | 98.483 | 99.191 | 91.085 | 91.085 |
|   16  | 84.226 | 98.483 | 99.191 | 90.986 | 90.986 |
|   17  | 84.024 | 98.433 | 99.191 | 90.872 | 90.872 |
|   18  | 84.024 | 98.433 | 99.141 | 90.853 | 90.853 |
|   19  | 84.125 | 98.534 | 99.191 | 90.909 | 90.909 |
|   20  | 83.974 | 98.534 | 99.191 | 90.825 | 90.825 |
|   21  | 83.974 | 98.534 | 99.191 | 90.830 | 90.830 |
+-------+--------+--------+--------+--------+--------+
     logs:  {'epo': 21, 'R1': np.float32(83.974), 'R5': np.float32(98.534), 'R10': np.float32(99.191), 'mAP': np.float32(90.83), 'mINP': np.float32(90.83), 'lr': 6.1e-05, 'entropy': 0.021061, 'loss': 0.342912, 'entr_unc': 0.26326, 'uncertainty': 0.079653, 'uncertainty_multiply_coeffi': 0.079653}
      TTA Epoch: [22] [ 0/78]  eta: 0:00:34  lr: 0.000058  entropy: 0.0078  loss: 0.1779  entr_unc: 0.0975  uncertainty: 0.0804  uncertainty_multiply_coeffi: 0.0804  time: 0.4475  data: 0.3923  max mem: 2671
      TTA Epoch: [22] [77/78]  eta: 0:00:00  lr: 0.000051  entropy: 0.0185  loss: 0.2993  entr_unc: 0.2189  uncertainty: 0.0804  uncertainty_multiply_coeffi: 0.0804  time: 0.0354  data: 0.0028  max mem: 2671
      TTA Epoch: [22] Total time: 0:00:03 (0.0416 s / it)
     Averaged stats: lr: 0.0001  entropy: 0.0176  loss: 0.2997  entr_unc: 0.2198  uncertainty: 0.0799  uncertainty_multiply_coeffi: 0.0799
     itm tta time 0:00:03
     Computing matching score
      Evaluation: [   0/1978]  eta: 0:01:27    time: 0.0440  data: 0.0023  max mem: 2671
      Evaluation: [ 100/1978]  eta: 0:01:17    time: 0.0414  data: 0.0000  max mem: 2671
      Evaluation: [ 200/1978]  eta: 0:01:13    time: 0.0411  data: 0.0000  max mem: 2671
      Evaluation: [ 300/1978]  eta: 0:01:09    time: 0.0415  data: 0.0000  max mem: 2671
      Evaluation: [ 400/1978]  eta: 0:01:05    time: 0.0409  data: 0.0000  max mem: 2671
      Evaluation: [ 500/1978]  eta: 0:01:00    time: 0.0408  data: 0.0000  max mem: 2671
      Evaluation: [ 600/1978]  eta: 0:00:56    time: 0.0415  data: 0.0000  max mem: 2671
      Evaluation: [ 700/1978]  eta: 0:00:52    time: 0.0405  data: 0.0000  max mem: 2671
      Evaluation: [ 800/1978]  eta: 0:00:48    time: 0.0406  data: 0.0000  max mem: 2671
      Evaluation: [ 900/1978]  eta: 0:00:44    time: 0.0409  data: 0.0000  max mem: 2671
      Evaluation: [1000/1978]  eta: 0:00:40    time: 0.0408  data: 0.0000  max mem: 2671
      Evaluation: [1100/1978]  eta: 0:00:35    time: 0.0403  data: 0.0000  max mem: 2671
      Evaluation: [1200/1978]  eta: 0:00:31    time: 0.0405  data: 0.0000  max mem: 2671
      Evaluation: [1300/1978]  eta: 0:00:27    time: 0.0408  data: 0.0000  max mem: 2671
      Evaluation: [1400/1978]  eta: 0:00:23    time: 0.0409  data: 0.0000  max mem: 2671
      Evaluation: [1500/1978]  eta: 0:00:19    time: 0.0409  data: 0.0000  max mem: 2671
      Evaluation: [1600/1978]  eta: 0:00:15    time: 0.0404  data: 0.0000  max mem: 2671
      Evaluation: [1700/1978]  eta: 0:00:11    time: 0.0405  data: 0.0000  max mem: 2671
      Evaluation: [1800/1978]  eta: 0:00:07    time: 0.0405  data: 0.0000  max mem: 2671
      Evaluation: [1900/1978]  eta: 0:00:03    time: 0.0404  data: 0.0000  max mem: 2671
      Evaluation: [1977/1978]  eta: 0:00:00    time: 0.0407  data: 0.0000  max mem: 2671
      Evaluation: Total time: 0:01:20 (0.0408 s / it)
     Computing matching score time 0:01:21
### TTA ITM Score: 
+-------+--------+--------+--------+--------+--------+
| epoch |   R1   |   R5   |  R10   |  mAP   |  mINP  |
+-------+--------+--------+--------+--------+--------+
|  -999 | 69.414 | 95.197 | 97.776 | 81.233 | 81.233 |
|  -999 | 84.277 | 99.039 | 99.596 | 91.276 | 91.276 |
|   0   | 84.277 | 98.635 | 99.191 | 91.124 | 91.124 |
|   1   | 83.974 | 98.433 | 99.141 | 90.854 | 90.854 |
|   2   | 84.732 | 98.686 | 99.393 | 91.348 | 91.348 |
|   3   | 84.024 | 98.686 | 99.393 | 90.891 | 90.891 |
|   4   | 84.783 | 98.483 | 99.444 | 91.304 | 91.304 |
|   5   | 84.429 | 98.534 | 99.292 | 91.128 | 91.128 |
|   6   | 84.530 | 98.584 | 99.343 | 91.164 | 91.164 |
|   7   | 84.530 | 98.635 | 99.444 | 91.210 | 91.210 |
|   8   | 84.479 | 98.635 | 99.444 | 91.192 | 91.192 |
|   9   | 84.429 | 98.584 | 99.444 | 91.160 | 91.160 |
|   10  | 84.580 | 98.584 | 99.292 | 91.191 | 91.191 |
|   11  | 84.378 | 98.534 | 99.292 | 91.088 | 91.088 |
|   12  | 84.328 | 98.433 | 99.141 | 91.011 | 91.011 |
|   13  | 84.277 | 98.635 | 99.444 | 91.046 | 91.046 |
|   14  | 84.530 | 98.483 | 99.343 | 91.155 | 91.155 |
|   15  | 84.429 | 98.483 | 99.191 | 91.085 | 91.085 |
|   16  | 84.226 | 98.483 | 99.191 | 90.986 | 90.986 |
|   17  | 84.024 | 98.433 | 99.191 | 90.872 | 90.872 |
|   18  | 84.024 | 98.433 | 99.141 | 90.853 | 90.853 |
|   19  | 84.125 | 98.534 | 99.191 | 90.909 | 90.909 |
|   20  | 83.974 | 98.534 | 99.191 | 90.825 | 90.825 |
|   21  | 83.974 | 98.534 | 99.191 | 90.830 | 90.830 |
|   22  | 83.923 | 98.534 | 99.191 | 90.774 | 90.774 |
+-------+--------+--------+--------+--------+--------+
     logs:  {'epo': 22, 'R1': np.float32(83.923), 'R5': np.float32(98.534), 'R10': np.float32(99.191), 'mAP': np.float32(90.774), 'mINP': np.float32(90.774), 'lr': 5.4e-05, 'entropy': 0.017628, 'loss': 0.299675, 'entr_unc': 0.219815, 'uncertainty': 0.07986, 'uncertainty_multiply_coeffi': 0.07986}
      TTA Epoch: [23] [ 0/78]  eta: 0:00:35  lr: 0.000051  entropy: 0.0001  loss: 0.0813  entr_unc: 0.0017  uncertainty: 0.0796  uncertainty_multiply_coeffi: 0.0796  time: 0.4533  data: 0.3961  max mem: 2671
      TTA Epoch: [23] [77/78]  eta: 0:00:00  lr: 0.000044  entropy: 0.0469  loss: 0.6612  entr_unc: 0.5809  uncertainty: 0.0803  uncertainty_multiply_coeffi: 0.0803  time: 0.0356  data: 0.0013  max mem: 2671
      TTA Epoch: [23] Total time: 0:00:03 (0.0417 s / it)
     Averaged stats: lr: 0.0000  entropy: 0.0165  loss: 0.2842  entr_unc: 0.2042  uncertainty: 0.0800  uncertainty_multiply_coeffi: 0.0800
     itm tta time 0:00:03
     Computing matching score
      Evaluation: [   0/1978]  eta: 0:01:25    time: 0.0435  data: 0.0024  max mem: 2671
      Evaluation: [ 100/1978]  eta: 0:01:16    time: 0.0404  data: 0.0000  max mem: 2671
      Evaluation: [ 200/1978]  eta: 0:01:12    time: 0.0406  data: 0.0000  max mem: 2671
      Evaluation: [ 300/1978]  eta: 0:01:07    time: 0.0406  data: 0.0000  max mem: 2671
      Evaluation: [ 400/1978]  eta: 0:01:03    time: 0.0409  data: 0.0000  max mem: 2671
      Evaluation: [ 500/1978]  eta: 0:00:59    time: 0.0402  data: 0.0000  max mem: 2671
      Evaluation: [ 600/1978]  eta: 0:00:55    time: 0.0407  data: 0.0000  max mem: 2671
      Evaluation: [ 700/1978]  eta: 0:00:51    time: 0.0408  data: 0.0000  max mem: 2671
      Evaluation: [ 800/1978]  eta: 0:00:47    time: 0.0408  data: 0.0000  max mem: 2671
      Evaluation: [ 900/1978]  eta: 0:00:43    time: 0.0410  data: 0.0000  max mem: 2671
      Evaluation: [1000/1978]  eta: 0:00:39    time: 0.0411  data: 0.0000  max mem: 2671
      Evaluation: [1100/1978]  eta: 0:00:35    time: 0.0408  data: 0.0000  max mem: 2671
      Evaluation: [1200/1978]  eta: 0:00:31    time: 0.0410  data: 0.0000  max mem: 2671
      Evaluation: [1300/1978]  eta: 0:00:27    time: 0.0412  data: 0.0000  max mem: 2671
      Evaluation: [1400/1978]  eta: 0:00:23    time: 0.0414  data: 0.0000  max mem: 2671
      Evaluation: [1500/1978]  eta: 0:00:19    time: 0.0407  data: 0.0000  max mem: 2671
      Evaluation: [1600/1978]  eta: 0:00:15    time: 0.0407  data: 0.0000  max mem: 2671
      Evaluation: [1700/1978]  eta: 0:00:11    time: 0.0408  data: 0.0000  max mem: 2671
      Evaluation: [1800/1978]  eta: 0:00:07    time: 0.0406  data: 0.0000  max mem: 2671
      Evaluation: [1900/1978]  eta: 0:00:03    time: 0.0410  data: 0.0000  max mem: 2671
      Evaluation: [1977/1978]  eta: 0:00:00    time: 0.0414  data: 0.0000  max mem: 2671
      Evaluation: Total time: 0:01:20 (0.0408 s / it)
     Computing matching score time 0:01:21
### TTA ITM Score: 
+-------+--------+--------+--------+--------+--------+
| epoch |   R1   |   R5   |  R10   |  mAP   |  mINP  |
+-------+--------+--------+--------+--------+--------+
|  -999 | 69.414 | 95.197 | 97.776 | 81.233 | 81.233 |
|  -999 | 84.277 | 99.039 | 99.596 | 91.276 | 91.276 |
|   0   | 84.277 | 98.635 | 99.191 | 91.124 | 91.124 |
|   1   | 83.974 | 98.433 | 99.141 | 90.854 | 90.854 |
|   2   | 84.732 | 98.686 | 99.393 | 91.348 | 91.348 |
|   3   | 84.024 | 98.686 | 99.393 | 90.891 | 90.891 |
|   4   | 84.783 | 98.483 | 99.444 | 91.304 | 91.304 |
|   5   | 84.429 | 98.534 | 99.292 | 91.128 | 91.128 |
|   6   | 84.530 | 98.584 | 99.343 | 91.164 | 91.164 |
|   7   | 84.530 | 98.635 | 99.444 | 91.210 | 91.210 |
|   8   | 84.479 | 98.635 | 99.444 | 91.192 | 91.192 |
|   9   | 84.429 | 98.584 | 99.444 | 91.160 | 91.160 |
|   10  | 84.580 | 98.584 | 99.292 | 91.191 | 91.191 |
|   11  | 84.378 | 98.534 | 99.292 | 91.088 | 91.088 |
|   12  | 84.328 | 98.433 | 99.141 | 91.011 | 91.011 |
|   13  | 84.277 | 98.635 | 99.444 | 91.046 | 91.046 |
|   14  | 84.530 | 98.483 | 99.343 | 91.155 | 91.155 |
|   15  | 84.429 | 98.483 | 99.191 | 91.085 | 91.085 |
|   16  | 84.226 | 98.483 | 99.191 | 90.986 | 90.986 |
|   17  | 84.024 | 98.433 | 99.191 | 90.872 | 90.872 |
|   18  | 84.024 | 98.433 | 99.141 | 90.853 | 90.853 |
|   19  | 84.125 | 98.534 | 99.191 | 90.909 | 90.909 |
|   20  | 83.974 | 98.534 | 99.191 | 90.825 | 90.825 |
|   21  | 83.974 | 98.534 | 99.191 | 90.830 | 90.830 |
|   22  | 83.923 | 98.534 | 99.191 | 90.774 | 90.774 |
|   23  | 83.873 | 98.483 | 99.141 | 90.745 | 90.745 |
+-------+--------+--------+--------+--------+--------+
     logs:  {'epo': 23, 'R1': np.float32(83.873), 'R5': np.float32(98.483), 'R10': np.float32(99.141), 'mAP': np.float32(90.745), 'mINP': np.float32(90.745), 'lr': 4.7e-05, 'entropy': 0.016539, 'loss': 0.284216, 'entr_unc': 0.204233, 'uncertainty': 0.079983, 'uncertainty_multiply_coeffi': 0.079983}
      TTA Epoch: [24] [ 0/78]  eta: 0:00:32  lr: 0.000044  entropy: 0.0525  loss: 0.7583  entr_unc: 0.6790  uncertainty: 0.0792  uncertainty_multiply_coeffi: 0.0792  time: 0.4115  data: 0.3565  max mem: 2671
      TTA Epoch: [24] [77/78]  eta: 0:00:00  lr: 0.000037  entropy: 0.0096  loss: 0.1991  entr_unc: 0.1188  uncertainty: 0.0803  uncertainty_multiply_coeffi: 0.0803  time: 0.0384  data: 0.0045  max mem: 2671
      TTA Epoch: [24] Total time: 0:00:03 (0.0437 s / it)
     Averaged stats: lr: 0.0000  entropy: 0.0203  loss: 0.3324  entr_unc: 0.2523  uncertainty: 0.0801  uncertainty_multiply_coeffi: 0.0801
     itm tta time 0:00:03
     Computing matching score
      Evaluation: [   0/1978]  eta: 0:01:27    time: 0.0441  data: 0.0023  max mem: 2671
      Evaluation: [ 100/1978]  eta: 0:01:17    time: 0.0412  data: 0.0000  max mem: 2671
      Evaluation: [ 200/1978]  eta: 0:01:13    time: 0.0408  data: 0.0000  max mem: 2671
      Evaluation: [ 300/1978]  eta: 0:01:08    time: 0.0413  data: 0.0000  max mem: 2671
      Evaluation: [ 400/1978]  eta: 0:01:04    time: 0.0412  data: 0.0000  max mem: 2671
      Evaluation: [ 500/1978]  eta: 0:01:00    time: 0.0408  data: 0.0000  max mem: 2671
      Evaluation: [ 600/1978]  eta: 0:00:56    time: 0.0411  data: 0.0000  max mem: 2671
      Evaluation: [ 700/1978]  eta: 0:00:52    time: 0.0418  data: 0.0000  max mem: 2671
      Evaluation: [ 800/1978]  eta: 0:00:48    time: 0.0430  data: 0.0000  max mem: 2671
      Evaluation: [ 900/1978]  eta: 0:00:44    time: 0.0422  data: 0.0000  max mem: 2671
      Evaluation: [1000/1978]  eta: 0:00:40    time: 0.0431  data: 0.0000  max mem: 2671
      Evaluation: [1100/1978]  eta: 0:00:36    time: 0.0438  data: 0.0000  max mem: 2671
      Evaluation: [1200/1978]  eta: 0:00:32    time: 0.0429  data: 0.0000  max mem: 2671
      Evaluation: [1300/1978]  eta: 0:00:28    time: 0.0408  data: 0.0000  max mem: 2671
      Evaluation: [1400/1978]  eta: 0:00:24    time: 0.0409  data: 0.0000  max mem: 2671
      Evaluation: [1500/1978]  eta: 0:00:19    time: 0.0409  data: 0.0000  max mem: 2671
      Evaluation: [1600/1978]  eta: 0:00:15    time: 0.0404  data: 0.0000  max mem: 2671
      Evaluation: [1700/1978]  eta: 0:00:11    time: 0.0405  data: 0.0000  max mem: 2671
      Evaluation: [1800/1978]  eta: 0:00:07    time: 0.0412  data: 0.0000  max mem: 2671
      Evaluation: [1900/1978]  eta: 0:00:03    time: 0.0416  data: 0.0000  max mem: 2671
      Evaluation: [1977/1978]  eta: 0:00:00    time: 0.0437  data: 0.0000  max mem: 2671
      Evaluation: Total time: 0:01:22 (0.0416 s / it)
     Computing matching score time 0:01:22
### TTA ITM Score: 
+-------+--------+--------+--------+--------+--------+
| epoch |   R1   |   R5   |  R10   |  mAP   |  mINP  |
+-------+--------+--------+--------+--------+--------+
|  -999 | 69.414 | 95.197 | 97.776 | 81.233 | 81.233 |
|  -999 | 84.277 | 99.039 | 99.596 | 91.276 | 91.276 |
|   0   | 84.277 | 98.635 | 99.191 | 91.124 | 91.124 |
|   1   | 83.974 | 98.433 | 99.141 | 90.854 | 90.854 |
|   2   | 84.732 | 98.686 | 99.393 | 91.348 | 91.348 |
|   3   | 84.024 | 98.686 | 99.393 | 90.891 | 90.891 |
|   4   | 84.783 | 98.483 | 99.444 | 91.304 | 91.304 |
|   5   | 84.429 | 98.534 | 99.292 | 91.128 | 91.128 |
|   6   | 84.530 | 98.584 | 99.343 | 91.164 | 91.164 |
|   7   | 84.530 | 98.635 | 99.444 | 91.210 | 91.210 |
|   8   | 84.479 | 98.635 | 99.444 | 91.192 | 91.192 |
|   9   | 84.429 | 98.584 | 99.444 | 91.160 | 91.160 |
|   10  | 84.580 | 98.584 | 99.292 | 91.191 | 91.191 |
|   11  | 84.378 | 98.534 | 99.292 | 91.088 | 91.088 |
|   12  | 84.328 | 98.433 | 99.141 | 91.011 | 91.011 |
|   13  | 84.277 | 98.635 | 99.444 | 91.046 | 91.046 |
|   14  | 84.530 | 98.483 | 99.343 | 91.155 | 91.155 |
|   15  | 84.429 | 98.483 | 99.191 | 91.085 | 91.085 |
|   16  | 84.226 | 98.483 | 99.191 | 90.986 | 90.986 |
|   17  | 84.024 | 98.433 | 99.191 | 90.872 | 90.872 |
|   18  | 84.024 | 98.433 | 99.141 | 90.853 | 90.853 |
|   19  | 84.125 | 98.534 | 99.191 | 90.909 | 90.909 |
|   20  | 83.974 | 98.534 | 99.191 | 90.825 | 90.825 |
|   21  | 83.974 | 98.534 | 99.191 | 90.830 | 90.830 |
|   22  | 83.923 | 98.534 | 99.191 | 90.774 | 90.774 |
|   23  | 83.873 | 98.483 | 99.141 | 90.745 | 90.745 |
|   24  | 84.024 | 98.584 | 99.191 | 90.841 | 90.841 |
+-------+--------+--------+--------+--------+--------+
     logs:  {'epo': 24, 'R1': np.float32(84.024), 'R5': np.float32(98.584), 'R10': np.float32(99.191), 'mAP': np.float32(90.841), 'mINP': np.float32(90.841), 'lr': 4e-05, 'entropy': 0.020287, 'loss': 0.332404, 'entr_unc': 0.252288, 'uncertainty': 0.080116, 'uncertainty_multiply_coeffi': 0.080116}
      TTA Epoch: [25] [ 0/78]  eta: 0:00:39  lr: 0.000037  entropy: 0.0004  loss: 0.0856  entr_unc: 0.0053  uncertainty: 0.0803  uncertainty_multiply_coeffi: 0.0803  time: 0.5108  data: 0.4469  max mem: 2671
      TTA Epoch: [25] [77/78]  eta: 0:00:00  lr: 0.000030  entropy: 0.0199  loss: 0.3259  entr_unc: 0.2448  uncertainty: 0.0811  uncertainty_multiply_coeffi: 0.0811  time: 0.0327  data: 0.0001  max mem: 2671
      TTA Epoch: [25] Total time: 0:00:03 (0.0427 s / it)
     Averaged stats: lr: 0.0000  entropy: 0.0212  loss: 0.3427  entr_unc: 0.2625  uncertainty: 0.0802  uncertainty_multiply_coeffi: 0.0802
     itm tta time 0:00:03
     Computing matching score
      Evaluation: [   0/1978]  eta: 0:01:27    time: 0.0441  data: 0.0024  max mem: 2671
      Evaluation: [ 100/1978]  eta: 0:01:18    time: 0.0418  data: 0.0000  max mem: 2671
      Evaluation: [ 200/1978]  eta: 0:01:14    time: 0.0422  data: 0.0000  max mem: 2671
      Evaluation: [ 300/1978]  eta: 0:01:10    time: 0.0427  data: 0.0000  max mem: 2671
      Evaluation: [ 400/1978]  eta: 0:01:06    time: 0.0446  data: 0.0000  max mem: 2671
      Evaluation: [ 500/1978]  eta: 0:01:02    time: 0.0418  data: 0.0000  max mem: 2671
      Evaluation: [ 600/1978]  eta: 0:00:58    time: 0.0423  data: 0.0000  max mem: 2671
      Evaluation: [ 700/1978]  eta: 0:00:54    time: 0.0458  data: 0.0000  max mem: 2671
      Evaluation: [ 800/1978]  eta: 0:00:50    time: 0.0446  data: 0.0000  max mem: 2671
      Evaluation: [ 900/1978]  eta: 0:00:46    time: 0.0429  data: 0.0000  max mem: 2671
      Evaluation: [1000/1978]  eta: 0:00:42    time: 0.0424  data: 0.0000  max mem: 2671
      Evaluation: [1100/1978]  eta: 0:00:37    time: 0.0422  data: 0.0000  max mem: 2671
      Evaluation: [1200/1978]  eta: 0:00:33    time: 0.0414  data: 0.0000  max mem: 2671
      Evaluation: [1300/1978]  eta: 0:00:28    time: 0.0410  data: 0.0000  max mem: 2671
      Evaluation: [1400/1978]  eta: 0:00:24    time: 0.0425  data: 0.0000  max mem: 2671
      Evaluation: [1500/1978]  eta: 0:00:20    time: 0.0410  data: 0.0000  max mem: 2671
      Evaluation: [1600/1978]  eta: 0:00:16    time: 0.0414  data: 0.0000  max mem: 2671
      Evaluation: [1700/1978]  eta: 0:00:11    time: 0.0424  data: 0.0000  max mem: 2671
      Evaluation: [1800/1978]  eta: 0:00:07    time: 0.0407  data: 0.0000  max mem: 2671
      Evaluation: [1900/1978]  eta: 0:00:03    time: 0.0413  data: 0.0000  max mem: 2671
      Evaluation: [1977/1978]  eta: 0:00:00    time: 0.0409  data: 0.0000  max mem: 2671
      Evaluation: Total time: 0:01:23 (0.0422 s / it)
     Computing matching score time 0:01:23
### TTA ITM Score: 
+-------+--------+--------+--------+--------+--------+
| epoch |   R1   |   R5   |  R10   |  mAP   |  mINP  |
+-------+--------+--------+--------+--------+--------+
|  -999 | 69.414 | 95.197 | 97.776 | 81.233 | 81.233 |
|  -999 | 84.277 | 99.039 | 99.596 | 91.276 | 91.276 |
|   0   | 84.277 | 98.635 | 99.191 | 91.124 | 91.124 |
|   1   | 83.974 | 98.433 | 99.141 | 90.854 | 90.854 |
|   2   | 84.732 | 98.686 | 99.393 | 91.348 | 91.348 |
|   3   | 84.024 | 98.686 | 99.393 | 90.891 | 90.891 |
|   4   | 84.783 | 98.483 | 99.444 | 91.304 | 91.304 |
|   5   | 84.429 | 98.534 | 99.292 | 91.128 | 91.128 |
|   6   | 84.530 | 98.584 | 99.343 | 91.164 | 91.164 |
|   7   | 84.530 | 98.635 | 99.444 | 91.210 | 91.210 |
|   8   | 84.479 | 98.635 | 99.444 | 91.192 | 91.192 |
|   9   | 84.429 | 98.584 | 99.444 | 91.160 | 91.160 |
|   10  | 84.580 | 98.584 | 99.292 | 91.191 | 91.191 |
|   11  | 84.378 | 98.534 | 99.292 | 91.088 | 91.088 |
|   12  | 84.328 | 98.433 | 99.141 | 91.011 | 91.011 |
|   13  | 84.277 | 98.635 | 99.444 | 91.046 | 91.046 |
|   14  | 84.530 | 98.483 | 99.343 | 91.155 | 91.155 |
|   15  | 84.429 | 98.483 | 99.191 | 91.085 | 91.085 |
|   16  | 84.226 | 98.483 | 99.191 | 90.986 | 90.986 |
|   17  | 84.024 | 98.433 | 99.191 | 90.872 | 90.872 |
|   18  | 84.024 | 98.433 | 99.141 | 90.853 | 90.853 |
|   19  | 84.125 | 98.534 | 99.191 | 90.909 | 90.909 |
|   20  | 83.974 | 98.534 | 99.191 | 90.825 | 90.825 |
|   21  | 83.974 | 98.534 | 99.191 | 90.830 | 90.830 |
|   22  | 83.923 | 98.534 | 99.191 | 90.774 | 90.774 |
|   23  | 83.873 | 98.483 | 99.141 | 90.745 | 90.745 |
|   24  | 84.024 | 98.584 | 99.191 | 90.841 | 90.841 |
|   25  | 84.024 | 98.584 | 99.191 | 90.858 | 90.858 |
+-------+--------+--------+--------+--------+--------+
     logs:  {'epo': 25, 'R1': np.float32(84.024), 'R5': np.float32(98.584), 'R10': np.float32(99.191), 'mAP': np.float32(90.858), 'mINP': np.float32(90.858), 'lr': 3.4e-05, 'entropy': 0.021223, 'loss': 0.342704, 'entr_unc': 0.262461, 'uncertainty': 0.080243, 'uncertainty_multiply_coeffi': 0.080243}
      TTA Epoch: [26] [ 0/78]  eta: 0:00:32  lr: 0.000030  entropy: 0.0191  loss: 0.3121  entr_unc: 0.2312  uncertainty: 0.0810  uncertainty_multiply_coeffi: 0.0810  time: 0.4147  data: 0.3577  max mem: 2671
      TTA Epoch: [26] [77/78]  eta: 0:00:00  lr: 0.000023  entropy: 0.0006  loss: 0.0874  entr_unc: 0.0078  uncertainty: 0.0796  uncertainty_multiply_coeffi: 0.0796  time: 0.0328  data: 0.0001  max mem: 2671
      TTA Epoch: [26] Total time: 0:00:03 (0.0398 s / it)
     Averaged stats: lr: 0.0000  entropy: 0.0215  loss: 0.3472  entr_unc: 0.2668  uncertainty: 0.0803  uncertainty_multiply_coeffi: 0.0803
     itm tta time 0:00:03
     Computing matching score
      Evaluation: [   0/1978]  eta: 0:01:29    time: 0.0451  data: 0.0035  max mem: 2671
      Evaluation: [ 100/1978]  eta: 0:01:16    time: 0.0412  data: 0.0000  max mem: 2671
      Evaluation: [ 200/1978]  eta: 0:01:12    time: 0.0407  data: 0.0000  max mem: 2671
      Evaluation: [ 300/1978]  eta: 0:01:08    time: 0.0412  data: 0.0000  max mem: 2671
      Evaluation: [ 400/1978]  eta: 0:01:04    time: 0.0404  data: 0.0000  max mem: 2671
      Evaluation: [ 500/1978]  eta: 0:01:00    time: 0.0406  data: 0.0000  max mem: 2671
      Evaluation: [ 600/1978]  eta: 0:00:56    time: 0.0425  data: 0.0000  max mem: 2671
      Evaluation: [ 700/1978]  eta: 0:00:52    time: 0.0409  data: 0.0000  max mem: 2671
      Evaluation: [ 800/1978]  eta: 0:00:48    time: 0.0404  data: 0.0000  max mem: 2671
      Evaluation: [ 900/1978]  eta: 0:00:44    time: 0.0410  data: 0.0000  max mem: 2671
      Evaluation: [1000/1978]  eta: 0:00:40    time: 0.0407  data: 0.0000  max mem: 2671
      Evaluation: [1100/1978]  eta: 0:00:35    time: 0.0404  data: 0.0000  max mem: 2671
      Evaluation: [1200/1978]  eta: 0:00:31    time: 0.0407  data: 0.0000  max mem: 2671
      Evaluation: [1300/1978]  eta: 0:00:27    time: 0.0404  data: 0.0000  max mem: 2671
      Evaluation: [1400/1978]  eta: 0:00:23    time: 0.0404  data: 0.0000  max mem: 2671
      Evaluation: [1500/1978]  eta: 0:00:19    time: 0.0418  data: 0.0000  max mem: 2671
      Evaluation: [1600/1978]  eta: 0:00:15    time: 0.0406  data: 0.0000  max mem: 2671
      Evaluation: [1700/1978]  eta: 0:00:11    time: 0.0404  data: 0.0000  max mem: 2671
      Evaluation: [1800/1978]  eta: 0:00:07    time: 0.0408  data: 0.0000  max mem: 2671
      Evaluation: [1900/1978]  eta: 0:00:03    time: 0.0438  data: 0.0000  max mem: 2671
      Evaluation: [1977/1978]  eta: 0:00:00    time: 0.0409  data: 0.0000  max mem: 2671
      Evaluation: Total time: 0:01:20 (0.0409 s / it)
     Computing matching score time 0:01:21
### TTA ITM Score: 
+-------+--------+--------+--------+--------+--------+
| epoch |   R1   |   R5   |  R10   |  mAP   |  mINP  |
+-------+--------+--------+--------+--------+--------+
|  -999 | 69.414 | 95.197 | 97.776 | 81.233 | 81.233 |
|  -999 | 84.277 | 99.039 | 99.596 | 91.276 | 91.276 |
|   0   | 84.277 | 98.635 | 99.191 | 91.124 | 91.124 |
|   1   | 83.974 | 98.433 | 99.141 | 90.854 | 90.854 |
|   2   | 84.732 | 98.686 | 99.393 | 91.348 | 91.348 |
|   3   | 84.024 | 98.686 | 99.393 | 90.891 | 90.891 |
|   4   | 84.783 | 98.483 | 99.444 | 91.304 | 91.304 |
|   5   | 84.429 | 98.534 | 99.292 | 91.128 | 91.128 |
|   6   | 84.530 | 98.584 | 99.343 | 91.164 | 91.164 |
|   7   | 84.530 | 98.635 | 99.444 | 91.210 | 91.210 |
|   8   | 84.479 | 98.635 | 99.444 | 91.192 | 91.192 |
|   9   | 84.429 | 98.584 | 99.444 | 91.160 | 91.160 |
|   10  | 84.580 | 98.584 | 99.292 | 91.191 | 91.191 |
|   11  | 84.378 | 98.534 | 99.292 | 91.088 | 91.088 |
|   12  | 84.328 | 98.433 | 99.141 | 91.011 | 91.011 |
|   13  | 84.277 | 98.635 | 99.444 | 91.046 | 91.046 |
|   14  | 84.530 | 98.483 | 99.343 | 91.155 | 91.155 |
|   15  | 84.429 | 98.483 | 99.191 | 91.085 | 91.085 |
|   16  | 84.226 | 98.483 | 99.191 | 90.986 | 90.986 |
|   17  | 84.024 | 98.433 | 99.191 | 90.872 | 90.872 |
|   18  | 84.024 | 98.433 | 99.141 | 90.853 | 90.853 |
|   19  | 84.125 | 98.534 | 99.191 | 90.909 | 90.909 |
|   20  | 83.974 | 98.534 | 99.191 | 90.825 | 90.825 |
|   21  | 83.974 | 98.534 | 99.191 | 90.830 | 90.830 |
|   22  | 83.923 | 98.534 | 99.191 | 90.774 | 90.774 |
|   23  | 83.873 | 98.483 | 99.141 | 90.745 | 90.745 |
|   24  | 84.024 | 98.584 | 99.191 | 90.841 | 90.841 |
|   25  | 84.024 | 98.584 | 99.191 | 90.858 | 90.858 |
|   26  | 84.024 | 98.584 | 99.191 | 90.861 | 90.861 |
+-------+--------+--------+--------+--------+--------+
     logs:  {'epo': 26, 'R1': np.float32(84.024), 'R5': np.float32(98.584), 'R10': np.float32(99.191), 'mAP': np.float32(90.861), 'mINP': np.float32(90.861), 'lr': 2.7e-05, 'entropy': 0.02152, 'loss': 0.347184, 'entr_unc': 0.266837, 'uncertainty': 0.080347, 'uncertainty_multiply_coeffi': 0.080347}
      TTA Epoch: [27] [ 0/78]  eta: 0:00:32  lr: 0.000023  entropy: 0.0042  loss: 0.1295  entr_unc: 0.0481  uncertainty: 0.0814  uncertainty_multiply_coeffi: 0.0814  time: 0.4193  data: 0.3597  max mem: 2671
      TTA Epoch: [27] [77/78]  eta: 0:00:00  lr: 0.000016  entropy: 0.0125  loss: 0.2372  entr_unc: 0.1562  uncertainty: 0.0810  uncertainty_multiply_coeffi: 0.0810  time: 0.0329  data: 0.0001  max mem: 2671
      TTA Epoch: [27] Total time: 0:00:03 (0.0403 s / it)
     Averaged stats: lr: 0.0000  entropy: 0.0178  loss: 0.3007  entr_unc: 0.2203  uncertainty: 0.0804  uncertainty_multiply_coeffi: 0.0804
     itm tta time 0:00:03
     Computing matching score
      Evaluation: [   0/1978]  eta: 0:01:26    time: 0.0437  data: 0.0023  max mem: 2671
      Evaluation: [ 100/1978]  eta: 0:01:17    time: 0.0420  data: 0.0000  max mem: 2671
      Evaluation: [ 200/1978]  eta: 0:01:14    time: 0.0433  data: 0.0000  max mem: 2671
      Evaluation: [ 300/1978]  eta: 0:01:11    time: 0.0437  data: 0.0000  max mem: 2671
      Evaluation: [ 400/1978]  eta: 0:01:07    time: 0.0433  data: 0.0000  max mem: 2671
      Evaluation: [ 500/1978]  eta: 0:01:03    time: 0.0435  data: 0.0000  max mem: 2671
      Evaluation: [ 600/1978]  eta: 0:00:59    time: 0.0432  data: 0.0000  max mem: 2671
      Evaluation: [ 700/1978]  eta: 0:00:54    time: 0.0443  data: 0.0000  max mem: 2671
      Evaluation: [ 800/1978]  eta: 0:00:50    time: 0.0438  data: 0.0000  max mem: 2671
      Evaluation: [ 900/1978]  eta: 0:00:46    time: 0.0401  data: 0.0000  max mem: 2671
      Evaluation: [1000/1978]  eta: 0:00:41    time: 0.0408  data: 0.0000  max mem: 2671
      Evaluation: [1100/1978]  eta: 0:00:37    time: 0.0405  data: 0.0000  max mem: 2671
      Evaluation: [1200/1978]  eta: 0:00:32    time: 0.0412  data: 0.0000  max mem: 2671
      Evaluation: [1300/1978]  eta: 0:00:28    time: 0.0406  data: 0.0000  max mem: 2671
      Evaluation: [1400/1978]  eta: 0:00:24    time: 0.0404  data: 0.0000  max mem: 2671
      Evaluation: [1500/1978]  eta: 0:00:20    time: 0.0419  data: 0.0000  max mem: 2671
      Evaluation: [1600/1978]  eta: 0:00:15    time: 0.0417  data: 0.0000  max mem: 2671
      Evaluation: [1700/1978]  eta: 0:00:11    time: 0.0417  data: 0.0000  max mem: 2671
      Evaluation: [1800/1978]  eta: 0:00:07    time: 0.0407  data: 0.0000  max mem: 2671
      Evaluation: [1900/1978]  eta: 0:00:03    time: 0.0410  data: 0.0000  max mem: 2671
      Evaluation: [1977/1978]  eta: 0:00:00    time: 0.0411  data: 0.0000  max mem: 2671
      Evaluation: Total time: 0:01:22 (0.0419 s / it)
     Computing matching score time 0:01:23
### TTA ITM Score: 
+-------+--------+--------+--------+--------+--------+
| epoch |   R1   |   R5   |  R10   |  mAP   |  mINP  |
+-------+--------+--------+--------+--------+--------+
|  -999 | 69.414 | 95.197 | 97.776 | 81.233 | 81.233 |
|  -999 | 84.277 | 99.039 | 99.596 | 91.276 | 91.276 |
|   0   | 84.277 | 98.635 | 99.191 | 91.124 | 91.124 |
|   1   | 83.974 | 98.433 | 99.141 | 90.854 | 90.854 |
|   2   | 84.732 | 98.686 | 99.393 | 91.348 | 91.348 |
|   3   | 84.024 | 98.686 | 99.393 | 90.891 | 90.891 |
|   4   | 84.783 | 98.483 | 99.444 | 91.304 | 91.304 |
|   5   | 84.429 | 98.534 | 99.292 | 91.128 | 91.128 |
|   6   | 84.530 | 98.584 | 99.343 | 91.164 | 91.164 |
|   7   | 84.530 | 98.635 | 99.444 | 91.210 | 91.210 |
|   8   | 84.479 | 98.635 | 99.444 | 91.192 | 91.192 |
|   9   | 84.429 | 98.584 | 99.444 | 91.160 | 91.160 |
|   10  | 84.580 | 98.584 | 99.292 | 91.191 | 91.191 |
|   11  | 84.378 | 98.534 | 99.292 | 91.088 | 91.088 |
|   12  | 84.328 | 98.433 | 99.141 | 91.011 | 91.011 |
|   13  | 84.277 | 98.635 | 99.444 | 91.046 | 91.046 |
|   14  | 84.530 | 98.483 | 99.343 | 91.155 | 91.155 |
|   15  | 84.429 | 98.483 | 99.191 | 91.085 | 91.085 |
|   16  | 84.226 | 98.483 | 99.191 | 90.986 | 90.986 |
|   17  | 84.024 | 98.433 | 99.191 | 90.872 | 90.872 |
|   18  | 84.024 | 98.433 | 99.141 | 90.853 | 90.853 |
|   19  | 84.125 | 98.534 | 99.191 | 90.909 | 90.909 |
|   20  | 83.974 | 98.534 | 99.191 | 90.825 | 90.825 |
|   21  | 83.974 | 98.534 | 99.191 | 90.830 | 90.830 |
|   22  | 83.923 | 98.534 | 99.191 | 90.774 | 90.774 |
|   23  | 83.873 | 98.483 | 99.141 | 90.745 | 90.745 |
|   24  | 84.024 | 98.584 | 99.191 | 90.841 | 90.841 |
|   25  | 84.024 | 98.584 | 99.191 | 90.858 | 90.858 |
|   26  | 84.024 | 98.584 | 99.191 | 90.861 | 90.861 |
|   27  | 84.024 | 98.584 | 99.191 | 90.846 | 90.846 |
+-------+--------+--------+--------+--------+--------+
     logs:  {'epo': 27, 'R1': np.float32(84.024), 'R5': np.float32(98.584), 'R10': np.float32(99.191), 'mAP': np.float32(90.846), 'mINP': np.float32(90.846), 'lr': 2e-05, 'entropy': 0.017805, 'loss': 0.300731, 'entr_unc': 0.220309, 'uncertainty': 0.080423, 'uncertainty_multiply_coeffi': 0.080423}
      TTA Epoch: [28] [ 0/78]  eta: 0:00:43  lr: 0.000016  entropy: 0.0380  loss: 0.5571  entr_unc: 0.4766  uncertainty: 0.0805  uncertainty_multiply_coeffi: 0.0805  time: 0.5608  data: 0.4789  max mem: 2671
      TTA Epoch: [28] [77/78]  eta: 0:00:00  lr: 0.000010  entropy: 0.0003  loss: 0.0841  entr_unc: 0.0035  uncertainty: 0.0806  uncertainty_multiply_coeffi: 0.0806  time: 0.0362  data: 0.0017  max mem: 2671
      TTA Epoch: [28] Total time: 0:00:03 (0.0485 s / it)
     Averaged stats: lr: 0.0000  entropy: 0.0215  loss: 0.3458  entr_unc: 0.2653  uncertainty: 0.0805  uncertainty_multiply_coeffi: 0.0805
     itm tta time 0:00:03
     Computing matching score
      Evaluation: [   0/1978]  eta: 0:01:29    time: 0.0454  data: 0.0035  max mem: 2671
      Evaluation: [ 100/1978]  eta: 0:01:16    time: 0.0407  data: 0.0000  max mem: 2671
      Evaluation: [ 200/1978]  eta: 0:01:12    time: 0.0409  data: 0.0000  max mem: 2671
      Evaluation: [ 300/1978]  eta: 0:01:08    time: 0.0410  data: 0.0000  max mem: 2671
      Evaluation: [ 400/1978]  eta: 0:01:04    time: 0.0413  data: 0.0000  max mem: 2671
      Evaluation: [ 500/1978]  eta: 0:01:00    time: 0.0406  data: 0.0000  max mem: 2671
      Evaluation: [ 600/1978]  eta: 0:00:56    time: 0.0412  data: 0.0000  max mem: 2671
      Evaluation: [ 700/1978]  eta: 0:00:52    time: 0.0416  data: 0.0000  max mem: 2671
      Evaluation: [ 800/1978]  eta: 0:00:48    time: 0.0418  data: 0.0000  max mem: 2671
      Evaluation: [ 900/1978]  eta: 0:00:44    time: 0.0414  data: 0.0000  max mem: 2671
      Evaluation: [1000/1978]  eta: 0:00:40    time: 0.0410  data: 0.0000  max mem: 2671
      Evaluation: [1100/1978]  eta: 0:00:36    time: 0.0410  data: 0.0000  max mem: 2671
      Evaluation: [1200/1978]  eta: 0:00:31    time: 0.0413  data: 0.0000  max mem: 2671
      Evaluation: [1300/1978]  eta: 0:00:27    time: 0.0401  data: 0.0000  max mem: 2671
      Evaluation: [1400/1978]  eta: 0:00:23    time: 0.0407  data: 0.0000  max mem: 2671
      Evaluation: [1500/1978]  eta: 0:00:19    time: 0.0406  data: 0.0000  max mem: 2671
      Evaluation: [1600/1978]  eta: 0:00:15    time: 0.0406  data: 0.0000  max mem: 2671
      Evaluation: [1700/1978]  eta: 0:00:11    time: 0.0407  data: 0.0000  max mem: 2671
      Evaluation: [1800/1978]  eta: 0:00:07    time: 0.0411  data: 0.0000  max mem: 2671
      Evaluation: [1900/1978]  eta: 0:00:03    time: 0.0409  data: 0.0000  max mem: 2671
      Evaluation: [1977/1978]  eta: 0:00:00    time: 0.0411  data: 0.0000  max mem: 2671
      Evaluation: Total time: 0:01:21 (0.0410 s / it)
     Computing matching score time 0:01:21
### TTA ITM Score: 
+-------+--------+--------+--------+--------+--------+
| epoch |   R1   |   R5   |  R10   |  mAP   |  mINP  |
+-------+--------+--------+--------+--------+--------+
|  -999 | 69.414 | 95.197 | 97.776 | 81.233 | 81.233 |
|  -999 | 84.277 | 99.039 | 99.596 | 91.276 | 91.276 |
|   0   | 84.277 | 98.635 | 99.191 | 91.124 | 91.124 |
|   1   | 83.974 | 98.433 | 99.141 | 90.854 | 90.854 |
|   2   | 84.732 | 98.686 | 99.393 | 91.348 | 91.348 |
|   3   | 84.024 | 98.686 | 99.393 | 90.891 | 90.891 |
|   4   | 84.783 | 98.483 | 99.444 | 91.304 | 91.304 |
|   5   | 84.429 | 98.534 | 99.292 | 91.128 | 91.128 |
|   6   | 84.530 | 98.584 | 99.343 | 91.164 | 91.164 |
|   7   | 84.530 | 98.635 | 99.444 | 91.210 | 91.210 |
|   8   | 84.479 | 98.635 | 99.444 | 91.192 | 91.192 |
|   9   | 84.429 | 98.584 | 99.444 | 91.160 | 91.160 |
|   10  | 84.580 | 98.584 | 99.292 | 91.191 | 91.191 |
|   11  | 84.378 | 98.534 | 99.292 | 91.088 | 91.088 |
|   12  | 84.328 | 98.433 | 99.141 | 91.011 | 91.011 |
|   13  | 84.277 | 98.635 | 99.444 | 91.046 | 91.046 |
|   14  | 84.530 | 98.483 | 99.343 | 91.155 | 91.155 |
|   15  | 84.429 | 98.483 | 99.191 | 91.085 | 91.085 |
|   16  | 84.226 | 98.483 | 99.191 | 90.986 | 90.986 |
|   17  | 84.024 | 98.433 | 99.191 | 90.872 | 90.872 |
|   18  | 84.024 | 98.433 | 99.141 | 90.853 | 90.853 |
|   19  | 84.125 | 98.534 | 99.191 | 90.909 | 90.909 |
|   20  | 83.974 | 98.534 | 99.191 | 90.825 | 90.825 |
|   21  | 83.974 | 98.534 | 99.191 | 90.830 | 90.830 |
|   22  | 83.923 | 98.534 | 99.191 | 90.774 | 90.774 |
|   23  | 83.873 | 98.483 | 99.141 | 90.745 | 90.745 |
|   24  | 84.024 | 98.584 | 99.191 | 90.841 | 90.841 |
|   25  | 84.024 | 98.584 | 99.191 | 90.858 | 90.858 |
|   26  | 84.024 | 98.584 | 99.191 | 90.861 | 90.861 |
|   27  | 84.024 | 98.584 | 99.191 | 90.846 | 90.846 |
|   28  | 84.024 | 98.584 | 99.191 | 90.846 | 90.846 |
+-------+--------+--------+--------+--------+--------+
     logs:  {'epo': 28, 'R1': np.float32(84.024), 'R5': np.float32(98.584), 'R10': np.float32(99.191), 'mAP': np.float32(90.846), 'mINP': np.float32(90.846), 'lr': 1.3e-05, 'entropy': 0.021477, 'loss': 0.345817, 'entr_unc': 0.265343, 'uncertainty': 0.080474, 'uncertainty_multiply_coeffi': 0.080474}
      TTA Epoch: [29] [ 0/78]  eta: 0:00:34  lr: 0.000009  entropy: 0.0010  loss: 0.0936  entr_unc: 0.0126  uncertainty: 0.0810  uncertainty_multiply_coeffi: 0.0810  time: 0.4438  data: 0.3823  max mem: 2671
      TTA Epoch: [29] [77/78]  eta: 0:00:00  lr: 0.000003  entropy: 0.0050  loss: 0.1431  entr_unc: 0.0629  uncertainty: 0.0803  uncertainty_multiply_coeffi: 0.0803  time: 0.0391  data: 0.0042  max mem: 2671
      TTA Epoch: [29] Total time: 0:00:03 (0.0455 s / it)
     Averaged stats: lr: 0.0000  entropy: 0.0211  loss: 0.3407  entr_unc: 0.2602  uncertainty: 0.0805  uncertainty_multiply_coeffi: 0.0805
     itm tta time 0:00:03
     Computing matching score
      Evaluation: [   0/1978]  eta: 0:01:31    time: 0.0461  data: 0.0031  max mem: 2671
      Evaluation: [ 100/1978]  eta: 0:01:17    time: 0.0409  data: 0.0000  max mem: 2671
      Evaluation: [ 200/1978]  eta: 0:01:12    time: 0.0409  data: 0.0000  max mem: 2671
      Evaluation: [ 300/1978]  eta: 0:01:08    time: 0.0410  data: 0.0000  max mem: 2671
      Evaluation: [ 400/1978]  eta: 0:01:04    time: 0.0411  data: 0.0000  max mem: 2671
      Evaluation: [ 500/1978]  eta: 0:01:00    time: 0.0407  data: 0.0000  max mem: 2671
      Evaluation: [ 600/1978]  eta: 0:00:56    time: 0.0410  data: 0.0000  max mem: 2671
      Evaluation: [ 700/1978]  eta: 0:00:52    time: 0.0407  data: 0.0000  max mem: 2671
      Evaluation: [ 800/1978]  eta: 0:00:48    time: 0.0408  data: 0.0000  max mem: 2671
      Evaluation: [ 900/1978]  eta: 0:00:44    time: 0.0418  data: 0.0000  max mem: 2671
      Evaluation: [1000/1978]  eta: 0:00:40    time: 0.0447  data: 0.0000  max mem: 2671
      Evaluation: [1100/1978]  eta: 0:00:36    time: 0.0414  data: 0.0000  max mem: 2671
      Evaluation: [1200/1978]  eta: 0:00:32    time: 0.0548  data: 0.0000  max mem: 2671
      Evaluation: [1300/1978]  eta: 0:00:28    time: 0.0515  data: 0.0000  max mem: 2671
      Evaluation: [1400/1978]  eta: 0:00:24    time: 0.0467  data: 0.0000  max mem: 2671
      Evaluation: [1500/1978]  eta: 0:00:20    time: 0.0485  data: 0.0000  max mem: 2671
      Evaluation: [1600/1978]  eta: 0:00:16    time: 0.0448  data: 0.0000  max mem: 2671
      Evaluation: [1700/1978]  eta: 0:00:11    time: 0.0447  data: 0.0000  max mem: 2671
      Evaluation: [1800/1978]  eta: 0:00:07    time: 0.0425  data: 0.0000  max mem: 2671
      Evaluation: [1900/1978]  eta: 0:00:03    time: 0.0421  data: 0.0000  max mem: 2671
      Evaluation: [1977/1978]  eta: 0:00:00    time: 0.0410  data: 0.0000  max mem: 2671
      Evaluation: Total time: 0:01:25 (0.0431 s / it)
     Computing matching score time 0:01:25
### TTA ITM Score: 
+-------+--------+--------+--------+--------+--------+
| epoch |   R1   |   R5   |  R10   |  mAP   |  mINP  |
+-------+--------+--------+--------+--------+--------+
|  -999 | 69.414 | 95.197 | 97.776 | 81.233 | 81.233 |
|  -999 | 84.277 | 99.039 | 99.596 | 91.276 | 91.276 |
|   0   | 84.277 | 98.635 | 99.191 | 91.124 | 91.124 |
|   1   | 83.974 | 98.433 | 99.141 | 90.854 | 90.854 |
|   2   | 84.732 | 98.686 | 99.393 | 91.348 | 91.348 |
|   3   | 84.024 | 98.686 | 99.393 | 90.891 | 90.891 |
|   4   | 84.783 | 98.483 | 99.444 | 91.304 | 91.304 |
|   5   | 84.429 | 98.534 | 99.292 | 91.128 | 91.128 |
|   6   | 84.530 | 98.584 | 99.343 | 91.164 | 91.164 |
|   7   | 84.530 | 98.635 | 99.444 | 91.210 | 91.210 |
|   8   | 84.479 | 98.635 | 99.444 | 91.192 | 91.192 |
|   9   | 84.429 | 98.584 | 99.444 | 91.160 | 91.160 |
|   10  | 84.580 | 98.584 | 99.292 | 91.191 | 91.191 |
|   11  | 84.378 | 98.534 | 99.292 | 91.088 | 91.088 |
|   12  | 84.328 | 98.433 | 99.141 | 91.011 | 91.011 |
|   13  | 84.277 | 98.635 | 99.444 | 91.046 | 91.046 |
|   14  | 84.530 | 98.483 | 99.343 | 91.155 | 91.155 |
|   15  | 84.429 | 98.483 | 99.191 | 91.085 | 91.085 |
|   16  | 84.226 | 98.483 | 99.191 | 90.986 | 90.986 |
|   17  | 84.024 | 98.433 | 99.191 | 90.872 | 90.872 |
|   18  | 84.024 | 98.433 | 99.141 | 90.853 | 90.853 |
|   19  | 84.125 | 98.534 | 99.191 | 90.909 | 90.909 |
|   20  | 83.974 | 98.534 | 99.191 | 90.825 | 90.825 |
|   21  | 83.974 | 98.534 | 99.191 | 90.830 | 90.830 |
|   22  | 83.923 | 98.534 | 99.191 | 90.774 | 90.774 |
|   23  | 83.873 | 98.483 | 99.141 | 90.745 | 90.745 |
|   24  | 84.024 | 98.584 | 99.191 | 90.841 | 90.841 |
|   25  | 84.024 | 98.584 | 99.191 | 90.858 | 90.858 |
|   26  | 84.024 | 98.584 | 99.191 | 90.861 | 90.861 |
|   27  | 84.024 | 98.584 | 99.191 | 90.846 | 90.846 |
|   28  | 84.024 | 98.584 | 99.191 | 90.846 | 90.846 |
|   29  | 84.024 | 98.584 | 99.191 | 90.846 | 90.846 |
+-------+--------+--------+--------+--------+--------+
     logs:  {'epo': 29, 'R1': np.float32(84.024), 'R5': np.float32(98.584), 'R10': np.float32(99.191), 'mAP': np.float32(90.846), 'mINP': np.float32(90.846), 'lr': 6e-06, 'entropy': 0.02112, 'loss': 0.340657, 'entr_unc': 0.260154, 'uncertainty': 0.080503, 'uncertainty_multiply_coeffi': 0.080503}
### best epoch: 4
### Time 0:44:43
NNODES,  1
NODE_RANK,  0
MASTER_ADDR,  127.0.0.1
MASTER_PORT,  1612
NPROC_PER_NODE,  2
task:  tta_exp15.7
config:  configs/tta_exp15.7.yaml
output_dir:  output/tta_exp15.7/2025090606354
CUDA_VISIBLE_DEVICES=0 python3 tta.py --config configs/tta_exp15.7.yaml --task tta_exp15.7 --output_dir output/tta_exp15.7/2025090606354 --checkpoint checkpoint/cmp.pth --bs 0 --epo 0 --lr 0.0 --seed 42 --tta
