/home/jiahao/miniconda3/envs/cmp/lib/python3.10/site-packages/torch/functional.py:554: UserWarning: torch.meshgrid: in an upcoming release, it will be required to pass the indexing argument. (Triggered internally at /pytorch/aten/src/ATen/native/TensorShape.cpp:4322.)
  return _VF.meshgrid(tensors, **kwargs)  # type: ignore[attr-defined]
Not using distributed mode
### Hyper-parameters:
     seed: 42
     device: cuda
     output_dir: output/tta_exp6.4.1/2025082322194
     batch_size_tta: 16
     epochs: 30
     lr: 0.0001
### Creating test dataset
from data/PAB/annotation/test/attr.json loading 1978 data
test dataset -->    be_pose_img: True
     test_dataset: 1978
### Creating test dataloader
### be careful: func create_loader returns a list length of 1
     test_loader: 90
### Creating model
build_vision_encoder: load swin 224 x 224 ====>
missing_keys:  []
unexpected_keys:  ['head.weight', 'head.bias']
build_text_encoder: load bert ====>
missing_keys: ['bert.encoder.layer.10.crossattention.output.LayerNorm.bias', 'bert.encoder.layer.10.crossattention.output.LayerNorm.weight', 'bert.encoder.layer.10.crossattention.output.dense.bias', 'bert.encoder.layer.10.crossattention.output.dense.weight', 'bert.encoder.layer.10.crossattention.self.key.bias', 'bert.encoder.layer.10.crossattention.self.key.weight', 'bert.encoder.layer.10.crossattention.self.query.bias', 'bert.encoder.layer.10.crossattention.self.query.weight', 'bert.encoder.layer.10.crossattention.self.value.bias', 'bert.encoder.layer.10.crossattention.self.value.weight', 'bert.encoder.layer.11.crossattention.output.LayerNorm.bias', 'bert.encoder.layer.11.crossattention.output.LayerNorm.weight', 'bert.encoder.layer.11.crossattention.output.dense.bias', 'bert.encoder.layer.11.crossattention.output.dense.weight', 'bert.encoder.layer.11.crossattention.self.key.bias', 'bert.encoder.layer.11.crossattention.self.key.weight', 'bert.encoder.layer.11.crossattention.self.query.bias', 'bert.encoder.layer.11.crossattention.self.query.weight', 'bert.encoder.layer.11.crossattention.self.value.bias', 'bert.encoder.layer.11.crossattention.self.value.weight', 'bert.encoder.layer.6.crossattention.output.LayerNorm.bias', 'bert.encoder.layer.6.crossattention.output.LayerNorm.weight', 'bert.encoder.layer.6.crossattention.output.dense.bias', 'bert.encoder.layer.6.crossattention.output.dense.weight', 'bert.encoder.layer.6.crossattention.self.key.bias', 'bert.encoder.layer.6.crossattention.self.key.weight', 'bert.encoder.layer.6.crossattention.self.query.bias', 'bert.encoder.layer.6.crossattention.self.query.weight', 'bert.encoder.layer.6.crossattention.self.value.bias', 'bert.encoder.layer.6.crossattention.self.value.weight', 'bert.encoder.layer.7.crossattention.output.LayerNorm.bias', 'bert.encoder.layer.7.crossattention.output.LayerNorm.weight', 'bert.encoder.layer.7.crossattention.output.dense.bias', 'bert.encoder.layer.7.crossattention.output.dense.weight', 'bert.encoder.layer.7.crossattention.self.key.bias', 'bert.encoder.layer.7.crossattention.self.key.weight', 'bert.encoder.layer.7.crossattention.self.query.bias', 'bert.encoder.layer.7.crossattention.self.query.weight', 'bert.encoder.layer.7.crossattention.self.value.bias', 'bert.encoder.layer.7.crossattention.self.value.weight', 'bert.encoder.layer.8.crossattention.output.LayerNorm.bias', 'bert.encoder.layer.8.crossattention.output.LayerNorm.weight', 'bert.encoder.layer.8.crossattention.output.dense.bias', 'bert.encoder.layer.8.crossattention.output.dense.weight', 'bert.encoder.layer.8.crossattention.self.key.bias', 'bert.encoder.layer.8.crossattention.self.key.weight', 'bert.encoder.layer.8.crossattention.self.query.bias', 'bert.encoder.layer.8.crossattention.self.query.weight', 'bert.encoder.layer.8.crossattention.self.value.bias', 'bert.encoder.layer.8.crossattention.self.value.weight', 'bert.encoder.layer.9.crossattention.output.LayerNorm.bias', 'bert.encoder.layer.9.crossattention.output.LayerNorm.weight', 'bert.encoder.layer.9.crossattention.output.dense.bias', 'bert.encoder.layer.9.crossattention.output.dense.weight', 'bert.encoder.layer.9.crossattention.self.key.bias', 'bert.encoder.layer.9.crossattention.self.key.weight', 'bert.encoder.layer.9.crossattention.self.query.bias', 'bert.encoder.layer.9.crossattention.self.query.weight', 'bert.encoder.layer.9.crossattention.self.value.bias', 'bert.encoder.layer.9.crossattention.self.value.weight']
unexpected_keys: ['cls.seq_relationship.bias', 'cls.seq_relationship.weight']
mismatched_keys: []
error_msgs: []
Label Smooth: 0.2
pose_conv
load checkpoint from checkpoint/cmp.pth
missing_keys:  ['uncertainty_temper', 'prompt_learning_embedding']
unexpected_keys:  []
     Total Params Sum:  254270361
### Inference ITC similiarity matrix
### Zero-Shot Score: 
+-------+--------+--------+--------+--------+--------+
| epoch |   R1   |   R5   |  R10   |  mAP   |  mINP  |
+-------+--------+--------+--------+--------+--------+
|  -999 | 69.414 | 95.197 | 97.776 | 81.233 | 81.233 |
|  -999 | 84.277 | 99.039 | 99.596 | 91.276 | 91.276 |
+-------+--------+--------+--------+--------+--------+
### TTA:
     preprocess_tta_coefficients  start
     sample selection ...
     number of sample after sample_selection: 1978
     uncertainty ...
     preprocess_tta_coefficients  end
### Creating tta dataset
     tta_dataset: 1978
### Creating tta dataloader
### be careful: func create_loader returns a list length of 1
     tta_loader: 123
### Configure adapted weights
     TTA Dropout Modules: 
 [('vision_encoder.pos_drop', Dropout(p=0, inplace=False), True), ('vision_encoder.layers.0.blocks.0.attn.attn_drop', Dropout(p=0.0, inplace=False), True), ('vision_encoder.layers.0.blocks.0.attn.proj_drop', Dropout(p=0, inplace=False), True), ('vision_encoder.layers.0.blocks.0.mlp.drop', Dropout(p=0, inplace=False), True), ('vision_encoder.layers.0.blocks.1.attn.attn_drop', Dropout(p=0.0, inplace=False), True), ('vision_encoder.layers.0.blocks.1.attn.proj_drop', Dropout(p=0, inplace=False), True), ('vision_encoder.layers.0.blocks.1.mlp.drop', Dropout(p=0, inplace=False), True), ('vision_encoder.layers.1.blocks.0.attn.attn_drop', Dropout(p=0.0, inplace=False), True), ('vision_encoder.layers.1.blocks.0.attn.proj_drop', Dropout(p=0, inplace=False), True), ('vision_encoder.layers.1.blocks.0.mlp.drop', Dropout(p=0, inplace=False), True), ('vision_encoder.layers.1.blocks.1.attn.attn_drop', Dropout(p=0.0, inplace=False), True), ('vision_encoder.layers.1.blocks.1.attn.proj_drop', Dropout(p=0, inplace=False), True), ('vision_encoder.layers.1.blocks.1.mlp.drop', Dropout(p=0, inplace=False), True), ('vision_encoder.layers.2.blocks.0.attn.attn_drop', Dropout(p=0.0, inplace=False), True), ('vision_encoder.layers.2.blocks.0.attn.proj_drop', Dropout(p=0, inplace=False), True), ('vision_encoder.layers.2.blocks.0.mlp.drop', Dropout(p=0, inplace=False), True), ('vision_encoder.layers.2.blocks.1.attn.attn_drop', Dropout(p=0.0, inplace=False), True), ('vision_encoder.layers.2.blocks.1.attn.proj_drop', Dropout(p=0, inplace=False), True), ('vision_encoder.layers.2.blocks.1.mlp.drop', Dropout(p=0, inplace=False), True), ('vision_encoder.layers.2.blocks.2.attn.attn_drop', Dropout(p=0.0, inplace=False), True), ('vision_encoder.layers.2.blocks.2.attn.proj_drop', Dropout(p=0, inplace=False), True), ('vision_encoder.layers.2.blocks.2.mlp.drop', Dropout(p=0, inplace=False), True), ('vision_encoder.layers.2.blocks.3.attn.attn_drop', Dropout(p=0.0, inplace=False), True), ('vision_encoder.layers.2.blocks.3.attn.proj_drop', Dropout(p=0, inplace=False), True), ('vision_encoder.layers.2.blocks.3.mlp.drop', Dropout(p=0, inplace=False), True), ('vision_encoder.layers.2.blocks.4.attn.attn_drop', Dropout(p=0.0, inplace=False), True), ('vision_encoder.layers.2.blocks.4.attn.proj_drop', Dropout(p=0, inplace=False), True), ('vision_encoder.layers.2.blocks.4.mlp.drop', Dropout(p=0, inplace=False), True), ('vision_encoder.layers.2.blocks.5.attn.attn_drop', Dropout(p=0.0, inplace=False), True), ('vision_encoder.layers.2.blocks.5.attn.proj_drop', Dropout(p=0, inplace=False), True), ('vision_encoder.layers.2.blocks.5.mlp.drop', Dropout(p=0, inplace=False), True), ('vision_encoder.layers.2.blocks.6.attn.attn_drop', Dropout(p=0.0, inplace=False), True), ('vision_encoder.layers.2.blocks.6.attn.proj_drop', Dropout(p=0, inplace=False), True), ('vision_encoder.layers.2.blocks.6.mlp.drop', Dropout(p=0, inplace=False), True), ('vision_encoder.layers.2.blocks.7.attn.attn_drop', Dropout(p=0.0, inplace=False), True), ('vision_encoder.layers.2.blocks.7.attn.proj_drop', Dropout(p=0, inplace=False), True), ('vision_encoder.layers.2.blocks.7.mlp.drop', Dropout(p=0, inplace=False), True), ('vision_encoder.layers.2.blocks.8.attn.attn_drop', Dropout(p=0.0, inplace=False), True), ('vision_encoder.layers.2.blocks.8.attn.proj_drop', Dropout(p=0, inplace=False), True), ('vision_encoder.layers.2.blocks.8.mlp.drop', Dropout(p=0, inplace=False), True), ('vision_encoder.layers.2.blocks.9.attn.attn_drop', Dropout(p=0.0, inplace=False), True), ('vision_encoder.layers.2.blocks.9.attn.proj_drop', Dropout(p=0, inplace=False), True), ('vision_encoder.layers.2.blocks.9.mlp.drop', Dropout(p=0, inplace=False), True), ('vision_encoder.layers.2.blocks.10.attn.attn_drop', Dropout(p=0.0, inplace=False), True), ('vision_encoder.layers.2.blocks.10.attn.proj_drop', Dropout(p=0, inplace=False), True), ('vision_encoder.layers.2.blocks.10.mlp.drop', Dropout(p=0, inplace=False), True), ('vision_encoder.layers.2.blocks.11.attn.attn_drop', Dropout(p=0.0, inplace=False), True), ('vision_encoder.layers.2.blocks.11.attn.proj_drop', Dropout(p=0, inplace=False), True), ('vision_encoder.layers.2.blocks.11.mlp.drop', Dropout(p=0, inplace=False), True), ('vision_encoder.layers.2.blocks.12.attn.attn_drop', Dropout(p=0.0, inplace=False), True), ('vision_encoder.layers.2.blocks.12.attn.proj_drop', Dropout(p=0, inplace=False), True), ('vision_encoder.layers.2.blocks.12.mlp.drop', Dropout(p=0, inplace=False), True), ('vision_encoder.layers.2.blocks.13.attn.attn_drop', Dropout(p=0.0, inplace=False), True), ('vision_encoder.layers.2.blocks.13.attn.proj_drop', Dropout(p=0, inplace=False), True), ('vision_encoder.layers.2.blocks.13.mlp.drop', Dropout(p=0, inplace=False), True), ('vision_encoder.layers.2.blocks.14.attn.attn_drop', Dropout(p=0.0, inplace=False), True), ('vision_encoder.layers.2.blocks.14.attn.proj_drop', Dropout(p=0, inplace=False), True), ('vision_encoder.layers.2.blocks.14.mlp.drop', Dropout(p=0, inplace=False), True), ('vision_encoder.layers.2.blocks.15.attn.attn_drop', Dropout(p=0.0, inplace=False), True), ('vision_encoder.layers.2.blocks.15.attn.proj_drop', Dropout(p=0, inplace=False), True), ('vision_encoder.layers.2.blocks.15.mlp.drop', Dropout(p=0, inplace=False), True), ('vision_encoder.layers.2.blocks.16.attn.attn_drop', Dropout(p=0.0, inplace=False), True), ('vision_encoder.layers.2.blocks.16.attn.proj_drop', Dropout(p=0, inplace=False), True), ('vision_encoder.layers.2.blocks.16.mlp.drop', Dropout(p=0, inplace=False), True), ('vision_encoder.layers.2.blocks.17.attn.attn_drop', Dropout(p=0.0, inplace=False), True), ('vision_encoder.layers.2.blocks.17.attn.proj_drop', Dropout(p=0, inplace=False), True), ('vision_encoder.layers.2.blocks.17.mlp.drop', Dropout(p=0, inplace=False), True), ('vision_encoder.layers.3.blocks.0.attn.attn_drop', Dropout(p=0.0, inplace=False), True), ('vision_encoder.layers.3.blocks.0.attn.proj_drop', Dropout(p=0, inplace=False), True), ('vision_encoder.layers.3.blocks.0.mlp.drop', Dropout(p=0, inplace=False), True), ('vision_encoder.layers.3.blocks.1.attn.attn_drop', Dropout(p=0.0, inplace=False), True), ('vision_encoder.layers.3.blocks.1.attn.proj_drop', Dropout(p=0, inplace=False), True), ('vision_encoder.layers.3.blocks.1.mlp.drop', Dropout(p=0, inplace=False), True), ('vision_proj.1', Dropout(p=0.5, inplace=False), True), ('text_proj.1', Dropout(p=0.5, inplace=False), True), ('pose_block.attn.attn_drop', Dropout(p=0.0, inplace=False), True), ('pose_block.attn.proj_drop', Dropout(p=0.0, inplace=False), True)]
     TTA Require Gradient Params: 
 [('prompt_learning_embedding', torch.Size([1, 8, 768])), ('text_encoder.bert.embeddings.LayerNorm.weight', torch.Size([768])), ('text_encoder.bert.embeddings.LayerNorm.bias', torch.Size([768])), ('text_encoder.bert.encoder.layer.6.attention.output.LayerNorm.weight', torch.Size([768])), ('text_encoder.bert.encoder.layer.6.attention.output.LayerNorm.bias', torch.Size([768])), ('text_encoder.bert.encoder.layer.6.crossattention.output.LayerNorm.weight', torch.Size([768])), ('text_encoder.bert.encoder.layer.6.crossattention.output.LayerNorm.bias', torch.Size([768])), ('text_encoder.bert.encoder.layer.6.output.LayerNorm.weight', torch.Size([768])), ('text_encoder.bert.encoder.layer.6.output.LayerNorm.bias', torch.Size([768])), ('text_encoder.bert.encoder.layer.7.attention.output.LayerNorm.weight', torch.Size([768])), ('text_encoder.bert.encoder.layer.7.attention.output.LayerNorm.bias', torch.Size([768])), ('text_encoder.bert.encoder.layer.7.crossattention.output.LayerNorm.weight', torch.Size([768])), ('text_encoder.bert.encoder.layer.7.crossattention.output.LayerNorm.bias', torch.Size([768])), ('text_encoder.bert.encoder.layer.7.output.LayerNorm.weight', torch.Size([768])), ('text_encoder.bert.encoder.layer.7.output.LayerNorm.bias', torch.Size([768])), ('text_encoder.bert.encoder.layer.8.attention.output.LayerNorm.weight', torch.Size([768])), ('text_encoder.bert.encoder.layer.8.attention.output.LayerNorm.bias', torch.Size([768])), ('text_encoder.bert.encoder.layer.8.crossattention.output.LayerNorm.weight', torch.Size([768])), ('text_encoder.bert.encoder.layer.8.crossattention.output.LayerNorm.bias', torch.Size([768])), ('text_encoder.bert.encoder.layer.8.output.LayerNorm.weight', torch.Size([768])), ('text_encoder.bert.encoder.layer.8.output.LayerNorm.bias', torch.Size([768])), ('text_encoder.bert.encoder.layer.9.attention.output.LayerNorm.weight', torch.Size([768])), ('text_encoder.bert.encoder.layer.9.attention.output.LayerNorm.bias', torch.Size([768])), ('text_encoder.bert.encoder.layer.9.crossattention.output.LayerNorm.weight', torch.Size([768])), ('text_encoder.bert.encoder.layer.9.crossattention.output.LayerNorm.bias', torch.Size([768])), ('text_encoder.bert.encoder.layer.9.output.LayerNorm.weight', torch.Size([768])), ('text_encoder.bert.encoder.layer.9.output.LayerNorm.bias', torch.Size([768])), ('text_encoder.bert.encoder.layer.10.attention.output.LayerNorm.weight', torch.Size([768])), ('text_encoder.bert.encoder.layer.10.attention.output.LayerNorm.bias', torch.Size([768])), ('text_encoder.bert.encoder.layer.10.crossattention.output.LayerNorm.weight', torch.Size([768])), ('text_encoder.bert.encoder.layer.10.crossattention.output.LayerNorm.bias', torch.Size([768])), ('text_encoder.bert.encoder.layer.10.output.LayerNorm.weight', torch.Size([768])), ('text_encoder.bert.encoder.layer.10.output.LayerNorm.bias', torch.Size([768])), ('text_encoder.bert.encoder.layer.11.attention.output.LayerNorm.weight', torch.Size([768])), ('text_encoder.bert.encoder.layer.11.attention.output.LayerNorm.bias', torch.Size([768])), ('text_encoder.bert.encoder.layer.11.crossattention.output.LayerNorm.weight', torch.Size([768])), ('text_encoder.bert.encoder.layer.11.crossattention.output.LayerNorm.bias', torch.Size([768])), ('text_encoder.bert.encoder.layer.11.output.LayerNorm.weight', torch.Size([768])), ('text_encoder.bert.encoder.layer.11.output.LayerNorm.bias', torch.Size([768])), ('text_encoder.cls.predictions.transform.LayerNorm.weight', torch.Size([768])), ('text_encoder.cls.predictions.transform.LayerNorm.bias', torch.Size([768])), ('itm_head.1.weight', torch.Size([1536])), ('itm_head.1.bias', torch.Size([1536]))]
     TTA Dropout Modules Number: 
 77
     TTA Require Gradient Params Sum: 
 39936
     lr:  0.0001    lr_mult:  2
     model has 'init_params',  386
     num_tta_steps:  3720
     num_warmup_steps:  100
     sched: step
/home/jiahao/task/CMP/tta.py:206: FutureWarning: `torch.cuda.amp.GradScaler(args...)` is deprecated. Please use `torch.amp.GradScaler('cuda', args...)` instead.
  scaler = GradScaler()  # bf16
### Start ITM Test Time Adaptation
      TTA Epoch: [0] [  0/123]  eta: 0:02:15  lr: 0.000001  entropy: 0.3448  loss: 0.3448  time: 1.0999  data: 0.4573  max mem: 2951
      TTA Epoch: [0] [100/123]  eta: 0:00:01  lr: 0.000100  entropy: 0.2988  loss: 0.2988  time: 0.0363  data: 0.0001  max mem: 2988
      TTA Epoch: [0] [122/123]  eta: 0:00:00  lr: 0.000099  entropy: 0.4002  loss: 0.4002  time: 0.0342  data: 0.0001  max mem: 2988
      TTA Epoch: [0] Total time: 0:00:05 (0.0460 s / it)
     Averaged stats: lr: 0.0001  entropy: 0.4013  loss: 0.4013
     Computing matching score
      Evaluation: [   0/1978]  eta: 0:03:28    time: 0.1054  data: 0.0051  max mem: 2988
      Evaluation: [ 100/1978]  eta: 0:01:27    time: 0.0428  data: 0.0000  max mem: 2988
      Evaluation: [ 200/1978]  eta: 0:01:20    time: 0.0446  data: 0.0000  max mem: 2988
      Evaluation: [ 300/1978]  eta: 0:01:14    time: 0.0433  data: 0.0000  max mem: 2988
      Evaluation: [ 400/1978]  eta: 0:01:10    time: 0.0431  data: 0.0000  max mem: 2988
      Evaluation: [ 500/1978]  eta: 0:01:05    time: 0.0442  data: 0.0000  max mem: 2988
      Evaluation: [ 600/1978]  eta: 0:01:01    time: 0.0444  data: 0.0000  max mem: 2988
      Evaluation: [ 700/1978]  eta: 0:00:56    time: 0.0437  data: 0.0000  max mem: 2988
      Evaluation: [ 800/1978]  eta: 0:00:52    time: 0.0442  data: 0.0000  max mem: 2988
      Evaluation: [ 900/1978]  eta: 0:00:47    time: 0.0442  data: 0.0000  max mem: 2988
      Evaluation: [1000/1978]  eta: 0:00:43    time: 0.0433  data: 0.0000  max mem: 2988
      Evaluation: [1100/1978]  eta: 0:00:38    time: 0.0436  data: 0.0000  max mem: 2988
      Evaluation: [1200/1978]  eta: 0:00:34    time: 0.0472  data: 0.0000  max mem: 2988
      Evaluation: [1300/1978]  eta: 0:00:30    time: 0.0441  data: 0.0000  max mem: 2988
      Evaluation: [1400/1978]  eta: 0:00:25    time: 0.0436  data: 0.0000  max mem: 2988
      Evaluation: [1500/1978]  eta: 0:00:21    time: 0.0465  data: 0.0000  max mem: 2988
      Evaluation: [1600/1978]  eta: 0:00:16    time: 0.0437  data: 0.0000  max mem: 2988
      Evaluation: [1700/1978]  eta: 0:00:12    time: 0.0444  data: 0.0000  max mem: 2988
      Evaluation: [1800/1978]  eta: 0:00:07    time: 0.0445  data: 0.0000  max mem: 2988
      Evaluation: [1900/1978]  eta: 0:00:03    time: 0.0441  data: 0.0000  max mem: 2988
      Evaluation: [1977/1978]  eta: 0:00:00    time: 0.0436  data: 0.0000  max mem: 2988
      Evaluation: Total time: 0:01:27 (0.0444 s / it)
     Computing matching score time 0:01:28
### TTA ITM Score: 
+-------+--------+--------+--------+--------+--------+
| epoch |   R1   |   R5   |  R10   |  mAP   |  mINP  |
+-------+--------+--------+--------+--------+--------+
|  -999 | 69.414 | 95.197 | 97.776 | 81.233 | 81.233 |
|  -999 | 84.277 | 99.039 | 99.596 | 91.276 | 91.276 |
|   0   | 84.378 | 98.787 | 99.494 | 91.214 | 91.214 |
+-------+--------+--------+--------+--------+--------+
     logs:  {'epo': 0, 'R1': np.float32(84.378), 'R5': np.float32(98.787), 'R10': np.float32(99.494), 'mAP': np.float32(91.214), 'mINP': np.float32(91.214), 'lr': 6e-05, 'entropy': 0.40131, 'loss': 0.40131}
      TTA Epoch: [1] [  0/123]  eta: 0:00:46  lr: 0.000099  entropy: 0.3636  loss: 0.3636  time: 0.3753  data: 0.3196  max mem: 2988
      TTA Epoch: [1] [100/123]  eta: 0:00:00  lr: 0.000097  entropy: 0.4398  loss: 0.4398  time: 0.0405  data: 0.0001  max mem: 2988
      TTA Epoch: [1] [122/123]  eta: 0:00:00  lr: 0.000096  entropy: 0.1917  loss: 0.1917  time: 0.0344  data: 0.0001  max mem: 2988
      TTA Epoch: [1] Total time: 0:00:04 (0.0390 s / it)
     Averaged stats: lr: 0.0001  entropy: 0.3108  loss: 0.3108
     Computing matching score
      Evaluation: [   0/1978]  eta: 0:01:28    time: 0.0449  data: 0.0024  max mem: 2988
      Evaluation: [ 100/1978]  eta: 0:01:19    time: 0.0436  data: 0.0000  max mem: 2988
      Evaluation: [ 200/1978]  eta: 0:01:16    time: 0.0431  data: 0.0000  max mem: 2988
      Evaluation: [ 300/1978]  eta: 0:01:12    time: 0.0426  data: 0.0000  max mem: 2988
      Evaluation: [ 400/1978]  eta: 0:01:08    time: 0.0431  data: 0.0000  max mem: 2988
      Evaluation: [ 500/1978]  eta: 0:01:03    time: 0.0428  data: 0.0000  max mem: 2988
      Evaluation: [ 600/1978]  eta: 0:00:59    time: 0.0426  data: 0.0000  max mem: 2988
      Evaluation: [ 700/1978]  eta: 0:00:55    time: 0.0427  data: 0.0000  max mem: 2988
      Evaluation: [ 800/1978]  eta: 0:00:50    time: 0.0428  data: 0.0000  max mem: 2988
      Evaluation: [ 900/1978]  eta: 0:00:46    time: 0.0429  data: 0.0000  max mem: 2988
      Evaluation: [1000/1978]  eta: 0:00:42    time: 0.0430  data: 0.0000  max mem: 2988
      Evaluation: [1100/1978]  eta: 0:00:37    time: 0.0429  data: 0.0000  max mem: 2988
      Evaluation: [1200/1978]  eta: 0:00:33    time: 0.0427  data: 0.0000  max mem: 2988
      Evaluation: [1300/1978]  eta: 0:00:29    time: 0.0428  data: 0.0000  max mem: 2988
      Evaluation: [1400/1978]  eta: 0:00:24    time: 0.0430  data: 0.0000  max mem: 2988
      Evaluation: [1500/1978]  eta: 0:00:20    time: 0.0430  data: 0.0000  max mem: 2988
      Evaluation: [1600/1978]  eta: 0:00:16    time: 0.0427  data: 0.0000  max mem: 2988
      Evaluation: [1700/1978]  eta: 0:00:11    time: 0.0427  data: 0.0000  max mem: 2988
      Evaluation: [1800/1978]  eta: 0:00:07    time: 0.0427  data: 0.0000  max mem: 2988
      Evaluation: [1900/1978]  eta: 0:00:03    time: 0.0431  data: 0.0000  max mem: 2988
      Evaluation: [1977/1978]  eta: 0:00:00    time: 0.0428  data: 0.0000  max mem: 2988
      Evaluation: Total time: 0:01:25 (0.0432 s / it)
     Computing matching score time 0:01:25
### TTA ITM Score: 
+-------+--------+--------+--------+--------+--------+
| epoch |   R1   |   R5   |  R10   |  mAP   |  mINP  |
+-------+--------+--------+--------+--------+--------+
|  -999 | 69.414 | 95.197 | 97.776 | 81.233 | 81.233 |
|  -999 | 84.277 | 99.039 | 99.596 | 91.276 | 91.276 |
|   0   | 84.378 | 98.787 | 99.494 | 91.214 | 91.214 |
|   1   | 84.479 | 98.888 | 99.494 | 91.312 | 91.312 |
+-------+--------+--------+--------+--------+--------+
     logs:  {'epo': 1, 'R1': np.float32(84.479), 'R5': np.float32(98.888), 'R10': np.float32(99.494), 'mAP': np.float32(91.312), 'mINP': np.float32(91.312), 'lr': 9.8e-05, 'entropy': 0.310798, 'loss': 0.310798}
      TTA Epoch: [2] [  0/123]  eta: 0:00:50  lr: 0.000096  entropy: 0.1957  loss: 0.1957  time: 0.4067  data: 0.3470  max mem: 2988
      TTA Epoch: [2] [100/123]  eta: 0:00:00  lr: 0.000093  entropy: 0.2659  loss: 0.2659  time: 0.0363  data: 0.0001  max mem: 2988
      TTA Epoch: [2] [122/123]  eta: 0:00:00  lr: 0.000093  entropy: 0.2747  loss: 0.2747  time: 0.0339  data: 0.0001  max mem: 2988
      TTA Epoch: [2] Total time: 0:00:04 (0.0393 s / it)
     Averaged stats: lr: 0.0001  entropy: 0.2679  loss: 0.2679
     Computing matching score
      Evaluation: [   0/1978]  eta: 0:01:38    time: 0.0496  data: 0.0025  max mem: 2988
      Evaluation: [ 100/1978]  eta: 0:01:20    time: 0.0433  data: 0.0000  max mem: 2988
      Evaluation: [ 200/1978]  eta: 0:01:16    time: 0.0427  data: 0.0000  max mem: 2988
      Evaluation: [ 300/1978]  eta: 0:01:12    time: 0.0429  data: 0.0000  max mem: 2988
      Evaluation: [ 400/1978]  eta: 0:01:08    time: 0.0439  data: 0.0000  max mem: 2988
      Evaluation: [ 500/1978]  eta: 0:01:03    time: 0.0426  data: 0.0000  max mem: 2988
      Evaluation: [ 600/1978]  eta: 0:00:59    time: 0.0429  data: 0.0000  max mem: 2988
      Evaluation: [ 700/1978]  eta: 0:00:55    time: 0.0455  data: 0.0000  max mem: 2988
      Evaluation: [ 800/1978]  eta: 0:00:50    time: 0.0425  data: 0.0000  max mem: 2988
      Evaluation: [ 900/1978]  eta: 0:00:46    time: 0.0437  data: 0.0000  max mem: 2988
      Evaluation: [1000/1978]  eta: 0:00:42    time: 0.0460  data: 0.0000  max mem: 2988
      Evaluation: [1100/1978]  eta: 0:00:38    time: 0.0435  data: 0.0000  max mem: 2988
      Evaluation: [1200/1978]  eta: 0:00:33    time: 0.0429  data: 0.0000  max mem: 2988
      Evaluation: [1300/1978]  eta: 0:00:29    time: 0.0457  data: 0.0000  max mem: 2988
      Evaluation: [1400/1978]  eta: 0:00:25    time: 0.0430  data: 0.0000  max mem: 2988
      Evaluation: [1500/1978]  eta: 0:00:20    time: 0.0430  data: 0.0000  max mem: 2988
      Evaluation: [1600/1978]  eta: 0:00:16    time: 0.0450  data: 0.0000  max mem: 2988
      Evaluation: [1700/1978]  eta: 0:00:12    time: 0.0431  data: 0.0000  max mem: 2988
      Evaluation: [1800/1978]  eta: 0:00:07    time: 0.0429  data: 0.0000  max mem: 2988
      Evaluation: [1900/1978]  eta: 0:00:03    time: 0.0457  data: 0.0000  max mem: 2988
      Evaluation: [1977/1978]  eta: 0:00:00    time: 0.0431  data: 0.0000  max mem: 2988
      Evaluation: Total time: 0:01:25 (0.0434 s / it)
     Computing matching score time 0:01:26
### TTA ITM Score: 
+-------+--------+--------+--------+--------+--------+
| epoch |   R1   |   R5   |  R10   |  mAP   |  mINP  |
+-------+--------+--------+--------+--------+--------+
|  -999 | 69.414 | 95.197 | 97.776 | 81.233 | 81.233 |
|  -999 | 84.277 | 99.039 | 99.596 | 91.276 | 91.276 |
|   0   | 84.378 | 98.787 | 99.494 | 91.214 | 91.214 |
|   1   | 84.479 | 98.888 | 99.494 | 91.312 | 91.312 |
|   2   | 85.086 | 98.837 | 99.444 | 91.618 | 91.618 |
+-------+--------+--------+--------+--------+--------+
     logs:  {'epo': 2, 'R1': np.float32(85.086), 'R5': np.float32(98.837), 'R10': np.float32(99.444), 'mAP': np.float32(91.618), 'mINP': np.float32(91.618), 'lr': 9.4e-05, 'entropy': 0.267884, 'loss': 0.267884}
      TTA Epoch: [3] [  0/123]  eta: 0:00:48  lr: 0.000093  entropy: 0.0620  loss: 0.0620  time: 0.3982  data: 0.3366  max mem: 2988
      TTA Epoch: [3] [100/123]  eta: 0:00:00  lr: 0.000045  entropy: 0.2891  loss: 0.2891  time: 0.0335  data: 0.0001  max mem: 2988
      TTA Epoch: [3] [122/123]  eta: 0:00:00  lr: 0.000045  entropy: 0.3556  loss: 0.3556  time: 0.0330  data: 0.0001  max mem: 2988
      TTA Epoch: [3] Total time: 0:00:04 (0.0376 s / it)
     Averaged stats: lr: 0.0001  entropy: 0.2398  loss: 0.2398
     Computing matching score
      Evaluation: [   0/1978]  eta: 0:01:30    time: 0.0459  data: 0.0024  max mem: 2988
      Evaluation: [ 100/1978]  eta: 0:01:22    time: 0.0458  data: 0.0000  max mem: 2988
      Evaluation: [ 200/1978]  eta: 0:01:17    time: 0.0430  data: 0.0000  max mem: 2988
      Evaluation: [ 300/1978]  eta: 0:01:13    time: 0.0431  data: 0.0000  max mem: 2988
      Evaluation: [ 400/1978]  eta: 0:01:08    time: 0.0432  data: 0.0000  max mem: 2988
      Evaluation: [ 500/1978]  eta: 0:01:04    time: 0.0430  data: 0.0000  max mem: 2988
      Evaluation: [ 600/1978]  eta: 0:00:59    time: 0.0428  data: 0.0000  max mem: 2988
      Evaluation: [ 700/1978]  eta: 0:00:55    time: 0.0424  data: 0.0000  max mem: 2988
      Evaluation: [ 800/1978]  eta: 0:00:51    time: 0.0426  data: 0.0000  max mem: 2988
      Evaluation: [ 900/1978]  eta: 0:00:46    time: 0.0427  data: 0.0000  max mem: 2988
      Evaluation: [1000/1978]  eta: 0:00:42    time: 0.0429  data: 0.0000  max mem: 2988
      Evaluation: [1100/1978]  eta: 0:00:38    time: 0.0429  data: 0.0000  max mem: 2988
      Evaluation: [1200/1978]  eta: 0:00:33    time: 0.0429  data: 0.0000  max mem: 2988
      Evaluation: [1300/1978]  eta: 0:00:29    time: 0.0427  data: 0.0000  max mem: 2988
      Evaluation: [1400/1978]  eta: 0:00:25    time: 0.0428  data: 0.0000  max mem: 2988
      Evaluation: [1500/1978]  eta: 0:00:20    time: 0.0424  data: 0.0000  max mem: 2988
      Evaluation: [1600/1978]  eta: 0:00:16    time: 0.0424  data: 0.0000  max mem: 2988
      Evaluation: [1700/1978]  eta: 0:00:12    time: 0.0424  data: 0.0000  max mem: 2988
      Evaluation: [1800/1978]  eta: 0:00:07    time: 0.0425  data: 0.0000  max mem: 2988
      Evaluation: [1900/1978]  eta: 0:00:03    time: 0.0424  data: 0.0000  max mem: 2988
      Evaluation: [1977/1978]  eta: 0:00:00    time: 0.0424  data: 0.0000  max mem: 2988
      Evaluation: Total time: 0:01:25 (0.0432 s / it)
     Computing matching score time 0:01:25
### TTA ITM Score: 
+-------+--------+--------+--------+--------+--------+
| epoch |   R1   |   R5   |  R10   |  mAP   |  mINP  |
+-------+--------+--------+--------+--------+--------+
|  -999 | 69.414 | 95.197 | 97.776 | 81.233 | 81.233 |
|  -999 | 84.277 | 99.039 | 99.596 | 91.276 | 91.276 |
|   0   | 84.378 | 98.787 | 99.494 | 91.214 | 91.214 |
|   1   | 84.479 | 98.888 | 99.494 | 91.312 | 91.312 |
|   2   | 85.086 | 98.837 | 99.444 | 91.618 | 91.618 |
|   3   | 84.934 | 98.837 | 99.444 | 91.531 | 91.531 |
+-------+--------+--------+--------+--------+--------+
     logs:  {'epo': 3, 'R1': np.float32(84.934), 'R5': np.float32(98.837), 'R10': np.float32(99.444), 'mAP': np.float32(91.531), 'mINP': np.float32(91.531), 'lr': 5.7e-05, 'entropy': 0.239761, 'loss': 0.239761}
      TTA Epoch: [4] [  0/123]  eta: 0:00:48  lr: 0.000045  entropy: 0.0902  loss: 0.0902  time: 0.3948  data: 0.3349  max mem: 2988
      TTA Epoch: [4] [100/123]  eta: 0:00:00  lr: 0.000043  entropy: 0.3089  loss: 0.3089  time: 0.0367  data: 0.0002  max mem: 2988
      TTA Epoch: [4] [122/123]  eta: 0:00:00  lr: 0.000043  entropy: 0.2381  loss: 0.2381  time: 0.0343  data: 0.0001  max mem: 2988
      TTA Epoch: [4] Total time: 0:00:04 (0.0392 s / it)
     Averaged stats: lr: 0.0000  entropy: 0.2299  loss: 0.2299
     Computing matching score
      Evaluation: [   0/1978]  eta: 0:01:31    time: 0.0461  data: 0.0026  max mem: 2988
      Evaluation: [ 100/1978]  eta: 0:01:21    time: 0.0429  data: 0.0000  max mem: 2988
      Evaluation: [ 200/1978]  eta: 0:01:16    time: 0.0425  data: 0.0000  max mem: 2988
      Evaluation: [ 300/1978]  eta: 0:01:12    time: 0.0427  data: 0.0000  max mem: 2988
      Evaluation: [ 400/1978]  eta: 0:01:08    time: 0.0426  data: 0.0000  max mem: 2988
      Evaluation: [ 500/1978]  eta: 0:01:03    time: 0.0428  data: 0.0000  max mem: 2988
      Evaluation: [ 600/1978]  eta: 0:00:59    time: 0.0425  data: 0.0000  max mem: 2988
      Evaluation: [ 700/1978]  eta: 0:00:55    time: 0.0428  data: 0.0000  max mem: 2988
      Evaluation: [ 800/1978]  eta: 0:00:50    time: 0.0426  data: 0.0000  max mem: 2988
      Evaluation: [ 900/1978]  eta: 0:00:46    time: 0.0431  data: 0.0000  max mem: 2988
      Evaluation: [1000/1978]  eta: 0:00:42    time: 0.0426  data: 0.0000  max mem: 2988
      Evaluation: [1100/1978]  eta: 0:00:37    time: 0.0430  data: 0.0000  max mem: 2988
      Evaluation: [1200/1978]  eta: 0:00:33    time: 0.0430  data: 0.0000  max mem: 2988
      Evaluation: [1300/1978]  eta: 0:00:29    time: 0.0429  data: 0.0000  max mem: 2988
      Evaluation: [1400/1978]  eta: 0:00:24    time: 0.0431  data: 0.0000  max mem: 2988
      Evaluation: [1500/1978]  eta: 0:00:20    time: 0.0425  data: 0.0000  max mem: 2988
      Evaluation: [1600/1978]  eta: 0:00:16    time: 0.0426  data: 0.0000  max mem: 2988
      Evaluation: [1700/1978]  eta: 0:00:11    time: 0.0426  data: 0.0000  max mem: 2988
      Evaluation: [1800/1978]  eta: 0:00:07    time: 0.0424  data: 0.0000  max mem: 2988
      Evaluation: [1900/1978]  eta: 0:00:03    time: 0.0429  data: 0.0000  max mem: 2988
      Evaluation: [1977/1978]  eta: 0:00:00    time: 0.0427  data: 0.0000  max mem: 2988
      Evaluation: Total time: 0:01:25 (0.0431 s / it)
     Computing matching score time 0:01:25
### TTA ITM Score: 
+-------+--------+--------+--------+--------+--------+
| epoch |   R1   |   R5   |  R10   |  mAP   |  mINP  |
+-------+--------+--------+--------+--------+--------+
|  -999 | 69.414 | 95.197 | 97.776 | 81.233 | 81.233 |
|  -999 | 84.277 | 99.039 | 99.596 | 91.276 | 91.276 |
|   0   | 84.378 | 98.787 | 99.494 | 91.214 | 91.214 |
|   1   | 84.479 | 98.888 | 99.494 | 91.312 | 91.312 |
|   2   | 85.086 | 98.837 | 99.444 | 91.618 | 91.618 |
|   3   | 84.934 | 98.837 | 99.444 | 91.531 | 91.531 |
|   4   | 84.732 | 98.787 | 99.444 | 91.422 | 91.422 |
+-------+--------+--------+--------+--------+--------+
     logs:  {'epo': 4, 'R1': np.float32(84.732), 'R5': np.float32(98.787), 'R10': np.float32(99.444), 'mAP': np.float32(91.422), 'mINP': np.float32(91.422), 'lr': 4.4e-05, 'entropy': 0.229854, 'loss': 0.229854}
      TTA Epoch: [5] [  0/123]  eta: 0:00:50  lr: 0.000043  entropy: 0.1084  loss: 0.1084  time: 0.4110  data: 0.3519  max mem: 2988
      TTA Epoch: [5] [100/123]  eta: 0:00:00  lr: 0.000017  entropy: 0.3871  loss: 0.3871  time: 0.0343  data: 0.0001  max mem: 2988
      TTA Epoch: [5] [122/123]  eta: 0:00:00  lr: 0.000016  entropy: 0.2208  loss: 0.2208  time: 0.0330  data: 0.0001  max mem: 2988
      TTA Epoch: [5] Total time: 0:00:04 (0.0384 s / it)
     Averaged stats: lr: 0.0000  entropy: 0.2164  loss: 0.2164
     Computing matching score
      Evaluation: [   0/1978]  eta: 0:01:30    time: 0.0455  data: 0.0025  max mem: 2988
      Evaluation: [ 100/1978]  eta: 0:01:20    time: 0.0426  data: 0.0000  max mem: 2988
      Evaluation: [ 200/1978]  eta: 0:01:16    time: 0.0428  data: 0.0000  max mem: 2988
      Evaluation: [ 300/1978]  eta: 0:01:12    time: 0.0427  data: 0.0000  max mem: 2988
      Evaluation: [ 400/1978]  eta: 0:01:07    time: 0.0427  data: 0.0000  max mem: 2988
      Evaluation: [ 500/1978]  eta: 0:01:03    time: 0.0424  data: 0.0000  max mem: 2988
      Evaluation: [ 600/1978]  eta: 0:00:59    time: 0.0423  data: 0.0000  max mem: 2988
      Evaluation: [ 700/1978]  eta: 0:00:54    time: 0.0423  data: 0.0000  max mem: 2988
      Evaluation: [ 800/1978]  eta: 0:00:50    time: 0.0427  data: 0.0000  max mem: 2988
      Evaluation: [ 900/1978]  eta: 0:00:46    time: 0.0428  data: 0.0000  max mem: 2988
      Evaluation: [1000/1978]  eta: 0:00:42    time: 0.0427  data: 0.0000  max mem: 2988
      Evaluation: [1100/1978]  eta: 0:00:37    time: 0.0426  data: 0.0000  max mem: 2988
      Evaluation: [1200/1978]  eta: 0:00:33    time: 0.0427  data: 0.0000  max mem: 2988
      Evaluation: [1300/1978]  eta: 0:00:29    time: 0.0427  data: 0.0000  max mem: 2988
      Evaluation: [1400/1978]  eta: 0:00:24    time: 0.0428  data: 0.0000  max mem: 2988
      Evaluation: [1500/1978]  eta: 0:00:20    time: 0.0428  data: 0.0000  max mem: 2988
      Evaluation: [1600/1978]  eta: 0:00:16    time: 0.0429  data: 0.0000  max mem: 2988
      Evaluation: [1700/1978]  eta: 0:00:11    time: 0.0432  data: 0.0000  max mem: 2988
      Evaluation: [1800/1978]  eta: 0:00:07    time: 0.0431  data: 0.0000  max mem: 2988
      Evaluation: [1900/1978]  eta: 0:00:03    time: 0.0425  data: 0.0000  max mem: 2988
      Evaluation: [1977/1978]  eta: 0:00:00    time: 0.0425  data: 0.0000  max mem: 2988
      Evaluation: Total time: 0:01:25 (0.0431 s / it)
     Computing matching score time 0:01:25
### TTA ITM Score: 
+-------+--------+--------+--------+--------+--------+
| epoch |   R1   |   R5   |  R10   |  mAP   |  mINP  |
+-------+--------+--------+--------+--------+--------+
|  -999 | 69.414 | 95.197 | 97.776 | 81.233 | 81.233 |
|  -999 | 84.277 | 99.039 | 99.596 | 91.276 | 91.276 |
|   0   | 84.378 | 98.787 | 99.494 | 91.214 | 91.214 |
|   1   | 84.479 | 98.888 | 99.494 | 91.312 | 91.312 |
|   2   | 85.086 | 98.837 | 99.444 | 91.618 | 91.618 |
|   3   | 84.934 | 98.837 | 99.444 | 91.531 | 91.531 |
|   4   | 84.732 | 98.787 | 99.444 | 91.422 | 91.422 |
|   5   | 84.884 | 98.787 | 99.393 | 91.496 | 91.496 |
+-------+--------+--------+--------+--------+--------+
     logs:  {'epo': 5, 'R1': np.float32(84.884), 'R5': np.float32(98.787), 'R10': np.float32(99.393), 'mAP': np.float32(91.496), 'mINP': np.float32(91.496), 'lr': 3.4e-05, 'entropy': 0.21638, 'loss': 0.21638}
      TTA Epoch: [6] [  0/123]  eta: 0:00:55  lr: 0.000016  entropy: 0.1722  loss: 0.1722  time: 0.4497  data: 0.3857  max mem: 2988
      TTA Epoch: [6] [100/123]  eta: 0:00:00  lr: 0.000016  entropy: 0.3463  loss: 0.3463  time: 0.0352  data: 0.0001  max mem: 2988
      TTA Epoch: [6] [122/123]  eta: 0:00:00  lr: 0.000016  entropy: 0.2060  loss: 0.2060  time: 0.0337  data: 0.0001  max mem: 2988
      TTA Epoch: [6] Total time: 0:00:04 (0.0402 s / it)
     Averaged stats: lr: 0.0000  entropy: 0.2160  loss: 0.2160
     Computing matching score
      Evaluation: [   0/1978]  eta: 0:01:33    time: 0.0473  data: 0.0036  max mem: 2988
      Evaluation: [ 100/1978]  eta: 0:01:20    time: 0.0425  data: 0.0000  max mem: 2988
      Evaluation: [ 200/1978]  eta: 0:01:16    time: 0.0436  data: 0.0000  max mem: 2988
      Evaluation: [ 300/1978]  eta: 0:01:11    time: 0.0426  data: 0.0000  max mem: 2988
      Evaluation: [ 400/1978]  eta: 0:01:07    time: 0.0422  data: 0.0000  max mem: 2988
      Evaluation: [ 500/1978]  eta: 0:01:03    time: 0.0429  data: 0.0000  max mem: 2988
      Evaluation: [ 600/1978]  eta: 0:00:59    time: 0.0425  data: 0.0000  max mem: 2988
      Evaluation: [ 700/1978]  eta: 0:00:54    time: 0.0422  data: 0.0000  max mem: 2988
      Evaluation: [ 800/1978]  eta: 0:00:50    time: 0.0428  data: 0.0000  max mem: 2988
      Evaluation: [ 900/1978]  eta: 0:00:46    time: 0.0429  data: 0.0000  max mem: 2988
      Evaluation: [1000/1978]  eta: 0:00:41    time: 0.0428  data: 0.0000  max mem: 2988
      Evaluation: [1100/1978]  eta: 0:00:37    time: 0.0442  data: 0.0000  max mem: 2988
      Evaluation: [1200/1978]  eta: 0:00:33    time: 0.0432  data: 0.0000  max mem: 2988
      Evaluation: [1300/1978]  eta: 0:00:29    time: 0.0433  data: 0.0000  max mem: 2988
      Evaluation: [1400/1978]  eta: 0:00:24    time: 0.0459  data: 0.0000  max mem: 2988
      Evaluation: [1500/1978]  eta: 0:00:20    time: 0.0428  data: 0.0000  max mem: 2988
      Evaluation: [1600/1978]  eta: 0:00:16    time: 0.0431  data: 0.0000  max mem: 2988
      Evaluation: [1700/1978]  eta: 0:00:12    time: 0.0463  data: 0.0000  max mem: 2988
      Evaluation: [1800/1978]  eta: 0:00:07    time: 0.0430  data: 0.0000  max mem: 2988
      Evaluation: [1900/1978]  eta: 0:00:03    time: 0.0430  data: 0.0000  max mem: 2988
      Evaluation: [1977/1978]  eta: 0:00:00    time: 0.0427  data: 0.0000  max mem: 2988
      Evaluation: Total time: 0:01:25 (0.0432 s / it)
     Computing matching score time 0:01:25
### TTA ITM Score: 
+-------+--------+--------+--------+--------+--------+
| epoch |   R1   |   R5   |  R10   |  mAP   |  mINP  |
+-------+--------+--------+--------+--------+--------+
|  -999 | 69.414 | 95.197 | 97.776 | 81.233 | 81.233 |
|  -999 | 84.277 | 99.039 | 99.596 | 91.276 | 91.276 |
|   0   | 84.378 | 98.787 | 99.494 | 91.214 | 91.214 |
|   1   | 84.479 | 98.888 | 99.494 | 91.312 | 91.312 |
|   2   | 85.086 | 98.837 | 99.444 | 91.618 | 91.618 |
|   3   | 84.934 | 98.837 | 99.444 | 91.531 | 91.531 |
|   4   | 84.732 | 98.787 | 99.444 | 91.422 | 91.422 |
|   5   | 84.884 | 98.787 | 99.393 | 91.496 | 91.496 |
|   6   | 84.783 | 98.787 | 99.393 | 91.447 | 91.447 |
+-------+--------+--------+--------+--------+--------+
     logs:  {'epo': 6, 'R1': np.float32(84.783), 'R5': np.float32(98.787), 'R10': np.float32(99.393), 'mAP': np.float32(91.447), 'mINP': np.float32(91.447), 'lr': 1.6e-05, 'entropy': 0.215984, 'loss': 0.215984}
      TTA Epoch: [7] [  0/123]  eta: 0:00:56  lr: 0.000016  entropy: 0.1039  loss: 0.1039  time: 0.4625  data: 0.4033  max mem: 2988
      TTA Epoch: [7] [100/123]  eta: 0:00:00  lr: 0.000015  entropy: 0.2252  loss: 0.2252  time: 0.0335  data: 0.0001  max mem: 2988
      TTA Epoch: [7] [122/123]  eta: 0:00:00  lr: 0.000015  entropy: 0.1856  loss: 0.1856  time: 0.0324  data: 0.0001  max mem: 2988
      TTA Epoch: [7] Total time: 0:00:04 (0.0377 s / it)
     Averaged stats: lr: 0.0000  entropy: 0.2097  loss: 0.2097
     Computing matching score
      Evaluation: [   0/1978]  eta: 0:01:33    time: 0.0475  data: 0.0037  max mem: 2988
      Evaluation: [ 100/1978]  eta: 0:01:21    time: 0.0429  data: 0.0000  max mem: 2988
      Evaluation: [ 200/1978]  eta: 0:01:17    time: 0.0450  data: 0.0000  max mem: 2988
      Evaluation: [ 300/1978]  eta: 0:01:12    time: 0.0427  data: 0.0000  max mem: 2988
      Evaluation: [ 400/1978]  eta: 0:01:08    time: 0.0429  data: 0.0000  max mem: 2988
      Evaluation: [ 500/1978]  eta: 0:01:03    time: 0.0460  data: 0.0000  max mem: 2988
      Evaluation: [ 600/1978]  eta: 0:00:59    time: 0.0429  data: 0.0000  max mem: 2988
      Evaluation: [ 700/1978]  eta: 0:00:55    time: 0.0429  data: 0.0000  max mem: 2988
      Evaluation: [ 800/1978]  eta: 0:00:51    time: 0.0461  data: 0.0000  max mem: 2988
      Evaluation: [ 900/1978]  eta: 0:00:46    time: 0.0442  data: 0.0000  max mem: 2988
      Evaluation: [1000/1978]  eta: 0:00:42    time: 0.0446  data: 0.0000  max mem: 2988
      Evaluation: [1100/1978]  eta: 0:00:38    time: 0.0441  data: 0.0000  max mem: 2988
      Evaluation: [1200/1978]  eta: 0:00:34    time: 0.0438  data: 0.0000  max mem: 2988
      Evaluation: [1300/1978]  eta: 0:00:29    time: 0.0438  data: 0.0000  max mem: 2988
      Evaluation: [1400/1978]  eta: 0:00:25    time: 0.0435  data: 0.0000  max mem: 2988
      Evaluation: [1500/1978]  eta: 0:00:20    time: 0.0435  data: 0.0000  max mem: 2988
      Evaluation: [1600/1978]  eta: 0:00:16    time: 0.0437  data: 0.0000  max mem: 2988
      Evaluation: [1700/1978]  eta: 0:00:12    time: 0.0441  data: 0.0000  max mem: 2988
      Evaluation: [1800/1978]  eta: 0:00:07    time: 0.0450  data: 0.0000  max mem: 2988
      Evaluation: [1900/1978]  eta: 0:00:03    time: 0.0439  data: 0.0000  max mem: 2988
      Evaluation: [1977/1978]  eta: 0:00:00    time: 0.0440  data: 0.0000  max mem: 2988
      Evaluation: Total time: 0:01:26 (0.0440 s / it)
     Computing matching score time 0:01:27
### TTA ITM Score: 
+-------+--------+--------+--------+--------+--------+
| epoch |   R1   |   R5   |  R10   |  mAP   |  mINP  |
+-------+--------+--------+--------+--------+--------+
|  -999 | 69.414 | 95.197 | 97.776 | 81.233 | 81.233 |
|  -999 | 84.277 | 99.039 | 99.596 | 91.276 | 91.276 |
|   0   | 84.378 | 98.787 | 99.494 | 91.214 | 91.214 |
|   1   | 84.479 | 98.888 | 99.494 | 91.312 | 91.312 |
|   2   | 85.086 | 98.837 | 99.444 | 91.618 | 91.618 |
|   3   | 84.934 | 98.837 | 99.444 | 91.531 | 91.531 |
|   4   | 84.732 | 98.787 | 99.444 | 91.422 | 91.422 |
|   5   | 84.884 | 98.787 | 99.393 | 91.496 | 91.496 |
|   6   | 84.783 | 98.787 | 99.393 | 91.447 | 91.447 |
|   7   | 84.884 | 98.787 | 99.393 | 91.497 | 91.497 |
+-------+--------+--------+--------+--------+--------+
     logs:  {'epo': 7, 'R1': np.float32(84.884), 'R5': np.float32(98.787), 'R10': np.float32(99.393), 'mAP': np.float32(91.497), 'mINP': np.float32(91.497), 'lr': 1.5e-05, 'entropy': 0.209706, 'loss': 0.209706}
      TTA Epoch: [8] [  0/123]  eta: 0:00:49  lr: 0.000015  entropy: 0.2793  loss: 0.2793  time: 0.4059  data: 0.3478  max mem: 2988
      TTA Epoch: [8] [100/123]  eta: 0:00:00  lr: 0.000015  entropy: 0.2763  loss: 0.2763  time: 0.0348  data: 0.0001  max mem: 2988
      TTA Epoch: [8] [122/123]  eta: 0:00:00  lr: 0.000014  entropy: 0.0912  loss: 0.0912  time: 0.0358  data: 0.0002  max mem: 2988
      TTA Epoch: [8] Total time: 0:00:04 (0.0381 s / it)
     Averaged stats: lr: 0.0000  entropy: 0.2113  loss: 0.2113
     Computing matching score
      Evaluation: [   0/1978]  eta: 0:01:57    time: 0.0595  data: 0.0027  max mem: 2988
      Evaluation: [ 100/1978]  eta: 0:01:21    time: 0.0431  data: 0.0000  max mem: 2988
      Evaluation: [ 200/1978]  eta: 0:01:17    time: 0.0430  data: 0.0000  max mem: 2988
      Evaluation: [ 300/1978]  eta: 0:01:13    time: 0.0461  data: 0.0000  max mem: 2988
      Evaluation: [ 400/1978]  eta: 0:01:08    time: 0.0431  data: 0.0000  max mem: 2988
      Evaluation: [ 500/1978]  eta: 0:01:04    time: 0.0427  data: 0.0000  max mem: 2988
      Evaluation: [ 600/1978]  eta: 0:00:59    time: 0.0448  data: 0.0000  max mem: 2988
      Evaluation: [ 700/1978]  eta: 0:00:55    time: 0.0430  data: 0.0000  max mem: 2988
      Evaluation: [ 800/1978]  eta: 0:00:51    time: 0.0431  data: 0.0000  max mem: 2988
      Evaluation: [ 900/1978]  eta: 0:00:46    time: 0.0456  data: 0.0000  max mem: 2988
      Evaluation: [1000/1978]  eta: 0:00:42    time: 0.0429  data: 0.0000  max mem: 2988
      Evaluation: [1100/1978]  eta: 0:00:38    time: 0.0428  data: 0.0000  max mem: 2988
      Evaluation: [1200/1978]  eta: 0:00:33    time: 0.0453  data: 0.0000  max mem: 2988
      Evaluation: [1300/1978]  eta: 0:00:29    time: 0.0427  data: 0.0000  max mem: 2988
      Evaluation: [1400/1978]  eta: 0:00:25    time: 0.0429  data: 0.0000  max mem: 2988
      Evaluation: [1500/1978]  eta: 0:00:20    time: 0.0451  data: 0.0000  max mem: 2988
      Evaluation: [1600/1978]  eta: 0:00:16    time: 0.0427  data: 0.0000  max mem: 2988
      Evaluation: [1700/1978]  eta: 0:00:12    time: 0.0430  data: 0.0000  max mem: 2988
      Evaluation: [1800/1978]  eta: 0:00:07    time: 0.0452  data: 0.0000  max mem: 2988
      Evaluation: [1900/1978]  eta: 0:00:03    time: 0.0427  data: 0.0000  max mem: 2988
      Evaluation: [1977/1978]  eta: 0:00:00    time: 0.0430  data: 0.0000  max mem: 2988
      Evaluation: Total time: 0:01:25 (0.0433 s / it)
     Computing matching score time 0:01:25
### TTA ITM Score: 
+-------+--------+--------+--------+--------+--------+
| epoch |   R1   |   R5   |  R10   |  mAP   |  mINP  |
+-------+--------+--------+--------+--------+--------+
|  -999 | 69.414 | 95.197 | 97.776 | 81.233 | 81.233 |
|  -999 | 84.277 | 99.039 | 99.596 | 91.276 | 91.276 |
|   0   | 84.378 | 98.787 | 99.494 | 91.214 | 91.214 |
|   1   | 84.479 | 98.888 | 99.494 | 91.312 | 91.312 |
|   2   | 85.086 | 98.837 | 99.444 | 91.618 | 91.618 |
|   3   | 84.934 | 98.837 | 99.444 | 91.531 | 91.531 |
|   4   | 84.732 | 98.787 | 99.444 | 91.422 | 91.422 |
|   5   | 84.884 | 98.787 | 99.393 | 91.496 | 91.496 |
|   6   | 84.783 | 98.787 | 99.393 | 91.447 | 91.447 |
|   7   | 84.884 | 98.787 | 99.393 | 91.497 | 91.497 |
|   8   | 84.833 | 98.787 | 99.343 | 91.481 | 91.481 |
+-------+--------+--------+--------+--------+--------+
     logs:  {'epo': 8, 'R1': np.float32(84.833), 'R5': np.float32(98.787), 'R10': np.float32(99.343), 'mAP': np.float32(91.481), 'mINP': np.float32(91.481), 'lr': 1.5e-05, 'entropy': 0.211328, 'loss': 0.211328}
      TTA Epoch: [9] [  0/123]  eta: 0:00:53  lr: 0.000014  entropy: 0.1047  loss: 0.1047  time: 0.4368  data: 0.3429  max mem: 2988
      TTA Epoch: [9] [100/123]  eta: 0:00:00  lr: 0.000014  entropy: 0.0535  loss: 0.0535  time: 0.0390  data: 0.0001  max mem: 2988
      TTA Epoch: [9] [122/123]  eta: 0:00:00  lr: 0.000014  entropy: 0.2123  loss: 0.2123  time: 0.0358  data: 0.0001  max mem: 2988
      TTA Epoch: [9] Total time: 0:00:05 (0.0408 s / it)
     Averaged stats: lr: 0.0000  entropy: 0.2019  loss: 0.2019
     Computing matching score
      Evaluation: [   0/1978]  eta: 0:01:33    time: 0.0473  data: 0.0024  max mem: 2988
      Evaluation: [ 100/1978]  eta: 0:01:20    time: 0.0426  data: 0.0000  max mem: 2988
      Evaluation: [ 200/1978]  eta: 0:01:16    time: 0.0428  data: 0.0000  max mem: 2988
      Evaluation: [ 300/1978]  eta: 0:01:12    time: 0.0429  data: 0.0000  max mem: 2988
      Evaluation: [ 400/1978]  eta: 0:01:07    time: 0.0428  data: 0.0000  max mem: 2988
      Evaluation: [ 500/1978]  eta: 0:01:03    time: 0.0426  data: 0.0000  max mem: 2988
      Evaluation: [ 600/1978]  eta: 0:00:59    time: 0.0430  data: 0.0000  max mem: 2988
      Evaluation: [ 700/1978]  eta: 0:00:55    time: 0.0431  data: 0.0000  max mem: 2988
      Evaluation: [ 800/1978]  eta: 0:00:50    time: 0.0430  data: 0.0000  max mem: 2988
      Evaluation: [ 900/1978]  eta: 0:00:46    time: 0.0428  data: 0.0000  max mem: 2988
      Evaluation: [1000/1978]  eta: 0:00:42    time: 0.0429  data: 0.0000  max mem: 2988
      Evaluation: [1100/1978]  eta: 0:00:37    time: 0.0425  data: 0.0000  max mem: 2988
      Evaluation: [1200/1978]  eta: 0:00:33    time: 0.0431  data: 0.0000  max mem: 2988
      Evaluation: [1300/1978]  eta: 0:00:29    time: 0.0424  data: 0.0000  max mem: 2988
      Evaluation: [1400/1978]  eta: 0:00:24    time: 0.0433  data: 0.0000  max mem: 2988
      Evaluation: [1500/1978]  eta: 0:00:20    time: 0.0429  data: 0.0000  max mem: 2988
      Evaluation: [1600/1978]  eta: 0:00:16    time: 0.0431  data: 0.0000  max mem: 2988
      Evaluation: [1700/1978]  eta: 0:00:12    time: 0.0428  data: 0.0000  max mem: 2988
      Evaluation: [1800/1978]  eta: 0:00:07    time: 0.0432  data: 0.0000  max mem: 2988
      Evaluation: [1900/1978]  eta: 0:00:03    time: 0.0438  data: 0.0000  max mem: 2988
      Evaluation: [1977/1978]  eta: 0:00:00    time: 0.0430  data: 0.0000  max mem: 2988
      Evaluation: Total time: 0:01:25 (0.0433 s / it)
     Computing matching score time 0:01:25
### TTA ITM Score: 
+-------+--------+--------+--------+--------+--------+
| epoch |   R1   |   R5   |  R10   |  mAP   |  mINP  |
+-------+--------+--------+--------+--------+--------+
|  -999 | 69.414 | 95.197 | 97.776 | 81.233 | 81.233 |
|  -999 | 84.277 | 99.039 | 99.596 | 91.276 | 91.276 |
|   0   | 84.378 | 98.787 | 99.494 | 91.214 | 91.214 |
|   1   | 84.479 | 98.888 | 99.494 | 91.312 | 91.312 |
|   2   | 85.086 | 98.837 | 99.444 | 91.618 | 91.618 |
|   3   | 84.934 | 98.837 | 99.444 | 91.531 | 91.531 |
|   4   | 84.732 | 98.787 | 99.444 | 91.422 | 91.422 |
|   5   | 84.884 | 98.787 | 99.393 | 91.496 | 91.496 |
|   6   | 84.783 | 98.787 | 99.393 | 91.447 | 91.447 |
|   7   | 84.884 | 98.787 | 99.393 | 91.497 | 91.497 |
|   8   | 84.833 | 98.787 | 99.343 | 91.481 | 91.481 |
|   9   | 84.732 | 98.787 | 99.343 | 91.442 | 91.442 |
+-------+--------+--------+--------+--------+--------+
     logs:  {'epo': 9, 'R1': np.float32(84.732), 'R5': np.float32(98.787), 'R10': np.float32(99.343), 'mAP': np.float32(91.442), 'mINP': np.float32(91.442), 'lr': 1.4e-05, 'entropy': 0.201859, 'loss': 0.201859}
      TTA Epoch: [10] [  0/123]  eta: 0:00:57  lr: 0.000014  entropy: 0.1929  loss: 0.1929  time: 0.4680  data: 0.4098  max mem: 2988
      TTA Epoch: [10] [100/123]  eta: 0:00:00  lr: 0.000013  entropy: 0.3382  loss: 0.3382  time: 0.0369  data: 0.0001  max mem: 2988
      TTA Epoch: [10] [122/123]  eta: 0:00:00  lr: 0.000013  entropy: 0.1019  loss: 0.1019  time: 0.0343  data: 0.0001  max mem: 2988
      TTA Epoch: [10] Total time: 0:00:04 (0.0402 s / it)
     Averaged stats: lr: 0.0000  entropy: 0.1969  loss: 0.1969
     Computing matching score
      Evaluation: [   0/1978]  eta: 0:01:32    time: 0.0467  data: 0.0025  max mem: 2988
      Evaluation: [ 100/1978]  eta: 0:01:21    time: 0.0466  data: 0.0000  max mem: 2988
      Evaluation: [ 200/1978]  eta: 0:01:17    time: 0.0434  data: 0.0000  max mem: 2988
      Evaluation: [ 300/1978]  eta: 0:01:12    time: 0.0428  data: 0.0000  max mem: 2988
      Evaluation: [ 400/1978]  eta: 0:01:08    time: 0.0455  data: 0.0000  max mem: 2988
      Evaluation: [ 500/1978]  eta: 0:01:04    time: 0.0433  data: 0.0000  max mem: 2988
      Evaluation: [ 600/1978]  eta: 0:00:59    time: 0.0431  data: 0.0000  max mem: 2988
      Evaluation: [ 700/1978]  eta: 0:00:55    time: 0.0466  data: 0.0000  max mem: 2988
      Evaluation: [ 800/1978]  eta: 0:00:51    time: 0.0432  data: 0.0000  max mem: 2988
      Evaluation: [ 900/1978]  eta: 0:00:46    time: 0.0435  data: 0.0000  max mem: 2988
      Evaluation: [1000/1978]  eta: 0:00:42    time: 0.0464  data: 0.0000  max mem: 2988
      Evaluation: [1100/1978]  eta: 0:00:38    time: 0.0432  data: 0.0000  max mem: 2988
      Evaluation: [1200/1978]  eta: 0:00:33    time: 0.0431  data: 0.0000  max mem: 2988
      Evaluation: [1300/1978]  eta: 0:00:29    time: 0.0449  data: 0.0000  max mem: 2988
      Evaluation: [1400/1978]  eta: 0:00:25    time: 0.0427  data: 0.0000  max mem: 2988
      Evaluation: [1500/1978]  eta: 0:00:20    time: 0.0433  data: 0.0000  max mem: 2988
      Evaluation: [1600/1978]  eta: 0:00:16    time: 0.0431  data: 0.0000  max mem: 2988
      Evaluation: [1700/1978]  eta: 0:00:12    time: 0.0430  data: 0.0000  max mem: 2988
      Evaluation: [1800/1978]  eta: 0:00:07    time: 0.0430  data: 0.0000  max mem: 2988
      Evaluation: [1900/1978]  eta: 0:00:03    time: 0.0430  data: 0.0000  max mem: 2988
      Evaluation: [1977/1978]  eta: 0:00:00    time: 0.0432  data: 0.0000  max mem: 2988
      Evaluation: Total time: 0:01:26 (0.0435 s / it)
     Computing matching score time 0:01:26
### TTA ITM Score: 
+-------+--------+--------+--------+--------+--------+
| epoch |   R1   |   R5   |  R10   |  mAP   |  mINP  |
+-------+--------+--------+--------+--------+--------+
|  -999 | 69.414 | 95.197 | 97.776 | 81.233 | 81.233 |
|  -999 | 84.277 | 99.039 | 99.596 | 91.276 | 91.276 |
|   0   | 84.378 | 98.787 | 99.494 | 91.214 | 91.214 |
|   1   | 84.479 | 98.888 | 99.494 | 91.312 | 91.312 |
|   2   | 85.086 | 98.837 | 99.444 | 91.618 | 91.618 |
|   3   | 84.934 | 98.837 | 99.444 | 91.531 | 91.531 |
|   4   | 84.732 | 98.787 | 99.444 | 91.422 | 91.422 |
|   5   | 84.884 | 98.787 | 99.393 | 91.496 | 91.496 |
|   6   | 84.783 | 98.787 | 99.393 | 91.447 | 91.447 |
|   7   | 84.884 | 98.787 | 99.393 | 91.497 | 91.497 |
|   8   | 84.833 | 98.787 | 99.343 | 91.481 | 91.481 |
|   9   | 84.732 | 98.787 | 99.343 | 91.442 | 91.442 |
|   10  | 84.681 | 98.736 | 99.343 | 91.415 | 91.415 |
+-------+--------+--------+--------+--------+--------+
     logs:  {'epo': 10, 'R1': np.float32(84.681), 'R5': np.float32(98.736), 'R10': np.float32(99.343), 'mAP': np.float32(91.415), 'mINP': np.float32(91.415), 'lr': 1.3e-05, 'entropy': 0.196892, 'loss': 0.196892}
      TTA Epoch: [11] [  0/123]  eta: 0:00:51  lr: 0.000013  entropy: 0.1522  loss: 0.1522  time: 0.4206  data: 0.3473  max mem: 2988
      TTA Epoch: [11] [100/123]  eta: 0:00:00  lr: 0.000013  entropy: 0.2371  loss: 0.2371  time: 0.0354  data: 0.0001  max mem: 2988
      TTA Epoch: [11] [122/123]  eta: 0:00:00  lr: 0.000012  entropy: 0.2441  loss: 0.2441  time: 0.0336  data: 0.0001  max mem: 2988
      TTA Epoch: [11] Total time: 0:00:04 (0.0394 s / it)
     Averaged stats: lr: 0.0000  entropy: 0.1983  loss: 0.1983
     Computing matching score
      Evaluation: [   0/1978]  eta: 0:01:34    time: 0.0476  data: 0.0036  max mem: 2988
      Evaluation: [ 100/1978]  eta: 0:01:22    time: 0.0429  data: 0.0000  max mem: 2988
      Evaluation: [ 200/1978]  eta: 0:01:17    time: 0.0427  data: 0.0000  max mem: 2988
      Evaluation: [ 300/1978]  eta: 0:01:12    time: 0.0429  data: 0.0000  max mem: 2988
      Evaluation: [ 400/1978]  eta: 0:01:08    time: 0.0431  data: 0.0000  max mem: 2988
      Evaluation: [ 500/1978]  eta: 0:01:04    time: 0.0427  data: 0.0000  max mem: 2988
      Evaluation: [ 600/1978]  eta: 0:00:59    time: 0.0427  data: 0.0000  max mem: 2988
      Evaluation: [ 700/1978]  eta: 0:00:55    time: 0.0432  data: 0.0000  max mem: 2988
      Evaluation: [ 800/1978]  eta: 0:00:51    time: 0.0436  data: 0.0000  max mem: 2988
      Evaluation: [ 900/1978]  eta: 0:00:46    time: 0.0430  data: 0.0000  max mem: 2988
      Evaluation: [1000/1978]  eta: 0:00:42    time: 0.0432  data: 0.0000  max mem: 2988
      Evaluation: [1100/1978]  eta: 0:00:38    time: 0.0436  data: 0.0000  max mem: 2988
      Evaluation: [1200/1978]  eta: 0:00:33    time: 0.0435  data: 0.0000  max mem: 2988
      Evaluation: [1300/1978]  eta: 0:00:29    time: 0.0433  data: 0.0000  max mem: 2988
      Evaluation: [1400/1978]  eta: 0:00:25    time: 0.0457  data: 0.0000  max mem: 2988
      Evaluation: [1500/1978]  eta: 0:00:20    time: 0.0430  data: 0.0000  max mem: 2988
      Evaluation: [1600/1978]  eta: 0:00:16    time: 0.0431  data: 0.0000  max mem: 2988
      Evaluation: [1700/1978]  eta: 0:00:12    time: 0.0459  data: 0.0000  max mem: 2988
      Evaluation: [1800/1978]  eta: 0:00:07    time: 0.0428  data: 0.0000  max mem: 2988
      Evaluation: [1900/1978]  eta: 0:00:03    time: 0.0434  data: 0.0000  max mem: 2988
      Evaluation: [1977/1978]  eta: 0:00:00    time: 0.0430  data: 0.0000  max mem: 2988
      Evaluation: Total time: 0:01:25 (0.0435 s / it)
     Computing matching score time 0:01:26
### TTA ITM Score: 
+-------+--------+--------+--------+--------+--------+
| epoch |   R1   |   R5   |  R10   |  mAP   |  mINP  |
+-------+--------+--------+--------+--------+--------+
|  -999 | 69.414 | 95.197 | 97.776 | 81.233 | 81.233 |
|  -999 | 84.277 | 99.039 | 99.596 | 91.276 | 91.276 |
|   0   | 84.378 | 98.787 | 99.494 | 91.214 | 91.214 |
|   1   | 84.479 | 98.888 | 99.494 | 91.312 | 91.312 |
|   2   | 85.086 | 98.837 | 99.444 | 91.618 | 91.618 |
|   3   | 84.934 | 98.837 | 99.444 | 91.531 | 91.531 |
|   4   | 84.732 | 98.787 | 99.444 | 91.422 | 91.422 |
|   5   | 84.884 | 98.787 | 99.393 | 91.496 | 91.496 |
|   6   | 84.783 | 98.787 | 99.393 | 91.447 | 91.447 |
|   7   | 84.884 | 98.787 | 99.393 | 91.497 | 91.497 |
|   8   | 84.833 | 98.787 | 99.343 | 91.481 | 91.481 |
|   9   | 84.732 | 98.787 | 99.343 | 91.442 | 91.442 |
|   10  | 84.681 | 98.736 | 99.343 | 91.415 | 91.415 |
|   11  | 84.631 | 98.787 | 99.343 | 91.392 | 91.392 |
+-------+--------+--------+--------+--------+--------+
     logs:  {'epo': 11, 'R1': np.float32(84.631), 'R5': np.float32(98.787), 'R10': np.float32(99.343), 'mAP': np.float32(91.392), 'mINP': np.float32(91.392), 'lr': 1.3e-05, 'entropy': 0.198293, 'loss': 0.198293}
      TTA Epoch: [12] [  0/123]  eta: 0:00:58  lr: 0.000012  entropy: 0.1202  loss: 0.1202  time: 0.4719  data: 0.4133  max mem: 2988
      TTA Epoch: [12] [100/123]  eta: 0:00:00  lr: 0.000012  entropy: 0.0591  loss: 0.0591  time: 0.0361  data: 0.0001  max mem: 2988
      TTA Epoch: [12] [122/123]  eta: 0:00:00  lr: 0.000012  entropy: 0.1247  loss: 0.1247  time: 0.0336  data: 0.0001  max mem: 2988
      TTA Epoch: [12] Total time: 0:00:04 (0.0395 s / it)
     Averaged stats: lr: 0.0000  entropy: 0.1922  loss: 0.1922
     Computing matching score
      Evaluation: [   0/1978]  eta: 0:01:33    time: 0.0471  data: 0.0026  max mem: 2988
      Evaluation: [ 100/1978]  eta: 0:01:21    time: 0.0427  data: 0.0000  max mem: 2988
      Evaluation: [ 200/1978]  eta: 0:01:17    time: 0.0454  data: 0.0000  max mem: 2988
      Evaluation: [ 300/1978]  eta: 0:01:12    time: 0.0432  data: 0.0000  max mem: 2988
      Evaluation: [ 400/1978]  eta: 0:01:08    time: 0.0434  data: 0.0000  max mem: 2988
      Evaluation: [ 500/1978]  eta: 0:01:04    time: 0.0450  data: 0.0000  max mem: 2988
      Evaluation: [ 600/1978]  eta: 0:00:59    time: 0.0430  data: 0.0000  max mem: 2988
      Evaluation: [ 700/1978]  eta: 0:00:55    time: 0.0433  data: 0.0000  max mem: 2988
      Evaluation: [ 800/1978]  eta: 0:00:51    time: 0.0434  data: 0.0000  max mem: 2988
      Evaluation: [ 900/1978]  eta: 0:00:46    time: 0.0430  data: 0.0000  max mem: 2988
      Evaluation: [1000/1978]  eta: 0:00:42    time: 0.0434  data: 0.0000  max mem: 2988
      Evaluation: [1100/1978]  eta: 0:00:38    time: 0.0429  data: 0.0000  max mem: 2988
      Evaluation: [1200/1978]  eta: 0:00:33    time: 0.0429  data: 0.0000  max mem: 2988
      Evaluation: [1300/1978]  eta: 0:00:29    time: 0.0425  data: 0.0000  max mem: 2988
      Evaluation: [1400/1978]  eta: 0:00:25    time: 0.0428  data: 0.0000  max mem: 2988
      Evaluation: [1500/1978]  eta: 0:00:20    time: 0.0429  data: 0.0000  max mem: 2988
      Evaluation: [1600/1978]  eta: 0:00:16    time: 0.0433  data: 0.0000  max mem: 2988
      Evaluation: [1700/1978]  eta: 0:00:12    time: 0.0433  data: 0.0000  max mem: 2988
      Evaluation: [1800/1978]  eta: 0:00:07    time: 0.0433  data: 0.0000  max mem: 2988
      Evaluation: [1900/1978]  eta: 0:00:03    time: 0.0432  data: 0.0000  max mem: 2988
      Evaluation: [1977/1978]  eta: 0:00:00    time: 0.0451  data: 0.0000  max mem: 2988
      Evaluation: Total time: 0:01:26 (0.0435 s / it)
     Computing matching score time 0:01:26
### TTA ITM Score: 
+-------+--------+--------+--------+--------+--------+
| epoch |   R1   |   R5   |  R10   |  mAP   |  mINP  |
+-------+--------+--------+--------+--------+--------+
|  -999 | 69.414 | 95.197 | 97.776 | 81.233 | 81.233 |
|  -999 | 84.277 | 99.039 | 99.596 | 91.276 | 91.276 |
|   0   | 84.378 | 98.787 | 99.494 | 91.214 | 91.214 |
|   1   | 84.479 | 98.888 | 99.494 | 91.312 | 91.312 |
|   2   | 85.086 | 98.837 | 99.444 | 91.618 | 91.618 |
|   3   | 84.934 | 98.837 | 99.444 | 91.531 | 91.531 |
|   4   | 84.732 | 98.787 | 99.444 | 91.422 | 91.422 |
|   5   | 84.884 | 98.787 | 99.393 | 91.496 | 91.496 |
|   6   | 84.783 | 98.787 | 99.393 | 91.447 | 91.447 |
|   7   | 84.884 | 98.787 | 99.393 | 91.497 | 91.497 |
|   8   | 84.833 | 98.787 | 99.343 | 91.481 | 91.481 |
|   9   | 84.732 | 98.787 | 99.343 | 91.442 | 91.442 |
|   10  | 84.681 | 98.736 | 99.343 | 91.415 | 91.415 |
|   11  | 84.631 | 98.787 | 99.343 | 91.392 | 91.392 |
|   12  | 84.732 | 98.787 | 99.343 | 91.441 | 91.441 |
+-------+--------+--------+--------+--------+--------+
     logs:  {'epo': 12, 'R1': np.float32(84.732), 'R5': np.float32(98.787), 'R10': np.float32(99.343), 'mAP': np.float32(91.441), 'mINP': np.float32(91.441), 'lr': 1.2e-05, 'entropy': 0.19224, 'loss': 0.19224}
      TTA Epoch: [13] [  0/123]  eta: 0:00:54  lr: 0.000012  entropy: 0.1556  loss: 0.1556  time: 0.4452  data: 0.3566  max mem: 2988
      TTA Epoch: [13] [100/123]  eta: 0:00:00  lr: 0.000011  entropy: 0.1365  loss: 0.1365  time: 0.0353  data: 0.0001  max mem: 2988
      TTA Epoch: [13] [122/123]  eta: 0:00:00  lr: 0.000011  entropy: 0.3566  loss: 0.3566  time: 0.0343  data: 0.0001  max mem: 2988
      TTA Epoch: [13] Total time: 0:00:04 (0.0391 s / it)
     Averaged stats: lr: 0.0000  entropy: 0.1944  loss: 0.1944
     Computing matching score
      Evaluation: [   0/1978]  eta: 0:01:42    time: 0.0518  data: 0.0032  max mem: 2988
      Evaluation: [ 100/1978]  eta: 0:01:22    time: 0.0433  data: 0.0000  max mem: 2988
      Evaluation: [ 200/1978]  eta: 0:01:17    time: 0.0432  data: 0.0000  max mem: 2988
      Evaluation: [ 300/1978]  eta: 0:01:12    time: 0.0430  data: 0.0000  max mem: 2988
      Evaluation: [ 400/1978]  eta: 0:01:08    time: 0.0424  data: 0.0000  max mem: 2988
      Evaluation: [ 500/1978]  eta: 0:01:04    time: 0.0427  data: 0.0000  max mem: 2988
      Evaluation: [ 600/1978]  eta: 0:00:59    time: 0.0435  data: 0.0000  max mem: 2988
      Evaluation: [ 700/1978]  eta: 0:00:55    time: 0.0427  data: 0.0000  max mem: 2988
      Evaluation: [ 800/1978]  eta: 0:00:50    time: 0.0428  data: 0.0000  max mem: 2988
      Evaluation: [ 900/1978]  eta: 0:00:46    time: 0.0433  data: 0.0000  max mem: 2988
      Evaluation: [1000/1978]  eta: 0:00:42    time: 0.0427  data: 0.0000  max mem: 2988
      Evaluation: [1100/1978]  eta: 0:00:37    time: 0.0427  data: 0.0000  max mem: 2988
      Evaluation: [1200/1978]  eta: 0:00:33    time: 0.0432  data: 0.0000  max mem: 2988
      Evaluation: [1300/1978]  eta: 0:00:29    time: 0.0425  data: 0.0000  max mem: 2988
      Evaluation: [1400/1978]  eta: 0:00:24    time: 0.0429  data: 0.0000  max mem: 2988
      Evaluation: [1500/1978]  eta: 0:00:20    time: 0.0442  data: 0.0000  max mem: 2988
      Evaluation: [1600/1978]  eta: 0:00:16    time: 0.0427  data: 0.0000  max mem: 2988
      Evaluation: [1700/1978]  eta: 0:00:12    time: 0.0425  data: 0.0000  max mem: 2988
      Evaluation: [1800/1978]  eta: 0:00:07    time: 0.0434  data: 0.0000  max mem: 2988
      Evaluation: [1900/1978]  eta: 0:00:03    time: 0.0424  data: 0.0000  max mem: 2988
      Evaluation: [1977/1978]  eta: 0:00:00    time: 0.0423  data: 0.0000  max mem: 2988
      Evaluation: Total time: 0:01:25 (0.0432 s / it)
     Computing matching score time 0:01:25
### TTA ITM Score: 
+-------+--------+--------+--------+--------+--------+
| epoch |   R1   |   R5   |  R10   |  mAP   |  mINP  |
+-------+--------+--------+--------+--------+--------+
|  -999 | 69.414 | 95.197 | 97.776 | 81.233 | 81.233 |
|  -999 | 84.277 | 99.039 | 99.596 | 91.276 | 91.276 |
|   0   | 84.378 | 98.787 | 99.494 | 91.214 | 91.214 |
|   1   | 84.479 | 98.888 | 99.494 | 91.312 | 91.312 |
|   2   | 85.086 | 98.837 | 99.444 | 91.618 | 91.618 |
|   3   | 84.934 | 98.837 | 99.444 | 91.531 | 91.531 |
|   4   | 84.732 | 98.787 | 99.444 | 91.422 | 91.422 |
|   5   | 84.884 | 98.787 | 99.393 | 91.496 | 91.496 |
|   6   | 84.783 | 98.787 | 99.393 | 91.447 | 91.447 |
|   7   | 84.884 | 98.787 | 99.393 | 91.497 | 91.497 |
|   8   | 84.833 | 98.787 | 99.343 | 91.481 | 91.481 |
|   9   | 84.732 | 98.787 | 99.343 | 91.442 | 91.442 |
|   10  | 84.681 | 98.736 | 99.343 | 91.415 | 91.415 |
|   11  | 84.631 | 98.787 | 99.343 | 91.392 | 91.392 |
|   12  | 84.732 | 98.787 | 99.343 | 91.441 | 91.441 |
|   13  | 84.783 | 98.736 | 99.343 | 91.465 | 91.465 |
+-------+--------+--------+--------+--------+--------+
     logs:  {'epo': 13, 'R1': np.float32(84.783), 'R5': np.float32(98.736), 'R10': np.float32(99.343), 'mAP': np.float32(91.465), 'mINP': np.float32(91.465), 'lr': 1.1e-05, 'entropy': 0.194354, 'loss': 0.194354}
      TTA Epoch: [14] [  0/123]  eta: 0:00:51  lr: 0.000011  entropy: 0.0757  loss: 0.0757  time: 0.4178  data: 0.3589  max mem: 2988
      TTA Epoch: [14] [100/123]  eta: 0:00:00  lr: 0.000010  entropy: 0.2158  loss: 0.2158  time: 0.0389  data: 0.0001  max mem: 2988
      TTA Epoch: [14] [122/123]  eta: 0:00:00  lr: 0.000010  entropy: 0.2045  loss: 0.2045  time: 0.0351  data: 0.0001  max mem: 2988
      TTA Epoch: [14] Total time: 0:00:04 (0.0388 s / it)
     Averaged stats: lr: 0.0000  entropy: 0.1899  loss: 0.1899
     Computing matching score
      Evaluation: [   0/1978]  eta: 0:01:29    time: 0.0455  data: 0.0025  max mem: 2988
      Evaluation: [ 100/1978]  eta: 0:01:19    time: 0.0424  data: 0.0000  max mem: 2988
      Evaluation: [ 200/1978]  eta: 0:01:16    time: 0.0425  data: 0.0000  max mem: 2988
      Evaluation: [ 300/1978]  eta: 0:01:11    time: 0.0451  data: 0.0000  max mem: 2988
      Evaluation: [ 400/1978]  eta: 0:01:07    time: 0.0425  data: 0.0000  max mem: 2988
      Evaluation: [ 500/1978]  eta: 0:01:03    time: 0.0426  data: 0.0000  max mem: 2988
      Evaluation: [ 600/1978]  eta: 0:00:59    time: 0.0463  data: 0.0000  max mem: 2988
      Evaluation: [ 700/1978]  eta: 0:00:54    time: 0.0425  data: 0.0000  max mem: 2988
      Evaluation: [ 800/1978]  eta: 0:00:50    time: 0.0427  data: 0.0000  max mem: 2988
      Evaluation: [ 900/1978]  eta: 0:00:46    time: 0.0467  data: 0.0000  max mem: 2988
      Evaluation: [1000/1978]  eta: 0:00:42    time: 0.0428  data: 0.0000  max mem: 2988
      Evaluation: [1100/1978]  eta: 0:00:37    time: 0.0428  data: 0.0000  max mem: 2988
      Evaluation: [1200/1978]  eta: 0:00:33    time: 0.0452  data: 0.0000  max mem: 2988
      Evaluation: [1300/1978]  eta: 0:00:29    time: 0.0429  data: 0.0000  max mem: 2988
      Evaluation: [1400/1978]  eta: 0:00:24    time: 0.0428  data: 0.0000  max mem: 2988
      Evaluation: [1500/1978]  eta: 0:00:20    time: 0.0445  data: 0.0000  max mem: 2988
      Evaluation: [1600/1978]  eta: 0:00:16    time: 0.0425  data: 0.0000  max mem: 2988
      Evaluation: [1700/1978]  eta: 0:00:11    time: 0.0424  data: 0.0000  max mem: 2988
      Evaluation: [1800/1978]  eta: 0:00:07    time: 0.0462  data: 0.0000  max mem: 2988
      Evaluation: [1900/1978]  eta: 0:00:03    time: 0.0424  data: 0.0000  max mem: 2988
      Evaluation: [1977/1978]  eta: 0:00:00    time: 0.0424  data: 0.0000  max mem: 2988
      Evaluation: Total time: 0:01:25 (0.0430 s / it)
     Computing matching score time 0:01:25
### TTA ITM Score: 
+-------+--------+--------+--------+--------+--------+
| epoch |   R1   |   R5   |  R10   |  mAP   |  mINP  |
+-------+--------+--------+--------+--------+--------+
|  -999 | 69.414 | 95.197 | 97.776 | 81.233 | 81.233 |
|  -999 | 84.277 | 99.039 | 99.596 | 91.276 | 91.276 |
|   0   | 84.378 | 98.787 | 99.494 | 91.214 | 91.214 |
|   1   | 84.479 | 98.888 | 99.494 | 91.312 | 91.312 |
|   2   | 85.086 | 98.837 | 99.444 | 91.618 | 91.618 |
|   3   | 84.934 | 98.837 | 99.444 | 91.531 | 91.531 |
|   4   | 84.732 | 98.787 | 99.444 | 91.422 | 91.422 |
|   5   | 84.884 | 98.787 | 99.393 | 91.496 | 91.496 |
|   6   | 84.783 | 98.787 | 99.393 | 91.447 | 91.447 |
|   7   | 84.884 | 98.787 | 99.393 | 91.497 | 91.497 |
|   8   | 84.833 | 98.787 | 99.343 | 91.481 | 91.481 |
|   9   | 84.732 | 98.787 | 99.343 | 91.442 | 91.442 |
|   10  | 84.681 | 98.736 | 99.343 | 91.415 | 91.415 |
|   11  | 84.631 | 98.787 | 99.343 | 91.392 | 91.392 |
|   12  | 84.732 | 98.787 | 99.343 | 91.441 | 91.441 |
|   13  | 84.783 | 98.736 | 99.343 | 91.465 | 91.465 |
|   14  | 84.884 | 98.736 | 99.343 | 91.515 | 91.515 |
+-------+--------+--------+--------+--------+--------+
     logs:  {'epo': 14, 'R1': np.float32(84.884), 'R5': np.float32(98.736), 'R10': np.float32(99.343), 'mAP': np.float32(91.515), 'mINP': np.float32(91.515), 'lr': 1.1e-05, 'entropy': 0.189949, 'loss': 0.189949}
      TTA Epoch: [15] [  0/123]  eta: 0:00:49  lr: 0.000010  entropy: 0.1386  loss: 0.1386  time: 0.4000  data: 0.3404  max mem: 2988
      TTA Epoch: [15] [100/123]  eta: 0:00:00  lr: 0.000010  entropy: 0.2932  loss: 0.2932  time: 0.0334  data: 0.0001  max mem: 2988
      TTA Epoch: [15] [122/123]  eta: 0:00:00  lr: 0.000010  entropy: 0.1228  loss: 0.1228  time: 0.0357  data: 0.0002  max mem: 2988
      TTA Epoch: [15] Total time: 0:00:04 (0.0370 s / it)
     Averaged stats: lr: 0.0000  entropy: 0.1879  loss: 0.1879
     Computing matching score
      Evaluation: [   0/1978]  eta: 0:01:39    time: 0.0503  data: 0.0038  max mem: 2988
      Evaluation: [ 100/1978]  eta: 0:01:19    time: 0.0425  data: 0.0000  max mem: 2988
      Evaluation: [ 200/1978]  eta: 0:01:15    time: 0.0425  data: 0.0000  max mem: 2988
      Evaluation: [ 300/1978]  eta: 0:01:11    time: 0.0455  data: 0.0000  max mem: 2988
      Evaluation: [ 400/1978]  eta: 0:01:07    time: 0.0424  data: 0.0000  max mem: 2988
      Evaluation: [ 500/1978]  eta: 0:01:03    time: 0.0425  data: 0.0000  max mem: 2988
      Evaluation: [ 600/1978]  eta: 0:00:59    time: 0.0458  data: 0.0000  max mem: 2988
      Evaluation: [ 700/1978]  eta: 0:00:54    time: 0.0424  data: 0.0000  max mem: 2988
      Evaluation: [ 800/1978]  eta: 0:00:50    time: 0.0429  data: 0.0000  max mem: 2988
      Evaluation: [ 900/1978]  eta: 0:00:46    time: 0.0459  data: 0.0000  max mem: 2988
      Evaluation: [1000/1978]  eta: 0:00:42    time: 0.0425  data: 0.0000  max mem: 2988
      Evaluation: [1100/1978]  eta: 0:00:37    time: 0.0426  data: 0.0000  max mem: 2988
      Evaluation: [1200/1978]  eta: 0:00:33    time: 0.0458  data: 0.0000  max mem: 2988
      Evaluation: [1300/1978]  eta: 0:00:29    time: 0.0425  data: 0.0000  max mem: 2988
      Evaluation: [1400/1978]  eta: 0:00:24    time: 0.0429  data: 0.0000  max mem: 2988
      Evaluation: [1500/1978]  eta: 0:00:20    time: 0.0461  data: 0.0000  max mem: 2988
      Evaluation: [1600/1978]  eta: 0:00:16    time: 0.0425  data: 0.0000  max mem: 2988
      Evaluation: [1700/1978]  eta: 0:00:11    time: 0.0426  data: 0.0000  max mem: 2988
      Evaluation: [1800/1978]  eta: 0:00:07    time: 0.0454  data: 0.0000  max mem: 2988
      Evaluation: [1900/1978]  eta: 0:00:03    time: 0.0429  data: 0.0000  max mem: 2988
      Evaluation: [1977/1978]  eta: 0:00:00    time: 0.0427  data: 0.0000  max mem: 2988
      Evaluation: Total time: 0:01:25 (0.0430 s / it)
     Computing matching score time 0:01:25
### TTA ITM Score: 
+-------+--------+--------+--------+--------+--------+
| epoch |   R1   |   R5   |  R10   |  mAP   |  mINP  |
+-------+--------+--------+--------+--------+--------+
|  -999 | 69.414 | 95.197 | 97.776 | 81.233 | 81.233 |
|  -999 | 84.277 | 99.039 | 99.596 | 91.276 | 91.276 |
|   0   | 84.378 | 98.787 | 99.494 | 91.214 | 91.214 |
|   1   | 84.479 | 98.888 | 99.494 | 91.312 | 91.312 |
|   2   | 85.086 | 98.837 | 99.444 | 91.618 | 91.618 |
|   3   | 84.934 | 98.837 | 99.444 | 91.531 | 91.531 |
|   4   | 84.732 | 98.787 | 99.444 | 91.422 | 91.422 |
|   5   | 84.884 | 98.787 | 99.393 | 91.496 | 91.496 |
|   6   | 84.783 | 98.787 | 99.393 | 91.447 | 91.447 |
|   7   | 84.884 | 98.787 | 99.393 | 91.497 | 91.497 |
|   8   | 84.833 | 98.787 | 99.343 | 91.481 | 91.481 |
|   9   | 84.732 | 98.787 | 99.343 | 91.442 | 91.442 |
|   10  | 84.681 | 98.736 | 99.343 | 91.415 | 91.415 |
|   11  | 84.631 | 98.787 | 99.343 | 91.392 | 91.392 |
|   12  | 84.732 | 98.787 | 99.343 | 91.441 | 91.441 |
|   13  | 84.783 | 98.736 | 99.343 | 91.465 | 91.465 |
|   14  | 84.884 | 98.736 | 99.343 | 91.515 | 91.515 |
|   15  | 84.884 | 98.736 | 99.393 | 91.516 | 91.516 |
+-------+--------+--------+--------+--------+--------+
     logs:  {'epo': 15, 'R1': np.float32(84.884), 'R5': np.float32(98.736), 'R10': np.float32(99.393), 'mAP': np.float32(91.516), 'mINP': np.float32(91.516), 'lr': 1e-05, 'entropy': 0.187859, 'loss': 0.187859}
      TTA Epoch: [16] [  0/123]  eta: 0:00:49  lr: 0.000010  entropy: 0.1929  loss: 0.1929  time: 0.4015  data: 0.3419  max mem: 2988
      TTA Epoch: [16] [100/123]  eta: 0:00:00  lr: 0.000009  entropy: 0.2778  loss: 0.2778  time: 0.0356  data: 0.0001  max mem: 2988
      TTA Epoch: [16] [122/123]  eta: 0:00:00  lr: 0.000009  entropy: 0.1072  loss: 0.1072  time: 0.0363  data: 0.0001  max mem: 2988
      TTA Epoch: [16] Total time: 0:00:04 (0.0385 s / it)
     Averaged stats: lr: 0.0000  entropy: 0.1866  loss: 0.1866
     Computing matching score
      Evaluation: [   0/1978]  eta: 0:01:35    time: 0.0485  data: 0.0037  max mem: 2988
      Evaluation: [ 100/1978]  eta: 0:01:20    time: 0.0428  data: 0.0000  max mem: 2988
      Evaluation: [ 200/1978]  eta: 0:01:16    time: 0.0425  data: 0.0000  max mem: 2988
      Evaluation: [ 300/1978]  eta: 0:01:12    time: 0.0427  data: 0.0000  max mem: 2988
      Evaluation: [ 400/1978]  eta: 0:01:07    time: 0.0426  data: 0.0000  max mem: 2988
      Evaluation: [ 500/1978]  eta: 0:01:03    time: 0.0430  data: 0.0000  max mem: 2988
      Evaluation: [ 600/1978]  eta: 0:00:59    time: 0.0429  data: 0.0000  max mem: 2988
      Evaluation: [ 700/1978]  eta: 0:00:55    time: 0.0431  data: 0.0000  max mem: 2988
      Evaluation: [ 800/1978]  eta: 0:00:50    time: 0.0433  data: 0.0000  max mem: 2988
      Evaluation: [ 900/1978]  eta: 0:00:46    time: 0.0438  data: 0.0000  max mem: 2988
      Evaluation: [1000/1978]  eta: 0:00:42    time: 0.0431  data: 0.0000  max mem: 2988
      Evaluation: [1100/1978]  eta: 0:00:38    time: 0.0437  data: 0.0000  max mem: 2988
      Evaluation: [1200/1978]  eta: 0:00:33    time: 0.0431  data: 0.0000  max mem: 2988
      Evaluation: [1300/1978]  eta: 0:00:29    time: 0.0434  data: 0.0000  max mem: 2988
      Evaluation: [1400/1978]  eta: 0:00:25    time: 0.0429  data: 0.0000  max mem: 2988
      Evaluation: [1500/1978]  eta: 0:00:20    time: 0.0438  data: 0.0000  max mem: 2988
      Evaluation: [1600/1978]  eta: 0:00:16    time: 0.0436  data: 0.0000  max mem: 2988
      Evaluation: [1700/1978]  eta: 0:00:12    time: 0.0433  data: 0.0000  max mem: 2988
      Evaluation: [1800/1978]  eta: 0:00:07    time: 0.0435  data: 0.0000  max mem: 2988
      Evaluation: [1900/1978]  eta: 0:00:03    time: 0.0438  data: 0.0000  max mem: 2988
      Evaluation: [1977/1978]  eta: 0:00:00    time: 0.0430  data: 0.0000  max mem: 2988
      Evaluation: Total time: 0:01:26 (0.0436 s / it)
     Computing matching score time 0:01:26
### TTA ITM Score: 
+-------+--------+--------+--------+--------+--------+
| epoch |   R1   |   R5   |  R10   |  mAP   |  mINP  |
+-------+--------+--------+--------+--------+--------+
|  -999 | 69.414 | 95.197 | 97.776 | 81.233 | 81.233 |
|  -999 | 84.277 | 99.039 | 99.596 | 91.276 | 91.276 |
|   0   | 84.378 | 98.787 | 99.494 | 91.214 | 91.214 |
|   1   | 84.479 | 98.888 | 99.494 | 91.312 | 91.312 |
|   2   | 85.086 | 98.837 | 99.444 | 91.618 | 91.618 |
|   3   | 84.934 | 98.837 | 99.444 | 91.531 | 91.531 |
|   4   | 84.732 | 98.787 | 99.444 | 91.422 | 91.422 |
|   5   | 84.884 | 98.787 | 99.393 | 91.496 | 91.496 |
|   6   | 84.783 | 98.787 | 99.393 | 91.447 | 91.447 |
|   7   | 84.884 | 98.787 | 99.393 | 91.497 | 91.497 |
|   8   | 84.833 | 98.787 | 99.343 | 91.481 | 91.481 |
|   9   | 84.732 | 98.787 | 99.343 | 91.442 | 91.442 |
|   10  | 84.681 | 98.736 | 99.343 | 91.415 | 91.415 |
|   11  | 84.631 | 98.787 | 99.343 | 91.392 | 91.392 |
|   12  | 84.732 | 98.787 | 99.343 | 91.441 | 91.441 |
|   13  | 84.783 | 98.736 | 99.343 | 91.465 | 91.465 |
|   14  | 84.884 | 98.736 | 99.343 | 91.515 | 91.515 |
|   15  | 84.884 | 98.736 | 99.393 | 91.516 | 91.516 |
|   16  | 84.934 | 98.787 | 99.393 | 91.543 | 91.543 |
+-------+--------+--------+--------+--------+--------+
     logs:  {'epo': 16, 'R1': np.float32(84.934), 'R5': np.float32(98.787), 'R10': np.float32(99.393), 'mAP': np.float32(91.543), 'mINP': np.float32(91.543), 'lr': 9e-06, 'entropy': 0.18656, 'loss': 0.18656}
      TTA Epoch: [17] [  0/123]  eta: 0:00:53  lr: 0.000009  entropy: 0.1969  loss: 0.1969  time: 0.4323  data: 0.3731  max mem: 2988
      TTA Epoch: [17] [100/123]  eta: 0:00:00  lr: 0.000008  entropy: 0.0456  loss: 0.0456  time: 0.0372  data: 0.0001  max mem: 2988
      TTA Epoch: [17] [122/123]  eta: 0:00:00  lr: 0.000008  entropy: 0.1545  loss: 0.1545  time: 0.0347  data: 0.0001  max mem: 2988
      TTA Epoch: [17] Total time: 0:00:04 (0.0393 s / it)
     Averaged stats: lr: 0.0000  entropy: 0.1855  loss: 0.1855
     Computing matching score
      Evaluation: [   0/1978]  eta: 0:01:35    time: 0.0483  data: 0.0026  max mem: 2988
      Evaluation: [ 100/1978]  eta: 0:01:21    time: 0.0454  data: 0.0000  max mem: 2988
      Evaluation: [ 200/1978]  eta: 0:01:16    time: 0.0427  data: 0.0000  max mem: 2988
      Evaluation: [ 300/1978]  eta: 0:01:12    time: 0.0425  data: 0.0000  max mem: 2988
      Evaluation: [ 400/1978]  eta: 0:01:07    time: 0.0455  data: 0.0000  max mem: 2988
      Evaluation: [ 500/1978]  eta: 0:01:03    time: 0.0430  data: 0.0000  max mem: 2988
      Evaluation: [ 600/1978]  eta: 0:00:59    time: 0.0426  data: 0.0000  max mem: 2988
      Evaluation: [ 700/1978]  eta: 0:00:55    time: 0.0460  data: 0.0000  max mem: 2988
      Evaluation: [ 800/1978]  eta: 0:00:50    time: 0.0427  data: 0.0000  max mem: 2988
      Evaluation: [ 900/1978]  eta: 0:00:46    time: 0.0429  data: 0.0000  max mem: 2988
      Evaluation: [1000/1978]  eta: 0:00:42    time: 0.0463  data: 0.0000  max mem: 2988
      Evaluation: [1100/1978]  eta: 0:00:37    time: 0.0424  data: 0.0000  max mem: 2988
      Evaluation: [1200/1978]  eta: 0:00:33    time: 0.0431  data: 0.0000  max mem: 2988
      Evaluation: [1300/1978]  eta: 0:00:29    time: 0.0456  data: 0.0000  max mem: 2988
      Evaluation: [1400/1978]  eta: 0:00:24    time: 0.0425  data: 0.0000  max mem: 2988
      Evaluation: [1500/1978]  eta: 0:00:20    time: 0.0427  data: 0.0000  max mem: 2988
      Evaluation: [1600/1978]  eta: 0:00:16    time: 0.0442  data: 0.0000  max mem: 2988
      Evaluation: [1700/1978]  eta: 0:00:11    time: 0.0429  data: 0.0000  max mem: 2988
      Evaluation: [1800/1978]  eta: 0:00:07    time: 0.0428  data: 0.0000  max mem: 2988
      Evaluation: [1900/1978]  eta: 0:00:03    time: 0.0444  data: 0.0000  max mem: 2988
      Evaluation: [1977/1978]  eta: 0:00:00    time: 0.0427  data: 0.0000  max mem: 2988
      Evaluation: Total time: 0:01:25 (0.0431 s / it)
     Computing matching score time 0:01:25
### TTA ITM Score: 
+-------+--------+--------+--------+--------+--------+
| epoch |   R1   |   R5   |  R10   |  mAP   |  mINP  |
+-------+--------+--------+--------+--------+--------+
|  -999 | 69.414 | 95.197 | 97.776 | 81.233 | 81.233 |
|  -999 | 84.277 | 99.039 | 99.596 | 91.276 | 91.276 |
|   0   | 84.378 | 98.787 | 99.494 | 91.214 | 91.214 |
|   1   | 84.479 | 98.888 | 99.494 | 91.312 | 91.312 |
|   2   | 85.086 | 98.837 | 99.444 | 91.618 | 91.618 |
|   3   | 84.934 | 98.837 | 99.444 | 91.531 | 91.531 |
|   4   | 84.732 | 98.787 | 99.444 | 91.422 | 91.422 |
|   5   | 84.884 | 98.787 | 99.393 | 91.496 | 91.496 |
|   6   | 84.783 | 98.787 | 99.393 | 91.447 | 91.447 |
|   7   | 84.884 | 98.787 | 99.393 | 91.497 | 91.497 |
|   8   | 84.833 | 98.787 | 99.343 | 91.481 | 91.481 |
|   9   | 84.732 | 98.787 | 99.343 | 91.442 | 91.442 |
|   10  | 84.681 | 98.736 | 99.343 | 91.415 | 91.415 |
|   11  | 84.631 | 98.787 | 99.343 | 91.392 | 91.392 |
|   12  | 84.732 | 98.787 | 99.343 | 91.441 | 91.441 |
|   13  | 84.783 | 98.736 | 99.343 | 91.465 | 91.465 |
|   14  | 84.884 | 98.736 | 99.343 | 91.515 | 91.515 |
|   15  | 84.884 | 98.736 | 99.393 | 91.516 | 91.516 |
|   16  | 84.934 | 98.787 | 99.393 | 91.543 | 91.543 |
|   17  | 84.934 | 98.787 | 99.393 | 91.544 | 91.544 |
+-------+--------+--------+--------+--------+--------+
     logs:  {'epo': 17, 'R1': np.float32(84.934), 'R5': np.float32(98.787), 'R10': np.float32(99.393), 'mAP': np.float32(91.544), 'mINP': np.float32(91.544), 'lr': 9e-06, 'entropy': 0.185483, 'loss': 0.185483}
      TTA Epoch: [18] [  0/123]  eta: 0:00:55  lr: 0.000008  entropy: 0.2821  loss: 0.2821  time: 0.4510  data: 0.3917  max mem: 2988
      TTA Epoch: [18] [100/123]  eta: 0:00:00  lr: 0.000008  entropy: 0.0867  loss: 0.0867  time: 0.0383  data: 0.0001  max mem: 2988
      TTA Epoch: [18] [122/123]  eta: 0:00:00  lr: 0.000008  entropy: 0.2860  loss: 0.2860  time: 0.0358  data: 0.0001  max mem: 2988
      TTA Epoch: [18] Total time: 0:00:05 (0.0409 s / it)
     Averaged stats: lr: 0.0000  entropy: 0.1806  loss: 0.1806
     Computing matching score
      Evaluation: [   0/1978]  eta: 0:01:36    time: 0.0490  data: 0.0025  max mem: 2988
      Evaluation: [ 100/1978]  eta: 0:01:21    time: 0.0426  data: 0.0000  max mem: 2988
      Evaluation: [ 200/1978]  eta: 0:01:16    time: 0.0430  data: 0.0000  max mem: 2988
      Evaluation: [ 300/1978]  eta: 0:01:12    time: 0.0427  data: 0.0000  max mem: 2988
      Evaluation: [ 400/1978]  eta: 0:01:08    time: 0.0424  data: 0.0000  max mem: 2988
      Evaluation: [ 500/1978]  eta: 0:01:03    time: 0.0423  data: 0.0000  max mem: 2988
      Evaluation: [ 600/1978]  eta: 0:00:59    time: 0.0425  data: 0.0000  max mem: 2988
      Evaluation: [ 700/1978]  eta: 0:00:54    time: 0.0429  data: 0.0000  max mem: 2988
      Evaluation: [ 800/1978]  eta: 0:00:50    time: 0.0428  data: 0.0000  max mem: 2988
      Evaluation: [ 900/1978]  eta: 0:00:46    time: 0.0424  data: 0.0000  max mem: 2988
      Evaluation: [1000/1978]  eta: 0:00:42    time: 0.0423  data: 0.0000  max mem: 2988
      Evaluation: [1100/1978]  eta: 0:00:37    time: 0.0423  data: 0.0000  max mem: 2988
      Evaluation: [1200/1978]  eta: 0:00:33    time: 0.0425  data: 0.0000  max mem: 2988
      Evaluation: [1300/1978]  eta: 0:00:29    time: 0.0427  data: 0.0000  max mem: 2988
      Evaluation: [1400/1978]  eta: 0:00:24    time: 0.0426  data: 0.0000  max mem: 2988
      Evaluation: [1500/1978]  eta: 0:00:20    time: 0.0430  data: 0.0000  max mem: 2988
      Evaluation: [1600/1978]  eta: 0:00:16    time: 0.0430  data: 0.0000  max mem: 2988
      Evaluation: [1700/1978]  eta: 0:00:11    time: 0.0425  data: 0.0000  max mem: 2988
      Evaluation: [1800/1978]  eta: 0:00:07    time: 0.0427  data: 0.0000  max mem: 2988
      Evaluation: [1900/1978]  eta: 0:00:03    time: 0.0429  data: 0.0000  max mem: 2988
      Evaluation: [1977/1978]  eta: 0:00:00    time: 0.0424  data: 0.0000  max mem: 2988
      Evaluation: Total time: 0:01:25 (0.0430 s / it)
     Computing matching score time 0:01:25
### TTA ITM Score: 
+-------+--------+--------+--------+--------+--------+
| epoch |   R1   |   R5   |  R10   |  mAP   |  mINP  |
+-------+--------+--------+--------+--------+--------+
|  -999 | 69.414 | 95.197 | 97.776 | 81.233 | 81.233 |
|  -999 | 84.277 | 99.039 | 99.596 | 91.276 | 91.276 |
|   0   | 84.378 | 98.787 | 99.494 | 91.214 | 91.214 |
|   1   | 84.479 | 98.888 | 99.494 | 91.312 | 91.312 |
|   2   | 85.086 | 98.837 | 99.444 | 91.618 | 91.618 |
|   3   | 84.934 | 98.837 | 99.444 | 91.531 | 91.531 |
|   4   | 84.732 | 98.787 | 99.444 | 91.422 | 91.422 |
|   5   | 84.884 | 98.787 | 99.393 | 91.496 | 91.496 |
|   6   | 84.783 | 98.787 | 99.393 | 91.447 | 91.447 |
|   7   | 84.884 | 98.787 | 99.393 | 91.497 | 91.497 |
|   8   | 84.833 | 98.787 | 99.343 | 91.481 | 91.481 |
|   9   | 84.732 | 98.787 | 99.343 | 91.442 | 91.442 |
|   10  | 84.681 | 98.736 | 99.343 | 91.415 | 91.415 |
|   11  | 84.631 | 98.787 | 99.343 | 91.392 | 91.392 |
|   12  | 84.732 | 98.787 | 99.343 | 91.441 | 91.441 |
|   13  | 84.783 | 98.736 | 99.343 | 91.465 | 91.465 |
|   14  | 84.884 | 98.736 | 99.343 | 91.515 | 91.515 |
|   15  | 84.884 | 98.736 | 99.393 | 91.516 | 91.516 |
|   16  | 84.934 | 98.787 | 99.393 | 91.543 | 91.543 |
|   17  | 84.934 | 98.787 | 99.393 | 91.544 | 91.544 |
|   18  | 84.985 | 98.787 | 99.343 | 91.569 | 91.569 |
+-------+--------+--------+--------+--------+--------+
     logs:  {'epo': 18, 'R1': np.float32(84.985), 'R5': np.float32(98.787), 'R10': np.float32(99.343), 'mAP': np.float32(91.569), 'mINP': np.float32(91.569), 'lr': 8e-06, 'entropy': 0.180595, 'loss': 0.180595}
      TTA Epoch: [19] [  0/123]  eta: 0:00:49  lr: 0.000008  entropy: 0.1338  loss: 0.1338  time: 0.4063  data: 0.3477  max mem: 2988
      TTA Epoch: [19] [100/123]  eta: 0:00:00  lr: 0.000007  entropy: 0.2170  loss: 0.2170  time: 0.0371  data: 0.0001  max mem: 2988
      TTA Epoch: [19] [122/123]  eta: 0:00:00  lr: 0.000007  entropy: 0.1404  loss: 0.1404  time: 0.0349  data: 0.0001  max mem: 2988
      TTA Epoch: [19] Total time: 0:00:04 (0.0403 s / it)
     Averaged stats: lr: 0.0000  entropy: 0.1822  loss: 0.1822
     Computing matching score
      Evaluation: [   0/1978]  eta: 0:01:32    time: 0.0468  data: 0.0029  max mem: 2988
      Evaluation: [ 100/1978]  eta: 0:01:21    time: 0.0428  data: 0.0000  max mem: 2988
      Evaluation: [ 200/1978]  eta: 0:01:16    time: 0.0430  data: 0.0000  max mem: 2988
      Evaluation: [ 300/1978]  eta: 0:01:12    time: 0.0429  data: 0.0000  max mem: 2988
      Evaluation: [ 400/1978]  eta: 0:01:07    time: 0.0427  data: 0.0000  max mem: 2988
      Evaluation: [ 500/1978]  eta: 0:01:03    time: 0.0424  data: 0.0000  max mem: 2988
      Evaluation: [ 600/1978]  eta: 0:00:59    time: 0.0429  data: 0.0000  max mem: 2988
      Evaluation: [ 700/1978]  eta: 0:00:55    time: 0.0429  data: 0.0000  max mem: 2988
      Evaluation: [ 800/1978]  eta: 0:00:50    time: 0.0430  data: 0.0000  max mem: 2988
      Evaluation: [ 900/1978]  eta: 0:00:46    time: 0.0428  data: 0.0000  max mem: 2988
      Evaluation: [1000/1978]  eta: 0:00:42    time: 0.0429  data: 0.0000  max mem: 2988
      Evaluation: [1100/1978]  eta: 0:00:37    time: 0.0425  data: 0.0000  max mem: 2988
      Evaluation: [1200/1978]  eta: 0:00:33    time: 0.0430  data: 0.0000  max mem: 2988
      Evaluation: [1300/1978]  eta: 0:00:29    time: 0.0431  data: 0.0000  max mem: 2988
      Evaluation: [1400/1978]  eta: 0:00:24    time: 0.0451  data: 0.0000  max mem: 2988
      Evaluation: [1500/1978]  eta: 0:00:20    time: 0.0445  data: 0.0000  max mem: 2988
      Evaluation: [1600/1978]  eta: 0:00:16    time: 0.0444  data: 0.0000  max mem: 2988
      Evaluation: [1700/1978]  eta: 0:00:12    time: 0.0443  data: 0.0000  max mem: 2988
      Evaluation: [1800/1978]  eta: 0:00:07    time: 0.0445  data: 0.0000  max mem: 2988
      Evaluation: [1900/1978]  eta: 0:00:03    time: 0.0445  data: 0.0000  max mem: 2988
      Evaluation: [1977/1978]  eta: 0:00:00    time: 0.0440  data: 0.0000  max mem: 2988
      Evaluation: Total time: 0:01:26 (0.0436 s / it)
     Computing matching score time 0:01:26
### TTA ITM Score: 
+-------+--------+--------+--------+--------+--------+
| epoch |   R1   |   R5   |  R10   |  mAP   |  mINP  |
+-------+--------+--------+--------+--------+--------+
|  -999 | 69.414 | 95.197 | 97.776 | 81.233 | 81.233 |
|  -999 | 84.277 | 99.039 | 99.596 | 91.276 | 91.276 |
|   0   | 84.378 | 98.787 | 99.494 | 91.214 | 91.214 |
|   1   | 84.479 | 98.888 | 99.494 | 91.312 | 91.312 |
|   2   | 85.086 | 98.837 | 99.444 | 91.618 | 91.618 |
|   3   | 84.934 | 98.837 | 99.444 | 91.531 | 91.531 |
|   4   | 84.732 | 98.787 | 99.444 | 91.422 | 91.422 |
|   5   | 84.884 | 98.787 | 99.393 | 91.496 | 91.496 |
|   6   | 84.783 | 98.787 | 99.393 | 91.447 | 91.447 |
|   7   | 84.884 | 98.787 | 99.393 | 91.497 | 91.497 |
|   8   | 84.833 | 98.787 | 99.343 | 91.481 | 91.481 |
|   9   | 84.732 | 98.787 | 99.343 | 91.442 | 91.442 |
|   10  | 84.681 | 98.736 | 99.343 | 91.415 | 91.415 |
|   11  | 84.631 | 98.787 | 99.343 | 91.392 | 91.392 |
|   12  | 84.732 | 98.787 | 99.343 | 91.441 | 91.441 |
|   13  | 84.783 | 98.736 | 99.343 | 91.465 | 91.465 |
|   14  | 84.884 | 98.736 | 99.343 | 91.515 | 91.515 |
|   15  | 84.884 | 98.736 | 99.393 | 91.516 | 91.516 |
|   16  | 84.934 | 98.787 | 99.393 | 91.543 | 91.543 |
|   17  | 84.934 | 98.787 | 99.393 | 91.544 | 91.544 |
|   18  | 84.985 | 98.787 | 99.343 | 91.569 | 91.569 |
|   19  | 84.833 | 98.787 | 99.343 | 91.489 | 91.489 |
+-------+--------+--------+--------+--------+--------+
     logs:  {'epo': 19, 'R1': np.float32(84.833), 'R5': np.float32(98.787), 'R10': np.float32(99.343), 'mAP': np.float32(91.489), 'mINP': np.float32(91.489), 'lr': 7e-06, 'entropy': 0.182165, 'loss': 0.182165}
      TTA Epoch: [20] [  0/123]  eta: 0:00:53  lr: 0.000007  entropy: 0.2923  loss: 0.2923  time: 0.4345  data: 0.3763  max mem: 2988
      TTA Epoch: [20] [100/123]  eta: 0:00:00  lr: 0.000006  entropy: 0.2491  loss: 0.2491  time: 0.0360  data: 0.0001  max mem: 2988
      TTA Epoch: [20] [122/123]  eta: 0:00:00  lr: 0.000006  entropy: 0.1527  loss: 0.1527  time: 0.0357  data: 0.0001  max mem: 2988
      TTA Epoch: [20] Total time: 0:00:04 (0.0392 s / it)
     Averaged stats: lr: 0.0000  entropy: 0.1784  loss: 0.1784
     Computing matching score
      Evaluation: [   0/1978]  eta: 0:01:34    time: 0.0478  data: 0.0025  max mem: 2988
      Evaluation: [ 100/1978]  eta: 0:01:22    time: 0.0442  data: 0.0000  max mem: 2988
      Evaluation: [ 200/1978]  eta: 0:01:18    time: 0.0438  data: 0.0000  max mem: 2988
      Evaluation: [ 300/1978]  eta: 0:01:14    time: 0.0445  data: 0.0000  max mem: 2988
      Evaluation: [ 400/1978]  eta: 0:01:09    time: 0.0443  data: 0.0000  max mem: 2988
      Evaluation: [ 500/1978]  eta: 0:01:05    time: 0.0443  data: 0.0000  max mem: 2988
      Evaluation: [ 600/1978]  eta: 0:01:00    time: 0.0440  data: 0.0000  max mem: 2988
      Evaluation: [ 700/1978]  eta: 0:00:56    time: 0.0441  data: 0.0000  max mem: 2988
      Evaluation: [ 800/1978]  eta: 0:00:52    time: 0.0443  data: 0.0000  max mem: 2988
      Evaluation: [ 900/1978]  eta: 0:00:47    time: 0.0444  data: 0.0000  max mem: 2988
      Evaluation: [1000/1978]  eta: 0:00:43    time: 0.0438  data: 0.0000  max mem: 2988
      Evaluation: [1100/1978]  eta: 0:00:38    time: 0.0439  data: 0.0000  max mem: 2988
      Evaluation: [1200/1978]  eta: 0:00:34    time: 0.0441  data: 0.0000  max mem: 2988
      Evaluation: [1300/1978]  eta: 0:00:29    time: 0.0439  data: 0.0000  max mem: 2988
      Evaluation: [1400/1978]  eta: 0:00:25    time: 0.0439  data: 0.0000  max mem: 2988
      Evaluation: [1500/1978]  eta: 0:00:21    time: 0.0441  data: 0.0000  max mem: 2988
      Evaluation: [1600/1978]  eta: 0:00:16    time: 0.0442  data: 0.0000  max mem: 2988
      Evaluation: [1700/1978]  eta: 0:00:12    time: 0.0441  data: 0.0000  max mem: 2988
      Evaluation: [1800/1978]  eta: 0:00:07    time: 0.0444  data: 0.0000  max mem: 2988
      Evaluation: [1900/1978]  eta: 0:00:03    time: 0.0440  data: 0.0000  max mem: 2988
      Evaluation: [1977/1978]  eta: 0:00:00    time: 0.0442  data: 0.0000  max mem: 2988
      Evaluation: Total time: 0:01:27 (0.0441 s / it)
     Computing matching score time 0:01:27
### TTA ITM Score: 
+-------+--------+--------+--------+--------+--------+
| epoch |   R1   |   R5   |  R10   |  mAP   |  mINP  |
+-------+--------+--------+--------+--------+--------+
|  -999 | 69.414 | 95.197 | 97.776 | 81.233 | 81.233 |
|  -999 | 84.277 | 99.039 | 99.596 | 91.276 | 91.276 |
|   0   | 84.378 | 98.787 | 99.494 | 91.214 | 91.214 |
|   1   | 84.479 | 98.888 | 99.494 | 91.312 | 91.312 |
|   2   | 85.086 | 98.837 | 99.444 | 91.618 | 91.618 |
|   3   | 84.934 | 98.837 | 99.444 | 91.531 | 91.531 |
|   4   | 84.732 | 98.787 | 99.444 | 91.422 | 91.422 |
|   5   | 84.884 | 98.787 | 99.393 | 91.496 | 91.496 |
|   6   | 84.783 | 98.787 | 99.393 | 91.447 | 91.447 |
|   7   | 84.884 | 98.787 | 99.393 | 91.497 | 91.497 |
|   8   | 84.833 | 98.787 | 99.343 | 91.481 | 91.481 |
|   9   | 84.732 | 98.787 | 99.343 | 91.442 | 91.442 |
|   10  | 84.681 | 98.736 | 99.343 | 91.415 | 91.415 |
|   11  | 84.631 | 98.787 | 99.343 | 91.392 | 91.392 |
|   12  | 84.732 | 98.787 | 99.343 | 91.441 | 91.441 |
|   13  | 84.783 | 98.736 | 99.343 | 91.465 | 91.465 |
|   14  | 84.884 | 98.736 | 99.343 | 91.515 | 91.515 |
|   15  | 84.884 | 98.736 | 99.393 | 91.516 | 91.516 |
|   16  | 84.934 | 98.787 | 99.393 | 91.543 | 91.543 |
|   17  | 84.934 | 98.787 | 99.393 | 91.544 | 91.544 |
|   18  | 84.985 | 98.787 | 99.343 | 91.569 | 91.569 |
|   19  | 84.833 | 98.787 | 99.343 | 91.489 | 91.489 |
|   20  | 84.884 | 98.787 | 99.343 | 91.514 | 91.514 |
+-------+--------+--------+--------+--------+--------+
     logs:  {'epo': 20, 'R1': np.float32(84.884), 'R5': np.float32(98.787), 'R10': np.float32(99.343), 'mAP': np.float32(91.514), 'mINP': np.float32(91.514), 'lr': 7e-06, 'entropy': 0.178357, 'loss': 0.178357}
      TTA Epoch: [21] [  0/123]  eta: 0:00:52  lr: 0.000006  entropy: 0.1822  loss: 0.1822  time: 0.4247  data: 0.3652  max mem: 2988
      TTA Epoch: [21] [100/123]  eta: 0:00:00  lr: 0.000006  entropy: 0.1653  loss: 0.1653  time: 0.0361  data: 0.0001  max mem: 2988
      TTA Epoch: [21] [122/123]  eta: 0:00:00  lr: 0.000006  entropy: 0.1603  loss: 0.1603  time: 0.0337  data: 0.0001  max mem: 2988
      TTA Epoch: [21] Total time: 0:00:04 (0.0397 s / it)
     Averaged stats: lr: 0.0000  entropy: 0.1817  loss: 0.1817
     Computing matching score
      Evaluation: [   0/1978]  eta: 0:01:36    time: 0.0486  data: 0.0025  max mem: 2988
      Evaluation: [ 100/1978]  eta: 0:01:22    time: 0.0439  data: 0.0000  max mem: 2988
      Evaluation: [ 200/1978]  eta: 0:01:18    time: 0.0442  data: 0.0000  max mem: 2988
      Evaluation: [ 300/1978]  eta: 0:01:13    time: 0.0438  data: 0.0000  max mem: 2988
      Evaluation: [ 400/1978]  eta: 0:01:09    time: 0.0434  data: 0.0000  max mem: 2988
      Evaluation: [ 500/1978]  eta: 0:01:04    time: 0.0437  data: 0.0000  max mem: 2988
      Evaluation: [ 600/1978]  eta: 0:01:00    time: 0.0435  data: 0.0000  max mem: 2988
      Evaluation: [ 700/1978]  eta: 0:00:55    time: 0.0439  data: 0.0000  max mem: 2988
      Evaluation: [ 800/1978]  eta: 0:00:51    time: 0.0435  data: 0.0000  max mem: 2988
      Evaluation: [ 900/1978]  eta: 0:00:47    time: 0.0436  data: 0.0000  max mem: 2988
      Evaluation: [1000/1978]  eta: 0:00:42    time: 0.0437  data: 0.0000  max mem: 2988
      Evaluation: [1100/1978]  eta: 0:00:38    time: 0.0444  data: 0.0000  max mem: 2988
      Evaluation: [1200/1978]  eta: 0:00:34    time: 0.0440  data: 0.0000  max mem: 2988
      Evaluation: [1300/1978]  eta: 0:00:29    time: 0.0438  data: 0.0000  max mem: 2988
      Evaluation: [1400/1978]  eta: 0:00:25    time: 0.0438  data: 0.0000  max mem: 2988
      Evaluation: [1500/1978]  eta: 0:00:20    time: 0.0445  data: 0.0000  max mem: 2988
      Evaluation: [1600/1978]  eta: 0:00:16    time: 0.0439  data: 0.0000  max mem: 2988
      Evaluation: [1700/1978]  eta: 0:00:12    time: 0.0439  data: 0.0000  max mem: 2988
      Evaluation: [1800/1978]  eta: 0:00:07    time: 0.0438  data: 0.0000  max mem: 2988
      Evaluation: [1900/1978]  eta: 0:00:03    time: 0.0440  data: 0.0000  max mem: 2988
      Evaluation: [1977/1978]  eta: 0:00:00    time: 0.0440  data: 0.0000  max mem: 2988
      Evaluation: Total time: 0:01:26 (0.0439 s / it)
     Computing matching score time 0:01:27
### TTA ITM Score: 
+-------+--------+--------+--------+--------+--------+
| epoch |   R1   |   R5   |  R10   |  mAP   |  mINP  |
+-------+--------+--------+--------+--------+--------+
|  -999 | 69.414 | 95.197 | 97.776 | 81.233 | 81.233 |
|  -999 | 84.277 | 99.039 | 99.596 | 91.276 | 91.276 |
|   0   | 84.378 | 98.787 | 99.494 | 91.214 | 91.214 |
|   1   | 84.479 | 98.888 | 99.494 | 91.312 | 91.312 |
|   2   | 85.086 | 98.837 | 99.444 | 91.618 | 91.618 |
|   3   | 84.934 | 98.837 | 99.444 | 91.531 | 91.531 |
|   4   | 84.732 | 98.787 | 99.444 | 91.422 | 91.422 |
|   5   | 84.884 | 98.787 | 99.393 | 91.496 | 91.496 |
|   6   | 84.783 | 98.787 | 99.393 | 91.447 | 91.447 |
|   7   | 84.884 | 98.787 | 99.393 | 91.497 | 91.497 |
|   8   | 84.833 | 98.787 | 99.343 | 91.481 | 91.481 |
|   9   | 84.732 | 98.787 | 99.343 | 91.442 | 91.442 |
|   10  | 84.681 | 98.736 | 99.343 | 91.415 | 91.415 |
|   11  | 84.631 | 98.787 | 99.343 | 91.392 | 91.392 |
|   12  | 84.732 | 98.787 | 99.343 | 91.441 | 91.441 |
|   13  | 84.783 | 98.736 | 99.343 | 91.465 | 91.465 |
|   14  | 84.884 | 98.736 | 99.343 | 91.515 | 91.515 |
|   15  | 84.884 | 98.736 | 99.393 | 91.516 | 91.516 |
|   16  | 84.934 | 98.787 | 99.393 | 91.543 | 91.543 |
|   17  | 84.934 | 98.787 | 99.393 | 91.544 | 91.544 |
|   18  | 84.985 | 98.787 | 99.343 | 91.569 | 91.569 |
|   19  | 84.833 | 98.787 | 99.343 | 91.489 | 91.489 |
|   20  | 84.884 | 98.787 | 99.343 | 91.514 | 91.514 |
|   21  | 84.884 | 98.787 | 99.343 | 91.514 | 91.514 |
+-------+--------+--------+--------+--------+--------+
     logs:  {'epo': 21, 'R1': np.float32(84.884), 'R5': np.float32(98.787), 'R10': np.float32(99.343), 'mAP': np.float32(91.514), 'mINP': np.float32(91.514), 'lr': 6e-06, 'entropy': 0.181713, 'loss': 0.181713}
      TTA Epoch: [22] [  0/123]  eta: 0:00:52  lr: 0.000006  entropy: 0.1643  loss: 0.1643  time: 0.4245  data: 0.3640  max mem: 2988
      TTA Epoch: [22] [100/123]  eta: 0:00:00  lr: 0.000005  entropy: 0.1115  loss: 0.1115  time: 0.0366  data: 0.0001  max mem: 2988
      TTA Epoch: [22] [122/123]  eta: 0:00:00  lr: 0.000005  entropy: 0.1405  loss: 0.1405  time: 0.0349  data: 0.0001  max mem: 2988
      TTA Epoch: [22] Total time: 0:00:04 (0.0397 s / it)
     Averaged stats: lr: 0.0000  entropy: 0.1782  loss: 0.1782
     Computing matching score
      Evaluation: [   0/1978]  eta: 0:01:33    time: 0.0474  data: 0.0025  max mem: 2988
      Evaluation: [ 100/1978]  eta: 0:01:22    time: 0.0436  data: 0.0000  max mem: 2988
      Evaluation: [ 200/1978]  eta: 0:01:17    time: 0.0435  data: 0.0000  max mem: 2988
      Evaluation: [ 300/1978]  eta: 0:01:13    time: 0.0438  data: 0.0000  max mem: 2988
      Evaluation: [ 400/1978]  eta: 0:01:09    time: 0.0443  data: 0.0000  max mem: 2988
      Evaluation: [ 500/1978]  eta: 0:01:04    time: 0.0435  data: 0.0000  max mem: 2988
      Evaluation: [ 600/1978]  eta: 0:01:00    time: 0.0438  data: 0.0000  max mem: 2988
      Evaluation: [ 700/1978]  eta: 0:00:55    time: 0.0440  data: 0.0000  max mem: 2988
      Evaluation: [ 800/1978]  eta: 0:00:51    time: 0.0442  data: 0.0000  max mem: 2988
      Evaluation: [ 900/1978]  eta: 0:00:47    time: 0.0439  data: 0.0000  max mem: 2988
      Evaluation: [1000/1978]  eta: 0:00:42    time: 0.0436  data: 0.0000  max mem: 2988
      Evaluation: [1100/1978]  eta: 0:00:38    time: 0.0435  data: 0.0000  max mem: 2988
      Evaluation: [1200/1978]  eta: 0:00:34    time: 0.0439  data: 0.0000  max mem: 2988
      Evaluation: [1300/1978]  eta: 0:00:29    time: 0.0435  data: 0.0000  max mem: 2988
      Evaluation: [1400/1978]  eta: 0:00:25    time: 0.0440  data: 0.0000  max mem: 2988
      Evaluation: [1500/1978]  eta: 0:00:20    time: 0.0437  data: 0.0000  max mem: 2988
      Evaluation: [1600/1978]  eta: 0:00:16    time: 0.0436  data: 0.0000  max mem: 2988
      Evaluation: [1700/1978]  eta: 0:00:12    time: 0.0438  data: 0.0000  max mem: 2988
      Evaluation: [1800/1978]  eta: 0:00:07    time: 0.0440  data: 0.0000  max mem: 2988
      Evaluation: [1900/1978]  eta: 0:00:03    time: 0.0437  data: 0.0000  max mem: 2988
      Evaluation: [1977/1978]  eta: 0:00:00    time: 0.0443  data: 0.0000  max mem: 2988
      Evaluation: Total time: 0:01:26 (0.0438 s / it)
     Computing matching score time 0:01:26
### TTA ITM Score: 
+-------+--------+--------+--------+--------+--------+
| epoch |   R1   |   R5   |  R10   |  mAP   |  mINP  |
+-------+--------+--------+--------+--------+--------+
|  -999 | 69.414 | 95.197 | 97.776 | 81.233 | 81.233 |
|  -999 | 84.277 | 99.039 | 99.596 | 91.276 | 91.276 |
|   0   | 84.378 | 98.787 | 99.494 | 91.214 | 91.214 |
|   1   | 84.479 | 98.888 | 99.494 | 91.312 | 91.312 |
|   2   | 85.086 | 98.837 | 99.444 | 91.618 | 91.618 |
|   3   | 84.934 | 98.837 | 99.444 | 91.531 | 91.531 |
|   4   | 84.732 | 98.787 | 99.444 | 91.422 | 91.422 |
|   5   | 84.884 | 98.787 | 99.393 | 91.496 | 91.496 |
|   6   | 84.783 | 98.787 | 99.393 | 91.447 | 91.447 |
|   7   | 84.884 | 98.787 | 99.393 | 91.497 | 91.497 |
|   8   | 84.833 | 98.787 | 99.343 | 91.481 | 91.481 |
|   9   | 84.732 | 98.787 | 99.343 | 91.442 | 91.442 |
|   10  | 84.681 | 98.736 | 99.343 | 91.415 | 91.415 |
|   11  | 84.631 | 98.787 | 99.343 | 91.392 | 91.392 |
|   12  | 84.732 | 98.787 | 99.343 | 91.441 | 91.441 |
|   13  | 84.783 | 98.736 | 99.343 | 91.465 | 91.465 |
|   14  | 84.884 | 98.736 | 99.343 | 91.515 | 91.515 |
|   15  | 84.884 | 98.736 | 99.393 | 91.516 | 91.516 |
|   16  | 84.934 | 98.787 | 99.393 | 91.543 | 91.543 |
|   17  | 84.934 | 98.787 | 99.393 | 91.544 | 91.544 |
|   18  | 84.985 | 98.787 | 99.343 | 91.569 | 91.569 |
|   19  | 84.833 | 98.787 | 99.343 | 91.489 | 91.489 |
|   20  | 84.884 | 98.787 | 99.343 | 91.514 | 91.514 |
|   21  | 84.884 | 98.787 | 99.343 | 91.514 | 91.514 |
|   22  | 84.934 | 98.787 | 99.343 | 91.539 | 91.539 |
+-------+--------+--------+--------+--------+--------+
     logs:  {'epo': 22, 'R1': np.float32(84.934), 'R5': np.float32(98.787), 'R10': np.float32(99.343), 'mAP': np.float32(91.539), 'mINP': np.float32(91.539), 'lr': 5e-06, 'entropy': 0.178157, 'loss': 0.178157}
      TTA Epoch: [23] [  0/123]  eta: 0:00:51  lr: 0.000005  entropy: 0.1725  loss: 0.1725  time: 0.4203  data: 0.3615  max mem: 2988
      TTA Epoch: [23] [100/123]  eta: 0:00:00  lr: 0.000004  entropy: 0.1194  loss: 0.1194  time: 0.0362  data: 0.0001  max mem: 2988
      TTA Epoch: [23] [122/123]  eta: 0:00:00  lr: 0.000004  entropy: 0.1180  loss: 0.1180  time: 0.0346  data: 0.0001  max mem: 2988
      TTA Epoch: [23] Total time: 0:00:04 (0.0396 s / it)
     Averaged stats: lr: 0.0000  entropy: 0.1776  loss: 0.1776
     Computing matching score
      Evaluation: [   0/1978]  eta: 0:02:34    time: 0.0781  data: 0.0036  max mem: 2988
      Evaluation: [ 100/1978]  eta: 0:01:23    time: 0.0442  data: 0.0000  max mem: 2988
      Evaluation: [ 200/1978]  eta: 0:01:18    time: 0.0439  data: 0.0000  max mem: 2988
      Evaluation: [ 300/1978]  eta: 0:01:13    time: 0.0441  data: 0.0000  max mem: 2988
      Evaluation: [ 400/1978]  eta: 0:01:09    time: 0.0435  data: 0.0000  max mem: 2988
      Evaluation: [ 500/1978]  eta: 0:01:05    time: 0.0442  data: 0.0000  max mem: 2988
      Evaluation: [ 600/1978]  eta: 0:01:00    time: 0.0437  data: 0.0000  max mem: 2988
      Evaluation: [ 700/1978]  eta: 0:00:56    time: 0.0441  data: 0.0000  max mem: 2988
      Evaluation: [ 800/1978]  eta: 0:00:51    time: 0.0438  data: 0.0000  max mem: 2988
      Evaluation: [ 900/1978]  eta: 0:00:47    time: 0.0436  data: 0.0000  max mem: 2988
      Evaluation: [1000/1978]  eta: 0:00:42    time: 0.0439  data: 0.0000  max mem: 2988
      Evaluation: [1100/1978]  eta: 0:00:38    time: 0.0437  data: 0.0000  max mem: 2988
      Evaluation: [1200/1978]  eta: 0:00:34    time: 0.0437  data: 0.0000  max mem: 2988
      Evaluation: [1300/1978]  eta: 0:00:29    time: 0.0439  data: 0.0000  max mem: 2988
      Evaluation: [1400/1978]  eta: 0:00:25    time: 0.0443  data: 0.0000  max mem: 2988
      Evaluation: [1500/1978]  eta: 0:00:20    time: 0.0437  data: 0.0000  max mem: 2988
      Evaluation: [1600/1978]  eta: 0:00:16    time: 0.0432  data: 0.0000  max mem: 2988
      Evaluation: [1700/1978]  eta: 0:00:12    time: 0.0439  data: 0.0000  max mem: 2988
      Evaluation: [1800/1978]  eta: 0:00:07    time: 0.0436  data: 0.0000  max mem: 2988
      Evaluation: [1900/1978]  eta: 0:00:03    time: 0.0440  data: 0.0000  max mem: 2988
      Evaluation: [1977/1978]  eta: 0:00:00    time: 0.0434  data: 0.0000  max mem: 2988
      Evaluation: Total time: 0:01:26 (0.0438 s / it)
     Computing matching score time 0:01:26
### TTA ITM Score: 
+-------+--------+--------+--------+--------+--------+
| epoch |   R1   |   R5   |  R10   |  mAP   |  mINP  |
+-------+--------+--------+--------+--------+--------+
|  -999 | 69.414 | 95.197 | 97.776 | 81.233 | 81.233 |
|  -999 | 84.277 | 99.039 | 99.596 | 91.276 | 91.276 |
|   0   | 84.378 | 98.787 | 99.494 | 91.214 | 91.214 |
|   1   | 84.479 | 98.888 | 99.494 | 91.312 | 91.312 |
|   2   | 85.086 | 98.837 | 99.444 | 91.618 | 91.618 |
|   3   | 84.934 | 98.837 | 99.444 | 91.531 | 91.531 |
|   4   | 84.732 | 98.787 | 99.444 | 91.422 | 91.422 |
|   5   | 84.884 | 98.787 | 99.393 | 91.496 | 91.496 |
|   6   | 84.783 | 98.787 | 99.393 | 91.447 | 91.447 |
|   7   | 84.884 | 98.787 | 99.393 | 91.497 | 91.497 |
|   8   | 84.833 | 98.787 | 99.343 | 91.481 | 91.481 |
|   9   | 84.732 | 98.787 | 99.343 | 91.442 | 91.442 |
|   10  | 84.681 | 98.736 | 99.343 | 91.415 | 91.415 |
|   11  | 84.631 | 98.787 | 99.343 | 91.392 | 91.392 |
|   12  | 84.732 | 98.787 | 99.343 | 91.441 | 91.441 |
|   13  | 84.783 | 98.736 | 99.343 | 91.465 | 91.465 |
|   14  | 84.884 | 98.736 | 99.343 | 91.515 | 91.515 |
|   15  | 84.884 | 98.736 | 99.393 | 91.516 | 91.516 |
|   16  | 84.934 | 98.787 | 99.393 | 91.543 | 91.543 |
|   17  | 84.934 | 98.787 | 99.393 | 91.544 | 91.544 |
|   18  | 84.985 | 98.787 | 99.343 | 91.569 | 91.569 |
|   19  | 84.833 | 98.787 | 99.343 | 91.489 | 91.489 |
|   20  | 84.884 | 98.787 | 99.343 | 91.514 | 91.514 |
|   21  | 84.884 | 98.787 | 99.343 | 91.514 | 91.514 |
|   22  | 84.934 | 98.787 | 99.343 | 91.539 | 91.539 |
|   23  | 84.934 | 98.787 | 99.343 | 91.538 | 91.538 |
+-------+--------+--------+--------+--------+--------+
     logs:  {'epo': 23, 'R1': np.float32(84.934), 'R5': np.float32(98.787), 'R10': np.float32(99.343), 'mAP': np.float32(91.538), 'mINP': np.float32(91.538), 'lr': 5e-06, 'entropy': 0.177624, 'loss': 0.177624}
      TTA Epoch: [24] [  0/123]  eta: 0:00:56  lr: 0.000004  entropy: 0.2104  loss: 0.2104  time: 0.4569  data: 0.3729  max mem: 2988
      TTA Epoch: [24] [100/123]  eta: 0:00:00  lr: 0.000004  entropy: 0.1635  loss: 0.1635  time: 0.0360  data: 0.0001  max mem: 2988
      TTA Epoch: [24] [122/123]  eta: 0:00:00  lr: 0.000004  entropy: 0.1751  loss: 0.1751  time: 0.0346  data: 0.0001  max mem: 2988
      TTA Epoch: [24] Total time: 0:00:04 (0.0396 s / it)
     Averaged stats: lr: 0.0000  entropy: 0.1796  loss: 0.1796
     Computing matching score
      Evaluation: [   0/1978]  eta: 0:01:36    time: 0.0490  data: 0.0037  max mem: 2988
      Evaluation: [ 100/1978]  eta: 0:01:22    time: 0.0440  data: 0.0000  max mem: 2988
      Evaluation: [ 200/1978]  eta: 0:01:18    time: 0.0440  data: 0.0000  max mem: 2988
      Evaluation: [ 300/1978]  eta: 0:01:13    time: 0.0440  data: 0.0000  max mem: 2988
      Evaluation: [ 400/1978]  eta: 0:01:09    time: 0.0436  data: 0.0000  max mem: 2988
      Evaluation: [ 500/1978]  eta: 0:01:04    time: 0.0439  data: 0.0000  max mem: 2988
      Evaluation: [ 600/1978]  eta: 0:01:00    time: 0.0435  data: 0.0000  max mem: 2988
      Evaluation: [ 700/1978]  eta: 0:00:55    time: 0.0439  data: 0.0000  max mem: 2988
      Evaluation: [ 800/1978]  eta: 0:00:51    time: 0.0440  data: 0.0000  max mem: 2988
      Evaluation: [ 900/1978]  eta: 0:00:47    time: 0.0436  data: 0.0000  max mem: 2988
      Evaluation: [1000/1978]  eta: 0:00:42    time: 0.0438  data: 0.0000  max mem: 2988
      Evaluation: [1100/1978]  eta: 0:00:38    time: 0.0438  data: 0.0000  max mem: 2988
      Evaluation: [1200/1978]  eta: 0:00:33    time: 0.0433  data: 0.0000  max mem: 2988
      Evaluation: [1300/1978]  eta: 0:00:29    time: 0.0436  data: 0.0000  max mem: 2988
      Evaluation: [1400/1978]  eta: 0:00:25    time: 0.0437  data: 0.0000  max mem: 2988
      Evaluation: [1500/1978]  eta: 0:00:20    time: 0.0434  data: 0.0000  max mem: 2988
      Evaluation: [1600/1978]  eta: 0:00:16    time: 0.0434  data: 0.0000  max mem: 2988
      Evaluation: [1700/1978]  eta: 0:00:12    time: 0.0435  data: 0.0000  max mem: 2988
      Evaluation: [1800/1978]  eta: 0:00:07    time: 0.0434  data: 0.0000  max mem: 2988
      Evaluation: [1900/1978]  eta: 0:00:03    time: 0.0434  data: 0.0000  max mem: 2988
      Evaluation: [1977/1978]  eta: 0:00:00    time: 0.0437  data: 0.0000  max mem: 2988
      Evaluation: Total time: 0:01:26 (0.0436 s / it)
     Computing matching score time 0:01:26
### TTA ITM Score: 
+-------+--------+--------+--------+--------+--------+
| epoch |   R1   |   R5   |  R10   |  mAP   |  mINP  |
+-------+--------+--------+--------+--------+--------+
|  -999 | 69.414 | 95.197 | 97.776 | 81.233 | 81.233 |
|  -999 | 84.277 | 99.039 | 99.596 | 91.276 | 91.276 |
|   0   | 84.378 | 98.787 | 99.494 | 91.214 | 91.214 |
|   1   | 84.479 | 98.888 | 99.494 | 91.312 | 91.312 |
|   2   | 85.086 | 98.837 | 99.444 | 91.618 | 91.618 |
|   3   | 84.934 | 98.837 | 99.444 | 91.531 | 91.531 |
|   4   | 84.732 | 98.787 | 99.444 | 91.422 | 91.422 |
|   5   | 84.884 | 98.787 | 99.393 | 91.496 | 91.496 |
|   6   | 84.783 | 98.787 | 99.393 | 91.447 | 91.447 |
|   7   | 84.884 | 98.787 | 99.393 | 91.497 | 91.497 |
|   8   | 84.833 | 98.787 | 99.343 | 91.481 | 91.481 |
|   9   | 84.732 | 98.787 | 99.343 | 91.442 | 91.442 |
|   10  | 84.681 | 98.736 | 99.343 | 91.415 | 91.415 |
|   11  | 84.631 | 98.787 | 99.343 | 91.392 | 91.392 |
|   12  | 84.732 | 98.787 | 99.343 | 91.441 | 91.441 |
|   13  | 84.783 | 98.736 | 99.343 | 91.465 | 91.465 |
|   14  | 84.884 | 98.736 | 99.343 | 91.515 | 91.515 |
|   15  | 84.884 | 98.736 | 99.393 | 91.516 | 91.516 |
|   16  | 84.934 | 98.787 | 99.393 | 91.543 | 91.543 |
|   17  | 84.934 | 98.787 | 99.393 | 91.544 | 91.544 |
|   18  | 84.985 | 98.787 | 99.343 | 91.569 | 91.569 |
|   19  | 84.833 | 98.787 | 99.343 | 91.489 | 91.489 |
|   20  | 84.884 | 98.787 | 99.343 | 91.514 | 91.514 |
|   21  | 84.884 | 98.787 | 99.343 | 91.514 | 91.514 |
|   22  | 84.934 | 98.787 | 99.343 | 91.539 | 91.539 |
|   23  | 84.934 | 98.787 | 99.343 | 91.538 | 91.538 |
|   24  | 84.884 | 98.787 | 99.343 | 91.513 | 91.513 |
+-------+--------+--------+--------+--------+--------+
     logs:  {'epo': 24, 'R1': np.float32(84.884), 'R5': np.float32(98.787), 'R10': np.float32(99.343), 'mAP': np.float32(91.513), 'mINP': np.float32(91.513), 'lr': 4e-06, 'entropy': 0.179584, 'loss': 0.179584}
      TTA Epoch: [25] [  0/123]  eta: 0:00:53  lr: 0.000004  entropy: 0.1536  loss: 0.1536  time: 0.4338  data: 0.3746  max mem: 2988
      TTA Epoch: [25] [100/123]  eta: 0:00:00  lr: 0.000003  entropy: 0.1716  loss: 0.1716  time: 0.0359  data: 0.0001  max mem: 2988
      TTA Epoch: [25] [122/123]  eta: 0:00:00  lr: 0.000003  entropy: 0.2512  loss: 0.2512  time: 0.0335  data: 0.0001  max mem: 2988
      TTA Epoch: [25] Total time: 0:00:04 (0.0386 s / it)
     Averaged stats: lr: 0.0000  entropy: 0.1812  loss: 0.1812
     Computing matching score
      Evaluation: [   0/1978]  eta: 0:01:30    time: 0.0456  data: 0.0024  max mem: 2988
      Evaluation: [ 100/1978]  eta: 0:01:22    time: 0.0443  data: 0.0000  max mem: 2988
      Evaluation: [ 200/1978]  eta: 0:01:17    time: 0.0435  data: 0.0000  max mem: 2988
      Evaluation: [ 300/1978]  eta: 0:01:13    time: 0.0437  data: 0.0000  max mem: 2988
      Evaluation: [ 400/1978]  eta: 0:01:09    time: 0.0433  data: 0.0000  max mem: 2988
      Evaluation: [ 500/1978]  eta: 0:01:04    time: 0.0432  data: 0.0000  max mem: 2988
      Evaluation: [ 600/1978]  eta: 0:01:00    time: 0.0435  data: 0.0000  max mem: 2988
      Evaluation: [ 700/1978]  eta: 0:00:55    time: 0.0438  data: 0.0000  max mem: 2988
      Evaluation: [ 800/1978]  eta: 0:00:51    time: 0.0436  data: 0.0000  max mem: 2988
      Evaluation: [ 900/1978]  eta: 0:00:47    time: 0.0435  data: 0.0000  max mem: 2988
      Evaluation: [1000/1978]  eta: 0:00:42    time: 0.0438  data: 0.0000  max mem: 2988
      Evaluation: [1100/1978]  eta: 0:00:38    time: 0.0430  data: 0.0000  max mem: 2988
      Evaluation: [1200/1978]  eta: 0:00:33    time: 0.0439  data: 0.0000  max mem: 2988
      Evaluation: [1300/1978]  eta: 0:00:29    time: 0.0425  data: 0.0000  max mem: 2988
      Evaluation: [1400/1978]  eta: 0:00:25    time: 0.0429  data: 0.0000  max mem: 2988
      Evaluation: [1500/1978]  eta: 0:00:20    time: 0.0430  data: 0.0000  max mem: 2988
      Evaluation: [1600/1978]  eta: 0:00:16    time: 0.0429  data: 0.0000  max mem: 2988
      Evaluation: [1700/1978]  eta: 0:00:12    time: 0.0429  data: 0.0000  max mem: 2988
      Evaluation: [1800/1978]  eta: 0:00:07    time: 0.0429  data: 0.0000  max mem: 2988
      Evaluation: [1900/1978]  eta: 0:00:03    time: 0.0430  data: 0.0000  max mem: 2988
      Evaluation: [1977/1978]  eta: 0:00:00    time: 0.0429  data: 0.0000  max mem: 2988
      Evaluation: Total time: 0:01:25 (0.0433 s / it)
     Computing matching score time 0:01:25
### TTA ITM Score: 
+-------+--------+--------+--------+--------+--------+
| epoch |   R1   |   R5   |  R10   |  mAP   |  mINP  |
+-------+--------+--------+--------+--------+--------+
|  -999 | 69.414 | 95.197 | 97.776 | 81.233 | 81.233 |
|  -999 | 84.277 | 99.039 | 99.596 | 91.276 | 91.276 |
|   0   | 84.378 | 98.787 | 99.494 | 91.214 | 91.214 |
|   1   | 84.479 | 98.888 | 99.494 | 91.312 | 91.312 |
|   2   | 85.086 | 98.837 | 99.444 | 91.618 | 91.618 |
|   3   | 84.934 | 98.837 | 99.444 | 91.531 | 91.531 |
|   4   | 84.732 | 98.787 | 99.444 | 91.422 | 91.422 |
|   5   | 84.884 | 98.787 | 99.393 | 91.496 | 91.496 |
|   6   | 84.783 | 98.787 | 99.393 | 91.447 | 91.447 |
|   7   | 84.884 | 98.787 | 99.393 | 91.497 | 91.497 |
|   8   | 84.833 | 98.787 | 99.343 | 91.481 | 91.481 |
|   9   | 84.732 | 98.787 | 99.343 | 91.442 | 91.442 |
|   10  | 84.681 | 98.736 | 99.343 | 91.415 | 91.415 |
|   11  | 84.631 | 98.787 | 99.343 | 91.392 | 91.392 |
|   12  | 84.732 | 98.787 | 99.343 | 91.441 | 91.441 |
|   13  | 84.783 | 98.736 | 99.343 | 91.465 | 91.465 |
|   14  | 84.884 | 98.736 | 99.343 | 91.515 | 91.515 |
|   15  | 84.884 | 98.736 | 99.393 | 91.516 | 91.516 |
|   16  | 84.934 | 98.787 | 99.393 | 91.543 | 91.543 |
|   17  | 84.934 | 98.787 | 99.393 | 91.544 | 91.544 |
|   18  | 84.985 | 98.787 | 99.343 | 91.569 | 91.569 |
|   19  | 84.833 | 98.787 | 99.343 | 91.489 | 91.489 |
|   20  | 84.884 | 98.787 | 99.343 | 91.514 | 91.514 |
|   21  | 84.884 | 98.787 | 99.343 | 91.514 | 91.514 |
|   22  | 84.934 | 98.787 | 99.343 | 91.539 | 91.539 |
|   23  | 84.934 | 98.787 | 99.343 | 91.538 | 91.538 |
|   24  | 84.884 | 98.787 | 99.343 | 91.513 | 91.513 |
|   25  | 84.884 | 98.787 | 99.343 | 91.513 | 91.513 |
+-------+--------+--------+--------+--------+--------+
     logs:  {'epo': 25, 'R1': np.float32(84.884), 'R5': np.float32(98.787), 'R10': np.float32(99.343), 'mAP': np.float32(91.513), 'mINP': np.float32(91.513), 'lr': 3e-06, 'entropy': 0.181188, 'loss': 0.181188}
      TTA Epoch: [26] [  0/123]  eta: 0:00:55  lr: 0.000003  entropy: 0.1206  loss: 0.1206  time: 0.4492  data: 0.3723  max mem: 2988
      TTA Epoch: [26] [100/123]  eta: 0:00:00  lr: 0.000002  entropy: 0.0520  loss: 0.0520  time: 0.0348  data: 0.0001  max mem: 2988
      TTA Epoch: [26] [122/123]  eta: 0:00:00  lr: 0.000002  entropy: 0.2056  loss: 0.2056  time: 0.0340  data: 0.0001  max mem: 2988
      TTA Epoch: [26] Total time: 0:00:04 (0.0383 s / it)
     Averaged stats: lr: 0.0000  entropy: 0.1755  loss: 0.1755
     Computing matching score
      Evaluation: [   0/1978]  eta: 0:01:30    time: 0.0459  data: 0.0025  max mem: 2988
      Evaluation: [ 100/1978]  eta: 0:01:20    time: 0.0429  data: 0.0000  max mem: 2988
      Evaluation: [ 200/1978]  eta: 0:01:16    time: 0.0426  data: 0.0000  max mem: 2988
      Evaluation: [ 300/1978]  eta: 0:01:11    time: 0.0425  data: 0.0000  max mem: 2988
      Evaluation: [ 400/1978]  eta: 0:01:07    time: 0.0424  data: 0.0000  max mem: 2988
      Evaluation: [ 500/1978]  eta: 0:01:03    time: 0.0432  data: 0.0000  max mem: 2988
      Evaluation: [ 600/1978]  eta: 0:00:59    time: 0.0430  data: 0.0000  max mem: 2988
      Evaluation: [ 700/1978]  eta: 0:00:54    time: 0.0433  data: 0.0000  max mem: 2988
      Evaluation: [ 800/1978]  eta: 0:00:50    time: 0.0425  data: 0.0000  max mem: 2988
      Evaluation: [ 900/1978]  eta: 0:00:46    time: 0.0428  data: 0.0000  max mem: 2988
      Evaluation: [1000/1978]  eta: 0:00:41    time: 0.0427  data: 0.0000  max mem: 2988
      Evaluation: [1100/1978]  eta: 0:00:37    time: 0.0428  data: 0.0000  max mem: 2988
      Evaluation: [1200/1978]  eta: 0:00:33    time: 0.0430  data: 0.0000  max mem: 2988
      Evaluation: [1300/1978]  eta: 0:00:29    time: 0.0427  data: 0.0000  max mem: 2988
      Evaluation: [1400/1978]  eta: 0:00:24    time: 0.0431  data: 0.0000  max mem: 2988
      Evaluation: [1500/1978]  eta: 0:00:20    time: 0.0430  data: 0.0000  max mem: 2988
      Evaluation: [1600/1978]  eta: 0:00:16    time: 0.0430  data: 0.0000  max mem: 2988
      Evaluation: [1700/1978]  eta: 0:00:11    time: 0.0427  data: 0.0000  max mem: 2988
      Evaluation: [1800/1978]  eta: 0:00:07    time: 0.0430  data: 0.0000  max mem: 2988
      Evaluation: [1900/1978]  eta: 0:00:03    time: 0.0428  data: 0.0000  max mem: 2988
      Evaluation: [1977/1978]  eta: 0:00:00    time: 0.0425  data: 0.0000  max mem: 2988
      Evaluation: Total time: 0:01:24 (0.0429 s / it)
     Computing matching score time 0:01:25
### TTA ITM Score: 
+-------+--------+--------+--------+--------+--------+
| epoch |   R1   |   R5   |  R10   |  mAP   |  mINP  |
+-------+--------+--------+--------+--------+--------+
|  -999 | 69.414 | 95.197 | 97.776 | 81.233 | 81.233 |
|  -999 | 84.277 | 99.039 | 99.596 | 91.276 | 91.276 |
|   0   | 84.378 | 98.787 | 99.494 | 91.214 | 91.214 |
|   1   | 84.479 | 98.888 | 99.494 | 91.312 | 91.312 |
|   2   | 85.086 | 98.837 | 99.444 | 91.618 | 91.618 |
|   3   | 84.934 | 98.837 | 99.444 | 91.531 | 91.531 |
|   4   | 84.732 | 98.787 | 99.444 | 91.422 | 91.422 |
|   5   | 84.884 | 98.787 | 99.393 | 91.496 | 91.496 |
|   6   | 84.783 | 98.787 | 99.393 | 91.447 | 91.447 |
|   7   | 84.884 | 98.787 | 99.393 | 91.497 | 91.497 |
|   8   | 84.833 | 98.787 | 99.343 | 91.481 | 91.481 |
|   9   | 84.732 | 98.787 | 99.343 | 91.442 | 91.442 |
|   10  | 84.681 | 98.736 | 99.343 | 91.415 | 91.415 |
|   11  | 84.631 | 98.787 | 99.343 | 91.392 | 91.392 |
|   12  | 84.732 | 98.787 | 99.343 | 91.441 | 91.441 |
|   13  | 84.783 | 98.736 | 99.343 | 91.465 | 91.465 |
|   14  | 84.884 | 98.736 | 99.343 | 91.515 | 91.515 |
|   15  | 84.884 | 98.736 | 99.393 | 91.516 | 91.516 |
|   16  | 84.934 | 98.787 | 99.393 | 91.543 | 91.543 |
|   17  | 84.934 | 98.787 | 99.393 | 91.544 | 91.544 |
|   18  | 84.985 | 98.787 | 99.343 | 91.569 | 91.569 |
|   19  | 84.833 | 98.787 | 99.343 | 91.489 | 91.489 |
|   20  | 84.884 | 98.787 | 99.343 | 91.514 | 91.514 |
|   21  | 84.884 | 98.787 | 99.343 | 91.514 | 91.514 |
|   22  | 84.934 | 98.787 | 99.343 | 91.539 | 91.539 |
|   23  | 84.934 | 98.787 | 99.343 | 91.538 | 91.538 |
|   24  | 84.884 | 98.787 | 99.343 | 91.513 | 91.513 |
|   25  | 84.884 | 98.787 | 99.343 | 91.513 | 91.513 |
|   26  | 84.884 | 98.787 | 99.343 | 91.513 | 91.513 |
+-------+--------+--------+--------+--------+--------+
     logs:  {'epo': 26, 'R1': np.float32(84.884), 'R5': np.float32(98.787), 'R10': np.float32(99.343), 'mAP': np.float32(91.513), 'mINP': np.float32(91.513), 'lr': 3e-06, 'entropy': 0.175498, 'loss': 0.175498}
      TTA Epoch: [27] [  0/123]  eta: 0:00:54  lr: 0.000002  entropy: 0.1151  loss: 0.1151  time: 0.4398  data: 0.3803  max mem: 2988
      TTA Epoch: [27] [100/123]  eta: 0:00:00  lr: 0.000002  entropy: 0.1019  loss: 0.1019  time: 0.0371  data: 0.0001  max mem: 2988
      TTA Epoch: [27] [122/123]  eta: 0:00:00  lr: 0.000002  entropy: 0.3098  loss: 0.3098  time: 0.0349  data: 0.0001  max mem: 2988
      TTA Epoch: [27] Total time: 0:00:05 (0.0408 s / it)
     Averaged stats: lr: 0.0000  entropy: 0.1762  loss: 0.1762
     Computing matching score
      Evaluation: [   0/1978]  eta: 0:01:34    time: 0.0480  data: 0.0035  max mem: 2988
      Evaluation: [ 100/1978]  eta: 0:01:20    time: 0.0432  data: 0.0000  max mem: 2988
      Evaluation: [ 200/1978]  eta: 0:01:16    time: 0.0429  data: 0.0000  max mem: 2988
      Evaluation: [ 300/1978]  eta: 0:01:12    time: 0.0427  data: 0.0000  max mem: 2988
      Evaluation: [ 400/1978]  eta: 0:01:07    time: 0.0427  data: 0.0000  max mem: 2988
      Evaluation: [ 500/1978]  eta: 0:01:03    time: 0.0426  data: 0.0000  max mem: 2988
      Evaluation: [ 600/1978]  eta: 0:00:59    time: 0.0424  data: 0.0000  max mem: 2988
      Evaluation: [ 700/1978]  eta: 0:00:54    time: 0.0426  data: 0.0000  max mem: 2988
      Evaluation: [ 800/1978]  eta: 0:00:50    time: 0.0424  data: 0.0000  max mem: 2988
      Evaluation: [ 900/1978]  eta: 0:00:46    time: 0.0430  data: 0.0000  max mem: 2988
      Evaluation: [1000/1978]  eta: 0:00:41    time: 0.0429  data: 0.0000  max mem: 2988
      Evaluation: [1100/1978]  eta: 0:00:37    time: 0.0427  data: 0.0000  max mem: 2988
      Evaluation: [1200/1978]  eta: 0:00:33    time: 0.0426  data: 0.0000  max mem: 2988
      Evaluation: [1300/1978]  eta: 0:00:29    time: 0.0426  data: 0.0000  max mem: 2988
      Evaluation: [1400/1978]  eta: 0:00:24    time: 0.0427  data: 0.0000  max mem: 2988
      Evaluation: [1500/1978]  eta: 0:00:20    time: 0.0425  data: 0.0000  max mem: 2988
      Evaluation: [1600/1978]  eta: 0:00:16    time: 0.0429  data: 0.0000  max mem: 2988
      Evaluation: [1700/1978]  eta: 0:00:11    time: 0.0427  data: 0.0000  max mem: 2988
      Evaluation: [1800/1978]  eta: 0:00:07    time: 0.0428  data: 0.0000  max mem: 2988
      Evaluation: [1900/1978]  eta: 0:00:03    time: 0.0429  data: 0.0000  max mem: 2988
      Evaluation: [1977/1978]  eta: 0:00:00    time: 0.0430  data: 0.0000  max mem: 2988
      Evaluation: Total time: 0:01:24 (0.0428 s / it)
     Computing matching score time 0:01:24
### TTA ITM Score: 
+-------+--------+--------+--------+--------+--------+
| epoch |   R1   |   R5   |  R10   |  mAP   |  mINP  |
+-------+--------+--------+--------+--------+--------+
|  -999 | 69.414 | 95.197 | 97.776 | 81.233 | 81.233 |
|  -999 | 84.277 | 99.039 | 99.596 | 91.276 | 91.276 |
|   0   | 84.378 | 98.787 | 99.494 | 91.214 | 91.214 |
|   1   | 84.479 | 98.888 | 99.494 | 91.312 | 91.312 |
|   2   | 85.086 | 98.837 | 99.444 | 91.618 | 91.618 |
|   3   | 84.934 | 98.837 | 99.444 | 91.531 | 91.531 |
|   4   | 84.732 | 98.787 | 99.444 | 91.422 | 91.422 |
|   5   | 84.884 | 98.787 | 99.393 | 91.496 | 91.496 |
|   6   | 84.783 | 98.787 | 99.393 | 91.447 | 91.447 |
|   7   | 84.884 | 98.787 | 99.393 | 91.497 | 91.497 |
|   8   | 84.833 | 98.787 | 99.343 | 91.481 | 91.481 |
|   9   | 84.732 | 98.787 | 99.343 | 91.442 | 91.442 |
|   10  | 84.681 | 98.736 | 99.343 | 91.415 | 91.415 |
|   11  | 84.631 | 98.787 | 99.343 | 91.392 | 91.392 |
|   12  | 84.732 | 98.787 | 99.343 | 91.441 | 91.441 |
|   13  | 84.783 | 98.736 | 99.343 | 91.465 | 91.465 |
|   14  | 84.884 | 98.736 | 99.343 | 91.515 | 91.515 |
|   15  | 84.884 | 98.736 | 99.393 | 91.516 | 91.516 |
|   16  | 84.934 | 98.787 | 99.393 | 91.543 | 91.543 |
|   17  | 84.934 | 98.787 | 99.393 | 91.544 | 91.544 |
|   18  | 84.985 | 98.787 | 99.343 | 91.569 | 91.569 |
|   19  | 84.833 | 98.787 | 99.343 | 91.489 | 91.489 |
|   20  | 84.884 | 98.787 | 99.343 | 91.514 | 91.514 |
|   21  | 84.884 | 98.787 | 99.343 | 91.514 | 91.514 |
|   22  | 84.934 | 98.787 | 99.343 | 91.539 | 91.539 |
|   23  | 84.934 | 98.787 | 99.343 | 91.538 | 91.538 |
|   24  | 84.884 | 98.787 | 99.343 | 91.513 | 91.513 |
|   25  | 84.884 | 98.787 | 99.343 | 91.513 | 91.513 |
|   26  | 84.884 | 98.787 | 99.343 | 91.513 | 91.513 |
|   27  | 84.884 | 98.787 | 99.343 | 91.513 | 91.513 |
+-------+--------+--------+--------+--------+--------+
     logs:  {'epo': 27, 'R1': np.float32(84.884), 'R5': np.float32(98.787), 'R10': np.float32(99.343), 'mAP': np.float32(91.513), 'mINP': np.float32(91.513), 'lr': 2e-06, 'entropy': 0.1762, 'loss': 0.1762}
      TTA Epoch: [28] [  0/123]  eta: 0:00:52  lr: 0.000002  entropy: 0.4194  loss: 0.4194  time: 0.4292  data: 0.3674  max mem: 2988
      TTA Epoch: [28] [100/123]  eta: 0:00:00  lr: 0.000001  entropy: 0.0408  loss: 0.0408  time: 0.0362  data: 0.0001  max mem: 2988
      TTA Epoch: [28] [122/123]  eta: 0:00:00  lr: 0.000001  entropy: 0.2033  loss: 0.2033  time: 0.0358  data: 0.0001  max mem: 2988
      TTA Epoch: [28] Total time: 0:00:04 (0.0404 s / it)
     Averaged stats: lr: 0.0000  entropy: 0.1800  loss: 0.1800
     Computing matching score
      Evaluation: [   0/1978]  eta: 0:01:36    time: 0.0487  data: 0.0025  max mem: 2988
      Evaluation: [ 100/1978]  eta: 0:01:20    time: 0.0427  data: 0.0000  max mem: 2988
      Evaluation: [ 200/1978]  eta: 0:01:16    time: 0.0429  data: 0.0000  max mem: 2988
      Evaluation: [ 300/1978]  eta: 0:01:11    time: 0.0426  data: 0.0000  max mem: 2988
      Evaluation: [ 400/1978]  eta: 0:01:07    time: 0.0430  data: 0.0000  max mem: 2988
      Evaluation: [ 500/1978]  eta: 0:01:03    time: 0.0433  data: 0.0000  max mem: 2988
      Evaluation: [ 600/1978]  eta: 0:00:59    time: 0.0435  data: 0.0000  max mem: 2988
      Evaluation: [ 700/1978]  eta: 0:00:55    time: 0.0432  data: 0.0000  max mem: 2988
      Evaluation: [ 800/1978]  eta: 0:00:50    time: 0.0435  data: 0.0000  max mem: 2988
      Evaluation: [ 900/1978]  eta: 0:00:46    time: 0.0431  data: 0.0000  max mem: 2988
      Evaluation: [1000/1978]  eta: 0:00:42    time: 0.0438  data: 0.0000  max mem: 2988
      Evaluation: [1100/1978]  eta: 0:00:37    time: 0.0435  data: 0.0000  max mem: 2988
      Evaluation: [1200/1978]  eta: 0:00:33    time: 0.0433  data: 0.0000  max mem: 2988
      Evaluation: [1300/1978]  eta: 0:00:29    time: 0.0432  data: 0.0000  max mem: 2988
      Evaluation: [1400/1978]  eta: 0:00:24    time: 0.0431  data: 0.0000  max mem: 2988
      Evaluation: [1500/1978]  eta: 0:00:20    time: 0.0434  data: 0.0000  max mem: 2988
      Evaluation: [1600/1978]  eta: 0:00:16    time: 0.0429  data: 0.0000  max mem: 2988
      Evaluation: [1700/1978]  eta: 0:00:12    time: 0.0428  data: 0.0000  max mem: 2988
      Evaluation: [1800/1978]  eta: 0:00:07    time: 0.0431  data: 0.0000  max mem: 2988
      Evaluation: [1900/1978]  eta: 0:00:03    time: 0.0428  data: 0.0000  max mem: 2988
      Evaluation: [1977/1978]  eta: 0:00:00    time: 0.0432  data: 0.0000  max mem: 2988
      Evaluation: Total time: 0:01:25 (0.0432 s / it)
     Computing matching score time 0:01:25
### TTA ITM Score: 
+-------+--------+--------+--------+--------+--------+
| epoch |   R1   |   R5   |  R10   |  mAP   |  mINP  |
+-------+--------+--------+--------+--------+--------+
|  -999 | 69.414 | 95.197 | 97.776 | 81.233 | 81.233 |
|  -999 | 84.277 | 99.039 | 99.596 | 91.276 | 91.276 |
|   0   | 84.378 | 98.787 | 99.494 | 91.214 | 91.214 |
|   1   | 84.479 | 98.888 | 99.494 | 91.312 | 91.312 |
|   2   | 85.086 | 98.837 | 99.444 | 91.618 | 91.618 |
|   3   | 84.934 | 98.837 | 99.444 | 91.531 | 91.531 |
|   4   | 84.732 | 98.787 | 99.444 | 91.422 | 91.422 |
|   5   | 84.884 | 98.787 | 99.393 | 91.496 | 91.496 |
|   6   | 84.783 | 98.787 | 99.393 | 91.447 | 91.447 |
|   7   | 84.884 | 98.787 | 99.393 | 91.497 | 91.497 |
|   8   | 84.833 | 98.787 | 99.343 | 91.481 | 91.481 |
|   9   | 84.732 | 98.787 | 99.343 | 91.442 | 91.442 |
|   10  | 84.681 | 98.736 | 99.343 | 91.415 | 91.415 |
|   11  | 84.631 | 98.787 | 99.343 | 91.392 | 91.392 |
|   12  | 84.732 | 98.787 | 99.343 | 91.441 | 91.441 |
|   13  | 84.783 | 98.736 | 99.343 | 91.465 | 91.465 |
|   14  | 84.884 | 98.736 | 99.343 | 91.515 | 91.515 |
|   15  | 84.884 | 98.736 | 99.393 | 91.516 | 91.516 |
|   16  | 84.934 | 98.787 | 99.393 | 91.543 | 91.543 |
|   17  | 84.934 | 98.787 | 99.393 | 91.544 | 91.544 |
|   18  | 84.985 | 98.787 | 99.343 | 91.569 | 91.569 |
|   19  | 84.833 | 98.787 | 99.343 | 91.489 | 91.489 |
|   20  | 84.884 | 98.787 | 99.343 | 91.514 | 91.514 |
|   21  | 84.884 | 98.787 | 99.343 | 91.514 | 91.514 |
|   22  | 84.934 | 98.787 | 99.343 | 91.539 | 91.539 |
|   23  | 84.934 | 98.787 | 99.343 | 91.538 | 91.538 |
|   24  | 84.884 | 98.787 | 99.343 | 91.513 | 91.513 |
|   25  | 84.884 | 98.787 | 99.343 | 91.513 | 91.513 |
|   26  | 84.884 | 98.787 | 99.343 | 91.513 | 91.513 |
|   27  | 84.884 | 98.787 | 99.343 | 91.513 | 91.513 |
|   28  | 84.884 | 98.787 | 99.343 | 91.513 | 91.513 |
+-------+--------+--------+--------+--------+--------+
     logs:  {'epo': 28, 'R1': np.float32(84.884), 'R5': np.float32(98.787), 'R10': np.float32(99.343), 'mAP': np.float32(91.513), 'mINP': np.float32(91.513), 'lr': 1e-06, 'entropy': 0.179992, 'loss': 0.179992}
      TTA Epoch: [29] [  0/123]  eta: 0:00:55  lr: 0.000001  entropy: 0.1066  loss: 0.1066  time: 0.4520  data: 0.3853  max mem: 2988
      TTA Epoch: [29] [100/123]  eta: 0:00:00  lr: 0.000000  entropy: 0.3460  loss: 0.3460  time: 0.0396  data: 0.0001  max mem: 2988
      TTA Epoch: [29] [122/123]  eta: 0:00:00  lr: 0.000000  entropy: 0.1779  loss: 0.1779  time: 0.0360  data: 0.0001  max mem: 2988
      TTA Epoch: [29] Total time: 0:00:05 (0.0421 s / it)
     Averaged stats: lr: 0.0000  entropy: 0.1741  loss: 0.1741
     Computing matching score
      Evaluation: [   0/1978]  eta: 0:01:32    time: 0.0468  data: 0.0036  max mem: 2988
      Evaluation: [ 100/1978]  eta: 0:01:21    time: 0.0435  data: 0.0000  max mem: 2988
      Evaluation: [ 200/1978]  eta: 0:01:17    time: 0.0434  data: 0.0000  max mem: 2988
      Evaluation: [ 300/1978]  eta: 0:01:12    time: 0.0434  data: 0.0000  max mem: 2988
      Evaluation: [ 400/1978]  eta: 0:01:08    time: 0.0429  data: 0.0000  max mem: 2988
      Evaluation: [ 500/1978]  eta: 0:01:03    time: 0.0433  data: 0.0000  max mem: 2988
      Evaluation: [ 600/1978]  eta: 0:00:59    time: 0.0436  data: 0.0000  max mem: 2988
      Evaluation: [ 700/1978]  eta: 0:00:55    time: 0.0433  data: 0.0000  max mem: 2988
      Evaluation: [ 800/1978]  eta: 0:00:50    time: 0.0428  data: 0.0000  max mem: 2988
      Evaluation: [ 900/1978]  eta: 0:00:46    time: 0.0434  data: 0.0000  max mem: 2988
      Evaluation: [1000/1978]  eta: 0:00:42    time: 0.0436  data: 0.0000  max mem: 2988
      Evaluation: [1100/1978]  eta: 0:00:38    time: 0.0433  data: 0.0000  max mem: 2988
      Evaluation: [1200/1978]  eta: 0:00:33    time: 0.0435  data: 0.0000  max mem: 2988
      Evaluation: [1300/1978]  eta: 0:00:29    time: 0.0429  data: 0.0000  max mem: 2988
      Evaluation: [1400/1978]  eta: 0:00:24    time: 0.0427  data: 0.0000  max mem: 2988
      Evaluation: [1500/1978]  eta: 0:00:20    time: 0.0431  data: 0.0000  max mem: 2988
      Evaluation: [1600/1978]  eta: 0:00:16    time: 0.0431  data: 0.0000  max mem: 2988
      Evaluation: [1700/1978]  eta: 0:00:12    time: 0.0432  data: 0.0000  max mem: 2988
      Evaluation: [1800/1978]  eta: 0:00:07    time: 0.0431  data: 0.0000  max mem: 2988
      Evaluation: [1900/1978]  eta: 0:00:03    time: 0.0431  data: 0.0000  max mem: 2988
      Evaluation: [1977/1978]  eta: 0:00:00    time: 0.0429  data: 0.0000  max mem: 2988
      Evaluation: Total time: 0:01:25 (0.0432 s / it)
     Computing matching score time 0:01:25
### TTA ITM Score: 
+-------+--------+--------+--------+--------+--------+
| epoch |   R1   |   R5   |  R10   |  mAP   |  mINP  |
+-------+--------+--------+--------+--------+--------+
|  -999 | 69.414 | 95.197 | 97.776 | 81.233 | 81.233 |
|  -999 | 84.277 | 99.039 | 99.596 | 91.276 | 91.276 |
|   0   | 84.378 | 98.787 | 99.494 | 91.214 | 91.214 |
|   1   | 84.479 | 98.888 | 99.494 | 91.312 | 91.312 |
|   2   | 85.086 | 98.837 | 99.444 | 91.618 | 91.618 |
|   3   | 84.934 | 98.837 | 99.444 | 91.531 | 91.531 |
|   4   | 84.732 | 98.787 | 99.444 | 91.422 | 91.422 |
|   5   | 84.884 | 98.787 | 99.393 | 91.496 | 91.496 |
|   6   | 84.783 | 98.787 | 99.393 | 91.447 | 91.447 |
|   7   | 84.884 | 98.787 | 99.393 | 91.497 | 91.497 |
|   8   | 84.833 | 98.787 | 99.343 | 91.481 | 91.481 |
|   9   | 84.732 | 98.787 | 99.343 | 91.442 | 91.442 |
|   10  | 84.681 | 98.736 | 99.343 | 91.415 | 91.415 |
|   11  | 84.631 | 98.787 | 99.343 | 91.392 | 91.392 |
|   12  | 84.732 | 98.787 | 99.343 | 91.441 | 91.441 |
|   13  | 84.783 | 98.736 | 99.343 | 91.465 | 91.465 |
|   14  | 84.884 | 98.736 | 99.343 | 91.515 | 91.515 |
|   15  | 84.884 | 98.736 | 99.393 | 91.516 | 91.516 |
|   16  | 84.934 | 98.787 | 99.393 | 91.543 | 91.543 |
|   17  | 84.934 | 98.787 | 99.393 | 91.544 | 91.544 |
|   18  | 84.985 | 98.787 | 99.343 | 91.569 | 91.569 |
|   19  | 84.833 | 98.787 | 99.343 | 91.489 | 91.489 |
|   20  | 84.884 | 98.787 | 99.343 | 91.514 | 91.514 |
|   21  | 84.884 | 98.787 | 99.343 | 91.514 | 91.514 |
|   22  | 84.934 | 98.787 | 99.343 | 91.539 | 91.539 |
|   23  | 84.934 | 98.787 | 99.343 | 91.538 | 91.538 |
|   24  | 84.884 | 98.787 | 99.343 | 91.513 | 91.513 |
|   25  | 84.884 | 98.787 | 99.343 | 91.513 | 91.513 |
|   26  | 84.884 | 98.787 | 99.343 | 91.513 | 91.513 |
|   27  | 84.884 | 98.787 | 99.343 | 91.513 | 91.513 |
|   28  | 84.884 | 98.787 | 99.343 | 91.513 | 91.513 |
|   29  | 84.884 | 98.787 | 99.343 | 91.513 | 91.513 |
+-------+--------+--------+--------+--------+--------+
     logs:  {'epo': 29, 'R1': np.float32(84.884), 'R5': np.float32(98.787), 'R10': np.float32(99.343), 'mAP': np.float32(91.513), 'mINP': np.float32(91.513), 'lr': 1e-06, 'entropy': 0.174148, 'loss': 0.174148}
### best epoch: 2
### Time 0:45:39
NNODES,  1
NODE_RANK,  0
MASTER_ADDR,  127.0.0.1
MASTER_PORT,  1612
NPROC_PER_NODE,  2
task:  tta_exp6.4.1
config:  configs/tta_exp6.4.1.yaml
output_dir:  output/tta_exp6.4.1/2025082322194
CUDA_VISIBLE_DEVICES=2 python3 tta.py --config configs/tta_exp6.4.1.yaml --task tta_exp6.4.1 --output_dir output/tta_exp6.4.1/2025082322194 --checkpoint checkpoint/cmp.pth --bs 0 --epo 0 --lr 0.0 --seed 42 --tta
