/home/jiahao/miniconda3/envs/cmp/lib/python3.10/site-packages/torch/functional.py:554: UserWarning: torch.meshgrid: in an upcoming release, it will be required to pass the indexing argument. (Triggered internally at /pytorch/aten/src/ATen/native/TensorShape.cpp:4322.)
  return _VF.meshgrid(tensors, **kwargs)  # type: ignore[attr-defined]
Not using distributed mode
### Hyper-parameters:
     seed: 42
     device: cuda
     output_dir: output/tta_exp3.5/2025082218384
     batch_size_tta: 16
     epochs: 30
     lr: 0.0005
### Creating test dataset
from data/PAB/annotation/test/attr.json loading 1978 data
test dataset -->    be_pose_img: True
     test_dataset: 1978
### Creating test dataloader
### be careful: func create_loader returns a list length of 1
     test_loader: 90
### Creating model
build_vision_encoder: load swin 224 x 224 ====>
missing_keys:  []
unexpected_keys:  ['head.weight', 'head.bias']
build_text_encoder: load bert ====>
missing_keys: ['bert.encoder.layer.10.crossattention.output.LayerNorm.bias', 'bert.encoder.layer.10.crossattention.output.LayerNorm.weight', 'bert.encoder.layer.10.crossattention.output.dense.bias', 'bert.encoder.layer.10.crossattention.output.dense.weight', 'bert.encoder.layer.10.crossattention.self.key.bias', 'bert.encoder.layer.10.crossattention.self.key.weight', 'bert.encoder.layer.10.crossattention.self.query.bias', 'bert.encoder.layer.10.crossattention.self.query.weight', 'bert.encoder.layer.10.crossattention.self.value.bias', 'bert.encoder.layer.10.crossattention.self.value.weight', 'bert.encoder.layer.11.crossattention.output.LayerNorm.bias', 'bert.encoder.layer.11.crossattention.output.LayerNorm.weight', 'bert.encoder.layer.11.crossattention.output.dense.bias', 'bert.encoder.layer.11.crossattention.output.dense.weight', 'bert.encoder.layer.11.crossattention.self.key.bias', 'bert.encoder.layer.11.crossattention.self.key.weight', 'bert.encoder.layer.11.crossattention.self.query.bias', 'bert.encoder.layer.11.crossattention.self.query.weight', 'bert.encoder.layer.11.crossattention.self.value.bias', 'bert.encoder.layer.11.crossattention.self.value.weight', 'bert.encoder.layer.6.crossattention.output.LayerNorm.bias', 'bert.encoder.layer.6.crossattention.output.LayerNorm.weight', 'bert.encoder.layer.6.crossattention.output.dense.bias', 'bert.encoder.layer.6.crossattention.output.dense.weight', 'bert.encoder.layer.6.crossattention.self.key.bias', 'bert.encoder.layer.6.crossattention.self.key.weight', 'bert.encoder.layer.6.crossattention.self.query.bias', 'bert.encoder.layer.6.crossattention.self.query.weight', 'bert.encoder.layer.6.crossattention.self.value.bias', 'bert.encoder.layer.6.crossattention.self.value.weight', 'bert.encoder.layer.7.crossattention.output.LayerNorm.bias', 'bert.encoder.layer.7.crossattention.output.LayerNorm.weight', 'bert.encoder.layer.7.crossattention.output.dense.bias', 'bert.encoder.layer.7.crossattention.output.dense.weight', 'bert.encoder.layer.7.crossattention.self.key.bias', 'bert.encoder.layer.7.crossattention.self.key.weight', 'bert.encoder.layer.7.crossattention.self.query.bias', 'bert.encoder.layer.7.crossattention.self.query.weight', 'bert.encoder.layer.7.crossattention.self.value.bias', 'bert.encoder.layer.7.crossattention.self.value.weight', 'bert.encoder.layer.8.crossattention.output.LayerNorm.bias', 'bert.encoder.layer.8.crossattention.output.LayerNorm.weight', 'bert.encoder.layer.8.crossattention.output.dense.bias', 'bert.encoder.layer.8.crossattention.output.dense.weight', 'bert.encoder.layer.8.crossattention.self.key.bias', 'bert.encoder.layer.8.crossattention.self.key.weight', 'bert.encoder.layer.8.crossattention.self.query.bias', 'bert.encoder.layer.8.crossattention.self.query.weight', 'bert.encoder.layer.8.crossattention.self.value.bias', 'bert.encoder.layer.8.crossattention.self.value.weight', 'bert.encoder.layer.9.crossattention.output.LayerNorm.bias', 'bert.encoder.layer.9.crossattention.output.LayerNorm.weight', 'bert.encoder.layer.9.crossattention.output.dense.bias', 'bert.encoder.layer.9.crossattention.output.dense.weight', 'bert.encoder.layer.9.crossattention.self.key.bias', 'bert.encoder.layer.9.crossattention.self.key.weight', 'bert.encoder.layer.9.crossattention.self.query.bias', 'bert.encoder.layer.9.crossattention.self.query.weight', 'bert.encoder.layer.9.crossattention.self.value.bias', 'bert.encoder.layer.9.crossattention.self.value.weight']
unexpected_keys: ['cls.seq_relationship.bias', 'cls.seq_relationship.weight']
mismatched_keys: []
error_msgs: []
Label Smooth: 0.2
pose_conv
load checkpoint from checkpoint/cmp.pth
missing_keys:  ['uncertainty_temper', 'prompt_learning_embedding']
unexpected_keys:  []
     Total Params Sum:  254264985
### Inference ITC similiarity matrix
### Zero-Shot Score: 
+-------+--------+--------+--------+--------+--------+
| epoch |   R1   |   R5   |  R10   |  mAP   |  mINP  |
+-------+--------+--------+--------+--------+--------+
|  -999 | 69.414 | 95.197 | 97.776 | 81.233 | 81.233 |
|  -999 | 84.277 | 99.039 | 99.596 | 91.276 | 91.276 |
+-------+--------+--------+--------+--------+--------+
### TTA:
     preprocess_tta_coefficients  start
     sample selection ...
     number of sample after sample_selection: 1978
     uncertainty ...
     preprocess_tta_coefficients  end
### Creating tta dataset
     tta_dataset: 1978
### Creating tta dataloader
### be careful: func create_loader returns a list length of 1
     tta_loader: 123
### Configure adapted weights
     TTA Dropout Modules: 
 [('vision_encoder.pos_drop', Dropout(p=0, inplace=False), True), ('vision_encoder.layers.0.blocks.0.attn.attn_drop', Dropout(p=0.0, inplace=False), True), ('vision_encoder.layers.0.blocks.0.attn.proj_drop', Dropout(p=0, inplace=False), True), ('vision_encoder.layers.0.blocks.0.mlp.drop', Dropout(p=0, inplace=False), True), ('vision_encoder.layers.0.blocks.1.attn.attn_drop', Dropout(p=0.0, inplace=False), True), ('vision_encoder.layers.0.blocks.1.attn.proj_drop', Dropout(p=0, inplace=False), True), ('vision_encoder.layers.0.blocks.1.mlp.drop', Dropout(p=0, inplace=False), True), ('vision_encoder.layers.1.blocks.0.attn.attn_drop', Dropout(p=0.0, inplace=False), True), ('vision_encoder.layers.1.blocks.0.attn.proj_drop', Dropout(p=0, inplace=False), True), ('vision_encoder.layers.1.blocks.0.mlp.drop', Dropout(p=0, inplace=False), True), ('vision_encoder.layers.1.blocks.1.attn.attn_drop', Dropout(p=0.0, inplace=False), True), ('vision_encoder.layers.1.blocks.1.attn.proj_drop', Dropout(p=0, inplace=False), True), ('vision_encoder.layers.1.blocks.1.mlp.drop', Dropout(p=0, inplace=False), True), ('vision_encoder.layers.2.blocks.0.attn.attn_drop', Dropout(p=0.0, inplace=False), True), ('vision_encoder.layers.2.blocks.0.attn.proj_drop', Dropout(p=0, inplace=False), True), ('vision_encoder.layers.2.blocks.0.mlp.drop', Dropout(p=0, inplace=False), True), ('vision_encoder.layers.2.blocks.1.attn.attn_drop', Dropout(p=0.0, inplace=False), True), ('vision_encoder.layers.2.blocks.1.attn.proj_drop', Dropout(p=0, inplace=False), True), ('vision_encoder.layers.2.blocks.1.mlp.drop', Dropout(p=0, inplace=False), True), ('vision_encoder.layers.2.blocks.2.attn.attn_drop', Dropout(p=0.0, inplace=False), True), ('vision_encoder.layers.2.blocks.2.attn.proj_drop', Dropout(p=0, inplace=False), True), ('vision_encoder.layers.2.blocks.2.mlp.drop', Dropout(p=0, inplace=False), True), ('vision_encoder.layers.2.blocks.3.attn.attn_drop', Dropout(p=0.0, inplace=False), True), ('vision_encoder.layers.2.blocks.3.attn.proj_drop', Dropout(p=0, inplace=False), True), ('vision_encoder.layers.2.blocks.3.mlp.drop', Dropout(p=0, inplace=False), True), ('vision_encoder.layers.2.blocks.4.attn.attn_drop', Dropout(p=0.0, inplace=False), True), ('vision_encoder.layers.2.blocks.4.attn.proj_drop', Dropout(p=0, inplace=False), True), ('vision_encoder.layers.2.blocks.4.mlp.drop', Dropout(p=0, inplace=False), True), ('vision_encoder.layers.2.blocks.5.attn.attn_drop', Dropout(p=0.0, inplace=False), True), ('vision_encoder.layers.2.blocks.5.attn.proj_drop', Dropout(p=0, inplace=False), True), ('vision_encoder.layers.2.blocks.5.mlp.drop', Dropout(p=0, inplace=False), True), ('vision_encoder.layers.2.blocks.6.attn.attn_drop', Dropout(p=0.0, inplace=False), True), ('vision_encoder.layers.2.blocks.6.attn.proj_drop', Dropout(p=0, inplace=False), True), ('vision_encoder.layers.2.blocks.6.mlp.drop', Dropout(p=0, inplace=False), True), ('vision_encoder.layers.2.blocks.7.attn.attn_drop', Dropout(p=0.0, inplace=False), True), ('vision_encoder.layers.2.blocks.7.attn.proj_drop', Dropout(p=0, inplace=False), True), ('vision_encoder.layers.2.blocks.7.mlp.drop', Dropout(p=0, inplace=False), True), ('vision_encoder.layers.2.blocks.8.attn.attn_drop', Dropout(p=0.0, inplace=False), True), ('vision_encoder.layers.2.blocks.8.attn.proj_drop', Dropout(p=0, inplace=False), True), ('vision_encoder.layers.2.blocks.8.mlp.drop', Dropout(p=0, inplace=False), True), ('vision_encoder.layers.2.blocks.9.attn.attn_drop', Dropout(p=0.0, inplace=False), True), ('vision_encoder.layers.2.blocks.9.attn.proj_drop', Dropout(p=0, inplace=False), True), ('vision_encoder.layers.2.blocks.9.mlp.drop', Dropout(p=0, inplace=False), True), ('vision_encoder.layers.2.blocks.10.attn.attn_drop', Dropout(p=0.0, inplace=False), True), ('vision_encoder.layers.2.blocks.10.attn.proj_drop', Dropout(p=0, inplace=False), True), ('vision_encoder.layers.2.blocks.10.mlp.drop', Dropout(p=0, inplace=False), True), ('vision_encoder.layers.2.blocks.11.attn.attn_drop', Dropout(p=0.0, inplace=False), True), ('vision_encoder.layers.2.blocks.11.attn.proj_drop', Dropout(p=0, inplace=False), True), ('vision_encoder.layers.2.blocks.11.mlp.drop', Dropout(p=0, inplace=False), True), ('vision_encoder.layers.2.blocks.12.attn.attn_drop', Dropout(p=0.0, inplace=False), True), ('vision_encoder.layers.2.blocks.12.attn.proj_drop', Dropout(p=0, inplace=False), True), ('vision_encoder.layers.2.blocks.12.mlp.drop', Dropout(p=0, inplace=False), True), ('vision_encoder.layers.2.blocks.13.attn.attn_drop', Dropout(p=0.0, inplace=False), True), ('vision_encoder.layers.2.blocks.13.attn.proj_drop', Dropout(p=0, inplace=False), True), ('vision_encoder.layers.2.blocks.13.mlp.drop', Dropout(p=0, inplace=False), True), ('vision_encoder.layers.2.blocks.14.attn.attn_drop', Dropout(p=0.0, inplace=False), True), ('vision_encoder.layers.2.blocks.14.attn.proj_drop', Dropout(p=0, inplace=False), True), ('vision_encoder.layers.2.blocks.14.mlp.drop', Dropout(p=0, inplace=False), True), ('vision_encoder.layers.2.blocks.15.attn.attn_drop', Dropout(p=0.0, inplace=False), True), ('vision_encoder.layers.2.blocks.15.attn.proj_drop', Dropout(p=0, inplace=False), True), ('vision_encoder.layers.2.blocks.15.mlp.drop', Dropout(p=0, inplace=False), True), ('vision_encoder.layers.2.blocks.16.attn.attn_drop', Dropout(p=0.0, inplace=False), True), ('vision_encoder.layers.2.blocks.16.attn.proj_drop', Dropout(p=0, inplace=False), True), ('vision_encoder.layers.2.blocks.16.mlp.drop', Dropout(p=0, inplace=False), True), ('vision_encoder.layers.2.blocks.17.attn.attn_drop', Dropout(p=0.0, inplace=False), True), ('vision_encoder.layers.2.blocks.17.attn.proj_drop', Dropout(p=0, inplace=False), True), ('vision_encoder.layers.2.blocks.17.mlp.drop', Dropout(p=0, inplace=False), True), ('vision_encoder.layers.3.blocks.0.attn.attn_drop', Dropout(p=0.0, inplace=False), True), ('vision_encoder.layers.3.blocks.0.attn.proj_drop', Dropout(p=0, inplace=False), True), ('vision_encoder.layers.3.blocks.0.mlp.drop', Dropout(p=0, inplace=False), True), ('vision_encoder.layers.3.blocks.1.attn.attn_drop', Dropout(p=0.0, inplace=False), True), ('vision_encoder.layers.3.blocks.1.attn.proj_drop', Dropout(p=0, inplace=False), True), ('vision_encoder.layers.3.blocks.1.mlp.drop', Dropout(p=0, inplace=False), True), ('vision_proj.1', Dropout(p=0.5, inplace=False), True), ('text_proj.1', Dropout(p=0.5, inplace=False), True), ('pose_block.attn.attn_drop', Dropout(p=0.0, inplace=False), True), ('pose_block.attn.proj_drop', Dropout(p=0.0, inplace=False), True)]
     TTA Require Gradient Params: 
 [('text_encoder.bert.embeddings.LayerNorm.weight', torch.Size([768])), ('text_encoder.bert.embeddings.LayerNorm.bias', torch.Size([768])), ('text_encoder.bert.encoder.layer.6.attention.output.LayerNorm.weight', torch.Size([768])), ('text_encoder.bert.encoder.layer.6.attention.output.LayerNorm.bias', torch.Size([768])), ('text_encoder.bert.encoder.layer.6.crossattention.output.LayerNorm.weight', torch.Size([768])), ('text_encoder.bert.encoder.layer.6.crossattention.output.LayerNorm.bias', torch.Size([768])), ('text_encoder.bert.encoder.layer.6.output.LayerNorm.weight', torch.Size([768])), ('text_encoder.bert.encoder.layer.6.output.LayerNorm.bias', torch.Size([768])), ('text_encoder.bert.encoder.layer.7.attention.output.LayerNorm.weight', torch.Size([768])), ('text_encoder.bert.encoder.layer.7.attention.output.LayerNorm.bias', torch.Size([768])), ('text_encoder.bert.encoder.layer.7.crossattention.output.LayerNorm.weight', torch.Size([768])), ('text_encoder.bert.encoder.layer.7.crossattention.output.LayerNorm.bias', torch.Size([768])), ('text_encoder.bert.encoder.layer.7.output.LayerNorm.weight', torch.Size([768])), ('text_encoder.bert.encoder.layer.7.output.LayerNorm.bias', torch.Size([768])), ('text_encoder.bert.encoder.layer.8.attention.output.LayerNorm.weight', torch.Size([768])), ('text_encoder.bert.encoder.layer.8.attention.output.LayerNorm.bias', torch.Size([768])), ('text_encoder.bert.encoder.layer.8.crossattention.output.LayerNorm.weight', torch.Size([768])), ('text_encoder.bert.encoder.layer.8.crossattention.output.LayerNorm.bias', torch.Size([768])), ('text_encoder.bert.encoder.layer.8.output.LayerNorm.weight', torch.Size([768])), ('text_encoder.bert.encoder.layer.8.output.LayerNorm.bias', torch.Size([768])), ('text_encoder.bert.encoder.layer.9.attention.output.LayerNorm.weight', torch.Size([768])), ('text_encoder.bert.encoder.layer.9.attention.output.LayerNorm.bias', torch.Size([768])), ('text_encoder.bert.encoder.layer.9.crossattention.output.LayerNorm.weight', torch.Size([768])), ('text_encoder.bert.encoder.layer.9.crossattention.output.LayerNorm.bias', torch.Size([768])), ('text_encoder.bert.encoder.layer.9.output.LayerNorm.weight', torch.Size([768])), ('text_encoder.bert.encoder.layer.9.output.LayerNorm.bias', torch.Size([768])), ('text_encoder.bert.encoder.layer.10.attention.output.LayerNorm.weight', torch.Size([768])), ('text_encoder.bert.encoder.layer.10.attention.output.LayerNorm.bias', torch.Size([768])), ('text_encoder.bert.encoder.layer.10.crossattention.output.LayerNorm.weight', torch.Size([768])), ('text_encoder.bert.encoder.layer.10.crossattention.output.LayerNorm.bias', torch.Size([768])), ('text_encoder.bert.encoder.layer.10.output.LayerNorm.weight', torch.Size([768])), ('text_encoder.bert.encoder.layer.10.output.LayerNorm.bias', torch.Size([768])), ('text_encoder.bert.encoder.layer.11.attention.output.LayerNorm.weight', torch.Size([768])), ('text_encoder.bert.encoder.layer.11.attention.output.LayerNorm.bias', torch.Size([768])), ('text_encoder.bert.encoder.layer.11.crossattention.output.LayerNorm.weight', torch.Size([768])), ('text_encoder.bert.encoder.layer.11.crossattention.output.LayerNorm.bias', torch.Size([768])), ('text_encoder.bert.encoder.layer.11.output.LayerNorm.weight', torch.Size([768])), ('text_encoder.bert.encoder.layer.11.output.LayerNorm.bias', torch.Size([768])), ('text_encoder.cls.predictions.transform.LayerNorm.weight', torch.Size([768])), ('text_encoder.cls.predictions.transform.LayerNorm.bias', torch.Size([768])), ('itm_head.1.weight', torch.Size([1536])), ('itm_head.1.bias', torch.Size([1536]))]
     TTA Dropout Modules Number: 
 77
     TTA Require Gradient Params Sum: 
 33792
     lr:  0.0005    lr_mult:  2
     model has 'init_params',  386
     num_tta_steps:  3720
     num_warmup_steps:  100
     sched: step
/home/jiahao/task/CMP/tta.py:206: FutureWarning: `torch.cuda.amp.GradScaler(args...)` is deprecated. Please use `torch.amp.GradScaler('cuda', args...)` instead.
  scaler = GradScaler()  # bf16
### Start ITM Test Time Adaptation
      TTA Epoch: [0] [  0/123]  eta: 0:02:06  lr: 0.000005  entropy: 0.3814  loss: 2.8312  time: 1.0276  data: 0.4802  max mem: 2639
      TTA Epoch: [0] [100/123]  eta: 0:00:01  lr: 0.000500  entropy: 0.0514  loss: 2.7081  time: 0.0331  data: 0.0001  max mem: 2671
      TTA Epoch: [0] [122/123]  eta: 0:00:00  lr: 0.000497  entropy: 0.3436  loss: 2.8165  time: 0.0325  data: 0.0001  max mem: 2671
      TTA Epoch: [0] Total time: 0:00:05 (0.0416 s / it)
     Averaged stats: lr: 0.0003  entropy: 0.3222  loss: 2.8092
     Computing matching score
      Evaluation: [   0/1978]  eta: 0:03:11    time: 0.0969  data: 0.0033  max mem: 2671
      Evaluation: [ 100/1978]  eta: 0:01:21    time: 0.0420  data: 0.0000  max mem: 2671
      Evaluation: [ 200/1978]  eta: 0:01:15    time: 0.0419  data: 0.0000  max mem: 2671
      Evaluation: [ 300/1978]  eta: 0:01:10    time: 0.0421  data: 0.0000  max mem: 2671
      Evaluation: [ 400/1978]  eta: 0:01:06    time: 0.0409  data: 0.0000  max mem: 2671
      Evaluation: [ 500/1978]  eta: 0:01:01    time: 0.0415  data: 0.0000  max mem: 2671
      Evaluation: [ 600/1978]  eta: 0:00:57    time: 0.0421  data: 0.0000  max mem: 2671
      Evaluation: [ 700/1978]  eta: 0:00:53    time: 0.0415  data: 0.0000  max mem: 2671
      Evaluation: [ 800/1978]  eta: 0:00:49    time: 0.0420  data: 0.0000  max mem: 2671
      Evaluation: [ 900/1978]  eta: 0:00:45    time: 0.0425  data: 0.0000  max mem: 2671
      Evaluation: [1000/1978]  eta: 0:00:41    time: 0.0450  data: 0.0000  max mem: 2671
      Evaluation: [1100/1978]  eta: 0:00:37    time: 0.0437  data: 0.0000  max mem: 2671
      Evaluation: [1200/1978]  eta: 0:00:33    time: 0.0467  data: 0.0000  max mem: 2671
      Evaluation: [1300/1978]  eta: 0:00:29    time: 0.0480  data: 0.0000  max mem: 2671
      Evaluation: [1400/1978]  eta: 0:00:24    time: 0.0417  data: 0.0000  max mem: 2671
      Evaluation: [1500/1978]  eta: 0:00:20    time: 0.0420  data: 0.0000  max mem: 2671
      Evaluation: [1600/1978]  eta: 0:00:16    time: 0.0420  data: 0.0000  max mem: 2671
      Evaluation: [1700/1978]  eta: 0:00:11    time: 0.0410  data: 0.0000  max mem: 2671
      Evaluation: [1800/1978]  eta: 0:00:07    time: 0.0401  data: 0.0000  max mem: 2671
      Evaluation: [1900/1978]  eta: 0:00:03    time: 0.0407  data: 0.0000  max mem: 2671
      Evaluation: [1977/1978]  eta: 0:00:00    time: 0.0411  data: 0.0000  max mem: 2671
      Evaluation: Total time: 0:01:24 (0.0425 s / it)
     Computing matching score time 0:01:24
### TTA ITM Score: 
+-------+--------+--------+--------+--------+--------+
| epoch |   R1   |   R5   |  R10   |  mAP   |  mINP  |
+-------+--------+--------+--------+--------+--------+
|  -999 | 69.414 | 95.197 | 97.776 | 81.233 | 81.233 |
|  -999 | 84.277 | 99.039 | 99.596 | 91.276 | 91.276 |
|   0   | 84.580 | 98.635 | 99.292 | 91.286 | 91.286 |
+-------+--------+--------+--------+--------+--------+
     logs:  {'epo': 0, 'R1': np.float32(84.58), 'R5': np.float32(98.635), 'R10': np.float32(99.292), 'mAP': np.float32(91.286), 'mINP': np.float32(91.286), 'lr': 0.000298, 'entropy': 0.322231, 'loss': 2.809186}
      TTA Epoch: [1] [  0/123]  eta: 0:00:52  lr: 0.000497  entropy: 0.1532  loss: 2.7464  time: 0.4246  data: 0.3698  max mem: 2671
      TTA Epoch: [1] [100/123]  eta: 0:00:00  lr: 0.000483  entropy: 0.1246  loss: 2.7352  time: 0.0336  data: 0.0001  max mem: 2671
      TTA Epoch: [1] [122/123]  eta: 0:00:00  lr: 0.000480  entropy: 0.2484  loss: 2.7819  time: 0.0311  data: 0.0001  max mem: 2671
      TTA Epoch: [1] Total time: 0:00:04 (0.0365 s / it)
     Averaged stats: lr: 0.0005  entropy: 0.1892  loss: 2.7597
     Computing matching score
      Evaluation: [   0/1978]  eta: 0:01:46    time: 0.0537  data: 0.0045  max mem: 2671
      Evaluation: [ 100/1978]  eta: 0:01:18    time: 0.0418  data: 0.0000  max mem: 2671
      Evaluation: [ 200/1978]  eta: 0:01:13    time: 0.0405  data: 0.0000  max mem: 2671
      Evaluation: [ 300/1978]  eta: 0:01:09    time: 0.0409  data: 0.0000  max mem: 2671
      Evaluation: [ 400/1978]  eta: 0:01:05    time: 0.0428  data: 0.0000  max mem: 2671
      Evaluation: [ 500/1978]  eta: 0:01:01    time: 0.0414  data: 0.0000  max mem: 2671
      Evaluation: [ 600/1978]  eta: 0:00:57    time: 0.0410  data: 0.0000  max mem: 2671
      Evaluation: [ 700/1978]  eta: 0:00:53    time: 0.0432  data: 0.0000  max mem: 2671
      Evaluation: [ 800/1978]  eta: 0:00:49    time: 0.0421  data: 0.0000  max mem: 2671
      Evaluation: [ 900/1978]  eta: 0:00:45    time: 0.0425  data: 0.0000  max mem: 2671
      Evaluation: [1000/1978]  eta: 0:00:41    time: 0.0424  data: 0.0000  max mem: 2671
      Evaluation: [1100/1978]  eta: 0:00:36    time: 0.0410  data: 0.0000  max mem: 2671
      Evaluation: [1200/1978]  eta: 0:00:32    time: 0.0404  data: 0.0000  max mem: 2671
      Evaluation: [1300/1978]  eta: 0:00:28    time: 0.0406  data: 0.0000  max mem: 2671
      Evaluation: [1400/1978]  eta: 0:00:24    time: 0.0407  data: 0.0000  max mem: 2671
      Evaluation: [1500/1978]  eta: 0:00:19    time: 0.0405  data: 0.0000  max mem: 2671
      Evaluation: [1600/1978]  eta: 0:00:15    time: 0.0401  data: 0.0000  max mem: 2671
      Evaluation: [1700/1978]  eta: 0:00:11    time: 0.0405  data: 0.0000  max mem: 2671
      Evaluation: [1800/1978]  eta: 0:00:07    time: 0.0407  data: 0.0000  max mem: 2671
      Evaluation: [1900/1978]  eta: 0:00:03    time: 0.0408  data: 0.0000  max mem: 2671
      Evaluation: [1977/1978]  eta: 0:00:00    time: 0.0406  data: 0.0000  max mem: 2671
      Evaluation: Total time: 0:01:21 (0.0413 s / it)
     Computing matching score time 0:01:22
### TTA ITM Score: 
+-------+--------+--------+--------+--------+--------+
| epoch |   R1   |   R5   |  R10   |  mAP   |  mINP  |
+-------+--------+--------+--------+--------+--------+
|  -999 | 69.414 | 95.197 | 97.776 | 81.233 | 81.233 |
|  -999 | 84.277 | 99.039 | 99.596 | 91.276 | 91.276 |
|   0   | 84.580 | 98.635 | 99.292 | 91.286 | 91.286 |
|   1   | 84.580 | 98.837 | 99.393 | 91.318 | 91.318 |
+-------+--------+--------+--------+--------+--------+
     logs:  {'epo': 1, 'R1': np.float32(84.58), 'R5': np.float32(98.837), 'R10': np.float32(99.393), 'mAP': np.float32(91.318), 'mINP': np.float32(91.318), 'lr': 0.000488, 'entropy': 0.189212, 'loss': 2.759714}
      TTA Epoch: [2] [  0/123]  eta: 0:00:57  lr: 0.000480  entropy: 0.1607  loss: 2.7499  time: 0.4715  data: 0.3988  max mem: 2671
      TTA Epoch: [2] [100/123]  eta: 0:00:00  lr: 0.000466  entropy: 0.1453  loss: 2.7438  time: 0.0366  data: 0.0001  max mem: 2671
      TTA Epoch: [2] [122/123]  eta: 0:00:00  lr: 0.000463  entropy: 0.1060  loss: 2.7285  time: 0.0347  data: 0.0001  max mem: 2671
      TTA Epoch: [2] Total time: 0:00:05 (0.0417 s / it)
     Averaged stats: lr: 0.0005  entropy: 0.1352  loss: 2.7396
     Computing matching score
      Evaluation: [   0/1978]  eta: 0:01:28    time: 0.0445  data: 0.0024  max mem: 2671
      Evaluation: [ 100/1978]  eta: 0:01:20    time: 0.0439  data: 0.0000  max mem: 2671
      Evaluation: [ 200/1978]  eta: 0:01:16    time: 0.0419  data: 0.0000  max mem: 2671
      Evaluation: [ 300/1978]  eta: 0:01:12    time: 0.0440  data: 0.0000  max mem: 2671
      Evaluation: [ 400/1978]  eta: 0:01:08    time: 0.0433  data: 0.0000  max mem: 2671
      Evaluation: [ 500/1978]  eta: 0:01:04    time: 0.0450  data: 0.0000  max mem: 2671
      Evaluation: [ 600/1978]  eta: 0:00:59    time: 0.0414  data: 0.0000  max mem: 2671
      Evaluation: [ 700/1978]  eta: 0:00:55    time: 0.0424  data: 0.0000  max mem: 2671
      Evaluation: [ 800/1978]  eta: 0:00:50    time: 0.0428  data: 0.0000  max mem: 2671
      Evaluation: [ 900/1978]  eta: 0:00:46    time: 0.0437  data: 0.0000  max mem: 2671
      Evaluation: [1000/1978]  eta: 0:00:41    time: 0.0408  data: 0.0000  max mem: 2671
      Evaluation: [1100/1978]  eta: 0:00:37    time: 0.0407  data: 0.0000  max mem: 2671
      Evaluation: [1200/1978]  eta: 0:00:33    time: 0.0408  data: 0.0000  max mem: 2671
      Evaluation: [1300/1978]  eta: 0:00:28    time: 0.0410  data: 0.0000  max mem: 2671
      Evaluation: [1400/1978]  eta: 0:00:24    time: 0.0406  data: 0.0000  max mem: 2671
      Evaluation: [1500/1978]  eta: 0:00:20    time: 0.0419  data: 0.0000  max mem: 2671
      Evaluation: [1600/1978]  eta: 0:00:15    time: 0.0440  data: 0.0000  max mem: 2671
      Evaluation: [1700/1978]  eta: 0:00:11    time: 0.0438  data: 0.0000  max mem: 2671
      Evaluation: [1800/1978]  eta: 0:00:07    time: 0.0434  data: 0.0000  max mem: 2671
      Evaluation: [1900/1978]  eta: 0:00:03    time: 0.0455  data: 0.0000  max mem: 2671
      Evaluation: [1977/1978]  eta: 0:00:00    time: 0.0443  data: 0.0000  max mem: 2671
      Evaluation: Total time: 0:01:24 (0.0426 s / it)
     Computing matching score time 0:01:24
### TTA ITM Score: 
+-------+--------+--------+--------+--------+--------+
| epoch |   R1   |   R5   |  R10   |  mAP   |  mINP  |
+-------+--------+--------+--------+--------+--------+
|  -999 | 69.414 | 95.197 | 97.776 | 81.233 | 81.233 |
|  -999 | 84.277 | 99.039 | 99.596 | 91.276 | 91.276 |
|   0   | 84.580 | 98.635 | 99.292 | 91.286 | 91.286 |
|   1   | 84.580 | 98.837 | 99.393 | 91.318 | 91.318 |
|   2   | 84.479 | 98.686 | 99.444 | 91.268 | 91.268 |
+-------+--------+--------+--------+--------+--------+
     logs:  {'epo': 2, 'R1': np.float32(84.479), 'R5': np.float32(98.686), 'R10': np.float32(99.444), 'mAP': np.float32(91.268), 'mINP': np.float32(91.268), 'lr': 0.000471, 'entropy': 0.135214, 'loss': 2.739649}
      TTA Epoch: [3] [  0/123]  eta: 0:01:04  lr: 0.000463  entropy: 0.2065  loss: 2.7662  time: 0.5264  data: 0.4569  max mem: 2671
      TTA Epoch: [3] [100/123]  eta: 0:00:01  lr: 0.000224  entropy: 0.0585  loss: 2.7116  time: 0.0420  data: 0.0038  max mem: 2671
      TTA Epoch: [3] [122/123]  eta: 0:00:00  lr: 0.000223  entropy: 0.1221  loss: 2.7339  time: 0.0402  data: 0.0047  max mem: 2671
      TTA Epoch: [3] Total time: 0:00:05 (0.0446 s / it)
     Averaged stats: lr: 0.0003  entropy: 0.1138  loss: 2.7317
     Computing matching score
      Evaluation: [   0/1978]  eta: 0:01:38    time: 0.0500  data: 0.0034  max mem: 2671
      Evaluation: [ 100/1978]  eta: 0:01:20    time: 0.0413  data: 0.0000  max mem: 2671
      Evaluation: [ 200/1978]  eta: 0:01:14    time: 0.0408  data: 0.0000  max mem: 2671
      Evaluation: [ 300/1978]  eta: 0:01:09    time: 0.0412  data: 0.0000  max mem: 2671
      Evaluation: [ 400/1978]  eta: 0:01:05    time: 0.0405  data: 0.0000  max mem: 2671
      Evaluation: [ 500/1978]  eta: 0:01:01    time: 0.0412  data: 0.0000  max mem: 2671
      Evaluation: [ 600/1978]  eta: 0:00:56    time: 0.0409  data: 0.0000  max mem: 2671
      Evaluation: [ 700/1978]  eta: 0:00:52    time: 0.0415  data: 0.0000  max mem: 2671
      Evaluation: [ 800/1978]  eta: 0:00:48    time: 0.0409  data: 0.0000  max mem: 2671
      Evaluation: [ 900/1978]  eta: 0:00:44    time: 0.0408  data: 0.0000  max mem: 2671
      Evaluation: [1000/1978]  eta: 0:00:40    time: 0.0410  data: 0.0000  max mem: 2671
      Evaluation: [1100/1978]  eta: 0:00:36    time: 0.0417  data: 0.0000  max mem: 2671
      Evaluation: [1200/1978]  eta: 0:00:32    time: 0.0437  data: 0.0000  max mem: 2671
      Evaluation: [1300/1978]  eta: 0:00:28    time: 0.0417  data: 0.0000  max mem: 2671
      Evaluation: [1400/1978]  eta: 0:00:24    time: 0.0454  data: 0.0000  max mem: 2671
      Evaluation: [1500/1978]  eta: 0:00:20    time: 0.0438  data: 0.0000  max mem: 2671
      Evaluation: [1600/1978]  eta: 0:00:15    time: 0.0433  data: 0.0000  max mem: 2671
      Evaluation: [1700/1978]  eta: 0:00:11    time: 0.0401  data: 0.0000  max mem: 2671
      Evaluation: [1800/1978]  eta: 0:00:07    time: 0.0405  data: 0.0000  max mem: 2671
      Evaluation: [1900/1978]  eta: 0:00:03    time: 0.0404  data: 0.0000  max mem: 2671
      Evaluation: [1977/1978]  eta: 0:00:00    time: 0.0407  data: 0.0000  max mem: 2671
      Evaluation: Total time: 0:01:22 (0.0417 s / it)
     Computing matching score time 0:01:22
### TTA ITM Score: 
+-------+--------+--------+--------+--------+--------+
| epoch |   R1   |   R5   |  R10   |  mAP   |  mINP  |
+-------+--------+--------+--------+--------+--------+
|  -999 | 69.414 | 95.197 | 97.776 | 81.233 | 81.233 |
|  -999 | 84.277 | 99.039 | 99.596 | 91.276 | 91.276 |
|   0   | 84.580 | 98.635 | 99.292 | 91.286 | 91.286 |
|   1   | 84.580 | 98.837 | 99.393 | 91.318 | 91.318 |
|   2   | 84.479 | 98.686 | 99.444 | 91.268 | 91.268 |
|   3   | 84.681 | 98.736 | 99.393 | 91.357 | 91.357 |
+-------+--------+--------+--------+--------+--------+
     logs:  {'epo': 3, 'R1': np.float32(84.681), 'R5': np.float32(98.736), 'R10': np.float32(99.393), 'mAP': np.float32(91.357), 'mINP': np.float32(91.357), 'lr': 0.000283, 'entropy': 0.11384, 'loss': 2.731702}
      TTA Epoch: [4] [  0/123]  eta: 0:00:52  lr: 0.000223  entropy: 0.0996  loss: 2.7267  time: 0.4299  data: 0.3750  max mem: 2671
      TTA Epoch: [4] [100/123]  eta: 0:00:00  lr: 0.000216  entropy: 0.1007  loss: 2.7265  time: 0.0394  data: 0.0002  max mem: 2671
      TTA Epoch: [4] [122/123]  eta: 0:00:00  lr: 0.000214  entropy: 0.0719  loss: 2.7160  time: 0.0312  data: 0.0001  max mem: 2671
      TTA Epoch: [4] Total time: 0:00:04 (0.0390 s / it)
     Averaged stats: lr: 0.0002  entropy: 0.0988  loss: 2.7261
     Computing matching score
      Evaluation: [   0/1978]  eta: 0:01:30    time: 0.0457  data: 0.0034  max mem: 2671
      Evaluation: [ 100/1978]  eta: 0:01:16    time: 0.0406  data: 0.0000  max mem: 2671
      Evaluation: [ 200/1978]  eta: 0:01:12    time: 0.0406  data: 0.0000  max mem: 2671
      Evaluation: [ 300/1978]  eta: 0:01:08    time: 0.0410  data: 0.0000  max mem: 2671
      Evaluation: [ 400/1978]  eta: 0:01:04    time: 0.0409  data: 0.0000  max mem: 2671
      Evaluation: [ 500/1978]  eta: 0:01:00    time: 0.0421  data: 0.0000  max mem: 2671
      Evaluation: [ 600/1978]  eta: 0:00:56    time: 0.0421  data: 0.0000  max mem: 2671
      Evaluation: [ 700/1978]  eta: 0:00:53    time: 0.0432  data: 0.0000  max mem: 2671
      Evaluation: [ 800/1978]  eta: 0:00:49    time: 0.0425  data: 0.0000  max mem: 2671
      Evaluation: [ 900/1978]  eta: 0:00:45    time: 0.0446  data: 0.0000  max mem: 2671
      Evaluation: [1000/1978]  eta: 0:00:41    time: 0.0433  data: 0.0000  max mem: 2671
      Evaluation: [1100/1978]  eta: 0:00:37    time: 0.0429  data: 0.0000  max mem: 2671
      Evaluation: [1200/1978]  eta: 0:00:32    time: 0.0406  data: 0.0000  max mem: 2671
      Evaluation: [1300/1978]  eta: 0:00:28    time: 0.0409  data: 0.0000  max mem: 2671
      Evaluation: [1400/1978]  eta: 0:00:24    time: 0.0414  data: 0.0000  max mem: 2671
      Evaluation: [1500/1978]  eta: 0:00:19    time: 0.0411  data: 0.0000  max mem: 2671
      Evaluation: [1600/1978]  eta: 0:00:15    time: 0.0411  data: 0.0000  max mem: 2671
      Evaluation: [1700/1978]  eta: 0:00:11    time: 0.0403  data: 0.0000  max mem: 2671
      Evaluation: [1800/1978]  eta: 0:00:07    time: 0.0401  data: 0.0000  max mem: 2671
      Evaluation: [1900/1978]  eta: 0:00:03    time: 0.0404  data: 0.0000  max mem: 2671
      Evaluation: [1977/1978]  eta: 0:00:00    time: 0.0408  data: 0.0000  max mem: 2671
      Evaluation: Total time: 0:01:22 (0.0415 s / it)
     Computing matching score time 0:01:22
### TTA ITM Score: 
+-------+--------+--------+--------+--------+--------+
| epoch |   R1   |   R5   |  R10   |  mAP   |  mINP  |
+-------+--------+--------+--------+--------+--------+
|  -999 | 69.414 | 95.197 | 97.776 | 81.233 | 81.233 |
|  -999 | 84.277 | 99.039 | 99.596 | 91.276 | 91.276 |
|   0   | 84.580 | 98.635 | 99.292 | 91.286 | 91.286 |
|   1   | 84.580 | 98.837 | 99.393 | 91.318 | 91.318 |
|   2   | 84.479 | 98.686 | 99.444 | 91.268 | 91.268 |
|   3   | 84.681 | 98.736 | 99.393 | 91.357 | 91.357 |
|   4   | 84.934 | 98.837 | 99.494 | 91.498 | 91.498 |
+-------+--------+--------+--------+--------+--------+
     logs:  {'epo': 4, 'R1': np.float32(84.934), 'R5': np.float32(98.837), 'R10': np.float32(99.494), 'mAP': np.float32(91.498), 'mINP': np.float32(91.498), 'lr': 0.000219, 'entropy': 0.098778, 'loss': 2.726097}
      TTA Epoch: [5] [  0/123]  eta: 0:00:52  lr: 0.000214  entropy: 0.0503  loss: 2.7079  time: 0.4240  data: 0.3689  max mem: 2671
      TTA Epoch: [5] [100/123]  eta: 0:00:00  lr: 0.000083  entropy: 0.0783  loss: 2.7184  time: 0.0388  data: 0.0025  max mem: 2671
      TTA Epoch: [5] [122/123]  eta: 0:00:00  lr: 0.000082  entropy: 0.1149  loss: 2.7313  time: 0.0349  data: 0.0020  max mem: 2671
      TTA Epoch: [5] Total time: 0:00:04 (0.0396 s / it)
     Averaged stats: lr: 0.0002  entropy: 0.0926  loss: 2.7238
     Computing matching score
      Evaluation: [   0/1978]  eta: 0:01:31    time: 0.0462  data: 0.0033  max mem: 2671
      Evaluation: [ 100/1978]  eta: 0:01:19    time: 0.0440  data: 0.0000  max mem: 2671
      Evaluation: [ 200/1978]  eta: 0:01:16    time: 0.0432  data: 0.0000  max mem: 2671
      Evaluation: [ 300/1978]  eta: 0:01:11    time: 0.0420  data: 0.0000  max mem: 2671
      Evaluation: [ 400/1978]  eta: 0:01:08    time: 0.0459  data: 0.0000  max mem: 2671
      Evaluation: [ 500/1978]  eta: 0:01:04    time: 0.0422  data: 0.0000  max mem: 2671
      Evaluation: [ 600/1978]  eta: 0:00:59    time: 0.0410  data: 0.0000  max mem: 2671
      Evaluation: [ 700/1978]  eta: 0:00:54    time: 0.0406  data: 0.0000  max mem: 2671
      Evaluation: [ 800/1978]  eta: 0:00:50    time: 0.0404  data: 0.0000  max mem: 2671
      Evaluation: [ 900/1978]  eta: 0:00:45    time: 0.0411  data: 0.0000  max mem: 2671
      Evaluation: [1000/1978]  eta: 0:00:41    time: 0.0405  data: 0.0000  max mem: 2671
      Evaluation: [1100/1978]  eta: 0:00:36    time: 0.0411  data: 0.0000  max mem: 2671
      Evaluation: [1200/1978]  eta: 0:00:32    time: 0.0414  data: 0.0000  max mem: 2671
      Evaluation: [1300/1978]  eta: 0:00:28    time: 0.0406  data: 0.0000  max mem: 2671
      Evaluation: [1400/1978]  eta: 0:00:24    time: 0.0410  data: 0.0000  max mem: 2671
      Evaluation: [1500/1978]  eta: 0:00:19    time: 0.0458  data: 0.0000  max mem: 2671
      Evaluation: [1600/1978]  eta: 0:00:15    time: 0.0420  data: 0.0000  max mem: 2671
      Evaluation: [1700/1978]  eta: 0:00:11    time: 0.0432  data: 0.0000  max mem: 2671
      Evaluation: [1800/1978]  eta: 0:00:07    time: 0.0418  data: 0.0000  max mem: 2671
      Evaluation: [1900/1978]  eta: 0:00:03    time: 0.0433  data: 0.0000  max mem: 2671
      Evaluation: [1977/1978]  eta: 0:00:00    time: 0.0429  data: 0.0000  max mem: 2671
      Evaluation: Total time: 0:01:22 (0.0419 s / it)
     Computing matching score time 0:01:23
### TTA ITM Score: 
+-------+--------+--------+--------+--------+--------+
| epoch |   R1   |   R5   |  R10   |  mAP   |  mINP  |
+-------+--------+--------+--------+--------+--------+
|  -999 | 69.414 | 95.197 | 97.776 | 81.233 | 81.233 |
|  -999 | 84.277 | 99.039 | 99.596 | 91.276 | 91.276 |
|   0   | 84.580 | 98.635 | 99.292 | 91.286 | 91.286 |
|   1   | 84.580 | 98.837 | 99.393 | 91.318 | 91.318 |
|   2   | 84.479 | 98.686 | 99.444 | 91.268 | 91.268 |
|   3   | 84.681 | 98.736 | 99.393 | 91.357 | 91.357 |
|   4   | 84.934 | 98.837 | 99.494 | 91.498 | 91.498 |
|   5   | 84.985 | 98.736 | 99.494 | 91.531 | 91.531 |
+-------+--------+--------+--------+--------+--------+
     logs:  {'epo': 5, 'R1': np.float32(84.985), 'R5': np.float32(98.736), 'R10': np.float32(99.494), 'mAP': np.float32(91.531), 'mINP': np.float32(91.531), 'lr': 0.000171, 'entropy': 0.092645, 'loss': 2.723822}
      TTA Epoch: [6] [  0/123]  eta: 0:01:10  lr: 0.000082  entropy: 0.1358  loss: 2.7399  time: 0.5745  data: 0.4947  max mem: 2671
      TTA Epoch: [6] [100/123]  eta: 0:00:01  lr: 0.000080  entropy: 0.0897  loss: 2.7230  time: 0.0455  data: 0.0075  max mem: 2671
      TTA Epoch: [6] [122/123]  eta: 0:00:00  lr: 0.000079  entropy: 0.1304  loss: 2.7383  time: 0.0383  data: 0.0046  max mem: 2671
      TTA Epoch: [6] Total time: 0:00:06 (0.0497 s / it)
     Averaged stats: lr: 0.0001  entropy: 0.0830  loss: 2.7202
     Computing matching score
      Evaluation: [   0/1978]  eta: 0:01:24    time: 0.0428  data: 0.0023  max mem: 2671
      Evaluation: [ 100/1978]  eta: 0:01:14    time: 0.0400  data: 0.0000  max mem: 2671
      Evaluation: [ 200/1978]  eta: 0:01:11    time: 0.0400  data: 0.0000  max mem: 2671
      Evaluation: [ 300/1978]  eta: 0:01:07    time: 0.0399  data: 0.0000  max mem: 2671
      Evaluation: [ 400/1978]  eta: 0:01:02    time: 0.0395  data: 0.0000  max mem: 2671
      Evaluation: [ 500/1978]  eta: 0:00:58    time: 0.0403  data: 0.0000  max mem: 2671
      Evaluation: [ 600/1978]  eta: 0:00:55    time: 0.0401  data: 0.0000  max mem: 2671
      Evaluation: [ 700/1978]  eta: 0:00:51    time: 0.0397  data: 0.0000  max mem: 2671
      Evaluation: [ 800/1978]  eta: 0:00:47    time: 0.0416  data: 0.0000  max mem: 2671
      Evaluation: [ 900/1978]  eta: 0:00:43    time: 0.0425  data: 0.0000  max mem: 2671
      Evaluation: [1000/1978]  eta: 0:00:39    time: 0.0417  data: 0.0000  max mem: 2671
      Evaluation: [1100/1978]  eta: 0:00:35    time: 0.0408  data: 0.0000  max mem: 2671
      Evaluation: [1200/1978]  eta: 0:00:31    time: 0.0427  data: 0.0000  max mem: 2671
      Evaluation: [1300/1978]  eta: 0:00:27    time: 0.0414  data: 0.0000  max mem: 2671
      Evaluation: [1400/1978]  eta: 0:00:23    time: 0.0420  data: 0.0000  max mem: 2671
      Evaluation: [1500/1978]  eta: 0:00:19    time: 0.0426  data: 0.0000  max mem: 2671
      Evaluation: [1600/1978]  eta: 0:00:15    time: 0.0435  data: 0.0000  max mem: 2671
      Evaluation: [1700/1978]  eta: 0:00:11    time: 0.0409  data: 0.0000  max mem: 2671
      Evaluation: [1800/1978]  eta: 0:00:07    time: 0.0405  data: 0.0000  max mem: 2671
      Evaluation: [1900/1978]  eta: 0:00:03    time: 0.0398  data: 0.0000  max mem: 2671
      Evaluation: [1977/1978]  eta: 0:00:00    time: 0.0400  data: 0.0000  max mem: 2671
      Evaluation: Total time: 0:01:20 (0.0409 s / it)
     Computing matching score time 0:01:21
### TTA ITM Score: 
+-------+--------+--------+--------+--------+--------+
| epoch |   R1   |   R5   |  R10   |  mAP   |  mINP  |
+-------+--------+--------+--------+--------+--------+
|  -999 | 69.414 | 95.197 | 97.776 | 81.233 | 81.233 |
|  -999 | 84.277 | 99.039 | 99.596 | 91.276 | 91.276 |
|   0   | 84.580 | 98.635 | 99.292 | 91.286 | 91.286 |
|   1   | 84.580 | 98.837 | 99.393 | 91.318 | 91.318 |
|   2   | 84.479 | 98.686 | 99.444 | 91.268 | 91.268 |
|   3   | 84.681 | 98.736 | 99.393 | 91.357 | 91.357 |
|   4   | 84.934 | 98.837 | 99.494 | 91.498 | 91.498 |
|   5   | 84.985 | 98.736 | 99.494 | 91.531 | 91.531 |
|   6   | 84.934 | 98.736 | 99.494 | 91.500 | 91.500 |
+-------+--------+--------+--------+--------+--------+
     logs:  {'epo': 6, 'R1': np.float32(84.934), 'R5': np.float32(98.736), 'R10': np.float32(99.494), 'mAP': np.float32(91.5), 'mINP': np.float32(91.5), 'lr': 8.1e-05, 'entropy': 0.082963, 'loss': 2.720219}
      TTA Epoch: [7] [  0/123]  eta: 0:00:52  lr: 0.000079  entropy: 0.0900  loss: 2.7232  time: 0.4303  data: 0.3747  max mem: 2671
      TTA Epoch: [7] [100/123]  eta: 0:00:00  lr: 0.000076  entropy: 0.1277  loss: 2.7369  time: 0.0351  data: 0.0001  max mem: 2671
      TTA Epoch: [7] [122/123]  eta: 0:00:00  lr: 0.000076  entropy: 0.0701  loss: 2.7147  time: 0.0318  data: 0.0001  max mem: 2671
      TTA Epoch: [7] Total time: 0:00:04 (0.0376 s / it)
     Averaged stats: lr: 0.0001  entropy: 0.0841  loss: 2.7206
     Computing matching score
      Evaluation: [   0/1978]  eta: 0:01:32    time: 0.0465  data: 0.0034  max mem: 2671
      Evaluation: [ 100/1978]  eta: 0:01:15    time: 0.0405  data: 0.0000  max mem: 2671
      Evaluation: [ 200/1978]  eta: 0:01:12    time: 0.0405  data: 0.0000  max mem: 2671
      Evaluation: [ 300/1978]  eta: 0:01:08    time: 0.0405  data: 0.0000  max mem: 2671
      Evaluation: [ 400/1978]  eta: 0:01:04    time: 0.0414  data: 0.0000  max mem: 2671
      Evaluation: [ 500/1978]  eta: 0:01:00    time: 0.0417  data: 0.0000  max mem: 2671
      Evaluation: [ 600/1978]  eta: 0:00:56    time: 0.0433  data: 0.0000  max mem: 2671
      Evaluation: [ 700/1978]  eta: 0:00:52    time: 0.0419  data: 0.0000  max mem: 2671
      Evaluation: [ 800/1978]  eta: 0:00:49    time: 0.0431  data: 0.0000  max mem: 2671
      Evaluation: [ 900/1978]  eta: 0:00:44    time: 0.0421  data: 0.0000  max mem: 2671
      Evaluation: [1000/1978]  eta: 0:00:40    time: 0.0442  data: 0.0000  max mem: 2671
      Evaluation: [1100/1978]  eta: 0:00:37    time: 0.0441  data: 0.0000  max mem: 2671
      Evaluation: [1200/1978]  eta: 0:00:32    time: 0.0410  data: 0.0000  max mem: 2671
      Evaluation: [1300/1978]  eta: 0:00:28    time: 0.0412  data: 0.0000  max mem: 2671
      Evaluation: [1400/1978]  eta: 0:00:24    time: 0.0407  data: 0.0000  max mem: 2671
      Evaluation: [1500/1978]  eta: 0:00:20    time: 0.0407  data: 0.0000  max mem: 2671
      Evaluation: [1600/1978]  eta: 0:00:15    time: 0.0406  data: 0.0000  max mem: 2671
      Evaluation: [1700/1978]  eta: 0:00:11    time: 0.0404  data: 0.0000  max mem: 2671
      Evaluation: [1800/1978]  eta: 0:00:07    time: 0.0404  data: 0.0000  max mem: 2671
      Evaluation: [1900/1978]  eta: 0:00:03    time: 0.0404  data: 0.0000  max mem: 2671
      Evaluation: [1977/1978]  eta: 0:00:00    time: 0.0411  data: 0.0000  max mem: 2671
      Evaluation: Total time: 0:01:22 (0.0416 s / it)
     Computing matching score time 0:01:22
### TTA ITM Score: 
+-------+--------+--------+--------+--------+--------+
| epoch |   R1   |   R5   |  R10   |  mAP   |  mINP  |
+-------+--------+--------+--------+--------+--------+
|  -999 | 69.414 | 95.197 | 97.776 | 81.233 | 81.233 |
|  -999 | 84.277 | 99.039 | 99.596 | 91.276 | 91.276 |
|   0   | 84.580 | 98.635 | 99.292 | 91.286 | 91.286 |
|   1   | 84.580 | 98.837 | 99.393 | 91.318 | 91.318 |
|   2   | 84.479 | 98.686 | 99.444 | 91.268 | 91.268 |
|   3   | 84.681 | 98.736 | 99.393 | 91.357 | 91.357 |
|   4   | 84.934 | 98.837 | 99.494 | 91.498 | 91.498 |
|   5   | 84.985 | 98.736 | 99.494 | 91.531 | 91.531 |
|   6   | 84.934 | 98.736 | 99.494 | 91.500 | 91.500 |
|   7   | 85.035 | 98.787 | 99.494 | 91.555 | 91.555 |
+-------+--------+--------+--------+--------+--------+
     logs:  {'epo': 7, 'R1': np.float32(85.035), 'R5': np.float32(98.787), 'R10': np.float32(99.494), 'mAP': np.float32(91.555), 'mINP': np.float32(91.555), 'lr': 7.7e-05, 'entropy': 0.084124, 'loss': 2.72065}
      TTA Epoch: [8] [  0/123]  eta: 0:01:00  lr: 0.000076  entropy: 0.0567  loss: 2.7100  time: 0.4885  data: 0.4361  max mem: 2671
      TTA Epoch: [8] [100/123]  eta: 0:00:00  lr: 0.000073  entropy: 0.0946  loss: 2.7246  time: 0.0377  data: 0.0002  max mem: 2671
      TTA Epoch: [8] [122/123]  eta: 0:00:00  lr: 0.000072  entropy: 0.0710  loss: 2.7153  time: 0.0333  data: 0.0002  max mem: 2671
      TTA Epoch: [8] Total time: 0:00:04 (0.0395 s / it)
     Averaged stats: lr: 0.0001  entropy: 0.0816  loss: 2.7197
     Computing matching score
      Evaluation: [   0/1978]  eta: 0:01:28    time: 0.0447  data: 0.0033  max mem: 2671
      Evaluation: [ 100/1978]  eta: 0:01:17    time: 0.0413  data: 0.0000  max mem: 2671
      Evaluation: [ 200/1978]  eta: 0:01:13    time: 0.0428  data: 0.0000  max mem: 2671
      Evaluation: [ 300/1978]  eta: 0:01:09    time: 0.0409  data: 0.0000  max mem: 2671
      Evaluation: [ 400/1978]  eta: 0:01:05    time: 0.0429  data: 0.0000  max mem: 2671
      Evaluation: [ 500/1978]  eta: 0:01:02    time: 0.0428  data: 0.0000  max mem: 2671
      Evaluation: [ 600/1978]  eta: 0:00:58    time: 0.0434  data: 0.0000  max mem: 2671
      Evaluation: [ 700/1978]  eta: 0:00:53    time: 0.0401  data: 0.0000  max mem: 2671
      Evaluation: [ 800/1978]  eta: 0:00:49    time: 0.0402  data: 0.0000  max mem: 2671
      Evaluation: [ 900/1978]  eta: 0:00:44    time: 0.0405  data: 0.0000  max mem: 2671
      Evaluation: [1000/1978]  eta: 0:00:40    time: 0.0405  data: 0.0000  max mem: 2671
      Evaluation: [1100/1978]  eta: 0:00:36    time: 0.0404  data: 0.0000  max mem: 2671
      Evaluation: [1200/1978]  eta: 0:00:32    time: 0.0411  data: 0.0000  max mem: 2671
      Evaluation: [1300/1978]  eta: 0:00:27    time: 0.0404  data: 0.0000  max mem: 2671
      Evaluation: [1400/1978]  eta: 0:00:23    time: 0.0404  data: 0.0000  max mem: 2671
      Evaluation: [1500/1978]  eta: 0:00:19    time: 0.0415  data: 0.0000  max mem: 2671
      Evaluation: [1600/1978]  eta: 0:00:15    time: 0.0411  data: 0.0000  max mem: 2671
      Evaluation: [1700/1978]  eta: 0:00:11    time: 0.0414  data: 0.0000  max mem: 2671
      Evaluation: [1800/1978]  eta: 0:00:07    time: 0.0426  data: 0.0000  max mem: 2671
      Evaluation: [1900/1978]  eta: 0:00:03    time: 0.0411  data: 0.0000  max mem: 2671
      Evaluation: [1977/1978]  eta: 0:00:00    time: 0.0448  data: 0.0000  max mem: 2671
      Evaluation: Total time: 0:01:21 (0.0414 s / it)
     Computing matching score time 0:01:22
### TTA ITM Score: 
+-------+--------+--------+--------+--------+--------+
| epoch |   R1   |   R5   |  R10   |  mAP   |  mINP  |
+-------+--------+--------+--------+--------+--------+
|  -999 | 69.414 | 95.197 | 97.776 | 81.233 | 81.233 |
|  -999 | 84.277 | 99.039 | 99.596 | 91.276 | 91.276 |
|   0   | 84.580 | 98.635 | 99.292 | 91.286 | 91.286 |
|   1   | 84.580 | 98.837 | 99.393 | 91.318 | 91.318 |
|   2   | 84.479 | 98.686 | 99.444 | 91.268 | 91.268 |
|   3   | 84.681 | 98.736 | 99.393 | 91.357 | 91.357 |
|   4   | 84.934 | 98.837 | 99.494 | 91.498 | 91.498 |
|   5   | 84.985 | 98.736 | 99.494 | 91.531 | 91.531 |
|   6   | 84.934 | 98.736 | 99.494 | 91.500 | 91.500 |
|   7   | 85.035 | 98.787 | 99.494 | 91.555 | 91.555 |
|   8   | 85.086 | 98.736 | 99.494 | 91.585 | 91.585 |
+-------+--------+--------+--------+--------+--------+
     logs:  {'epo': 8, 'R1': np.float32(85.086), 'R5': np.float32(98.736), 'R10': np.float32(99.494), 'mAP': np.float32(91.585), 'mINP': np.float32(91.585), 'lr': 7.4e-05, 'entropy': 0.081634, 'loss': 2.719728}
      TTA Epoch: [9] [  0/123]  eta: 0:01:12  lr: 0.000072  entropy: 0.0972  loss: 2.7251  time: 0.5859  data: 0.5263  max mem: 2671
      TTA Epoch: [9] [100/123]  eta: 0:00:01  lr: 0.000069  entropy: 0.0021  loss: 2.6912  time: 0.0548  data: 0.0102  max mem: 2671
      TTA Epoch: [9] [122/123]  eta: 0:00:00  lr: 0.000069  entropy: 0.1425  loss: 2.7421  time: 0.0451  data: 0.0080  max mem: 2671
      TTA Epoch: [9] Total time: 0:00:06 (0.0508 s / it)
     Averaged stats: lr: 0.0001  entropy: 0.0760  loss: 2.7176
     Computing matching score
      Evaluation: [   0/1978]  eta: 0:01:39    time: 0.0505  data: 0.0026  max mem: 2671
      Evaluation: [ 100/1978]  eta: 0:01:19    time: 0.0402  data: 0.0000  max mem: 2671
      Evaluation: [ 200/1978]  eta: 0:01:13    time: 0.0406  data: 0.0000  max mem: 2671
      Evaluation: [ 300/1978]  eta: 0:01:08    time: 0.0404  data: 0.0000  max mem: 2671
      Evaluation: [ 400/1978]  eta: 0:01:04    time: 0.0406  data: 0.0000  max mem: 2671
      Evaluation: [ 500/1978]  eta: 0:01:00    time: 0.0405  data: 0.0000  max mem: 2671
      Evaluation: [ 600/1978]  eta: 0:00:56    time: 0.0406  data: 0.0000  max mem: 2671
      Evaluation: [ 700/1978]  eta: 0:00:52    time: 0.0411  data: 0.0000  max mem: 2671
      Evaluation: [ 800/1978]  eta: 0:00:48    time: 0.0405  data: 0.0000  max mem: 2671
      Evaluation: [ 900/1978]  eta: 0:00:44    time: 0.0408  data: 0.0000  max mem: 2671
      Evaluation: [1000/1978]  eta: 0:00:40    time: 0.0420  data: 0.0000  max mem: 2671
      Evaluation: [1100/1978]  eta: 0:00:36    time: 0.0419  data: 0.0000  max mem: 2671
      Evaluation: [1200/1978]  eta: 0:00:31    time: 0.0428  data: 0.0000  max mem: 2671
      Evaluation: [1300/1978]  eta: 0:00:27    time: 0.0428  data: 0.0000  max mem: 2671
      Evaluation: [1400/1978]  eta: 0:00:23    time: 0.0412  data: 0.0000  max mem: 2671
      Evaluation: [1500/1978]  eta: 0:00:19    time: 0.0439  data: 0.0000  max mem: 2671
      Evaluation: [1600/1978]  eta: 0:00:15    time: 0.0438  data: 0.0000  max mem: 2671
      Evaluation: [1700/1978]  eta: 0:00:11    time: 0.0433  data: 0.0000  max mem: 2671
      Evaluation: [1800/1978]  eta: 0:00:07    time: 0.0405  data: 0.0000  max mem: 2671
      Evaluation: [1900/1978]  eta: 0:00:03    time: 0.0407  data: 0.0000  max mem: 2671
      Evaluation: [1977/1978]  eta: 0:00:00    time: 0.0407  data: 0.0000  max mem: 2671
      Evaluation: Total time: 0:01:22 (0.0416 s / it)
     Computing matching score time 0:01:22
### TTA ITM Score: 
+-------+--------+--------+--------+--------+--------+
| epoch |   R1   |   R5   |  R10   |  mAP   |  mINP  |
+-------+--------+--------+--------+--------+--------+
|  -999 | 69.414 | 95.197 | 97.776 | 81.233 | 81.233 |
|  -999 | 84.277 | 99.039 | 99.596 | 91.276 | 91.276 |
|   0   | 84.580 | 98.635 | 99.292 | 91.286 | 91.286 |
|   1   | 84.580 | 98.837 | 99.393 | 91.318 | 91.318 |
|   2   | 84.479 | 98.686 | 99.444 | 91.268 | 91.268 |
|   3   | 84.681 | 98.736 | 99.393 | 91.357 | 91.357 |
|   4   | 84.934 | 98.837 | 99.494 | 91.498 | 91.498 |
|   5   | 84.985 | 98.736 | 99.494 | 91.531 | 91.531 |
|   6   | 84.934 | 98.736 | 99.494 | 91.500 | 91.500 |
|   7   | 85.035 | 98.787 | 99.494 | 91.555 | 91.555 |
|   8   | 85.086 | 98.736 | 99.494 | 91.585 | 91.585 |
|   9   | 85.086 | 98.736 | 99.494 | 91.571 | 91.571 |
+-------+--------+--------+--------+--------+--------+
     logs:  {'epo': 9, 'R1': np.float32(85.086), 'R5': np.float32(98.736), 'R10': np.float32(99.494), 'mAP': np.float32(91.571), 'mINP': np.float32(91.571), 'lr': 7e-05, 'entropy': 0.075993, 'loss': 2.717633}
      TTA Epoch: [10] [  0/123]  eta: 0:00:54  lr: 0.000069  entropy: 0.1400  loss: 2.7416  time: 0.4448  data: 0.3679  max mem: 2671
      TTA Epoch: [10] [100/123]  eta: 0:00:00  lr: 0.000066  entropy: 0.1777  loss: 2.7554  time: 0.0332  data: 0.0001  max mem: 2671
      TTA Epoch: [10] [122/123]  eta: 0:00:00  lr: 0.000065  entropy: 0.0542  loss: 2.7104  time: 0.0314  data: 0.0001  max mem: 2671
      TTA Epoch: [10] Total time: 0:00:04 (0.0367 s / it)
     Averaged stats: lr: 0.0001  entropy: 0.0810  loss: 2.7195
     Computing matching score
      Evaluation: [   0/1978]  eta: 0:01:34    time: 0.0477  data: 0.0034  max mem: 2671
      Evaluation: [ 100/1978]  eta: 0:01:16    time: 0.0406  data: 0.0000  max mem: 2671
      Evaluation: [ 200/1978]  eta: 0:01:12    time: 0.0404  data: 0.0000  max mem: 2671
      Evaluation: [ 300/1978]  eta: 0:01:07    time: 0.0403  data: 0.0000  max mem: 2671
      Evaluation: [ 400/1978]  eta: 0:01:03    time: 0.0402  data: 0.0000  max mem: 2671
      Evaluation: [ 500/1978]  eta: 0:00:59    time: 0.0412  data: 0.0000  max mem: 2671
      Evaluation: [ 600/1978]  eta: 0:00:55    time: 0.0411  data: 0.0000  max mem: 2671
      Evaluation: [ 700/1978]  eta: 0:00:51    time: 0.0415  data: 0.0000  max mem: 2671
      Evaluation: [ 800/1978]  eta: 0:00:48    time: 0.0426  data: 0.0000  max mem: 2671
      Evaluation: [ 900/1978]  eta: 0:00:44    time: 0.0408  data: 0.0000  max mem: 2671
      Evaluation: [1000/1978]  eta: 0:00:40    time: 0.0428  data: 0.0000  max mem: 2671
      Evaluation: [1100/1978]  eta: 0:00:36    time: 0.0422  data: 0.0000  max mem: 2671
      Evaluation: [1200/1978]  eta: 0:00:32    time: 0.0427  data: 0.0000  max mem: 2671
      Evaluation: [1300/1978]  eta: 0:00:28    time: 0.0409  data: 0.0000  max mem: 2671
      Evaluation: [1400/1978]  eta: 0:00:23    time: 0.0405  data: 0.0000  max mem: 2671
      Evaluation: [1500/1978]  eta: 0:00:19    time: 0.0404  data: 0.0000  max mem: 2671
      Evaluation: [1600/1978]  eta: 0:00:15    time: 0.0404  data: 0.0000  max mem: 2671
      Evaluation: [1700/1978]  eta: 0:00:11    time: 0.0404  data: 0.0000  max mem: 2671
      Evaluation: [1800/1978]  eta: 0:00:07    time: 0.0400  data: 0.0000  max mem: 2671
      Evaluation: [1900/1978]  eta: 0:00:03    time: 0.0405  data: 0.0000  max mem: 2671
      Evaluation: [1977/1978]  eta: 0:00:00    time: 0.0404  data: 0.0000  max mem: 2671
      Evaluation: Total time: 0:01:21 (0.0410 s / it)
     Computing matching score time 0:01:21
### TTA ITM Score: 
+-------+--------+--------+--------+--------+--------+
| epoch |   R1   |   R5   |  R10   |  mAP   |  mINP  |
+-------+--------+--------+--------+--------+--------+
|  -999 | 69.414 | 95.197 | 97.776 | 81.233 | 81.233 |
|  -999 | 84.277 | 99.039 | 99.596 | 91.276 | 91.276 |
|   0   | 84.580 | 98.635 | 99.292 | 91.286 | 91.286 |
|   1   | 84.580 | 98.837 | 99.393 | 91.318 | 91.318 |
|   2   | 84.479 | 98.686 | 99.444 | 91.268 | 91.268 |
|   3   | 84.681 | 98.736 | 99.393 | 91.357 | 91.357 |
|   4   | 84.934 | 98.837 | 99.494 | 91.498 | 91.498 |
|   5   | 84.985 | 98.736 | 99.494 | 91.531 | 91.531 |
|   6   | 84.934 | 98.736 | 99.494 | 91.500 | 91.500 |
|   7   | 85.035 | 98.787 | 99.494 | 91.555 | 91.555 |
|   8   | 85.086 | 98.736 | 99.494 | 91.585 | 91.585 |
|   9   | 85.086 | 98.736 | 99.494 | 91.571 | 91.571 |
|   10  | 84.985 | 98.736 | 99.494 | 91.527 | 91.527 |
+-------+--------+--------+--------+--------+--------+
     logs:  {'epo': 10, 'R1': np.float32(84.985), 'R5': np.float32(98.736), 'R10': np.float32(99.494), 'mAP': np.float32(91.527), 'mINP': np.float32(91.527), 'lr': 6.7e-05, 'entropy': 0.080991, 'loss': 2.719486}
      TTA Epoch: [11] [  0/123]  eta: 0:00:52  lr: 0.000065  entropy: 0.0365  loss: 2.7028  time: 0.4230  data: 0.3678  max mem: 2671
      TTA Epoch: [11] [100/123]  eta: 0:00:00  lr: 0.000063  entropy: 0.0004  loss: 2.6902  time: 0.0346  data: 0.0001  max mem: 2671
      TTA Epoch: [11] [122/123]  eta: 0:00:00  lr: 0.000062  entropy: 0.1347  loss: 2.7399  time: 0.0320  data: 0.0001  max mem: 2671
      TTA Epoch: [11] Total time: 0:00:04 (0.0371 s / it)
     Averaged stats: lr: 0.0001  entropy: 0.0747  loss: 2.7171
     Computing matching score
      Evaluation: [   0/1978]  eta: 0:01:29    time: 0.0454  data: 0.0024  max mem: 2671
      Evaluation: [ 100/1978]  eta: 0:01:18    time: 0.0419  data: 0.0000  max mem: 2671
      Evaluation: [ 200/1978]  eta: 0:01:14    time: 0.0416  data: 0.0000  max mem: 2671
      Evaluation: [ 300/1978]  eta: 0:01:10    time: 0.0430  data: 0.0000  max mem: 2671
      Evaluation: [ 400/1978]  eta: 0:01:06    time: 0.0424  data: 0.0000  max mem: 2671
      Evaluation: [ 500/1978]  eta: 0:01:02    time: 0.0430  data: 0.0000  max mem: 2671
      Evaluation: [ 600/1978]  eta: 0:00:58    time: 0.0427  data: 0.0000  max mem: 2671
      Evaluation: [ 700/1978]  eta: 0:00:54    time: 0.0436  data: 0.0000  max mem: 2671
      Evaluation: [ 800/1978]  eta: 0:00:50    time: 0.0428  data: 0.0000  max mem: 2671
      Evaluation: [ 900/1978]  eta: 0:00:45    time: 0.0413  data: 0.0000  max mem: 2671
      Evaluation: [1000/1978]  eta: 0:00:41    time: 0.0410  data: 0.0000  max mem: 2671
      Evaluation: [1100/1978]  eta: 0:00:37    time: 0.0424  data: 0.0000  max mem: 2671
      Evaluation: [1200/1978]  eta: 0:00:32    time: 0.0419  data: 0.0000  max mem: 2671
      Evaluation: [1300/1978]  eta: 0:00:28    time: 0.0418  data: 0.0000  max mem: 2671
      Evaluation: [1400/1978]  eta: 0:00:24    time: 0.0416  data: 0.0000  max mem: 2671
      Evaluation: [1500/1978]  eta: 0:00:20    time: 0.0421  data: 0.0000  max mem: 2671
      Evaluation: [1600/1978]  eta: 0:00:15    time: 0.0427  data: 0.0000  max mem: 2671
      Evaluation: [1700/1978]  eta: 0:00:11    time: 0.0423  data: 0.0000  max mem: 2671
      Evaluation: [1800/1978]  eta: 0:00:07    time: 0.0445  data: 0.0000  max mem: 2671
      Evaluation: [1900/1978]  eta: 0:00:03    time: 0.0448  data: 0.0000  max mem: 2671
      Evaluation: [1977/1978]  eta: 0:00:00    time: 0.0462  data: 0.0000  max mem: 2671
      Evaluation: Total time: 0:01:24 (0.0425 s / it)
     Computing matching score time 0:01:24
### TTA ITM Score: 
+-------+--------+--------+--------+--------+--------+
| epoch |   R1   |   R5   |  R10   |  mAP   |  mINP  |
+-------+--------+--------+--------+--------+--------+
|  -999 | 69.414 | 95.197 | 97.776 | 81.233 | 81.233 |
|  -999 | 84.277 | 99.039 | 99.596 | 91.276 | 91.276 |
|   0   | 84.580 | 98.635 | 99.292 | 91.286 | 91.286 |
|   1   | 84.580 | 98.837 | 99.393 | 91.318 | 91.318 |
|   2   | 84.479 | 98.686 | 99.444 | 91.268 | 91.268 |
|   3   | 84.681 | 98.736 | 99.393 | 91.357 | 91.357 |
|   4   | 84.934 | 98.837 | 99.494 | 91.498 | 91.498 |
|   5   | 84.985 | 98.736 | 99.494 | 91.531 | 91.531 |
|   6   | 84.934 | 98.736 | 99.494 | 91.500 | 91.500 |
|   7   | 85.035 | 98.787 | 99.494 | 91.555 | 91.555 |
|   8   | 85.086 | 98.736 | 99.494 | 91.585 | 91.585 |
|   9   | 85.086 | 98.736 | 99.494 | 91.571 | 91.571 |
|   10  | 84.985 | 98.736 | 99.494 | 91.527 | 91.527 |
|   11  | 85.035 | 98.736 | 99.494 | 91.530 | 91.530 |
+-------+--------+--------+--------+--------+--------+
     logs:  {'epo': 11, 'R1': np.float32(85.035), 'R5': np.float32(98.736), 'R10': np.float32(99.494), 'mAP': np.float32(91.53), 'mINP': np.float32(91.53), 'lr': 6.4e-05, 'entropy': 0.074682, 'loss': 2.717138}
      TTA Epoch: [12] [  0/123]  eta: 0:01:16  lr: 0.000062  entropy: 0.0826  loss: 2.7198  time: 0.6247  data: 0.5632  max mem: 2671
      TTA Epoch: [12] [100/123]  eta: 0:00:00  lr: 0.000059  entropy: 0.0887  loss: 2.7218  time: 0.0375  data: 0.0002  max mem: 2671
      TTA Epoch: [12] [122/123]  eta: 0:00:00  lr: 0.000059  entropy: 0.0042  loss: 2.6918  time: 0.0346  data: 0.0002  max mem: 2671
      TTA Epoch: [12] Total time: 0:00:05 (0.0410 s / it)
     Averaged stats: lr: 0.0001  entropy: 0.0720  loss: 2.7161
     Computing matching score
      Evaluation: [   0/1978]  eta: 0:01:32    time: 0.0467  data: 0.0024  max mem: 2671
      Evaluation: [ 100/1978]  eta: 0:01:25    time: 0.0443  data: 0.0000  max mem: 2671
      Evaluation: [ 200/1978]  eta: 0:01:20    time: 0.0442  data: 0.0000  max mem: 2671
      Evaluation: [ 300/1978]  eta: 0:01:15    time: 0.0422  data: 0.0000  max mem: 2671
      Evaluation: [ 400/1978]  eta: 0:01:09    time: 0.0420  data: 0.0000  max mem: 2671
      Evaluation: [ 500/1978]  eta: 0:01:04    time: 0.0420  data: 0.0000  max mem: 2671
      Evaluation: [ 600/1978]  eta: 0:00:59    time: 0.0418  data: 0.0000  max mem: 2671
      Evaluation: [ 700/1978]  eta: 0:00:55    time: 0.0419  data: 0.0000  max mem: 2671
      Evaluation: [ 800/1978]  eta: 0:00:50    time: 0.0420  data: 0.0000  max mem: 2671
      Evaluation: [ 900/1978]  eta: 0:00:46    time: 0.0417  data: 0.0000  max mem: 2671
      Evaluation: [1000/1978]  eta: 0:00:41    time: 0.0421  data: 0.0000  max mem: 2671
      Evaluation: [1100/1978]  eta: 0:00:37    time: 0.0423  data: 0.0000  max mem: 2671
      Evaluation: [1200/1978]  eta: 0:00:33    time: 0.0417  data: 0.0000  max mem: 2671
      Evaluation: [1300/1978]  eta: 0:00:28    time: 0.0437  data: 0.0000  max mem: 2671
      Evaluation: [1400/1978]  eta: 0:00:24    time: 0.0445  data: 0.0000  max mem: 2671
      Evaluation: [1500/1978]  eta: 0:00:20    time: 0.0428  data: 0.0000  max mem: 2671
      Evaluation: [1600/1978]  eta: 0:00:16    time: 0.0433  data: 0.0000  max mem: 2671
      Evaluation: [1700/1978]  eta: 0:00:11    time: 0.0447  data: 0.0000  max mem: 2671
      Evaluation: [1800/1978]  eta: 0:00:07    time: 0.0451  data: 0.0000  max mem: 2671
      Evaluation: [1900/1978]  eta: 0:00:03    time: 0.0417  data: 0.0000  max mem: 2671
      Evaluation: [1977/1978]  eta: 0:00:00    time: 0.0427  data: 0.0000  max mem: 2671
      Evaluation: Total time: 0:01:25 (0.0431 s / it)
     Computing matching score time 0:01:25
### TTA ITM Score: 
+-------+--------+--------+--------+--------+--------+
| epoch |   R1   |   R5   |  R10   |  mAP   |  mINP  |
+-------+--------+--------+--------+--------+--------+
|  -999 | 69.414 | 95.197 | 97.776 | 81.233 | 81.233 |
|  -999 | 84.277 | 99.039 | 99.596 | 91.276 | 91.276 |
|   0   | 84.580 | 98.635 | 99.292 | 91.286 | 91.286 |
|   1   | 84.580 | 98.837 | 99.393 | 91.318 | 91.318 |
|   2   | 84.479 | 98.686 | 99.444 | 91.268 | 91.268 |
|   3   | 84.681 | 98.736 | 99.393 | 91.357 | 91.357 |
|   4   | 84.934 | 98.837 | 99.494 | 91.498 | 91.498 |
|   5   | 84.985 | 98.736 | 99.494 | 91.531 | 91.531 |
|   6   | 84.934 | 98.736 | 99.494 | 91.500 | 91.500 |
|   7   | 85.035 | 98.787 | 99.494 | 91.555 | 91.555 |
|   8   | 85.086 | 98.736 | 99.494 | 91.585 | 91.585 |
|   9   | 85.086 | 98.736 | 99.494 | 91.571 | 91.571 |
|   10  | 84.985 | 98.736 | 99.494 | 91.527 | 91.527 |
|   11  | 85.035 | 98.736 | 99.494 | 91.530 | 91.530 |
|   12  | 84.985 | 98.736 | 99.494 | 91.532 | 91.532 |
+-------+--------+--------+--------+--------+--------+
     logs:  {'epo': 12, 'R1': np.float32(84.985), 'R5': np.float32(98.736), 'R10': np.float32(99.494), 'mAP': np.float32(91.532), 'mINP': np.float32(91.532), 'lr': 6e-05, 'entropy': 0.072, 'loss': 2.716147}
      TTA Epoch: [13] [  0/123]  eta: 0:00:51  lr: 0.000059  entropy: 0.0013  loss: 2.6899  time: 0.4191  data: 0.3675  max mem: 2671
      TTA Epoch: [13] [100/123]  eta: 0:00:00  lr: 0.000056  entropy: 0.2001  loss: 2.7644  time: 0.0451  data: 0.0094  max mem: 2671
      TTA Epoch: [13] [122/123]  eta: 0:00:00  lr: 0.000055  entropy: 0.2215  loss: 2.7725  time: 0.0392  data: 0.0057  max mem: 2671
      TTA Epoch: [13] Total time: 0:00:05 (0.0414 s / it)
     Averaged stats: lr: 0.0001  entropy: 0.0681  loss: 2.7147
     Computing matching score
      Evaluation: [   0/1978]  eta: 0:01:30    time: 0.0459  data: 0.0033  max mem: 2671
      Evaluation: [ 100/1978]  eta: 0:01:19    time: 0.0426  data: 0.0000  max mem: 2671
      Evaluation: [ 200/1978]  eta: 0:01:15    time: 0.0424  data: 0.0000  max mem: 2671
      Evaluation: [ 300/1978]  eta: 0:01:11    time: 0.0418  data: 0.0000  max mem: 2671
      Evaluation: [ 400/1978]  eta: 0:01:06    time: 0.0421  data: 0.0000  max mem: 2671
      Evaluation: [ 500/1978]  eta: 0:01:02    time: 0.0428  data: 0.0000  max mem: 2671
      Evaluation: [ 600/1978]  eta: 0:00:58    time: 0.0430  data: 0.0000  max mem: 2671
      Evaluation: [ 700/1978]  eta: 0:00:54    time: 0.0413  data: 0.0000  max mem: 2671
      Evaluation: [ 800/1978]  eta: 0:00:49    time: 0.0444  data: 0.0000  max mem: 2671
      Evaluation: [ 900/1978]  eta: 0:00:45    time: 0.0439  data: 0.0000  max mem: 2671
      Evaluation: [1000/1978]  eta: 0:00:41    time: 0.0421  data: 0.0000  max mem: 2671
      Evaluation: [1100/1978]  eta: 0:00:37    time: 0.0437  data: 0.0000  max mem: 2671
      Evaluation: [1200/1978]  eta: 0:00:33    time: 0.0436  data: 0.0000  max mem: 2671
      Evaluation: [1300/1978]  eta: 0:00:28    time: 0.0406  data: 0.0000  max mem: 2671
      Evaluation: [1400/1978]  eta: 0:00:24    time: 0.0404  data: 0.0000  max mem: 2671
      Evaluation: [1500/1978]  eta: 0:00:20    time: 0.0414  data: 0.0000  max mem: 2671
      Evaluation: [1600/1978]  eta: 0:00:15    time: 0.0408  data: 0.0000  max mem: 2671
      Evaluation: [1700/1978]  eta: 0:00:11    time: 0.0411  data: 0.0000  max mem: 2671
      Evaluation: [1800/1978]  eta: 0:00:07    time: 0.0406  data: 0.0000  max mem: 2671
      Evaluation: [1900/1978]  eta: 0:00:03    time: 0.0415  data: 0.0000  max mem: 2671
      Evaluation: [1977/1978]  eta: 0:00:00    time: 0.0417  data: 0.0000  max mem: 2671
      Evaluation: Total time: 0:01:23 (0.0421 s / it)
     Computing matching score time 0:01:23
### TTA ITM Score: 
+-------+--------+--------+--------+--------+--------+
| epoch |   R1   |   R5   |  R10   |  mAP   |  mINP  |
+-------+--------+--------+--------+--------+--------+
|  -999 | 69.414 | 95.197 | 97.776 | 81.233 | 81.233 |
|  -999 | 84.277 | 99.039 | 99.596 | 91.276 | 91.276 |
|   0   | 84.580 | 98.635 | 99.292 | 91.286 | 91.286 |
|   1   | 84.580 | 98.837 | 99.393 | 91.318 | 91.318 |
|   2   | 84.479 | 98.686 | 99.444 | 91.268 | 91.268 |
|   3   | 84.681 | 98.736 | 99.393 | 91.357 | 91.357 |
|   4   | 84.934 | 98.837 | 99.494 | 91.498 | 91.498 |
|   5   | 84.985 | 98.736 | 99.494 | 91.531 | 91.531 |
|   6   | 84.934 | 98.736 | 99.494 | 91.500 | 91.500 |
|   7   | 85.035 | 98.787 | 99.494 | 91.555 | 91.555 |
|   8   | 85.086 | 98.736 | 99.494 | 91.585 | 91.585 |
|   9   | 85.086 | 98.736 | 99.494 | 91.571 | 91.571 |
|   10  | 84.985 | 98.736 | 99.494 | 91.527 | 91.527 |
|   11  | 85.035 | 98.736 | 99.494 | 91.530 | 91.530 |
|   12  | 84.985 | 98.736 | 99.494 | 91.532 | 91.532 |
|   13  | 84.934 | 98.736 | 99.494 | 91.508 | 91.508 |
+-------+--------+--------+--------+--------+--------+
     logs:  {'epo': 13, 'R1': np.float32(84.934), 'R5': np.float32(98.736), 'R10': np.float32(99.494), 'mAP': np.float32(91.508), 'mINP': np.float32(91.508), 'lr': 5.7e-05, 'entropy': 0.068135, 'loss': 2.714704}
      TTA Epoch: [14] [  0/123]  eta: 0:00:52  lr: 0.000055  entropy: 0.0714  loss: 2.7159  time: 0.4291  data: 0.3735  max mem: 2671
      TTA Epoch: [14] [100/123]  eta: 0:00:00  lr: 0.000052  entropy: 0.1136  loss: 2.7307  time: 0.0336  data: 0.0001  max mem: 2671
      TTA Epoch: [14] [122/123]  eta: 0:00:00  lr: 0.000052  entropy: 0.0461  loss: 2.7066  time: 0.0315  data: 0.0001  max mem: 2671
      TTA Epoch: [14] Total time: 0:00:04 (0.0363 s / it)
     Averaged stats: lr: 0.0001  entropy: 0.0702  loss: 2.7155
     Computing matching score
      Evaluation: [   0/1978]  eta: 0:01:30    time: 0.0460  data: 0.0035  max mem: 2671
      Evaluation: [ 100/1978]  eta: 0:01:16    time: 0.0410  data: 0.0000  max mem: 2671
      Evaluation: [ 200/1978]  eta: 0:01:12    time: 0.0411  data: 0.0000  max mem: 2671
      Evaluation: [ 300/1978]  eta: 0:01:09    time: 0.0427  data: 0.0000  max mem: 2671
      Evaluation: [ 400/1978]  eta: 0:01:05    time: 0.0409  data: 0.0000  max mem: 2671
      Evaluation: [ 500/1978]  eta: 0:01:01    time: 0.0412  data: 0.0000  max mem: 2671
      Evaluation: [ 600/1978]  eta: 0:00:57    time: 0.0442  data: 0.0000  max mem: 2671
      Evaluation: [ 700/1978]  eta: 0:00:53    time: 0.0431  data: 0.0000  max mem: 2671
      Evaluation: [ 800/1978]  eta: 0:00:49    time: 0.0405  data: 0.0000  max mem: 2671
      Evaluation: [ 900/1978]  eta: 0:00:44    time: 0.0408  data: 0.0000  max mem: 2671
      Evaluation: [1000/1978]  eta: 0:00:40    time: 0.0403  data: 0.0000  max mem: 2671
      Evaluation: [1100/1978]  eta: 0:00:36    time: 0.0402  data: 0.0000  max mem: 2671
      Evaluation: [1200/1978]  eta: 0:00:32    time: 0.0402  data: 0.0000  max mem: 2671
      Evaluation: [1300/1978]  eta: 0:00:27    time: 0.0401  data: 0.0000  max mem: 2671
      Evaluation: [1400/1978]  eta: 0:00:23    time: 0.0403  data: 0.0000  max mem: 2671
      Evaluation: [1500/1978]  eta: 0:00:19    time: 0.0402  data: 0.0000  max mem: 2671
      Evaluation: [1600/1978]  eta: 0:00:15    time: 0.0418  data: 0.0000  max mem: 2671
      Evaluation: [1700/1978]  eta: 0:00:11    time: 0.0420  data: 0.0000  max mem: 2671
      Evaluation: [1800/1978]  eta: 0:00:07    time: 0.0430  data: 0.0000  max mem: 2671
      Evaluation: [1900/1978]  eta: 0:00:03    time: 0.0419  data: 0.0000  max mem: 2671
      Evaluation: [1977/1978]  eta: 0:00:00    time: 0.0417  data: 0.0000  max mem: 2671
      Evaluation: Total time: 0:01:21 (0.0412 s / it)
     Computing matching score time 0:01:21
### TTA ITM Score: 
+-------+--------+--------+--------+--------+--------+
| epoch |   R1   |   R5   |  R10   |  mAP   |  mINP  |
+-------+--------+--------+--------+--------+--------+
|  -999 | 69.414 | 95.197 | 97.776 | 81.233 | 81.233 |
|  -999 | 84.277 | 99.039 | 99.596 | 91.276 | 91.276 |
|   0   | 84.580 | 98.635 | 99.292 | 91.286 | 91.286 |
|   1   | 84.580 | 98.837 | 99.393 | 91.318 | 91.318 |
|   2   | 84.479 | 98.686 | 99.444 | 91.268 | 91.268 |
|   3   | 84.681 | 98.736 | 99.393 | 91.357 | 91.357 |
|   4   | 84.934 | 98.837 | 99.494 | 91.498 | 91.498 |
|   5   | 84.985 | 98.736 | 99.494 | 91.531 | 91.531 |
|   6   | 84.934 | 98.736 | 99.494 | 91.500 | 91.500 |
|   7   | 85.035 | 98.787 | 99.494 | 91.555 | 91.555 |
|   8   | 85.086 | 98.736 | 99.494 | 91.585 | 91.585 |
|   9   | 85.086 | 98.736 | 99.494 | 91.571 | 91.571 |
|   10  | 84.985 | 98.736 | 99.494 | 91.527 | 91.527 |
|   11  | 85.035 | 98.736 | 99.494 | 91.530 | 91.530 |
|   12  | 84.985 | 98.736 | 99.494 | 91.532 | 91.532 |
|   13  | 84.934 | 98.736 | 99.494 | 91.508 | 91.508 |
|   14  | 85.086 | 98.736 | 99.494 | 91.584 | 91.584 |
+-------+--------+--------+--------+--------+--------+
     logs:  {'epo': 14, 'R1': np.float32(85.086), 'R5': np.float32(98.736), 'R10': np.float32(99.494), 'mAP': np.float32(91.584), 'mINP': np.float32(91.584), 'lr': 5.3e-05, 'entropy': 0.070173, 'loss': 2.715465}
      TTA Epoch: [15] [  0/123]  eta: 0:00:57  lr: 0.000052  entropy: 0.0431  loss: 2.7056  time: 0.4671  data: 0.4021  max mem: 2671
      TTA Epoch: [15] [100/123]  eta: 0:00:00  lr: 0.000049  entropy: 0.0194  loss: 2.6964  time: 0.0398  data: 0.0034  max mem: 2671
      TTA Epoch: [15] [122/123]  eta: 0:00:00  lr: 0.000048  entropy: 0.0235  loss: 2.6976  time: 0.0374  data: 0.0026  max mem: 2671
      TTA Epoch: [15] Total time: 0:00:05 (0.0416 s / it)
     Averaged stats: lr: 0.0001  entropy: 0.0674  loss: 2.7144
     Computing matching score
      Evaluation: [   0/1978]  eta: 0:01:33    time: 0.0474  data: 0.0033  max mem: 2671
      Evaluation: [ 100/1978]  eta: 0:01:17    time: 0.0420  data: 0.0000  max mem: 2671
      Evaluation: [ 200/1978]  eta: 0:01:14    time: 0.0425  data: 0.0000  max mem: 2671
      Evaluation: [ 300/1978]  eta: 0:01:11    time: 0.0444  data: 0.0000  max mem: 2671
      Evaluation: [ 400/1978]  eta: 0:01:07    time: 0.0406  data: 0.0000  max mem: 2671
      Evaluation: [ 500/1978]  eta: 0:01:02    time: 0.0406  data: 0.0000  max mem: 2671
      Evaluation: [ 600/1978]  eta: 0:00:57    time: 0.0404  data: 0.0000  max mem: 2671
      Evaluation: [ 700/1978]  eta: 0:00:53    time: 0.0403  data: 0.0000  max mem: 2671
      Evaluation: [ 800/1978]  eta: 0:00:48    time: 0.0401  data: 0.0000  max mem: 2671
      Evaluation: [ 900/1978]  eta: 0:00:44    time: 0.0400  data: 0.0000  max mem: 2671
      Evaluation: [1000/1978]  eta: 0:00:40    time: 0.0399  data: 0.0000  max mem: 2671
      Evaluation: [1100/1978]  eta: 0:00:36    time: 0.0402  data: 0.0000  max mem: 2671
      Evaluation: [1200/1978]  eta: 0:00:32    time: 0.0415  data: 0.0000  max mem: 2671
      Evaluation: [1300/1978]  eta: 0:00:27    time: 0.0409  data: 0.0000  max mem: 2671
      Evaluation: [1400/1978]  eta: 0:00:23    time: 0.0413  data: 0.0000  max mem: 2671
      Evaluation: [1500/1978]  eta: 0:00:19    time: 0.0412  data: 0.0000  max mem: 2671
      Evaluation: [1600/1978]  eta: 0:00:15    time: 0.0429  data: 0.0000  max mem: 2671
      Evaluation: [1700/1978]  eta: 0:00:11    time: 0.0407  data: 0.0000  max mem: 2671
      Evaluation: [1800/1978]  eta: 0:00:07    time: 0.0441  data: 0.0000  max mem: 2671
      Evaluation: [1900/1978]  eta: 0:00:03    time: 0.0459  data: 0.0000  max mem: 2671
      Evaluation: [1977/1978]  eta: 0:00:00    time: 0.0407  data: 0.0000  max mem: 2671
      Evaluation: Total time: 0:01:22 (0.0416 s / it)
     Computing matching score time 0:01:22
### TTA ITM Score: 
+-------+--------+--------+--------+--------+--------+
| epoch |   R1   |   R5   |  R10   |  mAP   |  mINP  |
+-------+--------+--------+--------+--------+--------+
|  -999 | 69.414 | 95.197 | 97.776 | 81.233 | 81.233 |
|  -999 | 84.277 | 99.039 | 99.596 | 91.276 | 91.276 |
|   0   | 84.580 | 98.635 | 99.292 | 91.286 | 91.286 |
|   1   | 84.580 | 98.837 | 99.393 | 91.318 | 91.318 |
|   2   | 84.479 | 98.686 | 99.444 | 91.268 | 91.268 |
|   3   | 84.681 | 98.736 | 99.393 | 91.357 | 91.357 |
|   4   | 84.934 | 98.837 | 99.494 | 91.498 | 91.498 |
|   5   | 84.985 | 98.736 | 99.494 | 91.531 | 91.531 |
|   6   | 84.934 | 98.736 | 99.494 | 91.500 | 91.500 |
|   7   | 85.035 | 98.787 | 99.494 | 91.555 | 91.555 |
|   8   | 85.086 | 98.736 | 99.494 | 91.585 | 91.585 |
|   9   | 85.086 | 98.736 | 99.494 | 91.571 | 91.571 |
|   10  | 84.985 | 98.736 | 99.494 | 91.527 | 91.527 |
|   11  | 85.035 | 98.736 | 99.494 | 91.530 | 91.530 |
|   12  | 84.985 | 98.736 | 99.494 | 91.532 | 91.532 |
|   13  | 84.934 | 98.736 | 99.494 | 91.508 | 91.508 |
|   14  | 85.086 | 98.736 | 99.494 | 91.584 | 91.584 |
|   15  | 84.985 | 98.736 | 99.494 | 91.548 | 91.548 |
+-------+--------+--------+--------+--------+--------+
     logs:  {'epo': 15, 'R1': np.float32(84.985), 'R5': np.float32(98.736), 'R10': np.float32(99.494), 'mAP': np.float32(91.548), 'mINP': np.float32(91.548), 'lr': 5e-05, 'entropy': 0.067385, 'loss': 2.714422}
      TTA Epoch: [16] [  0/123]  eta: 0:00:55  lr: 0.000048  entropy: 0.0566  loss: 2.7107  time: 0.4474  data: 0.3759  max mem: 2671
      TTA Epoch: [16] [100/123]  eta: 0:00:00  lr: 0.000046  entropy: 0.0921  loss: 2.7235  time: 0.0337  data: 0.0001  max mem: 2671
      TTA Epoch: [16] [122/123]  eta: 0:00:00  lr: 0.000045  entropy: 0.1193  loss: 2.7326  time: 0.0314  data: 0.0001  max mem: 2671
      TTA Epoch: [16] Total time: 0:00:04 (0.0370 s / it)
     Averaged stats: lr: 0.0000  entropy: 0.0694  loss: 2.7152
     Computing matching score
      Evaluation: [   0/1978]  eta: 0:01:27    time: 0.0442  data: 0.0034  max mem: 2671
      Evaluation: [ 100/1978]  eta: 0:01:15    time: 0.0408  data: 0.0000  max mem: 2671
      Evaluation: [ 200/1978]  eta: 0:01:11    time: 0.0404  data: 0.0000  max mem: 2671
      Evaluation: [ 300/1978]  eta: 0:01:07    time: 0.0406  data: 0.0000  max mem: 2671
      Evaluation: [ 400/1978]  eta: 0:01:03    time: 0.0405  data: 0.0000  max mem: 2671
      Evaluation: [ 500/1978]  eta: 0:00:59    time: 0.0401  data: 0.0000  max mem: 2671
      Evaluation: [ 600/1978]  eta: 0:00:55    time: 0.0404  data: 0.0000  max mem: 2671
      Evaluation: [ 700/1978]  eta: 0:00:51    time: 0.0407  data: 0.0000  max mem: 2671
      Evaluation: [ 800/1978]  eta: 0:00:47    time: 0.0411  data: 0.0000  max mem: 2671
      Evaluation: [ 900/1978]  eta: 0:00:43    time: 0.0421  data: 0.0000  max mem: 2671
      Evaluation: [1000/1978]  eta: 0:00:39    time: 0.0416  data: 0.0000  max mem: 2671
      Evaluation: [1100/1978]  eta: 0:00:35    time: 0.0433  data: 0.0000  max mem: 2671
      Evaluation: [1200/1978]  eta: 0:00:32    time: 0.0422  data: 0.0000  max mem: 2671
      Evaluation: [1300/1978]  eta: 0:00:27    time: 0.0432  data: 0.0000  max mem: 2671
      Evaluation: [1400/1978]  eta: 0:00:23    time: 0.0428  data: 0.0000  max mem: 2671
      Evaluation: [1500/1978]  eta: 0:00:19    time: 0.0422  data: 0.0000  max mem: 2671
      Evaluation: [1600/1978]  eta: 0:00:15    time: 0.0425  data: 0.0000  max mem: 2671
      Evaluation: [1700/1978]  eta: 0:00:11    time: 0.0402  data: 0.0000  max mem: 2671
      Evaluation: [1800/1978]  eta: 0:00:07    time: 0.0404  data: 0.0000  max mem: 2671
      Evaluation: [1900/1978]  eta: 0:00:03    time: 0.0405  data: 0.0000  max mem: 2671
      Evaluation: [1977/1978]  eta: 0:00:00    time: 0.0399  data: 0.0000  max mem: 2671
      Evaluation: Total time: 0:01:21 (0.0413 s / it)
     Computing matching score time 0:01:21
### TTA ITM Score: 
+-------+--------+--------+--------+--------+--------+
| epoch |   R1   |   R5   |  R10   |  mAP   |  mINP  |
+-------+--------+--------+--------+--------+--------+
|  -999 | 69.414 | 95.197 | 97.776 | 81.233 | 81.233 |
|  -999 | 84.277 | 99.039 | 99.596 | 91.276 | 91.276 |
|   0   | 84.580 | 98.635 | 99.292 | 91.286 | 91.286 |
|   1   | 84.580 | 98.837 | 99.393 | 91.318 | 91.318 |
|   2   | 84.479 | 98.686 | 99.444 | 91.268 | 91.268 |
|   3   | 84.681 | 98.736 | 99.393 | 91.357 | 91.357 |
|   4   | 84.934 | 98.837 | 99.494 | 91.498 | 91.498 |
|   5   | 84.985 | 98.736 | 99.494 | 91.531 | 91.531 |
|   6   | 84.934 | 98.736 | 99.494 | 91.500 | 91.500 |
|   7   | 85.035 | 98.787 | 99.494 | 91.555 | 91.555 |
|   8   | 85.086 | 98.736 | 99.494 | 91.585 | 91.585 |
|   9   | 85.086 | 98.736 | 99.494 | 91.571 | 91.571 |
|   10  | 84.985 | 98.736 | 99.494 | 91.527 | 91.527 |
|   11  | 85.035 | 98.736 | 99.494 | 91.530 | 91.530 |
|   12  | 84.985 | 98.736 | 99.494 | 91.532 | 91.532 |
|   13  | 84.934 | 98.736 | 99.494 | 91.508 | 91.508 |
|   14  | 85.086 | 98.736 | 99.494 | 91.584 | 91.584 |
|   15  | 84.985 | 98.736 | 99.494 | 91.548 | 91.548 |
|   16  | 84.985 | 98.736 | 99.494 | 91.544 | 91.544 |
+-------+--------+--------+--------+--------+--------+
     logs:  {'epo': 16, 'R1': np.float32(84.985), 'R5': np.float32(98.736), 'R10': np.float32(99.494), 'mAP': np.float32(91.544), 'mINP': np.float32(91.544), 'lr': 4.7e-05, 'entropy': 0.069429, 'loss': 2.71519}
      TTA Epoch: [17] [  0/123]  eta: 0:00:54  lr: 0.000045  entropy: 0.0260  loss: 2.6988  time: 0.4417  data: 0.3859  max mem: 2671
      TTA Epoch: [17] [100/123]  eta: 0:00:00  lr: 0.000042  entropy: 0.0989  loss: 2.7264  time: 0.0453  data: 0.0088  max mem: 2671
      TTA Epoch: [17] [122/123]  eta: 0:00:00  lr: 0.000042  entropy: 0.0473  loss: 2.7069  time: 0.0399  data: 0.0075  max mem: 2671
      TTA Epoch: [17] Total time: 0:00:05 (0.0424 s / it)
     Averaged stats: lr: 0.0000  entropy: 0.0699  loss: 2.7154
     Computing matching score
      Evaluation: [   0/1978]  eta: 0:01:27    time: 0.0444  data: 0.0023  max mem: 2671
      Evaluation: [ 100/1978]  eta: 0:01:16    time: 0.0408  data: 0.0000  max mem: 2671
      Evaluation: [ 200/1978]  eta: 0:01:13    time: 0.0436  data: 0.0000  max mem: 2671
      Evaluation: [ 300/1978]  eta: 0:01:09    time: 0.0404  data: 0.0000  max mem: 2671
      Evaluation: [ 400/1978]  eta: 0:01:05    time: 0.0421  data: 0.0000  max mem: 2671
      Evaluation: [ 500/1978]  eta: 0:01:01    time: 0.0418  data: 0.0000  max mem: 2671
      Evaluation: [ 600/1978]  eta: 0:00:57    time: 0.0404  data: 0.0000  max mem: 2671
      Evaluation: [ 700/1978]  eta: 0:00:53    time: 0.0421  data: 0.0000  max mem: 2671
      Evaluation: [ 800/1978]  eta: 0:00:49    time: 0.0429  data: 0.0000  max mem: 2671
      Evaluation: [ 900/1978]  eta: 0:00:44    time: 0.0416  data: 0.0000  max mem: 2671
      Evaluation: [1000/1978]  eta: 0:00:40    time: 0.0425  data: 0.0000  max mem: 2671
      Evaluation: [1100/1978]  eta: 0:00:36    time: 0.0420  data: 0.0000  max mem: 2671
      Evaluation: [1200/1978]  eta: 0:00:32    time: 0.0430  data: 0.0000  max mem: 2671
      Evaluation: [1300/1978]  eta: 0:00:28    time: 0.0399  data: 0.0000  max mem: 2671
      Evaluation: [1400/1978]  eta: 0:00:24    time: 0.0402  data: 0.0000  max mem: 2671
      Evaluation: [1500/1978]  eta: 0:00:19    time: 0.0403  data: 0.0000  max mem: 2671
      Evaluation: [1600/1978]  eta: 0:00:15    time: 0.0405  data: 0.0000  max mem: 2671
      Evaluation: [1700/1978]  eta: 0:00:11    time: 0.0404  data: 0.0000  max mem: 2671
      Evaluation: [1800/1978]  eta: 0:00:07    time: 0.0402  data: 0.0000  max mem: 2671
      Evaluation: [1900/1978]  eta: 0:00:03    time: 0.0409  data: 0.0000  max mem: 2671
      Evaluation: [1977/1978]  eta: 0:00:00    time: 0.0404  data: 0.0000  max mem: 2671
      Evaluation: Total time: 0:01:21 (0.0414 s / it)
     Computing matching score time 0:01:22
### TTA ITM Score: 
+-------+--------+--------+--------+--------+--------+
| epoch |   R1   |   R5   |  R10   |  mAP   |  mINP  |
+-------+--------+--------+--------+--------+--------+
|  -999 | 69.414 | 95.197 | 97.776 | 81.233 | 81.233 |
|  -999 | 84.277 | 99.039 | 99.596 | 91.276 | 91.276 |
|   0   | 84.580 | 98.635 | 99.292 | 91.286 | 91.286 |
|   1   | 84.580 | 98.837 | 99.393 | 91.318 | 91.318 |
|   2   | 84.479 | 98.686 | 99.444 | 91.268 | 91.268 |
|   3   | 84.681 | 98.736 | 99.393 | 91.357 | 91.357 |
|   4   | 84.934 | 98.837 | 99.494 | 91.498 | 91.498 |
|   5   | 84.985 | 98.736 | 99.494 | 91.531 | 91.531 |
|   6   | 84.934 | 98.736 | 99.494 | 91.500 | 91.500 |
|   7   | 85.035 | 98.787 | 99.494 | 91.555 | 91.555 |
|   8   | 85.086 | 98.736 | 99.494 | 91.585 | 91.585 |
|   9   | 85.086 | 98.736 | 99.494 | 91.571 | 91.571 |
|   10  | 84.985 | 98.736 | 99.494 | 91.527 | 91.527 |
|   11  | 85.035 | 98.736 | 99.494 | 91.530 | 91.530 |
|   12  | 84.985 | 98.736 | 99.494 | 91.532 | 91.532 |
|   13  | 84.934 | 98.736 | 99.494 | 91.508 | 91.508 |
|   14  | 85.086 | 98.736 | 99.494 | 91.584 | 91.584 |
|   15  | 84.985 | 98.736 | 99.494 | 91.548 | 91.548 |
|   16  | 84.985 | 98.736 | 99.494 | 91.544 | 91.544 |
|   17  | 84.985 | 98.736 | 99.494 | 91.556 | 91.556 |
+-------+--------+--------+--------+--------+--------+
     logs:  {'epo': 17, 'R1': np.float32(84.985), 'R5': np.float32(98.736), 'R10': np.float32(99.494), 'mAP': np.float32(91.556), 'mINP': np.float32(91.556), 'lr': 4.3e-05, 'entropy': 0.069892, 'loss': 2.715363}
      TTA Epoch: [18] [  0/123]  eta: 0:00:49  lr: 0.000042  entropy: 0.1015  loss: 2.7268  time: 0.4033  data: 0.3439  max mem: 2671
      TTA Epoch: [18] [100/123]  eta: 0:00:00  lr: 0.000039  entropy: 0.0189  loss: 2.6966  time: 0.0443  data: 0.0029  max mem: 2671
      TTA Epoch: [18] [122/123]  eta: 0:00:00  lr: 0.000038  entropy: 0.0714  loss: 2.7159  time: 0.0388  data: 0.0024  max mem: 2671
      TTA Epoch: [18] Total time: 0:00:05 (0.0421 s / it)
     Averaged stats: lr: 0.0000  entropy: 0.0689  loss: 2.7150
     Computing matching score
      Evaluation: [   0/1978]  eta: 0:01:37    time: 0.0493  data: 0.0028  max mem: 2671
      Evaluation: [ 100/1978]  eta: 0:01:20    time: 0.0424  data: 0.0000  max mem: 2671
      Evaluation: [ 200/1978]  eta: 0:01:16    time: 0.0430  data: 0.0000  max mem: 2671
      Evaluation: [ 300/1978]  eta: 0:01:11    time: 0.0433  data: 0.0000  max mem: 2671
      Evaluation: [ 400/1978]  eta: 0:01:07    time: 0.0422  data: 0.0000  max mem: 2671
      Evaluation: [ 500/1978]  eta: 0:01:02    time: 0.0407  data: 0.0000  max mem: 2671
      Evaluation: [ 600/1978]  eta: 0:00:58    time: 0.0421  data: 0.0000  max mem: 2671
      Evaluation: [ 700/1978]  eta: 0:00:53    time: 0.0413  data: 0.0000  max mem: 2671
      Evaluation: [ 800/1978]  eta: 0:00:49    time: 0.0424  data: 0.0000  max mem: 2671
      Evaluation: [ 900/1978]  eta: 0:00:45    time: 0.0427  data: 0.0000  max mem: 2671
      Evaluation: [1000/1978]  eta: 0:00:41    time: 0.0400  data: 0.0000  max mem: 2671
      Evaluation: [1100/1978]  eta: 0:00:36    time: 0.0404  data: 0.0000  max mem: 2671
      Evaluation: [1200/1978]  eta: 0:00:32    time: 0.0400  data: 0.0000  max mem: 2671
      Evaluation: [1300/1978]  eta: 0:00:28    time: 0.0402  data: 0.0000  max mem: 2671
      Evaluation: [1400/1978]  eta: 0:00:24    time: 0.0406  data: 0.0000  max mem: 2671
      Evaluation: [1500/1978]  eta: 0:00:19    time: 0.0401  data: 0.0000  max mem: 2671
      Evaluation: [1600/1978]  eta: 0:00:15    time: 0.0401  data: 0.0000  max mem: 2671
      Evaluation: [1700/1978]  eta: 0:00:11    time: 0.0404  data: 0.0000  max mem: 2671
      Evaluation: [1800/1978]  eta: 0:00:07    time: 0.0428  data: 0.0000  max mem: 2671
      Evaluation: [1900/1978]  eta: 0:00:03    time: 0.0420  data: 0.0000  max mem: 2671
      Evaluation: [1977/1978]  eta: 0:00:00    time: 0.0418  data: 0.0000  max mem: 2671
      Evaluation: Total time: 0:01:22 (0.0415 s / it)
     Computing matching score time 0:01:22
### TTA ITM Score: 
+-------+--------+--------+--------+--------+--------+
| epoch |   R1   |   R5   |  R10   |  mAP   |  mINP  |
+-------+--------+--------+--------+--------+--------+
|  -999 | 69.414 | 95.197 | 97.776 | 81.233 | 81.233 |
|  -999 | 84.277 | 99.039 | 99.596 | 91.276 | 91.276 |
|   0   | 84.580 | 98.635 | 99.292 | 91.286 | 91.286 |
|   1   | 84.580 | 98.837 | 99.393 | 91.318 | 91.318 |
|   2   | 84.479 | 98.686 | 99.444 | 91.268 | 91.268 |
|   3   | 84.681 | 98.736 | 99.393 | 91.357 | 91.357 |
|   4   | 84.934 | 98.837 | 99.494 | 91.498 | 91.498 |
|   5   | 84.985 | 98.736 | 99.494 | 91.531 | 91.531 |
|   6   | 84.934 | 98.736 | 99.494 | 91.500 | 91.500 |
|   7   | 85.035 | 98.787 | 99.494 | 91.555 | 91.555 |
|   8   | 85.086 | 98.736 | 99.494 | 91.585 | 91.585 |
|   9   | 85.086 | 98.736 | 99.494 | 91.571 | 91.571 |
|   10  | 84.985 | 98.736 | 99.494 | 91.527 | 91.527 |
|   11  | 85.035 | 98.736 | 99.494 | 91.530 | 91.530 |
|   12  | 84.985 | 98.736 | 99.494 | 91.532 | 91.532 |
|   13  | 84.934 | 98.736 | 99.494 | 91.508 | 91.508 |
|   14  | 85.086 | 98.736 | 99.494 | 91.584 | 91.584 |
|   15  | 84.985 | 98.736 | 99.494 | 91.548 | 91.548 |
|   16  | 84.985 | 98.736 | 99.494 | 91.544 | 91.544 |
|   17  | 84.985 | 98.736 | 99.494 | 91.556 | 91.556 |
|   18  | 84.985 | 98.736 | 99.494 | 91.555 | 91.555 |
+-------+--------+--------+--------+--------+--------+
     logs:  {'epo': 18, 'R1': np.float32(84.985), 'R5': np.float32(98.736), 'R10': np.float32(99.494), 'mAP': np.float32(91.555), 'mINP': np.float32(91.555), 'lr': 4e-05, 'entropy': 0.068945, 'loss': 2.715011}
      TTA Epoch: [19] [  0/123]  eta: 0:01:01  lr: 0.000038  entropy: 0.0782  loss: 2.7185  time: 0.4979  data: 0.4369  max mem: 2671
      TTA Epoch: [19] [100/123]  eta: 0:00:00  lr: 0.000035  entropy: 0.0083  loss: 2.6934  time: 0.0367  data: 0.0001  max mem: 2671
      TTA Epoch: [19] [122/123]  eta: 0:00:00  lr: 0.000035  entropy: 0.0005  loss: 2.6896  time: 0.0341  data: 0.0001  max mem: 2671
      TTA Epoch: [19] Total time: 0:00:05 (0.0407 s / it)
     Averaged stats: lr: 0.0000  entropy: 0.0642  loss: 2.7132
     Computing matching score
      Evaluation: [   0/1978]  eta: 0:01:34    time: 0.0477  data: 0.0035  max mem: 2671
      Evaluation: [ 100/1978]  eta: 0:01:19    time: 0.0432  data: 0.0000  max mem: 2671
      Evaluation: [ 200/1978]  eta: 0:01:16    time: 0.0435  data: 0.0000  max mem: 2671
      Evaluation: [ 300/1978]  eta: 0:01:12    time: 0.0424  data: 0.0000  max mem: 2671
      Evaluation: [ 400/1978]  eta: 0:01:08    time: 0.0435  data: 0.0000  max mem: 2671
      Evaluation: [ 500/1978]  eta: 0:01:04    time: 0.0453  data: 0.0000  max mem: 2671
      Evaluation: [ 600/1978]  eta: 0:00:59    time: 0.0412  data: 0.0000  max mem: 2671
      Evaluation: [ 700/1978]  eta: 0:00:54    time: 0.0408  data: 0.0000  max mem: 2671
      Evaluation: [ 800/1978]  eta: 0:00:50    time: 0.0403  data: 0.0000  max mem: 2671
      Evaluation: [ 900/1978]  eta: 0:00:45    time: 0.0400  data: 0.0000  max mem: 2671
      Evaluation: [1000/1978]  eta: 0:00:41    time: 0.0403  data: 0.0000  max mem: 2671
      Evaluation: [1100/1978]  eta: 0:00:36    time: 0.0424  data: 0.0000  max mem: 2671
      Evaluation: [1200/1978]  eta: 0:00:32    time: 0.0411  data: 0.0000  max mem: 2671
      Evaluation: [1300/1978]  eta: 0:00:28    time: 0.0415  data: 0.0000  max mem: 2671
      Evaluation: [1400/1978]  eta: 0:00:24    time: 0.0422  data: 0.0000  max mem: 2671
      Evaluation: [1500/1978]  eta: 0:00:20    time: 0.0426  data: 0.0000  max mem: 2671
      Evaluation: [1600/1978]  eta: 0:00:15    time: 0.0423  data: 0.0000  max mem: 2671
      Evaluation: [1700/1978]  eta: 0:00:11    time: 0.0425  data: 0.0000  max mem: 2671
      Evaluation: [1800/1978]  eta: 0:00:07    time: 0.0419  data: 0.0000  max mem: 2671
      Evaluation: [1900/1978]  eta: 0:00:03    time: 0.0416  data: 0.0000  max mem: 2671
      Evaluation: [1977/1978]  eta: 0:00:00    time: 0.0418  data: 0.0000  max mem: 2671
      Evaluation: Total time: 0:01:23 (0.0421 s / it)
     Computing matching score time 0:01:23
### TTA ITM Score: 
+-------+--------+--------+--------+--------+--------+
| epoch |   R1   |   R5   |  R10   |  mAP   |  mINP  |
+-------+--------+--------+--------+--------+--------+
|  -999 | 69.414 | 95.197 | 97.776 | 81.233 | 81.233 |
|  -999 | 84.277 | 99.039 | 99.596 | 91.276 | 91.276 |
|   0   | 84.580 | 98.635 | 99.292 | 91.286 | 91.286 |
|   1   | 84.580 | 98.837 | 99.393 | 91.318 | 91.318 |
|   2   | 84.479 | 98.686 | 99.444 | 91.268 | 91.268 |
|   3   | 84.681 | 98.736 | 99.393 | 91.357 | 91.357 |
|   4   | 84.934 | 98.837 | 99.494 | 91.498 | 91.498 |
|   5   | 84.985 | 98.736 | 99.494 | 91.531 | 91.531 |
|   6   | 84.934 | 98.736 | 99.494 | 91.500 | 91.500 |
|   7   | 85.035 | 98.787 | 99.494 | 91.555 | 91.555 |
|   8   | 85.086 | 98.736 | 99.494 | 91.585 | 91.585 |
|   9   | 85.086 | 98.736 | 99.494 | 91.571 | 91.571 |
|   10  | 84.985 | 98.736 | 99.494 | 91.527 | 91.527 |
|   11  | 85.035 | 98.736 | 99.494 | 91.530 | 91.530 |
|   12  | 84.985 | 98.736 | 99.494 | 91.532 | 91.532 |
|   13  | 84.934 | 98.736 | 99.494 | 91.508 | 91.508 |
|   14  | 85.086 | 98.736 | 99.494 | 91.584 | 91.584 |
|   15  | 84.985 | 98.736 | 99.494 | 91.548 | 91.548 |
|   16  | 84.985 | 98.736 | 99.494 | 91.544 | 91.544 |
|   17  | 84.985 | 98.736 | 99.494 | 91.556 | 91.556 |
|   18  | 84.985 | 98.736 | 99.494 | 91.555 | 91.555 |
|   19  | 84.985 | 98.736 | 99.494 | 91.556 | 91.556 |
+-------+--------+--------+--------+--------+--------+
     logs:  {'epo': 19, 'R1': np.float32(84.985), 'R5': np.float32(98.736), 'R10': np.float32(99.494), 'mAP': np.float32(91.556), 'mINP': np.float32(91.556), 'lr': 3.6e-05, 'entropy': 0.064155, 'loss': 2.713225}
      TTA Epoch: [20] [  0/123]  eta: 0:01:04  lr: 0.000035  entropy: 0.0747  loss: 2.7175  time: 0.5226  data: 0.4550  max mem: 2671
      TTA Epoch: [20] [100/123]  eta: 0:00:00  lr: 0.000032  entropy: 0.0314  loss: 2.7012  time: 0.0324  data: 0.0001  max mem: 2671
      TTA Epoch: [20] [122/123]  eta: 0:00:00  lr: 0.000031  entropy: 0.0023  loss: 2.6900  time: 0.0334  data: 0.0001  max mem: 2671
      TTA Epoch: [20] Total time: 0:00:04 (0.0385 s / it)
     Averaged stats: lr: 0.0000  entropy: 0.0654  loss: 2.7137
     Computing matching score
      Evaluation: [   0/1978]  eta: 0:01:42    time: 0.0518  data: 0.0028  max mem: 2671
      Evaluation: [ 100/1978]  eta: 0:01:20    time: 0.0399  data: 0.0000  max mem: 2671
      Evaluation: [ 200/1978]  eta: 0:01:14    time: 0.0405  data: 0.0000  max mem: 2671
      Evaluation: [ 300/1978]  eta: 0:01:09    time: 0.0406  data: 0.0000  max mem: 2671
      Evaluation: [ 400/1978]  eta: 0:01:04    time: 0.0404  data: 0.0000  max mem: 2671
      Evaluation: [ 500/1978]  eta: 0:01:00    time: 0.0401  data: 0.0000  max mem: 2671
      Evaluation: [ 600/1978]  eta: 0:00:56    time: 0.0404  data: 0.0000  max mem: 2671
      Evaluation: [ 700/1978]  eta: 0:00:52    time: 0.0402  data: 0.0000  max mem: 2671
      Evaluation: [ 800/1978]  eta: 0:00:47    time: 0.0402  data: 0.0000  max mem: 2671
      Evaluation: [ 900/1978]  eta: 0:00:44    time: 0.0434  data: 0.0000  max mem: 2671
      Evaluation: [1000/1978]  eta: 0:00:40    time: 0.0423  data: 0.0000  max mem: 2671
      Evaluation: [1100/1978]  eta: 0:00:36    time: 0.0428  data: 0.0000  max mem: 2671
      Evaluation: [1200/1978]  eta: 0:00:32    time: 0.0430  data: 0.0000  max mem: 2671
      Evaluation: [1300/1978]  eta: 0:00:28    time: 0.0439  data: 0.0000  max mem: 2671
      Evaluation: [1400/1978]  eta: 0:00:24    time: 0.0433  data: 0.0000  max mem: 2671
      Evaluation: [1500/1978]  eta: 0:00:19    time: 0.0426  data: 0.0000  max mem: 2671
      Evaluation: [1600/1978]  eta: 0:00:15    time: 0.0423  data: 0.0000  max mem: 2671
      Evaluation: [1700/1978]  eta: 0:00:11    time: 0.0405  data: 0.0000  max mem: 2671
      Evaluation: [1800/1978]  eta: 0:00:07    time: 0.0405  data: 0.0000  max mem: 2671
      Evaluation: [1900/1978]  eta: 0:00:03    time: 0.0405  data: 0.0000  max mem: 2671
      Evaluation: [1977/1978]  eta: 0:00:00    time: 0.0400  data: 0.0000  max mem: 2671
      Evaluation: Total time: 0:01:22 (0.0416 s / it)
     Computing matching score time 0:01:22
### TTA ITM Score: 
+-------+--------+--------+--------+--------+--------+
| epoch |   R1   |   R5   |  R10   |  mAP   |  mINP  |
+-------+--------+--------+--------+--------+--------+
|  -999 | 69.414 | 95.197 | 97.776 | 81.233 | 81.233 |
|  -999 | 84.277 | 99.039 | 99.596 | 91.276 | 91.276 |
|   0   | 84.580 | 98.635 | 99.292 | 91.286 | 91.286 |
|   1   | 84.580 | 98.837 | 99.393 | 91.318 | 91.318 |
|   2   | 84.479 | 98.686 | 99.444 | 91.268 | 91.268 |
|   3   | 84.681 | 98.736 | 99.393 | 91.357 | 91.357 |
|   4   | 84.934 | 98.837 | 99.494 | 91.498 | 91.498 |
|   5   | 84.985 | 98.736 | 99.494 | 91.531 | 91.531 |
|   6   | 84.934 | 98.736 | 99.494 | 91.500 | 91.500 |
|   7   | 85.035 | 98.787 | 99.494 | 91.555 | 91.555 |
|   8   | 85.086 | 98.736 | 99.494 | 91.585 | 91.585 |
|   9   | 85.086 | 98.736 | 99.494 | 91.571 | 91.571 |
|   10  | 84.985 | 98.736 | 99.494 | 91.527 | 91.527 |
|   11  | 85.035 | 98.736 | 99.494 | 91.530 | 91.530 |
|   12  | 84.985 | 98.736 | 99.494 | 91.532 | 91.532 |
|   13  | 84.934 | 98.736 | 99.494 | 91.508 | 91.508 |
|   14  | 85.086 | 98.736 | 99.494 | 91.584 | 91.584 |
|   15  | 84.985 | 98.736 | 99.494 | 91.548 | 91.548 |
|   16  | 84.985 | 98.736 | 99.494 | 91.544 | 91.544 |
|   17  | 84.985 | 98.736 | 99.494 | 91.556 | 91.556 |
|   18  | 84.985 | 98.736 | 99.494 | 91.555 | 91.555 |
|   19  | 84.985 | 98.736 | 99.494 | 91.556 | 91.556 |
|   20  | 85.035 | 98.736 | 99.494 | 91.573 | 91.573 |
+-------+--------+--------+--------+--------+--------+
     logs:  {'epo': 20, 'R1': np.float32(85.035), 'R5': np.float32(98.736), 'R10': np.float32(99.494), 'mAP': np.float32(91.573), 'mINP': np.float32(91.573), 'lr': 3.3e-05, 'entropy': 0.065409, 'loss': 2.713695}
      TTA Epoch: [21] [  0/123]  eta: 0:00:52  lr: 0.000031  entropy: 0.0694  loss: 2.7148  time: 0.4306  data: 0.3762  max mem: 2671
      TTA Epoch: [21] [100/123]  eta: 0:00:00  lr: 0.000029  entropy: 0.1571  loss: 2.7483  time: 0.0339  data: 0.0001  max mem: 2671
      TTA Epoch: [21] [122/123]  eta: 0:00:00  lr: 0.000028  entropy: 0.0177  loss: 2.6967  time: 0.0338  data: 0.0002  max mem: 2671
      TTA Epoch: [21] Total time: 0:00:04 (0.0385 s / it)
     Averaged stats: lr: 0.0000  entropy: 0.0664  loss: 2.7141
     Computing matching score
      Evaluation: [   0/1978]  eta: 0:01:24    time: 0.0429  data: 0.0023  max mem: 2671
      Evaluation: [ 100/1978]  eta: 0:01:15    time: 0.0403  data: 0.0000  max mem: 2671
      Evaluation: [ 200/1978]  eta: 0:01:11    time: 0.0403  data: 0.0000  max mem: 2671
      Evaluation: [ 300/1978]  eta: 0:01:08    time: 0.0445  data: 0.0000  max mem: 2671
      Evaluation: [ 400/1978]  eta: 0:01:05    time: 0.0427  data: 0.0000  max mem: 2671
      Evaluation: [ 500/1978]  eta: 0:01:01    time: 0.0434  data: 0.0000  max mem: 2671
      Evaluation: [ 600/1978]  eta: 0:00:57    time: 0.0434  data: 0.0000  max mem: 2671
      Evaluation: [ 700/1978]  eta: 0:00:53    time: 0.0429  data: 0.0000  max mem: 2671
      Evaluation: [ 800/1978]  eta: 0:00:49    time: 0.0426  data: 0.0000  max mem: 2671
      Evaluation: [ 900/1978]  eta: 0:00:45    time: 0.0428  data: 0.0000  max mem: 2671
      Evaluation: [1000/1978]  eta: 0:00:41    time: 0.0423  data: 0.0000  max mem: 2671
      Evaluation: [1100/1978]  eta: 0:00:37    time: 0.0423  data: 0.0000  max mem: 2671
      Evaluation: [1200/1978]  eta: 0:00:32    time: 0.0406  data: 0.0000  max mem: 2671
      Evaluation: [1300/1978]  eta: 0:00:28    time: 0.0400  data: 0.0000  max mem: 2671
      Evaluation: [1400/1978]  eta: 0:00:24    time: 0.0403  data: 0.0000  max mem: 2671
      Evaluation: [1500/1978]  eta: 0:00:19    time: 0.0405  data: 0.0000  max mem: 2671
      Evaluation: [1600/1978]  eta: 0:00:15    time: 0.0404  data: 0.0000  max mem: 2671
      Evaluation: [1700/1978]  eta: 0:00:11    time: 0.0404  data: 0.0000  max mem: 2671
      Evaluation: [1800/1978]  eta: 0:00:07    time: 0.0406  data: 0.0000  max mem: 2671
      Evaluation: [1900/1978]  eta: 0:00:03    time: 0.0424  data: 0.0000  max mem: 2671
      Evaluation: [1977/1978]  eta: 0:00:00    time: 0.0426  data: 0.0000  max mem: 2671
      Evaluation: Total time: 0:01:22 (0.0416 s / it)
     Computing matching score time 0:01:22
### TTA ITM Score: 
+-------+--------+--------+--------+--------+--------+
| epoch |   R1   |   R5   |  R10   |  mAP   |  mINP  |
+-------+--------+--------+--------+--------+--------+
|  -999 | 69.414 | 95.197 | 97.776 | 81.233 | 81.233 |
|  -999 | 84.277 | 99.039 | 99.596 | 91.276 | 91.276 |
|   0   | 84.580 | 98.635 | 99.292 | 91.286 | 91.286 |
|   1   | 84.580 | 98.837 | 99.393 | 91.318 | 91.318 |
|   2   | 84.479 | 98.686 | 99.444 | 91.268 | 91.268 |
|   3   | 84.681 | 98.736 | 99.393 | 91.357 | 91.357 |
|   4   | 84.934 | 98.837 | 99.494 | 91.498 | 91.498 |
|   5   | 84.985 | 98.736 | 99.494 | 91.531 | 91.531 |
|   6   | 84.934 | 98.736 | 99.494 | 91.500 | 91.500 |
|   7   | 85.035 | 98.787 | 99.494 | 91.555 | 91.555 |
|   8   | 85.086 | 98.736 | 99.494 | 91.585 | 91.585 |
|   9   | 85.086 | 98.736 | 99.494 | 91.571 | 91.571 |
|   10  | 84.985 | 98.736 | 99.494 | 91.527 | 91.527 |
|   11  | 85.035 | 98.736 | 99.494 | 91.530 | 91.530 |
|   12  | 84.985 | 98.736 | 99.494 | 91.532 | 91.532 |
|   13  | 84.934 | 98.736 | 99.494 | 91.508 | 91.508 |
|   14  | 85.086 | 98.736 | 99.494 | 91.584 | 91.584 |
|   15  | 84.985 | 98.736 | 99.494 | 91.548 | 91.548 |
|   16  | 84.985 | 98.736 | 99.494 | 91.544 | 91.544 |
|   17  | 84.985 | 98.736 | 99.494 | 91.556 | 91.556 |
|   18  | 84.985 | 98.736 | 99.494 | 91.555 | 91.555 |
|   19  | 84.985 | 98.736 | 99.494 | 91.556 | 91.556 |
|   20  | 85.035 | 98.736 | 99.494 | 91.573 | 91.573 |
|   21  | 84.985 | 98.736 | 99.494 | 91.548 | 91.548 |
+-------+--------+--------+--------+--------+--------+
     logs:  {'epo': 21, 'R1': np.float32(84.985), 'R5': np.float32(98.736), 'R10': np.float32(99.494), 'mAP': np.float32(91.548), 'mINP': np.float32(91.548), 'lr': 3e-05, 'entropy': 0.066433, 'loss': 2.714073}
      TTA Epoch: [22] [  0/123]  eta: 0:00:56  lr: 0.000028  entropy: 0.0957  loss: 2.7242  time: 0.4578  data: 0.3978  max mem: 2671
      TTA Epoch: [22] [100/123]  eta: 0:00:01  lr: 0.000025  entropy: 0.0023  loss: 2.6903  time: 0.0503  data: 0.0099  max mem: 2671
      TTA Epoch: [22] [122/123]  eta: 0:00:00  lr: 0.000025  entropy: 0.2013  loss: 2.7646  time: 0.0457  data: 0.0090  max mem: 2671
      TTA Epoch: [22] Total time: 0:00:06 (0.0497 s / it)
     Averaged stats: lr: 0.0000  entropy: 0.0646  loss: 2.7134
     Computing matching score
      Evaluation: [   0/1978]  eta: 0:01:29    time: 0.0455  data: 0.0026  max mem: 2671
      Evaluation: [ 100/1978]  eta: 0:01:20    time: 0.0421  data: 0.0000  max mem: 2671
      Evaluation: [ 200/1978]  eta: 0:01:15    time: 0.0425  data: 0.0000  max mem: 2671
      Evaluation: [ 300/1978]  eta: 0:01:11    time: 0.0422  data: 0.0000  max mem: 2671
      Evaluation: [ 400/1978]  eta: 0:01:07    time: 0.0428  data: 0.0000  max mem: 2671
      Evaluation: [ 500/1978]  eta: 0:01:03    time: 0.0452  data: 0.0000  max mem: 2671
      Evaluation: [ 600/1978]  eta: 0:00:59    time: 0.0428  data: 0.0000  max mem: 2671
      Evaluation: [ 700/1978]  eta: 0:00:54    time: 0.0405  data: 0.0000  max mem: 2671
      Evaluation: [ 800/1978]  eta: 0:00:50    time: 0.0405  data: 0.0000  max mem: 2671
      Evaluation: [ 900/1978]  eta: 0:00:45    time: 0.0401  data: 0.0000  max mem: 2671
      Evaluation: [1000/1978]  eta: 0:00:41    time: 0.0403  data: 0.0000  max mem: 2671
      Evaluation: [1100/1978]  eta: 0:00:36    time: 0.0404  data: 0.0000  max mem: 2671
      Evaluation: [1200/1978]  eta: 0:00:32    time: 0.0410  data: 0.0000  max mem: 2671
      Evaluation: [1300/1978]  eta: 0:00:28    time: 0.0406  data: 0.0000  max mem: 2671
      Evaluation: [1400/1978]  eta: 0:00:24    time: 0.0454  data: 0.0000  max mem: 2671
      Evaluation: [1500/1978]  eta: 0:00:20    time: 0.0438  data: 0.0000  max mem: 2671
      Evaluation: [1600/1978]  eta: 0:00:15    time: 0.0444  data: 0.0000  max mem: 2671
      Evaluation: [1700/1978]  eta: 0:00:11    time: 0.0425  data: 0.0000  max mem: 2671
      Evaluation: [1800/1978]  eta: 0:00:07    time: 0.0432  data: 0.0000  max mem: 2671
      Evaluation: [1900/1978]  eta: 0:00:03    time: 0.0433  data: 0.0000  max mem: 2671
      Evaluation: [1977/1978]  eta: 0:00:00    time: 0.0443  data: 0.0000  max mem: 2671
      Evaluation: Total time: 0:01:23 (0.0423 s / it)
     Computing matching score time 0:01:23
### TTA ITM Score: 
+-------+--------+--------+--------+--------+--------+
| epoch |   R1   |   R5   |  R10   |  mAP   |  mINP  |
+-------+--------+--------+--------+--------+--------+
|  -999 | 69.414 | 95.197 | 97.776 | 81.233 | 81.233 |
|  -999 | 84.277 | 99.039 | 99.596 | 91.276 | 91.276 |
|   0   | 84.580 | 98.635 | 99.292 | 91.286 | 91.286 |
|   1   | 84.580 | 98.837 | 99.393 | 91.318 | 91.318 |
|   2   | 84.479 | 98.686 | 99.444 | 91.268 | 91.268 |
|   3   | 84.681 | 98.736 | 99.393 | 91.357 | 91.357 |
|   4   | 84.934 | 98.837 | 99.494 | 91.498 | 91.498 |
|   5   | 84.985 | 98.736 | 99.494 | 91.531 | 91.531 |
|   6   | 84.934 | 98.736 | 99.494 | 91.500 | 91.500 |
|   7   | 85.035 | 98.787 | 99.494 | 91.555 | 91.555 |
|   8   | 85.086 | 98.736 | 99.494 | 91.585 | 91.585 |
|   9   | 85.086 | 98.736 | 99.494 | 91.571 | 91.571 |
|   10  | 84.985 | 98.736 | 99.494 | 91.527 | 91.527 |
|   11  | 85.035 | 98.736 | 99.494 | 91.530 | 91.530 |
|   12  | 84.985 | 98.736 | 99.494 | 91.532 | 91.532 |
|   13  | 84.934 | 98.736 | 99.494 | 91.508 | 91.508 |
|   14  | 85.086 | 98.736 | 99.494 | 91.584 | 91.584 |
|   15  | 84.985 | 98.736 | 99.494 | 91.548 | 91.548 |
|   16  | 84.985 | 98.736 | 99.494 | 91.544 | 91.544 |
|   17  | 84.985 | 98.736 | 99.494 | 91.556 | 91.556 |
|   18  | 84.985 | 98.736 | 99.494 | 91.555 | 91.555 |
|   19  | 84.985 | 98.736 | 99.494 | 91.556 | 91.556 |
|   20  | 85.035 | 98.736 | 99.494 | 91.573 | 91.573 |
|   21  | 84.985 | 98.736 | 99.494 | 91.548 | 91.548 |
|   22  | 84.985 | 98.736 | 99.494 | 91.555 | 91.555 |
+-------+--------+--------+--------+--------+--------+
     logs:  {'epo': 22, 'R1': np.float32(84.985), 'R5': np.float32(98.736), 'R10': np.float32(99.494), 'mAP': np.float32(91.555), 'mINP': np.float32(91.555), 'lr': 2.6e-05, 'entropy': 0.064594, 'loss': 2.713398}
      TTA Epoch: [23] [  0/123]  eta: 0:01:10  lr: 0.000025  entropy: 0.1960  loss: 2.7623  time: 0.5770  data: 0.5064  max mem: 2671
      TTA Epoch: [23] [100/123]  eta: 0:00:01  lr: 0.000022  entropy: 0.0708  loss: 2.7158  time: 0.0623  data: 0.0191  max mem: 2671
      TTA Epoch: [23] [122/123]  eta: 0:00:00  lr: 0.000021  entropy: 0.1181  loss: 2.7328  time: 0.0563  data: 0.0151  max mem: 2671
      TTA Epoch: [23] Total time: 0:00:06 (0.0561 s / it)
     Averaged stats: lr: 0.0000  entropy: 0.0645  loss: 2.7134
     Computing matching score
      Evaluation: [   0/1978]  eta: 0:01:27    time: 0.0441  data: 0.0036  max mem: 2671
      Evaluation: [ 100/1978]  eta: 0:01:15    time: 0.0402  data: 0.0000  max mem: 2671
      Evaluation: [ 200/1978]  eta: 0:01:12    time: 0.0407  data: 0.0000  max mem: 2671
      Evaluation: [ 300/1978]  eta: 0:01:07    time: 0.0403  data: 0.0000  max mem: 2671
      Evaluation: [ 400/1978]  eta: 0:01:04    time: 0.0414  data: 0.0000  max mem: 2671
      Evaluation: [ 500/1978]  eta: 0:01:00    time: 0.0410  data: 0.0000  max mem: 2671
      Evaluation: [ 600/1978]  eta: 0:00:56    time: 0.0409  data: 0.0000  max mem: 2671
      Evaluation: [ 700/1978]  eta: 0:00:52    time: 0.0405  data: 0.0000  max mem: 2671
      Evaluation: [ 800/1978]  eta: 0:00:48    time: 0.0443  data: 0.0000  max mem: 2671
      Evaluation: [ 900/1978]  eta: 0:00:44    time: 0.0432  data: 0.0000  max mem: 2671
      Evaluation: [1000/1978]  eta: 0:00:40    time: 0.0440  data: 0.0000  max mem: 2671
      Evaluation: [1100/1978]  eta: 0:00:36    time: 0.0431  data: 0.0000  max mem: 2671
      Evaluation: [1200/1978]  eta: 0:00:32    time: 0.0429  data: 0.0000  max mem: 2671
      Evaluation: [1300/1978]  eta: 0:00:28    time: 0.0429  data: 0.0000  max mem: 2671
      Evaluation: [1400/1978]  eta: 0:00:24    time: 0.0442  data: 0.0000  max mem: 2671
      Evaluation: [1500/1978]  eta: 0:00:19    time: 0.0407  data: 0.0000  max mem: 2671
      Evaluation: [1600/1978]  eta: 0:00:15    time: 0.0404  data: 0.0000  max mem: 2671
      Evaluation: [1700/1978]  eta: 0:00:11    time: 0.0407  data: 0.0000  max mem: 2671
      Evaluation: [1800/1978]  eta: 0:00:07    time: 0.0410  data: 0.0000  max mem: 2671
      Evaluation: [1900/1978]  eta: 0:00:03    time: 0.0404  data: 0.0000  max mem: 2671
      Evaluation: [1977/1978]  eta: 0:00:00    time: 0.0405  data: 0.0000  max mem: 2671
      Evaluation: Total time: 0:01:22 (0.0415 s / it)
     Computing matching score time 0:01:22
### TTA ITM Score: 
+-------+--------+--------+--------+--------+--------+
| epoch |   R1   |   R5   |  R10   |  mAP   |  mINP  |
+-------+--------+--------+--------+--------+--------+
|  -999 | 69.414 | 95.197 | 97.776 | 81.233 | 81.233 |
|  -999 | 84.277 | 99.039 | 99.596 | 91.276 | 91.276 |
|   0   | 84.580 | 98.635 | 99.292 | 91.286 | 91.286 |
|   1   | 84.580 | 98.837 | 99.393 | 91.318 | 91.318 |
|   2   | 84.479 | 98.686 | 99.444 | 91.268 | 91.268 |
|   3   | 84.681 | 98.736 | 99.393 | 91.357 | 91.357 |
|   4   | 84.934 | 98.837 | 99.494 | 91.498 | 91.498 |
|   5   | 84.985 | 98.736 | 99.494 | 91.531 | 91.531 |
|   6   | 84.934 | 98.736 | 99.494 | 91.500 | 91.500 |
|   7   | 85.035 | 98.787 | 99.494 | 91.555 | 91.555 |
|   8   | 85.086 | 98.736 | 99.494 | 91.585 | 91.585 |
|   9   | 85.086 | 98.736 | 99.494 | 91.571 | 91.571 |
|   10  | 84.985 | 98.736 | 99.494 | 91.527 | 91.527 |
|   11  | 85.035 | 98.736 | 99.494 | 91.530 | 91.530 |
|   12  | 84.985 | 98.736 | 99.494 | 91.532 | 91.532 |
|   13  | 84.934 | 98.736 | 99.494 | 91.508 | 91.508 |
|   14  | 85.086 | 98.736 | 99.494 | 91.584 | 91.584 |
|   15  | 84.985 | 98.736 | 99.494 | 91.548 | 91.548 |
|   16  | 84.985 | 98.736 | 99.494 | 91.544 | 91.544 |
|   17  | 84.985 | 98.736 | 99.494 | 91.556 | 91.556 |
|   18  | 84.985 | 98.736 | 99.494 | 91.555 | 91.555 |
|   19  | 84.985 | 98.736 | 99.494 | 91.556 | 91.556 |
|   20  | 85.035 | 98.736 | 99.494 | 91.573 | 91.573 |
|   21  | 84.985 | 98.736 | 99.494 | 91.548 | 91.548 |
|   22  | 84.985 | 98.736 | 99.494 | 91.555 | 91.555 |
|   23  | 84.985 | 98.736 | 99.494 | 91.539 | 91.539 |
+-------+--------+--------+--------+--------+--------+
     logs:  {'epo': 23, 'R1': np.float32(84.985), 'R5': np.float32(98.736), 'R10': np.float32(99.494), 'mAP': np.float32(91.539), 'mINP': np.float32(91.539), 'lr': 2.3e-05, 'entropy': 0.064482, 'loss': 2.713354}
      TTA Epoch: [24] [  0/123]  eta: 0:00:47  lr: 0.000021  entropy: 0.0552  loss: 2.7094  time: 0.3849  data: 0.3305  max mem: 2671
      TTA Epoch: [24] [100/123]  eta: 0:00:00  lr: 0.000018  entropy: 0.0306  loss: 2.7003  time: 0.0340  data: 0.0001  max mem: 2671
      TTA Epoch: [24] [122/123]  eta: 0:00:00  lr: 0.000018  entropy: 0.0601  loss: 2.7124  time: 0.0317  data: 0.0001  max mem: 2671
      TTA Epoch: [24] Total time: 0:00:04 (0.0385 s / it)
     Averaged stats: lr: 0.0000  entropy: 0.0561  loss: 2.7102
     Computing matching score
      Evaluation: [   0/1978]  eta: 0:01:27    time: 0.0445  data: 0.0035  max mem: 2671
      Evaluation: [ 100/1978]  eta: 0:01:16    time: 0.0422  data: 0.0000  max mem: 2671
      Evaluation: [ 200/1978]  eta: 0:01:14    time: 0.0434  data: 0.0000  max mem: 2671
      Evaluation: [ 300/1978]  eta: 0:01:11    time: 0.0438  data: 0.0000  max mem: 2671
      Evaluation: [ 400/1978]  eta: 0:01:07    time: 0.0433  data: 0.0000  max mem: 2671
      Evaluation: [ 500/1978]  eta: 0:01:02    time: 0.0420  data: 0.0000  max mem: 2671
      Evaluation: [ 600/1978]  eta: 0:00:58    time: 0.0425  data: 0.0000  max mem: 2671
      Evaluation: [ 700/1978]  eta: 0:00:54    time: 0.0438  data: 0.0000  max mem: 2671
      Evaluation: [ 800/1978]  eta: 0:00:50    time: 0.0434  data: 0.0000  max mem: 2671
      Evaluation: [ 900/1978]  eta: 0:00:45    time: 0.0411  data: 0.0000  max mem: 2671
      Evaluation: [1000/1978]  eta: 0:00:41    time: 0.0408  data: 0.0000  max mem: 2671
      Evaluation: [1100/1978]  eta: 0:00:37    time: 0.0406  data: 0.0000  max mem: 2671
      Evaluation: [1200/1978]  eta: 0:00:32    time: 0.0403  data: 0.0000  max mem: 2671
      Evaluation: [1300/1978]  eta: 0:00:28    time: 0.0404  data: 0.0000  max mem: 2671
      Evaluation: [1400/1978]  eta: 0:00:24    time: 0.0407  data: 0.0000  max mem: 2671
      Evaluation: [1500/1978]  eta: 0:00:19    time: 0.0403  data: 0.0000  max mem: 2671
      Evaluation: [1600/1978]  eta: 0:00:15    time: 0.0450  data: 0.0000  max mem: 2671
      Evaluation: [1700/1978]  eta: 0:00:11    time: 0.0407  data: 0.0000  max mem: 2671
      Evaluation: [1800/1978]  eta: 0:00:07    time: 0.0409  data: 0.0000  max mem: 2671
      Evaluation: [1900/1978]  eta: 0:00:03    time: 0.0409  data: 0.0000  max mem: 2671
      Evaluation: [1977/1978]  eta: 0:00:00    time: 0.0424  data: 0.0000  max mem: 2671
      Evaluation: Total time: 0:01:22 (0.0417 s / it)
     Computing matching score time 0:01:22
### TTA ITM Score: 
+-------+--------+--------+--------+--------+--------+
| epoch |   R1   |   R5   |  R10   |  mAP   |  mINP  |
+-------+--------+--------+--------+--------+--------+
|  -999 | 69.414 | 95.197 | 97.776 | 81.233 | 81.233 |
|  -999 | 84.277 | 99.039 | 99.596 | 91.276 | 91.276 |
|   0   | 84.580 | 98.635 | 99.292 | 91.286 | 91.286 |
|   1   | 84.580 | 98.837 | 99.393 | 91.318 | 91.318 |
|   2   | 84.479 | 98.686 | 99.444 | 91.268 | 91.268 |
|   3   | 84.681 | 98.736 | 99.393 | 91.357 | 91.357 |
|   4   | 84.934 | 98.837 | 99.494 | 91.498 | 91.498 |
|   5   | 84.985 | 98.736 | 99.494 | 91.531 | 91.531 |
|   6   | 84.934 | 98.736 | 99.494 | 91.500 | 91.500 |
|   7   | 85.035 | 98.787 | 99.494 | 91.555 | 91.555 |
|   8   | 85.086 | 98.736 | 99.494 | 91.585 | 91.585 |
|   9   | 85.086 | 98.736 | 99.494 | 91.571 | 91.571 |
|   10  | 84.985 | 98.736 | 99.494 | 91.527 | 91.527 |
|   11  | 85.035 | 98.736 | 99.494 | 91.530 | 91.530 |
|   12  | 84.985 | 98.736 | 99.494 | 91.532 | 91.532 |
|   13  | 84.934 | 98.736 | 99.494 | 91.508 | 91.508 |
|   14  | 85.086 | 98.736 | 99.494 | 91.584 | 91.584 |
|   15  | 84.985 | 98.736 | 99.494 | 91.548 | 91.548 |
|   16  | 84.985 | 98.736 | 99.494 | 91.544 | 91.544 |
|   17  | 84.985 | 98.736 | 99.494 | 91.556 | 91.556 |
|   18  | 84.985 | 98.736 | 99.494 | 91.555 | 91.555 |
|   19  | 84.985 | 98.736 | 99.494 | 91.556 | 91.556 |
|   20  | 85.035 | 98.736 | 99.494 | 91.573 | 91.573 |
|   21  | 84.985 | 98.736 | 99.494 | 91.548 | 91.548 |
|   22  | 84.985 | 98.736 | 99.494 | 91.555 | 91.555 |
|   23  | 84.985 | 98.736 | 99.494 | 91.539 | 91.539 |
|   24  | 84.985 | 98.736 | 99.494 | 91.545 | 91.545 |
+-------+--------+--------+--------+--------+--------+
     logs:  {'epo': 24, 'R1': np.float32(84.985), 'R5': np.float32(98.736), 'R10': np.float32(99.494), 'mAP': np.float32(91.545), 'mINP': np.float32(91.545), 'lr': 2e-05, 'entropy': 0.056113, 'loss': 2.710238}
      TTA Epoch: [25] [  0/123]  eta: 0:01:01  lr: 0.000018  entropy: 0.0133  loss: 2.6937  time: 0.4999  data: 0.4372  max mem: 2671
      TTA Epoch: [25] [100/123]  eta: 0:00:01  lr: 0.000015  entropy: 0.0885  loss: 2.7211  time: 0.0410  data: 0.0030  max mem: 2671
      TTA Epoch: [25] [122/123]  eta: 0:00:00  lr: 0.000014  entropy: 0.0194  loss: 2.6973  time: 0.0357  data: 0.0005  max mem: 2671
      TTA Epoch: [25] Total time: 0:00:05 (0.0447 s / it)
     Averaged stats: lr: 0.0000  entropy: 0.0635  loss: 2.7130
     Computing matching score
      Evaluation: [   0/1978]  eta: 0:01:30    time: 0.0456  data: 0.0036  max mem: 2671
      Evaluation: [ 100/1978]  eta: 0:01:20    time: 0.0434  data: 0.0000  max mem: 2671
      Evaluation: [ 200/1978]  eta: 0:01:15    time: 0.0422  data: 0.0000  max mem: 2671
      Evaluation: [ 300/1978]  eta: 0:01:11    time: 0.0404  data: 0.0000  max mem: 2671
      Evaluation: [ 400/1978]  eta: 0:01:06    time: 0.0407  data: 0.0000  max mem: 2671
      Evaluation: [ 500/1978]  eta: 0:01:01    time: 0.0403  data: 0.0000  max mem: 2671
      Evaluation: [ 600/1978]  eta: 0:00:57    time: 0.0407  data: 0.0000  max mem: 2671
      Evaluation: [ 700/1978]  eta: 0:00:52    time: 0.0404  data: 0.0000  max mem: 2671
      Evaluation: [ 800/1978]  eta: 0:00:48    time: 0.0406  data: 0.0000  max mem: 2671
      Evaluation: [ 900/1978]  eta: 0:00:44    time: 0.0403  data: 0.0000  max mem: 2671
      Evaluation: [1000/1978]  eta: 0:00:40    time: 0.0405  data: 0.0000  max mem: 2671
      Evaluation: [1100/1978]  eta: 0:00:36    time: 0.0427  data: 0.0000  max mem: 2671
      Evaluation: [1200/1978]  eta: 0:00:32    time: 0.0419  data: 0.0000  max mem: 2671
      Evaluation: [1300/1978]  eta: 0:00:28    time: 0.0425  data: 0.0000  max mem: 2671
      Evaluation: [1400/1978]  eta: 0:00:23    time: 0.0408  data: 0.0000  max mem: 2671
      Evaluation: [1500/1978]  eta: 0:00:19    time: 0.0415  data: 0.0000  max mem: 2671
      Evaluation: [1600/1978]  eta: 0:00:15    time: 0.0429  data: 0.0000  max mem: 2671
      Evaluation: [1700/1978]  eta: 0:00:11    time: 0.0420  data: 0.0000  max mem: 2671
      Evaluation: [1800/1978]  eta: 0:00:07    time: 0.0442  data: 0.0000  max mem: 2671
      Evaluation: [1900/1978]  eta: 0:00:03    time: 0.0408  data: 0.0000  max mem: 2671
      Evaluation: [1977/1978]  eta: 0:00:00    time: 0.0405  data: 0.0000  max mem: 2671
      Evaluation: Total time: 0:01:22 (0.0417 s / it)
     Computing matching score time 0:01:22
### TTA ITM Score: 
+-------+--------+--------+--------+--------+--------+
| epoch |   R1   |   R5   |  R10   |  mAP   |  mINP  |
+-------+--------+--------+--------+--------+--------+
|  -999 | 69.414 | 95.197 | 97.776 | 81.233 | 81.233 |
|  -999 | 84.277 | 99.039 | 99.596 | 91.276 | 91.276 |
|   0   | 84.580 | 98.635 | 99.292 | 91.286 | 91.286 |
|   1   | 84.580 | 98.837 | 99.393 | 91.318 | 91.318 |
|   2   | 84.479 | 98.686 | 99.444 | 91.268 | 91.268 |
|   3   | 84.681 | 98.736 | 99.393 | 91.357 | 91.357 |
|   4   | 84.934 | 98.837 | 99.494 | 91.498 | 91.498 |
|   5   | 84.985 | 98.736 | 99.494 | 91.531 | 91.531 |
|   6   | 84.934 | 98.736 | 99.494 | 91.500 | 91.500 |
|   7   | 85.035 | 98.787 | 99.494 | 91.555 | 91.555 |
|   8   | 85.086 | 98.736 | 99.494 | 91.585 | 91.585 |
|   9   | 85.086 | 98.736 | 99.494 | 91.571 | 91.571 |
|   10  | 84.985 | 98.736 | 99.494 | 91.527 | 91.527 |
|   11  | 85.035 | 98.736 | 99.494 | 91.530 | 91.530 |
|   12  | 84.985 | 98.736 | 99.494 | 91.532 | 91.532 |
|   13  | 84.934 | 98.736 | 99.494 | 91.508 | 91.508 |
|   14  | 85.086 | 98.736 | 99.494 | 91.584 | 91.584 |
|   15  | 84.985 | 98.736 | 99.494 | 91.548 | 91.548 |
|   16  | 84.985 | 98.736 | 99.494 | 91.544 | 91.544 |
|   17  | 84.985 | 98.736 | 99.494 | 91.556 | 91.556 |
|   18  | 84.985 | 98.736 | 99.494 | 91.555 | 91.555 |
|   19  | 84.985 | 98.736 | 99.494 | 91.556 | 91.556 |
|   20  | 85.035 | 98.736 | 99.494 | 91.573 | 91.573 |
|   21  | 84.985 | 98.736 | 99.494 | 91.548 | 91.548 |
|   22  | 84.985 | 98.736 | 99.494 | 91.555 | 91.555 |
|   23  | 84.985 | 98.736 | 99.494 | 91.539 | 91.539 |
|   24  | 84.985 | 98.736 | 99.494 | 91.545 | 91.545 |
|   25  | 84.985 | 98.736 | 99.494 | 91.545 | 91.545 |
+-------+--------+--------+--------+--------+--------+
     logs:  {'epo': 25, 'R1': np.float32(84.985), 'R5': np.float32(98.736), 'R10': np.float32(99.494), 'mAP': np.float32(91.545), 'mINP': np.float32(91.545), 'lr': 1.6e-05, 'entropy': 0.063516, 'loss': 2.712989}
      TTA Epoch: [26] [  0/123]  eta: 0:00:50  lr: 0.000014  entropy: 0.0901  loss: 2.7227  time: 0.4141  data: 0.3598  max mem: 2671
      TTA Epoch: [26] [100/123]  eta: 0:00:00  lr: 0.000012  entropy: 0.0822  loss: 2.7199  time: 0.0352  data: 0.0011  max mem: 2671
      TTA Epoch: [26] [122/123]  eta: 0:00:00  lr: 0.000011  entropy: 0.1558  loss: 2.7471  time: 0.0350  data: 0.0029  max mem: 2671
      TTA Epoch: [26] Total time: 0:00:04 (0.0404 s / it)
     Averaged stats: lr: 0.0000  entropy: 0.0593  loss: 2.7114
     Computing matching score
      Evaluation: [   0/1978]  eta: 0:01:26    time: 0.0439  data: 0.0034  max mem: 2671
      Evaluation: [ 100/1978]  eta: 0:01:15    time: 0.0406  data: 0.0000  max mem: 2671
      Evaluation: [ 200/1978]  eta: 0:01:11    time: 0.0403  data: 0.0000  max mem: 2671
      Evaluation: [ 300/1978]  eta: 0:01:07    time: 0.0403  data: 0.0000  max mem: 2671
      Evaluation: [ 400/1978]  eta: 0:01:03    time: 0.0401  data: 0.0000  max mem: 2671
      Evaluation: [ 500/1978]  eta: 0:00:59    time: 0.0431  data: 0.0000  max mem: 2671
      Evaluation: [ 600/1978]  eta: 0:00:56    time: 0.0421  data: 0.0000  max mem: 2671
      Evaluation: [ 700/1978]  eta: 0:00:52    time: 0.0422  data: 0.0000  max mem: 2671
      Evaluation: [ 800/1978]  eta: 0:00:48    time: 0.0419  data: 0.0000  max mem: 2671
      Evaluation: [ 900/1978]  eta: 0:00:44    time: 0.0429  data: 0.0000  max mem: 2671
      Evaluation: [1000/1978]  eta: 0:00:40    time: 0.0416  data: 0.0000  max mem: 2671
      Evaluation: [1100/1978]  eta: 0:00:36    time: 0.0425  data: 0.0000  max mem: 2671
      Evaluation: [1200/1978]  eta: 0:00:32    time: 0.0444  data: 0.0000  max mem: 2671
      Evaluation: [1300/1978]  eta: 0:00:28    time: 0.0400  data: 0.0000  max mem: 2671
      Evaluation: [1400/1978]  eta: 0:00:23    time: 0.0408  data: 0.0000  max mem: 2671
      Evaluation: [1500/1978]  eta: 0:00:19    time: 0.0397  data: 0.0000  max mem: 2671
      Evaluation: [1600/1978]  eta: 0:00:15    time: 0.0402  data: 0.0000  max mem: 2671
      Evaluation: [1700/1978]  eta: 0:00:11    time: 0.0396  data: 0.0000  max mem: 2671
      Evaluation: [1800/1978]  eta: 0:00:07    time: 0.0402  data: 0.0000  max mem: 2671
      Evaluation: [1900/1978]  eta: 0:00:03    time: 0.0402  data: 0.0000  max mem: 2671
      Evaluation: [1977/1978]  eta: 0:00:00    time: 0.0402  data: 0.0000  max mem: 2671
      Evaluation: Total time: 0:01:21 (0.0410 s / it)
     Computing matching score time 0:01:21
### TTA ITM Score: 
+-------+--------+--------+--------+--------+--------+
| epoch |   R1   |   R5   |  R10   |  mAP   |  mINP  |
+-------+--------+--------+--------+--------+--------+
|  -999 | 69.414 | 95.197 | 97.776 | 81.233 | 81.233 |
|  -999 | 84.277 | 99.039 | 99.596 | 91.276 | 91.276 |
|   0   | 84.580 | 98.635 | 99.292 | 91.286 | 91.286 |
|   1   | 84.580 | 98.837 | 99.393 | 91.318 | 91.318 |
|   2   | 84.479 | 98.686 | 99.444 | 91.268 | 91.268 |
|   3   | 84.681 | 98.736 | 99.393 | 91.357 | 91.357 |
|   4   | 84.934 | 98.837 | 99.494 | 91.498 | 91.498 |
|   5   | 84.985 | 98.736 | 99.494 | 91.531 | 91.531 |
|   6   | 84.934 | 98.736 | 99.494 | 91.500 | 91.500 |
|   7   | 85.035 | 98.787 | 99.494 | 91.555 | 91.555 |
|   8   | 85.086 | 98.736 | 99.494 | 91.585 | 91.585 |
|   9   | 85.086 | 98.736 | 99.494 | 91.571 | 91.571 |
|   10  | 84.985 | 98.736 | 99.494 | 91.527 | 91.527 |
|   11  | 85.035 | 98.736 | 99.494 | 91.530 | 91.530 |
|   12  | 84.985 | 98.736 | 99.494 | 91.532 | 91.532 |
|   13  | 84.934 | 98.736 | 99.494 | 91.508 | 91.508 |
|   14  | 85.086 | 98.736 | 99.494 | 91.584 | 91.584 |
|   15  | 84.985 | 98.736 | 99.494 | 91.548 | 91.548 |
|   16  | 84.985 | 98.736 | 99.494 | 91.544 | 91.544 |
|   17  | 84.985 | 98.736 | 99.494 | 91.556 | 91.556 |
|   18  | 84.985 | 98.736 | 99.494 | 91.555 | 91.555 |
|   19  | 84.985 | 98.736 | 99.494 | 91.556 | 91.556 |
|   20  | 85.035 | 98.736 | 99.494 | 91.573 | 91.573 |
|   21  | 84.985 | 98.736 | 99.494 | 91.548 | 91.548 |
|   22  | 84.985 | 98.736 | 99.494 | 91.555 | 91.555 |
|   23  | 84.985 | 98.736 | 99.494 | 91.539 | 91.539 |
|   24  | 84.985 | 98.736 | 99.494 | 91.545 | 91.545 |
|   25  | 84.985 | 98.736 | 99.494 | 91.545 | 91.545 |
|   26  | 84.985 | 98.736 | 99.494 | 91.545 | 91.545 |
+-------+--------+--------+--------+--------+--------+
     logs:  {'epo': 26, 'R1': np.float32(84.985), 'R5': np.float32(98.736), 'R10': np.float32(99.494), 'mAP': np.float32(91.545), 'mINP': np.float32(91.545), 'lr': 1.3e-05, 'entropy': 0.059278, 'loss': 2.711412}
      TTA Epoch: [27] [  0/123]  eta: 0:00:47  lr: 0.000011  entropy: 0.0416  loss: 2.7041  time: 0.3878  data: 0.3320  max mem: 2671
      TTA Epoch: [27] [100/123]  eta: 0:00:01  lr: 0.000008  entropy: 0.1000  loss: 2.7263  time: 0.0411  data: 0.0024  max mem: 2671
      TTA Epoch: [27] [122/123]  eta: 0:00:00  lr: 0.000008  entropy: 0.0526  loss: 2.7086  time: 0.0373  data: 0.0017  max mem: 2671
      TTA Epoch: [27] Total time: 0:00:05 (0.0449 s / it)
     Averaged stats: lr: 0.0000  entropy: 0.0625  loss: 2.7126
     Computing matching score
      Evaluation: [   0/1978]  eta: 0:01:31    time: 0.0462  data: 0.0034  max mem: 2671
      Evaluation: [ 100/1978]  eta: 0:01:19    time: 0.0427  data: 0.0000  max mem: 2671
      Evaluation: [ 200/1978]  eta: 0:01:15    time: 0.0421  data: 0.0000  max mem: 2671
      Evaluation: [ 300/1978]  eta: 0:01:11    time: 0.0437  data: 0.0000  max mem: 2671
      Evaluation: [ 400/1978]  eta: 0:01:07    time: 0.0433  data: 0.0000  max mem: 2671
      Evaluation: [ 500/1978]  eta: 0:01:03    time: 0.0446  data: 0.0000  max mem: 2671
      Evaluation: [ 600/1978]  eta: 0:00:59    time: 0.0445  data: 0.0000  max mem: 2671
      Evaluation: [ 700/1978]  eta: 0:00:54    time: 0.0404  data: 0.0000  max mem: 2671
      Evaluation: [ 800/1978]  eta: 0:00:49    time: 0.0403  data: 0.0000  max mem: 2671
      Evaluation: [ 900/1978]  eta: 0:00:45    time: 0.0407  data: 0.0000  max mem: 2671
      Evaluation: [1000/1978]  eta: 0:00:41    time: 0.0406  data: 0.0000  max mem: 2671
      Evaluation: [1100/1978]  eta: 0:00:36    time: 0.0405  data: 0.0000  max mem: 2671
      Evaluation: [1200/1978]  eta: 0:00:32    time: 0.0408  data: 0.0000  max mem: 2671
      Evaluation: [1300/1978]  eta: 0:00:28    time: 0.0405  data: 0.0000  max mem: 2671
      Evaluation: [1400/1978]  eta: 0:00:24    time: 0.0450  data: 0.0000  max mem: 2671
      Evaluation: [1500/1978]  eta: 0:00:19    time: 0.0430  data: 0.0000  max mem: 2671
      Evaluation: [1600/1978]  eta: 0:00:15    time: 0.0417  data: 0.0000  max mem: 2671
      Evaluation: [1700/1978]  eta: 0:00:11    time: 0.0423  data: 0.0000  max mem: 2671
      Evaluation: [1800/1978]  eta: 0:00:07    time: 0.0441  data: 0.0000  max mem: 2671
      Evaluation: [1900/1978]  eta: 0:00:03    time: 0.0427  data: 0.0000  max mem: 2671
      Evaluation: [1977/1978]  eta: 0:00:00    time: 0.0431  data: 0.0000  max mem: 2671
      Evaluation: Total time: 0:01:23 (0.0420 s / it)
     Computing matching score time 0:01:23
### TTA ITM Score: 
+-------+--------+--------+--------+--------+--------+
| epoch |   R1   |   R5   |  R10   |  mAP   |  mINP  |
+-------+--------+--------+--------+--------+--------+
|  -999 | 69.414 | 95.197 | 97.776 | 81.233 | 81.233 |
|  -999 | 84.277 | 99.039 | 99.596 | 91.276 | 91.276 |
|   0   | 84.580 | 98.635 | 99.292 | 91.286 | 91.286 |
|   1   | 84.580 | 98.837 | 99.393 | 91.318 | 91.318 |
|   2   | 84.479 | 98.686 | 99.444 | 91.268 | 91.268 |
|   3   | 84.681 | 98.736 | 99.393 | 91.357 | 91.357 |
|   4   | 84.934 | 98.837 | 99.494 | 91.498 | 91.498 |
|   5   | 84.985 | 98.736 | 99.494 | 91.531 | 91.531 |
|   6   | 84.934 | 98.736 | 99.494 | 91.500 | 91.500 |
|   7   | 85.035 | 98.787 | 99.494 | 91.555 | 91.555 |
|   8   | 85.086 | 98.736 | 99.494 | 91.585 | 91.585 |
|   9   | 85.086 | 98.736 | 99.494 | 91.571 | 91.571 |
|   10  | 84.985 | 98.736 | 99.494 | 91.527 | 91.527 |
|   11  | 85.035 | 98.736 | 99.494 | 91.530 | 91.530 |
|   12  | 84.985 | 98.736 | 99.494 | 91.532 | 91.532 |
|   13  | 84.934 | 98.736 | 99.494 | 91.508 | 91.508 |
|   14  | 85.086 | 98.736 | 99.494 | 91.584 | 91.584 |
|   15  | 84.985 | 98.736 | 99.494 | 91.548 | 91.548 |
|   16  | 84.985 | 98.736 | 99.494 | 91.544 | 91.544 |
|   17  | 84.985 | 98.736 | 99.494 | 91.556 | 91.556 |
|   18  | 84.985 | 98.736 | 99.494 | 91.555 | 91.555 |
|   19  | 84.985 | 98.736 | 99.494 | 91.556 | 91.556 |
|   20  | 85.035 | 98.736 | 99.494 | 91.573 | 91.573 |
|   21  | 84.985 | 98.736 | 99.494 | 91.548 | 91.548 |
|   22  | 84.985 | 98.736 | 99.494 | 91.555 | 91.555 |
|   23  | 84.985 | 98.736 | 99.494 | 91.539 | 91.539 |
|   24  | 84.985 | 98.736 | 99.494 | 91.545 | 91.545 |
|   25  | 84.985 | 98.736 | 99.494 | 91.545 | 91.545 |
|   26  | 84.985 | 98.736 | 99.494 | 91.545 | 91.545 |
|   27  | 84.985 | 98.736 | 99.494 | 91.545 | 91.545 |
+-------+--------+--------+--------+--------+--------+
     logs:  {'epo': 27, 'R1': np.float32(84.985), 'R5': np.float32(98.736), 'R10': np.float32(99.494), 'mAP': np.float32(91.545), 'mINP': np.float32(91.545), 'lr': 9e-06, 'entropy': 0.062482, 'loss': 2.712606}
      TTA Epoch: [28] [  0/123]  eta: 0:01:17  lr: 0.000008  entropy: 0.0792  loss: 2.7189  time: 0.6284  data: 0.5312  max mem: 2671
      TTA Epoch: [28] [100/123]  eta: 0:00:01  lr: 0.000005  entropy: 0.1040  loss: 2.7282  time: 0.0338  data: 0.0001  max mem: 2671
      TTA Epoch: [28] [122/123]  eta: 0:00:00  lr: 0.000004  entropy: 0.0346  loss: 2.7026  time: 0.0316  data: 0.0001  max mem: 2671
      TTA Epoch: [28] Total time: 0:00:05 (0.0445 s / it)
     Averaged stats: lr: 0.0000  entropy: 0.0641  loss: 2.7132
     Computing matching score
      Evaluation: [   0/1978]  eta: 0:01:26    time: 0.0440  data: 0.0035  max mem: 2671
      Evaluation: [ 100/1978]  eta: 0:01:15    time: 0.0403  data: 0.0000  max mem: 2671
      Evaluation: [ 200/1978]  eta: 0:01:11    time: 0.0404  data: 0.0000  max mem: 2671
      Evaluation: [ 300/1978]  eta: 0:01:07    time: 0.0404  data: 0.0000  max mem: 2671
      Evaluation: [ 400/1978]  eta: 0:01:03    time: 0.0399  data: 0.0000  max mem: 2671
      Evaluation: [ 500/1978]  eta: 0:00:59    time: 0.0399  data: 0.0000  max mem: 2671
      Evaluation: [ 600/1978]  eta: 0:00:55    time: 0.0406  data: 0.0000  max mem: 2671
      Evaluation: [ 700/1978]  eta: 0:00:51    time: 0.0405  data: 0.0000  max mem: 2671
      Evaluation: [ 800/1978]  eta: 0:00:47    time: 0.0419  data: 0.0000  max mem: 2671
      Evaluation: [ 900/1978]  eta: 0:00:43    time: 0.0424  data: 0.0000  max mem: 2671
      Evaluation: [1000/1978]  eta: 0:00:40    time: 0.0427  data: 0.0000  max mem: 2671
      Evaluation: [1100/1978]  eta: 0:00:36    time: 0.0437  data: 0.0000  max mem: 2671
      Evaluation: [1200/1978]  eta: 0:00:32    time: 0.0448  data: 0.0000  max mem: 2671
      Evaluation: [1300/1978]  eta: 0:00:28    time: 0.0467  data: 0.0000  max mem: 2671
      Evaluation: [1400/1978]  eta: 0:00:24    time: 0.0413  data: 0.0000  max mem: 2671
      Evaluation: [1500/1978]  eta: 0:00:20    time: 0.0415  data: 0.0000  max mem: 2671
      Evaluation: [1600/1978]  eta: 0:00:15    time: 0.0409  data: 0.0000  max mem: 2671
      Evaluation: [1700/1978]  eta: 0:00:11    time: 0.0409  data: 0.0000  max mem: 2671
      Evaluation: [1800/1978]  eta: 0:00:07    time: 0.0410  data: 0.0000  max mem: 2671
      Evaluation: [1900/1978]  eta: 0:00:03    time: 0.0409  data: 0.0000  max mem: 2671
      Evaluation: [1977/1978]  eta: 0:00:00    time: 0.0414  data: 0.0000  max mem: 2671
      Evaluation: Total time: 0:01:22 (0.0418 s / it)
     Computing matching score time 0:01:22
### TTA ITM Score: 
+-------+--------+--------+--------+--------+--------+
| epoch |   R1   |   R5   |  R10   |  mAP   |  mINP  |
+-------+--------+--------+--------+--------+--------+
|  -999 | 69.414 | 95.197 | 97.776 | 81.233 | 81.233 |
|  -999 | 84.277 | 99.039 | 99.596 | 91.276 | 91.276 |
|   0   | 84.580 | 98.635 | 99.292 | 91.286 | 91.286 |
|   1   | 84.580 | 98.837 | 99.393 | 91.318 | 91.318 |
|   2   | 84.479 | 98.686 | 99.444 | 91.268 | 91.268 |
|   3   | 84.681 | 98.736 | 99.393 | 91.357 | 91.357 |
|   4   | 84.934 | 98.837 | 99.494 | 91.498 | 91.498 |
|   5   | 84.985 | 98.736 | 99.494 | 91.531 | 91.531 |
|   6   | 84.934 | 98.736 | 99.494 | 91.500 | 91.500 |
|   7   | 85.035 | 98.787 | 99.494 | 91.555 | 91.555 |
|   8   | 85.086 | 98.736 | 99.494 | 91.585 | 91.585 |
|   9   | 85.086 | 98.736 | 99.494 | 91.571 | 91.571 |
|   10  | 84.985 | 98.736 | 99.494 | 91.527 | 91.527 |
|   11  | 85.035 | 98.736 | 99.494 | 91.530 | 91.530 |
|   12  | 84.985 | 98.736 | 99.494 | 91.532 | 91.532 |
|   13  | 84.934 | 98.736 | 99.494 | 91.508 | 91.508 |
|   14  | 85.086 | 98.736 | 99.494 | 91.584 | 91.584 |
|   15  | 84.985 | 98.736 | 99.494 | 91.548 | 91.548 |
|   16  | 84.985 | 98.736 | 99.494 | 91.544 | 91.544 |
|   17  | 84.985 | 98.736 | 99.494 | 91.556 | 91.556 |
|   18  | 84.985 | 98.736 | 99.494 | 91.555 | 91.555 |
|   19  | 84.985 | 98.736 | 99.494 | 91.556 | 91.556 |
|   20  | 85.035 | 98.736 | 99.494 | 91.573 | 91.573 |
|   21  | 84.985 | 98.736 | 99.494 | 91.548 | 91.548 |
|   22  | 84.985 | 98.736 | 99.494 | 91.555 | 91.555 |
|   23  | 84.985 | 98.736 | 99.494 | 91.539 | 91.539 |
|   24  | 84.985 | 98.736 | 99.494 | 91.545 | 91.545 |
|   25  | 84.985 | 98.736 | 99.494 | 91.545 | 91.545 |
|   26  | 84.985 | 98.736 | 99.494 | 91.545 | 91.545 |
|   27  | 84.985 | 98.736 | 99.494 | 91.545 | 91.545 |
|   28  | 84.985 | 98.736 | 99.494 | 91.549 | 91.549 |
+-------+--------+--------+--------+--------+--------+
     logs:  {'epo': 28, 'R1': np.float32(84.985), 'R5': np.float32(98.736), 'R10': np.float32(99.494), 'mAP': np.float32(91.549), 'mINP': np.float32(91.549), 'lr': 6e-06, 'entropy': 0.064079, 'loss': 2.713194}
      TTA Epoch: [29] [  0/123]  eta: 0:00:46  lr: 0.000004  entropy: 0.0516  loss: 2.7086  time: 0.3770  data: 0.3219  max mem: 2671
      TTA Epoch: [29] [100/123]  eta: 0:00:00  lr: 0.000001  entropy: 0.0013  loss: 2.6898  time: 0.0338  data: 0.0001  max mem: 2671
      TTA Epoch: [29] [122/123]  eta: 0:00:00  lr: 0.000001  entropy: 0.1320  loss: 2.7383  time: 0.0317  data: 0.0001  max mem: 2671
      TTA Epoch: [29] Total time: 0:00:04 (0.0384 s / it)
     Averaged stats: lr: 0.0000  entropy: 0.0644  loss: 2.7133
     Computing matching score
      Evaluation: [   0/1978]  eta: 0:01:29    time: 0.0451  data: 0.0034  max mem: 2671
      Evaluation: [ 100/1978]  eta: 0:01:22    time: 0.0435  data: 0.0000  max mem: 2671
      Evaluation: [ 200/1978]  eta: 0:01:18    time: 0.0439  data: 0.0000  max mem: 2671
      Evaluation: [ 300/1978]  eta: 0:01:13    time: 0.0423  data: 0.0000  max mem: 2671
      Evaluation: [ 400/1978]  eta: 0:01:09    time: 0.0454  data: 0.0000  max mem: 2671
      Evaluation: [ 500/1978]  eta: 0:01:05    time: 0.0453  data: 0.0000  max mem: 2671
      Evaluation: [ 600/1978]  eta: 0:01:00    time: 0.0449  data: 0.0000  max mem: 2671
      Evaluation: [ 700/1978]  eta: 0:00:56    time: 0.0457  data: 0.0000  max mem: 2671
      Evaluation: [ 800/1978]  eta: 0:00:52    time: 0.0405  data: 0.0000  max mem: 2671
      Evaluation: [ 900/1978]  eta: 0:00:47    time: 0.0408  data: 0.0000  max mem: 2671
      Evaluation: [1000/1978]  eta: 0:00:42    time: 0.0400  data: 0.0000  max mem: 2671
      Evaluation: [1100/1978]  eta: 0:00:37    time: 0.0405  data: 0.0000  max mem: 2671
      Evaluation: [1200/1978]  eta: 0:00:33    time: 0.0403  data: 0.0000  max mem: 2671
      Evaluation: [1300/1978]  eta: 0:00:29    time: 0.0403  data: 0.0000  max mem: 2671
      Evaluation: [1400/1978]  eta: 0:00:24    time: 0.0404  data: 0.0000  max mem: 2671
      Evaluation: [1500/1978]  eta: 0:00:20    time: 0.0406  data: 0.0000  max mem: 2671
      Evaluation: [1600/1978]  eta: 0:00:16    time: 0.0432  data: 0.0000  max mem: 2671
      Evaluation: [1700/1978]  eta: 0:00:11    time: 0.0438  data: 0.0000  max mem: 2671
      Evaluation: [1800/1978]  eta: 0:00:07    time: 0.0423  data: 0.0000  max mem: 2671
      Evaluation: [1900/1978]  eta: 0:00:03    time: 0.0443  data: 0.0000  max mem: 2671
      Evaluation: [1977/1978]  eta: 0:00:00    time: 0.0430  data: 0.0000  max mem: 2671
      Evaluation: Total time: 0:01:24 (0.0426 s / it)
     Computing matching score time 0:01:24
### TTA ITM Score: 
+-------+--------+--------+--------+--------+--------+
| epoch |   R1   |   R5   |  R10   |  mAP   |  mINP  |
+-------+--------+--------+--------+--------+--------+
|  -999 | 69.414 | 95.197 | 97.776 | 81.233 | 81.233 |
|  -999 | 84.277 | 99.039 | 99.596 | 91.276 | 91.276 |
|   0   | 84.580 | 98.635 | 99.292 | 91.286 | 91.286 |
|   1   | 84.580 | 98.837 | 99.393 | 91.318 | 91.318 |
|   2   | 84.479 | 98.686 | 99.444 | 91.268 | 91.268 |
|   3   | 84.681 | 98.736 | 99.393 | 91.357 | 91.357 |
|   4   | 84.934 | 98.837 | 99.494 | 91.498 | 91.498 |
|   5   | 84.985 | 98.736 | 99.494 | 91.531 | 91.531 |
|   6   | 84.934 | 98.736 | 99.494 | 91.500 | 91.500 |
|   7   | 85.035 | 98.787 | 99.494 | 91.555 | 91.555 |
|   8   | 85.086 | 98.736 | 99.494 | 91.585 | 91.585 |
|   9   | 85.086 | 98.736 | 99.494 | 91.571 | 91.571 |
|   10  | 84.985 | 98.736 | 99.494 | 91.527 | 91.527 |
|   11  | 85.035 | 98.736 | 99.494 | 91.530 | 91.530 |
|   12  | 84.985 | 98.736 | 99.494 | 91.532 | 91.532 |
|   13  | 84.934 | 98.736 | 99.494 | 91.508 | 91.508 |
|   14  | 85.086 | 98.736 | 99.494 | 91.584 | 91.584 |
|   15  | 84.985 | 98.736 | 99.494 | 91.548 | 91.548 |
|   16  | 84.985 | 98.736 | 99.494 | 91.544 | 91.544 |
|   17  | 84.985 | 98.736 | 99.494 | 91.556 | 91.556 |
|   18  | 84.985 | 98.736 | 99.494 | 91.555 | 91.555 |
|   19  | 84.985 | 98.736 | 99.494 | 91.556 | 91.556 |
|   20  | 85.035 | 98.736 | 99.494 | 91.573 | 91.573 |
|   21  | 84.985 | 98.736 | 99.494 | 91.548 | 91.548 |
|   22  | 84.985 | 98.736 | 99.494 | 91.555 | 91.555 |
|   23  | 84.985 | 98.736 | 99.494 | 91.539 | 91.539 |
|   24  | 84.985 | 98.736 | 99.494 | 91.545 | 91.545 |
|   25  | 84.985 | 98.736 | 99.494 | 91.545 | 91.545 |
|   26  | 84.985 | 98.736 | 99.494 | 91.545 | 91.545 |
|   27  | 84.985 | 98.736 | 99.494 | 91.545 | 91.545 |
|   28  | 84.985 | 98.736 | 99.494 | 91.549 | 91.549 |
|   29  | 84.985 | 98.736 | 99.494 | 91.550 | 91.550 |
+-------+--------+--------+--------+--------+--------+
     logs:  {'epo': 29, 'R1': np.float32(84.985), 'R5': np.float32(98.736), 'R10': np.float32(99.494), 'mAP': np.float32(91.55), 'mINP': np.float32(91.55), 'lr': 3e-06, 'entropy': 0.064443, 'loss': 2.713335}
### best epoch: 8
### Time 0:44:09
NNODES,  1
NODE_RANK,  0
MASTER_ADDR,  127.0.0.1
MASTER_PORT,  1612
NPROC_PER_NODE,  2
task:  tta_exp3.5
config:  configs/tta_exp3.5.yaml
output_dir:  output/tta_exp3.5/2025082218384
CUDA_VISIBLE_DEVICES=2 python3 tta.py --config configs/tta_exp3.5.yaml --task tta_exp3.5 --output_dir output/tta_exp3.5/2025082218384 --checkpoint checkpoint/cmp.pth --bs 0 --epo 0 --lr 0.0 --seed 42 --tta
