/home/jiahao/miniconda3/envs/cmp/lib/python3.10/site-packages/torch/functional.py:554: UserWarning: torch.meshgrid: in an upcoming release, it will be required to pass the indexing argument. (Triggered internally at /pytorch/aten/src/ATen/native/TensorShape.cpp:4322.)
  return _VF.meshgrid(tensors, **kwargs)  # type: ignore[attr-defined]
Not using distributed mode
### Hyper-parameters:
     seed: 42
     device: cuda
     output_dir: output/tta_exp6.2.2/2025082318343
     batch_size_tta: 16
     epochs: 30
     lr: 0.0005
### Creating test dataset
from data/PAB/annotation/test/attr.json loading 1978 data
test dataset -->    be_pose_img: True
     test_dataset: 1978
### Creating test dataloader
### be careful: func create_loader returns a list length of 1
     test_loader: 90
### Creating model
build_vision_encoder: load swin 224 x 224 ====>
missing_keys:  []
unexpected_keys:  ['head.weight', 'head.bias']
build_text_encoder: load bert ====>
missing_keys: ['bert.encoder.layer.10.crossattention.output.LayerNorm.bias', 'bert.encoder.layer.10.crossattention.output.LayerNorm.weight', 'bert.encoder.layer.10.crossattention.output.dense.bias', 'bert.encoder.layer.10.crossattention.output.dense.weight', 'bert.encoder.layer.10.crossattention.self.key.bias', 'bert.encoder.layer.10.crossattention.self.key.weight', 'bert.encoder.layer.10.crossattention.self.query.bias', 'bert.encoder.layer.10.crossattention.self.query.weight', 'bert.encoder.layer.10.crossattention.self.value.bias', 'bert.encoder.layer.10.crossattention.self.value.weight', 'bert.encoder.layer.11.crossattention.output.LayerNorm.bias', 'bert.encoder.layer.11.crossattention.output.LayerNorm.weight', 'bert.encoder.layer.11.crossattention.output.dense.bias', 'bert.encoder.layer.11.crossattention.output.dense.weight', 'bert.encoder.layer.11.crossattention.self.key.bias', 'bert.encoder.layer.11.crossattention.self.key.weight', 'bert.encoder.layer.11.crossattention.self.query.bias', 'bert.encoder.layer.11.crossattention.self.query.weight', 'bert.encoder.layer.11.crossattention.self.value.bias', 'bert.encoder.layer.11.crossattention.self.value.weight', 'bert.encoder.layer.6.crossattention.output.LayerNorm.bias', 'bert.encoder.layer.6.crossattention.output.LayerNorm.weight', 'bert.encoder.layer.6.crossattention.output.dense.bias', 'bert.encoder.layer.6.crossattention.output.dense.weight', 'bert.encoder.layer.6.crossattention.self.key.bias', 'bert.encoder.layer.6.crossattention.self.key.weight', 'bert.encoder.layer.6.crossattention.self.query.bias', 'bert.encoder.layer.6.crossattention.self.query.weight', 'bert.encoder.layer.6.crossattention.self.value.bias', 'bert.encoder.layer.6.crossattention.self.value.weight', 'bert.encoder.layer.7.crossattention.output.LayerNorm.bias', 'bert.encoder.layer.7.crossattention.output.LayerNorm.weight', 'bert.encoder.layer.7.crossattention.output.dense.bias', 'bert.encoder.layer.7.crossattention.output.dense.weight', 'bert.encoder.layer.7.crossattention.self.key.bias', 'bert.encoder.layer.7.crossattention.self.key.weight', 'bert.encoder.layer.7.crossattention.self.query.bias', 'bert.encoder.layer.7.crossattention.self.query.weight', 'bert.encoder.layer.7.crossattention.self.value.bias', 'bert.encoder.layer.7.crossattention.self.value.weight', 'bert.encoder.layer.8.crossattention.output.LayerNorm.bias', 'bert.encoder.layer.8.crossattention.output.LayerNorm.weight', 'bert.encoder.layer.8.crossattention.output.dense.bias', 'bert.encoder.layer.8.crossattention.output.dense.weight', 'bert.encoder.layer.8.crossattention.self.key.bias', 'bert.encoder.layer.8.crossattention.self.key.weight', 'bert.encoder.layer.8.crossattention.self.query.bias', 'bert.encoder.layer.8.crossattention.self.query.weight', 'bert.encoder.layer.8.crossattention.self.value.bias', 'bert.encoder.layer.8.crossattention.self.value.weight', 'bert.encoder.layer.9.crossattention.output.LayerNorm.bias', 'bert.encoder.layer.9.crossattention.output.LayerNorm.weight', 'bert.encoder.layer.9.crossattention.output.dense.bias', 'bert.encoder.layer.9.crossattention.output.dense.weight', 'bert.encoder.layer.9.crossattention.self.key.bias', 'bert.encoder.layer.9.crossattention.self.key.weight', 'bert.encoder.layer.9.crossattention.self.query.bias', 'bert.encoder.layer.9.crossattention.self.query.weight', 'bert.encoder.layer.9.crossattention.self.value.bias', 'bert.encoder.layer.9.crossattention.self.value.weight']
unexpected_keys: ['cls.seq_relationship.bias', 'cls.seq_relationship.weight']
mismatched_keys: []
error_msgs: []
Label Smooth: 0.2
pose_conv
load checkpoint from checkpoint/cmp.pth
missing_keys:  ['uncertainty_temper', 'prompt_learning_embedding']
unexpected_keys:  []
     Total Params Sum:  254267289
### Inference ITC similiarity matrix
### Zero-Shot Score: 
+-------+--------+--------+--------+--------+--------+
| epoch |   R1   |   R5   |  R10   |  mAP   |  mINP  |
+-------+--------+--------+--------+--------+--------+
|  -999 | 69.414 | 95.197 | 97.776 | 81.233 | 81.233 |
|  -999 | 84.277 | 99.039 | 99.596 | 91.276 | 91.276 |
+-------+--------+--------+--------+--------+--------+
### TTA:
     preprocess_tta_coefficients  start
     sample selection ...
     number of sample after sample_selection: 1978
     uncertainty ...
     preprocess_tta_coefficients  end
### Creating tta dataset
     tta_dataset: 1978
### Creating tta dataloader
### be careful: func create_loader returns a list length of 1
     tta_loader: 123
### Configure adapted weights
     TTA Dropout Modules: 
 [('vision_encoder.pos_drop', Dropout(p=0, inplace=False), True), ('vision_encoder.layers.0.blocks.0.attn.attn_drop', Dropout(p=0.0, inplace=False), True), ('vision_encoder.layers.0.blocks.0.attn.proj_drop', Dropout(p=0, inplace=False), True), ('vision_encoder.layers.0.blocks.0.mlp.drop', Dropout(p=0, inplace=False), True), ('vision_encoder.layers.0.blocks.1.attn.attn_drop', Dropout(p=0.0, inplace=False), True), ('vision_encoder.layers.0.blocks.1.attn.proj_drop', Dropout(p=0, inplace=False), True), ('vision_encoder.layers.0.blocks.1.mlp.drop', Dropout(p=0, inplace=False), True), ('vision_encoder.layers.1.blocks.0.attn.attn_drop', Dropout(p=0.0, inplace=False), True), ('vision_encoder.layers.1.blocks.0.attn.proj_drop', Dropout(p=0, inplace=False), True), ('vision_encoder.layers.1.blocks.0.mlp.drop', Dropout(p=0, inplace=False), True), ('vision_encoder.layers.1.blocks.1.attn.attn_drop', Dropout(p=0.0, inplace=False), True), ('vision_encoder.layers.1.blocks.1.attn.proj_drop', Dropout(p=0, inplace=False), True), ('vision_encoder.layers.1.blocks.1.mlp.drop', Dropout(p=0, inplace=False), True), ('vision_encoder.layers.2.blocks.0.attn.attn_drop', Dropout(p=0.0, inplace=False), True), ('vision_encoder.layers.2.blocks.0.attn.proj_drop', Dropout(p=0, inplace=False), True), ('vision_encoder.layers.2.blocks.0.mlp.drop', Dropout(p=0, inplace=False), True), ('vision_encoder.layers.2.blocks.1.attn.attn_drop', Dropout(p=0.0, inplace=False), True), ('vision_encoder.layers.2.blocks.1.attn.proj_drop', Dropout(p=0, inplace=False), True), ('vision_encoder.layers.2.blocks.1.mlp.drop', Dropout(p=0, inplace=False), True), ('vision_encoder.layers.2.blocks.2.attn.attn_drop', Dropout(p=0.0, inplace=False), True), ('vision_encoder.layers.2.blocks.2.attn.proj_drop', Dropout(p=0, inplace=False), True), ('vision_encoder.layers.2.blocks.2.mlp.drop', Dropout(p=0, inplace=False), True), ('vision_encoder.layers.2.blocks.3.attn.attn_drop', Dropout(p=0.0, inplace=False), True), ('vision_encoder.layers.2.blocks.3.attn.proj_drop', Dropout(p=0, inplace=False), True), ('vision_encoder.layers.2.blocks.3.mlp.drop', Dropout(p=0, inplace=False), True), ('vision_encoder.layers.2.blocks.4.attn.attn_drop', Dropout(p=0.0, inplace=False), True), ('vision_encoder.layers.2.blocks.4.attn.proj_drop', Dropout(p=0, inplace=False), True), ('vision_encoder.layers.2.blocks.4.mlp.drop', Dropout(p=0, inplace=False), True), ('vision_encoder.layers.2.blocks.5.attn.attn_drop', Dropout(p=0.0, inplace=False), True), ('vision_encoder.layers.2.blocks.5.attn.proj_drop', Dropout(p=0, inplace=False), True), ('vision_encoder.layers.2.blocks.5.mlp.drop', Dropout(p=0, inplace=False), True), ('vision_encoder.layers.2.blocks.6.attn.attn_drop', Dropout(p=0.0, inplace=False), True), ('vision_encoder.layers.2.blocks.6.attn.proj_drop', Dropout(p=0, inplace=False), True), ('vision_encoder.layers.2.blocks.6.mlp.drop', Dropout(p=0, inplace=False), True), ('vision_encoder.layers.2.blocks.7.attn.attn_drop', Dropout(p=0.0, inplace=False), True), ('vision_encoder.layers.2.blocks.7.attn.proj_drop', Dropout(p=0, inplace=False), True), ('vision_encoder.layers.2.blocks.7.mlp.drop', Dropout(p=0, inplace=False), True), ('vision_encoder.layers.2.blocks.8.attn.attn_drop', Dropout(p=0.0, inplace=False), True), ('vision_encoder.layers.2.blocks.8.attn.proj_drop', Dropout(p=0, inplace=False), True), ('vision_encoder.layers.2.blocks.8.mlp.drop', Dropout(p=0, inplace=False), True), ('vision_encoder.layers.2.blocks.9.attn.attn_drop', Dropout(p=0.0, inplace=False), True), ('vision_encoder.layers.2.blocks.9.attn.proj_drop', Dropout(p=0, inplace=False), True), ('vision_encoder.layers.2.blocks.9.mlp.drop', Dropout(p=0, inplace=False), True), ('vision_encoder.layers.2.blocks.10.attn.attn_drop', Dropout(p=0.0, inplace=False), True), ('vision_encoder.layers.2.blocks.10.attn.proj_drop', Dropout(p=0, inplace=False), True), ('vision_encoder.layers.2.blocks.10.mlp.drop', Dropout(p=0, inplace=False), True), ('vision_encoder.layers.2.blocks.11.attn.attn_drop', Dropout(p=0.0, inplace=False), True), ('vision_encoder.layers.2.blocks.11.attn.proj_drop', Dropout(p=0, inplace=False), True), ('vision_encoder.layers.2.blocks.11.mlp.drop', Dropout(p=0, inplace=False), True), ('vision_encoder.layers.2.blocks.12.attn.attn_drop', Dropout(p=0.0, inplace=False), True), ('vision_encoder.layers.2.blocks.12.attn.proj_drop', Dropout(p=0, inplace=False), True), ('vision_encoder.layers.2.blocks.12.mlp.drop', Dropout(p=0, inplace=False), True), ('vision_encoder.layers.2.blocks.13.attn.attn_drop', Dropout(p=0.0, inplace=False), True), ('vision_encoder.layers.2.blocks.13.attn.proj_drop', Dropout(p=0, inplace=False), True), ('vision_encoder.layers.2.blocks.13.mlp.drop', Dropout(p=0, inplace=False), True), ('vision_encoder.layers.2.blocks.14.attn.attn_drop', Dropout(p=0.0, inplace=False), True), ('vision_encoder.layers.2.blocks.14.attn.proj_drop', Dropout(p=0, inplace=False), True), ('vision_encoder.layers.2.blocks.14.mlp.drop', Dropout(p=0, inplace=False), True), ('vision_encoder.layers.2.blocks.15.attn.attn_drop', Dropout(p=0.0, inplace=False), True), ('vision_encoder.layers.2.blocks.15.attn.proj_drop', Dropout(p=0, inplace=False), True), ('vision_encoder.layers.2.blocks.15.mlp.drop', Dropout(p=0, inplace=False), True), ('vision_encoder.layers.2.blocks.16.attn.attn_drop', Dropout(p=0.0, inplace=False), True), ('vision_encoder.layers.2.blocks.16.attn.proj_drop', Dropout(p=0, inplace=False), True), ('vision_encoder.layers.2.blocks.16.mlp.drop', Dropout(p=0, inplace=False), True), ('vision_encoder.layers.2.blocks.17.attn.attn_drop', Dropout(p=0.0, inplace=False), True), ('vision_encoder.layers.2.blocks.17.attn.proj_drop', Dropout(p=0, inplace=False), True), ('vision_encoder.layers.2.blocks.17.mlp.drop', Dropout(p=0, inplace=False), True), ('vision_encoder.layers.3.blocks.0.attn.attn_drop', Dropout(p=0.0, inplace=False), True), ('vision_encoder.layers.3.blocks.0.attn.proj_drop', Dropout(p=0, inplace=False), True), ('vision_encoder.layers.3.blocks.0.mlp.drop', Dropout(p=0, inplace=False), True), ('vision_encoder.layers.3.blocks.1.attn.attn_drop', Dropout(p=0.0, inplace=False), True), ('vision_encoder.layers.3.blocks.1.attn.proj_drop', Dropout(p=0, inplace=False), True), ('vision_encoder.layers.3.blocks.1.mlp.drop', Dropout(p=0, inplace=False), True), ('vision_proj.1', Dropout(p=0.5, inplace=False), True), ('text_proj.1', Dropout(p=0.5, inplace=False), True), ('pose_block.attn.attn_drop', Dropout(p=0.0, inplace=False), True), ('pose_block.attn.proj_drop', Dropout(p=0.0, inplace=False), True)]
     TTA Require Gradient Params: 
 [('prompt_learning_embedding', torch.Size([1, 4, 768])), ('text_encoder.bert.embeddings.LayerNorm.weight', torch.Size([768])), ('text_encoder.bert.embeddings.LayerNorm.bias', torch.Size([768])), ('text_encoder.bert.encoder.layer.6.attention.output.LayerNorm.weight', torch.Size([768])), ('text_encoder.bert.encoder.layer.6.attention.output.LayerNorm.bias', torch.Size([768])), ('text_encoder.bert.encoder.layer.6.crossattention.output.LayerNorm.weight', torch.Size([768])), ('text_encoder.bert.encoder.layer.6.crossattention.output.LayerNorm.bias', torch.Size([768])), ('text_encoder.bert.encoder.layer.6.output.LayerNorm.weight', torch.Size([768])), ('text_encoder.bert.encoder.layer.6.output.LayerNorm.bias', torch.Size([768])), ('text_encoder.bert.encoder.layer.7.attention.output.LayerNorm.weight', torch.Size([768])), ('text_encoder.bert.encoder.layer.7.attention.output.LayerNorm.bias', torch.Size([768])), ('text_encoder.bert.encoder.layer.7.crossattention.output.LayerNorm.weight', torch.Size([768])), ('text_encoder.bert.encoder.layer.7.crossattention.output.LayerNorm.bias', torch.Size([768])), ('text_encoder.bert.encoder.layer.7.output.LayerNorm.weight', torch.Size([768])), ('text_encoder.bert.encoder.layer.7.output.LayerNorm.bias', torch.Size([768])), ('text_encoder.bert.encoder.layer.8.attention.output.LayerNorm.weight', torch.Size([768])), ('text_encoder.bert.encoder.layer.8.attention.output.LayerNorm.bias', torch.Size([768])), ('text_encoder.bert.encoder.layer.8.crossattention.output.LayerNorm.weight', torch.Size([768])), ('text_encoder.bert.encoder.layer.8.crossattention.output.LayerNorm.bias', torch.Size([768])), ('text_encoder.bert.encoder.layer.8.output.LayerNorm.weight', torch.Size([768])), ('text_encoder.bert.encoder.layer.8.output.LayerNorm.bias', torch.Size([768])), ('text_encoder.bert.encoder.layer.9.attention.output.LayerNorm.weight', torch.Size([768])), ('text_encoder.bert.encoder.layer.9.attention.output.LayerNorm.bias', torch.Size([768])), ('text_encoder.bert.encoder.layer.9.crossattention.output.LayerNorm.weight', torch.Size([768])), ('text_encoder.bert.encoder.layer.9.crossattention.output.LayerNorm.bias', torch.Size([768])), ('text_encoder.bert.encoder.layer.9.output.LayerNorm.weight', torch.Size([768])), ('text_encoder.bert.encoder.layer.9.output.LayerNorm.bias', torch.Size([768])), ('text_encoder.bert.encoder.layer.10.attention.output.LayerNorm.weight', torch.Size([768])), ('text_encoder.bert.encoder.layer.10.attention.output.LayerNorm.bias', torch.Size([768])), ('text_encoder.bert.encoder.layer.10.crossattention.output.LayerNorm.weight', torch.Size([768])), ('text_encoder.bert.encoder.layer.10.crossattention.output.LayerNorm.bias', torch.Size([768])), ('text_encoder.bert.encoder.layer.10.output.LayerNorm.weight', torch.Size([768])), ('text_encoder.bert.encoder.layer.10.output.LayerNorm.bias', torch.Size([768])), ('text_encoder.bert.encoder.layer.11.attention.output.LayerNorm.weight', torch.Size([768])), ('text_encoder.bert.encoder.layer.11.attention.output.LayerNorm.bias', torch.Size([768])), ('text_encoder.bert.encoder.layer.11.crossattention.output.LayerNorm.weight', torch.Size([768])), ('text_encoder.bert.encoder.layer.11.crossattention.output.LayerNorm.bias', torch.Size([768])), ('text_encoder.bert.encoder.layer.11.output.LayerNorm.weight', torch.Size([768])), ('text_encoder.bert.encoder.layer.11.output.LayerNorm.bias', torch.Size([768])), ('text_encoder.cls.predictions.transform.LayerNorm.weight', torch.Size([768])), ('text_encoder.cls.predictions.transform.LayerNorm.bias', torch.Size([768])), ('itm_head.1.weight', torch.Size([1536])), ('itm_head.1.bias', torch.Size([1536]))]
     TTA Dropout Modules Number: 
 77
     TTA Require Gradient Params Sum: 
 36864
     lr:  0.0005    lr_mult:  2
     model has 'init_params',  386
     num_tta_steps:  3720
     num_warmup_steps:  100
     sched: step
/home/jiahao/task/CMP/tta.py:206: FutureWarning: `torch.cuda.amp.GradScaler(args...)` is deprecated. Please use `torch.amp.GradScaler('cuda', args...)` instead.
  scaler = GradScaler()  # bf16
### Start ITM Test Time Adaptation
      TTA Epoch: [0] [  0/123]  eta: 0:02:08  lr: 0.000005  entropy: 0.3179  loss: 0.3179  time: 1.0451  data: 0.4935  max mem: 2843
      TTA Epoch: [0] [100/123]  eta: 0:00:01  lr: 0.000500  entropy: 0.2048  loss: 0.2048  time: 0.0411  data: 0.0035  max mem: 2876
      TTA Epoch: [0] [122/123]  eta: 0:00:00  lr: 0.000497  entropy: 0.1173  loss: 0.1173  time: 0.0373  data: 0.0024  max mem: 2876
      TTA Epoch: [0] Total time: 0:00:05 (0.0467 s / it)
     Averaged stats: lr: 0.0003  entropy: 0.3269  loss: 0.3269
     Computing matching score
      Evaluation: [   0/1978]  eta: 0:03:25    time: 0.1040  data: 0.0048  max mem: 2876
      Evaluation: [ 100/1978]  eta: 0:01:30    time: 0.0462  data: 0.0000  max mem: 2876
      Evaluation: [ 200/1978]  eta: 0:01:21    time: 0.0424  data: 0.0000  max mem: 2876
      Evaluation: [ 300/1978]  eta: 0:01:15    time: 0.0426  data: 0.0000  max mem: 2876
      Evaluation: [ 400/1978]  eta: 0:01:09    time: 0.0422  data: 0.0000  max mem: 2876
      Evaluation: [ 500/1978]  eta: 0:01:05    time: 0.0421  data: 0.0000  max mem: 2876
      Evaluation: [ 600/1978]  eta: 0:01:00    time: 0.0420  data: 0.0000  max mem: 2876
      Evaluation: [ 700/1978]  eta: 0:00:55    time: 0.0429  data: 0.0000  max mem: 2876
      Evaluation: [ 800/1978]  eta: 0:00:51    time: 0.0418  data: 0.0000  max mem: 2876
      Evaluation: [ 900/1978]  eta: 0:00:46    time: 0.0421  data: 0.0000  max mem: 2876
      Evaluation: [1000/1978]  eta: 0:00:42    time: 0.0416  data: 0.0000  max mem: 2876
      Evaluation: [1100/1978]  eta: 0:00:38    time: 0.0415  data: 0.0000  max mem: 2876
      Evaluation: [1200/1978]  eta: 0:00:33    time: 0.0427  data: 0.0000  max mem: 2876
      Evaluation: [1300/1978]  eta: 0:00:29    time: 0.0425  data: 0.0000  max mem: 2876
      Evaluation: [1400/1978]  eta: 0:00:24    time: 0.0417  data: 0.0000  max mem: 2876
      Evaluation: [1500/1978]  eta: 0:00:20    time: 0.0418  data: 0.0000  max mem: 2876
      Evaluation: [1600/1978]  eta: 0:00:16    time: 0.0420  data: 0.0000  max mem: 2876
      Evaluation: [1700/1978]  eta: 0:00:11    time: 0.0420  data: 0.0000  max mem: 2876
      Evaluation: [1800/1978]  eta: 0:00:07    time: 0.0419  data: 0.0000  max mem: 2876
      Evaluation: [1900/1978]  eta: 0:00:03    time: 0.0416  data: 0.0000  max mem: 2876
      Evaluation: [1977/1978]  eta: 0:00:00    time: 0.0456  data: 0.0000  max mem: 2876
      Evaluation: Total time: 0:01:24 (0.0429 s / it)
     Computing matching score time 0:01:25
### TTA ITM Score: 
+-------+--------+--------+--------+--------+--------+
| epoch |   R1   |   R5   |  R10   |  mAP   |  mINP  |
+-------+--------+--------+--------+--------+--------+
|  -999 | 69.414 | 95.197 | 97.776 | 81.233 | 81.233 |
|  -999 | 84.277 | 99.039 | 99.596 | 91.276 | 91.276 |
|   0   | 84.884 | 98.837 | 99.444 | 91.515 | 91.515 |
+-------+--------+--------+--------+--------+--------+
     logs:  {'epo': 0, 'R1': np.float32(84.884), 'R5': np.float32(98.837), 'R10': np.float32(99.444), 'mAP': np.float32(91.515), 'mINP': np.float32(91.515), 'lr': 0.000298, 'entropy': 0.326864, 'loss': 0.326864}
      TTA Epoch: [1] [  0/123]  eta: 0:00:54  lr: 0.000497  entropy: 0.2357  loss: 0.2357  time: 0.4453  data: 0.3828  max mem: 2876
      TTA Epoch: [1] [100/123]  eta: 0:00:00  lr: 0.000483  entropy: 0.1125  loss: 0.1125  time: 0.0346  data: 0.0001  max mem: 2876
      TTA Epoch: [1] [122/123]  eta: 0:00:00  lr: 0.000480  entropy: 0.0976  loss: 0.0976  time: 0.0333  data: 0.0001  max mem: 2876
      TTA Epoch: [1] Total time: 0:00:04 (0.0378 s / it)
     Averaged stats: lr: 0.0005  entropy: 0.1902  loss: 0.1902
     Computing matching score
      Evaluation: [   0/1978]  eta: 0:01:34    time: 0.0478  data: 0.0024  max mem: 2876
      Evaluation: [ 100/1978]  eta: 0:01:19    time: 0.0418  data: 0.0000  max mem: 2876
      Evaluation: [ 200/1978]  eta: 0:01:15    time: 0.0420  data: 0.0000  max mem: 2876
      Evaluation: [ 300/1978]  eta: 0:01:10    time: 0.0418  data: 0.0000  max mem: 2876
      Evaluation: [ 400/1978]  eta: 0:01:06    time: 0.0418  data: 0.0000  max mem: 2876
      Evaluation: [ 500/1978]  eta: 0:01:02    time: 0.0421  data: 0.0000  max mem: 2876
      Evaluation: [ 600/1978]  eta: 0:00:58    time: 0.0417  data: 0.0000  max mem: 2876
      Evaluation: [ 700/1978]  eta: 0:00:54    time: 0.0420  data: 0.0000  max mem: 2876
      Evaluation: [ 800/1978]  eta: 0:00:49    time: 0.0438  data: 0.0000  max mem: 2876
      Evaluation: [ 900/1978]  eta: 0:00:45    time: 0.0421  data: 0.0000  max mem: 2876
      Evaluation: [1000/1978]  eta: 0:00:41    time: 0.0419  data: 0.0000  max mem: 2876
      Evaluation: [1100/1978]  eta: 0:00:37    time: 0.0440  data: 0.0000  max mem: 2876
      Evaluation: [1200/1978]  eta: 0:00:32    time: 0.0422  data: 0.0000  max mem: 2876
      Evaluation: [1300/1978]  eta: 0:00:28    time: 0.0422  data: 0.0000  max mem: 2876
      Evaluation: [1400/1978]  eta: 0:00:24    time: 0.0451  data: 0.0000  max mem: 2876
      Evaluation: [1500/1978]  eta: 0:00:20    time: 0.0419  data: 0.0000  max mem: 2876
      Evaluation: [1600/1978]  eta: 0:00:16    time: 0.0424  data: 0.0000  max mem: 2876
      Evaluation: [1700/1978]  eta: 0:00:11    time: 0.0459  data: 0.0000  max mem: 2876
      Evaluation: [1800/1978]  eta: 0:00:07    time: 0.0420  data: 0.0000  max mem: 2876
      Evaluation: [1900/1978]  eta: 0:00:03    time: 0.0425  data: 0.0000  max mem: 2876
      Evaluation: [1977/1978]  eta: 0:00:00    time: 0.0419  data: 0.0000  max mem: 2876
      Evaluation: Total time: 0:01:23 (0.0424 s / it)
     Computing matching score time 0:01:24
### TTA ITM Score: 
+-------+--------+--------+--------+--------+--------+
| epoch |   R1   |   R5   |  R10   |  mAP   |  mINP  |
+-------+--------+--------+--------+--------+--------+
|  -999 | 69.414 | 95.197 | 97.776 | 81.233 | 81.233 |
|  -999 | 84.277 | 99.039 | 99.596 | 91.276 | 91.276 |
|   0   | 84.884 | 98.837 | 99.444 | 91.515 | 91.515 |
|   1   | 84.580 | 98.635 | 99.444 | 91.330 | 91.330 |
+-------+--------+--------+--------+--------+--------+
     logs:  {'epo': 1, 'R1': np.float32(84.58), 'R5': np.float32(98.635), 'R10': np.float32(99.444), 'mAP': np.float32(91.33), 'mINP': np.float32(91.33), 'lr': 0.000488, 'entropy': 0.190181, 'loss': 0.190181}
      TTA Epoch: [2] [  0/123]  eta: 0:00:54  lr: 0.000480  entropy: 0.2966  loss: 0.2966  time: 0.4465  data: 0.3656  max mem: 2876
      TTA Epoch: [2] [100/123]  eta: 0:00:00  lr: 0.000466  entropy: 0.1369  loss: 0.1369  time: 0.0362  data: 0.0002  max mem: 2876
      TTA Epoch: [2] [122/123]  eta: 0:00:00  lr: 0.000463  entropy: 0.2596  loss: 0.2596  time: 0.0343  data: 0.0002  max mem: 2876
      TTA Epoch: [2] Total time: 0:00:04 (0.0390 s / it)
     Averaged stats: lr: 0.0005  entropy: 0.1418  loss: 0.1418
     Computing matching score
      Evaluation: [   0/1978]  eta: 0:01:31    time: 0.0465  data: 0.0036  max mem: 2876
      Evaluation: [ 100/1978]  eta: 0:01:20    time: 0.0420  data: 0.0000  max mem: 2876
      Evaluation: [ 200/1978]  eta: 0:01:16    time: 0.0453  data: 0.0000  max mem: 2876
      Evaluation: [ 300/1978]  eta: 0:01:11    time: 0.0427  data: 0.0000  max mem: 2876
      Evaluation: [ 400/1978]  eta: 0:01:07    time: 0.0421  data: 0.0000  max mem: 2876
      Evaluation: [ 500/1978]  eta: 0:01:03    time: 0.0428  data: 0.0000  max mem: 2876
      Evaluation: [ 600/1978]  eta: 0:00:58    time: 0.0414  data: 0.0000  max mem: 2876
      Evaluation: [ 700/1978]  eta: 0:00:54    time: 0.0421  data: 0.0000  max mem: 2876
      Evaluation: [ 800/1978]  eta: 0:00:50    time: 0.0420  data: 0.0000  max mem: 2876
      Evaluation: [ 900/1978]  eta: 0:00:45    time: 0.0418  data: 0.0000  max mem: 2876
      Evaluation: [1000/1978]  eta: 0:00:41    time: 0.0414  data: 0.0000  max mem: 2876
      Evaluation: [1100/1978]  eta: 0:00:37    time: 0.0414  data: 0.0000  max mem: 2876
      Evaluation: [1200/1978]  eta: 0:00:32    time: 0.0428  data: 0.0000  max mem: 2876
      Evaluation: [1300/1978]  eta: 0:00:28    time: 0.0417  data: 0.0000  max mem: 2876
      Evaluation: [1400/1978]  eta: 0:00:24    time: 0.0418  data: 0.0000  max mem: 2876
      Evaluation: [1500/1978]  eta: 0:00:20    time: 0.0420  data: 0.0000  max mem: 2876
      Evaluation: [1600/1978]  eta: 0:00:15    time: 0.0417  data: 0.0000  max mem: 2876
      Evaluation: [1700/1978]  eta: 0:00:11    time: 0.0416  data: 0.0000  max mem: 2876
      Evaluation: [1800/1978]  eta: 0:00:07    time: 0.0416  data: 0.0000  max mem: 2876
      Evaluation: [1900/1978]  eta: 0:00:03    time: 0.0418  data: 0.0000  max mem: 2876
      Evaluation: [1977/1978]  eta: 0:00:00    time: 0.0415  data: 0.0000  max mem: 2876
      Evaluation: Total time: 0:01:23 (0.0423 s / it)
     Computing matching score time 0:01:23
### TTA ITM Score: 
+-------+--------+--------+--------+--------+--------+
| epoch |   R1   |   R5   |  R10   |  mAP   |  mINP  |
+-------+--------+--------+--------+--------+--------+
|  -999 | 69.414 | 95.197 | 97.776 | 81.233 | 81.233 |
|  -999 | 84.277 | 99.039 | 99.596 | 91.276 | 91.276 |
|   0   | 84.884 | 98.837 | 99.444 | 91.515 | 91.515 |
|   1   | 84.580 | 98.635 | 99.444 | 91.330 | 91.330 |
|   2   | 85.339 | 98.787 | 99.393 | 91.675 | 91.675 |
+-------+--------+--------+--------+--------+--------+
     logs:  {'epo': 2, 'R1': np.float32(85.339), 'R5': np.float32(98.787), 'R10': np.float32(99.393), 'mAP': np.float32(91.675), 'mINP': np.float32(91.675), 'lr': 0.000471, 'entropy': 0.141841, 'loss': 0.141841}
      TTA Epoch: [3] [  0/123]  eta: 0:00:49  lr: 0.000463  entropy: 0.2116  loss: 0.2116  time: 0.4053  data: 0.3443  max mem: 2876
      TTA Epoch: [3] [100/123]  eta: 0:00:00  lr: 0.000224  entropy: 0.1018  loss: 0.1018  time: 0.0368  data: 0.0001  max mem: 2876
      TTA Epoch: [3] [122/123]  eta: 0:00:00  lr: 0.000223  entropy: 0.1163  loss: 0.1163  time: 0.0339  data: 0.0001  max mem: 2876
      TTA Epoch: [3] Total time: 0:00:04 (0.0394 s / it)
     Averaged stats: lr: 0.0003  entropy: 0.1081  loss: 0.1081
     Computing matching score
      Evaluation: [   0/1978]  eta: 0:01:29    time: 0.0451  data: 0.0024  max mem: 2876
      Evaluation: [ 100/1978]  eta: 0:01:19    time: 0.0418  data: 0.0000  max mem: 2876
      Evaluation: [ 200/1978]  eta: 0:01:14    time: 0.0416  data: 0.0000  max mem: 2876
      Evaluation: [ 300/1978]  eta: 0:01:10    time: 0.0415  data: 0.0000  max mem: 2876
      Evaluation: [ 400/1978]  eta: 0:01:06    time: 0.0441  data: 0.0000  max mem: 2876
      Evaluation: [ 500/1978]  eta: 0:01:01    time: 0.0417  data: 0.0000  max mem: 2876
      Evaluation: [ 600/1978]  eta: 0:00:57    time: 0.0416  data: 0.0000  max mem: 2876
      Evaluation: [ 700/1978]  eta: 0:00:53    time: 0.0439  data: 0.0000  max mem: 2876
      Evaluation: [ 800/1978]  eta: 0:00:49    time: 0.0415  data: 0.0000  max mem: 2876
      Evaluation: [ 900/1978]  eta: 0:00:45    time: 0.0417  data: 0.0000  max mem: 2876
      Evaluation: [1000/1978]  eta: 0:00:41    time: 0.0436  data: 0.0000  max mem: 2876
      Evaluation: [1100/1978]  eta: 0:00:36    time: 0.0417  data: 0.0000  max mem: 2876
      Evaluation: [1200/1978]  eta: 0:00:32    time: 0.0418  data: 0.0000  max mem: 2876
      Evaluation: [1300/1978]  eta: 0:00:28    time: 0.0421  data: 0.0000  max mem: 2876
      Evaluation: [1400/1978]  eta: 0:00:24    time: 0.0415  data: 0.0000  max mem: 2876
      Evaluation: [1500/1978]  eta: 0:00:20    time: 0.0417  data: 0.0000  max mem: 2876
      Evaluation: [1600/1978]  eta: 0:00:15    time: 0.0417  data: 0.0000  max mem: 2876
      Evaluation: [1700/1978]  eta: 0:00:11    time: 0.0420  data: 0.0000  max mem: 2876
      Evaluation: [1800/1978]  eta: 0:00:07    time: 0.0419  data: 0.0000  max mem: 2876
      Evaluation: [1900/1978]  eta: 0:00:03    time: 0.0417  data: 0.0000  max mem: 2876
      Evaluation: [1977/1978]  eta: 0:00:00    time: 0.0420  data: 0.0000  max mem: 2876
      Evaluation: Total time: 0:01:23 (0.0420 s / it)
     Computing matching score time 0:01:23
### TTA ITM Score: 
+-------+--------+--------+--------+--------+--------+
| epoch |   R1   |   R5   |  R10   |  mAP   |  mINP  |
+-------+--------+--------+--------+--------+--------+
|  -999 | 69.414 | 95.197 | 97.776 | 81.233 | 81.233 |
|  -999 | 84.277 | 99.039 | 99.596 | 91.276 | 91.276 |
|   0   | 84.884 | 98.837 | 99.444 | 91.515 | 91.515 |
|   1   | 84.580 | 98.635 | 99.444 | 91.330 | 91.330 |
|   2   | 85.339 | 98.787 | 99.393 | 91.675 | 91.675 |
|   3   | 85.187 | 98.635 | 99.393 | 91.606 | 91.606 |
+-------+--------+--------+--------+--------+--------+
     logs:  {'epo': 3, 'R1': np.float32(85.187), 'R5': np.float32(98.635), 'R10': np.float32(99.393), 'mAP': np.float32(91.606), 'mINP': np.float32(91.606), 'lr': 0.000283, 'entropy': 0.108109, 'loss': 0.108109}
      TTA Epoch: [4] [  0/123]  eta: 0:00:49  lr: 0.000223  entropy: 0.1065  loss: 0.1065  time: 0.4054  data: 0.3450  max mem: 2876
      TTA Epoch: [4] [100/123]  eta: 0:00:00  lr: 0.000216  entropy: 0.0426  loss: 0.0426  time: 0.0349  data: 0.0001  max mem: 2876
      TTA Epoch: [4] [122/123]  eta: 0:00:00  lr: 0.000214  entropy: 0.1398  loss: 0.1398  time: 0.0328  data: 0.0001  max mem: 2876
      TTA Epoch: [4] Total time: 0:00:04 (0.0388 s / it)
     Averaged stats: lr: 0.0002  entropy: 0.0947  loss: 0.0947
     Computing matching score
      Evaluation: [   0/1978]  eta: 0:02:55    time: 0.0885  data: 0.0025  max mem: 2876
      Evaluation: [ 100/1978]  eta: 0:01:18    time: 0.0412  data: 0.0000  max mem: 2876
      Evaluation: [ 200/1978]  eta: 0:01:14    time: 0.0414  data: 0.0000  max mem: 2876
      Evaluation: [ 300/1978]  eta: 0:01:10    time: 0.0417  data: 0.0000  max mem: 2876
      Evaluation: [ 400/1978]  eta: 0:01:06    time: 0.0417  data: 0.0000  max mem: 2876
      Evaluation: [ 500/1978]  eta: 0:01:02    time: 0.0416  data: 0.0000  max mem: 2876
      Evaluation: [ 600/1978]  eta: 0:00:58    time: 0.0423  data: 0.0000  max mem: 2876
      Evaluation: [ 700/1978]  eta: 0:00:53    time: 0.0422  data: 0.0000  max mem: 2876
      Evaluation: [ 800/1978]  eta: 0:00:49    time: 0.0418  data: 0.0000  max mem: 2876
      Evaluation: [ 900/1978]  eta: 0:00:45    time: 0.0421  data: 0.0000  max mem: 2876
      Evaluation: [1000/1978]  eta: 0:00:41    time: 0.0419  data: 0.0000  max mem: 2876
      Evaluation: [1100/1978]  eta: 0:00:37    time: 0.0420  data: 0.0000  max mem: 2876
      Evaluation: [1200/1978]  eta: 0:00:32    time: 0.0443  data: 0.0000  max mem: 2876
      Evaluation: [1300/1978]  eta: 0:00:28    time: 0.0428  data: 0.0000  max mem: 2876
      Evaluation: [1400/1978]  eta: 0:00:24    time: 0.0427  data: 0.0000  max mem: 2876
      Evaluation: [1500/1978]  eta: 0:00:20    time: 0.0443  data: 0.0000  max mem: 2876
      Evaluation: [1600/1978]  eta: 0:00:16    time: 0.0424  data: 0.0000  max mem: 2876
      Evaluation: [1700/1978]  eta: 0:00:11    time: 0.0432  data: 0.0000  max mem: 2876
      Evaluation: [1800/1978]  eta: 0:00:07    time: 0.0431  data: 0.0000  max mem: 2876
      Evaluation: [1900/1978]  eta: 0:00:03    time: 0.0428  data: 0.0000  max mem: 2876
      Evaluation: [1977/1978]  eta: 0:00:00    time: 0.0442  data: 0.0000  max mem: 2876
      Evaluation: Total time: 0:01:24 (0.0427 s / it)
     Computing matching score time 0:01:24
### TTA ITM Score: 
+-------+--------+--------+--------+--------+--------+
| epoch |   R1   |   R5   |  R10   |  mAP   |  mINP  |
+-------+--------+--------+--------+--------+--------+
|  -999 | 69.414 | 95.197 | 97.776 | 81.233 | 81.233 |
|  -999 | 84.277 | 99.039 | 99.596 | 91.276 | 91.276 |
|   0   | 84.884 | 98.837 | 99.444 | 91.515 | 91.515 |
|   1   | 84.580 | 98.635 | 99.444 | 91.330 | 91.330 |
|   2   | 85.339 | 98.787 | 99.393 | 91.675 | 91.675 |
|   3   | 85.187 | 98.635 | 99.393 | 91.606 | 91.606 |
|   4   | 85.187 | 98.635 | 99.393 | 91.605 | 91.605 |
+-------+--------+--------+--------+--------+--------+
     logs:  {'epo': 4, 'R1': np.float32(85.187), 'R5': np.float32(98.635), 'R10': np.float32(99.393), 'mAP': np.float32(91.605), 'mINP': np.float32(91.605), 'lr': 0.000219, 'entropy': 0.094684, 'loss': 0.094684}
      TTA Epoch: [5] [  0/123]  eta: 0:00:49  lr: 0.000214  entropy: 0.1735  loss: 0.1735  time: 0.3988  data: 0.3409  max mem: 2876
      TTA Epoch: [5] [100/123]  eta: 0:00:00  lr: 0.000083  entropy: 0.0286  loss: 0.0286  time: 0.0364  data: 0.0001  max mem: 2876
      TTA Epoch: [5] [122/123]  eta: 0:00:00  lr: 0.000082  entropy: 0.0862  loss: 0.0862  time: 0.0324  data: 0.0001  max mem: 2876
      TTA Epoch: [5] Total time: 0:00:04 (0.0377 s / it)
     Averaged stats: lr: 0.0002  entropy: 0.0888  loss: 0.0888
     Computing matching score
      Evaluation: [   0/1978]  eta: 0:01:32    time: 0.0469  data: 0.0025  max mem: 2876
      Evaluation: [ 100/1978]  eta: 0:01:21    time: 0.0430  data: 0.0000  max mem: 2876
      Evaluation: [ 200/1978]  eta: 0:01:17    time: 0.0434  data: 0.0000  max mem: 2876
      Evaluation: [ 300/1978]  eta: 0:01:13    time: 0.0430  data: 0.0000  max mem: 2876
      Evaluation: [ 400/1978]  eta: 0:01:08    time: 0.0429  data: 0.0000  max mem: 2876
      Evaluation: [ 500/1978]  eta: 0:01:04    time: 0.0429  data: 0.0000  max mem: 2876
      Evaluation: [ 600/1978]  eta: 0:01:00    time: 0.0433  data: 0.0000  max mem: 2876
      Evaluation: [ 700/1978]  eta: 0:00:55    time: 0.0435  data: 0.0000  max mem: 2876
      Evaluation: [ 800/1978]  eta: 0:00:51    time: 0.0432  data: 0.0000  max mem: 2876
      Evaluation: [ 900/1978]  eta: 0:00:47    time: 0.0434  data: 0.0000  max mem: 2876
      Evaluation: [1000/1978]  eta: 0:00:42    time: 0.0438  data: 0.0000  max mem: 2876
      Evaluation: [1100/1978]  eta: 0:00:38    time: 0.0432  data: 0.0000  max mem: 2876
      Evaluation: [1200/1978]  eta: 0:00:33    time: 0.0431  data: 0.0000  max mem: 2876
      Evaluation: [1300/1978]  eta: 0:00:29    time: 0.0439  data: 0.0000  max mem: 2876
      Evaluation: [1400/1978]  eta: 0:00:25    time: 0.0428  data: 0.0000  max mem: 2876
      Evaluation: [1500/1978]  eta: 0:00:20    time: 0.0434  data: 0.0000  max mem: 2876
      Evaluation: [1600/1978]  eta: 0:00:16    time: 0.0440  data: 0.0000  max mem: 2876
      Evaluation: [1700/1978]  eta: 0:00:12    time: 0.0428  data: 0.0000  max mem: 2876
      Evaluation: [1800/1978]  eta: 0:00:07    time: 0.0429  data: 0.0000  max mem: 2876
      Evaluation: [1900/1978]  eta: 0:00:03    time: 0.0443  data: 0.0000  max mem: 2876
      Evaluation: [1977/1978]  eta: 0:00:00    time: 0.0424  data: 0.0000  max mem: 2876
      Evaluation: Total time: 0:01:26 (0.0435 s / it)
     Computing matching score time 0:01:26
### TTA ITM Score: 
+-------+--------+--------+--------+--------+--------+
| epoch |   R1   |   R5   |  R10   |  mAP   |  mINP  |
+-------+--------+--------+--------+--------+--------+
|  -999 | 69.414 | 95.197 | 97.776 | 81.233 | 81.233 |
|  -999 | 84.277 | 99.039 | 99.596 | 91.276 | 91.276 |
|   0   | 84.884 | 98.837 | 99.444 | 91.515 | 91.515 |
|   1   | 84.580 | 98.635 | 99.444 | 91.330 | 91.330 |
|   2   | 85.339 | 98.787 | 99.393 | 91.675 | 91.675 |
|   3   | 85.187 | 98.635 | 99.393 | 91.606 | 91.606 |
|   4   | 85.187 | 98.635 | 99.393 | 91.605 | 91.605 |
|   5   | 85.137 | 98.635 | 99.393 | 91.601 | 91.601 |
+-------+--------+--------+--------+--------+--------+
     logs:  {'epo': 5, 'R1': np.float32(85.137), 'R5': np.float32(98.635), 'R10': np.float32(99.393), 'mAP': np.float32(91.601), 'mINP': np.float32(91.601), 'lr': 0.000171, 'entropy': 0.088793, 'loss': 0.088793}
      TTA Epoch: [6] [  0/123]  eta: 0:00:49  lr: 0.000082  entropy: 0.1721  loss: 0.1721  time: 0.4032  data: 0.3468  max mem: 2876
      TTA Epoch: [6] [100/123]  eta: 0:00:00  lr: 0.000080  entropy: 0.0095  loss: 0.0095  time: 0.0316  data: 0.0001  max mem: 2876
      TTA Epoch: [6] [122/123]  eta: 0:00:00  lr: 0.000079  entropy: 0.0785  loss: 0.0785  time: 0.0307  data: 0.0001  max mem: 2876
      TTA Epoch: [6] Total time: 0:00:04 (0.0362 s / it)
     Averaged stats: lr: 0.0001  entropy: 0.0856  loss: 0.0856
     Computing matching score
      Evaluation: [   0/1978]  eta: 0:01:32    time: 0.0468  data: 0.0026  max mem: 2876
      Evaluation: [ 100/1978]  eta: 0:01:20    time: 0.0433  data: 0.0000  max mem: 2876
      Evaluation: [ 200/1978]  eta: 0:01:16    time: 0.0432  data: 0.0000  max mem: 2876
      Evaluation: [ 300/1978]  eta: 0:01:12    time: 0.0427  data: 0.0000  max mem: 2876
      Evaluation: [ 400/1978]  eta: 0:01:08    time: 0.0444  data: 0.0000  max mem: 2876
      Evaluation: [ 500/1978]  eta: 0:01:04    time: 0.0431  data: 0.0000  max mem: 2876
      Evaluation: [ 600/1978]  eta: 0:00:59    time: 0.0431  data: 0.0000  max mem: 2876
      Evaluation: [ 700/1978]  eta: 0:00:55    time: 0.0449  data: 0.0000  max mem: 2876
      Evaluation: [ 800/1978]  eta: 0:00:51    time: 0.0432  data: 0.0000  max mem: 2876
      Evaluation: [ 900/1978]  eta: 0:00:46    time: 0.0432  data: 0.0000  max mem: 2876
      Evaluation: [1000/1978]  eta: 0:00:42    time: 0.0460  data: 0.0000  max mem: 2876
      Evaluation: [1100/1978]  eta: 0:00:38    time: 0.0429  data: 0.0000  max mem: 2876
      Evaluation: [1200/1978]  eta: 0:00:33    time: 0.0428  data: 0.0000  max mem: 2876
      Evaluation: [1300/1978]  eta: 0:00:29    time: 0.0460  data: 0.0000  max mem: 2876
      Evaluation: [1400/1978]  eta: 0:00:25    time: 0.0431  data: 0.0000  max mem: 2876
      Evaluation: [1500/1978]  eta: 0:00:20    time: 0.0426  data: 0.0000  max mem: 2876
      Evaluation: [1600/1978]  eta: 0:00:16    time: 0.0467  data: 0.0000  max mem: 2876
      Evaluation: [1700/1978]  eta: 0:00:12    time: 0.0425  data: 0.0000  max mem: 2876
      Evaluation: [1800/1978]  eta: 0:00:07    time: 0.0425  data: 0.0000  max mem: 2876
      Evaluation: [1900/1978]  eta: 0:00:03    time: 0.0467  data: 0.0000  max mem: 2876
      Evaluation: [1977/1978]  eta: 0:00:00    time: 0.0429  data: 0.0000  max mem: 2876
      Evaluation: Total time: 0:01:25 (0.0433 s / it)
     Computing matching score time 0:01:25
### TTA ITM Score: 
+-------+--------+--------+--------+--------+--------+
| epoch |   R1   |   R5   |  R10   |  mAP   |  mINP  |
+-------+--------+--------+--------+--------+--------+
|  -999 | 69.414 | 95.197 | 97.776 | 81.233 | 81.233 |
|  -999 | 84.277 | 99.039 | 99.596 | 91.276 | 91.276 |
|   0   | 84.884 | 98.837 | 99.444 | 91.515 | 91.515 |
|   1   | 84.580 | 98.635 | 99.444 | 91.330 | 91.330 |
|   2   | 85.339 | 98.787 | 99.393 | 91.675 | 91.675 |
|   3   | 85.187 | 98.635 | 99.393 | 91.606 | 91.606 |
|   4   | 85.187 | 98.635 | 99.393 | 91.605 | 91.605 |
|   5   | 85.137 | 98.635 | 99.393 | 91.601 | 91.601 |
|   6   | 85.187 | 98.635 | 99.292 | 91.609 | 91.609 |
+-------+--------+--------+--------+--------+--------+
     logs:  {'epo': 6, 'R1': np.float32(85.187), 'R5': np.float32(98.635), 'R10': np.float32(99.292), 'mAP': np.float32(91.609), 'mINP': np.float32(91.609), 'lr': 8.1e-05, 'entropy': 0.085613, 'loss': 0.085613}
      TTA Epoch: [7] [  0/123]  eta: 0:00:48  lr: 0.000079  entropy: 0.0832  loss: 0.0832  time: 0.3917  data: 0.3334  max mem: 2876
      TTA Epoch: [7] [100/123]  eta: 0:00:00  lr: 0.000076  entropy: 0.1636  loss: 0.1636  time: 0.0344  data: 0.0001  max mem: 2876
      TTA Epoch: [7] [122/123]  eta: 0:00:00  lr: 0.000076  entropy: 0.1177  loss: 0.1177  time: 0.0330  data: 0.0001  max mem: 2876
      TTA Epoch: [7] Total time: 0:00:04 (0.0387 s / it)
     Averaged stats: lr: 0.0001  entropy: 0.0821  loss: 0.0821
     Computing matching score
      Evaluation: [   0/1978]  eta: 0:01:30    time: 0.0459  data: 0.0024  max mem: 2876
      Evaluation: [ 100/1978]  eta: 0:01:21    time: 0.0462  data: 0.0000  max mem: 2876
      Evaluation: [ 200/1978]  eta: 0:01:16    time: 0.0431  data: 0.0000  max mem: 2876
      Evaluation: [ 300/1978]  eta: 0:01:12    time: 0.0424  data: 0.0000  max mem: 2876
      Evaluation: [ 400/1978]  eta: 0:01:08    time: 0.0463  data: 0.0000  max mem: 2876
      Evaluation: [ 500/1978]  eta: 0:01:03    time: 0.0431  data: 0.0000  max mem: 2876
      Evaluation: [ 600/1978]  eta: 0:00:59    time: 0.0426  data: 0.0000  max mem: 2876
      Evaluation: [ 700/1978]  eta: 0:00:55    time: 0.0458  data: 0.0000  max mem: 2876
      Evaluation: [ 800/1978]  eta: 0:00:50    time: 0.0424  data: 0.0000  max mem: 2876
      Evaluation: [ 900/1978]  eta: 0:00:46    time: 0.0426  data: 0.0000  max mem: 2876
      Evaluation: [1000/1978]  eta: 0:00:42    time: 0.0449  data: 0.0000  max mem: 2876
      Evaluation: [1100/1978]  eta: 0:00:37    time: 0.0425  data: 0.0000  max mem: 2876
      Evaluation: [1200/1978]  eta: 0:00:33    time: 0.0430  data: 0.0000  max mem: 2876
      Evaluation: [1300/1978]  eta: 0:00:29    time: 0.0458  data: 0.0000  max mem: 2876
      Evaluation: [1400/1978]  eta: 0:00:24    time: 0.0419  data: 0.0000  max mem: 2876
      Evaluation: [1500/1978]  eta: 0:00:20    time: 0.0420  data: 0.0000  max mem: 2876
      Evaluation: [1600/1978]  eta: 0:00:16    time: 0.0436  data: 0.0000  max mem: 2876
      Evaluation: [1700/1978]  eta: 0:00:11    time: 0.0425  data: 0.0000  max mem: 2876
      Evaluation: [1800/1978]  eta: 0:00:07    time: 0.0428  data: 0.0000  max mem: 2876
      Evaluation: [1900/1978]  eta: 0:00:03    time: 0.0426  data: 0.0000  max mem: 2876
      Evaluation: [1977/1978]  eta: 0:00:00    time: 0.0428  data: 0.0000  max mem: 2876
      Evaluation: Total time: 0:01:25 (0.0430 s / it)
     Computing matching score time 0:01:25
### TTA ITM Score: 
+-------+--------+--------+--------+--------+--------+
| epoch |   R1   |   R5   |  R10   |  mAP   |  mINP  |
+-------+--------+--------+--------+--------+--------+
|  -999 | 69.414 | 95.197 | 97.776 | 81.233 | 81.233 |
|  -999 | 84.277 | 99.039 | 99.596 | 91.276 | 91.276 |
|   0   | 84.884 | 98.837 | 99.444 | 91.515 | 91.515 |
|   1   | 84.580 | 98.635 | 99.444 | 91.330 | 91.330 |
|   2   | 85.339 | 98.787 | 99.393 | 91.675 | 91.675 |
|   3   | 85.187 | 98.635 | 99.393 | 91.606 | 91.606 |
|   4   | 85.187 | 98.635 | 99.393 | 91.605 | 91.605 |
|   5   | 85.137 | 98.635 | 99.393 | 91.601 | 91.601 |
|   6   | 85.187 | 98.635 | 99.292 | 91.609 | 91.609 |
|   7   | 85.035 | 98.635 | 99.343 | 91.536 | 91.536 |
+-------+--------+--------+--------+--------+--------+
     logs:  {'epo': 7, 'R1': np.float32(85.035), 'R5': np.float32(98.635), 'R10': np.float32(99.343), 'mAP': np.float32(91.536), 'mINP': np.float32(91.536), 'lr': 7.7e-05, 'entropy': 0.08208, 'loss': 0.08208}
      TTA Epoch: [8] [  0/123]  eta: 0:00:49  lr: 0.000076  entropy: 0.1059  loss: 0.1059  time: 0.4064  data: 0.3492  max mem: 2876
      TTA Epoch: [8] [100/123]  eta: 0:00:00  lr: 0.000073  entropy: 0.0292  loss: 0.0292  time: 0.0395  data: 0.0047  max mem: 2876
      TTA Epoch: [8] [122/123]  eta: 0:00:00  lr: 0.000072  entropy: 0.0368  loss: 0.0368  time: 0.0345  data: 0.0005  max mem: 2876
      TTA Epoch: [8] Total time: 0:00:04 (0.0399 s / it)
     Averaged stats: lr: 0.0001  entropy: 0.0737  loss: 0.0737
     Computing matching score
      Evaluation: [   0/1978]  eta: 0:01:32    time: 0.0468  data: 0.0025  max mem: 2876
      Evaluation: [ 100/1978]  eta: 0:01:19    time: 0.0429  data: 0.0000  max mem: 2876
      Evaluation: [ 200/1978]  eta: 0:01:16    time: 0.0425  data: 0.0000  max mem: 2876
      Evaluation: [ 300/1978]  eta: 0:01:12    time: 0.0426  data: 0.0000  max mem: 2876
      Evaluation: [ 400/1978]  eta: 0:01:07    time: 0.0433  data: 0.0000  max mem: 2876
      Evaluation: [ 500/1978]  eta: 0:01:03    time: 0.0423  data: 0.0000  max mem: 2876
      Evaluation: [ 600/1978]  eta: 0:00:59    time: 0.0427  data: 0.0000  max mem: 2876
      Evaluation: [ 700/1978]  eta: 0:00:54    time: 0.0431  data: 0.0000  max mem: 2876
      Evaluation: [ 800/1978]  eta: 0:00:50    time: 0.0425  data: 0.0000  max mem: 2876
      Evaluation: [ 900/1978]  eta: 0:00:46    time: 0.0427  data: 0.0000  max mem: 2876
      Evaluation: [1000/1978]  eta: 0:00:42    time: 0.0430  data: 0.0000  max mem: 2876
      Evaluation: [1100/1978]  eta: 0:00:37    time: 0.0423  data: 0.0000  max mem: 2876
      Evaluation: [1200/1978]  eta: 0:00:33    time: 0.0422  data: 0.0000  max mem: 2876
      Evaluation: [1300/1978]  eta: 0:00:29    time: 0.0423  data: 0.0000  max mem: 2876
      Evaluation: [1400/1978]  eta: 0:00:24    time: 0.0422  data: 0.0000  max mem: 2876
      Evaluation: [1500/1978]  eta: 0:00:20    time: 0.0421  data: 0.0000  max mem: 2876
      Evaluation: [1600/1978]  eta: 0:00:16    time: 0.0416  data: 0.0000  max mem: 2876
      Evaluation: [1700/1978]  eta: 0:00:11    time: 0.0416  data: 0.0000  max mem: 2876
      Evaluation: [1800/1978]  eta: 0:00:07    time: 0.0415  data: 0.0000  max mem: 2876
      Evaluation: [1900/1978]  eta: 0:00:03    time: 0.0420  data: 0.0000  max mem: 2876
      Evaluation: [1977/1978]  eta: 0:00:00    time: 0.0418  data: 0.0000  max mem: 2876
      Evaluation: Total time: 0:01:24 (0.0427 s / it)
     Computing matching score time 0:01:24
### TTA ITM Score: 
+-------+--------+--------+--------+--------+--------+
| epoch |   R1   |   R5   |  R10   |  mAP   |  mINP  |
+-------+--------+--------+--------+--------+--------+
|  -999 | 69.414 | 95.197 | 97.776 | 81.233 | 81.233 |
|  -999 | 84.277 | 99.039 | 99.596 | 91.276 | 91.276 |
|   0   | 84.884 | 98.837 | 99.444 | 91.515 | 91.515 |
|   1   | 84.580 | 98.635 | 99.444 | 91.330 | 91.330 |
|   2   | 85.339 | 98.787 | 99.393 | 91.675 | 91.675 |
|   3   | 85.187 | 98.635 | 99.393 | 91.606 | 91.606 |
|   4   | 85.187 | 98.635 | 99.393 | 91.605 | 91.605 |
|   5   | 85.137 | 98.635 | 99.393 | 91.601 | 91.601 |
|   6   | 85.187 | 98.635 | 99.292 | 91.609 | 91.609 |
|   7   | 85.035 | 98.635 | 99.343 | 91.536 | 91.536 |
|   8   | 84.985 | 98.584 | 99.292 | 91.495 | 91.495 |
+-------+--------+--------+--------+--------+--------+
     logs:  {'epo': 8, 'R1': np.float32(84.985), 'R5': np.float32(98.584), 'R10': np.float32(99.292), 'mAP': np.float32(91.495), 'mINP': np.float32(91.495), 'lr': 7.4e-05, 'entropy': 0.073652, 'loss': 0.073652}
      TTA Epoch: [9] [  0/123]  eta: 0:00:49  lr: 0.000072  entropy: 0.0186  loss: 0.0186  time: 0.4063  data: 0.3446  max mem: 2876
      TTA Epoch: [9] [100/123]  eta: 0:00:00  lr: 0.000069  entropy: 0.0553  loss: 0.0553  time: 0.0351  data: 0.0001  max mem: 2876
      TTA Epoch: [9] [122/123]  eta: 0:00:00  lr: 0.000069  entropy: 0.1223  loss: 0.1223  time: 0.0318  data: 0.0001  max mem: 2876
      TTA Epoch: [9] Total time: 0:00:04 (0.0370 s / it)
     Averaged stats: lr: 0.0001  entropy: 0.0755  loss: 0.0755
     Computing matching score
      Evaluation: [   0/1978]  eta: 0:01:34    time: 0.0479  data: 0.0038  max mem: 2876
      Evaluation: [ 100/1978]  eta: 0:01:19    time: 0.0421  data: 0.0000  max mem: 2876
      Evaluation: [ 200/1978]  eta: 0:01:15    time: 0.0423  data: 0.0000  max mem: 2876
      Evaluation: [ 300/1978]  eta: 0:01:11    time: 0.0425  data: 0.0000  max mem: 2876
      Evaluation: [ 400/1978]  eta: 0:01:07    time: 0.0422  data: 0.0000  max mem: 2876
      Evaluation: [ 500/1978]  eta: 0:01:02    time: 0.0424  data: 0.0000  max mem: 2876
      Evaluation: [ 600/1978]  eta: 0:00:58    time: 0.0425  data: 0.0000  max mem: 2876
      Evaluation: [ 700/1978]  eta: 0:00:54    time: 0.0423  data: 0.0000  max mem: 2876
      Evaluation: [ 800/1978]  eta: 0:00:50    time: 0.0419  data: 0.0000  max mem: 2876
      Evaluation: [ 900/1978]  eta: 0:00:45    time: 0.0443  data: 0.0000  max mem: 2876
      Evaluation: [1000/1978]  eta: 0:00:41    time: 0.0420  data: 0.0000  max mem: 2876
      Evaluation: [1100/1978]  eta: 0:00:37    time: 0.0419  data: 0.0000  max mem: 2876
      Evaluation: [1200/1978]  eta: 0:00:33    time: 0.0448  data: 0.0000  max mem: 2876
      Evaluation: [1300/1978]  eta: 0:00:28    time: 0.0421  data: 0.0000  max mem: 2876
      Evaluation: [1400/1978]  eta: 0:00:24    time: 0.0420  data: 0.0000  max mem: 2876
      Evaluation: [1500/1978]  eta: 0:00:20    time: 0.0448  data: 0.0000  max mem: 2876
      Evaluation: [1600/1978]  eta: 0:00:16    time: 0.0423  data: 0.0000  max mem: 2876
      Evaluation: [1700/1978]  eta: 0:00:11    time: 0.0420  data: 0.0000  max mem: 2876
      Evaluation: [1800/1978]  eta: 0:00:07    time: 0.0449  data: 0.0000  max mem: 2876
      Evaluation: [1900/1978]  eta: 0:00:03    time: 0.0425  data: 0.0000  max mem: 2876
      Evaluation: [1977/1978]  eta: 0:00:00    time: 0.0428  data: 0.0000  max mem: 2876
      Evaluation: Total time: 0:01:24 (0.0425 s / it)
     Computing matching score time 0:01:24
### TTA ITM Score: 
+-------+--------+--------+--------+--------+--------+
| epoch |   R1   |   R5   |  R10   |  mAP   |  mINP  |
+-------+--------+--------+--------+--------+--------+
|  -999 | 69.414 | 95.197 | 97.776 | 81.233 | 81.233 |
|  -999 | 84.277 | 99.039 | 99.596 | 91.276 | 91.276 |
|   0   | 84.884 | 98.837 | 99.444 | 91.515 | 91.515 |
|   1   | 84.580 | 98.635 | 99.444 | 91.330 | 91.330 |
|   2   | 85.339 | 98.787 | 99.393 | 91.675 | 91.675 |
|   3   | 85.187 | 98.635 | 99.393 | 91.606 | 91.606 |
|   4   | 85.187 | 98.635 | 99.393 | 91.605 | 91.605 |
|   5   | 85.137 | 98.635 | 99.393 | 91.601 | 91.601 |
|   6   | 85.187 | 98.635 | 99.292 | 91.609 | 91.609 |
|   7   | 85.035 | 98.635 | 99.343 | 91.536 | 91.536 |
|   8   | 84.985 | 98.584 | 99.292 | 91.495 | 91.495 |
|   9   | 84.985 | 98.584 | 99.292 | 91.501 | 91.501 |
+-------+--------+--------+--------+--------+--------+
     logs:  {'epo': 9, 'R1': np.float32(84.985), 'R5': np.float32(98.584), 'R10': np.float32(99.292), 'mAP': np.float32(91.501), 'mINP': np.float32(91.501), 'lr': 7e-05, 'entropy': 0.075508, 'loss': 0.075508}
      TTA Epoch: [10] [  0/123]  eta: 0:00:53  lr: 0.000069  entropy: 0.1248  loss: 0.1248  time: 0.4370  data: 0.3620  max mem: 2876
      TTA Epoch: [10] [100/123]  eta: 0:00:00  lr: 0.000066  entropy: 0.0767  loss: 0.0767  time: 0.0399  data: 0.0033  max mem: 2876
      TTA Epoch: [10] [122/123]  eta: 0:00:00  lr: 0.000065  entropy: 0.1862  loss: 0.1862  time: 0.0454  data: 0.0076  max mem: 2876
      TTA Epoch: [10] Total time: 0:00:05 (0.0426 s / it)
     Averaged stats: lr: 0.0001  entropy: 0.0736  loss: 0.0736
     Computing matching score
      Evaluation: [   0/1978]  eta: 0:01:51    time: 0.0563  data: 0.0038  max mem: 2876
      Evaluation: [ 100/1978]  eta: 0:01:20    time: 0.0426  data: 0.0000  max mem: 2876
      Evaluation: [ 200/1978]  eta: 0:01:16    time: 0.0429  data: 0.0000  max mem: 2876
      Evaluation: [ 300/1978]  eta: 0:01:12    time: 0.0464  data: 0.0000  max mem: 2876
      Evaluation: [ 400/1978]  eta: 0:01:08    time: 0.0429  data: 0.0000  max mem: 2876
      Evaluation: [ 500/1978]  eta: 0:01:04    time: 0.0429  data: 0.0000  max mem: 2876
      Evaluation: [ 600/1978]  eta: 0:00:59    time: 0.0460  data: 0.0000  max mem: 2876
      Evaluation: [ 700/1978]  eta: 0:00:55    time: 0.0429  data: 0.0000  max mem: 2876
      Evaluation: [ 800/1978]  eta: 0:00:51    time: 0.0428  data: 0.0000  max mem: 2876
      Evaluation: [ 900/1978]  eta: 0:00:46    time: 0.0454  data: 0.0000  max mem: 2876
      Evaluation: [1000/1978]  eta: 0:00:42    time: 0.0424  data: 0.0000  max mem: 2876
      Evaluation: [1100/1978]  eta: 0:00:37    time: 0.0426  data: 0.0000  max mem: 2876
      Evaluation: [1200/1978]  eta: 0:00:33    time: 0.0449  data: 0.0000  max mem: 2876
      Evaluation: [1300/1978]  eta: 0:00:29    time: 0.0423  data: 0.0000  max mem: 2876
      Evaluation: [1400/1978]  eta: 0:00:24    time: 0.0422  data: 0.0000  max mem: 2876
      Evaluation: [1500/1978]  eta: 0:00:20    time: 0.0460  data: 0.0000  max mem: 2876
      Evaluation: [1600/1978]  eta: 0:00:16    time: 0.0429  data: 0.0000  max mem: 2876
      Evaluation: [1700/1978]  eta: 0:00:11    time: 0.0423  data: 0.0000  max mem: 2876
      Evaluation: [1800/1978]  eta: 0:00:07    time: 0.0453  data: 0.0000  max mem: 2876
      Evaluation: [1900/1978]  eta: 0:00:03    time: 0.0422  data: 0.0000  max mem: 2876
      Evaluation: [1977/1978]  eta: 0:00:00    time: 0.0424  data: 0.0000  max mem: 2876
      Evaluation: Total time: 0:01:25 (0.0430 s / it)
     Computing matching score time 0:01:25
### TTA ITM Score: 
+-------+--------+--------+--------+--------+--------+
| epoch |   R1   |   R5   |  R10   |  mAP   |  mINP  |
+-------+--------+--------+--------+--------+--------+
|  -999 | 69.414 | 95.197 | 97.776 | 81.233 | 81.233 |
|  -999 | 84.277 | 99.039 | 99.596 | 91.276 | 91.276 |
|   0   | 84.884 | 98.837 | 99.444 | 91.515 | 91.515 |
|   1   | 84.580 | 98.635 | 99.444 | 91.330 | 91.330 |
|   2   | 85.339 | 98.787 | 99.393 | 91.675 | 91.675 |
|   3   | 85.187 | 98.635 | 99.393 | 91.606 | 91.606 |
|   4   | 85.187 | 98.635 | 99.393 | 91.605 | 91.605 |
|   5   | 85.137 | 98.635 | 99.393 | 91.601 | 91.601 |
|   6   | 85.187 | 98.635 | 99.292 | 91.609 | 91.609 |
|   7   | 85.035 | 98.635 | 99.343 | 91.536 | 91.536 |
|   8   | 84.985 | 98.584 | 99.292 | 91.495 | 91.495 |
|   9   | 84.985 | 98.584 | 99.292 | 91.501 | 91.501 |
|   10  | 84.985 | 98.635 | 99.292 | 91.483 | 91.483 |
+-------+--------+--------+--------+--------+--------+
     logs:  {'epo': 10, 'R1': np.float32(84.985), 'R5': np.float32(98.635), 'R10': np.float32(99.292), 'mAP': np.float32(91.483), 'mINP': np.float32(91.483), 'lr': 6.7e-05, 'entropy': 0.073617, 'loss': 0.073617}
      TTA Epoch: [11] [  0/123]  eta: 0:00:45  lr: 0.000065  entropy: 0.1256  loss: 0.1256  time: 0.3662  data: 0.2959  max mem: 2876
      TTA Epoch: [11] [100/123]  eta: 0:00:00  lr: 0.000063  entropy: 0.0708  loss: 0.0708  time: 0.0344  data: 0.0001  max mem: 2876
      TTA Epoch: [11] [122/123]  eta: 0:00:00  lr: 0.000062  entropy: 0.1275  loss: 0.1275  time: 0.0362  data: 0.0001  max mem: 2876
      TTA Epoch: [11] Total time: 0:00:04 (0.0380 s / it)
     Averaged stats: lr: 0.0001  entropy: 0.0808  loss: 0.0808
     Computing matching score
      Evaluation: [   0/1978]  eta: 0:01:35    time: 0.0484  data: 0.0025  max mem: 2876
      Evaluation: [ 100/1978]  eta: 0:01:20    time: 0.0431  data: 0.0000  max mem: 2876
      Evaluation: [ 200/1978]  eta: 0:01:17    time: 0.0427  data: 0.0000  max mem: 2876
      Evaluation: [ 300/1978]  eta: 0:01:12    time: 0.0456  data: 0.0000  max mem: 2876
      Evaluation: [ 400/1978]  eta: 0:01:08    time: 0.0428  data: 0.0000  max mem: 2876
      Evaluation: [ 500/1978]  eta: 0:01:03    time: 0.0426  data: 0.0000  max mem: 2876
      Evaluation: [ 600/1978]  eta: 0:00:59    time: 0.0458  data: 0.0000  max mem: 2876
      Evaluation: [ 700/1978]  eta: 0:00:55    time: 0.0434  data: 0.0000  max mem: 2876
      Evaluation: [ 800/1978]  eta: 0:00:51    time: 0.0436  data: 0.0000  max mem: 2876
      Evaluation: [ 900/1978]  eta: 0:00:46    time: 0.0466  data: 0.0000  max mem: 2876
      Evaluation: [1000/1978]  eta: 0:00:42    time: 0.0435  data: 0.0000  max mem: 2876
      Evaluation: [1100/1978]  eta: 0:00:38    time: 0.0434  data: 0.0000  max mem: 2876
      Evaluation: [1200/1978]  eta: 0:00:33    time: 0.0433  data: 0.0000  max mem: 2876
      Evaluation: [1300/1978]  eta: 0:00:29    time: 0.0434  data: 0.0000  max mem: 2876
      Evaluation: [1400/1978]  eta: 0:00:25    time: 0.0439  data: 0.0000  max mem: 2876
      Evaluation: [1500/1978]  eta: 0:00:20    time: 0.0435  data: 0.0000  max mem: 2876
      Evaluation: [1600/1978]  eta: 0:00:16    time: 0.0422  data: 0.0000  max mem: 2876
      Evaluation: [1700/1978]  eta: 0:00:12    time: 0.0421  data: 0.0000  max mem: 2876
      Evaluation: [1800/1978]  eta: 0:00:07    time: 0.0424  data: 0.0000  max mem: 2876
      Evaluation: [1900/1978]  eta: 0:00:03    time: 0.0422  data: 0.0000  max mem: 2876
      Evaluation: [1977/1978]  eta: 0:00:00    time: 0.0423  data: 0.0000  max mem: 2876
      Evaluation: Total time: 0:01:25 (0.0435 s / it)
     Computing matching score time 0:01:26
### TTA ITM Score: 
+-------+--------+--------+--------+--------+--------+
| epoch |   R1   |   R5   |  R10   |  mAP   |  mINP  |
+-------+--------+--------+--------+--------+--------+
|  -999 | 69.414 | 95.197 | 97.776 | 81.233 | 81.233 |
|  -999 | 84.277 | 99.039 | 99.596 | 91.276 | 91.276 |
|   0   | 84.884 | 98.837 | 99.444 | 91.515 | 91.515 |
|   1   | 84.580 | 98.635 | 99.444 | 91.330 | 91.330 |
|   2   | 85.339 | 98.787 | 99.393 | 91.675 | 91.675 |
|   3   | 85.187 | 98.635 | 99.393 | 91.606 | 91.606 |
|   4   | 85.187 | 98.635 | 99.393 | 91.605 | 91.605 |
|   5   | 85.137 | 98.635 | 99.393 | 91.601 | 91.601 |
|   6   | 85.187 | 98.635 | 99.292 | 91.609 | 91.609 |
|   7   | 85.035 | 98.635 | 99.343 | 91.536 | 91.536 |
|   8   | 84.985 | 98.584 | 99.292 | 91.495 | 91.495 |
|   9   | 84.985 | 98.584 | 99.292 | 91.501 | 91.501 |
|   10  | 84.985 | 98.635 | 99.292 | 91.483 | 91.483 |
|   11  | 84.884 | 98.584 | 99.343 | 91.451 | 91.451 |
+-------+--------+--------+--------+--------+--------+
     logs:  {'epo': 11, 'R1': np.float32(84.884), 'R5': np.float32(98.584), 'R10': np.float32(99.343), 'mAP': np.float32(91.451), 'mINP': np.float32(91.451), 'lr': 6.4e-05, 'entropy': 0.080752, 'loss': 0.080752}
      TTA Epoch: [12] [  0/123]  eta: 0:00:49  lr: 0.000062  entropy: 0.0010  loss: 0.0010  time: 0.4030  data: 0.3444  max mem: 2876
      TTA Epoch: [12] [100/123]  eta: 0:00:00  lr: 0.000059  entropy: 0.1155  loss: 0.1155  time: 0.0370  data: 0.0001  max mem: 2876
      TTA Epoch: [12] [122/123]  eta: 0:00:00  lr: 0.000059  entropy: 0.1438  loss: 0.1438  time: 0.0320  data: 0.0001  max mem: 2876
      TTA Epoch: [12] Total time: 0:00:04 (0.0373 s / it)
     Averaged stats: lr: 0.0001  entropy: 0.0757  loss: 0.0757
     Computing matching score
      Evaluation: [   0/1978]  eta: 0:01:28    time: 0.0449  data: 0.0024  max mem: 2876
      Evaluation: [ 100/1978]  eta: 0:01:19    time: 0.0422  data: 0.0000  max mem: 2876
      Evaluation: [ 200/1978]  eta: 0:01:15    time: 0.0422  data: 0.0000  max mem: 2876
      Evaluation: [ 300/1978]  eta: 0:01:11    time: 0.0420  data: 0.0000  max mem: 2876
      Evaluation: [ 400/1978]  eta: 0:01:06    time: 0.0421  data: 0.0000  max mem: 2876
      Evaluation: [ 500/1978]  eta: 0:01:02    time: 0.0422  data: 0.0000  max mem: 2876
      Evaluation: [ 600/1978]  eta: 0:00:58    time: 0.0417  data: 0.0000  max mem: 2876
      Evaluation: [ 700/1978]  eta: 0:00:54    time: 0.0428  data: 0.0000  max mem: 2876
      Evaluation: [ 800/1978]  eta: 0:00:50    time: 0.0426  data: 0.0000  max mem: 2876
      Evaluation: [ 900/1978]  eta: 0:00:45    time: 0.0422  data: 0.0000  max mem: 2876
      Evaluation: [1000/1978]  eta: 0:00:41    time: 0.0424  data: 0.0000  max mem: 2876
      Evaluation: [1100/1978]  eta: 0:00:37    time: 0.0425  data: 0.0000  max mem: 2876
      Evaluation: [1200/1978]  eta: 0:00:33    time: 0.0425  data: 0.0000  max mem: 2876
      Evaluation: [1300/1978]  eta: 0:00:28    time: 0.0427  data: 0.0000  max mem: 2876
      Evaluation: [1400/1978]  eta: 0:00:24    time: 0.0424  data: 0.0000  max mem: 2876
      Evaluation: [1500/1978]  eta: 0:00:20    time: 0.0426  data: 0.0000  max mem: 2876
      Evaluation: [1600/1978]  eta: 0:00:16    time: 0.0420  data: 0.0000  max mem: 2876
      Evaluation: [1700/1978]  eta: 0:00:11    time: 0.0422  data: 0.0000  max mem: 2876
      Evaluation: [1800/1978]  eta: 0:00:07    time: 0.0421  data: 0.0000  max mem: 2876
      Evaluation: [1900/1978]  eta: 0:00:03    time: 0.0423  data: 0.0000  max mem: 2876
      Evaluation: [1977/1978]  eta: 0:00:00    time: 0.0421  data: 0.0000  max mem: 2876
      Evaluation: Total time: 0:01:23 (0.0424 s / it)
     Computing matching score time 0:01:24
### TTA ITM Score: 
+-------+--------+--------+--------+--------+--------+
| epoch |   R1   |   R5   |  R10   |  mAP   |  mINP  |
+-------+--------+--------+--------+--------+--------+
|  -999 | 69.414 | 95.197 | 97.776 | 81.233 | 81.233 |
|  -999 | 84.277 | 99.039 | 99.596 | 91.276 | 91.276 |
|   0   | 84.884 | 98.837 | 99.444 | 91.515 | 91.515 |
|   1   | 84.580 | 98.635 | 99.444 | 91.330 | 91.330 |
|   2   | 85.339 | 98.787 | 99.393 | 91.675 | 91.675 |
|   3   | 85.187 | 98.635 | 99.393 | 91.606 | 91.606 |
|   4   | 85.187 | 98.635 | 99.393 | 91.605 | 91.605 |
|   5   | 85.137 | 98.635 | 99.393 | 91.601 | 91.601 |
|   6   | 85.187 | 98.635 | 99.292 | 91.609 | 91.609 |
|   7   | 85.035 | 98.635 | 99.343 | 91.536 | 91.536 |
|   8   | 84.985 | 98.584 | 99.292 | 91.495 | 91.495 |
|   9   | 84.985 | 98.584 | 99.292 | 91.501 | 91.501 |
|   10  | 84.985 | 98.635 | 99.292 | 91.483 | 91.483 |
|   11  | 84.884 | 98.584 | 99.343 | 91.451 | 91.451 |
|   12  | 84.985 | 98.635 | 99.343 | 91.502 | 91.502 |
+-------+--------+--------+--------+--------+--------+
     logs:  {'epo': 12, 'R1': np.float32(84.985), 'R5': np.float32(98.635), 'R10': np.float32(99.343), 'mAP': np.float32(91.502), 'mINP': np.float32(91.502), 'lr': 6e-05, 'entropy': 0.075667, 'loss': 0.075667}
      TTA Epoch: [13] [  0/123]  eta: 0:00:51  lr: 0.000059  entropy: 0.0552  loss: 0.0552  time: 0.4196  data: 0.3598  max mem: 2876
      TTA Epoch: [13] [100/123]  eta: 0:00:00  lr: 0.000056  entropy: 0.1067  loss: 0.1067  time: 0.0347  data: 0.0001  max mem: 2876
      TTA Epoch: [13] [122/123]  eta: 0:00:00  lr: 0.000055  entropy: 0.0762  loss: 0.0762  time: 0.0320  data: 0.0001  max mem: 2876
      TTA Epoch: [13] Total time: 0:00:04 (0.0370 s / it)
     Averaged stats: lr: 0.0001  entropy: 0.0718  loss: 0.0718
     Computing matching score
      Evaluation: [   0/1978]  eta: 0:01:32    time: 0.0469  data: 0.0038  max mem: 2876
      Evaluation: [ 100/1978]  eta: 0:01:19    time: 0.0420  data: 0.0000  max mem: 2876
      Evaluation: [ 200/1978]  eta: 0:01:15    time: 0.0421  data: 0.0000  max mem: 2876
      Evaluation: [ 300/1978]  eta: 0:01:10    time: 0.0422  data: 0.0000  max mem: 2876
      Evaluation: [ 400/1978]  eta: 0:01:06    time: 0.0423  data: 0.0000  max mem: 2876
      Evaluation: [ 500/1978]  eta: 0:01:02    time: 0.0423  data: 0.0000  max mem: 2876
      Evaluation: [ 600/1978]  eta: 0:00:58    time: 0.0418  data: 0.0000  max mem: 2876
      Evaluation: [ 700/1978]  eta: 0:00:53    time: 0.0420  data: 0.0000  max mem: 2876
      Evaluation: [ 800/1978]  eta: 0:00:49    time: 0.0425  data: 0.0000  max mem: 2876
      Evaluation: [ 900/1978]  eta: 0:00:45    time: 0.0422  data: 0.0000  max mem: 2876
      Evaluation: [1000/1978]  eta: 0:00:41    time: 0.0418  data: 0.0000  max mem: 2876
      Evaluation: [1100/1978]  eta: 0:00:37    time: 0.0422  data: 0.0000  max mem: 2876
      Evaluation: [1200/1978]  eta: 0:00:32    time: 0.0422  data: 0.0000  max mem: 2876
      Evaluation: [1300/1978]  eta: 0:00:28    time: 0.0418  data: 0.0000  max mem: 2876
      Evaluation: [1400/1978]  eta: 0:00:24    time: 0.0423  data: 0.0000  max mem: 2876
      Evaluation: [1500/1978]  eta: 0:00:20    time: 0.0424  data: 0.0000  max mem: 2876
      Evaluation: [1600/1978]  eta: 0:00:15    time: 0.0418  data: 0.0000  max mem: 2876
      Evaluation: [1700/1978]  eta: 0:00:11    time: 0.0423  data: 0.0000  max mem: 2876
      Evaluation: [1800/1978]  eta: 0:00:07    time: 0.0422  data: 0.0000  max mem: 2876
      Evaluation: [1900/1978]  eta: 0:00:03    time: 0.0422  data: 0.0000  max mem: 2876
      Evaluation: [1977/1978]  eta: 0:00:00    time: 0.0424  data: 0.0000  max mem: 2876
      Evaluation: Total time: 0:01:23 (0.0422 s / it)
     Computing matching score time 0:01:23
### TTA ITM Score: 
+-------+--------+--------+--------+--------+--------+
| epoch |   R1   |   R5   |  R10   |  mAP   |  mINP  |
+-------+--------+--------+--------+--------+--------+
|  -999 | 69.414 | 95.197 | 97.776 | 81.233 | 81.233 |
|  -999 | 84.277 | 99.039 | 99.596 | 91.276 | 91.276 |
|   0   | 84.884 | 98.837 | 99.444 | 91.515 | 91.515 |
|   1   | 84.580 | 98.635 | 99.444 | 91.330 | 91.330 |
|   2   | 85.339 | 98.787 | 99.393 | 91.675 | 91.675 |
|   3   | 85.187 | 98.635 | 99.393 | 91.606 | 91.606 |
|   4   | 85.187 | 98.635 | 99.393 | 91.605 | 91.605 |
|   5   | 85.137 | 98.635 | 99.393 | 91.601 | 91.601 |
|   6   | 85.187 | 98.635 | 99.292 | 91.609 | 91.609 |
|   7   | 85.035 | 98.635 | 99.343 | 91.536 | 91.536 |
|   8   | 84.985 | 98.584 | 99.292 | 91.495 | 91.495 |
|   9   | 84.985 | 98.584 | 99.292 | 91.501 | 91.501 |
|   10  | 84.985 | 98.635 | 99.292 | 91.483 | 91.483 |
|   11  | 84.884 | 98.584 | 99.343 | 91.451 | 91.451 |
|   12  | 84.985 | 98.635 | 99.343 | 91.502 | 91.502 |
|   13  | 84.985 | 98.635 | 99.343 | 91.495 | 91.495 |
+-------+--------+--------+--------+--------+--------+
     logs:  {'epo': 13, 'R1': np.float32(84.985), 'R5': np.float32(98.635), 'R10': np.float32(99.343), 'mAP': np.float32(91.495), 'mINP': np.float32(91.495), 'lr': 5.7e-05, 'entropy': 0.071846, 'loss': 0.071846}
      TTA Epoch: [14] [  0/123]  eta: 0:00:50  lr: 0.000055  entropy: 0.0788  loss: 0.0788  time: 0.4116  data: 0.3529  max mem: 2876
      TTA Epoch: [14] [100/123]  eta: 0:00:00  lr: 0.000052  entropy: 0.0761  loss: 0.0761  time: 0.0344  data: 0.0001  max mem: 2876
      TTA Epoch: [14] [122/123]  eta: 0:00:00  lr: 0.000052  entropy: 0.0714  loss: 0.0714  time: 0.0324  data: 0.0001  max mem: 2876
      TTA Epoch: [14] Total time: 0:00:04 (0.0371 s / it)
     Averaged stats: lr: 0.0001  entropy: 0.0648  loss: 0.0648
     Computing matching score
      Evaluation: [   0/1978]  eta: 0:01:28    time: 0.0450  data: 0.0024  max mem: 2876
      Evaluation: [ 100/1978]  eta: 0:01:19    time: 0.0421  data: 0.0000  max mem: 2876
      Evaluation: [ 200/1978]  eta: 0:01:14    time: 0.0421  data: 0.0000  max mem: 2876
      Evaluation: [ 300/1978]  eta: 0:01:10    time: 0.0419  data: 0.0000  max mem: 2876
      Evaluation: [ 400/1978]  eta: 0:01:06    time: 0.0425  data: 0.0000  max mem: 2876
      Evaluation: [ 500/1978]  eta: 0:01:02    time: 0.0421  data: 0.0000  max mem: 2876
      Evaluation: [ 600/1978]  eta: 0:00:58    time: 0.0419  data: 0.0000  max mem: 2876
      Evaluation: [ 700/1978]  eta: 0:00:53    time: 0.0421  data: 0.0000  max mem: 2876
      Evaluation: [ 800/1978]  eta: 0:00:49    time: 0.0420  data: 0.0000  max mem: 2876
      Evaluation: [ 900/1978]  eta: 0:00:45    time: 0.0421  data: 0.0000  max mem: 2876
      Evaluation: [1000/1978]  eta: 0:00:41    time: 0.0423  data: 0.0000  max mem: 2876
      Evaluation: [1100/1978]  eta: 0:00:36    time: 0.0420  data: 0.0000  max mem: 2876
      Evaluation: [1200/1978]  eta: 0:00:32    time: 0.0422  data: 0.0000  max mem: 2876
      Evaluation: [1300/1978]  eta: 0:00:28    time: 0.0418  data: 0.0000  max mem: 2876
      Evaluation: [1400/1978]  eta: 0:00:24    time: 0.0423  data: 0.0000  max mem: 2876
      Evaluation: [1500/1978]  eta: 0:00:20    time: 0.0422  data: 0.0000  max mem: 2876
      Evaluation: [1600/1978]  eta: 0:00:15    time: 0.0422  data: 0.0000  max mem: 2876
      Evaluation: [1700/1978]  eta: 0:00:11    time: 0.0420  data: 0.0000  max mem: 2876
      Evaluation: [1800/1978]  eta: 0:00:07    time: 0.0420  data: 0.0000  max mem: 2876
      Evaluation: [1900/1978]  eta: 0:00:03    time: 0.0421  data: 0.0000  max mem: 2876
      Evaluation: [1977/1978]  eta: 0:00:00    time: 0.0425  data: 0.0000  max mem: 2876
      Evaluation: Total time: 0:01:23 (0.0421 s / it)
     Computing matching score time 0:01:23
### TTA ITM Score: 
+-------+--------+--------+--------+--------+--------+
| epoch |   R1   |   R5   |  R10   |  mAP   |  mINP  |
+-------+--------+--------+--------+--------+--------+
|  -999 | 69.414 | 95.197 | 97.776 | 81.233 | 81.233 |
|  -999 | 84.277 | 99.039 | 99.596 | 91.276 | 91.276 |
|   0   | 84.884 | 98.837 | 99.444 | 91.515 | 91.515 |
|   1   | 84.580 | 98.635 | 99.444 | 91.330 | 91.330 |
|   2   | 85.339 | 98.787 | 99.393 | 91.675 | 91.675 |
|   3   | 85.187 | 98.635 | 99.393 | 91.606 | 91.606 |
|   4   | 85.187 | 98.635 | 99.393 | 91.605 | 91.605 |
|   5   | 85.137 | 98.635 | 99.393 | 91.601 | 91.601 |
|   6   | 85.187 | 98.635 | 99.292 | 91.609 | 91.609 |
|   7   | 85.035 | 98.635 | 99.343 | 91.536 | 91.536 |
|   8   | 84.985 | 98.584 | 99.292 | 91.495 | 91.495 |
|   9   | 84.985 | 98.584 | 99.292 | 91.501 | 91.501 |
|   10  | 84.985 | 98.635 | 99.292 | 91.483 | 91.483 |
|   11  | 84.884 | 98.584 | 99.343 | 91.451 | 91.451 |
|   12  | 84.985 | 98.635 | 99.343 | 91.502 | 91.502 |
|   13  | 84.985 | 98.635 | 99.343 | 91.495 | 91.495 |
|   14  | 85.086 | 98.635 | 99.343 | 91.554 | 91.554 |
+-------+--------+--------+--------+--------+--------+
     logs:  {'epo': 14, 'R1': np.float32(85.086), 'R5': np.float32(98.635), 'R10': np.float32(99.343), 'mAP': np.float32(91.554), 'mINP': np.float32(91.554), 'lr': 5.3e-05, 'entropy': 0.064786, 'loss': 0.064786}
      TTA Epoch: [15] [  0/123]  eta: 0:00:49  lr: 0.000052  entropy: 0.2084  loss: 0.2084  time: 0.4029  data: 0.3436  max mem: 2876
      TTA Epoch: [15] [100/123]  eta: 0:00:00  lr: 0.000049  entropy: 0.0727  loss: 0.0727  time: 0.0340  data: 0.0001  max mem: 2876
      TTA Epoch: [15] [122/123]  eta: 0:00:00  lr: 0.000048  entropy: 0.0656  loss: 0.0656  time: 0.0314  data: 0.0001  max mem: 2876
      TTA Epoch: [15] Total time: 0:00:04 (0.0372 s / it)
     Averaged stats: lr: 0.0001  entropy: 0.0692  loss: 0.0692
     Computing matching score
      Evaluation: [   0/1978]  eta: 0:01:32    time: 0.0469  data: 0.0037  max mem: 2876
      Evaluation: [ 100/1978]  eta: 0:01:20    time: 0.0427  data: 0.0000  max mem: 2876
      Evaluation: [ 200/1978]  eta: 0:01:15    time: 0.0425  data: 0.0000  max mem: 2876
      Evaluation: [ 300/1978]  eta: 0:01:11    time: 0.0423  data: 0.0000  max mem: 2876
      Evaluation: [ 400/1978]  eta: 0:01:07    time: 0.0424  data: 0.0000  max mem: 2876
      Evaluation: [ 500/1978]  eta: 0:01:02    time: 0.0425  data: 0.0000  max mem: 2876
      Evaluation: [ 600/1978]  eta: 0:00:58    time: 0.0420  data: 0.0000  max mem: 2876
      Evaluation: [ 700/1978]  eta: 0:00:54    time: 0.0425  data: 0.0000  max mem: 2876
      Evaluation: [ 800/1978]  eta: 0:00:49    time: 0.0420  data: 0.0000  max mem: 2876
      Evaluation: [ 900/1978]  eta: 0:00:45    time: 0.0420  data: 0.0000  max mem: 2876
      Evaluation: [1000/1978]  eta: 0:00:41    time: 0.0431  data: 0.0000  max mem: 2876
      Evaluation: [1100/1978]  eta: 0:00:37    time: 0.0426  data: 0.0000  max mem: 2876
      Evaluation: [1200/1978]  eta: 0:00:33    time: 0.0427  data: 0.0000  max mem: 2876
      Evaluation: [1300/1978]  eta: 0:00:28    time: 0.0426  data: 0.0000  max mem: 2876
      Evaluation: [1400/1978]  eta: 0:00:24    time: 0.0433  data: 0.0000  max mem: 2876
      Evaluation: [1500/1978]  eta: 0:00:20    time: 0.0431  data: 0.0000  max mem: 2876
      Evaluation: [1600/1978]  eta: 0:00:16    time: 0.0427  data: 0.0000  max mem: 2876
      Evaluation: [1700/1978]  eta: 0:00:11    time: 0.0433  data: 0.0000  max mem: 2876
      Evaluation: [1800/1978]  eta: 0:00:07    time: 0.0419  data: 0.0000  max mem: 2876
      Evaluation: [1900/1978]  eta: 0:00:03    time: 0.0412  data: 0.0000  max mem: 2876
      Evaluation: [1977/1978]  eta: 0:00:00    time: 0.0414  data: 0.0000  max mem: 2876
      Evaluation: Total time: 0:01:24 (0.0426 s / it)
     Computing matching score time 0:01:24
### TTA ITM Score: 
+-------+--------+--------+--------+--------+--------+
| epoch |   R1   |   R5   |  R10   |  mAP   |  mINP  |
+-------+--------+--------+--------+--------+--------+
|  -999 | 69.414 | 95.197 | 97.776 | 81.233 | 81.233 |
|  -999 | 84.277 | 99.039 | 99.596 | 91.276 | 91.276 |
|   0   | 84.884 | 98.837 | 99.444 | 91.515 | 91.515 |
|   1   | 84.580 | 98.635 | 99.444 | 91.330 | 91.330 |
|   2   | 85.339 | 98.787 | 99.393 | 91.675 | 91.675 |
|   3   | 85.187 | 98.635 | 99.393 | 91.606 | 91.606 |
|   4   | 85.187 | 98.635 | 99.393 | 91.605 | 91.605 |
|   5   | 85.137 | 98.635 | 99.393 | 91.601 | 91.601 |
|   6   | 85.187 | 98.635 | 99.292 | 91.609 | 91.609 |
|   7   | 85.035 | 98.635 | 99.343 | 91.536 | 91.536 |
|   8   | 84.985 | 98.584 | 99.292 | 91.495 | 91.495 |
|   9   | 84.985 | 98.584 | 99.292 | 91.501 | 91.501 |
|   10  | 84.985 | 98.635 | 99.292 | 91.483 | 91.483 |
|   11  | 84.884 | 98.584 | 99.343 | 91.451 | 91.451 |
|   12  | 84.985 | 98.635 | 99.343 | 91.502 | 91.502 |
|   13  | 84.985 | 98.635 | 99.343 | 91.495 | 91.495 |
|   14  | 85.086 | 98.635 | 99.343 | 91.554 | 91.554 |
|   15  | 84.985 | 98.635 | 99.343 | 91.524 | 91.524 |
+-------+--------+--------+--------+--------+--------+
     logs:  {'epo': 15, 'R1': np.float32(84.985), 'R5': np.float32(98.635), 'R10': np.float32(99.343), 'mAP': np.float32(91.524), 'mINP': np.float32(91.524), 'lr': 5e-05, 'entropy': 0.06917, 'loss': 0.06917}
      TTA Epoch: [16] [  0/123]  eta: 0:00:48  lr: 0.000048  entropy: 0.0369  loss: 0.0369  time: 0.3914  data: 0.3355  max mem: 2876
      TTA Epoch: [16] [100/123]  eta: 0:00:00  lr: 0.000046  entropy: 0.0818  loss: 0.0818  time: 0.0326  data: 0.0001  max mem: 2876
      TTA Epoch: [16] [122/123]  eta: 0:00:00  lr: 0.000045  entropy: 0.0139  loss: 0.0139  time: 0.0314  data: 0.0001  max mem: 2876
      TTA Epoch: [16] Total time: 0:00:04 (0.0354 s / it)
     Averaged stats: lr: 0.0000  entropy: 0.0674  loss: 0.0674
     Computing matching score
      Evaluation: [   0/1978]  eta: 0:07:48    time: 0.2370  data: 0.0037  max mem: 2876
      Evaluation: [ 100/1978]  eta: 0:01:22    time: 0.0419  data: 0.0000  max mem: 2876
      Evaluation: [ 200/1978]  eta: 0:01:16    time: 0.0418  data: 0.0000  max mem: 2876
      Evaluation: [ 300/1978]  eta: 0:01:11    time: 0.0426  data: 0.0000  max mem: 2876
      Evaluation: [ 400/1978]  eta: 0:01:07    time: 0.0421  data: 0.0000  max mem: 2876
      Evaluation: [ 500/1978]  eta: 0:01:02    time: 0.0418  data: 0.0000  max mem: 2876
      Evaluation: [ 600/1978]  eta: 0:00:58    time: 0.0418  data: 0.0000  max mem: 2876
      Evaluation: [ 700/1978]  eta: 0:00:54    time: 0.0418  data: 0.0000  max mem: 2876
      Evaluation: [ 800/1978]  eta: 0:00:49    time: 0.0420  data: 0.0000  max mem: 2876
      Evaluation: [ 900/1978]  eta: 0:00:45    time: 0.0425  data: 0.0000  max mem: 2876
      Evaluation: [1000/1978]  eta: 0:00:41    time: 0.0434  data: 0.0000  max mem: 2876
      Evaluation: [1100/1978]  eta: 0:00:37    time: 0.0425  data: 0.0000  max mem: 2876
      Evaluation: [1200/1978]  eta: 0:00:33    time: 0.0428  data: 0.0000  max mem: 2876
      Evaluation: [1300/1978]  eta: 0:00:28    time: 0.0424  data: 0.0000  max mem: 2876
      Evaluation: [1400/1978]  eta: 0:00:24    time: 0.0423  data: 0.0000  max mem: 2876
      Evaluation: [1500/1978]  eta: 0:00:20    time: 0.0431  data: 0.0000  max mem: 2876
      Evaluation: [1600/1978]  eta: 0:00:16    time: 0.0430  data: 0.0000  max mem: 2876
      Evaluation: [1700/1978]  eta: 0:00:11    time: 0.0430  data: 0.0000  max mem: 2876
      Evaluation: [1800/1978]  eta: 0:00:07    time: 0.0430  data: 0.0000  max mem: 2876
      Evaluation: [1900/1978]  eta: 0:00:03    time: 0.0428  data: 0.0000  max mem: 2876
      Evaluation: [1977/1978]  eta: 0:00:00    time: 0.0428  data: 0.0000  max mem: 2876
      Evaluation: Total time: 0:01:24 (0.0426 s / it)
     Computing matching score time 0:01:24
### TTA ITM Score: 
+-------+--------+--------+--------+--------+--------+
| epoch |   R1   |   R5   |  R10   |  mAP   |  mINP  |
+-------+--------+--------+--------+--------+--------+
|  -999 | 69.414 | 95.197 | 97.776 | 81.233 | 81.233 |
|  -999 | 84.277 | 99.039 | 99.596 | 91.276 | 91.276 |
|   0   | 84.884 | 98.837 | 99.444 | 91.515 | 91.515 |
|   1   | 84.580 | 98.635 | 99.444 | 91.330 | 91.330 |
|   2   | 85.339 | 98.787 | 99.393 | 91.675 | 91.675 |
|   3   | 85.187 | 98.635 | 99.393 | 91.606 | 91.606 |
|   4   | 85.187 | 98.635 | 99.393 | 91.605 | 91.605 |
|   5   | 85.137 | 98.635 | 99.393 | 91.601 | 91.601 |
|   6   | 85.187 | 98.635 | 99.292 | 91.609 | 91.609 |
|   7   | 85.035 | 98.635 | 99.343 | 91.536 | 91.536 |
|   8   | 84.985 | 98.584 | 99.292 | 91.495 | 91.495 |
|   9   | 84.985 | 98.584 | 99.292 | 91.501 | 91.501 |
|   10  | 84.985 | 98.635 | 99.292 | 91.483 | 91.483 |
|   11  | 84.884 | 98.584 | 99.343 | 91.451 | 91.451 |
|   12  | 84.985 | 98.635 | 99.343 | 91.502 | 91.502 |
|   13  | 84.985 | 98.635 | 99.343 | 91.495 | 91.495 |
|   14  | 85.086 | 98.635 | 99.343 | 91.554 | 91.554 |
|   15  | 84.985 | 98.635 | 99.343 | 91.524 | 91.524 |
|   16  | 84.934 | 98.635 | 99.343 | 91.493 | 91.493 |
+-------+--------+--------+--------+--------+--------+
     logs:  {'epo': 16, 'R1': np.float32(84.934), 'R5': np.float32(98.635), 'R10': np.float32(99.343), 'mAP': np.float32(91.493), 'mINP': np.float32(91.493), 'lr': 4.7e-05, 'entropy': 0.067436, 'loss': 0.067436}
      TTA Epoch: [17] [  0/123]  eta: 0:00:47  lr: 0.000045  entropy: 0.0181  loss: 0.0181  time: 0.3883  data: 0.3314  max mem: 2876
      TTA Epoch: [17] [100/123]  eta: 0:00:00  lr: 0.000042  entropy: 0.0942  loss: 0.0942  time: 0.0330  data: 0.0001  max mem: 2876
      TTA Epoch: [17] [122/123]  eta: 0:00:00  lr: 0.000042  entropy: 0.0593  loss: 0.0593  time: 0.0317  data: 0.0001  max mem: 2876
      TTA Epoch: [17] Total time: 0:00:04 (0.0362 s / it)
     Averaged stats: lr: 0.0000  entropy: 0.0718  loss: 0.0718
     Computing matching score
      Evaluation: [   0/1978]  eta: 0:01:32    time: 0.0468  data: 0.0038  max mem: 2876
      Evaluation: [ 100/1978]  eta: 0:01:20    time: 0.0432  data: 0.0000  max mem: 2876
      Evaluation: [ 200/1978]  eta: 0:01:16    time: 0.0422  data: 0.0000  max mem: 2876
      Evaluation: [ 300/1978]  eta: 0:01:11    time: 0.0424  data: 0.0000  max mem: 2876
      Evaluation: [ 400/1978]  eta: 0:01:07    time: 0.0424  data: 0.0000  max mem: 2876
      Evaluation: [ 500/1978]  eta: 0:01:02    time: 0.0417  data: 0.0000  max mem: 2876
      Evaluation: [ 600/1978]  eta: 0:00:58    time: 0.0420  data: 0.0000  max mem: 2876
      Evaluation: [ 700/1978]  eta: 0:00:54    time: 0.0422  data: 0.0000  max mem: 2876
      Evaluation: [ 800/1978]  eta: 0:00:50    time: 0.0417  data: 0.0000  max mem: 2876
      Evaluation: [ 900/1978]  eta: 0:00:45    time: 0.0422  data: 0.0000  max mem: 2876
      Evaluation: [1000/1978]  eta: 0:00:41    time: 0.0421  data: 0.0000  max mem: 2876
      Evaluation: [1100/1978]  eta: 0:00:37    time: 0.0422  data: 0.0000  max mem: 2876
      Evaluation: [1200/1978]  eta: 0:00:33    time: 0.0421  data: 0.0000  max mem: 2876
      Evaluation: [1300/1978]  eta: 0:00:28    time: 0.0420  data: 0.0000  max mem: 2876
      Evaluation: [1400/1978]  eta: 0:00:24    time: 0.0418  data: 0.0000  max mem: 2876
      Evaluation: [1500/1978]  eta: 0:00:20    time: 0.0418  data: 0.0000  max mem: 2876
      Evaluation: [1600/1978]  eta: 0:00:15    time: 0.0419  data: 0.0000  max mem: 2876
      Evaluation: [1700/1978]  eta: 0:00:11    time: 0.0418  data: 0.0000  max mem: 2876
      Evaluation: [1800/1978]  eta: 0:00:07    time: 0.0418  data: 0.0000  max mem: 2876
      Evaluation: [1900/1978]  eta: 0:00:03    time: 0.0422  data: 0.0000  max mem: 2876
      Evaluation: [1977/1978]  eta: 0:00:00    time: 0.0425  data: 0.0000  max mem: 2876
      Evaluation: Total time: 0:01:23 (0.0423 s / it)
     Computing matching score time 0:01:23
### TTA ITM Score: 
+-------+--------+--------+--------+--------+--------+
| epoch |   R1   |   R5   |  R10   |  mAP   |  mINP  |
+-------+--------+--------+--------+--------+--------+
|  -999 | 69.414 | 95.197 | 97.776 | 81.233 | 81.233 |
|  -999 | 84.277 | 99.039 | 99.596 | 91.276 | 91.276 |
|   0   | 84.884 | 98.837 | 99.444 | 91.515 | 91.515 |
|   1   | 84.580 | 98.635 | 99.444 | 91.330 | 91.330 |
|   2   | 85.339 | 98.787 | 99.393 | 91.675 | 91.675 |
|   3   | 85.187 | 98.635 | 99.393 | 91.606 | 91.606 |
|   4   | 85.187 | 98.635 | 99.393 | 91.605 | 91.605 |
|   5   | 85.137 | 98.635 | 99.393 | 91.601 | 91.601 |
|   6   | 85.187 | 98.635 | 99.292 | 91.609 | 91.609 |
|   7   | 85.035 | 98.635 | 99.343 | 91.536 | 91.536 |
|   8   | 84.985 | 98.584 | 99.292 | 91.495 | 91.495 |
|   9   | 84.985 | 98.584 | 99.292 | 91.501 | 91.501 |
|   10  | 84.985 | 98.635 | 99.292 | 91.483 | 91.483 |
|   11  | 84.884 | 98.584 | 99.343 | 91.451 | 91.451 |
|   12  | 84.985 | 98.635 | 99.343 | 91.502 | 91.502 |
|   13  | 84.985 | 98.635 | 99.343 | 91.495 | 91.495 |
|   14  | 85.086 | 98.635 | 99.343 | 91.554 | 91.554 |
|   15  | 84.985 | 98.635 | 99.343 | 91.524 | 91.524 |
|   16  | 84.934 | 98.635 | 99.343 | 91.493 | 91.493 |
|   17  | 84.985 | 98.635 | 99.343 | 91.529 | 91.529 |
+-------+--------+--------+--------+--------+--------+
     logs:  {'epo': 17, 'R1': np.float32(84.985), 'R5': np.float32(98.635), 'R10': np.float32(99.343), 'mAP': np.float32(91.529), 'mINP': np.float32(91.529), 'lr': 4.3e-05, 'entropy': 0.071806, 'loss': 0.071806}
      TTA Epoch: [18] [  0/123]  eta: 0:00:48  lr: 0.000042  entropy: 0.0754  loss: 0.0754  time: 0.3946  data: 0.3374  max mem: 2876
      TTA Epoch: [18] [100/123]  eta: 0:00:00  lr: 0.000039  entropy: 0.0508  loss: 0.0508  time: 0.0347  data: 0.0001  max mem: 2876
      TTA Epoch: [18] [122/123]  eta: 0:00:00  lr: 0.000038  entropy: 0.0145  loss: 0.0145  time: 0.0330  data: 0.0001  max mem: 2876
      TTA Epoch: [18] Total time: 0:00:04 (0.0376 s / it)
     Averaged stats: lr: 0.0000  entropy: 0.0663  loss: 0.0663
     Computing matching score
      Evaluation: [   0/1978]  eta: 0:01:33    time: 0.0473  data: 0.0036  max mem: 2876
      Evaluation: [ 100/1978]  eta: 0:01:19    time: 0.0424  data: 0.0000  max mem: 2876
      Evaluation: [ 200/1978]  eta: 0:01:15    time: 0.0420  data: 0.0000  max mem: 2876
      Evaluation: [ 300/1978]  eta: 0:01:10    time: 0.0422  data: 0.0000  max mem: 2876
      Evaluation: [ 400/1978]  eta: 0:01:06    time: 0.0417  data: 0.0000  max mem: 2876
      Evaluation: [ 500/1978]  eta: 0:01:02    time: 0.0418  data: 0.0000  max mem: 2876
      Evaluation: [ 600/1978]  eta: 0:00:57    time: 0.0416  data: 0.0000  max mem: 2876
      Evaluation: [ 700/1978]  eta: 0:00:53    time: 0.0420  data: 0.0000  max mem: 2876
      Evaluation: [ 800/1978]  eta: 0:00:49    time: 0.0427  data: 0.0000  max mem: 2876
      Evaluation: [ 900/1978]  eta: 0:00:45    time: 0.0423  data: 0.0000  max mem: 2876
      Evaluation: [1000/1978]  eta: 0:00:41    time: 0.0420  data: 0.0000  max mem: 2876
      Evaluation: [1100/1978]  eta: 0:00:36    time: 0.0420  data: 0.0000  max mem: 2876
      Evaluation: [1200/1978]  eta: 0:00:32    time: 0.0418  data: 0.0000  max mem: 2876
      Evaluation: [1300/1978]  eta: 0:00:28    time: 0.0417  data: 0.0000  max mem: 2876
      Evaluation: [1400/1978]  eta: 0:00:24    time: 0.0421  data: 0.0000  max mem: 2876
      Evaluation: [1500/1978]  eta: 0:00:20    time: 0.0421  data: 0.0000  max mem: 2876
      Evaluation: [1600/1978]  eta: 0:00:15    time: 0.0419  data: 0.0000  max mem: 2876
      Evaluation: [1700/1978]  eta: 0:00:11    time: 0.0415  data: 0.0000  max mem: 2876
      Evaluation: [1800/1978]  eta: 0:00:07    time: 0.0418  data: 0.0000  max mem: 2876
      Evaluation: [1900/1978]  eta: 0:00:03    time: 0.0419  data: 0.0000  max mem: 2876
      Evaluation: [1977/1978]  eta: 0:00:00    time: 0.0418  data: 0.0000  max mem: 2876
      Evaluation: Total time: 0:01:23 (0.0420 s / it)
     Computing matching score time 0:01:23
### TTA ITM Score: 
+-------+--------+--------+--------+--------+--------+
| epoch |   R1   |   R5   |  R10   |  mAP   |  mINP  |
+-------+--------+--------+--------+--------+--------+
|  -999 | 69.414 | 95.197 | 97.776 | 81.233 | 81.233 |
|  -999 | 84.277 | 99.039 | 99.596 | 91.276 | 91.276 |
|   0   | 84.884 | 98.837 | 99.444 | 91.515 | 91.515 |
|   1   | 84.580 | 98.635 | 99.444 | 91.330 | 91.330 |
|   2   | 85.339 | 98.787 | 99.393 | 91.675 | 91.675 |
|   3   | 85.187 | 98.635 | 99.393 | 91.606 | 91.606 |
|   4   | 85.187 | 98.635 | 99.393 | 91.605 | 91.605 |
|   5   | 85.137 | 98.635 | 99.393 | 91.601 | 91.601 |
|   6   | 85.187 | 98.635 | 99.292 | 91.609 | 91.609 |
|   7   | 85.035 | 98.635 | 99.343 | 91.536 | 91.536 |
|   8   | 84.985 | 98.584 | 99.292 | 91.495 | 91.495 |
|   9   | 84.985 | 98.584 | 99.292 | 91.501 | 91.501 |
|   10  | 84.985 | 98.635 | 99.292 | 91.483 | 91.483 |
|   11  | 84.884 | 98.584 | 99.343 | 91.451 | 91.451 |
|   12  | 84.985 | 98.635 | 99.343 | 91.502 | 91.502 |
|   13  | 84.985 | 98.635 | 99.343 | 91.495 | 91.495 |
|   14  | 85.086 | 98.635 | 99.343 | 91.554 | 91.554 |
|   15  | 84.985 | 98.635 | 99.343 | 91.524 | 91.524 |
|   16  | 84.934 | 98.635 | 99.343 | 91.493 | 91.493 |
|   17  | 84.985 | 98.635 | 99.343 | 91.529 | 91.529 |
|   18  | 84.985 | 98.635 | 99.343 | 91.514 | 91.514 |
+-------+--------+--------+--------+--------+--------+
     logs:  {'epo': 18, 'R1': np.float32(84.985), 'R5': np.float32(98.635), 'R10': np.float32(99.343), 'mAP': np.float32(91.514), 'mINP': np.float32(91.514), 'lr': 4e-05, 'entropy': 0.066323, 'loss': 0.066323}
      TTA Epoch: [19] [  0/123]  eta: 0:00:48  lr: 0.000038  entropy: 0.0540  loss: 0.0540  time: 0.3964  data: 0.3403  max mem: 2876
      TTA Epoch: [19] [100/123]  eta: 0:00:00  lr: 0.000035  entropy: 0.0436  loss: 0.0436  time: 0.0339  data: 0.0001  max mem: 2876
      TTA Epoch: [19] [122/123]  eta: 0:00:00  lr: 0.000035  entropy: 0.0342  loss: 0.0342  time: 0.0323  data: 0.0001  max mem: 2876
      TTA Epoch: [19] Total time: 0:00:04 (0.0367 s / it)
     Averaged stats: lr: 0.0000  entropy: 0.0647  loss: 0.0647
     Computing matching score
      Evaluation: [   0/1978]  eta: 0:01:28    time: 0.0446  data: 0.0025  max mem: 2876
      Evaluation: [ 100/1978]  eta: 0:01:18    time: 0.0415  data: 0.0000  max mem: 2876
      Evaluation: [ 200/1978]  eta: 0:01:14    time: 0.0416  data: 0.0000  max mem: 2876
      Evaluation: [ 300/1978]  eta: 0:01:10    time: 0.0417  data: 0.0000  max mem: 2876
      Evaluation: [ 400/1978]  eta: 0:01:05    time: 0.0416  data: 0.0000  max mem: 2876
      Evaluation: [ 500/1978]  eta: 0:01:01    time: 0.0420  data: 0.0000  max mem: 2876
      Evaluation: [ 600/1978]  eta: 0:00:57    time: 0.0414  data: 0.0000  max mem: 2876
      Evaluation: [ 700/1978]  eta: 0:00:53    time: 0.0414  data: 0.0000  max mem: 2876
      Evaluation: [ 800/1978]  eta: 0:00:49    time: 0.0419  data: 0.0000  max mem: 2876
      Evaluation: [ 900/1978]  eta: 0:00:44    time: 0.0416  data: 0.0000  max mem: 2876
      Evaluation: [1000/1978]  eta: 0:00:40    time: 0.0419  data: 0.0000  max mem: 2876
      Evaluation: [1100/1978]  eta: 0:00:36    time: 0.0418  data: 0.0000  max mem: 2876
      Evaluation: [1200/1978]  eta: 0:00:32    time: 0.0422  data: 0.0000  max mem: 2876
      Evaluation: [1300/1978]  eta: 0:00:28    time: 0.0417  data: 0.0000  max mem: 2876
      Evaluation: [1400/1978]  eta: 0:00:24    time: 0.0415  data: 0.0000  max mem: 2876
      Evaluation: [1500/1978]  eta: 0:00:19    time: 0.0415  data: 0.0000  max mem: 2876
      Evaluation: [1600/1978]  eta: 0:00:15    time: 0.0419  data: 0.0000  max mem: 2876
      Evaluation: [1700/1978]  eta: 0:00:11    time: 0.0421  data: 0.0000  max mem: 2876
      Evaluation: [1800/1978]  eta: 0:00:07    time: 0.0417  data: 0.0000  max mem: 2876
      Evaluation: [1900/1978]  eta: 0:00:03    time: 0.0418  data: 0.0000  max mem: 2876
      Evaluation: [1977/1978]  eta: 0:00:00    time: 0.0414  data: 0.0000  max mem: 2876
      Evaluation: Total time: 0:01:22 (0.0417 s / it)
     Computing matching score time 0:01:22
### TTA ITM Score: 
+-------+--------+--------+--------+--------+--------+
| epoch |   R1   |   R5   |  R10   |  mAP   |  mINP  |
+-------+--------+--------+--------+--------+--------+
|  -999 | 69.414 | 95.197 | 97.776 | 81.233 | 81.233 |
|  -999 | 84.277 | 99.039 | 99.596 | 91.276 | 91.276 |
|   0   | 84.884 | 98.837 | 99.444 | 91.515 | 91.515 |
|   1   | 84.580 | 98.635 | 99.444 | 91.330 | 91.330 |
|   2   | 85.339 | 98.787 | 99.393 | 91.675 | 91.675 |
|   3   | 85.187 | 98.635 | 99.393 | 91.606 | 91.606 |
|   4   | 85.187 | 98.635 | 99.393 | 91.605 | 91.605 |
|   5   | 85.137 | 98.635 | 99.393 | 91.601 | 91.601 |
|   6   | 85.187 | 98.635 | 99.292 | 91.609 | 91.609 |
|   7   | 85.035 | 98.635 | 99.343 | 91.536 | 91.536 |
|   8   | 84.985 | 98.584 | 99.292 | 91.495 | 91.495 |
|   9   | 84.985 | 98.584 | 99.292 | 91.501 | 91.501 |
|   10  | 84.985 | 98.635 | 99.292 | 91.483 | 91.483 |
|   11  | 84.884 | 98.584 | 99.343 | 91.451 | 91.451 |
|   12  | 84.985 | 98.635 | 99.343 | 91.502 | 91.502 |
|   13  | 84.985 | 98.635 | 99.343 | 91.495 | 91.495 |
|   14  | 85.086 | 98.635 | 99.343 | 91.554 | 91.554 |
|   15  | 84.985 | 98.635 | 99.343 | 91.524 | 91.524 |
|   16  | 84.934 | 98.635 | 99.343 | 91.493 | 91.493 |
|   17  | 84.985 | 98.635 | 99.343 | 91.529 | 91.529 |
|   18  | 84.985 | 98.635 | 99.343 | 91.514 | 91.514 |
|   19  | 84.985 | 98.635 | 99.343 | 91.497 | 91.497 |
+-------+--------+--------+--------+--------+--------+
     logs:  {'epo': 19, 'R1': np.float32(84.985), 'R5': np.float32(98.635), 'R10': np.float32(99.343), 'mAP': np.float32(91.497), 'mINP': np.float32(91.497), 'lr': 3.6e-05, 'entropy': 0.064737, 'loss': 0.064737}
      TTA Epoch: [20] [  0/123]  eta: 0:00:48  lr: 0.000035  entropy: 0.1084  loss: 0.1084  time: 0.3941  data: 0.3377  max mem: 2876
      TTA Epoch: [20] [100/123]  eta: 0:00:00  lr: 0.000032  entropy: 0.0725  loss: 0.0725  time: 0.0320  data: 0.0001  max mem: 2876
      TTA Epoch: [20] [122/123]  eta: 0:00:00  lr: 0.000031  entropy: 0.0079  loss: 0.0079  time: 0.0313  data: 0.0001  max mem: 2876
      TTA Epoch: [20] Total time: 0:00:04 (0.0359 s / it)
     Averaged stats: lr: 0.0000  entropy: 0.0655  loss: 0.0655
     Computing matching score
      Evaluation: [   0/1978]  eta: 0:01:38    time: 0.0497  data: 0.0025  max mem: 2876
      Evaluation: [ 100/1978]  eta: 0:01:20    time: 0.0426  data: 0.0000  max mem: 2876
      Evaluation: [ 200/1978]  eta: 0:01:15    time: 0.0421  data: 0.0000  max mem: 2876
      Evaluation: [ 300/1978]  eta: 0:01:11    time: 0.0425  data: 0.0000  max mem: 2876
      Evaluation: [ 400/1978]  eta: 0:01:06    time: 0.0421  data: 0.0000  max mem: 2876
      Evaluation: [ 500/1978]  eta: 0:01:02    time: 0.0423  data: 0.0000  max mem: 2876
      Evaluation: [ 600/1978]  eta: 0:00:58    time: 0.0419  data: 0.0000  max mem: 2876
      Evaluation: [ 700/1978]  eta: 0:00:54    time: 0.0424  data: 0.0000  max mem: 2876
      Evaluation: [ 800/1978]  eta: 0:00:49    time: 0.0419  data: 0.0000  max mem: 2876
      Evaluation: [ 900/1978]  eta: 0:00:45    time: 0.0423  data: 0.0000  max mem: 2876
      Evaluation: [1000/1978]  eta: 0:00:41    time: 0.0423  data: 0.0000  max mem: 2876
      Evaluation: [1100/1978]  eta: 0:00:37    time: 0.0419  data: 0.0000  max mem: 2876
      Evaluation: [1200/1978]  eta: 0:00:32    time: 0.0422  data: 0.0000  max mem: 2876
      Evaluation: [1300/1978]  eta: 0:00:28    time: 0.0422  data: 0.0000  max mem: 2876
      Evaluation: [1400/1978]  eta: 0:00:24    time: 0.0428  data: 0.0000  max mem: 2876
      Evaluation: [1500/1978]  eta: 0:00:20    time: 0.0420  data: 0.0000  max mem: 2876
      Evaluation: [1600/1978]  eta: 0:00:15    time: 0.0424  data: 0.0000  max mem: 2876
      Evaluation: [1700/1978]  eta: 0:00:11    time: 0.0421  data: 0.0000  max mem: 2876
      Evaluation: [1800/1978]  eta: 0:00:07    time: 0.0422  data: 0.0000  max mem: 2876
      Evaluation: [1900/1978]  eta: 0:00:03    time: 0.0424  data: 0.0000  max mem: 2876
      Evaluation: [1977/1978]  eta: 0:00:00    time: 0.0422  data: 0.0000  max mem: 2876
      Evaluation: Total time: 0:01:23 (0.0423 s / it)
     Computing matching score time 0:01:23
### TTA ITM Score: 
+-------+--------+--------+--------+--------+--------+
| epoch |   R1   |   R5   |  R10   |  mAP   |  mINP  |
+-------+--------+--------+--------+--------+--------+
|  -999 | 69.414 | 95.197 | 97.776 | 81.233 | 81.233 |
|  -999 | 84.277 | 99.039 | 99.596 | 91.276 | 91.276 |
|   0   | 84.884 | 98.837 | 99.444 | 91.515 | 91.515 |
|   1   | 84.580 | 98.635 | 99.444 | 91.330 | 91.330 |
|   2   | 85.339 | 98.787 | 99.393 | 91.675 | 91.675 |
|   3   | 85.187 | 98.635 | 99.393 | 91.606 | 91.606 |
|   4   | 85.187 | 98.635 | 99.393 | 91.605 | 91.605 |
|   5   | 85.137 | 98.635 | 99.393 | 91.601 | 91.601 |
|   6   | 85.187 | 98.635 | 99.292 | 91.609 | 91.609 |
|   7   | 85.035 | 98.635 | 99.343 | 91.536 | 91.536 |
|   8   | 84.985 | 98.584 | 99.292 | 91.495 | 91.495 |
|   9   | 84.985 | 98.584 | 99.292 | 91.501 | 91.501 |
|   10  | 84.985 | 98.635 | 99.292 | 91.483 | 91.483 |
|   11  | 84.884 | 98.584 | 99.343 | 91.451 | 91.451 |
|   12  | 84.985 | 98.635 | 99.343 | 91.502 | 91.502 |
|   13  | 84.985 | 98.635 | 99.343 | 91.495 | 91.495 |
|   14  | 85.086 | 98.635 | 99.343 | 91.554 | 91.554 |
|   15  | 84.985 | 98.635 | 99.343 | 91.524 | 91.524 |
|   16  | 84.934 | 98.635 | 99.343 | 91.493 | 91.493 |
|   17  | 84.985 | 98.635 | 99.343 | 91.529 | 91.529 |
|   18  | 84.985 | 98.635 | 99.343 | 91.514 | 91.514 |
|   19  | 84.985 | 98.635 | 99.343 | 91.497 | 91.497 |
|   20  | 84.934 | 98.635 | 99.343 | 91.463 | 91.463 |
+-------+--------+--------+--------+--------+--------+
     logs:  {'epo': 20, 'R1': np.float32(84.934), 'R5': np.float32(98.635), 'R10': np.float32(99.343), 'mAP': np.float32(91.463), 'mINP': np.float32(91.463), 'lr': 3.3e-05, 'entropy': 0.065519, 'loss': 0.065519}
      TTA Epoch: [21] [  0/123]  eta: 0:00:48  lr: 0.000031  entropy: 0.0502  loss: 0.0502  time: 0.3922  data: 0.3358  max mem: 2876
      TTA Epoch: [21] [100/123]  eta: 0:00:00  lr: 0.000029  entropy: 0.0548  loss: 0.0548  time: 0.0339  data: 0.0001  max mem: 2876
      TTA Epoch: [21] [122/123]  eta: 0:00:00  lr: 0.000028  entropy: 0.1616  loss: 0.1616  time: 0.0324  data: 0.0001  max mem: 2876
      TTA Epoch: [21] Total time: 0:00:04 (0.0369 s / it)
     Averaged stats: lr: 0.0000  entropy: 0.0628  loss: 0.0628
     Computing matching score
      Evaluation: [   0/1978]  eta: 0:01:30    time: 0.0457  data: 0.0026  max mem: 2876
      Evaluation: [ 100/1978]  eta: 0:01:19    time: 0.0420  data: 0.0000  max mem: 2876
      Evaluation: [ 200/1978]  eta: 0:01:14    time: 0.0419  data: 0.0000  max mem: 2876
      Evaluation: [ 300/1978]  eta: 0:01:10    time: 0.0420  data: 0.0000  max mem: 2876
      Evaluation: [ 400/1978]  eta: 0:01:06    time: 0.0425  data: 0.0000  max mem: 2876
      Evaluation: [ 500/1978]  eta: 0:01:02    time: 0.0420  data: 0.0000  max mem: 2876
      Evaluation: [ 600/1978]  eta: 0:00:58    time: 0.0421  data: 0.0000  max mem: 2876
      Evaluation: [ 700/1978]  eta: 0:00:53    time: 0.0422  data: 0.0000  max mem: 2876
      Evaluation: [ 800/1978]  eta: 0:00:49    time: 0.0420  data: 0.0000  max mem: 2876
      Evaluation: [ 900/1978]  eta: 0:00:45    time: 0.0421  data: 0.0000  max mem: 2876
      Evaluation: [1000/1978]  eta: 0:00:41    time: 0.0420  data: 0.0000  max mem: 2876
      Evaluation: [1100/1978]  eta: 0:00:37    time: 0.0425  data: 0.0000  max mem: 2876
      Evaluation: [1200/1978]  eta: 0:00:32    time: 0.0421  data: 0.0000  max mem: 2876
      Evaluation: [1300/1978]  eta: 0:00:28    time: 0.0423  data: 0.0000  max mem: 2876
      Evaluation: [1400/1978]  eta: 0:00:24    time: 0.0421  data: 0.0000  max mem: 2876
      Evaluation: [1500/1978]  eta: 0:00:20    time: 0.0427  data: 0.0000  max mem: 2876
      Evaluation: [1600/1978]  eta: 0:00:15    time: 0.0424  data: 0.0000  max mem: 2876
      Evaluation: [1700/1978]  eta: 0:00:11    time: 0.0418  data: 0.0000  max mem: 2876
      Evaluation: [1800/1978]  eta: 0:00:07    time: 0.0421  data: 0.0000  max mem: 2876
      Evaluation: [1900/1978]  eta: 0:00:03    time: 0.0423  data: 0.0000  max mem: 2876
      Evaluation: [1977/1978]  eta: 0:00:00    time: 0.0426  data: 0.0000  max mem: 2876
      Evaluation: Total time: 0:01:23 (0.0422 s / it)
     Computing matching score time 0:01:23
### TTA ITM Score: 
+-------+--------+--------+--------+--------+--------+
| epoch |   R1   |   R5   |  R10   |  mAP   |  mINP  |
+-------+--------+--------+--------+--------+--------+
|  -999 | 69.414 | 95.197 | 97.776 | 81.233 | 81.233 |
|  -999 | 84.277 | 99.039 | 99.596 | 91.276 | 91.276 |
|   0   | 84.884 | 98.837 | 99.444 | 91.515 | 91.515 |
|   1   | 84.580 | 98.635 | 99.444 | 91.330 | 91.330 |
|   2   | 85.339 | 98.787 | 99.393 | 91.675 | 91.675 |
|   3   | 85.187 | 98.635 | 99.393 | 91.606 | 91.606 |
|   4   | 85.187 | 98.635 | 99.393 | 91.605 | 91.605 |
|   5   | 85.137 | 98.635 | 99.393 | 91.601 | 91.601 |
|   6   | 85.187 | 98.635 | 99.292 | 91.609 | 91.609 |
|   7   | 85.035 | 98.635 | 99.343 | 91.536 | 91.536 |
|   8   | 84.985 | 98.584 | 99.292 | 91.495 | 91.495 |
|   9   | 84.985 | 98.584 | 99.292 | 91.501 | 91.501 |
|   10  | 84.985 | 98.635 | 99.292 | 91.483 | 91.483 |
|   11  | 84.884 | 98.584 | 99.343 | 91.451 | 91.451 |
|   12  | 84.985 | 98.635 | 99.343 | 91.502 | 91.502 |
|   13  | 84.985 | 98.635 | 99.343 | 91.495 | 91.495 |
|   14  | 85.086 | 98.635 | 99.343 | 91.554 | 91.554 |
|   15  | 84.985 | 98.635 | 99.343 | 91.524 | 91.524 |
|   16  | 84.934 | 98.635 | 99.343 | 91.493 | 91.493 |
|   17  | 84.985 | 98.635 | 99.343 | 91.529 | 91.529 |
|   18  | 84.985 | 98.635 | 99.343 | 91.514 | 91.514 |
|   19  | 84.985 | 98.635 | 99.343 | 91.497 | 91.497 |
|   20  | 84.934 | 98.635 | 99.343 | 91.463 | 91.463 |
|   21  | 84.884 | 98.635 | 99.292 | 91.439 | 91.439 |
+-------+--------+--------+--------+--------+--------+
     logs:  {'epo': 21, 'R1': np.float32(84.884), 'R5': np.float32(98.635), 'R10': np.float32(99.292), 'mAP': np.float32(91.439), 'mINP': np.float32(91.439), 'lr': 3e-05, 'entropy': 0.062825, 'loss': 0.062825}
      TTA Epoch: [22] [  0/123]  eta: 0:01:01  lr: 0.000028  entropy: 0.0838  loss: 0.0838  time: 0.4961  data: 0.3589  max mem: 2876
      TTA Epoch: [22] [100/123]  eta: 0:00:00  lr: 0.000025  entropy: 0.0132  loss: 0.0132  time: 0.0376  data: 0.0001  max mem: 2876
      TTA Epoch: [22] [122/123]  eta: 0:00:00  lr: 0.000025  entropy: 0.0768  loss: 0.0768  time: 0.0340  data: 0.0001  max mem: 2876
      TTA Epoch: [22] Total time: 0:00:04 (0.0397 s / it)
     Averaged stats: lr: 0.0000  entropy: 0.0655  loss: 0.0655
     Computing matching score
      Evaluation: [   0/1978]  eta: 0:01:45    time: 0.0532  data: 0.0037  max mem: 2876
      Evaluation: [ 100/1978]  eta: 0:01:20    time: 0.0425  data: 0.0000  max mem: 2876
      Evaluation: [ 200/1978]  eta: 0:01:15    time: 0.0421  data: 0.0000  max mem: 2876
      Evaluation: [ 300/1978]  eta: 0:01:11    time: 0.0423  data: 0.0000  max mem: 2876
      Evaluation: [ 400/1978]  eta: 0:01:07    time: 0.0428  data: 0.0000  max mem: 2876
      Evaluation: [ 500/1978]  eta: 0:01:02    time: 0.0424  data: 0.0000  max mem: 2876
      Evaluation: [ 600/1978]  eta: 0:00:58    time: 0.0427  data: 0.0000  max mem: 2876
      Evaluation: [ 700/1978]  eta: 0:00:54    time: 0.0423  data: 0.0000  max mem: 2876
      Evaluation: [ 800/1978]  eta: 0:00:50    time: 0.0425  data: 0.0000  max mem: 2876
      Evaluation: [ 900/1978]  eta: 0:00:45    time: 0.0430  data: 0.0000  max mem: 2876
      Evaluation: [1000/1978]  eta: 0:00:41    time: 0.0424  data: 0.0000  max mem: 2876
      Evaluation: [1100/1978]  eta: 0:00:37    time: 0.0424  data: 0.0000  max mem: 2876
      Evaluation: [1200/1978]  eta: 0:00:33    time: 0.0428  data: 0.0000  max mem: 2876
      Evaluation: [1300/1978]  eta: 0:00:28    time: 0.0424  data: 0.0000  max mem: 2876
      Evaluation: [1400/1978]  eta: 0:00:24    time: 0.0424  data: 0.0000  max mem: 2876
      Evaluation: [1500/1978]  eta: 0:00:20    time: 0.0422  data: 0.0000  max mem: 2876
      Evaluation: [1600/1978]  eta: 0:00:16    time: 0.0422  data: 0.0000  max mem: 2876
      Evaluation: [1700/1978]  eta: 0:00:11    time: 0.0426  data: 0.0000  max mem: 2876
      Evaluation: [1800/1978]  eta: 0:00:07    time: 0.0426  data: 0.0000  max mem: 2876
      Evaluation: [1900/1978]  eta: 0:00:03    time: 0.0426  data: 0.0000  max mem: 2876
      Evaluation: [1977/1978]  eta: 0:00:00    time: 0.0425  data: 0.0000  max mem: 2876
      Evaluation: Total time: 0:01:24 (0.0425 s / it)
     Computing matching score time 0:01:24
### TTA ITM Score: 
+-------+--------+--------+--------+--------+--------+
| epoch |   R1   |   R5   |  R10   |  mAP   |  mINP  |
+-------+--------+--------+--------+--------+--------+
|  -999 | 69.414 | 95.197 | 97.776 | 81.233 | 81.233 |
|  -999 | 84.277 | 99.039 | 99.596 | 91.276 | 91.276 |
|   0   | 84.884 | 98.837 | 99.444 | 91.515 | 91.515 |
|   1   | 84.580 | 98.635 | 99.444 | 91.330 | 91.330 |
|   2   | 85.339 | 98.787 | 99.393 | 91.675 | 91.675 |
|   3   | 85.187 | 98.635 | 99.393 | 91.606 | 91.606 |
|   4   | 85.187 | 98.635 | 99.393 | 91.605 | 91.605 |
|   5   | 85.137 | 98.635 | 99.393 | 91.601 | 91.601 |
|   6   | 85.187 | 98.635 | 99.292 | 91.609 | 91.609 |
|   7   | 85.035 | 98.635 | 99.343 | 91.536 | 91.536 |
|   8   | 84.985 | 98.584 | 99.292 | 91.495 | 91.495 |
|   9   | 84.985 | 98.584 | 99.292 | 91.501 | 91.501 |
|   10  | 84.985 | 98.635 | 99.292 | 91.483 | 91.483 |
|   11  | 84.884 | 98.584 | 99.343 | 91.451 | 91.451 |
|   12  | 84.985 | 98.635 | 99.343 | 91.502 | 91.502 |
|   13  | 84.985 | 98.635 | 99.343 | 91.495 | 91.495 |
|   14  | 85.086 | 98.635 | 99.343 | 91.554 | 91.554 |
|   15  | 84.985 | 98.635 | 99.343 | 91.524 | 91.524 |
|   16  | 84.934 | 98.635 | 99.343 | 91.493 | 91.493 |
|   17  | 84.985 | 98.635 | 99.343 | 91.529 | 91.529 |
|   18  | 84.985 | 98.635 | 99.343 | 91.514 | 91.514 |
|   19  | 84.985 | 98.635 | 99.343 | 91.497 | 91.497 |
|   20  | 84.934 | 98.635 | 99.343 | 91.463 | 91.463 |
|   21  | 84.884 | 98.635 | 99.292 | 91.439 | 91.439 |
|   22  | 84.985 | 98.635 | 99.343 | 91.481 | 91.481 |
+-------+--------+--------+--------+--------+--------+
     logs:  {'epo': 22, 'R1': np.float32(84.985), 'R5': np.float32(98.635), 'R10': np.float32(99.343), 'mAP': np.float32(91.481), 'mINP': np.float32(91.481), 'lr': 2.6e-05, 'entropy': 0.065453, 'loss': 0.065453}
      TTA Epoch: [23] [  0/123]  eta: 0:00:57  lr: 0.000025  entropy: 0.0602  loss: 0.0602  time: 0.4636  data: 0.4061  max mem: 2876
      TTA Epoch: [23] [100/123]  eta: 0:00:00  lr: 0.000022  entropy: 0.1629  loss: 0.1629  time: 0.0377  data: 0.0001  max mem: 2876
      TTA Epoch: [23] [122/123]  eta: 0:00:00  lr: 0.000021  entropy: 0.0653  loss: 0.0653  time: 0.0352  data: 0.0001  max mem: 2876
      TTA Epoch: [23] Total time: 0:00:04 (0.0405 s / it)
     Averaged stats: lr: 0.0000  entropy: 0.0663  loss: 0.0663
     Computing matching score
      Evaluation: [   0/1978]  eta: 0:01:39    time: 0.0504  data: 0.0037  max mem: 2876
      Evaluation: [ 100/1978]  eta: 0:01:20    time: 0.0428  data: 0.0000  max mem: 2876
      Evaluation: [ 200/1978]  eta: 0:01:15    time: 0.0422  data: 0.0000  max mem: 2876
      Evaluation: [ 300/1978]  eta: 0:01:11    time: 0.0423  data: 0.0000  max mem: 2876
      Evaluation: [ 400/1978]  eta: 0:01:07    time: 0.0423  data: 0.0000  max mem: 2876
      Evaluation: [ 500/1978]  eta: 0:01:02    time: 0.0420  data: 0.0000  max mem: 2876
      Evaluation: [ 600/1978]  eta: 0:00:58    time: 0.0423  data: 0.0000  max mem: 2876
      Evaluation: [ 700/1978]  eta: 0:00:54    time: 0.0427  data: 0.0000  max mem: 2876
      Evaluation: [ 800/1978]  eta: 0:00:50    time: 0.0425  data: 0.0000  max mem: 2876
      Evaluation: [ 900/1978]  eta: 0:00:45    time: 0.0422  data: 0.0000  max mem: 2876
      Evaluation: [1000/1978]  eta: 0:00:41    time: 0.0422  data: 0.0000  max mem: 2876
      Evaluation: [1100/1978]  eta: 0:00:37    time: 0.0420  data: 0.0000  max mem: 2876
      Evaluation: [1200/1978]  eta: 0:00:32    time: 0.0422  data: 0.0000  max mem: 2876
      Evaluation: [1300/1978]  eta: 0:00:28    time: 0.0421  data: 0.0000  max mem: 2876
      Evaluation: [1400/1978]  eta: 0:00:24    time: 0.0422  data: 0.0000  max mem: 2876
      Evaluation: [1500/1978]  eta: 0:00:20    time: 0.0421  data: 0.0000  max mem: 2876
      Evaluation: [1600/1978]  eta: 0:00:16    time: 0.0422  data: 0.0000  max mem: 2876
      Evaluation: [1700/1978]  eta: 0:00:11    time: 0.0424  data: 0.0000  max mem: 2876
      Evaluation: [1800/1978]  eta: 0:00:07    time: 0.0420  data: 0.0000  max mem: 2876
      Evaluation: [1900/1978]  eta: 0:00:03    time: 0.0421  data: 0.0000  max mem: 2876
      Evaluation: [1977/1978]  eta: 0:00:00    time: 0.0420  data: 0.0000  max mem: 2876
      Evaluation: Total time: 0:01:23 (0.0424 s / it)
     Computing matching score time 0:01:24
### TTA ITM Score: 
+-------+--------+--------+--------+--------+--------+
| epoch |   R1   |   R5   |  R10   |  mAP   |  mINP  |
+-------+--------+--------+--------+--------+--------+
|  -999 | 69.414 | 95.197 | 97.776 | 81.233 | 81.233 |
|  -999 | 84.277 | 99.039 | 99.596 | 91.276 | 91.276 |
|   0   | 84.884 | 98.837 | 99.444 | 91.515 | 91.515 |
|   1   | 84.580 | 98.635 | 99.444 | 91.330 | 91.330 |
|   2   | 85.339 | 98.787 | 99.393 | 91.675 | 91.675 |
|   3   | 85.187 | 98.635 | 99.393 | 91.606 | 91.606 |
|   4   | 85.187 | 98.635 | 99.393 | 91.605 | 91.605 |
|   5   | 85.137 | 98.635 | 99.393 | 91.601 | 91.601 |
|   6   | 85.187 | 98.635 | 99.292 | 91.609 | 91.609 |
|   7   | 85.035 | 98.635 | 99.343 | 91.536 | 91.536 |
|   8   | 84.985 | 98.584 | 99.292 | 91.495 | 91.495 |
|   9   | 84.985 | 98.584 | 99.292 | 91.501 | 91.501 |
|   10  | 84.985 | 98.635 | 99.292 | 91.483 | 91.483 |
|   11  | 84.884 | 98.584 | 99.343 | 91.451 | 91.451 |
|   12  | 84.985 | 98.635 | 99.343 | 91.502 | 91.502 |
|   13  | 84.985 | 98.635 | 99.343 | 91.495 | 91.495 |
|   14  | 85.086 | 98.635 | 99.343 | 91.554 | 91.554 |
|   15  | 84.985 | 98.635 | 99.343 | 91.524 | 91.524 |
|   16  | 84.934 | 98.635 | 99.343 | 91.493 | 91.493 |
|   17  | 84.985 | 98.635 | 99.343 | 91.529 | 91.529 |
|   18  | 84.985 | 98.635 | 99.343 | 91.514 | 91.514 |
|   19  | 84.985 | 98.635 | 99.343 | 91.497 | 91.497 |
|   20  | 84.934 | 98.635 | 99.343 | 91.463 | 91.463 |
|   21  | 84.884 | 98.635 | 99.292 | 91.439 | 91.439 |
|   22  | 84.985 | 98.635 | 99.343 | 91.481 | 91.481 |
|   23  | 84.985 | 98.635 | 99.292 | 91.481 | 91.481 |
+-------+--------+--------+--------+--------+--------+
     logs:  {'epo': 23, 'R1': np.float32(84.985), 'R5': np.float32(98.635), 'R10': np.float32(99.292), 'mAP': np.float32(91.481), 'mINP': np.float32(91.481), 'lr': 2.3e-05, 'entropy': 0.066326, 'loss': 0.066326}
      TTA Epoch: [24] [  0/123]  eta: 0:00:51  lr: 0.000021  entropy: 0.0449  loss: 0.0449  time: 0.4179  data: 0.3607  max mem: 2876
      TTA Epoch: [24] [100/123]  eta: 0:00:00  lr: 0.000018  entropy: 0.0557  loss: 0.0557  time: 0.0359  data: 0.0001  max mem: 2876
      TTA Epoch: [24] [122/123]  eta: 0:00:00  lr: 0.000018  entropy: 0.0058  loss: 0.0058  time: 0.0350  data: 0.0001  max mem: 2876
      TTA Epoch: [24] Total time: 0:00:04 (0.0383 s / it)
     Averaged stats: lr: 0.0000  entropy: 0.0627  loss: 0.0627
     Computing matching score
      Evaluation: [   0/1978]  eta: 0:01:39    time: 0.0504  data: 0.0026  max mem: 2876
      Evaluation: [ 100/1978]  eta: 0:01:20    time: 0.0421  data: 0.0000  max mem: 2876
      Evaluation: [ 200/1978]  eta: 0:01:15    time: 0.0420  data: 0.0000  max mem: 2876
      Evaluation: [ 300/1978]  eta: 0:01:11    time: 0.0419  data: 0.0000  max mem: 2876
      Evaluation: [ 400/1978]  eta: 0:01:06    time: 0.0438  data: 0.0000  max mem: 2876
      Evaluation: [ 500/1978]  eta: 0:01:02    time: 0.0419  data: 0.0000  max mem: 2876
      Evaluation: [ 600/1978]  eta: 0:00:58    time: 0.0422  data: 0.0000  max mem: 2876
      Evaluation: [ 700/1978]  eta: 0:00:54    time: 0.0450  data: 0.0000  max mem: 2876
      Evaluation: [ 800/1978]  eta: 0:00:49    time: 0.0417  data: 0.0000  max mem: 2876
      Evaluation: [ 900/1978]  eta: 0:00:45    time: 0.0420  data: 0.0000  max mem: 2876
      Evaluation: [1000/1978]  eta: 0:00:41    time: 0.0454  data: 0.0000  max mem: 2876
      Evaluation: [1100/1978]  eta: 0:00:37    time: 0.0417  data: 0.0000  max mem: 2876
      Evaluation: [1200/1978]  eta: 0:00:32    time: 0.0420  data: 0.0000  max mem: 2876
      Evaluation: [1300/1978]  eta: 0:00:28    time: 0.0448  data: 0.0000  max mem: 2876
      Evaluation: [1400/1978]  eta: 0:00:24    time: 0.0421  data: 0.0000  max mem: 2876
      Evaluation: [1500/1978]  eta: 0:00:20    time: 0.0422  data: 0.0000  max mem: 2876
      Evaluation: [1600/1978]  eta: 0:00:16    time: 0.0445  data: 0.0000  max mem: 2876
      Evaluation: [1700/1978]  eta: 0:00:11    time: 0.0418  data: 0.0000  max mem: 2876
      Evaluation: [1800/1978]  eta: 0:00:07    time: 0.0417  data: 0.0000  max mem: 2876
      Evaluation: [1900/1978]  eta: 0:00:03    time: 0.0422  data: 0.0000  max mem: 2876
      Evaluation: [1977/1978]  eta: 0:00:00    time: 0.0420  data: 0.0000  max mem: 2876
      Evaluation: Total time: 0:01:23 (0.0424 s / it)
     Computing matching score time 0:01:24
### TTA ITM Score: 
+-------+--------+--------+--------+--------+--------+
| epoch |   R1   |   R5   |  R10   |  mAP   |  mINP  |
+-------+--------+--------+--------+--------+--------+
|  -999 | 69.414 | 95.197 | 97.776 | 81.233 | 81.233 |
|  -999 | 84.277 | 99.039 | 99.596 | 91.276 | 91.276 |
|   0   | 84.884 | 98.837 | 99.444 | 91.515 | 91.515 |
|   1   | 84.580 | 98.635 | 99.444 | 91.330 | 91.330 |
|   2   | 85.339 | 98.787 | 99.393 | 91.675 | 91.675 |
|   3   | 85.187 | 98.635 | 99.393 | 91.606 | 91.606 |
|   4   | 85.187 | 98.635 | 99.393 | 91.605 | 91.605 |
|   5   | 85.137 | 98.635 | 99.393 | 91.601 | 91.601 |
|   6   | 85.187 | 98.635 | 99.292 | 91.609 | 91.609 |
|   7   | 85.035 | 98.635 | 99.343 | 91.536 | 91.536 |
|   8   | 84.985 | 98.584 | 99.292 | 91.495 | 91.495 |
|   9   | 84.985 | 98.584 | 99.292 | 91.501 | 91.501 |
|   10  | 84.985 | 98.635 | 99.292 | 91.483 | 91.483 |
|   11  | 84.884 | 98.584 | 99.343 | 91.451 | 91.451 |
|   12  | 84.985 | 98.635 | 99.343 | 91.502 | 91.502 |
|   13  | 84.985 | 98.635 | 99.343 | 91.495 | 91.495 |
|   14  | 85.086 | 98.635 | 99.343 | 91.554 | 91.554 |
|   15  | 84.985 | 98.635 | 99.343 | 91.524 | 91.524 |
|   16  | 84.934 | 98.635 | 99.343 | 91.493 | 91.493 |
|   17  | 84.985 | 98.635 | 99.343 | 91.529 | 91.529 |
|   18  | 84.985 | 98.635 | 99.343 | 91.514 | 91.514 |
|   19  | 84.985 | 98.635 | 99.343 | 91.497 | 91.497 |
|   20  | 84.934 | 98.635 | 99.343 | 91.463 | 91.463 |
|   21  | 84.884 | 98.635 | 99.292 | 91.439 | 91.439 |
|   22  | 84.985 | 98.635 | 99.343 | 91.481 | 91.481 |
|   23  | 84.985 | 98.635 | 99.292 | 91.481 | 91.481 |
|   24  | 84.985 | 98.635 | 99.292 | 91.472 | 91.472 |
+-------+--------+--------+--------+--------+--------+
     logs:  {'epo': 24, 'R1': np.float32(84.985), 'R5': np.float32(98.635), 'R10': np.float32(99.292), 'mAP': np.float32(91.472), 'mINP': np.float32(91.472), 'lr': 2e-05, 'entropy': 0.062698, 'loss': 0.062698}
      TTA Epoch: [25] [  0/123]  eta: 0:00:47  lr: 0.000018  entropy: 0.0576  loss: 0.0576  time: 0.3854  data: 0.3285  max mem: 2876
      TTA Epoch: [25] [100/123]  eta: 0:00:00  lr: 0.000015  entropy: 0.0881  loss: 0.0881  time: 0.0351  data: 0.0001  max mem: 2876
      TTA Epoch: [25] [122/123]  eta: 0:00:00  lr: 0.000014  entropy: 0.0023  loss: 0.0023  time: 0.0324  data: 0.0001  max mem: 2876
      TTA Epoch: [25] Total time: 0:00:04 (0.0387 s / it)
     Averaged stats: lr: 0.0000  entropy: 0.0587  loss: 0.0587
     Computing matching score
      Evaluation: [   0/1978]  eta: 0:01:33    time: 0.0474  data: 0.0036  max mem: 2876
      Evaluation: [ 100/1978]  eta: 0:01:19    time: 0.0424  data: 0.0000  max mem: 2876
      Evaluation: [ 200/1978]  eta: 0:01:15    time: 0.0418  data: 0.0000  max mem: 2876
      Evaluation: [ 300/1978]  eta: 0:01:11    time: 0.0423  data: 0.0000  max mem: 2876
      Evaluation: [ 400/1978]  eta: 0:01:06    time: 0.0425  data: 0.0000  max mem: 2876
      Evaluation: [ 500/1978]  eta: 0:01:02    time: 0.0418  data: 0.0000  max mem: 2876
      Evaluation: [ 600/1978]  eta: 0:00:58    time: 0.0421  data: 0.0000  max mem: 2876
      Evaluation: [ 700/1978]  eta: 0:00:54    time: 0.0420  data: 0.0000  max mem: 2876
      Evaluation: [ 800/1978]  eta: 0:00:50    time: 0.0419  data: 0.0000  max mem: 2876
      Evaluation: [ 900/1978]  eta: 0:00:45    time: 0.0418  data: 0.0000  max mem: 2876
      Evaluation: [1000/1978]  eta: 0:00:41    time: 0.0419  data: 0.0000  max mem: 2876
      Evaluation: [1100/1978]  eta: 0:00:37    time: 0.0425  data: 0.0000  max mem: 2876
      Evaluation: [1200/1978]  eta: 0:00:33    time: 0.0424  data: 0.0000  max mem: 2876
      Evaluation: [1300/1978]  eta: 0:00:28    time: 0.0421  data: 0.0000  max mem: 2876
      Evaluation: [1400/1978]  eta: 0:00:24    time: 0.0417  data: 0.0000  max mem: 2876
      Evaluation: [1500/1978]  eta: 0:00:20    time: 0.0419  data: 0.0000  max mem: 2876
      Evaluation: [1600/1978]  eta: 0:00:16    time: 0.0421  data: 0.0000  max mem: 2876
      Evaluation: [1700/1978]  eta: 0:00:11    time: 0.0418  data: 0.0000  max mem: 2876
      Evaluation: [1800/1978]  eta: 0:00:07    time: 0.0444  data: 0.0000  max mem: 2876
      Evaluation: [1900/1978]  eta: 0:00:03    time: 0.0419  data: 0.0000  max mem: 2876
      Evaluation: [1977/1978]  eta: 0:00:00    time: 0.0423  data: 0.0000  max mem: 2876
      Evaluation: Total time: 0:01:23 (0.0425 s / it)
     Computing matching score time 0:01:24
### TTA ITM Score: 
+-------+--------+--------+--------+--------+--------+
| epoch |   R1   |   R5   |  R10   |  mAP   |  mINP  |
+-------+--------+--------+--------+--------+--------+
|  -999 | 69.414 | 95.197 | 97.776 | 81.233 | 81.233 |
|  -999 | 84.277 | 99.039 | 99.596 | 91.276 | 91.276 |
|   0   | 84.884 | 98.837 | 99.444 | 91.515 | 91.515 |
|   1   | 84.580 | 98.635 | 99.444 | 91.330 | 91.330 |
|   2   | 85.339 | 98.787 | 99.393 | 91.675 | 91.675 |
|   3   | 85.187 | 98.635 | 99.393 | 91.606 | 91.606 |
|   4   | 85.187 | 98.635 | 99.393 | 91.605 | 91.605 |
|   5   | 85.137 | 98.635 | 99.393 | 91.601 | 91.601 |
|   6   | 85.187 | 98.635 | 99.292 | 91.609 | 91.609 |
|   7   | 85.035 | 98.635 | 99.343 | 91.536 | 91.536 |
|   8   | 84.985 | 98.584 | 99.292 | 91.495 | 91.495 |
|   9   | 84.985 | 98.584 | 99.292 | 91.501 | 91.501 |
|   10  | 84.985 | 98.635 | 99.292 | 91.483 | 91.483 |
|   11  | 84.884 | 98.584 | 99.343 | 91.451 | 91.451 |
|   12  | 84.985 | 98.635 | 99.343 | 91.502 | 91.502 |
|   13  | 84.985 | 98.635 | 99.343 | 91.495 | 91.495 |
|   14  | 85.086 | 98.635 | 99.343 | 91.554 | 91.554 |
|   15  | 84.985 | 98.635 | 99.343 | 91.524 | 91.524 |
|   16  | 84.934 | 98.635 | 99.343 | 91.493 | 91.493 |
|   17  | 84.985 | 98.635 | 99.343 | 91.529 | 91.529 |
|   18  | 84.985 | 98.635 | 99.343 | 91.514 | 91.514 |
|   19  | 84.985 | 98.635 | 99.343 | 91.497 | 91.497 |
|   20  | 84.934 | 98.635 | 99.343 | 91.463 | 91.463 |
|   21  | 84.884 | 98.635 | 99.292 | 91.439 | 91.439 |
|   22  | 84.985 | 98.635 | 99.343 | 91.481 | 91.481 |
|   23  | 84.985 | 98.635 | 99.292 | 91.481 | 91.481 |
|   24  | 84.985 | 98.635 | 99.292 | 91.472 | 91.472 |
|   25  | 85.035 | 98.635 | 99.343 | 91.498 | 91.498 |
+-------+--------+--------+--------+--------+--------+
     logs:  {'epo': 25, 'R1': np.float32(85.035), 'R5': np.float32(98.635), 'R10': np.float32(99.343), 'mAP': np.float32(91.498), 'mINP': np.float32(91.498), 'lr': 1.6e-05, 'entropy': 0.058695, 'loss': 0.058695}
      TTA Epoch: [26] [  0/123]  eta: 0:00:47  lr: 0.000014  entropy: 0.0622  loss: 0.0622  time: 0.3849  data: 0.3279  max mem: 2876
      TTA Epoch: [26] [100/123]  eta: 0:00:00  lr: 0.000012  entropy: 0.0333  loss: 0.0333  time: 0.0353  data: 0.0001  max mem: 2876
      TTA Epoch: [26] [122/123]  eta: 0:00:00  lr: 0.000011  entropy: 0.0095  loss: 0.0095  time: 0.0334  data: 0.0001  max mem: 2876
      TTA Epoch: [26] Total time: 0:00:04 (0.0388 s / it)
     Averaged stats: lr: 0.0000  entropy: 0.0638  loss: 0.0638
     Computing matching score
      Evaluation: [   0/1978]  eta: 0:01:28    time: 0.0449  data: 0.0025  max mem: 2876
      Evaluation: [ 100/1978]  eta: 0:01:17    time: 0.0414  data: 0.0000  max mem: 2876
      Evaluation: [ 200/1978]  eta: 0:01:14    time: 0.0414  data: 0.0000  max mem: 2876
      Evaluation: [ 300/1978]  eta: 0:01:10    time: 0.0437  data: 0.0000  max mem: 2876
      Evaluation: [ 400/1978]  eta: 0:01:05    time: 0.0415  data: 0.0000  max mem: 2876
      Evaluation: [ 500/1978]  eta: 0:01:01    time: 0.0418  data: 0.0000  max mem: 2876
      Evaluation: [ 600/1978]  eta: 0:00:57    time: 0.0451  data: 0.0000  max mem: 2876
      Evaluation: [ 700/1978]  eta: 0:00:53    time: 0.0415  data: 0.0000  max mem: 2876
      Evaluation: [ 800/1978]  eta: 0:00:49    time: 0.0419  data: 0.0000  max mem: 2876
      Evaluation: [ 900/1978]  eta: 0:00:45    time: 0.0422  data: 0.0000  max mem: 2876
      Evaluation: [1000/1978]  eta: 0:00:41    time: 0.0416  data: 0.0000  max mem: 2876
      Evaluation: [1100/1978]  eta: 0:00:36    time: 0.0419  data: 0.0000  max mem: 2876
      Evaluation: [1200/1978]  eta: 0:00:32    time: 0.0419  data: 0.0000  max mem: 2876
      Evaluation: [1300/1978]  eta: 0:00:28    time: 0.0414  data: 0.0000  max mem: 2876
      Evaluation: [1400/1978]  eta: 0:00:24    time: 0.0418  data: 0.0000  max mem: 2876
      Evaluation: [1500/1978]  eta: 0:00:20    time: 0.0420  data: 0.0000  max mem: 2876
      Evaluation: [1600/1978]  eta: 0:00:15    time: 0.0415  data: 0.0000  max mem: 2876
      Evaluation: [1700/1978]  eta: 0:00:11    time: 0.0414  data: 0.0000  max mem: 2876
      Evaluation: [1800/1978]  eta: 0:00:07    time: 0.0414  data: 0.0000  max mem: 2876
      Evaluation: [1900/1978]  eta: 0:00:03    time: 0.0417  data: 0.0000  max mem: 2876
      Evaluation: [1977/1978]  eta: 0:00:00    time: 0.0447  data: 0.0000  max mem: 2876
      Evaluation: Total time: 0:01:23 (0.0421 s / it)
     Computing matching score time 0:01:23
### TTA ITM Score: 
+-------+--------+--------+--------+--------+--------+
| epoch |   R1   |   R5   |  R10   |  mAP   |  mINP  |
+-------+--------+--------+--------+--------+--------+
|  -999 | 69.414 | 95.197 | 97.776 | 81.233 | 81.233 |
|  -999 | 84.277 | 99.039 | 99.596 | 91.276 | 91.276 |
|   0   | 84.884 | 98.837 | 99.444 | 91.515 | 91.515 |
|   1   | 84.580 | 98.635 | 99.444 | 91.330 | 91.330 |
|   2   | 85.339 | 98.787 | 99.393 | 91.675 | 91.675 |
|   3   | 85.187 | 98.635 | 99.393 | 91.606 | 91.606 |
|   4   | 85.187 | 98.635 | 99.393 | 91.605 | 91.605 |
|   5   | 85.137 | 98.635 | 99.393 | 91.601 | 91.601 |
|   6   | 85.187 | 98.635 | 99.292 | 91.609 | 91.609 |
|   7   | 85.035 | 98.635 | 99.343 | 91.536 | 91.536 |
|   8   | 84.985 | 98.584 | 99.292 | 91.495 | 91.495 |
|   9   | 84.985 | 98.584 | 99.292 | 91.501 | 91.501 |
|   10  | 84.985 | 98.635 | 99.292 | 91.483 | 91.483 |
|   11  | 84.884 | 98.584 | 99.343 | 91.451 | 91.451 |
|   12  | 84.985 | 98.635 | 99.343 | 91.502 | 91.502 |
|   13  | 84.985 | 98.635 | 99.343 | 91.495 | 91.495 |
|   14  | 85.086 | 98.635 | 99.343 | 91.554 | 91.554 |
|   15  | 84.985 | 98.635 | 99.343 | 91.524 | 91.524 |
|   16  | 84.934 | 98.635 | 99.343 | 91.493 | 91.493 |
|   17  | 84.985 | 98.635 | 99.343 | 91.529 | 91.529 |
|   18  | 84.985 | 98.635 | 99.343 | 91.514 | 91.514 |
|   19  | 84.985 | 98.635 | 99.343 | 91.497 | 91.497 |
|   20  | 84.934 | 98.635 | 99.343 | 91.463 | 91.463 |
|   21  | 84.884 | 98.635 | 99.292 | 91.439 | 91.439 |
|   22  | 84.985 | 98.635 | 99.343 | 91.481 | 91.481 |
|   23  | 84.985 | 98.635 | 99.292 | 91.481 | 91.481 |
|   24  | 84.985 | 98.635 | 99.292 | 91.472 | 91.472 |
|   25  | 85.035 | 98.635 | 99.343 | 91.498 | 91.498 |
|   26  | 84.985 | 98.635 | 99.343 | 91.473 | 91.473 |
+-------+--------+--------+--------+--------+--------+
     logs:  {'epo': 26, 'R1': np.float32(84.985), 'R5': np.float32(98.635), 'R10': np.float32(99.343), 'mAP': np.float32(91.473), 'mINP': np.float32(91.473), 'lr': 1.3e-05, 'entropy': 0.063842, 'loss': 0.063842}
      TTA Epoch: [27] [  0/123]  eta: 0:00:49  lr: 0.000011  entropy: 0.0162  loss: 0.0162  time: 0.4007  data: 0.3346  max mem: 2876
      TTA Epoch: [27] [100/123]  eta: 0:00:00  lr: 0.000008  entropy: 0.0181  loss: 0.0181  time: 0.0324  data: 0.0001  max mem: 2876
      TTA Epoch: [27] [122/123]  eta: 0:00:00  lr: 0.000008  entropy: 0.1524  loss: 0.1524  time: 0.0310  data: 0.0001  max mem: 2876
      TTA Epoch: [27] Total time: 0:00:04 (0.0363 s / it)
     Averaged stats: lr: 0.0000  entropy: 0.0661  loss: 0.0661
     Computing matching score
      Evaluation: [   0/1978]  eta: 0:01:27    time: 0.0442  data: 0.0024  max mem: 2876
      Evaluation: [ 100/1978]  eta: 0:01:20    time: 0.0423  data: 0.0000  max mem: 2876
      Evaluation: [ 200/1978]  eta: 0:01:16    time: 0.0445  data: 0.0000  max mem: 2876
      Evaluation: [ 300/1978]  eta: 0:01:11    time: 0.0421  data: 0.0000  max mem: 2876
      Evaluation: [ 400/1978]  eta: 0:01:07    time: 0.0421  data: 0.0000  max mem: 2876
      Evaluation: [ 500/1978]  eta: 0:01:03    time: 0.0449  data: 0.0000  max mem: 2876
      Evaluation: [ 600/1978]  eta: 0:00:58    time: 0.0418  data: 0.0000  max mem: 2876
      Evaluation: [ 700/1978]  eta: 0:00:54    time: 0.0420  data: 0.0000  max mem: 2876
      Evaluation: [ 800/1978]  eta: 0:00:50    time: 0.0448  data: 0.0000  max mem: 2876
      Evaluation: [ 900/1978]  eta: 0:00:45    time: 0.0415  data: 0.0000  max mem: 2876
      Evaluation: [1000/1978]  eta: 0:00:41    time: 0.0418  data: 0.0000  max mem: 2876
      Evaluation: [1100/1978]  eta: 0:00:37    time: 0.0441  data: 0.0000  max mem: 2876
      Evaluation: [1200/1978]  eta: 0:00:32    time: 0.0415  data: 0.0000  max mem: 2876
      Evaluation: [1300/1978]  eta: 0:00:28    time: 0.0417  data: 0.0000  max mem: 2876
      Evaluation: [1400/1978]  eta: 0:00:24    time: 0.0419  data: 0.0000  max mem: 2876
      Evaluation: [1500/1978]  eta: 0:00:20    time: 0.0416  data: 0.0000  max mem: 2876
      Evaluation: [1600/1978]  eta: 0:00:15    time: 0.0420  data: 0.0000  max mem: 2876
      Evaluation: [1700/1978]  eta: 0:00:11    time: 0.0420  data: 0.0000  max mem: 2876
      Evaluation: [1800/1978]  eta: 0:00:07    time: 0.0421  data: 0.0000  max mem: 2876
      Evaluation: [1900/1978]  eta: 0:00:03    time: 0.0420  data: 0.0000  max mem: 2876
      Evaluation: [1977/1978]  eta: 0:00:00    time: 0.0416  data: 0.0000  max mem: 2876
      Evaluation: Total time: 0:01:23 (0.0423 s / it)
     Computing matching score time 0:01:23
### TTA ITM Score: 
+-------+--------+--------+--------+--------+--------+
| epoch |   R1   |   R5   |  R10   |  mAP   |  mINP  |
+-------+--------+--------+--------+--------+--------+
|  -999 | 69.414 | 95.197 | 97.776 | 81.233 | 81.233 |
|  -999 | 84.277 | 99.039 | 99.596 | 91.276 | 91.276 |
|   0   | 84.884 | 98.837 | 99.444 | 91.515 | 91.515 |
|   1   | 84.580 | 98.635 | 99.444 | 91.330 | 91.330 |
|   2   | 85.339 | 98.787 | 99.393 | 91.675 | 91.675 |
|   3   | 85.187 | 98.635 | 99.393 | 91.606 | 91.606 |
|   4   | 85.187 | 98.635 | 99.393 | 91.605 | 91.605 |
|   5   | 85.137 | 98.635 | 99.393 | 91.601 | 91.601 |
|   6   | 85.187 | 98.635 | 99.292 | 91.609 | 91.609 |
|   7   | 85.035 | 98.635 | 99.343 | 91.536 | 91.536 |
|   8   | 84.985 | 98.584 | 99.292 | 91.495 | 91.495 |
|   9   | 84.985 | 98.584 | 99.292 | 91.501 | 91.501 |
|   10  | 84.985 | 98.635 | 99.292 | 91.483 | 91.483 |
|   11  | 84.884 | 98.584 | 99.343 | 91.451 | 91.451 |
|   12  | 84.985 | 98.635 | 99.343 | 91.502 | 91.502 |
|   13  | 84.985 | 98.635 | 99.343 | 91.495 | 91.495 |
|   14  | 85.086 | 98.635 | 99.343 | 91.554 | 91.554 |
|   15  | 84.985 | 98.635 | 99.343 | 91.524 | 91.524 |
|   16  | 84.934 | 98.635 | 99.343 | 91.493 | 91.493 |
|   17  | 84.985 | 98.635 | 99.343 | 91.529 | 91.529 |
|   18  | 84.985 | 98.635 | 99.343 | 91.514 | 91.514 |
|   19  | 84.985 | 98.635 | 99.343 | 91.497 | 91.497 |
|   20  | 84.934 | 98.635 | 99.343 | 91.463 | 91.463 |
|   21  | 84.884 | 98.635 | 99.292 | 91.439 | 91.439 |
|   22  | 84.985 | 98.635 | 99.343 | 91.481 | 91.481 |
|   23  | 84.985 | 98.635 | 99.292 | 91.481 | 91.481 |
|   24  | 84.985 | 98.635 | 99.292 | 91.472 | 91.472 |
|   25  | 85.035 | 98.635 | 99.343 | 91.498 | 91.498 |
|   26  | 84.985 | 98.635 | 99.343 | 91.473 | 91.473 |
|   27  | 84.985 | 98.635 | 99.343 | 91.473 | 91.473 |
+-------+--------+--------+--------+--------+--------+
     logs:  {'epo': 27, 'R1': np.float32(84.985), 'R5': np.float32(98.635), 'R10': np.float32(99.343), 'mAP': np.float32(91.473), 'mINP': np.float32(91.473), 'lr': 9e-06, 'entropy': 0.066088, 'loss': 0.066088}
      TTA Epoch: [28] [  0/123]  eta: 0:00:48  lr: 0.000008  entropy: 0.0462  loss: 0.0462  time: 0.3916  data: 0.3338  max mem: 2876
      TTA Epoch: [28] [100/123]  eta: 0:00:00  lr: 0.000005  entropy: 0.0659  loss: 0.0659  time: 0.0338  data: 0.0001  max mem: 2876
      TTA Epoch: [28] [122/123]  eta: 0:00:00  lr: 0.000004  entropy: 0.0220  loss: 0.0220  time: 0.0320  data: 0.0001  max mem: 2876
      TTA Epoch: [28] Total time: 0:00:04 (0.0377 s / it)
     Averaged stats: lr: 0.0000  entropy: 0.0662  loss: 0.0662
     Computing matching score
      Evaluation: [   0/1978]  eta: 0:01:29    time: 0.0452  data: 0.0025  max mem: 2876
      Evaluation: [ 100/1978]  eta: 0:01:20    time: 0.0423  data: 0.0000  max mem: 2876
      Evaluation: [ 200/1978]  eta: 0:01:15    time: 0.0414  data: 0.0000  max mem: 2876
      Evaluation: [ 300/1978]  eta: 0:01:10    time: 0.0415  data: 0.0000  max mem: 2876
      Evaluation: [ 400/1978]  eta: 0:01:06    time: 0.0415  data: 0.0000  max mem: 2876
      Evaluation: [ 500/1978]  eta: 0:01:02    time: 0.0415  data: 0.0000  max mem: 2876
      Evaluation: [ 600/1978]  eta: 0:00:57    time: 0.0414  data: 0.0000  max mem: 2876
      Evaluation: [ 700/1978]  eta: 0:00:53    time: 0.0438  data: 0.0000  max mem: 2876
      Evaluation: [ 800/1978]  eta: 0:00:49    time: 0.0418  data: 0.0000  max mem: 2876
      Evaluation: [ 900/1978]  eta: 0:00:45    time: 0.0417  data: 0.0000  max mem: 2876
      Evaluation: [1000/1978]  eta: 0:00:41    time: 0.0447  data: 0.0000  max mem: 2876
      Evaluation: [1100/1978]  eta: 0:00:36    time: 0.0414  data: 0.0000  max mem: 2876
      Evaluation: [1200/1978]  eta: 0:00:32    time: 0.0421  data: 0.0000  max mem: 2876
      Evaluation: [1300/1978]  eta: 0:00:28    time: 0.0451  data: 0.0000  max mem: 2876
      Evaluation: [1400/1978]  eta: 0:00:24    time: 0.0420  data: 0.0000  max mem: 2876
      Evaluation: [1500/1978]  eta: 0:00:20    time: 0.0420  data: 0.0000  max mem: 2876
      Evaluation: [1600/1978]  eta: 0:00:15    time: 0.0449  data: 0.0000  max mem: 2876
      Evaluation: [1700/1978]  eta: 0:00:11    time: 0.0415  data: 0.0000  max mem: 2876
      Evaluation: [1800/1978]  eta: 0:00:07    time: 0.0417  data: 0.0000  max mem: 2876
      Evaluation: [1900/1978]  eta: 0:00:03    time: 0.0421  data: 0.0000  max mem: 2876
      Evaluation: [1977/1978]  eta: 0:00:00    time: 0.0415  data: 0.0000  max mem: 2876
      Evaluation: Total time: 0:01:23 (0.0421 s / it)
     Computing matching score time 0:01:23
### TTA ITM Score: 
+-------+--------+--------+--------+--------+--------+
| epoch |   R1   |   R5   |  R10   |  mAP   |  mINP  |
+-------+--------+--------+--------+--------+--------+
|  -999 | 69.414 | 95.197 | 97.776 | 81.233 | 81.233 |
|  -999 | 84.277 | 99.039 | 99.596 | 91.276 | 91.276 |
|   0   | 84.884 | 98.837 | 99.444 | 91.515 | 91.515 |
|   1   | 84.580 | 98.635 | 99.444 | 91.330 | 91.330 |
|   2   | 85.339 | 98.787 | 99.393 | 91.675 | 91.675 |
|   3   | 85.187 | 98.635 | 99.393 | 91.606 | 91.606 |
|   4   | 85.187 | 98.635 | 99.393 | 91.605 | 91.605 |
|   5   | 85.137 | 98.635 | 99.393 | 91.601 | 91.601 |
|   6   | 85.187 | 98.635 | 99.292 | 91.609 | 91.609 |
|   7   | 85.035 | 98.635 | 99.343 | 91.536 | 91.536 |
|   8   | 84.985 | 98.584 | 99.292 | 91.495 | 91.495 |
|   9   | 84.985 | 98.584 | 99.292 | 91.501 | 91.501 |
|   10  | 84.985 | 98.635 | 99.292 | 91.483 | 91.483 |
|   11  | 84.884 | 98.584 | 99.343 | 91.451 | 91.451 |
|   12  | 84.985 | 98.635 | 99.343 | 91.502 | 91.502 |
|   13  | 84.985 | 98.635 | 99.343 | 91.495 | 91.495 |
|   14  | 85.086 | 98.635 | 99.343 | 91.554 | 91.554 |
|   15  | 84.985 | 98.635 | 99.343 | 91.524 | 91.524 |
|   16  | 84.934 | 98.635 | 99.343 | 91.493 | 91.493 |
|   17  | 84.985 | 98.635 | 99.343 | 91.529 | 91.529 |
|   18  | 84.985 | 98.635 | 99.343 | 91.514 | 91.514 |
|   19  | 84.985 | 98.635 | 99.343 | 91.497 | 91.497 |
|   20  | 84.934 | 98.635 | 99.343 | 91.463 | 91.463 |
|   21  | 84.884 | 98.635 | 99.292 | 91.439 | 91.439 |
|   22  | 84.985 | 98.635 | 99.343 | 91.481 | 91.481 |
|   23  | 84.985 | 98.635 | 99.292 | 91.481 | 91.481 |
|   24  | 84.985 | 98.635 | 99.292 | 91.472 | 91.472 |
|   25  | 85.035 | 98.635 | 99.343 | 91.498 | 91.498 |
|   26  | 84.985 | 98.635 | 99.343 | 91.473 | 91.473 |
|   27  | 84.985 | 98.635 | 99.343 | 91.473 | 91.473 |
|   28  | 84.985 | 98.635 | 99.343 | 91.473 | 91.473 |
+-------+--------+--------+--------+--------+--------+
     logs:  {'epo': 28, 'R1': np.float32(84.985), 'R5': np.float32(98.635), 'R10': np.float32(99.343), 'mAP': np.float32(91.473), 'mINP': np.float32(91.473), 'lr': 6e-06, 'entropy': 0.066216, 'loss': 0.066216}
      TTA Epoch: [29] [  0/123]  eta: 0:00:47  lr: 0.000004  entropy: 0.1045  loss: 0.1045  time: 0.3892  data: 0.3329  max mem: 2876
      TTA Epoch: [29] [100/123]  eta: 0:00:00  lr: 0.000001  entropy: 0.1157  loss: 0.1157  time: 0.0358  data: 0.0001  max mem: 2876
      TTA Epoch: [29] [122/123]  eta: 0:00:00  lr: 0.000001  entropy: 0.0841  loss: 0.0841  time: 0.0347  data: 0.0001  max mem: 2876
      TTA Epoch: [29] Total time: 0:00:04 (0.0385 s / it)
     Averaged stats: lr: 0.0000  entropy: 0.0633  loss: 0.0633
     Computing matching score
      Evaluation: [   0/1978]  eta: 0:01:27    time: 0.0440  data: 0.0025  max mem: 2876
      Evaluation: [ 100/1978]  eta: 0:01:18    time: 0.0420  data: 0.0000  max mem: 2876
      Evaluation: [ 200/1978]  eta: 0:01:14    time: 0.0416  data: 0.0000  max mem: 2876
      Evaluation: [ 300/1978]  eta: 0:01:10    time: 0.0416  data: 0.0000  max mem: 2876
      Evaluation: [ 400/1978]  eta: 0:01:06    time: 0.0419  data: 0.0000  max mem: 2876
      Evaluation: [ 500/1978]  eta: 0:01:02    time: 0.0418  data: 0.0000  max mem: 2876
      Evaluation: [ 600/1978]  eta: 0:00:57    time: 0.0415  data: 0.0000  max mem: 2876
      Evaluation: [ 700/1978]  eta: 0:00:53    time: 0.0416  data: 0.0000  max mem: 2876
      Evaluation: [ 800/1978]  eta: 0:00:49    time: 0.0417  data: 0.0000  max mem: 2876
      Evaluation: [ 900/1978]  eta: 0:00:45    time: 0.0416  data: 0.0000  max mem: 2876
      Evaluation: [1000/1978]  eta: 0:00:41    time: 0.0416  data: 0.0000  max mem: 2876
      Evaluation: [1100/1978]  eta: 0:00:36    time: 0.0417  data: 0.0000  max mem: 2876
      Evaluation: [1200/1978]  eta: 0:00:32    time: 0.0438  data: 0.0000  max mem: 2876
      Evaluation: [1300/1978]  eta: 0:00:28    time: 0.0415  data: 0.0000  max mem: 2876
      Evaluation: [1400/1978]  eta: 0:00:24    time: 0.0414  data: 0.0000  max mem: 2876
      Evaluation: [1500/1978]  eta: 0:00:20    time: 0.0435  data: 0.0000  max mem: 2876
      Evaluation: [1600/1978]  eta: 0:00:15    time: 0.0414  data: 0.0000  max mem: 2876
      Evaluation: [1700/1978]  eta: 0:00:11    time: 0.0415  data: 0.0000  max mem: 2876
      Evaluation: [1800/1978]  eta: 0:00:07    time: 0.0449  data: 0.0000  max mem: 2876
      Evaluation: [1900/1978]  eta: 0:00:03    time: 0.0416  data: 0.0000  max mem: 2876
      Evaluation: [1977/1978]  eta: 0:00:00    time: 0.0413  data: 0.0000  max mem: 2876
      Evaluation: Total time: 0:01:23 (0.0420 s / it)
     Computing matching score time 0:01:23
### TTA ITM Score: 
+-------+--------+--------+--------+--------+--------+
| epoch |   R1   |   R5   |  R10   |  mAP   |  mINP  |
+-------+--------+--------+--------+--------+--------+
|  -999 | 69.414 | 95.197 | 97.776 | 81.233 | 81.233 |
|  -999 | 84.277 | 99.039 | 99.596 | 91.276 | 91.276 |
|   0   | 84.884 | 98.837 | 99.444 | 91.515 | 91.515 |
|   1   | 84.580 | 98.635 | 99.444 | 91.330 | 91.330 |
|   2   | 85.339 | 98.787 | 99.393 | 91.675 | 91.675 |
|   3   | 85.187 | 98.635 | 99.393 | 91.606 | 91.606 |
|   4   | 85.187 | 98.635 | 99.393 | 91.605 | 91.605 |
|   5   | 85.137 | 98.635 | 99.393 | 91.601 | 91.601 |
|   6   | 85.187 | 98.635 | 99.292 | 91.609 | 91.609 |
|   7   | 85.035 | 98.635 | 99.343 | 91.536 | 91.536 |
|   8   | 84.985 | 98.584 | 99.292 | 91.495 | 91.495 |
|   9   | 84.985 | 98.584 | 99.292 | 91.501 | 91.501 |
|   10  | 84.985 | 98.635 | 99.292 | 91.483 | 91.483 |
|   11  | 84.884 | 98.584 | 99.343 | 91.451 | 91.451 |
|   12  | 84.985 | 98.635 | 99.343 | 91.502 | 91.502 |
|   13  | 84.985 | 98.635 | 99.343 | 91.495 | 91.495 |
|   14  | 85.086 | 98.635 | 99.343 | 91.554 | 91.554 |
|   15  | 84.985 | 98.635 | 99.343 | 91.524 | 91.524 |
|   16  | 84.934 | 98.635 | 99.343 | 91.493 | 91.493 |
|   17  | 84.985 | 98.635 | 99.343 | 91.529 | 91.529 |
|   18  | 84.985 | 98.635 | 99.343 | 91.514 | 91.514 |
|   19  | 84.985 | 98.635 | 99.343 | 91.497 | 91.497 |
|   20  | 84.934 | 98.635 | 99.343 | 91.463 | 91.463 |
|   21  | 84.884 | 98.635 | 99.292 | 91.439 | 91.439 |
|   22  | 84.985 | 98.635 | 99.343 | 91.481 | 91.481 |
|   23  | 84.985 | 98.635 | 99.292 | 91.481 | 91.481 |
|   24  | 84.985 | 98.635 | 99.292 | 91.472 | 91.472 |
|   25  | 85.035 | 98.635 | 99.343 | 91.498 | 91.498 |
|   26  | 84.985 | 98.635 | 99.343 | 91.473 | 91.473 |
|   27  | 84.985 | 98.635 | 99.343 | 91.473 | 91.473 |
|   28  | 84.985 | 98.635 | 99.343 | 91.473 | 91.473 |
|   29  | 84.985 | 98.635 | 99.343 | 91.473 | 91.473 |
+-------+--------+--------+--------+--------+--------+
     logs:  {'epo': 29, 'R1': np.float32(84.985), 'R5': np.float32(98.635), 'R10': np.float32(99.343), 'mAP': np.float32(91.473), 'mINP': np.float32(91.473), 'lr': 3e-06, 'entropy': 0.063275, 'loss': 0.063275}
### best epoch: 2
### Time 0:44:40
NNODES,  1
NODE_RANK,  0
MASTER_ADDR,  127.0.0.1
MASTER_PORT,  1612
NPROC_PER_NODE,  2
task:  tta_exp6.2.2
config:  configs/tta_exp6.2.2.yaml
output_dir:  output/tta_exp6.2.2/2025082318343
CUDA_VISIBLE_DEVICES=2 python3 tta.py --config configs/tta_exp6.2.2.yaml --task tta_exp6.2.2 --output_dir output/tta_exp6.2.2/2025082318343 --checkpoint checkpoint/cmp.pth --bs 0 --epo 0 --lr 0.0 --seed 42 --tta
