nohup: ignoring input
/home/jiahao/miniconda3/envs/cmp/lib/python3.10/site-packages/torch/functional.py:554: UserWarning: torch.meshgrid: in an upcoming release, it will be required to pass the indexing argument. (Triggered internally at /pytorch/aten/src/ATen/native/TensorShape.cpp:4322.)
  return _VF.meshgrid(tensors, **kwargs)  # type: ignore[attr-defined]
Not using distributed mode
### Hyper-parameters:
     seed: 42
     device: cuda
     output_dir: output/tta_exp0.4/2025081905333
     batch_size_tta: 16
     epochs: 30
     lr: 0.001
### Creating test dataset
from data/PAB/annotation/test/attr.json loading 1978 data
test dataset -->    be_pose_img: True
     test_dataset: 1978
(tensor([[[ 1.2588,  0.2807,  0.3245,  ...,  0.3099,  0.2953,  0.2953],
         [ 1.2588,  0.2953,  0.3537,  ...,  0.2953,  0.2807,  0.2807],
         [ 1.2442,  0.2953,  0.3683,  ...,  0.2807,  0.2661,  0.2661],
         ...,
         [-1.0039, -1.1791, -1.2083,  ..., -1.2375, -1.2375, -1.2521],
         [-0.9748, -1.1791, -1.2229,  ..., -1.2229, -1.2083, -1.1791],
         [-0.9748, -1.1791, -1.2229,  ..., -1.2083, -1.1937, -1.1791]],

        [[ 1.3095,  0.2589,  0.2289,  ...,  0.1389,  0.1689,  0.1689],
         [ 1.3245,  0.2890,  0.2439,  ...,  0.1389,  0.1689,  0.1839],
         [ 1.3095,  0.2890,  0.2589,  ...,  0.1539,  0.1689,  0.1839],
         ...,
         [-1.1818, -1.3619, -1.3919,  ..., -1.2418, -1.2568, -1.2718],
         [-1.1518, -1.3619, -1.4069,  ..., -1.2118, -1.1968, -1.1968],
         [-1.1518, -1.3619, -1.4069,  ..., -1.1968, -1.1818, -1.1668]],

        [[ 1.3922,  0.1409, -0.0156,  ..., -0.2431, -0.2573, -0.2715],
         [ 1.4207,  0.1693,  0.0271,  ..., -0.2431, -0.2715, -0.2857],
         [ 1.4207,  0.1835,  0.0555,  ..., -0.2573, -0.2857, -0.2715],
         ...,
         [-0.9114, -1.0678, -1.0963,  ..., -0.8972, -0.9256, -0.9399],
         [-0.8830, -1.0678, -1.1105,  ..., -0.8403, -0.8688, -0.8545],
         [-0.8545, -1.0678, -1.1105,  ..., -0.8119, -0.8261, -0.8261]]]), tensor([[[-1.7923, -1.7923, -1.7923,  ..., -1.7923, -1.7923, -1.7923],
         [-1.7923, -1.7923, -1.7923,  ..., -1.7923, -1.7923, -1.7923],
         [-1.7923, -1.7923, -1.7923,  ..., -1.7923, -1.7923, -1.7923],
         ...,
         [-1.7923, -1.7923, -1.7923,  ..., -1.7923, -1.7923, -1.7923],
         [-1.7923, -1.7923, -1.7923,  ..., -1.7923, -1.7923, -1.7923],
         [-1.7923, -1.7923, -1.7923,  ..., -1.7923, -1.7923, -1.7923]],

        [[-1.7521, -1.7521, -1.7521,  ..., -1.7521, -1.7521, -1.7521],
         [-1.7521, -1.7521, -1.7521,  ..., -1.7521, -1.7521, -1.7521],
         [-1.7521, -1.7521, -1.7521,  ..., -1.7521, -1.7521, -1.7521],
         ...,
         [-1.7521, -1.7521, -1.7521,  ..., -1.7521, -1.7521, -1.7521],
         [-1.7521, -1.7521, -1.7521,  ..., -1.7521, -1.7521, -1.7521],
         [-1.7521, -1.7521, -1.7521,  ..., -1.7521, -1.7521, -1.7521]],

        [[-1.4802, -1.4802, -1.4802,  ..., -1.4802, -1.4802, -1.4802],
         [-1.4802, -1.4802, -1.4802,  ..., -1.4802, -1.4802, -1.4802],
         [-1.4802, -1.4802, -1.4802,  ..., -1.4802, -1.4802, -1.4802],
         ...,
         [-1.4802, -1.4802, -1.4802,  ..., -1.4802, -1.4802, -1.4802],
         [-1.4802, -1.4802, -1.4802,  ..., -1.4802, -1.4802, -1.4802],
         [-1.4802, -1.4802, -1.4802,  ..., -1.4802, -1.4802, -1.4802]]]), 0)
### Creating test dataloader
### be careful: func create_loader returns a list length of 1
     test_loader: 90
### Creating model
build_vision_encoder: load swin 224 x 224 ====>
missing_keys:  []
unexpected_keys:  ['head.weight', 'head.bias']
build_text_encoder: load bert ====>
missing_keys: ['bert.encoder.layer.10.crossattention.output.LayerNorm.bias', 'bert.encoder.layer.10.crossattention.output.LayerNorm.weight', 'bert.encoder.layer.10.crossattention.output.dense.bias', 'bert.encoder.layer.10.crossattention.output.dense.weight', 'bert.encoder.layer.10.crossattention.self.key.bias', 'bert.encoder.layer.10.crossattention.self.key.weight', 'bert.encoder.layer.10.crossattention.self.query.bias', 'bert.encoder.layer.10.crossattention.self.query.weight', 'bert.encoder.layer.10.crossattention.self.value.bias', 'bert.encoder.layer.10.crossattention.self.value.weight', 'bert.encoder.layer.11.crossattention.output.LayerNorm.bias', 'bert.encoder.layer.11.crossattention.output.LayerNorm.weight', 'bert.encoder.layer.11.crossattention.output.dense.bias', 'bert.encoder.layer.11.crossattention.output.dense.weight', 'bert.encoder.layer.11.crossattention.self.key.bias', 'bert.encoder.layer.11.crossattention.self.key.weight', 'bert.encoder.layer.11.crossattention.self.query.bias', 'bert.encoder.layer.11.crossattention.self.query.weight', 'bert.encoder.layer.11.crossattention.self.value.bias', 'bert.encoder.layer.11.crossattention.self.value.weight', 'bert.encoder.layer.6.crossattention.output.LayerNorm.bias', 'bert.encoder.layer.6.crossattention.output.LayerNorm.weight', 'bert.encoder.layer.6.crossattention.output.dense.bias', 'bert.encoder.layer.6.crossattention.output.dense.weight', 'bert.encoder.layer.6.crossattention.self.key.bias', 'bert.encoder.layer.6.crossattention.self.key.weight', 'bert.encoder.layer.6.crossattention.self.query.bias', 'bert.encoder.layer.6.crossattention.self.query.weight', 'bert.encoder.layer.6.crossattention.self.value.bias', 'bert.encoder.layer.6.crossattention.self.value.weight', 'bert.encoder.layer.7.crossattention.output.LayerNorm.bias', 'bert.encoder.layer.7.crossattention.output.LayerNorm.weight', 'bert.encoder.layer.7.crossattention.output.dense.bias', 'bert.encoder.layer.7.crossattention.output.dense.weight', 'bert.encoder.layer.7.crossattention.self.key.bias', 'bert.encoder.layer.7.crossattention.self.key.weight', 'bert.encoder.layer.7.crossattention.self.query.bias', 'bert.encoder.layer.7.crossattention.self.query.weight', 'bert.encoder.layer.7.crossattention.self.value.bias', 'bert.encoder.layer.7.crossattention.self.value.weight', 'bert.encoder.layer.8.crossattention.output.LayerNorm.bias', 'bert.encoder.layer.8.crossattention.output.LayerNorm.weight', 'bert.encoder.layer.8.crossattention.output.dense.bias', 'bert.encoder.layer.8.crossattention.output.dense.weight', 'bert.encoder.layer.8.crossattention.self.key.bias', 'bert.encoder.layer.8.crossattention.self.key.weight', 'bert.encoder.layer.8.crossattention.self.query.bias', 'bert.encoder.layer.8.crossattention.self.query.weight', 'bert.encoder.layer.8.crossattention.self.value.bias', 'bert.encoder.layer.8.crossattention.self.value.weight', 'bert.encoder.layer.9.crossattention.output.LayerNorm.bias', 'bert.encoder.layer.9.crossattention.output.LayerNorm.weight', 'bert.encoder.layer.9.crossattention.output.dense.bias', 'bert.encoder.layer.9.crossattention.output.dense.weight', 'bert.encoder.layer.9.crossattention.self.key.bias', 'bert.encoder.layer.9.crossattention.self.key.weight', 'bert.encoder.layer.9.crossattention.self.query.bias', 'bert.encoder.layer.9.crossattention.self.query.weight', 'bert.encoder.layer.9.crossattention.self.value.bias', 'bert.encoder.layer.9.crossattention.self.value.weight']
unexpected_keys: ['cls.seq_relationship.bias', 'cls.seq_relationship.weight']
mismatched_keys: []
error_msgs: []
Label Smooth: 0.2
pose_conv
load checkpoint from checkpoint/cmp.pth
missing_keys:  []
unexpected_keys:  []
     Total Params:  254264216
### Inference ITC similiarity matrix
     Computing text features for evaluation
     Computing image features for evaluation
     Computing features time 0:00:16
### Zero-Shot Score: 
+-------+--------+--------+--------+--------+--------+
| epoch |   R1   |   R5   |  R10   |  mAP   |  mINP  |
+-------+--------+--------+--------+--------+--------+
|  -999 | 69.414 | 95.197 | 97.776 | 81.233 | 81.233 |
|  -999 | 84.277 | 99.039 | 99.596 | 91.276 | 91.276 |
+-------+--------+--------+--------+--------+--------+
### TTA:
### Creating tta dataset
     tta_dataset: 1978
### Creating tta dataloader
### be careful: func create_loader returns a list length of 1
     tta_loader: 123
### Configure adapted weights
     lr:  0.001    lr_mult:  2
     model has 'init_params',  386
     num_tta_steps:  3720
     num_warmup_steps:  100
     sched: step
/home/jiahao/task/CMP/tta.py:190: FutureWarning: `torch.cuda.amp.GradScaler(args...)` is deprecated. Please use `torch.amp.GradScaler('cuda', args...)` instead.
  scaler = GradScaler()  # bf16
### Start ITM Test Time Adaptation
      TTA Epoch: [0] [  0/123]  eta: 0:01:58  lr: 0.000010  entropy: 0.3506  loss: 0.3506  time: 0.9638  data: 0.3568  max mem: 3217
      TTA Epoch: [0] [100/123]  eta: 0:00:01  lr: 0.001000  entropy: 0.2645  loss: 0.2645  time: 0.0590  data: 0.0002  max mem: 3246
      TTA Epoch: [0] [122/123]  eta: 0:00:00  lr: 0.000994  entropy: 0.1906  loss: 0.1906  time: 0.0549  data: 0.0001  max mem: 3246
      TTA Epoch: [0] Total time: 0:00:08 (0.0656 s / it)
     Averaged stats: lr: 0.0006  entropy: 0.2903  loss: 0.2903
     Computing matching score
      Evaluation: [   0/1978]  eta: 0:02:32    time: 0.0771  data: 0.0035  max mem: 3246
      Evaluation: [ 100/1978]  eta: 0:01:50    time: 0.0594  data: 0.0000  max mem: 3246
      Evaluation: [ 200/1978]  eta: 0:01:45    time: 0.0597  data: 0.0000  max mem: 3246
      Evaluation: [ 300/1978]  eta: 0:01:39    time: 0.0598  data: 0.0000  max mem: 3246
      Evaluation: [ 400/1978]  eta: 0:01:34    time: 0.0603  data: 0.0000  max mem: 3246
      Evaluation: [ 500/1978]  eta: 0:01:28    time: 0.0608  data: 0.0000  max mem: 3246
      Evaluation: [ 600/1978]  eta: 0:01:22    time: 0.0616  data: 0.0000  max mem: 3246
      Evaluation: [ 700/1978]  eta: 0:01:16    time: 0.0608  data: 0.0000  max mem: 3246
      Evaluation: [ 800/1978]  eta: 0:01:10    time: 0.0609  data: 0.0000  max mem: 3246
      Evaluation: [ 900/1978]  eta: 0:01:04    time: 0.0610  data: 0.0000  max mem: 3246
      Evaluation: [1000/1978]  eta: 0:00:59    time: 0.0611  data: 0.0000  max mem: 3246
      Evaluation: [1100/1978]  eta: 0:00:53    time: 0.0612  data: 0.0000  max mem: 3246
      Evaluation: [1200/1978]  eta: 0:00:47    time: 0.0614  data: 0.0000  max mem: 3246
      Evaluation: [1300/1978]  eta: 0:00:41    time: 0.0615  data: 0.0000  max mem: 3246
      Evaluation: [1400/1978]  eta: 0:00:35    time: 0.0616  data: 0.0000  max mem: 3246
      Evaluation: [1500/1978]  eta: 0:00:29    time: 0.0617  data: 0.0000  max mem: 3246
      Evaluation: [1600/1978]  eta: 0:00:22    time: 0.0618  data: 0.0000  max mem: 3246
      Evaluation: [1700/1978]  eta: 0:00:16    time: 0.0617  data: 0.0000  max mem: 3246
      Evaluation: [1800/1978]  eta: 0:00:10    time: 0.0618  data: 0.0000  max mem: 3246
      Evaluation: [1900/1978]  eta: 0:00:04    time: 0.0619  data: 0.0000  max mem: 3246
      Evaluation: [1977/1978]  eta: 0:00:00    time: 0.0620  data: 0.0000  max mem: 3246
      Evaluation: Total time: 0:02:00 (0.0610 s / it)
     Computing matching score time 0:02:00
### TTA ITM Score: 
+-------+--------+--------+--------+--------+--------+
| epoch |   R1   |   R5   |  R10   |  mAP   |  mINP  |
+-------+--------+--------+--------+--------+--------+
|  -999 | 69.414 | 95.197 | 97.776 | 81.233 | 81.233 |
|  -999 | 84.277 | 99.039 | 99.596 | 91.276 | 91.276 |
|   0   | 84.277 | 98.635 | 99.292 | 91.057 | 91.057 |
+-------+--------+--------+--------+--------+--------+
     logs:  {'epo': 0, 'R1': np.float32(84.277), 'R5': np.float32(98.635), 'R10': np.float32(99.292), 'mAP': np.float32(91.057), 'mINP': np.float32(91.057), 'lr': 0.000597, 'entropy': 0.290317, 'loss': 0.290317}
      TTA Epoch: [1] [  0/123]  eta: 0:00:49  lr: 0.000993  entropy: 0.1276  loss: 0.1276  time: 0.4017  data: 0.3256  max mem: 3246
      TTA Epoch: [1] [100/123]  eta: 0:00:01  lr: 0.000966  entropy: 0.1233  loss: 0.1233  time: 0.0565  data: 0.0001  max mem: 3248
      TTA Epoch: [1] [122/123]  eta: 0:00:00  lr: 0.000960  entropy: 0.0610  loss: 0.0610  time: 0.0563  data: 0.0001  max mem: 3248
      TTA Epoch: [1] Total time: 0:00:07 (0.0595 s / it)
     Averaged stats: lr: 0.0010  entropy: 0.1327  loss: 0.1327
     Computing matching score
      Evaluation: [   0/1978]  eta: 0:00:20    time: 0.0106  data: 0.0032  max mem: 3248
      Evaluation: [ 100/1978]  eta: 0:01:55    time: 0.0621  data: 0.0000  max mem: 3248
      Evaluation: [ 200/1978]  eta: 0:01:49    time: 0.0621  data: 0.0000  max mem: 3248
      Evaluation: [ 300/1978]  eta: 0:01:43    time: 0.0622  data: 0.0000  max mem: 3248
      Evaluation: [ 400/1978]  eta: 0:01:37    time: 0.0622  data: 0.0000  max mem: 3248
      Evaluation: [ 500/1978]  eta: 0:01:31    time: 0.0622  data: 0.0000  max mem: 3248
      Evaluation: [ 600/1978]  eta: 0:01:25    time: 0.0625  data: 0.0000  max mem: 3248
      Evaluation: [ 700/1978]  eta: 0:01:19    time: 0.0623  data: 0.0000  max mem: 3248
      Evaluation: [ 800/1978]  eta: 0:01:13    time: 0.0623  data: 0.0000  max mem: 3248
      Evaluation: [ 900/1978]  eta: 0:01:06    time: 0.0623  data: 0.0000  max mem: 3248
      Evaluation: [1000/1978]  eta: 0:01:00    time: 0.0623  data: 0.0000  max mem: 3248
      Evaluation: [1100/1978]  eta: 0:00:54    time: 0.0624  data: 0.0000  max mem: 3248
      Evaluation: [1200/1978]  eta: 0:00:48    time: 0.0624  data: 0.0000  max mem: 3248
      Evaluation: [1300/1978]  eta: 0:00:42    time: 0.0624  data: 0.0000  max mem: 3248
      Evaluation: [1400/1978]  eta: 0:00:35    time: 0.0625  data: 0.0000  max mem: 3248
      Evaluation: [1500/1978]  eta: 0:00:29    time: 0.0625  data: 0.0000  max mem: 3248
      Evaluation: [1600/1978]  eta: 0:00:23    time: 0.0626  data: 0.0000  max mem: 3248
      Evaluation: [1700/1978]  eta: 0:00:17    time: 0.0625  data: 0.0000  max mem: 3248
      Evaluation: [1800/1978]  eta: 0:00:11    time: 0.0625  data: 0.0000  max mem: 3248
      Evaluation: [1900/1978]  eta: 0:00:04    time: 0.0625  data: 0.0000  max mem: 3248
      Evaluation: [1977/1978]  eta: 0:00:00    time: 0.0626  data: 0.0000  max mem: 3248
      Evaluation: Total time: 0:02:03 (0.0623 s / it)
     Computing matching score time 0:02:03
### TTA ITM Score: 
+-------+--------+--------+--------+--------+--------+
| epoch |   R1   |   R5   |  R10   |  mAP   |  mINP  |
+-------+--------+--------+--------+--------+--------+
|  -999 | 69.414 | 95.197 | 97.776 | 81.233 | 81.233 |
|  -999 | 84.277 | 99.039 | 99.596 | 91.276 | 91.276 |
|   0   | 84.277 | 98.635 | 99.292 | 91.057 | 91.057 |
|   1   | 84.884 | 98.787 | 99.444 | 91.407 | 91.407 |
+-------+--------+--------+--------+--------+--------+
     logs:  {'epo': 1, 'R1': np.float32(84.884), 'R5': np.float32(98.787), 'R10': np.float32(99.444), 'mAP': np.float32(91.407), 'mINP': np.float32(91.407), 'lr': 0.000977, 'entropy': 0.13273, 'loss': 0.13273}
      TTA Epoch: [2] [  0/123]  eta: 0:00:48  lr: 0.000959  entropy: 0.1249  loss: 0.1249  time: 0.3908  data: 0.3225  max mem: 3248
      TTA Epoch: [2] [100/123]  eta: 0:00:01  lr: 0.000932  entropy: 0.1765  loss: 0.1765  time: 0.0596  data: 0.0001  max mem: 3248
      TTA Epoch: [2] [122/123]  eta: 0:00:00  lr: 0.000926  entropy: 0.0710  loss: 0.0710  time: 0.0588  data: 0.0002  max mem: 3248
      TTA Epoch: [2] Total time: 0:00:07 (0.0614 s / it)
     Averaged stats: lr: 0.0009  entropy: 0.0738  loss: 0.0738
     Computing matching score
      Evaluation: [   0/1978]  eta: 0:00:21    time: 0.0107  data: 0.0032  max mem: 3248
      Evaluation: [ 100/1978]  eta: 0:01:55    time: 0.0624  data: 0.0000  max mem: 3248
      Evaluation: [ 200/1978]  eta: 0:01:50    time: 0.0624  data: 0.0000  max mem: 3248
      Evaluation: [ 300/1978]  eta: 0:01:44    time: 0.0624  data: 0.0000  max mem: 3248
      Evaluation: [ 400/1978]  eta: 0:01:38    time: 0.0625  data: 0.0000  max mem: 3248
      Evaluation: [ 500/1978]  eta: 0:01:32    time: 0.0623  data: 0.0000  max mem: 3248
      Evaluation: [ 600/1978]  eta: 0:01:25    time: 0.0624  data: 0.0000  max mem: 3248
      Evaluation: [ 700/1978]  eta: 0:01:19    time: 0.0625  data: 0.0000  max mem: 3248
      Evaluation: [ 800/1978]  eta: 0:01:13    time: 0.0625  data: 0.0000  max mem: 3248
      Evaluation: [ 900/1978]  eta: 0:01:07    time: 0.0624  data: 0.0000  max mem: 3248
      Evaluation: [1000/1978]  eta: 0:01:01    time: 0.0625  data: 0.0000  max mem: 3248
      Evaluation: [1100/1978]  eta: 0:00:54    time: 0.0626  data: 0.0000  max mem: 3248
      Evaluation: [1200/1978]  eta: 0:00:48    time: 0.0626  data: 0.0000  max mem: 3248
      Evaluation: [1300/1978]  eta: 0:00:42    time: 0.0625  data: 0.0000  max mem: 3248
      Evaluation: [1400/1978]  eta: 0:00:36    time: 0.0627  data: 0.0000  max mem: 3248
      Evaluation: [1500/1978]  eta: 0:00:29    time: 0.0627  data: 0.0000  max mem: 3248
      Evaluation: [1600/1978]  eta: 0:00:23    time: 0.0625  data: 0.0000  max mem: 3248
      Evaluation: [1700/1978]  eta: 0:00:17    time: 0.0625  data: 0.0000  max mem: 3248
      Evaluation: [1800/1978]  eta: 0:00:11    time: 0.0626  data: 0.0000  max mem: 3248
      Evaluation: [1900/1978]  eta: 0:00:04    time: 0.0627  data: 0.0000  max mem: 3248
      Evaluation: [1977/1978]  eta: 0:00:00    time: 0.0626  data: 0.0000  max mem: 3248
      Evaluation: Total time: 0:02:03 (0.0625 s / it)
     Computing matching score time 0:02:03
### TTA ITM Score: 
+-------+--------+--------+--------+--------+--------+
| epoch |   R1   |   R5   |  R10   |  mAP   |  mINP  |
+-------+--------+--------+--------+--------+--------+
|  -999 | 69.414 | 95.197 | 97.776 | 81.233 | 81.233 |
|  -999 | 84.277 | 99.039 | 99.596 | 91.276 | 91.276 |
|   0   | 84.277 | 98.635 | 99.292 | 91.057 | 91.057 |
|   1   | 84.884 | 98.787 | 99.444 | 91.407 | 91.407 |
|   2   | 85.137 | 98.837 | 99.242 | 91.578 | 91.578 |
+-------+--------+--------+--------+--------+--------+
     logs:  {'epo': 2, 'R1': np.float32(85.137), 'R5': np.float32(98.837), 'R10': np.float32(99.242), 'mAP': np.float32(91.578), 'mINP': np.float32(91.578), 'lr': 0.000943, 'entropy': 0.073833, 'loss': 0.073833}
      TTA Epoch: [3] [  0/123]  eta: 0:00:56  lr: 0.000925  entropy: 0.0099  loss: 0.0099  time: 0.4618  data: 0.3998  max mem: 3248
      TTA Epoch: [3] [100/123]  eta: 0:00:01  lr: 0.000449  entropy: 0.0731  loss: 0.0731  time: 0.0588  data: 0.0001  max mem: 3248
      TTA Epoch: [3] [122/123]  eta: 0:00:00  lr: 0.000446  entropy: 0.0023  loss: 0.0023  time: 0.0582  data: 0.0001  max mem: 3248
      TTA Epoch: [3] Total time: 0:00:07 (0.0618 s / it)
     Averaged stats: lr: 0.0006  entropy: 0.0434  loss: 0.0434
     Computing matching score
      Evaluation: [   0/1978]  eta: 0:00:21    time: 0.0106  data: 0.0031  max mem: 3248
      Evaluation: [ 100/1978]  eta: 0:01:56    time: 0.0624  data: 0.0000  max mem: 3248
      Evaluation: [ 200/1978]  eta: 0:01:50    time: 0.0625  data: 0.0000  max mem: 3248
      Evaluation: [ 300/1978]  eta: 0:01:44    time: 0.0625  data: 0.0000  max mem: 3248
      Evaluation: [ 400/1978]  eta: 0:01:38    time: 0.0627  data: 0.0000  max mem: 3248
      Evaluation: [ 500/1978]  eta: 0:01:32    time: 0.0622  data: 0.0000  max mem: 3248
      Evaluation: [ 600/1978]  eta: 0:01:25    time: 0.0625  data: 0.0000  max mem: 3248
      Evaluation: [ 700/1978]  eta: 0:01:19    time: 0.0625  data: 0.0000  max mem: 3248
      Evaluation: [ 800/1978]  eta: 0:01:13    time: 0.0625  data: 0.0000  max mem: 3248
      Evaluation: [ 900/1978]  eta: 0:01:07    time: 0.0625  data: 0.0000  max mem: 3248
      Evaluation: [1000/1978]  eta: 0:01:01    time: 0.0627  data: 0.0000  max mem: 3248
      Evaluation: [1100/1978]  eta: 0:00:54    time: 0.0626  data: 0.0000  max mem: 3248
      Evaluation: [1200/1978]  eta: 0:00:48    time: 0.0626  data: 0.0000  max mem: 3248
      Evaluation: [1300/1978]  eta: 0:00:42    time: 0.0626  data: 0.0000  max mem: 3248
      Evaluation: [1400/1978]  eta: 0:00:36    time: 0.0626  data: 0.0000  max mem: 3248
      Evaluation: [1500/1978]  eta: 0:00:29    time: 0.0626  data: 0.0000  max mem: 3248
      Evaluation: [1600/1978]  eta: 0:00:23    time: 0.0626  data: 0.0000  max mem: 3248
      Evaluation: [1700/1978]  eta: 0:00:17    time: 0.0626  data: 0.0000  max mem: 3248
      Evaluation: [1800/1978]  eta: 0:00:11    time: 0.0627  data: 0.0000  max mem: 3248
      Evaluation: [1900/1978]  eta: 0:00:04    time: 0.0626  data: 0.0000  max mem: 3248
      Evaluation: [1977/1978]  eta: 0:00:00    time: 0.0628  data: 0.0000  max mem: 3248
      Evaluation: Total time: 0:02:03 (0.0625 s / it)
     Computing matching score time 0:02:03
### TTA ITM Score: 
+-------+--------+--------+--------+--------+--------+
| epoch |   R1   |   R5   |  R10   |  mAP   |  mINP  |
+-------+--------+--------+--------+--------+--------+
|  -999 | 69.414 | 95.197 | 97.776 | 81.233 | 81.233 |
|  -999 | 84.277 | 99.039 | 99.596 | 91.276 | 91.276 |
|   0   | 84.277 | 98.635 | 99.292 | 91.057 | 91.057 |
|   1   | 84.884 | 98.787 | 99.444 | 91.407 | 91.407 |
|   2   | 85.137 | 98.837 | 99.242 | 91.578 | 91.578 |
|   3   | 85.187 | 98.787 | 99.444 | 91.577 | 91.577 |
+-------+--------+--------+--------+--------+--------+
     logs:  {'epo': 3, 'R1': np.float32(85.187), 'R5': np.float32(98.787), 'R10': np.float32(99.444), 'mAP': np.float32(91.577), 'mINP': np.float32(91.577), 'lr': 0.000567, 'entropy': 0.043413, 'loss': 0.043413}
      TTA Epoch: [4] [  0/123]  eta: 0:01:07  lr: 0.000446  entropy: 0.0098  loss: 0.0098  time: 0.5456  data: 0.4776  max mem: 3248
      TTA Epoch: [4] [100/123]  eta: 0:00:01  lr: 0.000432  entropy: 0.0433  loss: 0.0433  time: 0.0586  data: 0.0001  max mem: 3248
      TTA Epoch: [4] [122/123]  eta: 0:00:00  lr: 0.000429  entropy: 0.0047  loss: 0.0047  time: 0.0579  data: 0.0001  max mem: 3248
      TTA Epoch: [4] Total time: 0:00:07 (0.0630 s / it)
     Averaged stats: lr: 0.0004  entropy: 0.0296  loss: 0.0296
     Computing matching score
      Evaluation: [   0/1978]  eta: 0:00:22    time: 0.0115  data: 0.0032  max mem: 3248
      Evaluation: [ 100/1978]  eta: 0:01:56    time: 0.0624  data: 0.0000  max mem: 3248
      Evaluation: [ 200/1978]  eta: 0:01:50    time: 0.0624  data: 0.0000  max mem: 3248
      Evaluation: [ 300/1978]  eta: 0:01:44    time: 0.0629  data: 0.0000  max mem: 3248
      Evaluation: [ 400/1978]  eta: 0:01:38    time: 0.0632  data: 0.0000  max mem: 3248
      Evaluation: [ 500/1978]  eta: 0:01:32    time: 0.0624  data: 0.0000  max mem: 3248
      Evaluation: [ 600/1978]  eta: 0:01:25    time: 0.0625  data: 0.0000  max mem: 3248
      Evaluation: [ 700/1978]  eta: 0:01:19    time: 0.0625  data: 0.0000  max mem: 3248
      Evaluation: [ 800/1978]  eta: 0:01:13    time: 0.0625  data: 0.0000  max mem: 3248
      Evaluation: [ 900/1978]  eta: 0:01:07    time: 0.0624  data: 0.0000  max mem: 3248
      Evaluation: [1000/1978]  eta: 0:01:01    time: 0.0625  data: 0.0000  max mem: 3248
      Evaluation: [1100/1978]  eta: 0:00:54    time: 0.0626  data: 0.0000  max mem: 3248
      Evaluation: [1200/1978]  eta: 0:00:48    time: 0.0626  data: 0.0000  max mem: 3248
      Evaluation: [1300/1978]  eta: 0:00:42    time: 0.0625  data: 0.0000  max mem: 3248
      Evaluation: [1400/1978]  eta: 0:00:36    time: 0.0628  data: 0.0000  max mem: 3248
      Evaluation: [1500/1978]  eta: 0:00:29    time: 0.0623  data: 0.0000  max mem: 3248
      Evaluation: [1600/1978]  eta: 0:00:23    time: 0.0623  data: 0.0000  max mem: 3248
      Evaluation: [1700/1978]  eta: 0:00:17    time: 0.0622  data: 0.0000  max mem: 3248
      Evaluation: [1800/1978]  eta: 0:00:11    time: 0.0623  data: 0.0000  max mem: 3248
      Evaluation: [1900/1978]  eta: 0:00:04    time: 0.0623  data: 0.0000  max mem: 3248
      Evaluation: [1977/1978]  eta: 0:00:00    time: 0.0623  data: 0.0000  max mem: 3248
      Evaluation: Total time: 0:02:03 (0.0625 s / it)
     Computing matching score time 0:02:03
### TTA ITM Score: 
+-------+--------+--------+--------+--------+--------+
| epoch |   R1   |   R5   |  R10   |  mAP   |  mINP  |
+-------+--------+--------+--------+--------+--------+
|  -999 | 69.414 | 95.197 | 97.776 | 81.233 | 81.233 |
|  -999 | 84.277 | 99.039 | 99.596 | 91.276 | 91.276 |
|   0   | 84.277 | 98.635 | 99.292 | 91.057 | 91.057 |
|   1   | 84.884 | 98.787 | 99.444 | 91.407 | 91.407 |
|   2   | 85.137 | 98.837 | 99.242 | 91.578 | 91.578 |
|   3   | 85.187 | 98.787 | 99.444 | 91.577 | 91.577 |
|   4   | 85.035 | 98.787 | 99.343 | 91.458 | 91.458 |
+-------+--------+--------+--------+--------+--------+
     logs:  {'epo': 4, 'R1': np.float32(85.035), 'R5': np.float32(98.787), 'R10': np.float32(99.343), 'mAP': np.float32(91.458), 'mINP': np.float32(91.458), 'lr': 0.000437, 'entropy': 0.029554, 'loss': 0.029554}
      TTA Epoch: [5] [  0/123]  eta: 0:01:06  lr: 0.000429  entropy: 0.0061  loss: 0.0061  time: 0.5390  data: 0.4551  max mem: 3248
      TTA Epoch: [5] [100/123]  eta: 0:00:01  lr: 0.000166  entropy: 0.0044  loss: 0.0044  time: 0.0627  data: 0.0002  max mem: 3248
      TTA Epoch: [5] [122/123]  eta: 0:00:00  lr: 0.000165  entropy: 0.0044  loss: 0.0044  time: 0.0572  data: 0.0001  max mem: 3248
      TTA Epoch: [5] Total time: 0:00:08 (0.0679 s / it)
     Averaged stats: lr: 0.0003  entropy: 0.0223  loss: 0.0223
     Computing matching score
      Evaluation: [   0/1978]  eta: 0:00:20    time: 0.0104  data: 0.0027  max mem: 3248
      Evaluation: [ 100/1978]  eta: 0:01:55    time: 0.0622  data: 0.0000  max mem: 3248
      Evaluation: [ 200/1978]  eta: 0:01:49    time: 0.0621  data: 0.0000  max mem: 3248
      Evaluation: [ 300/1978]  eta: 0:01:43    time: 0.0623  data: 0.0000  max mem: 3248
      Evaluation: [ 400/1978]  eta: 0:01:37    time: 0.0626  data: 0.0000  max mem: 3248
      Evaluation: [ 500/1978]  eta: 0:01:31    time: 0.0621  data: 0.0000  max mem: 3248
      Evaluation: [ 600/1978]  eta: 0:01:25    time: 0.0620  data: 0.0000  max mem: 3248
      Evaluation: [ 700/1978]  eta: 0:01:19    time: 0.0621  data: 0.0000  max mem: 3248
      Evaluation: [ 800/1978]  eta: 0:01:13    time: 0.0620  data: 0.0000  max mem: 3248
      Evaluation: [ 900/1978]  eta: 0:01:06    time: 0.0621  data: 0.0000  max mem: 3248
      Evaluation: [1000/1978]  eta: 0:01:00    time: 0.0621  data: 0.0000  max mem: 3248
      Evaluation: [1100/1978]  eta: 0:00:54    time: 0.0621  data: 0.0000  max mem: 3248
      Evaluation: [1200/1978]  eta: 0:00:48    time: 0.0620  data: 0.0000  max mem: 3248
      Evaluation: [1300/1978]  eta: 0:00:42    time: 0.0621  data: 0.0000  max mem: 3248
      Evaluation: [1400/1978]  eta: 0:00:35    time: 0.0623  data: 0.0000  max mem: 3248
      Evaluation: [1500/1978]  eta: 0:00:29    time: 0.0621  data: 0.0000  max mem: 3248
      Evaluation: [1600/1978]  eta: 0:00:23    time: 0.0621  data: 0.0000  max mem: 3248
      Evaluation: [1700/1978]  eta: 0:00:17    time: 0.0621  data: 0.0000  max mem: 3248
      Evaluation: [1800/1978]  eta: 0:00:11    time: 0.0621  data: 0.0000  max mem: 3248
      Evaluation: [1900/1978]  eta: 0:00:04    time: 0.0622  data: 0.0000  max mem: 3248
      Evaluation: [1977/1978]  eta: 0:00:00    time: 0.0622  data: 0.0000  max mem: 3248
      Evaluation: Total time: 0:02:02 (0.0621 s / it)
     Computing matching score time 0:02:03
### TTA ITM Score: 
+-------+--------+--------+--------+--------+--------+
| epoch |   R1   |   R5   |  R10   |  mAP   |  mINP  |
+-------+--------+--------+--------+--------+--------+
|  -999 | 69.414 | 95.197 | 97.776 | 81.233 | 81.233 |
|  -999 | 84.277 | 99.039 | 99.596 | 91.276 | 91.276 |
|   0   | 84.277 | 98.635 | 99.292 | 91.057 | 91.057 |
|   1   | 84.884 | 98.787 | 99.444 | 91.407 | 91.407 |
|   2   | 85.137 | 98.837 | 99.242 | 91.578 | 91.578 |
|   3   | 85.187 | 98.787 | 99.444 | 91.577 | 91.577 |
|   4   | 85.035 | 98.787 | 99.343 | 91.458 | 91.458 |
|   5   | 85.137 | 98.837 | 99.292 | 91.526 | 91.526 |
+-------+--------+--------+--------+--------+--------+
     logs:  {'epo': 5, 'R1': np.float32(85.137), 'R5': np.float32(98.837), 'R10': np.float32(99.292), 'mAP': np.float32(91.526), 'mINP': np.float32(91.526), 'lr': 0.000341, 'entropy': 0.022268, 'loss': 0.022268}
      TTA Epoch: [6] [  0/123]  eta: 0:00:59  lr: 0.000165  entropy: 0.0013  loss: 0.0013  time: 0.4861  data: 0.4084  max mem: 3248
      TTA Epoch: [6] [100/123]  eta: 0:00:01  lr: 0.000159  entropy: 0.0137  loss: 0.0137  time: 0.0576  data: 0.0001  max mem: 3248
      TTA Epoch: [6] [122/123]  eta: 0:00:00  lr: 0.000158  entropy: 0.0025  loss: 0.0025  time: 0.0572  data: 0.0001  max mem: 3248
      TTA Epoch: [6] Total time: 0:00:07 (0.0624 s / it)
     Averaged stats: lr: 0.0002  entropy: 0.0171  loss: 0.0171
     Computing matching score
      Evaluation: [   0/1978]  eta: 0:00:21    time: 0.0111  data: 0.0032  max mem: 3248
      Evaluation: [ 100/1978]  eta: 0:01:55    time: 0.0620  data: 0.0000  max mem: 3248
      Evaluation: [ 200/1978]  eta: 0:01:49    time: 0.0620  data: 0.0000  max mem: 3248
      Evaluation: [ 300/1978]  eta: 0:01:43    time: 0.0621  data: 0.0000  max mem: 3248
      Evaluation: [ 400/1978]  eta: 0:01:37    time: 0.0621  data: 0.0000  max mem: 3248
      Evaluation: [ 500/1978]  eta: 0:01:31    time: 0.0622  data: 0.0000  max mem: 3248
      Evaluation: [ 600/1978]  eta: 0:01:25    time: 0.0622  data: 0.0000  max mem: 3248
      Evaluation: [ 700/1978]  eta: 0:01:19    time: 0.0622  data: 0.0000  max mem: 3248
      Evaluation: [ 800/1978]  eta: 0:01:13    time: 0.0622  data: 0.0000  max mem: 3248
      Evaluation: [ 900/1978]  eta: 0:01:06    time: 0.0621  data: 0.0000  max mem: 3248
      Evaluation: [1000/1978]  eta: 0:01:00    time: 0.0622  data: 0.0000  max mem: 3248
      Evaluation: [1100/1978]  eta: 0:00:54    time: 0.0622  data: 0.0000  max mem: 3248
      Evaluation: [1200/1978]  eta: 0:00:48    time: 0.0622  data: 0.0000  max mem: 3248
      Evaluation: [1300/1978]  eta: 0:00:42    time: 0.0623  data: 0.0000  max mem: 3248
      Evaluation: [1400/1978]  eta: 0:00:35    time: 0.0623  data: 0.0000  max mem: 3248
      Evaluation: [1500/1978]  eta: 0:00:29    time: 0.0623  data: 0.0000  max mem: 3248
      Evaluation: [1600/1978]  eta: 0:00:23    time: 0.0624  data: 0.0000  max mem: 3248
      Evaluation: [1700/1978]  eta: 0:00:17    time: 0.0623  data: 0.0000  max mem: 3248
      Evaluation: [1800/1978]  eta: 0:00:11    time: 0.0625  data: 0.0000  max mem: 3248
      Evaluation: [1900/1978]  eta: 0:00:04    time: 0.0625  data: 0.0000  max mem: 3248
      Evaluation: [1977/1978]  eta: 0:00:00    time: 0.0623  data: 0.0000  max mem: 3248
      Evaluation: Total time: 0:02:03 (0.0622 s / it)
     Computing matching score time 0:02:03
### TTA ITM Score: 
+-------+--------+--------+--------+--------+--------+
| epoch |   R1   |   R5   |  R10   |  mAP   |  mINP  |
+-------+--------+--------+--------+--------+--------+
|  -999 | 69.414 | 95.197 | 97.776 | 81.233 | 81.233 |
|  -999 | 84.277 | 99.039 | 99.596 | 91.276 | 91.276 |
|   0   | 84.277 | 98.635 | 99.292 | 91.057 | 91.057 |
|   1   | 84.884 | 98.787 | 99.444 | 91.407 | 91.407 |
|   2   | 85.137 | 98.837 | 99.242 | 91.578 | 91.578 |
|   3   | 85.187 | 98.787 | 99.444 | 91.577 | 91.577 |
|   4   | 85.035 | 98.787 | 99.343 | 91.458 | 91.458 |
|   5   | 85.137 | 98.837 | 99.292 | 91.526 | 91.526 |
|   6   | 85.137 | 98.787 | 99.343 | 91.543 | 91.543 |
+-------+--------+--------+--------+--------+--------+
     logs:  {'epo': 6, 'R1': np.float32(85.137), 'R5': np.float32(98.787), 'R10': np.float32(99.343), 'mAP': np.float32(91.543), 'mINP': np.float32(91.543), 'lr': 0.000161, 'entropy': 0.017121, 'loss': 0.017121}
      TTA Epoch: [7] [  0/123]  eta: 0:00:50  lr: 0.000158  entropy: 0.0141  loss: 0.0141  time: 0.4138  data: 0.3393  max mem: 3248
      TTA Epoch: [7] [100/123]  eta: 0:00:01  lr: 0.000152  entropy: 0.0029  loss: 0.0029  time: 0.0570  data: 0.0001  max mem: 3248
      TTA Epoch: [7] [122/123]  eta: 0:00:00  lr: 0.000151  entropy: 0.0132  loss: 0.0132  time: 0.0569  data: 0.0001  max mem: 3248
      TTA Epoch: [7] Total time: 0:00:07 (0.0605 s / it)
     Averaged stats: lr: 0.0002  entropy: 0.0150  loss: 0.0150
     Computing matching score
      Evaluation: [   0/1978]  eta: 0:00:21    time: 0.0106  data: 0.0032  max mem: 3248
      Evaluation: [ 100/1978]  eta: 0:01:55    time: 0.0622  data: 0.0000  max mem: 3248
      Evaluation: [ 200/1978]  eta: 0:01:50    time: 0.0623  data: 0.0000  max mem: 3248
      Evaluation: [ 300/1978]  eta: 0:01:44    time: 0.0629  data: 0.0000  max mem: 3248
      Evaluation: [ 400/1978]  eta: 0:01:38    time: 0.0624  data: 0.0000  max mem: 3248
      Evaluation: [ 500/1978]  eta: 0:01:31    time: 0.0624  data: 0.0000  max mem: 3248
      Evaluation: [ 600/1978]  eta: 0:01:25    time: 0.0625  data: 0.0000  max mem: 3248
      Evaluation: [ 700/1978]  eta: 0:01:19    time: 0.0624  data: 0.0000  max mem: 3248
      Evaluation: [ 800/1978]  eta: 0:01:13    time: 0.0624  data: 0.0000  max mem: 3248
      Evaluation: [ 900/1978]  eta: 0:01:07    time: 0.0627  data: 0.0000  max mem: 3248
      Evaluation: [1000/1978]  eta: 0:01:00    time: 0.0625  data: 0.0000  max mem: 3248
      Evaluation: [1100/1978]  eta: 0:00:54    time: 0.0624  data: 0.0000  max mem: 3248
      Evaluation: [1200/1978]  eta: 0:00:48    time: 0.0624  data: 0.0000  max mem: 3248
      Evaluation: [1300/1978]  eta: 0:00:42    time: 0.0624  data: 0.0000  max mem: 3248
      Evaluation: [1400/1978]  eta: 0:00:36    time: 0.0624  data: 0.0000  max mem: 3248
      Evaluation: [1500/1978]  eta: 0:00:29    time: 0.0624  data: 0.0000  max mem: 3248
      Evaluation: [1600/1978]  eta: 0:00:23    time: 0.0625  data: 0.0000  max mem: 3248
      Evaluation: [1700/1978]  eta: 0:00:17    time: 0.0625  data: 0.0000  max mem: 3248
      Evaluation: [1800/1978]  eta: 0:00:11    time: 0.0627  data: 0.0000  max mem: 3248
      Evaluation: [1900/1978]  eta: 0:00:04    time: 0.0626  data: 0.0000  max mem: 3248
      Evaluation: [1977/1978]  eta: 0:00:00    time: 0.0625  data: 0.0000  max mem: 3248
      Evaluation: Total time: 0:02:03 (0.0625 s / it)
     Computing matching score time 0:02:03
### TTA ITM Score: 
+-------+--------+--------+--------+--------+--------+
| epoch |   R1   |   R5   |  R10   |  mAP   |  mINP  |
+-------+--------+--------+--------+--------+--------+
|  -999 | 69.414 | 95.197 | 97.776 | 81.233 | 81.233 |
|  -999 | 84.277 | 99.039 | 99.596 | 91.276 | 91.276 |
|   0   | 84.277 | 98.635 | 99.292 | 91.057 | 91.057 |
|   1   | 84.884 | 98.787 | 99.444 | 91.407 | 91.407 |
|   2   | 85.137 | 98.837 | 99.242 | 91.578 | 91.578 |
|   3   | 85.187 | 98.787 | 99.444 | 91.577 | 91.577 |
|   4   | 85.035 | 98.787 | 99.343 | 91.458 | 91.458 |
|   5   | 85.137 | 98.837 | 99.292 | 91.526 | 91.526 |
|   6   | 85.137 | 98.787 | 99.343 | 91.543 | 91.543 |
|   7   | 85.187 | 98.787 | 99.393 | 91.530 | 91.530 |
+-------+--------+--------+--------+--------+--------+
     logs:  {'epo': 7, 'R1': np.float32(85.187), 'R5': np.float32(98.787), 'R10': np.float32(99.393), 'mAP': np.float32(91.53), 'mINP': np.float32(91.53), 'lr': 0.000155, 'entropy': 0.014994, 'loss': 0.014994}
      TTA Epoch: [8] [  0/123]  eta: 0:00:56  lr: 0.000151  entropy: 0.0015  loss: 0.0015  time: 0.4631  data: 0.3971  max mem: 3248
      TTA Epoch: [8] [100/123]  eta: 0:00:01  lr: 0.000146  entropy: 0.0021  loss: 0.0021  time: 0.0593  data: 0.0002  max mem: 3248
      TTA Epoch: [8] [122/123]  eta: 0:00:00  lr: 0.000144  entropy: 0.0025  loss: 0.0025  time: 0.0592  data: 0.0002  max mem: 3248
      TTA Epoch: [8] Total time: 0:00:09 (0.0794 s / it)
     Averaged stats: lr: 0.0001  entropy: 0.0131  loss: 0.0131
     Computing matching score
      Evaluation: [   0/1978]  eta: 0:00:29    time: 0.0148  data: 0.0025  max mem: 3248
      Evaluation: [ 100/1978]  eta: 0:01:55    time: 0.0621  data: 0.0000  max mem: 3248
      Evaluation: [ 200/1978]  eta: 0:01:50    time: 0.0622  data: 0.0000  max mem: 3248
      Evaluation: [ 300/1978]  eta: 0:01:44    time: 0.0623  data: 0.0000  max mem: 3248
      Evaluation: [ 400/1978]  eta: 0:01:37    time: 0.0623  data: 0.0000  max mem: 3248
      Evaluation: [ 500/1978]  eta: 0:01:31    time: 0.0624  data: 0.0000  max mem: 3248
      Evaluation: [ 600/1978]  eta: 0:01:25    time: 0.0624  data: 0.0000  max mem: 3248
      Evaluation: [ 700/1978]  eta: 0:01:19    time: 0.0624  data: 0.0000  max mem: 3248
      Evaluation: [ 800/1978]  eta: 0:01:13    time: 0.0626  data: 0.0000  max mem: 3248
      Evaluation: [ 900/1978]  eta: 0:01:07    time: 0.0625  data: 0.0000  max mem: 3248
      Evaluation: [1000/1978]  eta: 0:01:00    time: 0.0624  data: 0.0000  max mem: 3248
      Evaluation: [1100/1978]  eta: 0:00:54    time: 0.0625  data: 0.0000  max mem: 3248
      Evaluation: [1200/1978]  eta: 0:00:48    time: 0.0624  data: 0.0000  max mem: 3248
      Evaluation: [1300/1978]  eta: 0:00:42    time: 0.0623  data: 0.0000  max mem: 3248
      Evaluation: [1400/1978]  eta: 0:00:36    time: 0.0623  data: 0.0000  max mem: 3248
      Evaluation: [1500/1978]  eta: 0:00:29    time: 0.0624  data: 0.0000  max mem: 3248
      Evaluation: [1600/1978]  eta: 0:00:23    time: 0.0624  data: 0.0000  max mem: 3248
      Evaluation: [1700/1978]  eta: 0:00:17    time: 0.0625  data: 0.0000  max mem: 3248
      Evaluation: [1800/1978]  eta: 0:00:11    time: 0.0623  data: 0.0000  max mem: 3248
      Evaluation: [1900/1978]  eta: 0:00:04    time: 0.0626  data: 0.0000  max mem: 3248
      Evaluation: [1977/1978]  eta: 0:00:00    time: 0.0625  data: 0.0000  max mem: 3248
      Evaluation: Total time: 0:02:03 (0.0624 s / it)
     Computing matching score time 0:02:03
### TTA ITM Score: 
+-------+--------+--------+--------+--------+--------+
| epoch |   R1   |   R5   |  R10   |  mAP   |  mINP  |
+-------+--------+--------+--------+--------+--------+
|  -999 | 69.414 | 95.197 | 97.776 | 81.233 | 81.233 |
|  -999 | 84.277 | 99.039 | 99.596 | 91.276 | 91.276 |
|   0   | 84.277 | 98.635 | 99.292 | 91.057 | 91.057 |
|   1   | 84.884 | 98.787 | 99.444 | 91.407 | 91.407 |
|   2   | 85.137 | 98.837 | 99.242 | 91.578 | 91.578 |
|   3   | 85.187 | 98.787 | 99.444 | 91.577 | 91.577 |
|   4   | 85.035 | 98.787 | 99.343 | 91.458 | 91.458 |
|   5   | 85.137 | 98.837 | 99.292 | 91.526 | 91.526 |
|   6   | 85.137 | 98.787 | 99.343 | 91.543 | 91.543 |
|   7   | 85.187 | 98.787 | 99.393 | 91.530 | 91.530 |
|   8   | 85.086 | 98.837 | 99.343 | 91.483 | 91.483 |
+-------+--------+--------+--------+--------+--------+
     logs:  {'epo': 8, 'R1': np.float32(85.086), 'R5': np.float32(98.837), 'R10': np.float32(99.343), 'mAP': np.float32(91.483), 'mINP': np.float32(91.483), 'lr': 0.000148, 'entropy': 0.013094, 'loss': 0.013094}
      TTA Epoch: [9] [  0/123]  eta: 0:01:03  lr: 0.000144  entropy: 0.0073  loss: 0.0073  time: 0.5200  data: 0.4483  max mem: 3248
      TTA Epoch: [9] [100/123]  eta: 0:00:01  lr: 0.000139  entropy: 0.0005  loss: 0.0005  time: 0.0569  data: 0.0001  max mem: 3248
      TTA Epoch: [9] [122/123]  eta: 0:00:00  lr: 0.000138  entropy: 0.0041  loss: 0.0041  time: 0.0566  data: 0.0001  max mem: 3248
      TTA Epoch: [9] Total time: 0:00:07 (0.0615 s / it)
     Averaged stats: lr: 0.0001  entropy: 0.0118  loss: 0.0118
     Computing matching score
      Evaluation: [   0/1978]  eta: 0:00:24    time: 0.0124  data: 0.0037  max mem: 3248
      Evaluation: [ 100/1978]  eta: 0:01:56    time: 0.0623  data: 0.0000  max mem: 3248
      Evaluation: [ 200/1978]  eta: 0:01:50    time: 0.0621  data: 0.0000  max mem: 3248
      Evaluation: [ 300/1978]  eta: 0:01:44    time: 0.0622  data: 0.0000  max mem: 3248
      Evaluation: [ 400/1978]  eta: 0:01:38    time: 0.0621  data: 0.0000  max mem: 3248
      Evaluation: [ 500/1978]  eta: 0:01:31    time: 0.0621  data: 0.0000  max mem: 3248
      Evaluation: [ 600/1978]  eta: 0:01:25    time: 0.0621  data: 0.0000  max mem: 3248
      Evaluation: [ 700/1978]  eta: 0:01:19    time: 0.0622  data: 0.0000  max mem: 3248
      Evaluation: [ 800/1978]  eta: 0:01:13    time: 0.0621  data: 0.0000  max mem: 3248
      Evaluation: [ 900/1978]  eta: 0:01:06    time: 0.0623  data: 0.0000  max mem: 3248
      Evaluation: [1000/1978]  eta: 0:01:00    time: 0.0622  data: 0.0000  max mem: 3248
      Evaluation: [1100/1978]  eta: 0:00:54    time: 0.0622  data: 0.0000  max mem: 3248
      Evaluation: [1200/1978]  eta: 0:00:48    time: 0.0622  data: 0.0000  max mem: 3248
      Evaluation: [1300/1978]  eta: 0:00:42    time: 0.0621  data: 0.0000  max mem: 3248
      Evaluation: [1400/1978]  eta: 0:00:35    time: 0.0620  data: 0.0000  max mem: 3248
      Evaluation: [1500/1978]  eta: 0:00:29    time: 0.0621  data: 0.0000  max mem: 3248
      Evaluation: [1600/1978]  eta: 0:00:23    time: 0.0620  data: 0.0000  max mem: 3248
      Evaluation: [1700/1978]  eta: 0:00:17    time: 0.0620  data: 0.0000  max mem: 3248
      Evaluation: [1800/1978]  eta: 0:00:11    time: 0.0620  data: 0.0000  max mem: 3248
      Evaluation: [1900/1978]  eta: 0:00:04    time: 0.0620  data: 0.0000  max mem: 3248
      Evaluation: [1977/1978]  eta: 0:00:00    time: 0.0621  data: 0.0000  max mem: 3248
      Evaluation: Total time: 0:02:02 (0.0621 s / it)
     Computing matching score time 0:02:03
### TTA ITM Score: 
+-------+--------+--------+--------+--------+--------+
| epoch |   R1   |   R5   |  R10   |  mAP   |  mINP  |
+-------+--------+--------+--------+--------+--------+
|  -999 | 69.414 | 95.197 | 97.776 | 81.233 | 81.233 |
|  -999 | 84.277 | 99.039 | 99.596 | 91.276 | 91.276 |
|   0   | 84.277 | 98.635 | 99.292 | 91.057 | 91.057 |
|   1   | 84.884 | 98.787 | 99.444 | 91.407 | 91.407 |
|   2   | 85.137 | 98.837 | 99.242 | 91.578 | 91.578 |
|   3   | 85.187 | 98.787 | 99.444 | 91.577 | 91.577 |
|   4   | 85.035 | 98.787 | 99.343 | 91.458 | 91.458 |
|   5   | 85.137 | 98.837 | 99.292 | 91.526 | 91.526 |
|   6   | 85.137 | 98.787 | 99.343 | 91.543 | 91.543 |
|   7   | 85.187 | 98.787 | 99.393 | 91.530 | 91.530 |
|   8   | 85.086 | 98.837 | 99.343 | 91.483 | 91.483 |
|   9   | 85.035 | 98.736 | 99.343 | 91.450 | 91.450 |
+-------+--------+--------+--------+--------+--------+
     logs:  {'epo': 9, 'R1': np.float32(85.035), 'R5': np.float32(98.736), 'R10': np.float32(99.343), 'mAP': np.float32(91.45), 'mINP': np.float32(91.45), 'lr': 0.000141, 'entropy': 0.011752, 'loss': 0.011752}
      TTA Epoch: [10] [  0/123]  eta: 0:01:17  lr: 0.000138  entropy: 0.0433  loss: 0.0433  time: 0.6288  data: 0.5557  max mem: 3248
      TTA Epoch: [10] [100/123]  eta: 0:00:01  lr: 0.000132  entropy: 0.0977  loss: 0.0977  time: 0.0567  data: 0.0001  max mem: 3248
      TTA Epoch: [10] [122/123]  eta: 0:00:00  lr: 0.000131  entropy: 0.0015  loss: 0.0015  time: 0.0568  data: 0.0001  max mem: 3248
      TTA Epoch: [10] Total time: 0:00:07 (0.0619 s / it)
     Averaged stats: lr: 0.0001  entropy: 0.0106  loss: 0.0106
     Computing matching score
      Evaluation: [   0/1978]  eta: 0:00:20    time: 0.0104  data: 0.0024  max mem: 3248
      Evaluation: [ 100/1978]  eta: 0:01:55    time: 0.0620  data: 0.0000  max mem: 3248
      Evaluation: [ 200/1978]  eta: 0:01:49    time: 0.0620  data: 0.0000  max mem: 3248
      Evaluation: [ 300/1978]  eta: 0:01:43    time: 0.0620  data: 0.0000  max mem: 3248
      Evaluation: [ 400/1978]  eta: 0:01:37    time: 0.0620  data: 0.0000  max mem: 3248
      Evaluation: [ 500/1978]  eta: 0:01:31    time: 0.0620  data: 0.0000  max mem: 3248
      Evaluation: [ 600/1978]  eta: 0:01:25    time: 0.0620  data: 0.0000  max mem: 3248
      Evaluation: [ 700/1978]  eta: 0:01:19    time: 0.0620  data: 0.0000  max mem: 3248
      Evaluation: [ 800/1978]  eta: 0:01:12    time: 0.0619  data: 0.0000  max mem: 3248
      Evaluation: [ 900/1978]  eta: 0:01:06    time: 0.0618  data: 0.0000  max mem: 3248
      Evaluation: [1000/1978]  eta: 0:01:00    time: 0.0621  data: 0.0000  max mem: 3248
      Evaluation: [1100/1978]  eta: 0:00:54    time: 0.0621  data: 0.0000  max mem: 3248
      Evaluation: [1200/1978]  eta: 0:00:48    time: 0.0622  data: 0.0000  max mem: 3248
      Evaluation: [1300/1978]  eta: 0:00:42    time: 0.0622  data: 0.0000  max mem: 3248
      Evaluation: [1400/1978]  eta: 0:00:35    time: 0.0622  data: 0.0000  max mem: 3248
      Evaluation: [1500/1978]  eta: 0:00:29    time: 0.0623  data: 0.0000  max mem: 3248
      Evaluation: [1600/1978]  eta: 0:00:23    time: 0.0622  data: 0.0000  max mem: 3248
      Evaluation: [1700/1978]  eta: 0:00:17    time: 0.0633  data: 0.0000  max mem: 3248
      Evaluation: [1800/1978]  eta: 0:00:11    time: 0.0622  data: 0.0000  max mem: 3248
      Evaluation: [1900/1978]  eta: 0:00:04    time: 0.0622  data: 0.0000  max mem: 3248
      Evaluation: [1977/1978]  eta: 0:00:00    time: 0.0622  data: 0.0000  max mem: 3248
      Evaluation: Total time: 0:02:02 (0.0621 s / it)
     Computing matching score time 0:02:03
### TTA ITM Score: 
+-------+--------+--------+--------+--------+--------+
| epoch |   R1   |   R5   |  R10   |  mAP   |  mINP  |
+-------+--------+--------+--------+--------+--------+
|  -999 | 69.414 | 95.197 | 97.776 | 81.233 | 81.233 |
|  -999 | 84.277 | 99.039 | 99.596 | 91.276 | 91.276 |
|   0   | 84.277 | 98.635 | 99.292 | 91.057 | 91.057 |
|   1   | 84.884 | 98.787 | 99.444 | 91.407 | 91.407 |
|   2   | 85.137 | 98.837 | 99.242 | 91.578 | 91.578 |
|   3   | 85.187 | 98.787 | 99.444 | 91.577 | 91.577 |
|   4   | 85.035 | 98.787 | 99.343 | 91.458 | 91.458 |
|   5   | 85.137 | 98.837 | 99.292 | 91.526 | 91.526 |
|   6   | 85.137 | 98.787 | 99.343 | 91.543 | 91.543 |
|   7   | 85.187 | 98.787 | 99.393 | 91.530 | 91.530 |
|   8   | 85.086 | 98.837 | 99.343 | 91.483 | 91.483 |
|   9   | 85.035 | 98.736 | 99.343 | 91.450 | 91.450 |
|   10  | 85.035 | 98.787 | 99.393 | 91.454 | 91.454 |
+-------+--------+--------+--------+--------+--------+
     logs:  {'epo': 10, 'R1': np.float32(85.035), 'R5': np.float32(98.787), 'R10': np.float32(99.393), 'mAP': np.float32(91.454), 'mINP': np.float32(91.454), 'lr': 0.000134, 'entropy': 0.01056, 'loss': 0.01056}
      TTA Epoch: [11] [  0/123]  eta: 0:01:04  lr: 0.000131  entropy: 0.0101  loss: 0.0101  time: 0.5237  data: 0.3935  max mem: 3248
      TTA Epoch: [11] [100/123]  eta: 0:00:01  lr: 0.000125  entropy: 0.0016  loss: 0.0016  time: 0.0572  data: 0.0001  max mem: 3248
      TTA Epoch: [11] [122/123]  eta: 0:00:00  lr: 0.000124  entropy: 0.0330  loss: 0.0330  time: 0.0571  data: 0.0001  max mem: 3248
      TTA Epoch: [11] Total time: 0:00:07 (0.0615 s / it)
     Averaged stats: lr: 0.0001  entropy: 0.0093  loss: 0.0093
     Computing matching score
      Evaluation: [   0/1978]  eta: 0:00:19    time: 0.0101  data: 0.0030  max mem: 3248
      Evaluation: [ 100/1978]  eta: 0:01:55    time: 0.0621  data: 0.0000  max mem: 3248
      Evaluation: [ 200/1978]  eta: 0:01:49    time: 0.0622  data: 0.0000  max mem: 3248
      Evaluation: [ 300/1978]  eta: 0:01:43    time: 0.0623  data: 0.0000  max mem: 3248
      Evaluation: [ 400/1978]  eta: 0:01:37    time: 0.0622  data: 0.0000  max mem: 3248
      Evaluation: [ 500/1978]  eta: 0:01:31    time: 0.0625  data: 0.0000  max mem: 3248
      Evaluation: [ 600/1978]  eta: 0:01:25    time: 0.0623  data: 0.0000  max mem: 3248
      Evaluation: [ 700/1978]  eta: 0:01:19    time: 0.0626  data: 0.0000  max mem: 3248
      Evaluation: [ 800/1978]  eta: 0:01:13    time: 0.0623  data: 0.0000  max mem: 3248
      Evaluation: [ 900/1978]  eta: 0:01:07    time: 0.0623  data: 0.0000  max mem: 3248
      Evaluation: [1000/1978]  eta: 0:01:00    time: 0.0623  data: 0.0000  max mem: 3248
      Evaluation: [1100/1978]  eta: 0:00:54    time: 0.0624  data: 0.0000  max mem: 3248
      Evaluation: [1200/1978]  eta: 0:00:48    time: 0.0624  data: 0.0000  max mem: 3248
      Evaluation: [1300/1978]  eta: 0:00:42    time: 0.0624  data: 0.0000  max mem: 3248
      Evaluation: [1400/1978]  eta: 0:00:35    time: 0.0624  data: 0.0000  max mem: 3248
      Evaluation: [1500/1978]  eta: 0:00:29    time: 0.0627  data: 0.0000  max mem: 3248
      Evaluation: [1600/1978]  eta: 0:00:23    time: 0.0625  data: 0.0000  max mem: 3248
      Evaluation: [1700/1978]  eta: 0:00:17    time: 0.0628  data: 0.0000  max mem: 3248
      Evaluation: [1800/1978]  eta: 0:00:11    time: 0.0625  data: 0.0000  max mem: 3248
      Evaluation: [1900/1978]  eta: 0:00:04    time: 0.0624  data: 0.0000  max mem: 3248
      Evaluation: [1977/1978]  eta: 0:00:00    time: 0.0625  data: 0.0000  max mem: 3248
      Evaluation: Total time: 0:02:03 (0.0624 s / it)
     Computing matching score time 0:02:03
### TTA ITM Score: 
+-------+--------+--------+--------+--------+--------+
| epoch |   R1   |   R5   |  R10   |  mAP   |  mINP  |
+-------+--------+--------+--------+--------+--------+
|  -999 | 69.414 | 95.197 | 97.776 | 81.233 | 81.233 |
|  -999 | 84.277 | 99.039 | 99.596 | 91.276 | 91.276 |
|   0   | 84.277 | 98.635 | 99.292 | 91.057 | 91.057 |
|   1   | 84.884 | 98.787 | 99.444 | 91.407 | 91.407 |
|   2   | 85.137 | 98.837 | 99.242 | 91.578 | 91.578 |
|   3   | 85.187 | 98.787 | 99.444 | 91.577 | 91.577 |
|   4   | 85.035 | 98.787 | 99.343 | 91.458 | 91.458 |
|   5   | 85.137 | 98.837 | 99.292 | 91.526 | 91.526 |
|   6   | 85.137 | 98.787 | 99.343 | 91.543 | 91.543 |
|   7   | 85.187 | 98.787 | 99.393 | 91.530 | 91.530 |
|   8   | 85.086 | 98.837 | 99.343 | 91.483 | 91.483 |
|   9   | 85.035 | 98.736 | 99.343 | 91.450 | 91.450 |
|   10  | 85.035 | 98.787 | 99.393 | 91.454 | 91.454 |
|   11  | 85.035 | 98.787 | 99.393 | 91.448 | 91.448 |
+-------+--------+--------+--------+--------+--------+
     logs:  {'epo': 11, 'R1': np.float32(85.035), 'R5': np.float32(98.787), 'R10': np.float32(99.393), 'mAP': np.float32(91.448), 'mINP': np.float32(91.448), 'lr': 0.000127, 'entropy': 0.009295, 'loss': 0.009295}
      TTA Epoch: [12] [  0/123]  eta: 0:00:45  lr: 0.000124  entropy: 0.0013  loss: 0.0013  time: 0.3659  data: 0.2903  max mem: 3248
      TTA Epoch: [12] [100/123]  eta: 0:00:01  lr: 0.000118  entropy: 0.0014  loss: 0.0014  time: 0.0582  data: 0.0001  max mem: 3248
      TTA Epoch: [12] [122/123]  eta: 0:00:00  lr: 0.000117  entropy: 0.0029  loss: 0.0029  time: 0.0580  data: 0.0001  max mem: 3248
      TTA Epoch: [12] Total time: 0:00:07 (0.0606 s / it)
     Averaged stats: lr: 0.0001  entropy: 0.0081  loss: 0.0081
     Computing matching score
      Evaluation: [   0/1978]  eta: 0:00:21    time: 0.0109  data: 0.0032  max mem: 3248
      Evaluation: [ 100/1978]  eta: 0:01:55    time: 0.0622  data: 0.0000  max mem: 3248
      Evaluation: [ 200/1978]  eta: 0:01:50    time: 0.0623  data: 0.0000  max mem: 3248
      Evaluation: [ 300/1978]  eta: 0:01:44    time: 0.0623  data: 0.0000  max mem: 3248
      Evaluation: [ 400/1978]  eta: 0:01:38    time: 0.0626  data: 0.0000  max mem: 3248
      Evaluation: [ 500/1978]  eta: 0:01:31    time: 0.0624  data: 0.0000  max mem: 3248
      Evaluation: [ 600/1978]  eta: 0:01:25    time: 0.0627  data: 0.0000  max mem: 3248
      Evaluation: [ 700/1978]  eta: 0:01:19    time: 0.0624  data: 0.0000  max mem: 3248
      Evaluation: [ 800/1978]  eta: 0:01:13    time: 0.0625  data: 0.0000  max mem: 3248
      Evaluation: [ 900/1978]  eta: 0:01:07    time: 0.0625  data: 0.0000  max mem: 3248
      Evaluation: [1000/1978]  eta: 0:01:00    time: 0.0625  data: 0.0000  max mem: 3248
      Evaluation: [1100/1978]  eta: 0:00:54    time: 0.0624  data: 0.0000  max mem: 3248
      Evaluation: [1200/1978]  eta: 0:00:48    time: 0.0625  data: 0.0000  max mem: 3248
      Evaluation: [1300/1978]  eta: 0:00:42    time: 0.0625  data: 0.0000  max mem: 3248
      Evaluation: [1400/1978]  eta: 0:00:36    time: 0.0627  data: 0.0000  max mem: 3248
      Evaluation: [1500/1978]  eta: 0:00:29    time: 0.0625  data: 0.0000  max mem: 3248
      Evaluation: [1600/1978]  eta: 0:00:23    time: 0.0627  data: 0.0000  max mem: 3248
      Evaluation: [1700/1978]  eta: 0:00:17    time: 0.0625  data: 0.0000  max mem: 3248
      Evaluation: [1800/1978]  eta: 0:00:11    time: 0.0624  data: 0.0000  max mem: 3248
      Evaluation: [1900/1978]  eta: 0:00:04    time: 0.0624  data: 0.0000  max mem: 3248
      Evaluation: [1977/1978]  eta: 0:00:00    time: 0.0623  data: 0.0000  max mem: 3248
      Evaluation: Total time: 0:02:03 (0.0624 s / it)
     Computing matching score time 0:02:03
### TTA ITM Score: 
+-------+--------+--------+--------+--------+--------+
| epoch |   R1   |   R5   |  R10   |  mAP   |  mINP  |
+-------+--------+--------+--------+--------+--------+
|  -999 | 69.414 | 95.197 | 97.776 | 81.233 | 81.233 |
|  -999 | 84.277 | 99.039 | 99.596 | 91.276 | 91.276 |
|   0   | 84.277 | 98.635 | 99.292 | 91.057 | 91.057 |
|   1   | 84.884 | 98.787 | 99.444 | 91.407 | 91.407 |
|   2   | 85.137 | 98.837 | 99.242 | 91.578 | 91.578 |
|   3   | 85.187 | 98.787 | 99.444 | 91.577 | 91.577 |
|   4   | 85.035 | 98.787 | 99.343 | 91.458 | 91.458 |
|   5   | 85.137 | 98.837 | 99.292 | 91.526 | 91.526 |
|   6   | 85.137 | 98.787 | 99.343 | 91.543 | 91.543 |
|   7   | 85.187 | 98.787 | 99.393 | 91.530 | 91.530 |
|   8   | 85.086 | 98.837 | 99.343 | 91.483 | 91.483 |
|   9   | 85.035 | 98.736 | 99.343 | 91.450 | 91.450 |
|   10  | 85.035 | 98.787 | 99.393 | 91.454 | 91.454 |
|   11  | 85.035 | 98.787 | 99.393 | 91.448 | 91.448 |
|   12  | 84.985 | 98.787 | 99.393 | 91.424 | 91.424 |
+-------+--------+--------+--------+--------+--------+
     logs:  {'epo': 12, 'R1': np.float32(84.985), 'R5': np.float32(98.787), 'R10': np.float32(99.393), 'mAP': np.float32(91.424), 'mINP': np.float32(91.424), 'lr': 0.000121, 'entropy': 0.008107, 'loss': 0.008107}
      TTA Epoch: [13] [  0/123]  eta: 0:00:54  lr: 0.000117  entropy: 0.0048  loss: 0.0048  time: 0.4428  data: 0.3704  max mem: 3248
      TTA Epoch: [13] [100/123]  eta: 0:00:01  lr: 0.000112  entropy: 0.0028  loss: 0.0028  time: 0.0577  data: 0.0001  max mem: 3248
      TTA Epoch: [13] [122/123]  eta: 0:00:00  lr: 0.000110  entropy: 0.0008  loss: 0.0008  time: 0.0568  data: 0.0001  max mem: 3248
      TTA Epoch: [13] Total time: 0:00:07 (0.0606 s / it)
     Averaged stats: lr: 0.0001  entropy: 0.0072  loss: 0.0072
     Computing matching score
      Evaluation: [   0/1978]  eta: 0:00:20    time: 0.0104  data: 0.0023  max mem: 3248
      Evaluation: [ 100/1978]  eta: 0:01:55    time: 0.0622  data: 0.0000  max mem: 3248
      Evaluation: [ 200/1978]  eta: 0:01:50    time: 0.0623  data: 0.0000  max mem: 3248
      Evaluation: [ 300/1978]  eta: 0:01:44    time: 0.0623  data: 0.0000  max mem: 3248
      Evaluation: [ 400/1978]  eta: 0:01:38    time: 0.0624  data: 0.0000  max mem: 3248
      Evaluation: [ 500/1978]  eta: 0:01:31    time: 0.0625  data: 0.0000  max mem: 3248
      Evaluation: [ 600/1978]  eta: 0:01:25    time: 0.0622  data: 0.0000  max mem: 3248
      Evaluation: [ 700/1978]  eta: 0:01:19    time: 0.0622  data: 0.0000  max mem: 3248
      Evaluation: [ 800/1978]  eta: 0:01:13    time: 0.0622  data: 0.0000  max mem: 3248
      Evaluation: [ 900/1978]  eta: 0:01:07    time: 0.0622  data: 0.0000  max mem: 3248
      Evaluation: [1000/1978]  eta: 0:01:00    time: 0.0621  data: 0.0000  max mem: 3248
      Evaluation: [1100/1978]  eta: 0:00:54    time: 0.0622  data: 0.0000  max mem: 3248
      Evaluation: [1200/1978]  eta: 0:00:48    time: 0.0622  data: 0.0000  max mem: 3248
      Evaluation: [1300/1978]  eta: 0:00:42    time: 0.0623  data: 0.0000  max mem: 3248
      Evaluation: [1400/1978]  eta: 0:00:35    time: 0.0623  data: 0.0000  max mem: 3248
      Evaluation: [1500/1978]  eta: 0:00:29    time: 0.0622  data: 0.0000  max mem: 3248
      Evaluation: [1600/1978]  eta: 0:00:23    time: 0.0623  data: 0.0000  max mem: 3248
      Evaluation: [1700/1978]  eta: 0:00:17    time: 0.0621  data: 0.0000  max mem: 3248
      Evaluation: [1800/1978]  eta: 0:00:11    time: 0.0621  data: 0.0000  max mem: 3248
      Evaluation: [1900/1978]  eta: 0:00:04    time: 0.0620  data: 0.0000  max mem: 3248
      Evaluation: [1977/1978]  eta: 0:00:00    time: 0.0622  data: 0.0000  max mem: 3248
      Evaluation: Total time: 0:02:03 (0.0622 s / it)
     Computing matching score time 0:02:03
### TTA ITM Score: 
+-------+--------+--------+--------+--------+--------+
| epoch |   R1   |   R5   |  R10   |  mAP   |  mINP  |
+-------+--------+--------+--------+--------+--------+
|  -999 | 69.414 | 95.197 | 97.776 | 81.233 | 81.233 |
|  -999 | 84.277 | 99.039 | 99.596 | 91.276 | 91.276 |
|   0   | 84.277 | 98.635 | 99.292 | 91.057 | 91.057 |
|   1   | 84.884 | 98.787 | 99.444 | 91.407 | 91.407 |
|   2   | 85.137 | 98.837 | 99.242 | 91.578 | 91.578 |
|   3   | 85.187 | 98.787 | 99.444 | 91.577 | 91.577 |
|   4   | 85.035 | 98.787 | 99.343 | 91.458 | 91.458 |
|   5   | 85.137 | 98.837 | 99.292 | 91.526 | 91.526 |
|   6   | 85.137 | 98.787 | 99.343 | 91.543 | 91.543 |
|   7   | 85.187 | 98.787 | 99.393 | 91.530 | 91.530 |
|   8   | 85.086 | 98.837 | 99.343 | 91.483 | 91.483 |
|   9   | 85.035 | 98.736 | 99.343 | 91.450 | 91.450 |
|   10  | 85.035 | 98.787 | 99.393 | 91.454 | 91.454 |
|   11  | 85.035 | 98.787 | 99.393 | 91.448 | 91.448 |
|   12  | 84.985 | 98.787 | 99.393 | 91.424 | 91.424 |
|   13  | 84.985 | 98.736 | 99.393 | 91.421 | 91.421 |
+-------+--------+--------+--------+--------+--------+
     logs:  {'epo': 13, 'R1': np.float32(84.985), 'R5': np.float32(98.736), 'R10': np.float32(99.393), 'mAP': np.float32(91.421), 'mINP': np.float32(91.421), 'lr': 0.000114, 'entropy': 0.00718, 'loss': 0.00718}
      TTA Epoch: [14] [  0/123]  eta: 0:01:33  lr: 0.000110  entropy: 0.0366  loss: 0.0366  time: 0.7604  data: 0.6721  max mem: 3248
      TTA Epoch: [14] [100/123]  eta: 0:00:01  lr: 0.000105  entropy: 0.0018  loss: 0.0018  time: 0.0563  data: 0.0001  max mem: 3248
      TTA Epoch: [14] [122/123]  eta: 0:00:00  lr: 0.000104  entropy: 0.0445  loss: 0.0445  time: 0.0561  data: 0.0001  max mem: 3248
      TTA Epoch: [14] Total time: 0:00:07 (0.0632 s / it)
     Averaged stats: lr: 0.0001  entropy: 0.0064  loss: 0.0064
     Computing matching score
      Evaluation: [   0/1978]  eta: 0:00:20    time: 0.0106  data: 0.0032  max mem: 3248
      Evaluation: [ 100/1978]  eta: 0:01:55    time: 0.0619  data: 0.0000  max mem: 3248
      Evaluation: [ 200/1978]  eta: 0:01:49    time: 0.0619  data: 0.0000  max mem: 3248
      Evaluation: [ 300/1978]  eta: 0:01:43    time: 0.0620  data: 0.0000  max mem: 3248
      Evaluation: [ 400/1978]  eta: 0:01:37    time: 0.0620  data: 0.0000  max mem: 3248
      Evaluation: [ 500/1978]  eta: 0:01:31    time: 0.0619  data: 0.0000  max mem: 3248
      Evaluation: [ 600/1978]  eta: 0:01:25    time: 0.0621  data: 0.0000  max mem: 3248
      Evaluation: [ 700/1978]  eta: 0:01:19    time: 0.0621  data: 0.0000  max mem: 3248
      Evaluation: [ 800/1978]  eta: 0:01:12    time: 0.0620  data: 0.0000  max mem: 3248
      Evaluation: [ 900/1978]  eta: 0:01:06    time: 0.0622  data: 0.0000  max mem: 3248
      Evaluation: [1000/1978]  eta: 0:01:00    time: 0.0620  data: 0.0000  max mem: 3248
      Evaluation: [1100/1978]  eta: 0:00:54    time: 0.0621  data: 0.0000  max mem: 3248
      Evaluation: [1200/1978]  eta: 0:00:48    time: 0.0621  data: 0.0000  max mem: 3248
      Evaluation: [1300/1978]  eta: 0:00:41    time: 0.0620  data: 0.0000  max mem: 3248
      Evaluation: [1400/1978]  eta: 0:00:35    time: 0.0621  data: 0.0000  max mem: 3248
      Evaluation: [1500/1978]  eta: 0:00:29    time: 0.0621  data: 0.0000  max mem: 3248
      Evaluation: [1600/1978]  eta: 0:00:23    time: 0.0621  data: 0.0000  max mem: 3248
      Evaluation: [1700/1978]  eta: 0:00:17    time: 0.0621  data: 0.0000  max mem: 3248
      Evaluation: [1800/1978]  eta: 0:00:11    time: 0.0622  data: 0.0000  max mem: 3248
      Evaluation: [1900/1978]  eta: 0:00:04    time: 0.0622  data: 0.0000  max mem: 3248
      Evaluation: [1977/1978]  eta: 0:00:00    time: 0.0622  data: 0.0000  max mem: 3248
      Evaluation: Total time: 0:02:02 (0.0621 s / it)
     Computing matching score time 0:02:03
### TTA ITM Score: 
+-------+--------+--------+--------+--------+--------+
| epoch |   R1   |   R5   |  R10   |  mAP   |  mINP  |
+-------+--------+--------+--------+--------+--------+
|  -999 | 69.414 | 95.197 | 97.776 | 81.233 | 81.233 |
|  -999 | 84.277 | 99.039 | 99.596 | 91.276 | 91.276 |
|   0   | 84.277 | 98.635 | 99.292 | 91.057 | 91.057 |
|   1   | 84.884 | 98.787 | 99.444 | 91.407 | 91.407 |
|   2   | 85.137 | 98.837 | 99.242 | 91.578 | 91.578 |
|   3   | 85.187 | 98.787 | 99.444 | 91.577 | 91.577 |
|   4   | 85.035 | 98.787 | 99.343 | 91.458 | 91.458 |
|   5   | 85.137 | 98.837 | 99.292 | 91.526 | 91.526 |
|   6   | 85.137 | 98.787 | 99.343 | 91.543 | 91.543 |
|   7   | 85.187 | 98.787 | 99.393 | 91.530 | 91.530 |
|   8   | 85.086 | 98.837 | 99.343 | 91.483 | 91.483 |
|   9   | 85.035 | 98.736 | 99.343 | 91.450 | 91.450 |
|   10  | 85.035 | 98.787 | 99.393 | 91.454 | 91.454 |
|   11  | 85.035 | 98.787 | 99.393 | 91.448 | 91.448 |
|   12  | 84.985 | 98.787 | 99.393 | 91.424 | 91.424 |
|   13  | 84.985 | 98.736 | 99.393 | 91.421 | 91.421 |
|   14  | 84.985 | 98.686 | 99.343 | 91.420 | 91.420 |
+-------+--------+--------+--------+--------+--------+
     logs:  {'epo': 14, 'R1': np.float32(84.985), 'R5': np.float32(98.686), 'R10': np.float32(99.343), 'mAP': np.float32(91.42), 'mINP': np.float32(91.42), 'lr': 0.000107, 'entropy': 0.006429, 'loss': 0.006429}
      TTA Epoch: [15] [  0/123]  eta: 0:16:05  lr: 0.000104  entropy: 0.0020  loss: 0.0020  time: 7.8481  data: 6.3864  max mem: 3248
      TTA Epoch: [15] [100/123]  eta: 0:00:04  lr: 0.000098  entropy: 0.0010  loss: 0.0010  time: 0.0683  data: 0.0115  max mem: 3248
      TTA Epoch: [15] [122/123]  eta: 0:00:00  lr: 0.000097  entropy: 0.0011  loss: 0.0011  time: 0.0627  data: 0.0066  max mem: 3248
      TTA Epoch: [15] Total time: 0:00:21 (0.1735 s / it)
     Averaged stats: lr: 0.0001  entropy: 0.0056  loss: 0.0056
     Computing matching score
      Evaluation: [   0/1978]  eta: 0:01:41    time: 0.0512  data: 0.0047  max mem: 3248
      Evaluation: [ 100/1978]  eta: 0:01:54    time: 0.0612  data: 0.0000  max mem: 3248
      Evaluation: [ 200/1978]  eta: 0:01:48    time: 0.0614  data: 0.0000  max mem: 3248
      Evaluation: [ 300/1978]  eta: 0:01:42    time: 0.0616  data: 0.0000  max mem: 3248
      Evaluation: [ 400/1978]  eta: 0:01:36    time: 0.0617  data: 0.0000  max mem: 3248
      Evaluation: [ 500/1978]  eta: 0:01:30    time: 0.0619  data: 0.0000  max mem: 3248
      Evaluation: [ 600/1978]  eta: 0:01:24    time: 0.0619  data: 0.0000  max mem: 3248
      Evaluation: [ 700/1978]  eta: 0:01:18    time: 0.0620  data: 0.0000  max mem: 3248
      Evaluation: [ 800/1978]  eta: 0:01:12    time: 0.0621  data: 0.0000  max mem: 3248
      Evaluation: [ 900/1978]  eta: 0:01:06    time: 0.0621  data: 0.0000  max mem: 3248
      Evaluation: [1000/1978]  eta: 0:01:00    time: 0.0621  data: 0.0000  max mem: 3248
      Evaluation: [1100/1978]  eta: 0:00:54    time: 0.0622  data: 0.0000  max mem: 3248
      Evaluation: [1200/1978]  eta: 0:00:48    time: 0.0623  data: 0.0028  max mem: 3248
      Evaluation: [1300/1978]  eta: 0:00:41    time: 0.0623  data: 0.0000  max mem: 3248
      Evaluation: [1400/1978]  eta: 0:00:35    time: 0.0623  data: 0.0000  max mem: 3248
      Evaluation: [1500/1978]  eta: 0:00:29    time: 0.0624  data: 0.0000  max mem: 3248
      Evaluation: [1600/1978]  eta: 0:00:23    time: 0.0623  data: 0.0000  max mem: 3248
      Evaluation: [1700/1978]  eta: 0:00:17    time: 0.0624  data: 0.0000  max mem: 3248
      Evaluation: [1800/1978]  eta: 0:00:11    time: 0.0624  data: 0.0000  max mem: 3248
      Evaluation: [1900/1978]  eta: 0:00:04    time: 0.0624  data: 0.0000  max mem: 3248
      Evaluation: [1977/1978]  eta: 0:00:00    time: 0.0624  data: 0.0000  max mem: 3248
      Evaluation: Total time: 0:02:03 (0.0622 s / it)
     Computing matching score time 0:02:03
### TTA ITM Score: 
+-------+--------+--------+--------+--------+--------+
| epoch |   R1   |   R5   |  R10   |  mAP   |  mINP  |
+-------+--------+--------+--------+--------+--------+
|  -999 | 69.414 | 95.197 | 97.776 | 81.233 | 81.233 |
|  -999 | 84.277 | 99.039 | 99.596 | 91.276 | 91.276 |
|   0   | 84.277 | 98.635 | 99.292 | 91.057 | 91.057 |
|   1   | 84.884 | 98.787 | 99.444 | 91.407 | 91.407 |
|   2   | 85.137 | 98.837 | 99.242 | 91.578 | 91.578 |
|   3   | 85.187 | 98.787 | 99.444 | 91.577 | 91.577 |
|   4   | 85.035 | 98.787 | 99.343 | 91.458 | 91.458 |
|   5   | 85.137 | 98.837 | 99.292 | 91.526 | 91.526 |
|   6   | 85.137 | 98.787 | 99.343 | 91.543 | 91.543 |
|   7   | 85.187 | 98.787 | 99.393 | 91.530 | 91.530 |
|   8   | 85.086 | 98.837 | 99.343 | 91.483 | 91.483 |
|   9   | 85.035 | 98.736 | 99.343 | 91.450 | 91.450 |
|   10  | 85.035 | 98.787 | 99.393 | 91.454 | 91.454 |
|   11  | 85.035 | 98.787 | 99.393 | 91.448 | 91.448 |
|   12  | 84.985 | 98.787 | 99.393 | 91.424 | 91.424 |
|   13  | 84.985 | 98.736 | 99.393 | 91.421 | 91.421 |
|   14  | 84.985 | 98.686 | 99.343 | 91.420 | 91.420 |
|   15  | 85.035 | 98.635 | 99.343 | 91.439 | 91.439 |
+-------+--------+--------+--------+--------+--------+
     logs:  {'epo': 15, 'R1': np.float32(85.035), 'R5': np.float32(98.635), 'R10': np.float32(99.343), 'mAP': np.float32(91.439), 'mINP': np.float32(91.439), 'lr': 0.0001, 'entropy': 0.005557, 'loss': 0.005557}
      TTA Epoch: [16] [  0/123]  eta: 0:07:20  lr: 0.000097  entropy: 0.0007  loss: 0.0007  time: 3.5828  data: 3.2600  max mem: 3248
      TTA Epoch: [16] [100/123]  eta: 0:00:03  lr: 0.000091  entropy: 0.0005  loss: 0.0005  time: 0.0644  data: 0.0077  max mem: 3248
      TTA Epoch: [16] [122/123]  eta: 0:00:00  lr: 0.000090  entropy: 0.0005  loss: 0.0005  time: 0.0573  data: 0.0004  max mem: 3248
      TTA Epoch: [16] Total time: 0:00:15 (0.1269 s / it)
     Averaged stats: lr: 0.0001  entropy: 0.0049  loss: 0.0049
     Computing matching score
      Evaluation: [   0/1978]  eta: 0:00:31    time: 0.0159  data: 0.0037  max mem: 3248
      Evaluation: [ 100/1978]  eta: 0:01:54    time: 0.0617  data: 0.0000  max mem: 3248
      Evaluation: [ 200/1978]  eta: 0:01:49    time: 0.0618  data: 0.0000  max mem: 3248
      Evaluation: [ 300/1978]  eta: 0:01:43    time: 0.0619  data: 0.0000  max mem: 3248
      Evaluation: [ 400/1978]  eta: 0:01:37    time: 0.0618  data: 0.0000  max mem: 3248
      Evaluation: [ 500/1978]  eta: 0:01:31    time: 0.0621  data: 0.0000  max mem: 3248
      Evaluation: [ 600/1978]  eta: 0:01:25    time: 0.0622  data: 0.0000  max mem: 3248
      Evaluation: [ 700/1978]  eta: 0:01:19    time: 0.0622  data: 0.0000  max mem: 3248
      Evaluation: [ 800/1978]  eta: 0:01:12    time: 0.0624  data: 0.0000  max mem: 3248
      Evaluation: [ 900/1978]  eta: 0:01:06    time: 0.0625  data: 0.0000  max mem: 3248
      Evaluation: [1000/1978]  eta: 0:01:00    time: 0.0625  data: 0.0000  max mem: 3248
      Evaluation: [1100/1978]  eta: 0:00:54    time: 0.0624  data: 0.0000  max mem: 3248
      Evaluation: [1200/1978]  eta: 0:00:48    time: 0.0624  data: 0.0000  max mem: 3248
      Evaluation: [1300/1978]  eta: 0:00:42    time: 0.0624  data: 0.0000  max mem: 3248
      Evaluation: [1400/1978]  eta: 0:00:35    time: 0.0624  data: 0.0000  max mem: 3248
      Evaluation: [1500/1978]  eta: 0:00:29    time: 0.0625  data: 0.0000  max mem: 3248
      Evaluation: [1600/1978]  eta: 0:00:23    time: 0.0625  data: 0.0000  max mem: 3248
      Evaluation: [1700/1978]  eta: 0:00:17    time: 0.0626  data: 0.0000  max mem: 3248
      Evaluation: [1800/1978]  eta: 0:00:11    time: 0.0625  data: 0.0000  max mem: 3248
      Evaluation: [1900/1978]  eta: 0:00:04    time: 0.0625  data: 0.0000  max mem: 3248
      Evaluation: [1977/1978]  eta: 0:00:00    time: 0.0626  data: 0.0000  max mem: 3248
      Evaluation: Total time: 0:02:03 (0.0623 s / it)
     Computing matching score time 0:02:03
### TTA ITM Score: 
+-------+--------+--------+--------+--------+--------+
| epoch |   R1   |   R5   |  R10   |  mAP   |  mINP  |
+-------+--------+--------+--------+--------+--------+
|  -999 | 69.414 | 95.197 | 97.776 | 81.233 | 81.233 |
|  -999 | 84.277 | 99.039 | 99.596 | 91.276 | 91.276 |
|   0   | 84.277 | 98.635 | 99.292 | 91.057 | 91.057 |
|   1   | 84.884 | 98.787 | 99.444 | 91.407 | 91.407 |
|   2   | 85.137 | 98.837 | 99.242 | 91.578 | 91.578 |
|   3   | 85.187 | 98.787 | 99.444 | 91.577 | 91.577 |
|   4   | 85.035 | 98.787 | 99.343 | 91.458 | 91.458 |
|   5   | 85.137 | 98.837 | 99.292 | 91.526 | 91.526 |
|   6   | 85.137 | 98.787 | 99.343 | 91.543 | 91.543 |
|   7   | 85.187 | 98.787 | 99.393 | 91.530 | 91.530 |
|   8   | 85.086 | 98.837 | 99.343 | 91.483 | 91.483 |
|   9   | 85.035 | 98.736 | 99.343 | 91.450 | 91.450 |
|   10  | 85.035 | 98.787 | 99.393 | 91.454 | 91.454 |
|   11  | 85.035 | 98.787 | 99.393 | 91.448 | 91.448 |
|   12  | 84.985 | 98.787 | 99.393 | 91.424 | 91.424 |
|   13  | 84.985 | 98.736 | 99.393 | 91.421 | 91.421 |
|   14  | 84.985 | 98.686 | 99.343 | 91.420 | 91.420 |
|   15  | 85.035 | 98.635 | 99.343 | 91.439 | 91.439 |
|   16  | 85.035 | 98.584 | 99.343 | 91.437 | 91.437 |
+-------+--------+--------+--------+--------+--------+
     logs:  {'epo': 16, 'R1': np.float32(85.035), 'R5': np.float32(98.584), 'R10': np.float32(99.343), 'mAP': np.float32(91.437), 'mINP': np.float32(91.437), 'lr': 9.3e-05, 'entropy': 0.004936, 'loss': 0.004936}
      TTA Epoch: [17] [  0/123]  eta: 0:00:52  lr: 0.000090  entropy: 0.0436  loss: 0.0436  time: 0.4240  data: 0.3250  max mem: 3248
      TTA Epoch: [17] [100/123]  eta: 0:00:01  lr: 0.000084  entropy: 0.0021  loss: 0.0021  time: 0.0584  data: 0.0002  max mem: 3248
      TTA Epoch: [17] [122/123]  eta: 0:00:00  lr: 0.000083  entropy: 0.0001  loss: 0.0001  time: 0.0578  data: 0.0002  max mem: 3248
      TTA Epoch: [17] Total time: 0:00:07 (0.0617 s / it)
     Averaged stats: lr: 0.0001  entropy: 0.0044  loss: 0.0044
     Computing matching score
      Evaluation: [   0/1978]  eta: 0:00:21    time: 0.0106  data: 0.0032  max mem: 3248
      Evaluation: [ 100/1978]  eta: 0:01:56    time: 0.0625  data: 0.0000  max mem: 3248
      Evaluation: [ 200/1978]  eta: 0:01:50    time: 0.0623  data: 0.0000  max mem: 3248
      Evaluation: [ 300/1978]  eta: 0:01:44    time: 0.0624  data: 0.0000  max mem: 3248
      Evaluation: [ 400/1978]  eta: 0:01:38    time: 0.0624  data: 0.0000  max mem: 3248
      Evaluation: [ 500/1978]  eta: 0:01:32    time: 0.0624  data: 0.0000  max mem: 3248
      Evaluation: [ 600/1978]  eta: 0:01:25    time: 0.0625  data: 0.0000  max mem: 3248
      Evaluation: [ 700/1978]  eta: 0:01:19    time: 0.0625  data: 0.0000  max mem: 3248
      Evaluation: [ 800/1978]  eta: 0:01:13    time: 0.0625  data: 0.0000  max mem: 3248
      Evaluation: [ 900/1978]  eta: 0:01:07    time: 0.0625  data: 0.0000  max mem: 3248
      Evaluation: [1000/1978]  eta: 0:01:01    time: 0.0626  data: 0.0000  max mem: 3248
      Evaluation: [1100/1978]  eta: 0:00:54    time: 0.0625  data: 0.0000  max mem: 3248
      Evaluation: [1200/1978]  eta: 0:00:48    time: 0.0628  data: 0.0000  max mem: 3248
      Evaluation: [1300/1978]  eta: 0:00:42    time: 0.0626  data: 0.0000  max mem: 3248
      Evaluation: [1400/1978]  eta: 0:00:36    time: 0.0624  data: 0.0000  max mem: 3248
      Evaluation: [1500/1978]  eta: 0:00:29    time: 0.0624  data: 0.0000  max mem: 3248
      Evaluation: [1600/1978]  eta: 0:00:23    time: 0.0624  data: 0.0000  max mem: 3248
      Evaluation: [1700/1978]  eta: 0:00:17    time: 0.0624  data: 0.0000  max mem: 3248
      Evaluation: [1800/1978]  eta: 0:00:11    time: 0.0624  data: 0.0000  max mem: 3248
      Evaluation: [1900/1978]  eta: 0:00:04    time: 0.0624  data: 0.0000  max mem: 3248
      Evaluation: [1977/1978]  eta: 0:00:00    time: 0.0624  data: 0.0000  max mem: 3248
      Evaluation: Total time: 0:02:03 (0.0624 s / it)
     Computing matching score time 0:02:03
### TTA ITM Score: 
+-------+--------+--------+--------+--------+--------+
| epoch |   R1   |   R5   |  R10   |  mAP   |  mINP  |
+-------+--------+--------+--------+--------+--------+
|  -999 | 69.414 | 95.197 | 97.776 | 81.233 | 81.233 |
|  -999 | 84.277 | 99.039 | 99.596 | 91.276 | 91.276 |
|   0   | 84.277 | 98.635 | 99.292 | 91.057 | 91.057 |
|   1   | 84.884 | 98.787 | 99.444 | 91.407 | 91.407 |
|   2   | 85.137 | 98.837 | 99.242 | 91.578 | 91.578 |
|   3   | 85.187 | 98.787 | 99.444 | 91.577 | 91.577 |
|   4   | 85.035 | 98.787 | 99.343 | 91.458 | 91.458 |
|   5   | 85.137 | 98.837 | 99.292 | 91.526 | 91.526 |
|   6   | 85.137 | 98.787 | 99.343 | 91.543 | 91.543 |
|   7   | 85.187 | 98.787 | 99.393 | 91.530 | 91.530 |
|   8   | 85.086 | 98.837 | 99.343 | 91.483 | 91.483 |
|   9   | 85.035 | 98.736 | 99.343 | 91.450 | 91.450 |
|   10  | 85.035 | 98.787 | 99.393 | 91.454 | 91.454 |
|   11  | 85.035 | 98.787 | 99.393 | 91.448 | 91.448 |
|   12  | 84.985 | 98.787 | 99.393 | 91.424 | 91.424 |
|   13  | 84.985 | 98.736 | 99.393 | 91.421 | 91.421 |
|   14  | 84.985 | 98.686 | 99.343 | 91.420 | 91.420 |
|   15  | 85.035 | 98.635 | 99.343 | 91.439 | 91.439 |
|   16  | 85.035 | 98.584 | 99.343 | 91.437 | 91.437 |
|   17  | 85.035 | 98.534 | 99.393 | 91.427 | 91.427 |
+-------+--------+--------+--------+--------+--------+
     logs:  {'epo': 17, 'R1': np.float32(85.035), 'R5': np.float32(98.534), 'R10': np.float32(99.393), 'mAP': np.float32(91.427), 'mINP': np.float32(91.427), 'lr': 8.7e-05, 'entropy': 0.004422, 'loss': 0.004422}
      TTA Epoch: [18] [  0/123]  eta: 0:00:50  lr: 0.000083  entropy: 0.0008  loss: 0.0008  time: 0.4138  data: 0.3487  max mem: 3248
      TTA Epoch: [18] [100/123]  eta: 0:00:01  lr: 0.000078  entropy: 0.0038  loss: 0.0038  time: 0.0580  data: 0.0001  max mem: 3248
      TTA Epoch: [18] [122/123]  eta: 0:00:00  lr: 0.000076  entropy: 0.0006  loss: 0.0006  time: 0.0578  data: 0.0002  max mem: 3248
      TTA Epoch: [18] Total time: 0:00:07 (0.0608 s / it)
     Averaged stats: lr: 0.0001  entropy: 0.0041  loss: 0.0041
     Computing matching score
      Evaluation: [   0/1978]  eta: 0:00:21    time: 0.0109  data: 0.0032  max mem: 3248
      Evaluation: [ 100/1978]  eta: 0:01:55    time: 0.0621  data: 0.0000  max mem: 3248
      Evaluation: [ 200/1978]  eta: 0:01:50    time: 0.0624  data: 0.0000  max mem: 3248
      Evaluation: [ 300/1978]  eta: 0:01:44    time: 0.0622  data: 0.0000  max mem: 3248
      Evaluation: [ 400/1978]  eta: 0:01:37    time: 0.0621  data: 0.0000  max mem: 3248
      Evaluation: [ 500/1978]  eta: 0:01:31    time: 0.0622  data: 0.0000  max mem: 3248
      Evaluation: [ 600/1978]  eta: 0:01:25    time: 0.0622  data: 0.0000  max mem: 3248
      Evaluation: [ 700/1978]  eta: 0:01:19    time: 0.0622  data: 0.0000  max mem: 3248
      Evaluation: [ 800/1978]  eta: 0:01:13    time: 0.0622  data: 0.0000  max mem: 3248
      Evaluation: [ 900/1978]  eta: 0:01:06    time: 0.0621  data: 0.0000  max mem: 3248
      Evaluation: [1000/1978]  eta: 0:01:00    time: 0.0621  data: 0.0000  max mem: 3248
      Evaluation: [1100/1978]  eta: 0:00:54    time: 0.0621  data: 0.0000  max mem: 3248
      Evaluation: [1200/1978]  eta: 0:00:48    time: 0.0625  data: 0.0000  max mem: 3248
      Evaluation: [1300/1978]  eta: 0:00:42    time: 0.0621  data: 0.0000  max mem: 3248
      Evaluation: [1400/1978]  eta: 0:00:35    time: 0.0621  data: 0.0000  max mem: 3248
      Evaluation: [1500/1978]  eta: 0:00:29    time: 0.0621  data: 0.0000  max mem: 3248
      Evaluation: [1600/1978]  eta: 0:00:23    time: 0.0621  data: 0.0000  max mem: 3248
      Evaluation: [1700/1978]  eta: 0:00:17    time: 0.0620  data: 0.0000  max mem: 3248
      Evaluation: [1800/1978]  eta: 0:00:11    time: 0.0621  data: 0.0000  max mem: 3248
      Evaluation: [1900/1978]  eta: 0:00:04    time: 0.0621  data: 0.0000  max mem: 3248
      Evaluation: [1977/1978]  eta: 0:00:00    time: 0.0620  data: 0.0000  max mem: 3248
      Evaluation: Total time: 0:02:02 (0.0621 s / it)
     Computing matching score time 0:02:03
### TTA ITM Score: 
+-------+--------+--------+--------+--------+--------+
| epoch |   R1   |   R5   |  R10   |  mAP   |  mINP  |
+-------+--------+--------+--------+--------+--------+
|  -999 | 69.414 | 95.197 | 97.776 | 81.233 | 81.233 |
|  -999 | 84.277 | 99.039 | 99.596 | 91.276 | 91.276 |
|   0   | 84.277 | 98.635 | 99.292 | 91.057 | 91.057 |
|   1   | 84.884 | 98.787 | 99.444 | 91.407 | 91.407 |
|   2   | 85.137 | 98.837 | 99.242 | 91.578 | 91.578 |
|   3   | 85.187 | 98.787 | 99.444 | 91.577 | 91.577 |
|   4   | 85.035 | 98.787 | 99.343 | 91.458 | 91.458 |
|   5   | 85.137 | 98.837 | 99.292 | 91.526 | 91.526 |
|   6   | 85.137 | 98.787 | 99.343 | 91.543 | 91.543 |
|   7   | 85.187 | 98.787 | 99.393 | 91.530 | 91.530 |
|   8   | 85.086 | 98.837 | 99.343 | 91.483 | 91.483 |
|   9   | 85.035 | 98.736 | 99.343 | 91.450 | 91.450 |
|   10  | 85.035 | 98.787 | 99.393 | 91.454 | 91.454 |
|   11  | 85.035 | 98.787 | 99.393 | 91.448 | 91.448 |
|   12  | 84.985 | 98.787 | 99.393 | 91.424 | 91.424 |
|   13  | 84.985 | 98.736 | 99.393 | 91.421 | 91.421 |
|   14  | 84.985 | 98.686 | 99.343 | 91.420 | 91.420 |
|   15  | 85.035 | 98.635 | 99.343 | 91.439 | 91.439 |
|   16  | 85.035 | 98.584 | 99.343 | 91.437 | 91.437 |
|   17  | 85.035 | 98.534 | 99.393 | 91.427 | 91.427 |
|   18  | 85.035 | 98.584 | 99.393 | 91.433 | 91.433 |
+-------+--------+--------+--------+--------+--------+
     logs:  {'epo': 18, 'R1': np.float32(85.035), 'R5': np.float32(98.584), 'R10': np.float32(99.393), 'mAP': np.float32(91.433), 'mINP': np.float32(91.433), 'lr': 8e-05, 'entropy': 0.004076, 'loss': 0.004076}
      TTA Epoch: [19] [  0/123]  eta: 0:00:42  lr: 0.000076  entropy: 0.0012  loss: 0.0012  time: 0.3425  data: 0.2729  max mem: 3248
      TTA Epoch: [19] [100/123]  eta: 0:00:01  lr: 0.000071  entropy: 0.0006  loss: 0.0006  time: 0.0578  data: 0.0002  max mem: 3248
      TTA Epoch: [19] [122/123]  eta: 0:00:00  lr: 0.000070  entropy: 0.0003  loss: 0.0003  time: 0.0575  data: 0.0002  max mem: 3248
      TTA Epoch: [19] Total time: 0:00:07 (0.0597 s / it)
     Averaged stats: lr: 0.0001  entropy: 0.0037  loss: 0.0037
     Computing matching score
      Evaluation: [   0/1978]  eta: 0:00:24    time: 0.0126  data: 0.0038  max mem: 3248
      Evaluation: [ 100/1978]  eta: 0:01:55    time: 0.0619  data: 0.0000  max mem: 3248
      Evaluation: [ 200/1978]  eta: 0:01:49    time: 0.0621  data: 0.0000  max mem: 3248
      Evaluation: [ 300/1978]  eta: 0:01:43    time: 0.0620  data: 0.0000  max mem: 3248
      Evaluation: [ 400/1978]  eta: 0:01:37    time: 0.0619  data: 0.0000  max mem: 3248
      Evaluation: [ 500/1978]  eta: 0:01:31    time: 0.0620  data: 0.0000  max mem: 3248
      Evaluation: [ 600/1978]  eta: 0:01:25    time: 0.0620  data: 0.0000  max mem: 3248
      Evaluation: [ 700/1978]  eta: 0:01:19    time: 0.0621  data: 0.0000  max mem: 3248
      Evaluation: [ 800/1978]  eta: 0:01:12    time: 0.0622  data: 0.0000  max mem: 3248
      Evaluation: [ 900/1978]  eta: 0:01:06    time: 0.0621  data: 0.0000  max mem: 3248
      Evaluation: [1000/1978]  eta: 0:01:00    time: 0.0621  data: 0.0000  max mem: 3248
      Evaluation: [1100/1978]  eta: 0:00:54    time: 0.0621  data: 0.0000  max mem: 3248
      Evaluation: [1200/1978]  eta: 0:00:48    time: 0.0624  data: 0.0000  max mem: 3248
      Evaluation: [1300/1978]  eta: 0:00:42    time: 0.0622  data: 0.0000  max mem: 3248
      Evaluation: [1400/1978]  eta: 0:00:35    time: 0.0622  data: 0.0000  max mem: 3248
      Evaluation: [1500/1978]  eta: 0:00:29    time: 0.0622  data: 0.0000  max mem: 3248
      Evaluation: [1600/1978]  eta: 0:00:23    time: 0.0622  data: 0.0000  max mem: 3248
      Evaluation: [1700/1978]  eta: 0:00:17    time: 0.0622  data: 0.0000  max mem: 3248
      Evaluation: [1800/1978]  eta: 0:00:11    time: 0.0623  data: 0.0000  max mem: 3248
      Evaluation: [1900/1978]  eta: 0:00:04    time: 0.0622  data: 0.0000  max mem: 3248
      Evaluation: [1977/1978]  eta: 0:00:00    time: 0.0623  data: 0.0000  max mem: 3248
      Evaluation: Total time: 0:02:02 (0.0621 s / it)
     Computing matching score time 0:02:03
### TTA ITM Score: 
+-------+--------+--------+--------+--------+--------+
| epoch |   R1   |   R5   |  R10   |  mAP   |  mINP  |
+-------+--------+--------+--------+--------+--------+
|  -999 | 69.414 | 95.197 | 97.776 | 81.233 | 81.233 |
|  -999 | 84.277 | 99.039 | 99.596 | 91.276 | 91.276 |
|   0   | 84.277 | 98.635 | 99.292 | 91.057 | 91.057 |
|   1   | 84.884 | 98.787 | 99.444 | 91.407 | 91.407 |
|   2   | 85.137 | 98.837 | 99.242 | 91.578 | 91.578 |
|   3   | 85.187 | 98.787 | 99.444 | 91.577 | 91.577 |
|   4   | 85.035 | 98.787 | 99.343 | 91.458 | 91.458 |
|   5   | 85.137 | 98.837 | 99.292 | 91.526 | 91.526 |
|   6   | 85.137 | 98.787 | 99.343 | 91.543 | 91.543 |
|   7   | 85.187 | 98.787 | 99.393 | 91.530 | 91.530 |
|   8   | 85.086 | 98.837 | 99.343 | 91.483 | 91.483 |
|   9   | 85.035 | 98.736 | 99.343 | 91.450 | 91.450 |
|   10  | 85.035 | 98.787 | 99.393 | 91.454 | 91.454 |
|   11  | 85.035 | 98.787 | 99.393 | 91.448 | 91.448 |
|   12  | 84.985 | 98.787 | 99.393 | 91.424 | 91.424 |
|   13  | 84.985 | 98.736 | 99.393 | 91.421 | 91.421 |
|   14  | 84.985 | 98.686 | 99.343 | 91.420 | 91.420 |
|   15  | 85.035 | 98.635 | 99.343 | 91.439 | 91.439 |
|   16  | 85.035 | 98.584 | 99.343 | 91.437 | 91.437 |
|   17  | 85.035 | 98.534 | 99.393 | 91.427 | 91.427 |
|   18  | 85.035 | 98.584 | 99.393 | 91.433 | 91.433 |
|   19  | 85.086 | 98.534 | 99.343 | 91.471 | 91.471 |
+-------+--------+--------+--------+--------+--------+
     logs:  {'epo': 19, 'R1': np.float32(85.086), 'R5': np.float32(98.534), 'R10': np.float32(99.343), 'mAP': np.float32(91.471), 'mINP': np.float32(91.471), 'lr': 7.3e-05, 'entropy': 0.003673, 'loss': 0.003673}
      TTA Epoch: [20] [  0/123]  eta: 0:01:17  lr: 0.000070  entropy: 0.0005  loss: 0.0005  time: 0.6321  data: 0.5695  max mem: 3248
      TTA Epoch: [20] [100/123]  eta: 0:00:01  lr: 0.000064  entropy: 0.0003  loss: 0.0003  time: 0.0582  data: 0.0002  max mem: 3248
      TTA Epoch: [20] [122/123]  eta: 0:00:00  lr: 0.000063  entropy: 0.0002  loss: 0.0002  time: 0.0573  data: 0.0002  max mem: 3248
      TTA Epoch: [20] Total time: 0:00:07 (0.0627 s / it)
     Averaged stats: lr: 0.0001  entropy: 0.0035  loss: 0.0035
     Computing matching score
      Evaluation: [   0/1978]  eta: 0:00:21    time: 0.0110  data: 0.0034  max mem: 3248
      Evaluation: [ 100/1978]  eta: 0:01:55    time: 0.0625  data: 0.0000  max mem: 3248
      Evaluation: [ 200/1978]  eta: 0:01:50    time: 0.0622  data: 0.0000  max mem: 3248
      Evaluation: [ 300/1978]  eta: 0:01:44    time: 0.0623  data: 0.0000  max mem: 3248
      Evaluation: [ 400/1978]  eta: 0:01:38    time: 0.0622  data: 0.0000  max mem: 3248
      Evaluation: [ 500/1978]  eta: 0:01:31    time: 0.0623  data: 0.0000  max mem: 3248
      Evaluation: [ 600/1978]  eta: 0:01:25    time: 0.0622  data: 0.0000  max mem: 3248
      Evaluation: [ 700/1978]  eta: 0:01:19    time: 0.0623  data: 0.0000  max mem: 3248
      Evaluation: [ 800/1978]  eta: 0:01:13    time: 0.0624  data: 0.0000  max mem: 3248
      Evaluation: [ 900/1978]  eta: 0:01:07    time: 0.0624  data: 0.0000  max mem: 3248
      Evaluation: [1000/1978]  eta: 0:01:00    time: 0.0625  data: 0.0000  max mem: 3248
      Evaluation: [1100/1978]  eta: 0:00:54    time: 0.0627  data: 0.0000  max mem: 3248
      Evaluation: [1200/1978]  eta: 0:00:48    time: 0.0624  data: 0.0000  max mem: 3248
      Evaluation: [1300/1978]  eta: 0:00:42    time: 0.0624  data: 0.0000  max mem: 3248
      Evaluation: [1400/1978]  eta: 0:00:36    time: 0.0625  data: 0.0000  max mem: 3248
      Evaluation: [1500/1978]  eta: 0:00:29    time: 0.0624  data: 0.0000  max mem: 3248
      Evaluation: [1600/1978]  eta: 0:00:23    time: 0.0624  data: 0.0000  max mem: 3248
      Evaluation: [1700/1978]  eta: 0:00:17    time: 0.0625  data: 0.0000  max mem: 3248
      Evaluation: [1800/1978]  eta: 0:00:11    time: 0.0625  data: 0.0000  max mem: 3248
      Evaluation: [1900/1978]  eta: 0:00:04    time: 0.0626  data: 0.0000  max mem: 3248
      Evaluation: [1977/1978]  eta: 0:00:00    time: 0.0625  data: 0.0000  max mem: 3248
      Evaluation: Total time: 0:02:03 (0.0624 s / it)
     Computing matching score time 0:02:03
### TTA ITM Score: 
+-------+--------+--------+--------+--------+--------+
| epoch |   R1   |   R5   |  R10   |  mAP   |  mINP  |
+-------+--------+--------+--------+--------+--------+
|  -999 | 69.414 | 95.197 | 97.776 | 81.233 | 81.233 |
|  -999 | 84.277 | 99.039 | 99.596 | 91.276 | 91.276 |
|   0   | 84.277 | 98.635 | 99.292 | 91.057 | 91.057 |
|   1   | 84.884 | 98.787 | 99.444 | 91.407 | 91.407 |
|   2   | 85.137 | 98.837 | 99.242 | 91.578 | 91.578 |
|   3   | 85.187 | 98.787 | 99.444 | 91.577 | 91.577 |
|   4   | 85.035 | 98.787 | 99.343 | 91.458 | 91.458 |
|   5   | 85.137 | 98.837 | 99.292 | 91.526 | 91.526 |
|   6   | 85.137 | 98.787 | 99.343 | 91.543 | 91.543 |
|   7   | 85.187 | 98.787 | 99.393 | 91.530 | 91.530 |
|   8   | 85.086 | 98.837 | 99.343 | 91.483 | 91.483 |
|   9   | 85.035 | 98.736 | 99.343 | 91.450 | 91.450 |
|   10  | 85.035 | 98.787 | 99.393 | 91.454 | 91.454 |
|   11  | 85.035 | 98.787 | 99.393 | 91.448 | 91.448 |
|   12  | 84.985 | 98.787 | 99.393 | 91.424 | 91.424 |
|   13  | 84.985 | 98.736 | 99.393 | 91.421 | 91.421 |
|   14  | 84.985 | 98.686 | 99.343 | 91.420 | 91.420 |
|   15  | 85.035 | 98.635 | 99.343 | 91.439 | 91.439 |
|   16  | 85.035 | 98.584 | 99.343 | 91.437 | 91.437 |
|   17  | 85.035 | 98.534 | 99.393 | 91.427 | 91.427 |
|   18  | 85.035 | 98.584 | 99.393 | 91.433 | 91.433 |
|   19  | 85.086 | 98.534 | 99.343 | 91.471 | 91.471 |
|   20  | 85.035 | 98.534 | 99.343 | 91.423 | 91.423 |
+-------+--------+--------+--------+--------+--------+
     logs:  {'epo': 20, 'R1': np.float32(85.035), 'R5': np.float32(98.534), 'R10': np.float32(99.343), 'mAP': np.float32(91.423), 'mINP': np.float32(91.423), 'lr': 6.6e-05, 'entropy': 0.003457, 'loss': 0.003457}
      TTA Epoch: [21] [  0/123]  eta: 0:00:54  lr: 0.000063  entropy: 0.0008  loss: 0.0008  time: 0.4415  data: 0.3711  max mem: 3248
      TTA Epoch: [21] [100/123]  eta: 0:00:01  lr: 0.000057  entropy: 0.0007  loss: 0.0007  time: 0.0607  data: 0.0003  max mem: 3248
      TTA Epoch: [21] [122/123]  eta: 0:00:00  lr: 0.000056  entropy: 0.0003  loss: 0.0003  time: 0.0604  data: 0.0003  max mem: 3248
      TTA Epoch: [21] Total time: 0:00:07 (0.0621 s / it)
     Averaged stats: lr: 0.0001  entropy: 0.0032  loss: 0.0032
     Computing matching score
      Evaluation: [   0/1978]  eta: 0:00:26    time: 0.0133  data: 0.0039  max mem: 3248
      Evaluation: [ 100/1978]  eta: 0:01:56    time: 0.0623  data: 0.0000  max mem: 3248
      Evaluation: [ 200/1978]  eta: 0:01:50    time: 0.0623  data: 0.0000  max mem: 3248
      Evaluation: [ 300/1978]  eta: 0:01:44    time: 0.0623  data: 0.0000  max mem: 3248
      Evaluation: [ 400/1978]  eta: 0:01:38    time: 0.0619  data: 0.0000  max mem: 3248
      Evaluation: [ 500/1978]  eta: 0:01:32    time: 0.0624  data: 0.0000  max mem: 3248
      Evaluation: [ 600/1978]  eta: 0:01:25    time: 0.0624  data: 0.0000  max mem: 3248
      Evaluation: [ 700/1978]  eta: 0:01:19    time: 0.0624  data: 0.0000  max mem: 3248
      Evaluation: [ 800/1978]  eta: 0:01:13    time: 0.0625  data: 0.0000  max mem: 3248
      Evaluation: [ 900/1978]  eta: 0:01:07    time: 0.0626  data: 0.0000  max mem: 3248
      Evaluation: [1000/1978]  eta: 0:01:01    time: 0.0628  data: 0.0000  max mem: 3248
      Evaluation: [1100/1978]  eta: 0:00:54    time: 0.0625  data: 0.0000  max mem: 3248
      Evaluation: [1200/1978]  eta: 0:00:48    time: 0.0625  data: 0.0000  max mem: 3248
      Evaluation: [1300/1978]  eta: 0:00:42    time: 0.0626  data: 0.0000  max mem: 3248
      Evaluation: [1400/1978]  eta: 0:00:36    time: 0.0625  data: 0.0000  max mem: 3248
      Evaluation: [1500/1978]  eta: 0:00:29    time: 0.0626  data: 0.0000  max mem: 3248
      Evaluation: [1600/1978]  eta: 0:00:23    time: 0.0626  data: 0.0000  max mem: 3248
      Evaluation: [1700/1978]  eta: 0:00:17    time: 0.0625  data: 0.0000  max mem: 3248
      Evaluation: [1800/1978]  eta: 0:00:11    time: 0.0625  data: 0.0000  max mem: 3248
      Evaluation: [1900/1978]  eta: 0:00:04    time: 0.0625  data: 0.0000  max mem: 3248
      Evaluation: [1977/1978]  eta: 0:00:00    time: 0.0628  data: 0.0000  max mem: 3248
      Evaluation: Total time: 0:02:03 (0.0625 s / it)
     Computing matching score time 0:02:03
### TTA ITM Score: 
+-------+--------+--------+--------+--------+--------+
| epoch |   R1   |   R5   |  R10   |  mAP   |  mINP  |
+-------+--------+--------+--------+--------+--------+
|  -999 | 69.414 | 95.197 | 97.776 | 81.233 | 81.233 |
|  -999 | 84.277 | 99.039 | 99.596 | 91.276 | 91.276 |
|   0   | 84.277 | 98.635 | 99.292 | 91.057 | 91.057 |
|   1   | 84.884 | 98.787 | 99.444 | 91.407 | 91.407 |
|   2   | 85.137 | 98.837 | 99.242 | 91.578 | 91.578 |
|   3   | 85.187 | 98.787 | 99.444 | 91.577 | 91.577 |
|   4   | 85.035 | 98.787 | 99.343 | 91.458 | 91.458 |
|   5   | 85.137 | 98.837 | 99.292 | 91.526 | 91.526 |
|   6   | 85.137 | 98.787 | 99.343 | 91.543 | 91.543 |
|   7   | 85.187 | 98.787 | 99.393 | 91.530 | 91.530 |
|   8   | 85.086 | 98.837 | 99.343 | 91.483 | 91.483 |
|   9   | 85.035 | 98.736 | 99.343 | 91.450 | 91.450 |
|   10  | 85.035 | 98.787 | 99.393 | 91.454 | 91.454 |
|   11  | 85.035 | 98.787 | 99.393 | 91.448 | 91.448 |
|   12  | 84.985 | 98.787 | 99.393 | 91.424 | 91.424 |
|   13  | 84.985 | 98.736 | 99.393 | 91.421 | 91.421 |
|   14  | 84.985 | 98.686 | 99.343 | 91.420 | 91.420 |
|   15  | 85.035 | 98.635 | 99.343 | 91.439 | 91.439 |
|   16  | 85.035 | 98.584 | 99.343 | 91.437 | 91.437 |
|   17  | 85.035 | 98.534 | 99.393 | 91.427 | 91.427 |
|   18  | 85.035 | 98.584 | 99.393 | 91.433 | 91.433 |
|   19  | 85.086 | 98.534 | 99.343 | 91.471 | 91.471 |
|   20  | 85.035 | 98.534 | 99.343 | 91.423 | 91.423 |
|   21  | 85.035 | 98.534 | 99.343 | 91.439 | 91.439 |
+-------+--------+--------+--------+--------+--------+
     logs:  {'epo': 21, 'R1': np.float32(85.035), 'R5': np.float32(98.534), 'R10': np.float32(99.343), 'mAP': np.float32(91.439), 'mINP': np.float32(91.439), 'lr': 5.9e-05, 'entropy': 0.003204, 'loss': 0.003204}
      TTA Epoch: [22] [  0/123]  eta: 0:01:04  lr: 0.000056  entropy: 0.0006  loss: 0.0006  time: 0.5230  data: 0.4460  max mem: 3248
      TTA Epoch: [22] [100/123]  eta: 0:00:01  lr: 0.000050  entropy: 0.0006  loss: 0.0006  time: 0.0582  data: 0.0002  max mem: 3248
      TTA Epoch: [22] [122/123]  eta: 0:00:00  lr: 0.000049  entropy: 0.0005  loss: 0.0005  time: 0.0568  data: 0.0001  max mem: 3248
      TTA Epoch: [22] Total time: 0:00:07 (0.0640 s / it)
     Averaged stats: lr: 0.0001  entropy: 0.0031  loss: 0.0031
     Computing matching score
      Evaluation: [   0/1978]  eta: 0:00:22    time: 0.0116  data: 0.0035  max mem: 3248
      Evaluation: [ 100/1978]  eta: 0:01:55    time: 0.0622  data: 0.0000  max mem: 3248
      Evaluation: [ 200/1978]  eta: 0:01:50    time: 0.0622  data: 0.0000  max mem: 3248
      Evaluation: [ 300/1978]  eta: 0:01:44    time: 0.0622  data: 0.0000  max mem: 3248
      Evaluation: [ 400/1978]  eta: 0:01:37    time: 0.0623  data: 0.0000  max mem: 3248
      Evaluation: [ 500/1978]  eta: 0:01:31    time: 0.0623  data: 0.0000  max mem: 3248
      Evaluation: [ 600/1978]  eta: 0:01:25    time: 0.0622  data: 0.0000  max mem: 3248
      Evaluation: [ 700/1978]  eta: 0:01:19    time: 0.0623  data: 0.0000  max mem: 3248
      Evaluation: [ 800/1978]  eta: 0:01:13    time: 0.0624  data: 0.0000  max mem: 3248
      Evaluation: [ 900/1978]  eta: 0:01:07    time: 0.0626  data: 0.0000  max mem: 3248
      Evaluation: [1000/1978]  eta: 0:01:00    time: 0.0622  data: 0.0000  max mem: 3248
      Evaluation: [1100/1978]  eta: 0:00:54    time: 0.0621  data: 0.0000  max mem: 3248
      Evaluation: [1200/1978]  eta: 0:00:48    time: 0.0622  data: 0.0000  max mem: 3248
      Evaluation: [1300/1978]  eta: 0:00:42    time: 0.0622  data: 0.0000  max mem: 3248
      Evaluation: [1400/1978]  eta: 0:00:35    time: 0.0622  data: 0.0000  max mem: 3248
      Evaluation: [1500/1978]  eta: 0:00:29    time: 0.0622  data: 0.0000  max mem: 3248
      Evaluation: [1600/1978]  eta: 0:00:23    time: 0.0622  data: 0.0000  max mem: 3248
      Evaluation: [1700/1978]  eta: 0:00:17    time: 0.0621  data: 0.0000  max mem: 3248
      Evaluation: [1800/1978]  eta: 0:00:11    time: 0.0622  data: 0.0000  max mem: 3248
      Evaluation: [1900/1978]  eta: 0:00:04    time: 0.0624  data: 0.0000  max mem: 3248
      Evaluation: [1977/1978]  eta: 0:00:00    time: 0.0622  data: 0.0000  max mem: 3248
      Evaluation: Total time: 0:02:03 (0.0622 s / it)
     Computing matching score time 0:02:03
### TTA ITM Score: 
+-------+--------+--------+--------+--------+--------+
| epoch |   R1   |   R5   |  R10   |  mAP   |  mINP  |
+-------+--------+--------+--------+--------+--------+
|  -999 | 69.414 | 95.197 | 97.776 | 81.233 | 81.233 |
|  -999 | 84.277 | 99.039 | 99.596 | 91.276 | 91.276 |
|   0   | 84.277 | 98.635 | 99.292 | 91.057 | 91.057 |
|   1   | 84.884 | 98.787 | 99.444 | 91.407 | 91.407 |
|   2   | 85.137 | 98.837 | 99.242 | 91.578 | 91.578 |
|   3   | 85.187 | 98.787 | 99.444 | 91.577 | 91.577 |
|   4   | 85.035 | 98.787 | 99.343 | 91.458 | 91.458 |
|   5   | 85.137 | 98.837 | 99.292 | 91.526 | 91.526 |
|   6   | 85.137 | 98.787 | 99.343 | 91.543 | 91.543 |
|   7   | 85.187 | 98.787 | 99.393 | 91.530 | 91.530 |
|   8   | 85.086 | 98.837 | 99.343 | 91.483 | 91.483 |
|   9   | 85.035 | 98.736 | 99.343 | 91.450 | 91.450 |
|   10  | 85.035 | 98.787 | 99.393 | 91.454 | 91.454 |
|   11  | 85.035 | 98.787 | 99.393 | 91.448 | 91.448 |
|   12  | 84.985 | 98.787 | 99.393 | 91.424 | 91.424 |
|   13  | 84.985 | 98.736 | 99.393 | 91.421 | 91.421 |
|   14  | 84.985 | 98.686 | 99.343 | 91.420 | 91.420 |
|   15  | 85.035 | 98.635 | 99.343 | 91.439 | 91.439 |
|   16  | 85.035 | 98.584 | 99.343 | 91.437 | 91.437 |
|   17  | 85.035 | 98.534 | 99.393 | 91.427 | 91.427 |
|   18  | 85.035 | 98.584 | 99.393 | 91.433 | 91.433 |
|   19  | 85.086 | 98.534 | 99.343 | 91.471 | 91.471 |
|   20  | 85.035 | 98.534 | 99.343 | 91.423 | 91.423 |
|   21  | 85.035 | 98.534 | 99.343 | 91.439 | 91.439 |
|   22  | 84.985 | 98.584 | 99.343 | 91.403 | 91.403 |
+-------+--------+--------+--------+--------+--------+
     logs:  {'epo': 22, 'R1': np.float32(84.985), 'R5': np.float32(98.584), 'R10': np.float32(99.343), 'mAP': np.float32(91.403), 'mINP': np.float32(91.403), 'lr': 5.3e-05, 'entropy': 0.003078, 'loss': 0.003078}
      TTA Epoch: [23] [  0/123]  eta: 0:00:55  lr: 0.000049  entropy: 0.0011  loss: 0.0011  time: 0.4522  data: 0.3850  max mem: 3248
      TTA Epoch: [23] [100/123]  eta: 0:00:01  lr: 0.000044  entropy: 0.0073  loss: 0.0073  time: 0.0570  data: 0.0001  max mem: 3248
      TTA Epoch: [23] [122/123]  eta: 0:00:00  lr: 0.000042  entropy: 0.0026  loss: 0.0026  time: 0.0562  data: 0.0001  max mem: 3248
      TTA Epoch: [23] Total time: 0:00:07 (0.0599 s / it)
     Averaged stats: lr: 0.0000  entropy: 0.0029  loss: 0.0029
     Computing matching score
      Evaluation: [   0/1978]  eta: 0:00:20    time: 0.0105  data: 0.0031  max mem: 3248
      Evaluation: [ 100/1978]  eta: 0:01:55    time: 0.0620  data: 0.0000  max mem: 3248
      Evaluation: [ 200/1978]  eta: 0:01:49    time: 0.0619  data: 0.0000  max mem: 3248
      Evaluation: [ 300/1978]  eta: 0:01:43    time: 0.0619  data: 0.0000  max mem: 3248
      Evaluation: [ 400/1978]  eta: 0:01:37    time: 0.0620  data: 0.0000  max mem: 3248
      Evaluation: [ 500/1978]  eta: 0:01:31    time: 0.0620  data: 0.0000  max mem: 3248
      Evaluation: [ 600/1978]  eta: 0:01:25    time: 0.0620  data: 0.0000  max mem: 3248
      Evaluation: [ 700/1978]  eta: 0:01:19    time: 0.0621  data: 0.0000  max mem: 3248
      Evaluation: [ 800/1978]  eta: 0:01:12    time: 0.0623  data: 0.0000  max mem: 3248
      Evaluation: [ 900/1978]  eta: 0:01:06    time: 0.0621  data: 0.0000  max mem: 3248
      Evaluation: [1000/1978]  eta: 0:01:00    time: 0.0621  data: 0.0000  max mem: 3248
      Evaluation: [1100/1978]  eta: 0:00:54    time: 0.0621  data: 0.0000  max mem: 3248
      Evaluation: [1200/1978]  eta: 0:00:48    time: 0.0621  data: 0.0000  max mem: 3248
      Evaluation: [1300/1978]  eta: 0:00:42    time: 0.0621  data: 0.0000  max mem: 3248
      Evaluation: [1400/1978]  eta: 0:00:35    time: 0.0622  data: 0.0000  max mem: 3248
      Evaluation: [1500/1978]  eta: 0:00:29    time: 0.0623  data: 0.0000  max mem: 3248
      Evaluation: [1600/1978]  eta: 0:00:23    time: 0.0622  data: 0.0000  max mem: 3248
      Evaluation: [1700/1978]  eta: 0:00:17    time: 0.0623  data: 0.0000  max mem: 3248
      Evaluation: [1800/1978]  eta: 0:00:11    time: 0.0626  data: 0.0000  max mem: 3248
      Evaluation: [1900/1978]  eta: 0:00:04    time: 0.0623  data: 0.0000  max mem: 3248
      Evaluation: [1977/1978]  eta: 0:00:00    time: 0.0623  data: 0.0000  max mem: 3248
      Evaluation: Total time: 0:02:02 (0.0621 s / it)
     Computing matching score time 0:02:03
### TTA ITM Score: 
+-------+--------+--------+--------+--------+--------+
| epoch |   R1   |   R5   |  R10   |  mAP   |  mINP  |
+-------+--------+--------+--------+--------+--------+
|  -999 | 69.414 | 95.197 | 97.776 | 81.233 | 81.233 |
|  -999 | 84.277 | 99.039 | 99.596 | 91.276 | 91.276 |
|   0   | 84.277 | 98.635 | 99.292 | 91.057 | 91.057 |
|   1   | 84.884 | 98.787 | 99.444 | 91.407 | 91.407 |
|   2   | 85.137 | 98.837 | 99.242 | 91.578 | 91.578 |
|   3   | 85.187 | 98.787 | 99.444 | 91.577 | 91.577 |
|   4   | 85.035 | 98.787 | 99.343 | 91.458 | 91.458 |
|   5   | 85.137 | 98.837 | 99.292 | 91.526 | 91.526 |
|   6   | 85.137 | 98.787 | 99.343 | 91.543 | 91.543 |
|   7   | 85.187 | 98.787 | 99.393 | 91.530 | 91.530 |
|   8   | 85.086 | 98.837 | 99.343 | 91.483 | 91.483 |
|   9   | 85.035 | 98.736 | 99.343 | 91.450 | 91.450 |
|   10  | 85.035 | 98.787 | 99.393 | 91.454 | 91.454 |
|   11  | 85.035 | 98.787 | 99.393 | 91.448 | 91.448 |
|   12  | 84.985 | 98.787 | 99.393 | 91.424 | 91.424 |
|   13  | 84.985 | 98.736 | 99.393 | 91.421 | 91.421 |
|   14  | 84.985 | 98.686 | 99.343 | 91.420 | 91.420 |
|   15  | 85.035 | 98.635 | 99.343 | 91.439 | 91.439 |
|   16  | 85.035 | 98.584 | 99.343 | 91.437 | 91.437 |
|   17  | 85.035 | 98.534 | 99.393 | 91.427 | 91.427 |
|   18  | 85.035 | 98.584 | 99.393 | 91.433 | 91.433 |
|   19  | 85.086 | 98.534 | 99.343 | 91.471 | 91.471 |
|   20  | 85.035 | 98.534 | 99.343 | 91.423 | 91.423 |
|   21  | 85.035 | 98.534 | 99.343 | 91.439 | 91.439 |
|   22  | 84.985 | 98.584 | 99.343 | 91.403 | 91.403 |
|   23  | 85.035 | 98.584 | 99.343 | 91.439 | 91.439 |
+-------+--------+--------+--------+--------+--------+
     logs:  {'epo': 23, 'R1': np.float32(85.035), 'R5': np.float32(98.584), 'R10': np.float32(99.343), 'mAP': np.float32(91.439), 'mINP': np.float32(91.439), 'lr': 4.6e-05, 'entropy': 0.002852, 'loss': 0.002852}
      TTA Epoch: [24] [  0/123]  eta: 0:00:40  lr: 0.000042  entropy: 0.0003  loss: 0.0003  time: 0.3313  data: 0.2578  max mem: 3248
      TTA Epoch: [24] [100/123]  eta: 0:00:01  lr: 0.000037  entropy: 0.0000  loss: 0.0000  time: 0.0574  data: 0.0001  max mem: 3248
      TTA Epoch: [24] [122/123]  eta: 0:00:00  lr: 0.000036  entropy: 0.0013  loss: 0.0013  time: 0.0568  data: 0.0001  max mem: 3248
      TTA Epoch: [24] Total time: 0:00:07 (0.0596 s / it)
     Averaged stats: lr: 0.0000  entropy: 0.0027  loss: 0.0027
     Computing matching score
      Evaluation: [   0/1978]  eta: 0:00:23    time: 0.0118  data: 0.0035  max mem: 3248
      Evaluation: [ 100/1978]  eta: 0:01:55    time: 0.0621  data: 0.0000  max mem: 3248
      Evaluation: [ 200/1978]  eta: 0:01:49    time: 0.0621  data: 0.0000  max mem: 3248
      Evaluation: [ 300/1978]  eta: 0:01:43    time: 0.0622  data: 0.0000  max mem: 3248
      Evaluation: [ 400/1978]  eta: 0:01:37    time: 0.0623  data: 0.0000  max mem: 3248
      Evaluation: [ 500/1978]  eta: 0:01:31    time: 0.0623  data: 0.0000  max mem: 3248
      Evaluation: [ 600/1978]  eta: 0:01:25    time: 0.0625  data: 0.0000  max mem: 3248
      Evaluation: [ 700/1978]  eta: 0:01:19    time: 0.0625  data: 0.0000  max mem: 3248
      Evaluation: [ 800/1978]  eta: 0:01:13    time: 0.0623  data: 0.0000  max mem: 3248
      Evaluation: [ 900/1978]  eta: 0:01:07    time: 0.0623  data: 0.0000  max mem: 3248
      Evaluation: [1000/1978]  eta: 0:01:00    time: 0.0624  data: 0.0000  max mem: 3248
      Evaluation: [1100/1978]  eta: 0:00:54    time: 0.0624  data: 0.0000  max mem: 3248
      Evaluation: [1200/1978]  eta: 0:00:48    time: 0.0624  data: 0.0000  max mem: 3248
      Evaluation: [1300/1978]  eta: 0:00:42    time: 0.0624  data: 0.0000  max mem: 3248
      Evaluation: [1400/1978]  eta: 0:00:35    time: 0.0625  data: 0.0000  max mem: 3248
      Evaluation: [1500/1978]  eta: 0:00:29    time: 0.0625  data: 0.0000  max mem: 3248
      Evaluation: [1600/1978]  eta: 0:00:23    time: 0.0626  data: 0.0000  max mem: 3248
      Evaluation: [1700/1978]  eta: 0:00:17    time: 0.0627  data: 0.0000  max mem: 3248
      Evaluation: [1800/1978]  eta: 0:00:11    time: 0.0629  data: 0.0000  max mem: 3248
      Evaluation: [1900/1978]  eta: 0:00:04    time: 0.0627  data: 0.0000  max mem: 3248
      Evaluation: [1977/1978]  eta: 0:00:00    time: 0.0626  data: 0.0000  max mem: 3248
      Evaluation: Total time: 0:02:03 (0.0624 s / it)
     Computing matching score time 0:02:03
### TTA ITM Score: 
+-------+--------+--------+--------+--------+--------+
| epoch |   R1   |   R5   |  R10   |  mAP   |  mINP  |
+-------+--------+--------+--------+--------+--------+
|  -999 | 69.414 | 95.197 | 97.776 | 81.233 | 81.233 |
|  -999 | 84.277 | 99.039 | 99.596 | 91.276 | 91.276 |
|   0   | 84.277 | 98.635 | 99.292 | 91.057 | 91.057 |
|   1   | 84.884 | 98.787 | 99.444 | 91.407 | 91.407 |
|   2   | 85.137 | 98.837 | 99.242 | 91.578 | 91.578 |
|   3   | 85.187 | 98.787 | 99.444 | 91.577 | 91.577 |
|   4   | 85.035 | 98.787 | 99.343 | 91.458 | 91.458 |
|   5   | 85.137 | 98.837 | 99.292 | 91.526 | 91.526 |
|   6   | 85.137 | 98.787 | 99.343 | 91.543 | 91.543 |
|   7   | 85.187 | 98.787 | 99.393 | 91.530 | 91.530 |
|   8   | 85.086 | 98.837 | 99.343 | 91.483 | 91.483 |
|   9   | 85.035 | 98.736 | 99.343 | 91.450 | 91.450 |
|   10  | 85.035 | 98.787 | 99.393 | 91.454 | 91.454 |
|   11  | 85.035 | 98.787 | 99.393 | 91.448 | 91.448 |
|   12  | 84.985 | 98.787 | 99.393 | 91.424 | 91.424 |
|   13  | 84.985 | 98.736 | 99.393 | 91.421 | 91.421 |
|   14  | 84.985 | 98.686 | 99.343 | 91.420 | 91.420 |
|   15  | 85.035 | 98.635 | 99.343 | 91.439 | 91.439 |
|   16  | 85.035 | 98.584 | 99.343 | 91.437 | 91.437 |
|   17  | 85.035 | 98.534 | 99.393 | 91.427 | 91.427 |
|   18  | 85.035 | 98.584 | 99.393 | 91.433 | 91.433 |
|   19  | 85.086 | 98.534 | 99.343 | 91.471 | 91.471 |
|   20  | 85.035 | 98.534 | 99.343 | 91.423 | 91.423 |
|   21  | 85.035 | 98.534 | 99.343 | 91.439 | 91.439 |
|   22  | 84.985 | 98.584 | 99.343 | 91.403 | 91.403 |
|   23  | 85.035 | 98.584 | 99.343 | 91.439 | 91.439 |
|   24  | 85.035 | 98.635 | 99.343 | 91.432 | 91.432 |
+-------+--------+--------+--------+--------+--------+
     logs:  {'epo': 24, 'R1': np.float32(85.035), 'R5': np.float32(98.635), 'R10': np.float32(99.343), 'mAP': np.float32(91.432), 'mINP': np.float32(91.432), 'lr': 3.9e-05, 'entropy': 0.002693, 'loss': 0.002693}
      TTA Epoch: [25] [  0/123]  eta: 0:01:03  lr: 0.000036  entropy: 0.0005  loss: 0.0005  time: 0.5168  data: 0.4283  max mem: 3248
      TTA Epoch: [25] [100/123]  eta: 0:00:01  lr: 0.000030  entropy: 0.0001  loss: 0.0001  time: 0.0577  data: 0.0001  max mem: 3248
      TTA Epoch: [25] [122/123]  eta: 0:00:00  lr: 0.000029  entropy: 0.0001  loss: 0.0001  time: 0.0571  data: 0.0001  max mem: 3248
      TTA Epoch: [25] Total time: 0:00:07 (0.0618 s / it)
     Averaged stats: lr: 0.0000  entropy: 0.0026  loss: 0.0026
     Computing matching score
      Evaluation: [   0/1978]  eta: 0:00:20    time: 0.0105  data: 0.0031  max mem: 3248
      Evaluation: [ 100/1978]  eta: 0:01:56    time: 0.0618  data: 0.0000  max mem: 3248
      Evaluation: [ 200/1978]  eta: 0:01:50    time: 0.0623  data: 0.0000  max mem: 3248
      Evaluation: [ 300/1978]  eta: 0:01:44    time: 0.0624  data: 0.0000  max mem: 3248
      Evaluation: [ 400/1978]  eta: 0:01:38    time: 0.0624  data: 0.0000  max mem: 3248
      Evaluation: [ 500/1978]  eta: 0:01:31    time: 0.0627  data: 0.0000  max mem: 3248
      Evaluation: [ 600/1978]  eta: 0:01:25    time: 0.0625  data: 0.0000  max mem: 3248
      Evaluation: [ 700/1978]  eta: 0:01:19    time: 0.0627  data: 0.0000  max mem: 3248
      Evaluation: [ 800/1978]  eta: 0:01:13    time: 0.0625  data: 0.0000  max mem: 3248
      Evaluation: [ 900/1978]  eta: 0:01:07    time: 0.0625  data: 0.0000  max mem: 3248
      Evaluation: [1000/1978]  eta: 0:01:01    time: 0.0625  data: 0.0000  max mem: 3248
      Evaluation: [1100/1978]  eta: 0:00:54    time: 0.0625  data: 0.0000  max mem: 3248
      Evaluation: [1200/1978]  eta: 0:00:48    time: 0.0626  data: 0.0000  max mem: 3248
      Evaluation: [1300/1978]  eta: 0:00:42    time: 0.0625  data: 0.0000  max mem: 3248
      Evaluation: [1400/1978]  eta: 0:00:36    time: 0.0623  data: 0.0000  max mem: 3248
      Evaluation: [1500/1978]  eta: 0:00:29    time: 0.0626  data: 0.0000  max mem: 3248
      Evaluation: [1600/1978]  eta: 0:00:23    time: 0.0625  data: 0.0000  max mem: 3248
      Evaluation: [1700/1978]  eta: 0:00:17    time: 0.0625  data: 0.0000  max mem: 3248
      Evaluation: [1800/1978]  eta: 0:00:11    time: 0.0624  data: 0.0000  max mem: 3248
      Evaluation: [1900/1978]  eta: 0:00:04    time: 0.0623  data: 0.0000  max mem: 3248
      Evaluation: [1977/1978]  eta: 0:00:00    time: 0.0623  data: 0.0000  max mem: 3248
      Evaluation: Total time: 0:02:03 (0.0625 s / it)
     Computing matching score time 0:02:03
### TTA ITM Score: 
+-------+--------+--------+--------+--------+--------+
| epoch |   R1   |   R5   |  R10   |  mAP   |  mINP  |
+-------+--------+--------+--------+--------+--------+
|  -999 | 69.414 | 95.197 | 97.776 | 81.233 | 81.233 |
|  -999 | 84.277 | 99.039 | 99.596 | 91.276 | 91.276 |
|   0   | 84.277 | 98.635 | 99.292 | 91.057 | 91.057 |
|   1   | 84.884 | 98.787 | 99.444 | 91.407 | 91.407 |
|   2   | 85.137 | 98.837 | 99.242 | 91.578 | 91.578 |
|   3   | 85.187 | 98.787 | 99.444 | 91.577 | 91.577 |
|   4   | 85.035 | 98.787 | 99.343 | 91.458 | 91.458 |
|   5   | 85.137 | 98.837 | 99.292 | 91.526 | 91.526 |
|   6   | 85.137 | 98.787 | 99.343 | 91.543 | 91.543 |
|   7   | 85.187 | 98.787 | 99.393 | 91.530 | 91.530 |
|   8   | 85.086 | 98.837 | 99.343 | 91.483 | 91.483 |
|   9   | 85.035 | 98.736 | 99.343 | 91.450 | 91.450 |
|   10  | 85.035 | 98.787 | 99.393 | 91.454 | 91.454 |
|   11  | 85.035 | 98.787 | 99.393 | 91.448 | 91.448 |
|   12  | 84.985 | 98.787 | 99.393 | 91.424 | 91.424 |
|   13  | 84.985 | 98.736 | 99.393 | 91.421 | 91.421 |
|   14  | 84.985 | 98.686 | 99.343 | 91.420 | 91.420 |
|   15  | 85.035 | 98.635 | 99.343 | 91.439 | 91.439 |
|   16  | 85.035 | 98.584 | 99.343 | 91.437 | 91.437 |
|   17  | 85.035 | 98.534 | 99.393 | 91.427 | 91.427 |
|   18  | 85.035 | 98.584 | 99.393 | 91.433 | 91.433 |
|   19  | 85.086 | 98.534 | 99.343 | 91.471 | 91.471 |
|   20  | 85.035 | 98.534 | 99.343 | 91.423 | 91.423 |
|   21  | 85.035 | 98.534 | 99.343 | 91.439 | 91.439 |
|   22  | 84.985 | 98.584 | 99.343 | 91.403 | 91.403 |
|   23  | 85.035 | 98.584 | 99.343 | 91.439 | 91.439 |
|   24  | 85.035 | 98.635 | 99.343 | 91.432 | 91.432 |
|   25  | 84.985 | 98.635 | 99.343 | 91.394 | 91.394 |
+-------+--------+--------+--------+--------+--------+
     logs:  {'epo': 25, 'R1': np.float32(84.985), 'R5': np.float32(98.635), 'R10': np.float32(99.343), 'mAP': np.float32(91.394), 'mINP': np.float32(91.394), 'lr': 3.2e-05, 'entropy': 0.002555, 'loss': 0.002555}
      TTA Epoch: [26] [  0/123]  eta: 0:00:41  lr: 0.000029  entropy: 0.0007  loss: 0.0007  time: 0.3344  data: 0.2556  max mem: 3248
      TTA Epoch: [26] [100/123]  eta: 0:00:01  lr: 0.000023  entropy: 0.0003  loss: 0.0003  time: 0.0577  data: 0.0001  max mem: 3248
      TTA Epoch: [26] [122/123]  eta: 0:00:00  lr: 0.000022  entropy: 0.0003  loss: 0.0003  time: 0.0573  data: 0.0001  max mem: 3248
      TTA Epoch: [26] Total time: 0:00:07 (0.0602 s / it)
     Averaged stats: lr: 0.0000  entropy: 0.0024  loss: 0.0024
     Computing matching score
      Evaluation: [   0/1978]  eta: 0:00:25    time: 0.0130  data: 0.0039  max mem: 3248
      Evaluation: [ 100/1978]  eta: 0:01:55    time: 0.0622  data: 0.0000  max mem: 3248
      Evaluation: [ 200/1978]  eta: 0:01:50    time: 0.0622  data: 0.0000  max mem: 3248
      Evaluation: [ 300/1978]  eta: 0:01:44    time: 0.0623  data: 0.0000  max mem: 3248
      Evaluation: [ 400/1978]  eta: 0:01:37    time: 0.0623  data: 0.0000  max mem: 3248
      Evaluation: [ 500/1978]  eta: 0:01:31    time: 0.0624  data: 0.0000  max mem: 3248
      Evaluation: [ 600/1978]  eta: 0:01:25    time: 0.0622  data: 0.0000  max mem: 3248
      Evaluation: [ 700/1978]  eta: 0:01:19    time: 0.0622  data: 0.0000  max mem: 3248
      Evaluation: [ 800/1978]  eta: 0:01:13    time: 0.0622  data: 0.0000  max mem: 3248
      Evaluation: [ 900/1978]  eta: 0:01:07    time: 0.0622  data: 0.0000  max mem: 3248
      Evaluation: [1000/1978]  eta: 0:01:00    time: 0.0619  data: 0.0000  max mem: 3248
      Evaluation: [1100/1978]  eta: 0:00:54    time: 0.0622  data: 0.0000  max mem: 3248
      Evaluation: [1200/1978]  eta: 0:00:48    time: 0.0621  data: 0.0000  max mem: 3248
      Evaluation: [1300/1978]  eta: 0:00:42    time: 0.0621  data: 0.0000  max mem: 3248
      Evaluation: [1400/1978]  eta: 0:00:35    time: 0.0622  data: 0.0000  max mem: 3248
      Evaluation: [1500/1978]  eta: 0:00:29    time: 0.0623  data: 0.0000  max mem: 3248
      Evaluation: [1600/1978]  eta: 0:00:23    time: 0.0622  data: 0.0000  max mem: 3248
      Evaluation: [1700/1978]  eta: 0:00:17    time: 0.0621  data: 0.0000  max mem: 3248
      Evaluation: [1800/1978]  eta: 0:00:11    time: 0.0621  data: 0.0000  max mem: 3248
      Evaluation: [1900/1978]  eta: 0:00:04    time: 0.0620  data: 0.0000  max mem: 3248
      Evaluation: [1977/1978]  eta: 0:00:00    time: 0.0621  data: 0.0000  max mem: 3248
      Evaluation: Total time: 0:02:02 (0.0622 s / it)
     Computing matching score time 0:02:03
### TTA ITM Score: 
+-------+--------+--------+--------+--------+--------+
| epoch |   R1   |   R5   |  R10   |  mAP   |  mINP  |
+-------+--------+--------+--------+--------+--------+
|  -999 | 69.414 | 95.197 | 97.776 | 81.233 | 81.233 |
|  -999 | 84.277 | 99.039 | 99.596 | 91.276 | 91.276 |
|   0   | 84.277 | 98.635 | 99.292 | 91.057 | 91.057 |
|   1   | 84.884 | 98.787 | 99.444 | 91.407 | 91.407 |
|   2   | 85.137 | 98.837 | 99.242 | 91.578 | 91.578 |
|   3   | 85.187 | 98.787 | 99.444 | 91.577 | 91.577 |
|   4   | 85.035 | 98.787 | 99.343 | 91.458 | 91.458 |
|   5   | 85.137 | 98.837 | 99.292 | 91.526 | 91.526 |
|   6   | 85.137 | 98.787 | 99.343 | 91.543 | 91.543 |
|   7   | 85.187 | 98.787 | 99.393 | 91.530 | 91.530 |
|   8   | 85.086 | 98.837 | 99.343 | 91.483 | 91.483 |
|   9   | 85.035 | 98.736 | 99.343 | 91.450 | 91.450 |
|   10  | 85.035 | 98.787 | 99.393 | 91.454 | 91.454 |
|   11  | 85.035 | 98.787 | 99.393 | 91.448 | 91.448 |
|   12  | 84.985 | 98.787 | 99.393 | 91.424 | 91.424 |
|   13  | 84.985 | 98.736 | 99.393 | 91.421 | 91.421 |
|   14  | 84.985 | 98.686 | 99.343 | 91.420 | 91.420 |
|   15  | 85.035 | 98.635 | 99.343 | 91.439 | 91.439 |
|   16  | 85.035 | 98.584 | 99.343 | 91.437 | 91.437 |
|   17  | 85.035 | 98.534 | 99.393 | 91.427 | 91.427 |
|   18  | 85.035 | 98.584 | 99.393 | 91.433 | 91.433 |
|   19  | 85.086 | 98.534 | 99.343 | 91.471 | 91.471 |
|   20  | 85.035 | 98.534 | 99.343 | 91.423 | 91.423 |
|   21  | 85.035 | 98.534 | 99.343 | 91.439 | 91.439 |
|   22  | 84.985 | 98.584 | 99.343 | 91.403 | 91.403 |
|   23  | 85.035 | 98.584 | 99.343 | 91.439 | 91.439 |
|   24  | 85.035 | 98.635 | 99.343 | 91.432 | 91.432 |
|   25  | 84.985 | 98.635 | 99.343 | 91.394 | 91.394 |
|   26  | 84.985 | 98.635 | 99.343 | 91.396 | 91.396 |
+-------+--------+--------+--------+--------+--------+
     logs:  {'epo': 26, 'R1': np.float32(84.985), 'R5': np.float32(98.635), 'R10': np.float32(99.343), 'mAP': np.float32(91.396), 'mINP': np.float32(91.396), 'lr': 2.5e-05, 'entropy': 0.002395, 'loss': 0.002395}
      TTA Epoch: [27] [  0/123]  eta: 0:00:43  lr: 0.000022  entropy: 0.0000  loss: 0.0000  time: 0.3519  data: 0.2790  max mem: 3248
      TTA Epoch: [27] [100/123]  eta: 0:00:01  lr: 0.000016  entropy: 0.0003  loss: 0.0003  time: 0.0580  data: 0.0001  max mem: 3248
      TTA Epoch: [27] [122/123]  eta: 0:00:00  lr: 0.000015  entropy: 0.0010  loss: 0.0010  time: 0.0562  data: 0.0001  max mem: 3248
      TTA Epoch: [27] Total time: 0:00:07 (0.0597 s / it)
     Averaged stats: lr: 0.0000  entropy: 0.0023  loss: 0.0023
     Computing matching score
      Evaluation: [   0/1978]  eta: 0:00:24    time: 0.0126  data: 0.0039  max mem: 3248
      Evaluation: [ 100/1978]  eta: 0:01:55    time: 0.0619  data: 0.0000  max mem: 3248
      Evaluation: [ 200/1978]  eta: 0:01:49    time: 0.0620  data: 0.0000  max mem: 3248
      Evaluation: [ 300/1978]  eta: 0:01:43    time: 0.0620  data: 0.0000  max mem: 3248
      Evaluation: [ 400/1978]  eta: 0:01:37    time: 0.0622  data: 0.0000  max mem: 3248
      Evaluation: [ 500/1978]  eta: 0:01:31    time: 0.0618  data: 0.0000  max mem: 3248
      Evaluation: [ 600/1978]  eta: 0:01:25    time: 0.0620  data: 0.0000  max mem: 3248
      Evaluation: [ 700/1978]  eta: 0:01:19    time: 0.0620  data: 0.0000  max mem: 3248
      Evaluation: [ 800/1978]  eta: 0:01:12    time: 0.0621  data: 0.0000  max mem: 3248
      Evaluation: [ 900/1978]  eta: 0:01:06    time: 0.0621  data: 0.0000  max mem: 3248
      Evaluation: [1000/1978]  eta: 0:01:00    time: 0.0621  data: 0.0000  max mem: 3248
      Evaluation: [1100/1978]  eta: 0:00:54    time: 0.0621  data: 0.0000  max mem: 3248
      Evaluation: [1200/1978]  eta: 0:00:48    time: 0.0622  data: 0.0000  max mem: 3248
      Evaluation: [1300/1978]  eta: 0:00:42    time: 0.0621  data: 0.0000  max mem: 3248
      Evaluation: [1400/1978]  eta: 0:00:35    time: 0.0625  data: 0.0000  max mem: 3248
      Evaluation: [1500/1978]  eta: 0:00:29    time: 0.0622  data: 0.0000  max mem: 3248
      Evaluation: [1600/1978]  eta: 0:00:23    time: 0.0622  data: 0.0000  max mem: 3248
      Evaluation: [1700/1978]  eta: 0:00:17    time: 0.0622  data: 0.0000  max mem: 3248
      Evaluation: [1800/1978]  eta: 0:00:11    time: 0.0622  data: 0.0000  max mem: 3248
      Evaluation: [1900/1978]  eta: 0:00:04    time: 0.0623  data: 0.0000  max mem: 3248
      Evaluation: [1977/1978]  eta: 0:00:00    time: 0.0622  data: 0.0000  max mem: 3248
      Evaluation: Total time: 0:02:02 (0.0621 s / it)
     Computing matching score time 0:02:03
### TTA ITM Score: 
+-------+--------+--------+--------+--------+--------+
| epoch |   R1   |   R5   |  R10   |  mAP   |  mINP  |
+-------+--------+--------+--------+--------+--------+
|  -999 | 69.414 | 95.197 | 97.776 | 81.233 | 81.233 |
|  -999 | 84.277 | 99.039 | 99.596 | 91.276 | 91.276 |
|   0   | 84.277 | 98.635 | 99.292 | 91.057 | 91.057 |
|   1   | 84.884 | 98.787 | 99.444 | 91.407 | 91.407 |
|   2   | 85.137 | 98.837 | 99.242 | 91.578 | 91.578 |
|   3   | 85.187 | 98.787 | 99.444 | 91.577 | 91.577 |
|   4   | 85.035 | 98.787 | 99.343 | 91.458 | 91.458 |
|   5   | 85.137 | 98.837 | 99.292 | 91.526 | 91.526 |
|   6   | 85.137 | 98.787 | 99.343 | 91.543 | 91.543 |
|   7   | 85.187 | 98.787 | 99.393 | 91.530 | 91.530 |
|   8   | 85.086 | 98.837 | 99.343 | 91.483 | 91.483 |
|   9   | 85.035 | 98.736 | 99.343 | 91.450 | 91.450 |
|   10  | 85.035 | 98.787 | 99.393 | 91.454 | 91.454 |
|   11  | 85.035 | 98.787 | 99.393 | 91.448 | 91.448 |
|   12  | 84.985 | 98.787 | 99.393 | 91.424 | 91.424 |
|   13  | 84.985 | 98.736 | 99.393 | 91.421 | 91.421 |
|   14  | 84.985 | 98.686 | 99.343 | 91.420 | 91.420 |
|   15  | 85.035 | 98.635 | 99.343 | 91.439 | 91.439 |
|   16  | 85.035 | 98.584 | 99.343 | 91.437 | 91.437 |
|   17  | 85.035 | 98.534 | 99.393 | 91.427 | 91.427 |
|   18  | 85.035 | 98.584 | 99.393 | 91.433 | 91.433 |
|   19  | 85.086 | 98.534 | 99.343 | 91.471 | 91.471 |
|   20  | 85.035 | 98.534 | 99.343 | 91.423 | 91.423 |
|   21  | 85.035 | 98.534 | 99.343 | 91.439 | 91.439 |
|   22  | 84.985 | 98.584 | 99.343 | 91.403 | 91.403 |
|   23  | 85.035 | 98.584 | 99.343 | 91.439 | 91.439 |
|   24  | 85.035 | 98.635 | 99.343 | 91.432 | 91.432 |
|   25  | 84.985 | 98.635 | 99.343 | 91.394 | 91.394 |
|   26  | 84.985 | 98.635 | 99.343 | 91.396 | 91.396 |
|   27  | 84.985 | 98.635 | 99.343 | 91.399 | 91.399 |
+-------+--------+--------+--------+--------+--------+
     logs:  {'epo': 27, 'R1': np.float32(84.985), 'R5': np.float32(98.635), 'R10': np.float32(99.343), 'mAP': np.float32(91.399), 'mINP': np.float32(91.399), 'lr': 1.9e-05, 'entropy': 0.002303, 'loss': 0.002303}
      TTA Epoch: [28] [  0/123]  eta: 0:00:47  lr: 0.000015  entropy: 0.0012  loss: 0.0012  time: 0.3902  data: 0.3240  max mem: 3248
      TTA Epoch: [28] [100/123]  eta: 0:00:01  lr: 0.000010  entropy: 0.0006  loss: 0.0006  time: 0.0578  data: 0.0001  max mem: 3248
      TTA Epoch: [28] [122/123]  eta: 0:00:00  lr: 0.000008  entropy: 0.0001  loss: 0.0001  time: 0.0567  data: 0.0001  max mem: 3248
      TTA Epoch: [28] Total time: 0:00:07 (0.0605 s / it)
     Averaged stats: lr: 0.0000  entropy: 0.0022  loss: 0.0022
     Computing matching score
      Evaluation: [   0/1978]  eta: 0:00:21    time: 0.0110  data: 0.0032  max mem: 3248
      Evaluation: [ 100/1978]  eta: 0:01:55    time: 0.0621  data: 0.0000  max mem: 3248
      Evaluation: [ 200/1978]  eta: 0:01:50    time: 0.0622  data: 0.0000  max mem: 3248
      Evaluation: [ 300/1978]  eta: 0:01:44    time: 0.0625  data: 0.0000  max mem: 3248
      Evaluation: [ 400/1978]  eta: 0:01:38    time: 0.0622  data: 0.0000  max mem: 3248
      Evaluation: [ 500/1978]  eta: 0:01:31    time: 0.0622  data: 0.0000  max mem: 3248
      Evaluation: [ 600/1978]  eta: 0:01:25    time: 0.0622  data: 0.0000  max mem: 3248
      Evaluation: [ 700/1978]  eta: 0:01:19    time: 0.0623  data: 0.0000  max mem: 3248
      Evaluation: [ 800/1978]  eta: 0:01:13    time: 0.0623  data: 0.0000  max mem: 3248
      Evaluation: [ 900/1978]  eta: 0:01:07    time: 0.0623  data: 0.0000  max mem: 3248
      Evaluation: [1000/1978]  eta: 0:01:00    time: 0.0623  data: 0.0000  max mem: 3248
      Evaluation: [1100/1978]  eta: 0:00:54    time: 0.0623  data: 0.0000  max mem: 3248
      Evaluation: [1200/1978]  eta: 0:00:48    time: 0.0624  data: 0.0000  max mem: 3248
      Evaluation: [1300/1978]  eta: 0:00:42    time: 0.0627  data: 0.0000  max mem: 3248
      Evaluation: [1400/1978]  eta: 0:00:35    time: 0.0630  data: 0.0000  max mem: 3248
      Evaluation: [1500/1978]  eta: 0:00:29    time: 0.0624  data: 0.0000  max mem: 3248
      Evaluation: [1600/1978]  eta: 0:00:23    time: 0.0624  data: 0.0000  max mem: 3248
      Evaluation: [1700/1978]  eta: 0:00:17    time: 0.0624  data: 0.0000  max mem: 3248
      Evaluation: [1800/1978]  eta: 0:00:11    time: 0.0624  data: 0.0000  max mem: 3248
      Evaluation: [1900/1978]  eta: 0:00:04    time: 0.0624  data: 0.0000  max mem: 3248
      Evaluation: [1977/1978]  eta: 0:00:00    time: 0.0625  data: 0.0000  max mem: 3248
      Evaluation: Total time: 0:02:03 (0.0623 s / it)
     Computing matching score time 0:02:03
### TTA ITM Score: 
+-------+--------+--------+--------+--------+--------+
| epoch |   R1   |   R5   |  R10   |  mAP   |  mINP  |
+-------+--------+--------+--------+--------+--------+
|  -999 | 69.414 | 95.197 | 97.776 | 81.233 | 81.233 |
|  -999 | 84.277 | 99.039 | 99.596 | 91.276 | 91.276 |
|   0   | 84.277 | 98.635 | 99.292 | 91.057 | 91.057 |
|   1   | 84.884 | 98.787 | 99.444 | 91.407 | 91.407 |
|   2   | 85.137 | 98.837 | 99.242 | 91.578 | 91.578 |
|   3   | 85.187 | 98.787 | 99.444 | 91.577 | 91.577 |
|   4   | 85.035 | 98.787 | 99.343 | 91.458 | 91.458 |
|   5   | 85.137 | 98.837 | 99.292 | 91.526 | 91.526 |
|   6   | 85.137 | 98.787 | 99.343 | 91.543 | 91.543 |
|   7   | 85.187 | 98.787 | 99.393 | 91.530 | 91.530 |
|   8   | 85.086 | 98.837 | 99.343 | 91.483 | 91.483 |
|   9   | 85.035 | 98.736 | 99.343 | 91.450 | 91.450 |
|   10  | 85.035 | 98.787 | 99.393 | 91.454 | 91.454 |
|   11  | 85.035 | 98.787 | 99.393 | 91.448 | 91.448 |
|   12  | 84.985 | 98.787 | 99.393 | 91.424 | 91.424 |
|   13  | 84.985 | 98.736 | 99.393 | 91.421 | 91.421 |
|   14  | 84.985 | 98.686 | 99.343 | 91.420 | 91.420 |
|   15  | 85.035 | 98.635 | 99.343 | 91.439 | 91.439 |
|   16  | 85.035 | 98.584 | 99.343 | 91.437 | 91.437 |
|   17  | 85.035 | 98.534 | 99.393 | 91.427 | 91.427 |
|   18  | 85.035 | 98.584 | 99.393 | 91.433 | 91.433 |
|   19  | 85.086 | 98.534 | 99.343 | 91.471 | 91.471 |
|   20  | 85.035 | 98.534 | 99.343 | 91.423 | 91.423 |
|   21  | 85.035 | 98.534 | 99.343 | 91.439 | 91.439 |
|   22  | 84.985 | 98.584 | 99.343 | 91.403 | 91.403 |
|   23  | 85.035 | 98.584 | 99.343 | 91.439 | 91.439 |
|   24  | 85.035 | 98.635 | 99.343 | 91.432 | 91.432 |
|   25  | 84.985 | 98.635 | 99.343 | 91.394 | 91.394 |
|   26  | 84.985 | 98.635 | 99.343 | 91.396 | 91.396 |
|   27  | 84.985 | 98.635 | 99.343 | 91.399 | 91.399 |
|   28  | 84.985 | 98.635 | 99.343 | 91.399 | 91.399 |
+-------+--------+--------+--------+--------+--------+
     logs:  {'epo': 28, 'R1': np.float32(84.985), 'R5': np.float32(98.635), 'R10': np.float32(99.343), 'mAP': np.float32(91.399), 'mINP': np.float32(91.399), 'lr': 1.2e-05, 'entropy': 0.002246, 'loss': 0.002246}
      TTA Epoch: [29] [  0/123]  eta: 0:00:52  lr: 0.000008  entropy: 0.0003  loss: 0.0003  time: 0.4248  data: 0.3595  max mem: 3248
      TTA Epoch: [29] [100/123]  eta: 0:00:01  lr: 0.000003  entropy: 0.0001  loss: 0.0001  time: 0.0575  data: 0.0001  max mem: 3248
      TTA Epoch: [29] [122/123]  eta: 0:00:00  lr: 0.000002  entropy: 0.0017  loss: 0.0017  time: 0.0574  data: 0.0001  max mem: 3248
      TTA Epoch: [29] Total time: 0:00:07 (0.0608 s / it)
     Averaged stats: lr: 0.0000  entropy: 0.0022  loss: 0.0022
     Computing matching score
      Evaluation: [   0/1978]  eta: 0:00:22    time: 0.0112  data: 0.0032  max mem: 3248
      Evaluation: [ 100/1978]  eta: 0:01:56    time: 0.0623  data: 0.0000  max mem: 3248
      Evaluation: [ 200/1978]  eta: 0:01:50    time: 0.0625  data: 0.0000  max mem: 3248
      Evaluation: [ 300/1978]  eta: 0:01:44    time: 0.0623  data: 0.0000  max mem: 3248
      Evaluation: [ 400/1978]  eta: 0:01:38    time: 0.0623  data: 0.0000  max mem: 3248
      Evaluation: [ 500/1978]  eta: 0:01:32    time: 0.0624  data: 0.0000  max mem: 3248
      Evaluation: [ 600/1978]  eta: 0:01:25    time: 0.0622  data: 0.0000  max mem: 3248
      Evaluation: [ 700/1978]  eta: 0:01:19    time: 0.0624  data: 0.0000  max mem: 3248
      Evaluation: [ 800/1978]  eta: 0:01:13    time: 0.0625  data: 0.0000  max mem: 3248
      Evaluation: [ 900/1978]  eta: 0:01:07    time: 0.0624  data: 0.0000  max mem: 3248
      Evaluation: [1000/1978]  eta: 0:01:00    time: 0.0625  data: 0.0000  max mem: 3248
      Evaluation: [1100/1978]  eta: 0:00:54    time: 0.0624  data: 0.0000  max mem: 3248
      Evaluation: [1200/1978]  eta: 0:00:48    time: 0.0628  data: 0.0000  max mem: 3248
      Evaluation: [1300/1978]  eta: 0:00:42    time: 0.0624  data: 0.0000  max mem: 3248
      Evaluation: [1400/1978]  eta: 0:00:36    time: 0.0625  data: 0.0000  max mem: 3248
      Evaluation: [1500/1978]  eta: 0:00:29    time: 0.0625  data: 0.0000  max mem: 3248
      Evaluation: [1600/1978]  eta: 0:00:23    time: 0.0625  data: 0.0000  max mem: 3248
      Evaluation: [1700/1978]  eta: 0:00:17    time: 0.0625  data: 0.0000  max mem: 3248
      Evaluation: [1800/1978]  eta: 0:00:11    time: 0.0626  data: 0.0000  max mem: 3248
      Evaluation: [1900/1978]  eta: 0:00:04    time: 0.0625  data: 0.0000  max mem: 3248
      Evaluation: [1977/1978]  eta: 0:00:00    time: 0.0625  data: 0.0000  max mem: 3248
      Evaluation: Total time: 0:02:03 (0.0624 s / it)
     Computing matching score time 0:02:03
### TTA ITM Score: 
+-------+--------+--------+--------+--------+--------+
| epoch |   R1   |   R5   |  R10   |  mAP   |  mINP  |
+-------+--------+--------+--------+--------+--------+
|  -999 | 69.414 | 95.197 | 97.776 | 81.233 | 81.233 |
|  -999 | 84.277 | 99.039 | 99.596 | 91.276 | 91.276 |
|   0   | 84.277 | 98.635 | 99.292 | 91.057 | 91.057 |
|   1   | 84.884 | 98.787 | 99.444 | 91.407 | 91.407 |
|   2   | 85.137 | 98.837 | 99.242 | 91.578 | 91.578 |
|   3   | 85.187 | 98.787 | 99.444 | 91.577 | 91.577 |
|   4   | 85.035 | 98.787 | 99.343 | 91.458 | 91.458 |
|   5   | 85.137 | 98.837 | 99.292 | 91.526 | 91.526 |
|   6   | 85.137 | 98.787 | 99.343 | 91.543 | 91.543 |
|   7   | 85.187 | 98.787 | 99.393 | 91.530 | 91.530 |
|   8   | 85.086 | 98.837 | 99.343 | 91.483 | 91.483 |
|   9   | 85.035 | 98.736 | 99.343 | 91.450 | 91.450 |
|   10  | 85.035 | 98.787 | 99.393 | 91.454 | 91.454 |
|   11  | 85.035 | 98.787 | 99.393 | 91.448 | 91.448 |
|   12  | 84.985 | 98.787 | 99.393 | 91.424 | 91.424 |
|   13  | 84.985 | 98.736 | 99.393 | 91.421 | 91.421 |
|   14  | 84.985 | 98.686 | 99.343 | 91.420 | 91.420 |
|   15  | 85.035 | 98.635 | 99.343 | 91.439 | 91.439 |
|   16  | 85.035 | 98.584 | 99.343 | 91.437 | 91.437 |
|   17  | 85.035 | 98.534 | 99.393 | 91.427 | 91.427 |
|   18  | 85.035 | 98.584 | 99.393 | 91.433 | 91.433 |
|   19  | 85.086 | 98.534 | 99.343 | 91.471 | 91.471 |
|   20  | 85.035 | 98.534 | 99.343 | 91.423 | 91.423 |
|   21  | 85.035 | 98.534 | 99.343 | 91.439 | 91.439 |
|   22  | 84.985 | 98.584 | 99.343 | 91.403 | 91.403 |
|   23  | 85.035 | 98.584 | 99.343 | 91.439 | 91.439 |
|   24  | 85.035 | 98.635 | 99.343 | 91.432 | 91.432 |
|   25  | 84.985 | 98.635 | 99.343 | 91.394 | 91.394 |
|   26  | 84.985 | 98.635 | 99.343 | 91.396 | 91.396 |
|   27  | 84.985 | 98.635 | 99.343 | 91.399 | 91.399 |
|   28  | 84.985 | 98.635 | 99.343 | 91.399 | 91.399 |
|   29  | 84.985 | 98.635 | 99.343 | 91.399 | 91.399 |
+-------+--------+--------+--------+--------+--------+
     logs:  {'epo': 29, 'R1': np.float32(84.985), 'R5': np.float32(98.635), 'R10': np.float32(99.343), 'mAP': np.float32(91.399), 'mINP': np.float32(91.399), 'lr': 5e-06, 'entropy': 0.002183, 'loss': 0.002183}
### best epoch: 3
### Time 1:06:12
NNODES,  1
NODE_RANK,  0
MASTER_ADDR,  127.0.0.1
MASTER_PORT,  1612
NPROC_PER_NODE,  2
task:  tta_exp0.4
config:  configs/tta_exp0.4.yaml
output_dir:  output/tta_exp0.4/2025081905333
CUDA_VISIBLE_DEVICES=2 python3 tta.py --config configs/tta_exp0.4.yaml --task tta_exp0.4 --output_dir output/tta_exp0.4/2025081905333 --checkpoint checkpoint/cmp.pth --bs 0 --epo 0 --lr 0.0 --seed 42 --tta
