/home/jiahao/miniconda3/envs/cmp/lib/python3.10/site-packages/torch/functional.py:554: UserWarning: torch.meshgrid: in an upcoming release, it will be required to pass the indexing argument. (Triggered internally at /pytorch/aten/src/ATen/native/TensorShape.cpp:4322.)
  return _VF.meshgrid(tensors, **kwargs)  # type: ignore[attr-defined]
Not using distributed mode
### Hyper-parameters:
     seed: 42
     device: cuda
     output_dir: output/tta_exp4.5/2025082214111
     batch_size_tta: 16
     epochs: 30
     lr: 0.0005
### Creating test dataset
from data/PAB/annotation/test/attr.json loading 1978 data
test dataset -->    be_pose_img: True
     test_dataset: 1978
### Creating test dataloader
### be careful: func create_loader returns a list length of 1
     test_loader: 90
### Creating model
build_vision_encoder: load swin 224 x 224 ====>
missing_keys:  []
unexpected_keys:  ['head.weight', 'head.bias']
build_text_encoder: load bert ====>
missing_keys: ['bert.encoder.layer.10.crossattention.output.LayerNorm.bias', 'bert.encoder.layer.10.crossattention.output.LayerNorm.weight', 'bert.encoder.layer.10.crossattention.output.dense.bias', 'bert.encoder.layer.10.crossattention.output.dense.weight', 'bert.encoder.layer.10.crossattention.self.key.bias', 'bert.encoder.layer.10.crossattention.self.key.weight', 'bert.encoder.layer.10.crossattention.self.query.bias', 'bert.encoder.layer.10.crossattention.self.query.weight', 'bert.encoder.layer.10.crossattention.self.value.bias', 'bert.encoder.layer.10.crossattention.self.value.weight', 'bert.encoder.layer.11.crossattention.output.LayerNorm.bias', 'bert.encoder.layer.11.crossattention.output.LayerNorm.weight', 'bert.encoder.layer.11.crossattention.output.dense.bias', 'bert.encoder.layer.11.crossattention.output.dense.weight', 'bert.encoder.layer.11.crossattention.self.key.bias', 'bert.encoder.layer.11.crossattention.self.key.weight', 'bert.encoder.layer.11.crossattention.self.query.bias', 'bert.encoder.layer.11.crossattention.self.query.weight', 'bert.encoder.layer.11.crossattention.self.value.bias', 'bert.encoder.layer.11.crossattention.self.value.weight', 'bert.encoder.layer.6.crossattention.output.LayerNorm.bias', 'bert.encoder.layer.6.crossattention.output.LayerNorm.weight', 'bert.encoder.layer.6.crossattention.output.dense.bias', 'bert.encoder.layer.6.crossattention.output.dense.weight', 'bert.encoder.layer.6.crossattention.self.key.bias', 'bert.encoder.layer.6.crossattention.self.key.weight', 'bert.encoder.layer.6.crossattention.self.query.bias', 'bert.encoder.layer.6.crossattention.self.query.weight', 'bert.encoder.layer.6.crossattention.self.value.bias', 'bert.encoder.layer.6.crossattention.self.value.weight', 'bert.encoder.layer.7.crossattention.output.LayerNorm.bias', 'bert.encoder.layer.7.crossattention.output.LayerNorm.weight', 'bert.encoder.layer.7.crossattention.output.dense.bias', 'bert.encoder.layer.7.crossattention.output.dense.weight', 'bert.encoder.layer.7.crossattention.self.key.bias', 'bert.encoder.layer.7.crossattention.self.key.weight', 'bert.encoder.layer.7.crossattention.self.query.bias', 'bert.encoder.layer.7.crossattention.self.query.weight', 'bert.encoder.layer.7.crossattention.self.value.bias', 'bert.encoder.layer.7.crossattention.self.value.weight', 'bert.encoder.layer.8.crossattention.output.LayerNorm.bias', 'bert.encoder.layer.8.crossattention.output.LayerNorm.weight', 'bert.encoder.layer.8.crossattention.output.dense.bias', 'bert.encoder.layer.8.crossattention.output.dense.weight', 'bert.encoder.layer.8.crossattention.self.key.bias', 'bert.encoder.layer.8.crossattention.self.key.weight', 'bert.encoder.layer.8.crossattention.self.query.bias', 'bert.encoder.layer.8.crossattention.self.query.weight', 'bert.encoder.layer.8.crossattention.self.value.bias', 'bert.encoder.layer.8.crossattention.self.value.weight', 'bert.encoder.layer.9.crossattention.output.LayerNorm.bias', 'bert.encoder.layer.9.crossattention.output.LayerNorm.weight', 'bert.encoder.layer.9.crossattention.output.dense.bias', 'bert.encoder.layer.9.crossattention.output.dense.weight', 'bert.encoder.layer.9.crossattention.self.key.bias', 'bert.encoder.layer.9.crossattention.self.key.weight', 'bert.encoder.layer.9.crossattention.self.query.bias', 'bert.encoder.layer.9.crossattention.self.query.weight', 'bert.encoder.layer.9.crossattention.self.value.bias', 'bert.encoder.layer.9.crossattention.self.value.weight']
unexpected_keys: ['cls.seq_relationship.bias', 'cls.seq_relationship.weight']
mismatched_keys: []
error_msgs: []
Label Smooth: 0.2
pose_conv
load checkpoint from checkpoint/cmp.pth
missing_keys:  ['uncertainty_temper', 'prompt_learning_embedding']
unexpected_keys:  []
     Total Params Sum:  254264985
### Inference ITC similiarity matrix
### Zero-Shot Score: 
+-------+--------+--------+--------+--------+--------+
| epoch |   R1   |   R5   |  R10   |  mAP   |  mINP  |
+-------+--------+--------+--------+--------+--------+
|  -999 | 69.414 | 95.197 | 97.776 | 81.233 | 81.233 |
|  -999 | 84.277 | 99.039 | 99.596 | 91.276 | 91.276 |
+-------+--------+--------+--------+--------+--------+
### TTA:
     preprocess_tta_coefficients  start
     sample selection ...
     number of sample after sample_selection: 1978
     uncertainty ...
     preprocess_tta_coefficients  end
### Creating tta dataset
     tta_dataset: 1978
### Creating tta dataloader
### be careful: func create_loader returns a list length of 1
     tta_loader: 123
### Configure adapted weights
     TTA Dropout Modules: 
 [('vision_encoder.pos_drop', Dropout(p=0, inplace=False), True), ('vision_encoder.layers.0.blocks.0.attn.attn_drop', Dropout(p=0.0, inplace=False), True), ('vision_encoder.layers.0.blocks.0.attn.proj_drop', Dropout(p=0, inplace=False), True), ('vision_encoder.layers.0.blocks.0.mlp.drop', Dropout(p=0, inplace=False), True), ('vision_encoder.layers.0.blocks.1.attn.attn_drop', Dropout(p=0.0, inplace=False), True), ('vision_encoder.layers.0.blocks.1.attn.proj_drop', Dropout(p=0, inplace=False), True), ('vision_encoder.layers.0.blocks.1.mlp.drop', Dropout(p=0, inplace=False), True), ('vision_encoder.layers.1.blocks.0.attn.attn_drop', Dropout(p=0.0, inplace=False), True), ('vision_encoder.layers.1.blocks.0.attn.proj_drop', Dropout(p=0, inplace=False), True), ('vision_encoder.layers.1.blocks.0.mlp.drop', Dropout(p=0, inplace=False), True), ('vision_encoder.layers.1.blocks.1.attn.attn_drop', Dropout(p=0.0, inplace=False), True), ('vision_encoder.layers.1.blocks.1.attn.proj_drop', Dropout(p=0, inplace=False), True), ('vision_encoder.layers.1.blocks.1.mlp.drop', Dropout(p=0, inplace=False), True), ('vision_encoder.layers.2.blocks.0.attn.attn_drop', Dropout(p=0.0, inplace=False), True), ('vision_encoder.layers.2.blocks.0.attn.proj_drop', Dropout(p=0, inplace=False), True), ('vision_encoder.layers.2.blocks.0.mlp.drop', Dropout(p=0, inplace=False), True), ('vision_encoder.layers.2.blocks.1.attn.attn_drop', Dropout(p=0.0, inplace=False), True), ('vision_encoder.layers.2.blocks.1.attn.proj_drop', Dropout(p=0, inplace=False), True), ('vision_encoder.layers.2.blocks.1.mlp.drop', Dropout(p=0, inplace=False), True), ('vision_encoder.layers.2.blocks.2.attn.attn_drop', Dropout(p=0.0, inplace=False), True), ('vision_encoder.layers.2.blocks.2.attn.proj_drop', Dropout(p=0, inplace=False), True), ('vision_encoder.layers.2.blocks.2.mlp.drop', Dropout(p=0, inplace=False), True), ('vision_encoder.layers.2.blocks.3.attn.attn_drop', Dropout(p=0.0, inplace=False), True), ('vision_encoder.layers.2.blocks.3.attn.proj_drop', Dropout(p=0, inplace=False), True), ('vision_encoder.layers.2.blocks.3.mlp.drop', Dropout(p=0, inplace=False), True), ('vision_encoder.layers.2.blocks.4.attn.attn_drop', Dropout(p=0.0, inplace=False), True), ('vision_encoder.layers.2.blocks.4.attn.proj_drop', Dropout(p=0, inplace=False), True), ('vision_encoder.layers.2.blocks.4.mlp.drop', Dropout(p=0, inplace=False), True), ('vision_encoder.layers.2.blocks.5.attn.attn_drop', Dropout(p=0.0, inplace=False), True), ('vision_encoder.layers.2.blocks.5.attn.proj_drop', Dropout(p=0, inplace=False), True), ('vision_encoder.layers.2.blocks.5.mlp.drop', Dropout(p=0, inplace=False), True), ('vision_encoder.layers.2.blocks.6.attn.attn_drop', Dropout(p=0.0, inplace=False), True), ('vision_encoder.layers.2.blocks.6.attn.proj_drop', Dropout(p=0, inplace=False), True), ('vision_encoder.layers.2.blocks.6.mlp.drop', Dropout(p=0, inplace=False), True), ('vision_encoder.layers.2.blocks.7.attn.attn_drop', Dropout(p=0.0, inplace=False), True), ('vision_encoder.layers.2.blocks.7.attn.proj_drop', Dropout(p=0, inplace=False), True), ('vision_encoder.layers.2.blocks.7.mlp.drop', Dropout(p=0, inplace=False), True), ('vision_encoder.layers.2.blocks.8.attn.attn_drop', Dropout(p=0.0, inplace=False), True), ('vision_encoder.layers.2.blocks.8.attn.proj_drop', Dropout(p=0, inplace=False), True), ('vision_encoder.layers.2.blocks.8.mlp.drop', Dropout(p=0, inplace=False), True), ('vision_encoder.layers.2.blocks.9.attn.attn_drop', Dropout(p=0.0, inplace=False), True), ('vision_encoder.layers.2.blocks.9.attn.proj_drop', Dropout(p=0, inplace=False), True), ('vision_encoder.layers.2.blocks.9.mlp.drop', Dropout(p=0, inplace=False), True), ('vision_encoder.layers.2.blocks.10.attn.attn_drop', Dropout(p=0.0, inplace=False), True), ('vision_encoder.layers.2.blocks.10.attn.proj_drop', Dropout(p=0, inplace=False), True), ('vision_encoder.layers.2.blocks.10.mlp.drop', Dropout(p=0, inplace=False), True), ('vision_encoder.layers.2.blocks.11.attn.attn_drop', Dropout(p=0.0, inplace=False), True), ('vision_encoder.layers.2.blocks.11.attn.proj_drop', Dropout(p=0, inplace=False), True), ('vision_encoder.layers.2.blocks.11.mlp.drop', Dropout(p=0, inplace=False), True), ('vision_encoder.layers.2.blocks.12.attn.attn_drop', Dropout(p=0.0, inplace=False), True), ('vision_encoder.layers.2.blocks.12.attn.proj_drop', Dropout(p=0, inplace=False), True), ('vision_encoder.layers.2.blocks.12.mlp.drop', Dropout(p=0, inplace=False), True), ('vision_encoder.layers.2.blocks.13.attn.attn_drop', Dropout(p=0.0, inplace=False), True), ('vision_encoder.layers.2.blocks.13.attn.proj_drop', Dropout(p=0, inplace=False), True), ('vision_encoder.layers.2.blocks.13.mlp.drop', Dropout(p=0, inplace=False), True), ('vision_encoder.layers.2.blocks.14.attn.attn_drop', Dropout(p=0.0, inplace=False), True), ('vision_encoder.layers.2.blocks.14.attn.proj_drop', Dropout(p=0, inplace=False), True), ('vision_encoder.layers.2.blocks.14.mlp.drop', Dropout(p=0, inplace=False), True), ('vision_encoder.layers.2.blocks.15.attn.attn_drop', Dropout(p=0.0, inplace=False), True), ('vision_encoder.layers.2.blocks.15.attn.proj_drop', Dropout(p=0, inplace=False), True), ('vision_encoder.layers.2.blocks.15.mlp.drop', Dropout(p=0, inplace=False), True), ('vision_encoder.layers.2.blocks.16.attn.attn_drop', Dropout(p=0.0, inplace=False), True), ('vision_encoder.layers.2.blocks.16.attn.proj_drop', Dropout(p=0, inplace=False), True), ('vision_encoder.layers.2.blocks.16.mlp.drop', Dropout(p=0, inplace=False), True), ('vision_encoder.layers.2.blocks.17.attn.attn_drop', Dropout(p=0.0, inplace=False), True), ('vision_encoder.layers.2.blocks.17.attn.proj_drop', Dropout(p=0, inplace=False), True), ('vision_encoder.layers.2.blocks.17.mlp.drop', Dropout(p=0, inplace=False), True), ('vision_encoder.layers.3.blocks.0.attn.attn_drop', Dropout(p=0.0, inplace=False), True), ('vision_encoder.layers.3.blocks.0.attn.proj_drop', Dropout(p=0, inplace=False), True), ('vision_encoder.layers.3.blocks.0.mlp.drop', Dropout(p=0, inplace=False), True), ('vision_encoder.layers.3.blocks.1.attn.attn_drop', Dropout(p=0.0, inplace=False), True), ('vision_encoder.layers.3.blocks.1.attn.proj_drop', Dropout(p=0, inplace=False), True), ('vision_encoder.layers.3.blocks.1.mlp.drop', Dropout(p=0, inplace=False), True), ('vision_proj.1', Dropout(p=0.5, inplace=False), True), ('text_proj.1', Dropout(p=0.5, inplace=False), True), ('pose_block.attn.attn_drop', Dropout(p=0.0, inplace=False), True), ('pose_block.attn.proj_drop', Dropout(p=0.0, inplace=False), True)]
     TTA Require Gradient Params: 
 [('uncertainty_temper', torch.Size([1])), ('text_encoder.bert.embeddings.LayerNorm.weight', torch.Size([768])), ('text_encoder.bert.embeddings.LayerNorm.bias', torch.Size([768])), ('text_encoder.bert.encoder.layer.6.attention.output.LayerNorm.weight', torch.Size([768])), ('text_encoder.bert.encoder.layer.6.attention.output.LayerNorm.bias', torch.Size([768])), ('text_encoder.bert.encoder.layer.6.crossattention.output.LayerNorm.weight', torch.Size([768])), ('text_encoder.bert.encoder.layer.6.crossattention.output.LayerNorm.bias', torch.Size([768])), ('text_encoder.bert.encoder.layer.6.output.LayerNorm.weight', torch.Size([768])), ('text_encoder.bert.encoder.layer.6.output.LayerNorm.bias', torch.Size([768])), ('text_encoder.bert.encoder.layer.7.attention.output.LayerNorm.weight', torch.Size([768])), ('text_encoder.bert.encoder.layer.7.attention.output.LayerNorm.bias', torch.Size([768])), ('text_encoder.bert.encoder.layer.7.crossattention.output.LayerNorm.weight', torch.Size([768])), ('text_encoder.bert.encoder.layer.7.crossattention.output.LayerNorm.bias', torch.Size([768])), ('text_encoder.bert.encoder.layer.7.output.LayerNorm.weight', torch.Size([768])), ('text_encoder.bert.encoder.layer.7.output.LayerNorm.bias', torch.Size([768])), ('text_encoder.bert.encoder.layer.8.attention.output.LayerNorm.weight', torch.Size([768])), ('text_encoder.bert.encoder.layer.8.attention.output.LayerNorm.bias', torch.Size([768])), ('text_encoder.bert.encoder.layer.8.crossattention.output.LayerNorm.weight', torch.Size([768])), ('text_encoder.bert.encoder.layer.8.crossattention.output.LayerNorm.bias', torch.Size([768])), ('text_encoder.bert.encoder.layer.8.output.LayerNorm.weight', torch.Size([768])), ('text_encoder.bert.encoder.layer.8.output.LayerNorm.bias', torch.Size([768])), ('text_encoder.bert.encoder.layer.9.attention.output.LayerNorm.weight', torch.Size([768])), ('text_encoder.bert.encoder.layer.9.attention.output.LayerNorm.bias', torch.Size([768])), ('text_encoder.bert.encoder.layer.9.crossattention.output.LayerNorm.weight', torch.Size([768])), ('text_encoder.bert.encoder.layer.9.crossattention.output.LayerNorm.bias', torch.Size([768])), ('text_encoder.bert.encoder.layer.9.output.LayerNorm.weight', torch.Size([768])), ('text_encoder.bert.encoder.layer.9.output.LayerNorm.bias', torch.Size([768])), ('text_encoder.bert.encoder.layer.10.attention.output.LayerNorm.weight', torch.Size([768])), ('text_encoder.bert.encoder.layer.10.attention.output.LayerNorm.bias', torch.Size([768])), ('text_encoder.bert.encoder.layer.10.crossattention.output.LayerNorm.weight', torch.Size([768])), ('text_encoder.bert.encoder.layer.10.crossattention.output.LayerNorm.bias', torch.Size([768])), ('text_encoder.bert.encoder.layer.10.output.LayerNorm.weight', torch.Size([768])), ('text_encoder.bert.encoder.layer.10.output.LayerNorm.bias', torch.Size([768])), ('text_encoder.bert.encoder.layer.11.attention.output.LayerNorm.weight', torch.Size([768])), ('text_encoder.bert.encoder.layer.11.attention.output.LayerNorm.bias', torch.Size([768])), ('text_encoder.bert.encoder.layer.11.crossattention.output.LayerNorm.weight', torch.Size([768])), ('text_encoder.bert.encoder.layer.11.crossattention.output.LayerNorm.bias', torch.Size([768])), ('text_encoder.bert.encoder.layer.11.output.LayerNorm.weight', torch.Size([768])), ('text_encoder.bert.encoder.layer.11.output.LayerNorm.bias', torch.Size([768])), ('text_encoder.cls.predictions.transform.LayerNorm.weight', torch.Size([768])), ('text_encoder.cls.predictions.transform.LayerNorm.bias', torch.Size([768])), ('itm_head.1.weight', torch.Size([1536])), ('itm_head.1.bias', torch.Size([1536]))]
     TTA Dropout Modules Number: 
 77
     TTA Require Gradient Params Sum: 
 33793
     lr:  0.0005    lr_mult:  2
     model has 'init_params',  386
     num_tta_steps:  3720
     num_warmup_steps:  100
     sched: step
/home/jiahao/task/CMP/tta.py:206: FutureWarning: `torch.cuda.amp.GradScaler(args...)` is deprecated. Please use `torch.amp.GradScaler('cuda', args...)` instead.
  scaler = GradScaler()  # bf16
### Start ITM Test Time Adaptation
      TTA Epoch: [0] [  0/123]  eta: 0:02:05  lr: 0.000005  entropy: 0.3814  loss: 2.8312  time: 1.0168  data: 0.4397  max mem: 2639
      TTA Epoch: [0] [100/123]  eta: 0:00:01  lr: 0.000500  entropy: 0.0511  loss: 2.6429  time: 0.0347  data: 0.0002  max mem: 2671
      TTA Epoch: [0] [122/123]  eta: 0:00:00  lr: 0.000497  entropy: 0.3425  loss: 2.7266  time: 0.0318  data: 0.0001  max mem: 2671
      TTA Epoch: [0] Total time: 0:00:05 (0.0439 s / it)
     Averaged stats: lr: 0.0003  entropy: 0.3221  loss: 2.7779
     Computing matching score
      Evaluation: [   0/1978]  eta: 0:03:24    time: 0.1034  data: 0.0033  max mem: 2671
      Evaluation: [ 100/1978]  eta: 0:01:23    time: 0.0440  data: 0.0000  max mem: 2671
      Evaluation: [ 200/1978]  eta: 0:01:18    time: 0.0421  data: 0.0000  max mem: 2671
      Evaluation: [ 300/1978]  eta: 0:01:12    time: 0.0405  data: 0.0000  max mem: 2671
      Evaluation: [ 400/1978]  eta: 0:01:08    time: 0.0418  data: 0.0000  max mem: 2671
      Evaluation: [ 500/1978]  eta: 0:01:02    time: 0.0407  data: 0.0000  max mem: 2671
      Evaluation: [ 600/1978]  eta: 0:00:58    time: 0.0421  data: 0.0000  max mem: 2671
      Evaluation: [ 700/1978]  eta: 0:00:54    time: 0.0441  data: 0.0000  max mem: 2671
      Evaluation: [ 800/1978]  eta: 0:00:50    time: 0.0430  data: 0.0000  max mem: 2671
      Evaluation: [ 900/1978]  eta: 0:00:46    time: 0.0456  data: 0.0000  max mem: 2671
      Evaluation: [1000/1978]  eta: 0:00:42    time: 0.0488  data: 0.0000  max mem: 2671
      Evaluation: [1100/1978]  eta: 0:00:38    time: 0.0436  data: 0.0000  max mem: 2671
      Evaluation: [1200/1978]  eta: 0:00:33    time: 0.0442  data: 0.0000  max mem: 2671
      Evaluation: [1300/1978]  eta: 0:00:29    time: 0.0475  data: 0.0000  max mem: 2671
      Evaluation: [1400/1978]  eta: 0:00:25    time: 0.0414  data: 0.0000  max mem: 2671
      Evaluation: [1500/1978]  eta: 0:00:20    time: 0.0420  data: 0.0000  max mem: 2671
      Evaluation: [1600/1978]  eta: 0:00:16    time: 0.0415  data: 0.0000  max mem: 2671
      Evaluation: [1700/1978]  eta: 0:00:12    time: 0.0416  data: 0.0000  max mem: 2671
      Evaluation: [1800/1978]  eta: 0:00:07    time: 0.0411  data: 0.0000  max mem: 2671
      Evaluation: [1900/1978]  eta: 0:00:03    time: 0.0413  data: 0.0000  max mem: 2671
      Evaluation: [1977/1978]  eta: 0:00:00    time: 0.0419  data: 0.0000  max mem: 2671
      Evaluation: Total time: 0:01:25 (0.0431 s / it)
     Computing matching score time 0:01:25
### TTA ITM Score: 
+-------+--------+--------+--------+--------+--------+
| epoch |   R1   |   R5   |  R10   |  mAP   |  mINP  |
+-------+--------+--------+--------+--------+--------+
|  -999 | 69.414 | 95.197 | 97.776 | 81.233 | 81.233 |
|  -999 | 84.277 | 99.039 | 99.596 | 91.276 | 91.276 |
|   0   | 84.580 | 98.635 | 99.292 | 91.286 | 91.286 |
+-------+--------+--------+--------+--------+--------+
     logs:  {'epo': 0, 'R1': np.float32(84.58), 'R5': np.float32(98.635), 'R10': np.float32(99.292), 'mAP': np.float32(91.286), 'mINP': np.float32(91.286), 'lr': 0.000298, 'entropy': 0.322072, 'loss': 2.777938}
      TTA Epoch: [1] [  0/123]  eta: 0:00:49  lr: 0.000497  entropy: 0.1534  loss: 2.6532  time: 0.4051  data: 0.3491  max mem: 2671
      TTA Epoch: [1] [100/123]  eta: 0:00:01  lr: 0.000483  entropy: 0.1247  loss: 2.5215  time: 0.0462  data: 0.0058  max mem: 2671
      TTA Epoch: [1] [122/123]  eta: 0:00:00  lr: 0.000480  entropy: 0.2462  loss: 2.5467  time: 0.0420  data: 0.0047  max mem: 2671
      TTA Epoch: [1] Total time: 0:00:05 (0.0441 s / it)
     Averaged stats: lr: 0.0005  entropy: 0.1885  loss: 2.5935
     Computing matching score
      Evaluation: [   0/1978]  eta: 0:01:44    time: 0.0528  data: 0.0032  max mem: 2671
      Evaluation: [ 100/1978]  eta: 0:01:24    time: 0.0443  data: 0.0000  max mem: 2671
      Evaluation: [ 200/1978]  eta: 0:01:18    time: 0.0436  data: 0.0000  max mem: 2671
      Evaluation: [ 300/1978]  eta: 0:01:13    time: 0.0433  data: 0.0000  max mem: 2671
      Evaluation: [ 400/1978]  eta: 0:01:09    time: 0.0452  data: 0.0000  max mem: 2671
      Evaluation: [ 500/1978]  eta: 0:01:05    time: 0.0441  data: 0.0000  max mem: 2671
      Evaluation: [ 600/1978]  eta: 0:01:01    time: 0.0451  data: 0.0000  max mem: 2671
      Evaluation: [ 700/1978]  eta: 0:00:57    time: 0.0461  data: 0.0000  max mem: 2671
      Evaluation: [ 800/1978]  eta: 0:00:52    time: 0.0418  data: 0.0000  max mem: 2671
      Evaluation: [ 900/1978]  eta: 0:00:47    time: 0.0417  data: 0.0000  max mem: 2671
      Evaluation: [1000/1978]  eta: 0:00:42    time: 0.0414  data: 0.0000  max mem: 2671
      Evaluation: [1100/1978]  eta: 0:00:38    time: 0.0417  data: 0.0000  max mem: 2671
      Evaluation: [1200/1978]  eta: 0:00:33    time: 0.0405  data: 0.0000  max mem: 2671
      Evaluation: [1300/1978]  eta: 0:00:29    time: 0.0400  data: 0.0000  max mem: 2671
      Evaluation: [1400/1978]  eta: 0:00:24    time: 0.0403  data: 0.0000  max mem: 2671
      Evaluation: [1500/1978]  eta: 0:00:20    time: 0.0437  data: 0.0000  max mem: 2671
      Evaluation: [1600/1978]  eta: 0:00:16    time: 0.0425  data: 0.0000  max mem: 2671
      Evaluation: [1700/1978]  eta: 0:00:11    time: 0.0424  data: 0.0000  max mem: 2671
      Evaluation: [1800/1978]  eta: 0:00:07    time: 0.0412  data: 0.0000  max mem: 2671
      Evaluation: [1900/1978]  eta: 0:00:03    time: 0.0426  data: 0.0000  max mem: 2671
      Evaluation: [1977/1978]  eta: 0:00:00    time: 0.0425  data: 0.0000  max mem: 2671
      Evaluation: Total time: 0:01:24 (0.0429 s / it)
     Computing matching score time 0:01:25
### TTA ITM Score: 
+-------+--------+--------+--------+--------+--------+
| epoch |   R1   |   R5   |  R10   |  mAP   |  mINP  |
+-------+--------+--------+--------+--------+--------+
|  -999 | 69.414 | 95.197 | 97.776 | 81.233 | 81.233 |
|  -999 | 84.277 | 99.039 | 99.596 | 91.276 | 91.276 |
|   0   | 84.580 | 98.635 | 99.292 | 91.286 | 91.286 |
|   1   | 84.580 | 98.837 | 99.393 | 91.309 | 91.309 |
+-------+--------+--------+--------+--------+--------+
     logs:  {'epo': 1, 'R1': np.float32(84.58), 'R5': np.float32(98.837), 'R10': np.float32(99.393), 'mAP': np.float32(91.309), 'mINP': np.float32(91.309), 'lr': 0.000488, 'entropy': 0.188469, 'loss': 2.59346}
      TTA Epoch: [2] [  0/123]  eta: 0:01:04  lr: 0.000480  entropy: 0.1577  loss: 2.5099  time: 0.5263  data: 0.4199  max mem: 2671
      TTA Epoch: [2] [100/123]  eta: 0:00:00  lr: 0.000466  entropy: 0.1469  loss: 2.3971  time: 0.0371  data: 0.0002  max mem: 2671
      TTA Epoch: [2] [122/123]  eta: 0:00:00  lr: 0.000463  entropy: 0.1047  loss: 2.3557  time: 0.0369  data: 0.0002  max mem: 2671
      TTA Epoch: [2] Total time: 0:00:05 (0.0417 s / it)
     Averaged stats: lr: 0.0005  entropy: 0.1342  loss: 2.4331
     Computing matching score
      Evaluation: [   0/1978]  eta: 0:01:29    time: 0.0455  data: 0.0033  max mem: 2671
      Evaluation: [ 100/1978]  eta: 0:01:25    time: 0.0463  data: 0.0000  max mem: 2671
      Evaluation: [ 200/1978]  eta: 0:01:17    time: 0.0408  data: 0.0000  max mem: 2671
      Evaluation: [ 300/1978]  eta: 0:01:12    time: 0.0425  data: 0.0000  max mem: 2671
      Evaluation: [ 400/1978]  eta: 0:01:07    time: 0.0425  data: 0.0000  max mem: 2671
      Evaluation: [ 500/1978]  eta: 0:01:02    time: 0.0412  data: 0.0000  max mem: 2671
      Evaluation: [ 600/1978]  eta: 0:00:58    time: 0.0415  data: 0.0000  max mem: 2671
      Evaluation: [ 700/1978]  eta: 0:00:53    time: 0.0417  data: 0.0000  max mem: 2671
      Evaluation: [ 800/1978]  eta: 0:00:49    time: 0.0411  data: 0.0000  max mem: 2671
      Evaluation: [ 900/1978]  eta: 0:00:45    time: 0.0483  data: 0.0000  max mem: 2671
      Evaluation: [1000/1978]  eta: 0:00:41    time: 0.0433  data: 0.0000  max mem: 2671
      Evaluation: [1100/1978]  eta: 0:00:37    time: 0.0432  data: 0.0000  max mem: 2671
      Evaluation: [1200/1978]  eta: 0:00:33    time: 0.0432  data: 0.0000  max mem: 2671
      Evaluation: [1300/1978]  eta: 0:00:28    time: 0.0431  data: 0.0000  max mem: 2671
      Evaluation: [1400/1978]  eta: 0:00:24    time: 0.0436  data: 0.0000  max mem: 2671
      Evaluation: [1500/1978]  eta: 0:00:20    time: 0.0447  data: 0.0000  max mem: 2671
      Evaluation: [1600/1978]  eta: 0:00:16    time: 0.0430  data: 0.0000  max mem: 2671
      Evaluation: [1700/1978]  eta: 0:00:11    time: 0.0415  data: 0.0000  max mem: 2671
      Evaluation: [1800/1978]  eta: 0:00:07    time: 0.0411  data: 0.0000  max mem: 2671
      Evaluation: [1900/1978]  eta: 0:00:03    time: 0.0411  data: 0.0000  max mem: 2671
      Evaluation: [1977/1978]  eta: 0:00:00    time: 0.0408  data: 0.0000  max mem: 2671
      Evaluation: Total time: 0:01:24 (0.0427 s / it)
     Computing matching score time 0:01:24
### TTA ITM Score: 
+-------+--------+--------+--------+--------+--------+
| epoch |   R1   |   R5   |  R10   |  mAP   |  mINP  |
+-------+--------+--------+--------+--------+--------+
|  -999 | 69.414 | 95.197 | 97.776 | 81.233 | 81.233 |
|  -999 | 84.277 | 99.039 | 99.596 | 91.276 | 91.276 |
|   0   | 84.580 | 98.635 | 99.292 | 91.286 | 91.286 |
|   1   | 84.580 | 98.837 | 99.393 | 91.309 | 91.309 |
|   2   | 84.530 | 98.686 | 99.494 | 91.293 | 91.293 |
+-------+--------+--------+--------+--------+--------+
     logs:  {'epo': 2, 'R1': np.float32(84.53), 'R5': np.float32(98.686), 'R10': np.float32(99.494), 'mAP': np.float32(91.293), 'mINP': np.float32(91.293), 'lr': 0.000471, 'entropy': 0.134188, 'loss': 2.433069}
      TTA Epoch: [3] [  0/123]  eta: 0:00:53  lr: 0.000463  entropy: 0.2057  loss: 2.3986  time: 0.4315  data: 0.3476  max mem: 2671
      TTA Epoch: [3] [100/123]  eta: 0:00:00  lr: 0.000224  entropy: 0.0587  loss: 2.2691  time: 0.0357  data: 0.0001  max mem: 2671
      TTA Epoch: [3] [122/123]  eta: 0:00:00  lr: 0.000223  entropy: 0.1202  loss: 2.2850  time: 0.0341  data: 0.0006  max mem: 2671
      TTA Epoch: [3] Total time: 0:00:04 (0.0404 s / it)
     Averaged stats: lr: 0.0003  entropy: 0.1125  loss: 2.3141
     Computing matching score
      Evaluation: [   0/1978]  eta: 0:01:30    time: 0.0459  data: 0.0023  max mem: 2671
      Evaluation: [ 100/1978]  eta: 0:01:17    time: 0.0409  data: 0.0000  max mem: 2671
      Evaluation: [ 200/1978]  eta: 0:01:12    time: 0.0410  data: 0.0000  max mem: 2671
      Evaluation: [ 300/1978]  eta: 0:01:08    time: 0.0409  data: 0.0000  max mem: 2671
      Evaluation: [ 400/1978]  eta: 0:01:05    time: 0.0436  data: 0.0000  max mem: 2671
      Evaluation: [ 500/1978]  eta: 0:01:01    time: 0.0438  data: 0.0000  max mem: 2671
      Evaluation: [ 600/1978]  eta: 0:00:57    time: 0.0430  data: 0.0000  max mem: 2671
      Evaluation: [ 700/1978]  eta: 0:00:53    time: 0.0426  data: 0.0000  max mem: 2671
      Evaluation: [ 800/1978]  eta: 0:00:50    time: 0.0439  data: 0.0000  max mem: 2671
      Evaluation: [ 900/1978]  eta: 0:00:46    time: 0.0456  data: 0.0000  max mem: 2671
      Evaluation: [1000/1978]  eta: 0:00:42    time: 0.0465  data: 0.0000  max mem: 2671
      Evaluation: [1100/1978]  eta: 0:00:38    time: 0.0437  data: 0.0000  max mem: 2671
      Evaluation: [1200/1978]  eta: 0:00:33    time: 0.0422  data: 0.0000  max mem: 2671
      Evaluation: [1300/1978]  eta: 0:00:29    time: 0.0426  data: 0.0000  max mem: 2671
      Evaluation: [1400/1978]  eta: 0:00:25    time: 0.0425  data: 0.0000  max mem: 2671
      Evaluation: [1500/1978]  eta: 0:00:20    time: 0.0410  data: 0.0000  max mem: 2671
      Evaluation: [1600/1978]  eta: 0:00:16    time: 0.0417  data: 0.0000  max mem: 2671
      Evaluation: [1700/1978]  eta: 0:00:11    time: 0.0422  data: 0.0000  max mem: 2671
      Evaluation: [1800/1978]  eta: 0:00:07    time: 0.0413  data: 0.0000  max mem: 2671
      Evaluation: [1900/1978]  eta: 0:00:03    time: 0.0438  data: 0.0000  max mem: 2671
      Evaluation: [1977/1978]  eta: 0:00:00    time: 0.0441  data: 0.0000  max mem: 2671
      Evaluation: Total time: 0:01:25 (0.0430 s / it)
     Computing matching score time 0:01:25
### TTA ITM Score: 
+-------+--------+--------+--------+--------+--------+
| epoch |   R1   |   R5   |  R10   |  mAP   |  mINP  |
+-------+--------+--------+--------+--------+--------+
|  -999 | 69.414 | 95.197 | 97.776 | 81.233 | 81.233 |
|  -999 | 84.277 | 99.039 | 99.596 | 91.276 | 91.276 |
|   0   | 84.580 | 98.635 | 99.292 | 91.286 | 91.286 |
|   1   | 84.580 | 98.837 | 99.393 | 91.309 | 91.309 |
|   2   | 84.530 | 98.686 | 99.494 | 91.293 | 91.293 |
|   3   | 84.732 | 98.787 | 99.393 | 91.384 | 91.384 |
+-------+--------+--------+--------+--------+--------+
     logs:  {'epo': 3, 'R1': np.float32(84.732), 'R5': np.float32(98.787), 'R10': np.float32(99.393), 'mAP': np.float32(91.384), 'mINP': np.float32(91.384), 'lr': 0.000283, 'entropy': 0.112548, 'loss': 2.314078}
      TTA Epoch: [4] [  0/123]  eta: 0:01:01  lr: 0.000223  entropy: 0.0967  loss: 2.2748  time: 0.4993  data: 0.4217  max mem: 2671
      TTA Epoch: [4] [100/123]  eta: 0:00:00  lr: 0.000216  entropy: 0.0986  loss: 2.2283  time: 0.0374  data: 0.0002  max mem: 2671
      TTA Epoch: [4] [122/123]  eta: 0:00:00  lr: 0.000214  entropy: 0.0678  loss: 2.2043  time: 0.0343  data: 0.0002  max mem: 2671
      TTA Epoch: [4] Total time: 0:00:04 (0.0406 s / it)
     Averaged stats: lr: 0.0002  entropy: 0.0981  loss: 2.2465
     Computing matching score
      Evaluation: [   0/1978]  eta: 0:01:35    time: 0.0484  data: 0.0033  max mem: 2671
      Evaluation: [ 100/1978]  eta: 0:01:24    time: 0.0462  data: 0.0000  max mem: 2671
      Evaluation: [ 200/1978]  eta: 0:01:21    time: 0.0470  data: 0.0000  max mem: 2671
      Evaluation: [ 300/1978]  eta: 0:01:16    time: 0.0464  data: 0.0000  max mem: 2671
      Evaluation: [ 400/1978]  eta: 0:01:13    time: 0.0499  data: 0.0000  max mem: 2671
      Evaluation: [ 500/1978]  eta: 0:01:08    time: 0.0431  data: 0.0000  max mem: 2671
      Evaluation: [ 600/1978]  eta: 0:01:02    time: 0.0432  data: 0.0000  max mem: 2671
      Evaluation: [ 700/1978]  eta: 0:00:57    time: 0.0428  data: 0.0000  max mem: 2671
      Evaluation: [ 800/1978]  eta: 0:00:52    time: 0.0433  data: 0.0000  max mem: 2671
      Evaluation: [ 900/1978]  eta: 0:00:48    time: 0.0434  data: 0.0000  max mem: 2671
      Evaluation: [1000/1978]  eta: 0:00:43    time: 0.0426  data: 0.0000  max mem: 2671
      Evaluation: [1100/1978]  eta: 0:00:39    time: 0.0434  data: 0.0000  max mem: 2671
      Evaluation: [1200/1978]  eta: 0:00:34    time: 0.0487  data: 0.0000  max mem: 2671
      Evaluation: [1300/1978]  eta: 0:00:30    time: 0.0452  data: 0.0000  max mem: 2671
      Evaluation: [1400/1978]  eta: 0:00:25    time: 0.0446  data: 0.0000  max mem: 2671
      Evaluation: [1500/1978]  eta: 0:00:21    time: 0.0436  data: 0.0000  max mem: 2671
      Evaluation: [1600/1978]  eta: 0:00:16    time: 0.0485  data: 0.0000  max mem: 2671
      Evaluation: [1700/1978]  eta: 0:00:12    time: 0.0493  data: 0.0000  max mem: 2671
      Evaluation: [1800/1978]  eta: 0:00:08    time: 0.0480  data: 0.0000  max mem: 2671
      Evaluation: [1900/1978]  eta: 0:00:03    time: 0.0417  data: 0.0000  max mem: 2671
      Evaluation: [1977/1978]  eta: 0:00:00    time: 0.0412  data: 0.0000  max mem: 2671
      Evaluation: Total time: 0:01:28 (0.0449 s / it)
     Computing matching score time 0:01:29
### TTA ITM Score: 
+-------+--------+--------+--------+--------+--------+
| epoch |   R1   |   R5   |  R10   |  mAP   |  mINP  |
+-------+--------+--------+--------+--------+--------+
|  -999 | 69.414 | 95.197 | 97.776 | 81.233 | 81.233 |
|  -999 | 84.277 | 99.039 | 99.596 | 91.276 | 91.276 |
|   0   | 84.580 | 98.635 | 99.292 | 91.286 | 91.286 |
|   1   | 84.580 | 98.837 | 99.393 | 91.309 | 91.309 |
|   2   | 84.530 | 98.686 | 99.494 | 91.293 | 91.293 |
|   3   | 84.732 | 98.787 | 99.393 | 91.384 | 91.384 |
|   4   | 84.833 | 98.837 | 99.494 | 91.433 | 91.433 |
+-------+--------+--------+--------+--------+--------+
     logs:  {'epo': 4, 'R1': np.float32(84.833), 'R5': np.float32(98.837), 'R10': np.float32(99.494), 'mAP': np.float32(91.433), 'mINP': np.float32(91.433), 'lr': 0.000219, 'entropy': 0.098141, 'loss': 2.246468}
      TTA Epoch: [5] [  0/123]  eta: 0:00:55  lr: 0.000214  entropy: 0.0523  loss: 2.1966  time: 0.4477  data: 0.3888  max mem: 2671
      TTA Epoch: [5] [100/123]  eta: 0:00:00  lr: 0.000083  entropy: 0.0767  loss: 2.1678  time: 0.0391  data: 0.0065  max mem: 2671
      TTA Epoch: [5] [122/123]  eta: 0:00:00  lr: 0.000082  entropy: 0.1177  loss: 2.1829  time: 0.0372  data: 0.0051  max mem: 2671
      TTA Epoch: [5] Total time: 0:00:04 (0.0404 s / it)
     Averaged stats: lr: 0.0002  entropy: 0.0919  loss: 2.1896
     Computing matching score
      Evaluation: [   0/1978]  eta: 0:01:43    time: 0.0525  data: 0.0025  max mem: 2671
      Evaluation: [ 100/1978]  eta: 0:01:17    time: 0.0418  data: 0.0000  max mem: 2671
      Evaluation: [ 200/1978]  eta: 0:01:12    time: 0.0403  data: 0.0000  max mem: 2671
      Evaluation: [ 300/1978]  eta: 0:01:08    time: 0.0407  data: 0.0000  max mem: 2671
      Evaluation: [ 400/1978]  eta: 0:01:04    time: 0.0407  data: 0.0000  max mem: 2671
      Evaluation: [ 500/1978]  eta: 0:01:00    time: 0.0432  data: 0.0000  max mem: 2671
      Evaluation: [ 600/1978]  eta: 0:00:56    time: 0.0425  data: 0.0000  max mem: 2671
      Evaluation: [ 700/1978]  eta: 0:00:52    time: 0.0424  data: 0.0000  max mem: 2671
      Evaluation: [ 800/1978]  eta: 0:00:48    time: 0.0411  data: 0.0000  max mem: 2671
      Evaluation: [ 900/1978]  eta: 0:00:45    time: 0.0438  data: 0.0000  max mem: 2671
      Evaluation: [1000/1978]  eta: 0:00:41    time: 0.0439  data: 0.0000  max mem: 2671
      Evaluation: [1100/1978]  eta: 0:00:37    time: 0.0458  data: 0.0000  max mem: 2671
      Evaluation: [1200/1978]  eta: 0:00:33    time: 0.0413  data: 0.0000  max mem: 2671
      Evaluation: [1300/1978]  eta: 0:00:28    time: 0.0412  data: 0.0000  max mem: 2671
      Evaluation: [1400/1978]  eta: 0:00:24    time: 0.0410  data: 0.0000  max mem: 2671
      Evaluation: [1500/1978]  eta: 0:00:20    time: 0.0411  data: 0.0000  max mem: 2671
      Evaluation: [1600/1978]  eta: 0:00:15    time: 0.0408  data: 0.0000  max mem: 2671
      Evaluation: [1700/1978]  eta: 0:00:11    time: 0.0411  data: 0.0000  max mem: 2671
      Evaluation: [1800/1978]  eta: 0:00:07    time: 0.0412  data: 0.0000  max mem: 2671
      Evaluation: [1900/1978]  eta: 0:00:03    time: 0.0417  data: 0.0000  max mem: 2671
      Evaluation: [1977/1978]  eta: 0:00:00    time: 0.0457  data: 0.0000  max mem: 2671
      Evaluation: Total time: 0:01:23 (0.0420 s / it)
     Computing matching score time 0:01:23
### TTA ITM Score: 
+-------+--------+--------+--------+--------+--------+
| epoch |   R1   |   R5   |  R10   |  mAP   |  mINP  |
+-------+--------+--------+--------+--------+--------+
|  -999 | 69.414 | 95.197 | 97.776 | 81.233 | 81.233 |
|  -999 | 84.277 | 99.039 | 99.596 | 91.276 | 91.276 |
|   0   | 84.580 | 98.635 | 99.292 | 91.286 | 91.286 |
|   1   | 84.580 | 98.837 | 99.393 | 91.309 | 91.309 |
|   2   | 84.530 | 98.686 | 99.494 | 91.293 | 91.293 |
|   3   | 84.732 | 98.787 | 99.393 | 91.384 | 91.384 |
|   4   | 84.833 | 98.837 | 99.494 | 91.433 | 91.433 |
|   5   | 84.985 | 98.686 | 99.494 | 91.516 | 91.516 |
+-------+--------+--------+--------+--------+--------+
     logs:  {'epo': 5, 'R1': np.float32(84.985), 'R5': np.float32(98.686), 'R10': np.float32(99.494), 'mAP': np.float32(91.516), 'mINP': np.float32(91.516), 'lr': 0.000171, 'entropy': 0.091911, 'loss': 2.189566}
      TTA Epoch: [6] [  0/123]  eta: 0:00:57  lr: 0.000082  entropy: 0.1359  loss: 2.1917  time: 0.4713  data: 0.4127  max mem: 2671
      TTA Epoch: [6] [100/123]  eta: 0:00:00  lr: 0.000080  entropy: 0.0850  loss: 2.1512  time: 0.0361  data: 0.0001  max mem: 2671
      TTA Epoch: [6] [122/123]  eta: 0:00:00  lr: 0.000079  entropy: 0.1302  loss: 2.1691  time: 0.0341  data: 0.0001  max mem: 2671
      TTA Epoch: [6] Total time: 0:00:04 (0.0366 s / it)
     Averaged stats: lr: 0.0001  entropy: 0.0823  loss: 2.1562
     Computing matching score
      Evaluation: [   0/1978]  eta: 0:01:29    time: 0.0453  data: 0.0028  max mem: 2671
      Evaluation: [ 100/1978]  eta: 0:01:19    time: 0.0423  data: 0.0000  max mem: 2671
      Evaluation: [ 200/1978]  eta: 0:01:15    time: 0.0440  data: 0.0000  max mem: 2671
      Evaluation: [ 300/1978]  eta: 0:01:11    time: 0.0431  data: 0.0000  max mem: 2671
      Evaluation: [ 400/1978]  eta: 0:01:07    time: 0.0433  data: 0.0000  max mem: 2671
      Evaluation: [ 500/1978]  eta: 0:01:03    time: 0.0442  data: 0.0000  max mem: 2671
      Evaluation: [ 600/1978]  eta: 0:00:58    time: 0.0402  data: 0.0000  max mem: 2671
      Evaluation: [ 700/1978]  eta: 0:00:54    time: 0.0405  data: 0.0000  max mem: 2671
      Evaluation: [ 800/1978]  eta: 0:00:49    time: 0.0404  data: 0.0000  max mem: 2671
      Evaluation: [ 900/1978]  eta: 0:00:45    time: 0.0404  data: 0.0000  max mem: 2671
      Evaluation: [1000/1978]  eta: 0:00:40    time: 0.0400  data: 0.0000  max mem: 2671
      Evaluation: [1100/1978]  eta: 0:00:36    time: 0.0406  data: 0.0000  max mem: 2671
      Evaluation: [1200/1978]  eta: 0:00:32    time: 0.0402  data: 0.0000  max mem: 2671
      Evaluation: [1300/1978]  eta: 0:00:28    time: 0.0403  data: 0.0000  max mem: 2671
      Evaluation: [1400/1978]  eta: 0:00:24    time: 0.0427  data: 0.0000  max mem: 2671
      Evaluation: [1500/1978]  eta: 0:00:19    time: 0.0420  data: 0.0000  max mem: 2671
      Evaluation: [1600/1978]  eta: 0:00:15    time: 0.0418  data: 0.0000  max mem: 2671
      Evaluation: [1700/1978]  eta: 0:00:11    time: 0.0431  data: 0.0000  max mem: 2671
      Evaluation: [1800/1978]  eta: 0:00:07    time: 0.0432  data: 0.0000  max mem: 2671
      Evaluation: [1900/1978]  eta: 0:00:03    time: 0.0444  data: 0.0000  max mem: 2671
      Evaluation: [1977/1978]  eta: 0:00:00    time: 0.0452  data: 0.0000  max mem: 2671
      Evaluation: Total time: 0:01:23 (0.0422 s / it)
     Computing matching score time 0:01:23
### TTA ITM Score: 
+-------+--------+--------+--------+--------+--------+
| epoch |   R1   |   R5   |  R10   |  mAP   |  mINP  |
+-------+--------+--------+--------+--------+--------+
|  -999 | 69.414 | 95.197 | 97.776 | 81.233 | 81.233 |
|  -999 | 84.277 | 99.039 | 99.596 | 91.276 | 91.276 |
|   0   | 84.580 | 98.635 | 99.292 | 91.286 | 91.286 |
|   1   | 84.580 | 98.837 | 99.393 | 91.309 | 91.309 |
|   2   | 84.530 | 98.686 | 99.494 | 91.293 | 91.293 |
|   3   | 84.732 | 98.787 | 99.393 | 91.384 | 91.384 |
|   4   | 84.833 | 98.837 | 99.494 | 91.433 | 91.433 |
|   5   | 84.985 | 98.686 | 99.494 | 91.516 | 91.516 |
|   6   | 84.985 | 98.736 | 99.494 | 91.535 | 91.535 |
+-------+--------+--------+--------+--------+--------+
     logs:  {'epo': 6, 'R1': np.float32(84.985), 'R5': np.float32(98.736), 'R10': np.float32(99.494), 'mAP': np.float32(91.535), 'mINP': np.float32(91.535), 'lr': 8.1e-05, 'entropy': 0.082276, 'loss': 2.156237}
      TTA Epoch: [7] [  0/123]  eta: 0:00:49  lr: 0.000079  entropy: 0.0859  loss: 2.1479  time: 0.4050  data: 0.3509  max mem: 2671
      TTA Epoch: [7] [100/123]  eta: 0:00:00  lr: 0.000076  entropy: 0.1310  loss: 2.1534  time: 0.0416  data: 0.0066  max mem: 2671
      TTA Epoch: [7] [122/123]  eta: 0:00:00  lr: 0.000076  entropy: 0.0715  loss: 2.1211  time: 0.0350  data: 0.0031  max mem: 2671
      TTA Epoch: [7] Total time: 0:00:04 (0.0404 s / it)
     Averaged stats: lr: 0.0001  entropy: 0.0832  loss: 2.1367
     Computing matching score
      Evaluation: [   0/1978]  eta: 0:01:37    time: 0.0491  data: 0.0037  max mem: 2671
      Evaluation: [ 100/1978]  eta: 0:01:17    time: 0.0416  data: 0.0000  max mem: 2671
      Evaluation: [ 200/1978]  eta: 0:01:13    time: 0.0410  data: 0.0000  max mem: 2671
      Evaluation: [ 300/1978]  eta: 0:01:09    time: 0.0410  data: 0.0000  max mem: 2671
      Evaluation: [ 400/1978]  eta: 0:01:04    time: 0.0412  data: 0.0000  max mem: 2671
      Evaluation: [ 500/1978]  eta: 0:01:00    time: 0.0412  data: 0.0000  max mem: 2671
      Evaluation: [ 600/1978]  eta: 0:00:56    time: 0.0406  data: 0.0000  max mem: 2671
      Evaluation: [ 700/1978]  eta: 0:00:52    time: 0.0434  data: 0.0000  max mem: 2671
      Evaluation: [ 800/1978]  eta: 0:00:49    time: 0.0431  data: 0.0000  max mem: 2671
      Evaluation: [ 900/1978]  eta: 0:00:45    time: 0.0432  data: 0.0000  max mem: 2671
      Evaluation: [1000/1978]  eta: 0:00:41    time: 0.0447  data: 0.0000  max mem: 2671
      Evaluation: [1100/1978]  eta: 0:00:37    time: 0.0436  data: 0.0000  max mem: 2671
      Evaluation: [1200/1978]  eta: 0:00:32    time: 0.0446  data: 0.0000  max mem: 2671
      Evaluation: [1300/1978]  eta: 0:00:28    time: 0.0465  data: 0.0000  max mem: 2671
      Evaluation: [1400/1978]  eta: 0:00:24    time: 0.0409  data: 0.0000  max mem: 2671
      Evaluation: [1500/1978]  eta: 0:00:20    time: 0.0405  data: 0.0000  max mem: 2671
      Evaluation: [1600/1978]  eta: 0:00:15    time: 0.0405  data: 0.0000  max mem: 2671
      Evaluation: [1700/1978]  eta: 0:00:11    time: 0.0414  data: 0.0000  max mem: 2671
      Evaluation: [1800/1978]  eta: 0:00:07    time: 0.0437  data: 0.0000  max mem: 2671
      Evaluation: [1900/1978]  eta: 0:00:03    time: 0.0433  data: 0.0000  max mem: 2671
      Evaluation: [1977/1978]  eta: 0:00:00    time: 0.0438  data: 0.0000  max mem: 2671
      Evaluation: Total time: 0:01:23 (0.0423 s / it)
     Computing matching score time 0:01:24
### TTA ITM Score: 
+-------+--------+--------+--------+--------+--------+
| epoch |   R1   |   R5   |  R10   |  mAP   |  mINP  |
+-------+--------+--------+--------+--------+--------+
|  -999 | 69.414 | 95.197 | 97.776 | 81.233 | 81.233 |
|  -999 | 84.277 | 99.039 | 99.596 | 91.276 | 91.276 |
|   0   | 84.580 | 98.635 | 99.292 | 91.286 | 91.286 |
|   1   | 84.580 | 98.837 | 99.393 | 91.309 | 91.309 |
|   2   | 84.530 | 98.686 | 99.494 | 91.293 | 91.293 |
|   3   | 84.732 | 98.787 | 99.393 | 91.384 | 91.384 |
|   4   | 84.833 | 98.837 | 99.494 | 91.433 | 91.433 |
|   5   | 84.985 | 98.686 | 99.494 | 91.516 | 91.516 |
|   6   | 84.985 | 98.736 | 99.494 | 91.535 | 91.535 |
|   7   | 84.884 | 98.787 | 99.494 | 91.488 | 91.488 |
+-------+--------+--------+--------+--------+--------+
     logs:  {'epo': 7, 'R1': np.float32(84.884), 'R5': np.float32(98.787), 'R10': np.float32(99.494), 'mAP': np.float32(91.488), 'mINP': np.float32(91.488), 'lr': 7.7e-05, 'entropy': 0.083214, 'loss': 2.136711}
      TTA Epoch: [8] [  0/123]  eta: 0:00:55  lr: 0.000076  entropy: 0.0567  loss: 2.1141  time: 0.4536  data: 0.3913  max mem: 2671
      TTA Epoch: [8] [100/123]  eta: 0:00:01  lr: 0.000073  entropy: 0.0894  loss: 2.1150  time: 0.0715  data: 0.0243  max mem: 2671
      TTA Epoch: [8] [122/123]  eta: 0:00:00  lr: 0.000072  entropy: 0.0687  loss: 2.1015  time: 0.0496  data: 0.0109  max mem: 2671
      TTA Epoch: [8] Total time: 0:00:06 (0.0519 s / it)
     Averaged stats: lr: 0.0001  entropy: 0.0809  loss: 2.1167
     Computing matching score
      Evaluation: [   0/1978]  eta: 0:01:57    time: 0.0592  data: 0.0039  max mem: 2671
      Evaluation: [ 100/1978]  eta: 0:01:27    time: 0.0452  data: 0.0000  max mem: 2671
      Evaluation: [ 200/1978]  eta: 0:01:21    time: 0.0457  data: 0.0000  max mem: 2671
      Evaluation: [ 300/1978]  eta: 0:01:17    time: 0.0482  data: 0.0000  max mem: 2671
      Evaluation: [ 400/1978]  eta: 0:01:12    time: 0.0460  data: 0.0000  max mem: 2671
      Evaluation: [ 500/1978]  eta: 0:01:08    time: 0.0483  data: 0.0000  max mem: 2671
      Evaluation: [ 600/1978]  eta: 0:01:04    time: 0.0491  data: 0.0000  max mem: 2671
      Evaluation: [ 700/1978]  eta: 0:00:58    time: 0.0420  data: 0.0000  max mem: 2671
      Evaluation: [ 800/1978]  eta: 0:00:53    time: 0.0420  data: 0.0000  max mem: 2671
      Evaluation: [ 900/1978]  eta: 0:00:48    time: 0.0433  data: 0.0000  max mem: 2671
      Evaluation: [1000/1978]  eta: 0:00:44    time: 0.0432  data: 0.0000  max mem: 2671
      Evaluation: [1100/1978]  eta: 0:00:39    time: 0.0437  data: 0.0000  max mem: 2671
      Evaluation: [1200/1978]  eta: 0:00:34    time: 0.0438  data: 0.0000  max mem: 2671
      Evaluation: [1300/1978]  eta: 0:00:30    time: 0.0418  data: 0.0000  max mem: 2671
      Evaluation: [1400/1978]  eta: 0:00:25    time: 0.0444  data: 0.0000  max mem: 2671
      Evaluation: [1500/1978]  eta: 0:00:21    time: 0.0440  data: 0.0000  max mem: 2671
      Evaluation: [1600/1978]  eta: 0:00:16    time: 0.0429  data: 0.0000  max mem: 2671
      Evaluation: [1700/1978]  eta: 0:00:12    time: 0.0439  data: 0.0000  max mem: 2671
      Evaluation: [1800/1978]  eta: 0:00:07    time: 0.0427  data: 0.0000  max mem: 2671
      Evaluation: [1900/1978]  eta: 0:00:03    time: 0.0450  data: 0.0000  max mem: 2671
      Evaluation: [1977/1978]  eta: 0:00:00    time: 0.0458  data: 0.0000  max mem: 2671
      Evaluation: Total time: 0:01:27 (0.0443 s / it)
     Computing matching score time 0:01:27
### TTA ITM Score: 
+-------+--------+--------+--------+--------+--------+
| epoch |   R1   |   R5   |  R10   |  mAP   |  mINP  |
+-------+--------+--------+--------+--------+--------+
|  -999 | 69.414 | 95.197 | 97.776 | 81.233 | 81.233 |
|  -999 | 84.277 | 99.039 | 99.596 | 91.276 | 91.276 |
|   0   | 84.580 | 98.635 | 99.292 | 91.286 | 91.286 |
|   1   | 84.580 | 98.837 | 99.393 | 91.309 | 91.309 |
|   2   | 84.530 | 98.686 | 99.494 | 91.293 | 91.293 |
|   3   | 84.732 | 98.787 | 99.393 | 91.384 | 91.384 |
|   4   | 84.833 | 98.837 | 99.494 | 91.433 | 91.433 |
|   5   | 84.985 | 98.686 | 99.494 | 91.516 | 91.516 |
|   6   | 84.985 | 98.736 | 99.494 | 91.535 | 91.535 |
|   7   | 84.884 | 98.787 | 99.494 | 91.488 | 91.488 |
|   8   | 84.985 | 98.736 | 99.494 | 91.527 | 91.527 |
+-------+--------+--------+--------+--------+--------+
     logs:  {'epo': 8, 'R1': np.float32(84.985), 'R5': np.float32(98.736), 'R10': np.float32(99.494), 'mAP': np.float32(91.527), 'mINP': np.float32(91.527), 'lr': 7.4e-05, 'entropy': 0.080887, 'loss': 2.116667}
      TTA Epoch: [9] [  0/123]  eta: 0:01:11  lr: 0.000072  entropy: 0.0919  loss: 2.1126  time: 0.5776  data: 0.5162  max mem: 2671
      TTA Epoch: [9] [100/123]  eta: 0:00:00  lr: 0.000069  entropy: 0.0021  loss: 2.0555  time: 0.0326  data: 0.0001  max mem: 2671
      TTA Epoch: [9] [122/123]  eta: 0:00:00  lr: 0.000069  entropy: 0.1408  loss: 2.1193  time: 0.0303  data: 0.0001  max mem: 2671
      TTA Epoch: [9] Total time: 0:00:04 (0.0377 s / it)
     Averaged stats: lr: 0.0001  entropy: 0.0756  loss: 2.0962
     Computing matching score
      Evaluation: [   0/1978]  eta: 0:01:35    time: 0.0483  data: 0.0037  max mem: 2671
      Evaluation: [ 100/1978]  eta: 0:01:17    time: 0.0410  data: 0.0000  max mem: 2671
      Evaluation: [ 200/1978]  eta: 0:01:13    time: 0.0423  data: 0.0000  max mem: 2671
      Evaluation: [ 300/1978]  eta: 0:01:09    time: 0.0412  data: 0.0000  max mem: 2671
      Evaluation: [ 400/1978]  eta: 0:01:05    time: 0.0413  data: 0.0000  max mem: 2671
      Evaluation: [ 500/1978]  eta: 0:01:01    time: 0.0418  data: 0.0000  max mem: 2671
      Evaluation: [ 600/1978]  eta: 0:00:57    time: 0.0421  data: 0.0000  max mem: 2671
      Evaluation: [ 700/1978]  eta: 0:00:53    time: 0.0442  data: 0.0000  max mem: 2671
      Evaluation: [ 800/1978]  eta: 0:00:49    time: 0.0449  data: 0.0000  max mem: 2671
      Evaluation: [ 900/1978]  eta: 0:00:45    time: 0.0445  data: 0.0000  max mem: 2671
      Evaluation: [1000/1978]  eta: 0:00:41    time: 0.0431  data: 0.0000  max mem: 2671
      Evaluation: [1100/1978]  eta: 0:00:37    time: 0.0451  data: 0.0000  max mem: 2671
      Evaluation: [1200/1978]  eta: 0:00:33    time: 0.0448  data: 0.0000  max mem: 2671
      Evaluation: [1300/1978]  eta: 0:00:29    time: 0.0470  data: 0.0000  max mem: 2671
      Evaluation: [1400/1978]  eta: 0:00:25    time: 0.0420  data: 0.0000  max mem: 2671
      Evaluation: [1500/1978]  eta: 0:00:20    time: 0.0424  data: 0.0000  max mem: 2671
      Evaluation: [1600/1978]  eta: 0:00:16    time: 0.0420  data: 0.0000  max mem: 2671
      Evaluation: [1700/1978]  eta: 0:00:12    time: 0.0422  data: 0.0000  max mem: 2671
      Evaluation: [1800/1978]  eta: 0:00:07    time: 0.0424  data: 0.0000  max mem: 2671
      Evaluation: [1900/1978]  eta: 0:00:03    time: 0.0423  data: 0.0000  max mem: 2671
      Evaluation: [1977/1978]  eta: 0:00:00    time: 0.0420  data: 0.0000  max mem: 2671
      Evaluation: Total time: 0:01:25 (0.0431 s / it)
     Computing matching score time 0:01:25
### TTA ITM Score: 
+-------+--------+--------+--------+--------+--------+
| epoch |   R1   |   R5   |  R10   |  mAP   |  mINP  |
+-------+--------+--------+--------+--------+--------+
|  -999 | 69.414 | 95.197 | 97.776 | 81.233 | 81.233 |
|  -999 | 84.277 | 99.039 | 99.596 | 91.276 | 91.276 |
|   0   | 84.580 | 98.635 | 99.292 | 91.286 | 91.286 |
|   1   | 84.580 | 98.837 | 99.393 | 91.309 | 91.309 |
|   2   | 84.530 | 98.686 | 99.494 | 91.293 | 91.293 |
|   3   | 84.732 | 98.787 | 99.393 | 91.384 | 91.384 |
|   4   | 84.833 | 98.837 | 99.494 | 91.433 | 91.433 |
|   5   | 84.985 | 98.686 | 99.494 | 91.516 | 91.516 |
|   6   | 84.985 | 98.736 | 99.494 | 91.535 | 91.535 |
|   7   | 84.884 | 98.787 | 99.494 | 91.488 | 91.488 |
|   8   | 84.985 | 98.736 | 99.494 | 91.527 | 91.527 |
|   9   | 85.086 | 98.736 | 99.494 | 91.571 | 91.571 |
+-------+--------+--------+--------+--------+--------+
     logs:  {'epo': 9, 'R1': np.float32(85.086), 'R5': np.float32(98.736), 'R10': np.float32(99.494), 'mAP': np.float32(91.571), 'mINP': np.float32(91.571), 'lr': 7e-05, 'entropy': 0.075592, 'loss': 2.096184}
      TTA Epoch: [10] [  0/123]  eta: 0:00:53  lr: 0.000069  entropy: 0.1421  loss: 2.1200  time: 0.4356  data: 0.3776  max mem: 2671
      TTA Epoch: [10] [100/123]  eta: 0:00:00  lr: 0.000066  entropy: 0.1764  loss: 2.1235  time: 0.0323  data: 0.0001  max mem: 2671
      TTA Epoch: [10] [122/123]  eta: 0:00:00  lr: 0.000065  entropy: 0.0544  loss: 2.0612  time: 0.0317  data: 0.0001  max mem: 2671
      TTA Epoch: [10] Total time: 0:00:04 (0.0359 s / it)
     Averaged stats: lr: 0.0001  entropy: 0.0804  loss: 2.0816
     Computing matching score
      Evaluation: [   0/1978]  eta: 0:01:29    time: 0.0454  data: 0.0025  max mem: 2671
      Evaluation: [ 100/1978]  eta: 0:01:26    time: 0.0448  data: 0.0000  max mem: 2671
      Evaluation: [ 200/1978]  eta: 0:01:20    time: 0.0442  data: 0.0000  max mem: 2671
      Evaluation: [ 300/1978]  eta: 0:01:15    time: 0.0443  data: 0.0000  max mem: 2671
      Evaluation: [ 400/1978]  eta: 0:01:11    time: 0.0453  data: 0.0000  max mem: 2671
      Evaluation: [ 500/1978]  eta: 0:01:06    time: 0.0456  data: 0.0000  max mem: 2671
      Evaluation: [ 600/1978]  eta: 0:01:02    time: 0.0468  data: 0.0000  max mem: 2671
      Evaluation: [ 700/1978]  eta: 0:00:57    time: 0.0422  data: 0.0000  max mem: 2671
      Evaluation: [ 800/1978]  eta: 0:00:53    time: 0.0425  data: 0.0000  max mem: 2671
      Evaluation: [ 900/1978]  eta: 0:00:48    time: 0.0406  data: 0.0000  max mem: 2671
      Evaluation: [1000/1978]  eta: 0:00:43    time: 0.0407  data: 0.0000  max mem: 2671
      Evaluation: [1100/1978]  eta: 0:00:38    time: 0.0411  data: 0.0000  max mem: 2671
      Evaluation: [1200/1978]  eta: 0:00:34    time: 0.0414  data: 0.0000  max mem: 2671
      Evaluation: [1300/1978]  eta: 0:00:29    time: 0.0413  data: 0.0000  max mem: 2671
      Evaluation: [1400/1978]  eta: 0:00:25    time: 0.0408  data: 0.0000  max mem: 2671
      Evaluation: [1500/1978]  eta: 0:00:20    time: 0.0440  data: 0.0000  max mem: 2671
      Evaluation: [1600/1978]  eta: 0:00:16    time: 0.0431  data: 0.0000  max mem: 2671
      Evaluation: [1700/1978]  eta: 0:00:12    time: 0.0440  data: 0.0000  max mem: 2671
      Evaluation: [1800/1978]  eta: 0:00:07    time: 0.0435  data: 0.0000  max mem: 2671
      Evaluation: [1900/1978]  eta: 0:00:03    time: 0.0439  data: 0.0000  max mem: 2671
      Evaluation: [1977/1978]  eta: 0:00:00    time: 0.0435  data: 0.0000  max mem: 2671
      Evaluation: Total time: 0:01:25 (0.0435 s / it)
     Computing matching score time 0:01:26
### TTA ITM Score: 
+-------+--------+--------+--------+--------+--------+
| epoch |   R1   |   R5   |  R10   |  mAP   |  mINP  |
+-------+--------+--------+--------+--------+--------+
|  -999 | 69.414 | 95.197 | 97.776 | 81.233 | 81.233 |
|  -999 | 84.277 | 99.039 | 99.596 | 91.276 | 91.276 |
|   0   | 84.580 | 98.635 | 99.292 | 91.286 | 91.286 |
|   1   | 84.580 | 98.837 | 99.393 | 91.309 | 91.309 |
|   2   | 84.530 | 98.686 | 99.494 | 91.293 | 91.293 |
|   3   | 84.732 | 98.787 | 99.393 | 91.384 | 91.384 |
|   4   | 84.833 | 98.837 | 99.494 | 91.433 | 91.433 |
|   5   | 84.985 | 98.686 | 99.494 | 91.516 | 91.516 |
|   6   | 84.985 | 98.736 | 99.494 | 91.535 | 91.535 |
|   7   | 84.884 | 98.787 | 99.494 | 91.488 | 91.488 |
|   8   | 84.985 | 98.736 | 99.494 | 91.527 | 91.527 |
|   9   | 85.086 | 98.736 | 99.494 | 91.571 | 91.571 |
|   10  | 84.985 | 98.686 | 99.494 | 91.512 | 91.512 |
+-------+--------+--------+--------+--------+--------+
     logs:  {'epo': 10, 'R1': np.float32(84.985), 'R5': np.float32(98.686), 'R10': np.float32(99.494), 'mAP': np.float32(91.512), 'mINP': np.float32(91.512), 'lr': 6.7e-05, 'entropy': 0.080357, 'loss': 2.081576}
      TTA Epoch: [11] [  0/123]  eta: 0:01:12  lr: 0.000065  entropy: 0.0366  loss: 2.0518  time: 0.5911  data: 0.4953  max mem: 2671
      TTA Epoch: [11] [100/123]  eta: 0:00:01  lr: 0.000063  entropy: 0.0003  loss: 2.0215  time: 0.0664  data: 0.0231  max mem: 2671
      TTA Epoch: [11] [122/123]  eta: 0:00:00  lr: 0.000062  entropy: 0.1323  loss: 2.0840  time: 0.0609  data: 0.0216  max mem: 2671
      TTA Epoch: [11] Total time: 0:00:06 (0.0548 s / it)
     Averaged stats: lr: 0.0001  entropy: 0.0740  loss: 2.0625
     Computing matching score
      Evaluation: [   0/1978]  eta: 0:01:30    time: 0.0456  data: 0.0026  max mem: 2671
      Evaluation: [ 100/1978]  eta: 0:01:19    time: 0.0425  data: 0.0000  max mem: 2671
      Evaluation: [ 200/1978]  eta: 0:01:15    time: 0.0422  data: 0.0000  max mem: 2671
      Evaluation: [ 300/1978]  eta: 0:01:11    time: 0.0414  data: 0.0000  max mem: 2671
      Evaluation: [ 400/1978]  eta: 0:01:07    time: 0.0466  data: 0.0000  max mem: 2671
      Evaluation: [ 500/1978]  eta: 0:01:02    time: 0.0422  data: 0.0000  max mem: 2671
      Evaluation: [ 600/1978]  eta: 0:00:58    time: 0.0419  data: 0.0000  max mem: 2671
      Evaluation: [ 700/1978]  eta: 0:00:54    time: 0.0419  data: 0.0000  max mem: 2671
      Evaluation: [ 800/1978]  eta: 0:00:50    time: 0.0438  data: 0.0000  max mem: 2671
      Evaluation: [ 900/1978]  eta: 0:00:46    time: 0.0455  data: 0.0000  max mem: 2671
      Evaluation: [1000/1978]  eta: 0:00:41    time: 0.0440  data: 0.0000  max mem: 2671
      Evaluation: [1100/1978]  eta: 0:00:37    time: 0.0457  data: 0.0000  max mem: 2671
      Evaluation: [1200/1978]  eta: 0:00:33    time: 0.0449  data: 0.0000  max mem: 2671
      Evaluation: [1300/1978]  eta: 0:00:29    time: 0.0459  data: 0.0000  max mem: 2671
      Evaluation: [1400/1978]  eta: 0:00:25    time: 0.0467  data: 0.0000  max mem: 2671
      Evaluation: [1500/1978]  eta: 0:00:20    time: 0.0413  data: 0.0000  max mem: 2671
      Evaluation: [1600/1978]  eta: 0:00:16    time: 0.0411  data: 0.0000  max mem: 2671
      Evaluation: [1700/1978]  eta: 0:00:12    time: 0.0414  data: 0.0000  max mem: 2671
      Evaluation: [1800/1978]  eta: 0:00:07    time: 0.0425  data: 0.0000  max mem: 2671
      Evaluation: [1900/1978]  eta: 0:00:03    time: 0.0423  data: 0.0000  max mem: 2671
      Evaluation: [1977/1978]  eta: 0:00:00    time: 0.0425  data: 0.0000  max mem: 2671
      Evaluation: Total time: 0:01:25 (0.0432 s / it)
     Computing matching score time 0:01:25
### TTA ITM Score: 
+-------+--------+--------+--------+--------+--------+
| epoch |   R1   |   R5   |  R10   |  mAP   |  mINP  |
+-------+--------+--------+--------+--------+--------+
|  -999 | 69.414 | 95.197 | 97.776 | 81.233 | 81.233 |
|  -999 | 84.277 | 99.039 | 99.596 | 91.276 | 91.276 |
|   0   | 84.580 | 98.635 | 99.292 | 91.286 | 91.286 |
|   1   | 84.580 | 98.837 | 99.393 | 91.309 | 91.309 |
|   2   | 84.530 | 98.686 | 99.494 | 91.293 | 91.293 |
|   3   | 84.732 | 98.787 | 99.393 | 91.384 | 91.384 |
|   4   | 84.833 | 98.837 | 99.494 | 91.433 | 91.433 |
|   5   | 84.985 | 98.686 | 99.494 | 91.516 | 91.516 |
|   6   | 84.985 | 98.736 | 99.494 | 91.535 | 91.535 |
|   7   | 84.884 | 98.787 | 99.494 | 91.488 | 91.488 |
|   8   | 84.985 | 98.736 | 99.494 | 91.527 | 91.527 |
|   9   | 85.086 | 98.736 | 99.494 | 91.571 | 91.571 |
|   10  | 84.985 | 98.686 | 99.494 | 91.512 | 91.512 |
|   11  | 84.934 | 98.686 | 99.494 | 91.485 | 91.485 |
+-------+--------+--------+--------+--------+--------+
     logs:  {'epo': 11, 'R1': np.float32(84.934), 'R5': np.float32(98.686), 'R10': np.float32(99.494), 'mAP': np.float32(91.485), 'mINP': np.float32(91.485), 'lr': 6.4e-05, 'entropy': 0.074043, 'loss': 2.062509}
      TTA Epoch: [12] [  0/123]  eta: 0:00:54  lr: 0.000062  entropy: 0.0829  loss: 2.0590  time: 0.4417  data: 0.3856  max mem: 2671
      TTA Epoch: [12] [100/123]  eta: 0:00:00  lr: 0.000059  entropy: 0.0822  loss: 2.0466  time: 0.0331  data: 0.0001  max mem: 2671
      TTA Epoch: [12] [122/123]  eta: 0:00:00  lr: 0.000059  entropy: 0.0036  loss: 2.0056  time: 0.0312  data: 0.0001  max mem: 2671
      TTA Epoch: [12] Total time: 0:00:04 (0.0361 s / it)
     Averaged stats: lr: 0.0001  entropy: 0.0712  loss: 2.0461
     Computing matching score
      Evaluation: [   0/1978]  eta: 0:01:33    time: 0.0475  data: 0.0036  max mem: 2671
      Evaluation: [ 100/1978]  eta: 0:01:24    time: 0.0494  data: 0.0000  max mem: 2671
      Evaluation: [ 200/1978]  eta: 0:01:19    time: 0.0451  data: 0.0000  max mem: 2671
      Evaluation: [ 300/1978]  eta: 0:01:15    time: 0.0455  data: 0.0000  max mem: 2671
      Evaluation: [ 400/1978]  eta: 0:01:11    time: 0.0465  data: 0.0000  max mem: 2671
      Evaluation: [ 500/1978]  eta: 0:01:06    time: 0.0467  data: 0.0000  max mem: 2671
      Evaluation: [ 600/1978]  eta: 0:01:02    time: 0.0455  data: 0.0000  max mem: 2671
      Evaluation: [ 700/1978]  eta: 0:00:58    time: 0.0484  data: 0.0000  max mem: 2671
      Evaluation: [ 800/1978]  eta: 0:00:53    time: 0.0427  data: 0.0000  max mem: 2671
      Evaluation: [ 900/1978]  eta: 0:00:48    time: 0.0429  data: 0.0000  max mem: 2671
      Evaluation: [1000/1978]  eta: 0:00:43    time: 0.0432  data: 0.0000  max mem: 2671
      Evaluation: [1100/1978]  eta: 0:00:39    time: 0.0429  data: 0.0000  max mem: 2671
      Evaluation: [1200/1978]  eta: 0:00:34    time: 0.0430  data: 0.0000  max mem: 2671
      Evaluation: [1300/1978]  eta: 0:00:30    time: 0.0427  data: 0.0000  max mem: 2671
      Evaluation: [1400/1978]  eta: 0:00:25    time: 0.0431  data: 0.0000  max mem: 2671
      Evaluation: [1500/1978]  eta: 0:00:21    time: 0.0469  data: 0.0000  max mem: 2671
      Evaluation: [1600/1978]  eta: 0:00:16    time: 0.0453  data: 0.0000  max mem: 2671
      Evaluation: [1700/1978]  eta: 0:00:12    time: 0.0450  data: 0.0000  max mem: 2671
      Evaluation: [1800/1978]  eta: 0:00:07    time: 0.0453  data: 0.0000  max mem: 2671
      Evaluation: [1900/1978]  eta: 0:00:03    time: 0.0459  data: 0.0000  max mem: 2671
      Evaluation: [1977/1978]  eta: 0:00:00    time: 0.0455  data: 0.0000  max mem: 2671
      Evaluation: Total time: 0:01:28 (0.0447 s / it)
     Computing matching score time 0:01:28
### TTA ITM Score: 
+-------+--------+--------+--------+--------+--------+
| epoch |   R1   |   R5   |  R10   |  mAP   |  mINP  |
+-------+--------+--------+--------+--------+--------+
|  -999 | 69.414 | 95.197 | 97.776 | 81.233 | 81.233 |
|  -999 | 84.277 | 99.039 | 99.596 | 91.276 | 91.276 |
|   0   | 84.580 | 98.635 | 99.292 | 91.286 | 91.286 |
|   1   | 84.580 | 98.837 | 99.393 | 91.309 | 91.309 |
|   2   | 84.530 | 98.686 | 99.494 | 91.293 | 91.293 |
|   3   | 84.732 | 98.787 | 99.393 | 91.384 | 91.384 |
|   4   | 84.833 | 98.837 | 99.494 | 91.433 | 91.433 |
|   5   | 84.985 | 98.686 | 99.494 | 91.516 | 91.516 |
|   6   | 84.985 | 98.736 | 99.494 | 91.535 | 91.535 |
|   7   | 84.884 | 98.787 | 99.494 | 91.488 | 91.488 |
|   8   | 84.985 | 98.736 | 99.494 | 91.527 | 91.527 |
|   9   | 85.086 | 98.736 | 99.494 | 91.571 | 91.571 |
|   10  | 84.985 | 98.686 | 99.494 | 91.512 | 91.512 |
|   11  | 84.934 | 98.686 | 99.494 | 91.485 | 91.485 |
|   12  | 84.985 | 98.686 | 99.494 | 91.517 | 91.517 |
+-------+--------+--------+--------+--------+--------+
     logs:  {'epo': 12, 'R1': np.float32(84.985), 'R5': np.float32(98.686), 'R10': np.float32(99.494), 'mAP': np.float32(91.517), 'mINP': np.float32(91.517), 'lr': 6e-05, 'entropy': 0.071237, 'loss': 2.046089}
      TTA Epoch: [13] [  0/123]  eta: 0:00:59  lr: 0.000059  entropy: 0.0013  loss: 2.0040  time: 0.4798  data: 0.4156  max mem: 2671
      TTA Epoch: [13] [100/123]  eta: 0:00:00  lr: 0.000056  entropy: 0.2070  loss: 2.0961  time: 0.0346  data: 0.0002  max mem: 2671
      TTA Epoch: [13] [122/123]  eta: 0:00:00  lr: 0.000055  entropy: 0.2154  loss: 2.0981  time: 0.0333  data: 0.0001  max mem: 2671
      TTA Epoch: [13] Total time: 0:00:04 (0.0382 s / it)
     Averaged stats: lr: 0.0001  entropy: 0.0676  loss: 2.0302
     Computing matching score
      Evaluation: [   0/1978]  eta: 0:01:55    time: 0.0585  data: 0.0042  max mem: 2671
      Evaluation: [ 100/1978]  eta: 0:01:24    time: 0.0445  data: 0.0000  max mem: 2671
      Evaluation: [ 200/1978]  eta: 0:01:20    time: 0.0438  data: 0.0000  max mem: 2671
      Evaluation: [ 300/1978]  eta: 0:01:14    time: 0.0422  data: 0.0000  max mem: 2671
      Evaluation: [ 400/1978]  eta: 0:01:08    time: 0.0421  data: 0.0000  max mem: 2671
      Evaluation: [ 500/1978]  eta: 0:01:04    time: 0.0413  data: 0.0000  max mem: 2671
      Evaluation: [ 600/1978]  eta: 0:00:59    time: 0.0418  data: 0.0000  max mem: 2671
      Evaluation: [ 700/1978]  eta: 0:00:54    time: 0.0416  data: 0.0000  max mem: 2671
      Evaluation: [ 800/1978]  eta: 0:00:50    time: 0.0416  data: 0.0000  max mem: 2671
      Evaluation: [ 900/1978]  eta: 0:00:45    time: 0.0416  data: 0.0000  max mem: 2671
      Evaluation: [1000/1978]  eta: 0:00:41    time: 0.0441  data: 0.0000  max mem: 2671
      Evaluation: [1100/1978]  eta: 0:00:37    time: 0.0443  data: 0.0000  max mem: 2671
      Evaluation: [1200/1978]  eta: 0:00:33    time: 0.0436  data: 0.0000  max mem: 2671
      Evaluation: [1300/1978]  eta: 0:00:29    time: 0.0421  data: 0.0000  max mem: 2671
      Evaluation: [1400/1978]  eta: 0:00:24    time: 0.0440  data: 0.0000  max mem: 2671
      Evaluation: [1500/1978]  eta: 0:00:20    time: 0.0455  data: 0.0000  max mem: 2671
      Evaluation: [1600/1978]  eta: 0:00:16    time: 0.0451  data: 0.0000  max mem: 2671
      Evaluation: [1700/1978]  eta: 0:00:12    time: 0.0454  data: 0.0000  max mem: 2671
      Evaluation: [1800/1978]  eta: 0:00:07    time: 0.0437  data: 0.0000  max mem: 2671
      Evaluation: [1900/1978]  eta: 0:00:03    time: 0.0436  data: 0.0000  max mem: 2671
      Evaluation: [1977/1978]  eta: 0:00:00    time: 0.0434  data: 0.0000  max mem: 2671
      Evaluation: Total time: 0:01:25 (0.0434 s / it)
     Computing matching score time 0:01:26
### TTA ITM Score: 
+-------+--------+--------+--------+--------+--------+
| epoch |   R1   |   R5   |  R10   |  mAP   |  mINP  |
+-------+--------+--------+--------+--------+--------+
|  -999 | 69.414 | 95.197 | 97.776 | 81.233 | 81.233 |
|  -999 | 84.277 | 99.039 | 99.596 | 91.276 | 91.276 |
|   0   | 84.580 | 98.635 | 99.292 | 91.286 | 91.286 |
|   1   | 84.580 | 98.837 | 99.393 | 91.309 | 91.309 |
|   2   | 84.530 | 98.686 | 99.494 | 91.293 | 91.293 |
|   3   | 84.732 | 98.787 | 99.393 | 91.384 | 91.384 |
|   4   | 84.833 | 98.837 | 99.494 | 91.433 | 91.433 |
|   5   | 84.985 | 98.686 | 99.494 | 91.516 | 91.516 |
|   6   | 84.985 | 98.736 | 99.494 | 91.535 | 91.535 |
|   7   | 84.884 | 98.787 | 99.494 | 91.488 | 91.488 |
|   8   | 84.985 | 98.736 | 99.494 | 91.527 | 91.527 |
|   9   | 85.086 | 98.736 | 99.494 | 91.571 | 91.571 |
|   10  | 84.985 | 98.686 | 99.494 | 91.512 | 91.512 |
|   11  | 84.934 | 98.686 | 99.494 | 91.485 | 91.485 |
|   12  | 84.985 | 98.686 | 99.494 | 91.517 | 91.517 |
|   13  | 84.985 | 98.686 | 99.494 | 91.510 | 91.510 |
+-------+--------+--------+--------+--------+--------+
     logs:  {'epo': 13, 'R1': np.float32(84.985), 'R5': np.float32(98.686), 'R10': np.float32(99.494), 'mAP': np.float32(91.51), 'mINP': np.float32(91.51), 'lr': 5.7e-05, 'entropy': 0.06761, 'loss': 2.030169}
      TTA Epoch: [14] [  0/123]  eta: 0:00:51  lr: 0.000055  entropy: 0.0657  loss: 2.0224  time: 0.4214  data: 0.3667  max mem: 2671
      TTA Epoch: [14] [100/123]  eta: 0:00:00  lr: 0.000052  entropy: 0.1124  loss: 2.0351  time: 0.0343  data: 0.0001  max mem: 2671
      TTA Epoch: [14] [122/123]  eta: 0:00:00  lr: 0.000052  entropy: 0.0450  loss: 1.9993  time: 0.0325  data: 0.0001  max mem: 2671
      TTA Epoch: [14] Total time: 0:00:04 (0.0371 s / it)
     Averaged stats: lr: 0.0001  entropy: 0.0699  loss: 2.0181
     Computing matching score
      Evaluation: [   0/1978]  eta: 0:01:40    time: 0.0507  data: 0.0025  max mem: 2671
      Evaluation: [ 100/1978]  eta: 0:01:22    time: 0.0438  data: 0.0000  max mem: 2671
      Evaluation: [ 200/1978]  eta: 0:01:17    time: 0.0433  data: 0.0000  max mem: 2671
      Evaluation: [ 300/1978]  eta: 0:01:13    time: 0.0432  data: 0.0000  max mem: 2671
      Evaluation: [ 400/1978]  eta: 0:01:09    time: 0.0482  data: 0.0000  max mem: 2671
      Evaluation: [ 500/1978]  eta: 0:01:05    time: 0.0456  data: 0.0000  max mem: 2671
      Evaluation: [ 600/1978]  eta: 0:01:01    time: 0.0455  data: 0.0000  max mem: 2671
      Evaluation: [ 700/1978]  eta: 0:00:57    time: 0.0445  data: 0.0000  max mem: 2671
      Evaluation: [ 800/1978]  eta: 0:00:53    time: 0.0485  data: 0.0000  max mem: 2671
      Evaluation: [ 900/1978]  eta: 0:00:48    time: 0.0466  data: 0.0000  max mem: 2671
      Evaluation: [1000/1978]  eta: 0:00:44    time: 0.0456  data: 0.0000  max mem: 2671
      Evaluation: [1100/1978]  eta: 0:00:39    time: 0.0454  data: 0.0000  max mem: 2671
      Evaluation: [1200/1978]  eta: 0:00:35    time: 0.0462  data: 0.0000  max mem: 2671
      Evaluation: [1300/1978]  eta: 0:00:30    time: 0.0432  data: 0.0000  max mem: 2671
      Evaluation: [1400/1978]  eta: 0:00:26    time: 0.0433  data: 0.0000  max mem: 2671
      Evaluation: [1500/1978]  eta: 0:00:21    time: 0.0470  data: 0.0000  max mem: 2671
      Evaluation: [1600/1978]  eta: 0:00:17    time: 0.0469  data: 0.0000  max mem: 2671
      Evaluation: [1700/1978]  eta: 0:00:12    time: 0.0439  data: 0.0000  max mem: 2671
      Evaluation: [1800/1978]  eta: 0:00:08    time: 0.0435  data: 0.0000  max mem: 2671
      Evaluation: [1900/1978]  eta: 0:00:03    time: 0.0440  data: 0.0000  max mem: 2671
      Evaluation: [1977/1978]  eta: 0:00:00    time: 0.0444  data: 0.0000  max mem: 2671
      Evaluation: Total time: 0:01:29 (0.0451 s / it)
     Computing matching score time 0:01:29
### TTA ITM Score: 
+-------+--------+--------+--------+--------+--------+
| epoch |   R1   |   R5   |  R10   |  mAP   |  mINP  |
+-------+--------+--------+--------+--------+--------+
|  -999 | 69.414 | 95.197 | 97.776 | 81.233 | 81.233 |
|  -999 | 84.277 | 99.039 | 99.596 | 91.276 | 91.276 |
|   0   | 84.580 | 98.635 | 99.292 | 91.286 | 91.286 |
|   1   | 84.580 | 98.837 | 99.393 | 91.309 | 91.309 |
|   2   | 84.530 | 98.686 | 99.494 | 91.293 | 91.293 |
|   3   | 84.732 | 98.787 | 99.393 | 91.384 | 91.384 |
|   4   | 84.833 | 98.837 | 99.494 | 91.433 | 91.433 |
|   5   | 84.985 | 98.686 | 99.494 | 91.516 | 91.516 |
|   6   | 84.985 | 98.736 | 99.494 | 91.535 | 91.535 |
|   7   | 84.884 | 98.787 | 99.494 | 91.488 | 91.488 |
|   8   | 84.985 | 98.736 | 99.494 | 91.527 | 91.527 |
|   9   | 85.086 | 98.736 | 99.494 | 91.571 | 91.571 |
|   10  | 84.985 | 98.686 | 99.494 | 91.512 | 91.512 |
|   11  | 84.934 | 98.686 | 99.494 | 91.485 | 91.485 |
|   12  | 84.985 | 98.686 | 99.494 | 91.517 | 91.517 |
|   13  | 84.985 | 98.686 | 99.494 | 91.510 | 91.510 |
|   14  | 84.985 | 98.686 | 99.494 | 91.526 | 91.526 |
+-------+--------+--------+--------+--------+--------+
     logs:  {'epo': 14, 'R1': np.float32(84.985), 'R5': np.float32(98.686), 'R10': np.float32(99.494), 'mAP': np.float32(91.526), 'mINP': np.float32(91.526), 'lr': 5.3e-05, 'entropy': 0.069933, 'loss': 2.018143}
      TTA Epoch: [15] [  0/123]  eta: 0:00:55  lr: 0.000052  entropy: 0.0475  loss: 2.0006  time: 0.4541  data: 0.3951  max mem: 2671
      TTA Epoch: [15] [100/123]  eta: 0:00:00  lr: 0.000049  entropy: 0.0189  loss: 1.9761  time: 0.0357  data: 0.0001  max mem: 2671
      TTA Epoch: [15] [122/123]  eta: 0:00:00  lr: 0.000048  entropy: 0.0225  loss: 1.9757  time: 0.0330  data: 0.0001  max mem: 2671
      TTA Epoch: [15] Total time: 0:00:04 (0.0392 s / it)
     Averaged stats: lr: 0.0001  entropy: 0.0671  loss: 2.0044
     Computing matching score
      Evaluation: [   0/1978]  eta: 0:01:36    time: 0.0487  data: 0.0025  max mem: 2671
      Evaluation: [ 100/1978]  eta: 0:01:25    time: 0.0437  data: 0.0000  max mem: 2671
      Evaluation: [ 200/1978]  eta: 0:01:19    time: 0.0437  data: 0.0000  max mem: 2671
      Evaluation: [ 300/1978]  eta: 0:01:14    time: 0.0438  data: 0.0000  max mem: 2671
      Evaluation: [ 400/1978]  eta: 0:01:09    time: 0.0416  data: 0.0000  max mem: 2671
      Evaluation: [ 500/1978]  eta: 0:01:04    time: 0.0440  data: 0.0000  max mem: 2671
      Evaluation: [ 600/1978]  eta: 0:01:00    time: 0.0436  data: 0.0000  max mem: 2671
      Evaluation: [ 700/1978]  eta: 0:00:55    time: 0.0427  data: 0.0000  max mem: 2671
      Evaluation: [ 800/1978]  eta: 0:00:51    time: 0.0426  data: 0.0000  max mem: 2671
      Evaluation: [ 900/1978]  eta: 0:00:46    time: 0.0409  data: 0.0000  max mem: 2671
      Evaluation: [1000/1978]  eta: 0:00:42    time: 0.0415  data: 0.0000  max mem: 2671
      Evaluation: [1100/1978]  eta: 0:00:37    time: 0.0413  data: 0.0000  max mem: 2671
      Evaluation: [1200/1978]  eta: 0:00:33    time: 0.0420  data: 0.0000  max mem: 2671
      Evaluation: [1300/1978]  eta: 0:00:28    time: 0.0410  data: 0.0000  max mem: 2671
      Evaluation: [1400/1978]  eta: 0:00:24    time: 0.0406  data: 0.0000  max mem: 2671
      Evaluation: [1500/1978]  eta: 0:00:20    time: 0.0411  data: 0.0000  max mem: 2671
      Evaluation: [1600/1978]  eta: 0:00:16    time: 0.0408  data: 0.0000  max mem: 2671
      Evaluation: [1700/1978]  eta: 0:00:11    time: 0.0435  data: 0.0000  max mem: 2671
      Evaluation: [1800/1978]  eta: 0:00:07    time: 0.0434  data: 0.0000  max mem: 2671
      Evaluation: [1900/1978]  eta: 0:00:03    time: 0.0432  data: 0.0000  max mem: 2671
      Evaluation: [1977/1978]  eta: 0:00:00    time: 0.0437  data: 0.0000  max mem: 2671
      Evaluation: Total time: 0:01:24 (0.0426 s / it)
     Computing matching score time 0:01:24
### TTA ITM Score: 
+-------+--------+--------+--------+--------+--------+
| epoch |   R1   |   R5   |  R10   |  mAP   |  mINP  |
+-------+--------+--------+--------+--------+--------+
|  -999 | 69.414 | 95.197 | 97.776 | 81.233 | 81.233 |
|  -999 | 84.277 | 99.039 | 99.596 | 91.276 | 91.276 |
|   0   | 84.580 | 98.635 | 99.292 | 91.286 | 91.286 |
|   1   | 84.580 | 98.837 | 99.393 | 91.309 | 91.309 |
|   2   | 84.530 | 98.686 | 99.494 | 91.293 | 91.293 |
|   3   | 84.732 | 98.787 | 99.393 | 91.384 | 91.384 |
|   4   | 84.833 | 98.837 | 99.494 | 91.433 | 91.433 |
|   5   | 84.985 | 98.686 | 99.494 | 91.516 | 91.516 |
|   6   | 84.985 | 98.736 | 99.494 | 91.535 | 91.535 |
|   7   | 84.884 | 98.787 | 99.494 | 91.488 | 91.488 |
|   8   | 84.985 | 98.736 | 99.494 | 91.527 | 91.527 |
|   9   | 85.086 | 98.736 | 99.494 | 91.571 | 91.571 |
|   10  | 84.985 | 98.686 | 99.494 | 91.512 | 91.512 |
|   11  | 84.934 | 98.686 | 99.494 | 91.485 | 91.485 |
|   12  | 84.985 | 98.686 | 99.494 | 91.517 | 91.517 |
|   13  | 84.985 | 98.686 | 99.494 | 91.510 | 91.510 |
|   14  | 84.985 | 98.686 | 99.494 | 91.526 | 91.526 |
|   15  | 84.934 | 98.736 | 99.494 | 91.512 | 91.512 |
+-------+--------+--------+--------+--------+--------+
     logs:  {'epo': 15, 'R1': np.float32(84.934), 'R5': np.float32(98.736), 'R10': np.float32(99.494), 'mAP': np.float32(91.512), 'mINP': np.float32(91.512), 'lr': 5e-05, 'entropy': 0.067068, 'loss': 2.004386}
      TTA Epoch: [16] [  0/123]  eta: 0:00:57  lr: 0.000048  entropy: 0.0567  loss: 1.9934  time: 0.4693  data: 0.4078  max mem: 2671
      TTA Epoch: [16] [100/123]  eta: 0:00:00  lr: 0.000046  entropy: 0.0897  loss: 2.0010  time: 0.0368  data: 0.0002  max mem: 2671
      TTA Epoch: [16] [122/123]  eta: 0:00:00  lr: 0.000045  entropy: 0.1186  loss: 2.0134  time: 0.0355  data: 0.0011  max mem: 2671
      TTA Epoch: [16] Total time: 0:00:05 (0.0407 s / it)
     Averaged stats: lr: 0.0000  entropy: 0.0691  loss: 1.9940
     Computing matching score
      Evaluation: [   0/1978]  eta: 0:01:30    time: 0.0459  data: 0.0026  max mem: 2671
      Evaluation: [ 100/1978]  eta: 0:01:20    time: 0.0427  data: 0.0000  max mem: 2671
      Evaluation: [ 200/1978]  eta: 0:01:17    time: 0.0447  data: 0.0000  max mem: 2671
      Evaluation: [ 300/1978]  eta: 0:01:13    time: 0.0447  data: 0.0000  max mem: 2671
      Evaluation: [ 400/1978]  eta: 0:01:09    time: 0.0466  data: 0.0000  max mem: 2671
      Evaluation: [ 500/1978]  eta: 0:01:06    time: 0.0496  data: 0.0000  max mem: 2671
      Evaluation: [ 600/1978]  eta: 0:01:02    time: 0.0446  data: 0.0000  max mem: 2671
      Evaluation: [ 700/1978]  eta: 0:00:57    time: 0.0425  data: 0.0000  max mem: 2671
      Evaluation: [ 800/1978]  eta: 0:00:52    time: 0.0433  data: 0.0000  max mem: 2671
      Evaluation: [ 900/1978]  eta: 0:00:48    time: 0.0425  data: 0.0000  max mem: 2671
      Evaluation: [1000/1978]  eta: 0:00:43    time: 0.0434  data: 0.0000  max mem: 2671
      Evaluation: [1100/1978]  eta: 0:00:38    time: 0.0444  data: 0.0000  max mem: 2671
      Evaluation: [1200/1978]  eta: 0:00:34    time: 0.0437  data: 0.0000  max mem: 2671
      Evaluation: [1300/1978]  eta: 0:00:30    time: 0.0438  data: 0.0000  max mem: 2671
      Evaluation: [1400/1978]  eta: 0:00:25    time: 0.0443  data: 0.0000  max mem: 2671
      Evaluation: [1500/1978]  eta: 0:00:21    time: 0.0427  data: 0.0000  max mem: 2671
      Evaluation: [1600/1978]  eta: 0:00:16    time: 0.0435  data: 0.0000  max mem: 2671
      Evaluation: [1700/1978]  eta: 0:00:12    time: 0.0453  data: 0.0000  max mem: 2671
      Evaluation: [1800/1978]  eta: 0:00:07    time: 0.0440  data: 0.0000  max mem: 2671
      Evaluation: [1900/1978]  eta: 0:00:03    time: 0.0456  data: 0.0000  max mem: 2671
      Evaluation: [1977/1978]  eta: 0:00:00    time: 0.0457  data: 0.0000  max mem: 2671
      Evaluation: Total time: 0:01:27 (0.0443 s / it)
     Computing matching score time 0:01:27
### TTA ITM Score: 
+-------+--------+--------+--------+--------+--------+
| epoch |   R1   |   R5   |  R10   |  mAP   |  mINP  |
+-------+--------+--------+--------+--------+--------+
|  -999 | 69.414 | 95.197 | 97.776 | 81.233 | 81.233 |
|  -999 | 84.277 | 99.039 | 99.596 | 91.276 | 91.276 |
|   0   | 84.580 | 98.635 | 99.292 | 91.286 | 91.286 |
|   1   | 84.580 | 98.837 | 99.393 | 91.309 | 91.309 |
|   2   | 84.530 | 98.686 | 99.494 | 91.293 | 91.293 |
|   3   | 84.732 | 98.787 | 99.393 | 91.384 | 91.384 |
|   4   | 84.833 | 98.837 | 99.494 | 91.433 | 91.433 |
|   5   | 84.985 | 98.686 | 99.494 | 91.516 | 91.516 |
|   6   | 84.985 | 98.736 | 99.494 | 91.535 | 91.535 |
|   7   | 84.884 | 98.787 | 99.494 | 91.488 | 91.488 |
|   8   | 84.985 | 98.736 | 99.494 | 91.527 | 91.527 |
|   9   | 85.086 | 98.736 | 99.494 | 91.571 | 91.571 |
|   10  | 84.985 | 98.686 | 99.494 | 91.512 | 91.512 |
|   11  | 84.934 | 98.686 | 99.494 | 91.485 | 91.485 |
|   12  | 84.985 | 98.686 | 99.494 | 91.517 | 91.517 |
|   13  | 84.985 | 98.686 | 99.494 | 91.510 | 91.510 |
|   14  | 84.985 | 98.686 | 99.494 | 91.526 | 91.526 |
|   15  | 84.934 | 98.736 | 99.494 | 91.512 | 91.512 |
|   16  | 84.985 | 98.736 | 99.494 | 91.536 | 91.536 |
+-------+--------+--------+--------+--------+--------+
     logs:  {'epo': 16, 'R1': np.float32(84.985), 'R5': np.float32(98.736), 'R10': np.float32(99.494), 'mAP': np.float32(91.536), 'mINP': np.float32(91.536), 'lr': 4.7e-05, 'entropy': 0.069134, 'loss': 1.994023}
      TTA Epoch: [17] [  0/123]  eta: 0:01:03  lr: 0.000045  entropy: 0.0247  loss: 1.9657  time: 0.5195  data: 0.4512  max mem: 2671
      TTA Epoch: [17] [100/123]  eta: 0:00:01  lr: 0.000042  entropy: 0.1034  loss: 1.9980  time: 0.0423  data: 0.0050  max mem: 2671
      TTA Epoch: [17] [122/123]  eta: 0:00:00  lr: 0.000042  entropy: 0.0436  loss: 1.9653  time: 0.0381  data: 0.0025  max mem: 2671
      TTA Epoch: [17] Total time: 0:00:05 (0.0447 s / it)
     Averaged stats: lr: 0.0000  entropy: 0.0694  loss: 1.9836
     Computing matching score
      Evaluation: [   0/1978]  eta: 0:01:36    time: 0.0490  data: 0.0027  max mem: 2671
      Evaluation: [ 100/1978]  eta: 0:01:23    time: 0.0439  data: 0.0000  max mem: 2671
      Evaluation: [ 200/1978]  eta: 0:01:16    time: 0.0413  data: 0.0000  max mem: 2671
      Evaluation: [ 300/1978]  eta: 0:01:12    time: 0.0433  data: 0.0000  max mem: 2671
      Evaluation: [ 400/1978]  eta: 0:01:07    time: 0.0414  data: 0.0000  max mem: 2671
      Evaluation: [ 500/1978]  eta: 0:01:02    time: 0.0410  data: 0.0000  max mem: 2671
      Evaluation: [ 600/1978]  eta: 0:00:58    time: 0.0415  data: 0.0000  max mem: 2671
      Evaluation: [ 700/1978]  eta: 0:00:53    time: 0.0410  data: 0.0000  max mem: 2671
      Evaluation: [ 800/1978]  eta: 0:00:49    time: 0.0412  data: 0.0000  max mem: 2671
      Evaluation: [ 900/1978]  eta: 0:00:45    time: 0.0417  data: 0.0000  max mem: 2671
      Evaluation: [1000/1978]  eta: 0:00:40    time: 0.0421  data: 0.0000  max mem: 2671
      Evaluation: [1100/1978]  eta: 0:00:36    time: 0.0442  data: 0.0000  max mem: 2671
      Evaluation: [1200/1978]  eta: 0:00:32    time: 0.0434  data: 0.0000  max mem: 2671
      Evaluation: [1300/1978]  eta: 0:00:28    time: 0.0432  data: 0.0000  max mem: 2671
      Evaluation: [1400/1978]  eta: 0:00:24    time: 0.0422  data: 0.0000  max mem: 2671
      Evaluation: [1500/1978]  eta: 0:00:20    time: 0.0516  data: 0.0000  max mem: 2671
      Evaluation: [1600/1978]  eta: 0:00:16    time: 0.0467  data: 0.0000  max mem: 2671
      Evaluation: [1700/1978]  eta: 0:00:11    time: 0.0415  data: 0.0000  max mem: 2671
      Evaluation: [1800/1978]  eta: 0:00:07    time: 0.0414  data: 0.0000  max mem: 2671
      Evaluation: [1900/1978]  eta: 0:00:03    time: 0.0412  data: 0.0000  max mem: 2671
      Evaluation: [1977/1978]  eta: 0:00:00    time: 0.0421  data: 0.0000  max mem: 2671
      Evaluation: Total time: 0:01:24 (0.0428 s / it)
     Computing matching score time 0:01:24
### TTA ITM Score: 
+-------+--------+--------+--------+--------+--------+
| epoch |   R1   |   R5   |  R10   |  mAP   |  mINP  |
+-------+--------+--------+--------+--------+--------+
|  -999 | 69.414 | 95.197 | 97.776 | 81.233 | 81.233 |
|  -999 | 84.277 | 99.039 | 99.596 | 91.276 | 91.276 |
|   0   | 84.580 | 98.635 | 99.292 | 91.286 | 91.286 |
|   1   | 84.580 | 98.837 | 99.393 | 91.309 | 91.309 |
|   2   | 84.530 | 98.686 | 99.494 | 91.293 | 91.293 |
|   3   | 84.732 | 98.787 | 99.393 | 91.384 | 91.384 |
|   4   | 84.833 | 98.837 | 99.494 | 91.433 | 91.433 |
|   5   | 84.985 | 98.686 | 99.494 | 91.516 | 91.516 |
|   6   | 84.985 | 98.736 | 99.494 | 91.535 | 91.535 |
|   7   | 84.884 | 98.787 | 99.494 | 91.488 | 91.488 |
|   8   | 84.985 | 98.736 | 99.494 | 91.527 | 91.527 |
|   9   | 85.086 | 98.736 | 99.494 | 91.571 | 91.571 |
|   10  | 84.985 | 98.686 | 99.494 | 91.512 | 91.512 |
|   11  | 84.934 | 98.686 | 99.494 | 91.485 | 91.485 |
|   12  | 84.985 | 98.686 | 99.494 | 91.517 | 91.517 |
|   13  | 84.985 | 98.686 | 99.494 | 91.510 | 91.510 |
|   14  | 84.985 | 98.686 | 99.494 | 91.526 | 91.526 |
|   15  | 84.934 | 98.736 | 99.494 | 91.512 | 91.512 |
|   16  | 84.985 | 98.736 | 99.494 | 91.536 | 91.536 |
|   17  | 84.985 | 98.736 | 99.494 | 91.537 | 91.537 |
+-------+--------+--------+--------+--------+--------+
     logs:  {'epo': 17, 'R1': np.float32(84.985), 'R5': np.float32(98.736), 'R10': np.float32(99.494), 'mAP': np.float32(91.537), 'mINP': np.float32(91.537), 'lr': 4.3e-05, 'entropy': 0.069448, 'loss': 1.983631}
      TTA Epoch: [18] [  0/123]  eta: 0:00:57  lr: 0.000042  entropy: 0.0994  loss: 1.9938  time: 0.4638  data: 0.3918  max mem: 2671
      TTA Epoch: [18] [100/123]  eta: 0:00:00  lr: 0.000039  entropy: 0.0172  loss: 1.9441  time: 0.0416  data: 0.0063  max mem: 2671
      TTA Epoch: [18] [122/123]  eta: 0:00:00  lr: 0.000038  entropy: 0.0792  loss: 1.9744  time: 0.0404  data: 0.0060  max mem: 2671
      TTA Epoch: [18] Total time: 0:00:04 (0.0405 s / it)
     Averaged stats: lr: 0.0000  entropy: 0.0684  loss: 1.9734
     Computing matching score
      Evaluation: [   0/1978]  eta: 0:01:30    time: 0.0460  data: 0.0026  max mem: 2671
      Evaluation: [ 100/1978]  eta: 0:01:19    time: 0.0413  data: 0.0000  max mem: 2671
      Evaluation: [ 200/1978]  eta: 0:01:14    time: 0.0417  data: 0.0000  max mem: 2671
      Evaluation: [ 300/1978]  eta: 0:01:10    time: 0.0423  data: 0.0000  max mem: 2671
      Evaluation: [ 400/1978]  eta: 0:01:06    time: 0.0422  data: 0.0000  max mem: 2671
      Evaluation: [ 500/1978]  eta: 0:01:02    time: 0.0421  data: 0.0000  max mem: 2671
      Evaluation: [ 600/1978]  eta: 0:00:58    time: 0.0439  data: 0.0000  max mem: 2671
      Evaluation: [ 700/1978]  eta: 0:00:54    time: 0.0430  data: 0.0000  max mem: 2671
      Evaluation: [ 800/1978]  eta: 0:00:50    time: 0.0431  data: 0.0000  max mem: 2671
      Evaluation: [ 900/1978]  eta: 0:00:46    time: 0.0494  data: 0.0000  max mem: 2671
      Evaluation: [1000/1978]  eta: 0:00:42    time: 0.0439  data: 0.0000  max mem: 2671
      Evaluation: [1100/1978]  eta: 0:00:37    time: 0.0411  data: 0.0000  max mem: 2671
      Evaluation: [1200/1978]  eta: 0:00:33    time: 0.0410  data: 0.0000  max mem: 2671
      Evaluation: [1300/1978]  eta: 0:00:29    time: 0.0415  data: 0.0000  max mem: 2671
      Evaluation: [1400/1978]  eta: 0:00:24    time: 0.0412  data: 0.0000  max mem: 2671
      Evaluation: [1500/1978]  eta: 0:00:20    time: 0.0412  data: 0.0000  max mem: 2671
      Evaluation: [1600/1978]  eta: 0:00:16    time: 0.0409  data: 0.0000  max mem: 2671
      Evaluation: [1700/1978]  eta: 0:00:11    time: 0.0411  data: 0.0000  max mem: 2671
      Evaluation: [1800/1978]  eta: 0:00:07    time: 0.0411  data: 0.0000  max mem: 2671
      Evaluation: [1900/1978]  eta: 0:00:03    time: 0.0411  data: 0.0000  max mem: 2671
      Evaluation: [1977/1978]  eta: 0:00:00    time: 0.0418  data: 0.0000  max mem: 2671
      Evaluation: Total time: 0:01:23 (0.0423 s / it)
     Computing matching score time 0:01:23
### TTA ITM Score: 
+-------+--------+--------+--------+--------+--------+
| epoch |   R1   |   R5   |  R10   |  mAP   |  mINP  |
+-------+--------+--------+--------+--------+--------+
|  -999 | 69.414 | 95.197 | 97.776 | 81.233 | 81.233 |
|  -999 | 84.277 | 99.039 | 99.596 | 91.276 | 91.276 |
|   0   | 84.580 | 98.635 | 99.292 | 91.286 | 91.286 |
|   1   | 84.580 | 98.837 | 99.393 | 91.309 | 91.309 |
|   2   | 84.530 | 98.686 | 99.494 | 91.293 | 91.293 |
|   3   | 84.732 | 98.787 | 99.393 | 91.384 | 91.384 |
|   4   | 84.833 | 98.837 | 99.494 | 91.433 | 91.433 |
|   5   | 84.985 | 98.686 | 99.494 | 91.516 | 91.516 |
|   6   | 84.985 | 98.736 | 99.494 | 91.535 | 91.535 |
|   7   | 84.884 | 98.787 | 99.494 | 91.488 | 91.488 |
|   8   | 84.985 | 98.736 | 99.494 | 91.527 | 91.527 |
|   9   | 85.086 | 98.736 | 99.494 | 91.571 | 91.571 |
|   10  | 84.985 | 98.686 | 99.494 | 91.512 | 91.512 |
|   11  | 84.934 | 98.686 | 99.494 | 91.485 | 91.485 |
|   12  | 84.985 | 98.686 | 99.494 | 91.517 | 91.517 |
|   13  | 84.985 | 98.686 | 99.494 | 91.510 | 91.510 |
|   14  | 84.985 | 98.686 | 99.494 | 91.526 | 91.526 |
|   15  | 84.934 | 98.736 | 99.494 | 91.512 | 91.512 |
|   16  | 84.985 | 98.736 | 99.494 | 91.536 | 91.536 |
|   17  | 84.985 | 98.736 | 99.494 | 91.537 | 91.537 |
|   18  | 84.934 | 98.736 | 99.494 | 91.521 | 91.521 |
+-------+--------+--------+--------+--------+--------+
     logs:  {'epo': 18, 'R1': np.float32(84.934), 'R5': np.float32(98.736), 'R10': np.float32(99.494), 'mAP': np.float32(91.521), 'mINP': np.float32(91.521), 'lr': 4e-05, 'entropy': 0.068434, 'loss': 1.973393}
      TTA Epoch: [19] [  0/123]  eta: 0:01:01  lr: 0.000038  entropy: 0.0802  loss: 1.9749  time: 0.5029  data: 0.4203  max mem: 2671
      TTA Epoch: [19] [100/123]  eta: 0:00:01  lr: 0.000035  entropy: 0.0084  loss: 1.9311  time: 0.0438  data: 0.0066  max mem: 2671
      TTA Epoch: [19] [122/123]  eta: 0:00:00  lr: 0.000035  entropy: 0.0005  loss: 1.9251  time: 0.0406  data: 0.0036  max mem: 2671
      TTA Epoch: [19] Total time: 0:00:05 (0.0452 s / it)
     Averaged stats: lr: 0.0000  entropy: 0.0634  loss: 1.9619
     Computing matching score
      Evaluation: [   0/1978]  eta: 0:01:37    time: 0.0494  data: 0.0027  max mem: 2671
      Evaluation: [ 100/1978]  eta: 0:01:23    time: 0.0441  data: 0.0000  max mem: 2671
      Evaluation: [ 200/1978]  eta: 0:01:17    time: 0.0417  data: 0.0000  max mem: 2671
      Evaluation: [ 300/1978]  eta: 0:01:12    time: 0.0430  data: 0.0000  max mem: 2671
      Evaluation: [ 400/1978]  eta: 0:01:07    time: 0.0432  data: 0.0000  max mem: 2671
      Evaluation: [ 500/1978]  eta: 0:01:03    time: 0.0426  data: 0.0000  max mem: 2671
      Evaluation: [ 600/1978]  eta: 0:00:59    time: 0.0434  data: 0.0000  max mem: 2671
      Evaluation: [ 700/1978]  eta: 0:00:55    time: 0.0445  data: 0.0000  max mem: 2671
      Evaluation: [ 800/1978]  eta: 0:00:50    time: 0.0415  data: 0.0000  max mem: 2671
      Evaluation: [ 900/1978]  eta: 0:00:46    time: 0.0415  data: 0.0000  max mem: 2671
      Evaluation: [1000/1978]  eta: 0:00:41    time: 0.0418  data: 0.0000  max mem: 2671
      Evaluation: [1100/1978]  eta: 0:00:37    time: 0.0413  data: 0.0000  max mem: 2671
      Evaluation: [1200/1978]  eta: 0:00:33    time: 0.0413  data: 0.0000  max mem: 2671
      Evaluation: [1300/1978]  eta: 0:00:28    time: 0.0417  data: 0.0000  max mem: 2671
      Evaluation: [1400/1978]  eta: 0:00:24    time: 0.0415  data: 0.0000  max mem: 2671
      Evaluation: [1500/1978]  eta: 0:00:20    time: 0.0418  data: 0.0000  max mem: 2671
      Evaluation: [1600/1978]  eta: 0:00:15    time: 0.0417  data: 0.0000  max mem: 2671
      Evaluation: [1700/1978]  eta: 0:00:11    time: 0.0421  data: 0.0000  max mem: 2671
      Evaluation: [1800/1978]  eta: 0:00:07    time: 0.0415  data: 0.0000  max mem: 2671
      Evaluation: [1900/1978]  eta: 0:00:03    time: 0.0436  data: 0.0000  max mem: 2671
      Evaluation: [1977/1978]  eta: 0:00:00    time: 0.0413  data: 0.0000  max mem: 2671
      Evaluation: Total time: 0:01:23 (0.0423 s / it)
     Computing matching score time 0:01:23
### TTA ITM Score: 
+-------+--------+--------+--------+--------+--------+
| epoch |   R1   |   R5   |  R10   |  mAP   |  mINP  |
+-------+--------+--------+--------+--------+--------+
|  -999 | 69.414 | 95.197 | 97.776 | 81.233 | 81.233 |
|  -999 | 84.277 | 99.039 | 99.596 | 91.276 | 91.276 |
|   0   | 84.580 | 98.635 | 99.292 | 91.286 | 91.286 |
|   1   | 84.580 | 98.837 | 99.393 | 91.309 | 91.309 |
|   2   | 84.530 | 98.686 | 99.494 | 91.293 | 91.293 |
|   3   | 84.732 | 98.787 | 99.393 | 91.384 | 91.384 |
|   4   | 84.833 | 98.837 | 99.494 | 91.433 | 91.433 |
|   5   | 84.985 | 98.686 | 99.494 | 91.516 | 91.516 |
|   6   | 84.985 | 98.736 | 99.494 | 91.535 | 91.535 |
|   7   | 84.884 | 98.787 | 99.494 | 91.488 | 91.488 |
|   8   | 84.985 | 98.736 | 99.494 | 91.527 | 91.527 |
|   9   | 85.086 | 98.736 | 99.494 | 91.571 | 91.571 |
|   10  | 84.985 | 98.686 | 99.494 | 91.512 | 91.512 |
|   11  | 84.934 | 98.686 | 99.494 | 91.485 | 91.485 |
|   12  | 84.985 | 98.686 | 99.494 | 91.517 | 91.517 |
|   13  | 84.985 | 98.686 | 99.494 | 91.510 | 91.510 |
|   14  | 84.985 | 98.686 | 99.494 | 91.526 | 91.526 |
|   15  | 84.934 | 98.736 | 99.494 | 91.512 | 91.512 |
|   16  | 84.985 | 98.736 | 99.494 | 91.536 | 91.536 |
|   17  | 84.985 | 98.736 | 99.494 | 91.537 | 91.537 |
|   18  | 84.934 | 98.736 | 99.494 | 91.521 | 91.521 |
|   19  | 84.985 | 98.736 | 99.494 | 91.544 | 91.544 |
+-------+--------+--------+--------+--------+--------+
     logs:  {'epo': 19, 'R1': np.float32(84.985), 'R5': np.float32(98.736), 'R10': np.float32(99.494), 'mAP': np.float32(91.544), 'mINP': np.float32(91.544), 'lr': 3.6e-05, 'entropy': 0.063395, 'loss': 1.961903}
      TTA Epoch: [20] [  0/123]  eta: 0:00:51  lr: 0.000035  entropy: 0.0692  loss: 1.9609  time: 0.4223  data: 0.3644  max mem: 2671
      TTA Epoch: [20] [100/123]  eta: 0:00:00  lr: 0.000032  entropy: 0.0331  loss: 1.9357  time: 0.0421  data: 0.0041  max mem: 2671
      TTA Epoch: [20] [122/123]  eta: 0:00:00  lr: 0.000031  entropy: 0.0021  loss: 1.9180  time: 0.0385  data: 0.0029  max mem: 2671
      TTA Epoch: [20] Total time: 0:00:05 (0.0410 s / it)
     Averaged stats: lr: 0.0000  entropy: 0.0646  loss: 1.9545
     Computing matching score
      Evaluation: [   0/1978]  eta: 0:01:37    time: 0.0495  data: 0.0035  max mem: 2671
      Evaluation: [ 100/1978]  eta: 0:01:24    time: 0.0440  data: 0.0000  max mem: 2671
      Evaluation: [ 200/1978]  eta: 0:01:18    time: 0.0412  data: 0.0000  max mem: 2671
      Evaluation: [ 300/1978]  eta: 0:01:12    time: 0.0417  data: 0.0000  max mem: 2671
      Evaluation: [ 400/1978]  eta: 0:01:07    time: 0.0415  data: 0.0000  max mem: 2671
      Evaluation: [ 500/1978]  eta: 0:01:03    time: 0.0422  data: 0.0000  max mem: 2671
      Evaluation: [ 600/1978]  eta: 0:00:58    time: 0.0426  data: 0.0000  max mem: 2671
      Evaluation: [ 700/1978]  eta: 0:00:54    time: 0.0423  data: 0.0000  max mem: 2671
      Evaluation: [ 800/1978]  eta: 0:00:50    time: 0.0424  data: 0.0000  max mem: 2671
      Evaluation: [ 900/1978]  eta: 0:00:45    time: 0.0421  data: 0.0000  max mem: 2671
      Evaluation: [1000/1978]  eta: 0:00:41    time: 0.0424  data: 0.0000  max mem: 2671
      Evaluation: [1100/1978]  eta: 0:00:37    time: 0.0426  data: 0.0000  max mem: 2671
      Evaluation: [1200/1978]  eta: 0:00:33    time: 0.0430  data: 0.0000  max mem: 2671
      Evaluation: [1300/1978]  eta: 0:00:28    time: 0.0455  data: 0.0000  max mem: 2671
      Evaluation: [1400/1978]  eta: 0:00:24    time: 0.0426  data: 0.0000  max mem: 2671
      Evaluation: [1500/1978]  eta: 0:00:20    time: 0.0540  data: 0.0000  max mem: 2671
      Evaluation: [1600/1978]  eta: 0:00:16    time: 0.0446  data: 0.0000  max mem: 2671
      Evaluation: [1700/1978]  eta: 0:00:12    time: 0.0456  data: 0.0000  max mem: 2671
      Evaluation: [1800/1978]  eta: 0:00:07    time: 0.0431  data: 0.0000  max mem: 2671
      Evaluation: [1900/1978]  eta: 0:00:03    time: 0.0431  data: 0.0000  max mem: 2671
      Evaluation: [1977/1978]  eta: 0:00:00    time: 0.0430  data: 0.0000  max mem: 2671
      Evaluation: Total time: 0:01:25 (0.0434 s / it)
     Computing matching score time 0:01:26
### TTA ITM Score: 
+-------+--------+--------+--------+--------+--------+
| epoch |   R1   |   R5   |  R10   |  mAP   |  mINP  |
+-------+--------+--------+--------+--------+--------+
|  -999 | 69.414 | 95.197 | 97.776 | 81.233 | 81.233 |
|  -999 | 84.277 | 99.039 | 99.596 | 91.276 | 91.276 |
|   0   | 84.580 | 98.635 | 99.292 | 91.286 | 91.286 |
|   1   | 84.580 | 98.837 | 99.393 | 91.309 | 91.309 |
|   2   | 84.530 | 98.686 | 99.494 | 91.293 | 91.293 |
|   3   | 84.732 | 98.787 | 99.393 | 91.384 | 91.384 |
|   4   | 84.833 | 98.837 | 99.494 | 91.433 | 91.433 |
|   5   | 84.985 | 98.686 | 99.494 | 91.516 | 91.516 |
|   6   | 84.985 | 98.736 | 99.494 | 91.535 | 91.535 |
|   7   | 84.884 | 98.787 | 99.494 | 91.488 | 91.488 |
|   8   | 84.985 | 98.736 | 99.494 | 91.527 | 91.527 |
|   9   | 85.086 | 98.736 | 99.494 | 91.571 | 91.571 |
|   10  | 84.985 | 98.686 | 99.494 | 91.512 | 91.512 |
|   11  | 84.934 | 98.686 | 99.494 | 91.485 | 91.485 |
|   12  | 84.985 | 98.686 | 99.494 | 91.517 | 91.517 |
|   13  | 84.985 | 98.686 | 99.494 | 91.510 | 91.510 |
|   14  | 84.985 | 98.686 | 99.494 | 91.526 | 91.526 |
|   15  | 84.934 | 98.736 | 99.494 | 91.512 | 91.512 |
|   16  | 84.985 | 98.736 | 99.494 | 91.536 | 91.536 |
|   17  | 84.985 | 98.736 | 99.494 | 91.537 | 91.537 |
|   18  | 84.934 | 98.736 | 99.494 | 91.521 | 91.521 |
|   19  | 84.985 | 98.736 | 99.494 | 91.544 | 91.544 |
|   20  | 84.833 | 98.736 | 99.494 | 91.470 | 91.470 |
+-------+--------+--------+--------+--------+--------+
     logs:  {'epo': 20, 'R1': np.float32(84.833), 'R5': np.float32(98.736), 'R10': np.float32(99.494), 'mAP': np.float32(91.47), 'mINP': np.float32(91.47), 'lr': 3.3e-05, 'entropy': 0.064578, 'loss': 1.954455}
      TTA Epoch: [21] [  0/123]  eta: 0:00:52  lr: 0.000031  entropy: 0.0662  loss: 1.9514  time: 0.4233  data: 0.3665  max mem: 2671
      TTA Epoch: [21] [100/123]  eta: 0:00:00  lr: 0.000029  entropy: 0.1571  loss: 1.9937  time: 0.0338  data: 0.0001  max mem: 2671
      TTA Epoch: [21] [122/123]  eta: 0:00:00  lr: 0.000028  entropy: 0.0228  loss: 1.9223  time: 0.0320  data: 0.0001  max mem: 2671
      TTA Epoch: [21] Total time: 0:00:04 (0.0373 s / it)
     Averaged stats: lr: 0.0000  entropy: 0.0657  loss: 1.9478
     Computing matching score
      Evaluation: [   0/1978]  eta: 0:01:34    time: 0.0475  data: 0.0024  max mem: 2671
      Evaluation: [ 100/1978]  eta: 0:01:19    time: 0.0409  data: 0.0000  max mem: 2671
      Evaluation: [ 200/1978]  eta: 0:01:13    time: 0.0405  data: 0.0000  max mem: 2671
      Evaluation: [ 300/1978]  eta: 0:01:09    time: 0.0404  data: 0.0000  max mem: 2671
      Evaluation: [ 400/1978]  eta: 0:01:04    time: 0.0404  data: 0.0000  max mem: 2671
      Evaluation: [ 500/1978]  eta: 0:01:00    time: 0.0410  data: 0.0000  max mem: 2671
      Evaluation: [ 600/1978]  eta: 0:00:56    time: 0.0410  data: 0.0000  max mem: 2671
      Evaluation: [ 700/1978]  eta: 0:00:52    time: 0.0412  data: 0.0000  max mem: 2671
      Evaluation: [ 800/1978]  eta: 0:00:48    time: 0.0425  data: 0.0000  max mem: 2671
      Evaluation: [ 900/1978]  eta: 0:00:44    time: 0.0425  data: 0.0000  max mem: 2671
      Evaluation: [1000/1978]  eta: 0:00:40    time: 0.0450  data: 0.0000  max mem: 2671
      Evaluation: [1100/1978]  eta: 0:00:36    time: 0.0438  data: 0.0000  max mem: 2671
      Evaluation: [1200/1978]  eta: 0:00:32    time: 0.0409  data: 0.0000  max mem: 2671
      Evaluation: [1300/1978]  eta: 0:00:28    time: 0.0409  data: 0.0000  max mem: 2671
      Evaluation: [1400/1978]  eta: 0:00:24    time: 0.0405  data: 0.0000  max mem: 2671
      Evaluation: [1500/1978]  eta: 0:00:19    time: 0.0406  data: 0.0000  max mem: 2671
      Evaluation: [1600/1978]  eta: 0:00:15    time: 0.0401  data: 0.0000  max mem: 2671
      Evaluation: [1700/1978]  eta: 0:00:11    time: 0.0398  data: 0.0000  max mem: 2671
      Evaluation: [1800/1978]  eta: 0:00:07    time: 0.0399  data: 0.0000  max mem: 2671
      Evaluation: [1900/1978]  eta: 0:00:03    time: 0.0405  data: 0.0000  max mem: 2671
      Evaluation: [1977/1978]  eta: 0:00:00    time: 0.0408  data: 0.0000  max mem: 2671
      Evaluation: Total time: 0:01:21 (0.0413 s / it)
     Computing matching score time 0:01:21
### TTA ITM Score: 
+-------+--------+--------+--------+--------+--------+
| epoch |   R1   |   R5   |  R10   |  mAP   |  mINP  |
+-------+--------+--------+--------+--------+--------+
|  -999 | 69.414 | 95.197 | 97.776 | 81.233 | 81.233 |
|  -999 | 84.277 | 99.039 | 99.596 | 91.276 | 91.276 |
|   0   | 84.580 | 98.635 | 99.292 | 91.286 | 91.286 |
|   1   | 84.580 | 98.837 | 99.393 | 91.309 | 91.309 |
|   2   | 84.530 | 98.686 | 99.494 | 91.293 | 91.293 |
|   3   | 84.732 | 98.787 | 99.393 | 91.384 | 91.384 |
|   4   | 84.833 | 98.837 | 99.494 | 91.433 | 91.433 |
|   5   | 84.985 | 98.686 | 99.494 | 91.516 | 91.516 |
|   6   | 84.985 | 98.736 | 99.494 | 91.535 | 91.535 |
|   7   | 84.884 | 98.787 | 99.494 | 91.488 | 91.488 |
|   8   | 84.985 | 98.736 | 99.494 | 91.527 | 91.527 |
|   9   | 85.086 | 98.736 | 99.494 | 91.571 | 91.571 |
|   10  | 84.985 | 98.686 | 99.494 | 91.512 | 91.512 |
|   11  | 84.934 | 98.686 | 99.494 | 91.485 | 91.485 |
|   12  | 84.985 | 98.686 | 99.494 | 91.517 | 91.517 |
|   13  | 84.985 | 98.686 | 99.494 | 91.510 | 91.510 |
|   14  | 84.985 | 98.686 | 99.494 | 91.526 | 91.526 |
|   15  | 84.934 | 98.736 | 99.494 | 91.512 | 91.512 |
|   16  | 84.985 | 98.736 | 99.494 | 91.536 | 91.536 |
|   17  | 84.985 | 98.736 | 99.494 | 91.537 | 91.537 |
|   18  | 84.934 | 98.736 | 99.494 | 91.521 | 91.521 |
|   19  | 84.985 | 98.736 | 99.494 | 91.544 | 91.544 |
|   20  | 84.833 | 98.736 | 99.494 | 91.470 | 91.470 |
|   21  | 84.884 | 98.736 | 99.494 | 91.498 | 91.498 |
+-------+--------+--------+--------+--------+--------+
     logs:  {'epo': 21, 'R1': np.float32(84.884), 'R5': np.float32(98.736), 'R10': np.float32(99.494), 'mAP': np.float32(91.498), 'mINP': np.float32(91.498), 'lr': 3e-05, 'entropy': 0.06571, 'loss': 1.947809}
      TTA Epoch: [22] [  0/123]  eta: 0:00:51  lr: 0.000028  entropy: 0.1004  loss: 1.9622  time: 0.4172  data: 0.3607  max mem: 2671
      TTA Epoch: [22] [100/123]  eta: 0:00:00  lr: 0.000025  entropy: 0.0024  loss: 1.9063  time: 0.0382  data: 0.0032  max mem: 2671
      TTA Epoch: [22] [122/123]  eta: 0:00:00  lr: 0.000025  entropy: 0.1970  loss: 2.0076  time: 0.0328  data: 0.0001  max mem: 2671
      TTA Epoch: [22] Total time: 0:00:04 (0.0379 s / it)
     Averaged stats: lr: 0.0000  entropy: 0.0639  loss: 1.9404
     Computing matching score
      Evaluation: [   0/1978]  eta: 0:01:29    time: 0.0451  data: 0.0037  max mem: 2671
      Evaluation: [ 100/1978]  eta: 0:01:17    time: 0.0412  data: 0.0000  max mem: 2671
      Evaluation: [ 200/1978]  eta: 0:01:13    time: 0.0405  data: 0.0000  max mem: 2671
      Evaluation: [ 300/1978]  eta: 0:01:09    time: 0.0426  data: 0.0000  max mem: 2671
      Evaluation: [ 400/1978]  eta: 0:01:05    time: 0.0415  data: 0.0000  max mem: 2671
      Evaluation: [ 500/1978]  eta: 0:01:01    time: 0.0428  data: 0.0000  max mem: 2671
      Evaluation: [ 600/1978]  eta: 0:00:57    time: 0.0437  data: 0.0000  max mem: 2671
      Evaluation: [ 700/1978]  eta: 0:00:53    time: 0.0399  data: 0.0000  max mem: 2671
      Evaluation: [ 800/1978]  eta: 0:00:49    time: 0.0405  data: 0.0000  max mem: 2671
      Evaluation: [ 900/1978]  eta: 0:00:44    time: 0.0400  data: 0.0000  max mem: 2671
      Evaluation: [1000/1978]  eta: 0:00:40    time: 0.0407  data: 0.0000  max mem: 2671
      Evaluation: [1100/1978]  eta: 0:00:36    time: 0.0404  data: 0.0000  max mem: 2671
      Evaluation: [1200/1978]  eta: 0:00:32    time: 0.0399  data: 0.0000  max mem: 2671
      Evaluation: [1300/1978]  eta: 0:00:27    time: 0.0401  data: 0.0000  max mem: 2671
      Evaluation: [1400/1978]  eta: 0:00:23    time: 0.0410  data: 0.0000  max mem: 2671
      Evaluation: [1500/1978]  eta: 0:00:19    time: 0.0407  data: 0.0000  max mem: 2671
      Evaluation: [1600/1978]  eta: 0:00:15    time: 0.0415  data: 0.0000  max mem: 2671
      Evaluation: [1700/1978]  eta: 0:00:11    time: 0.0412  data: 0.0000  max mem: 2671
      Evaluation: [1800/1978]  eta: 0:00:07    time: 0.0418  data: 0.0000  max mem: 2671
      Evaluation: [1900/1978]  eta: 0:00:03    time: 0.0420  data: 0.0000  max mem: 2671
      Evaluation: [1977/1978]  eta: 0:00:00    time: 0.0483  data: 0.0000  max mem: 2671
      Evaluation: Total time: 0:01:21 (0.0413 s / it)
     Computing matching score time 0:01:21
### TTA ITM Score: 
+-------+--------+--------+--------+--------+--------+
| epoch |   R1   |   R5   |  R10   |  mAP   |  mINP  |
+-------+--------+--------+--------+--------+--------+
|  -999 | 69.414 | 95.197 | 97.776 | 81.233 | 81.233 |
|  -999 | 84.277 | 99.039 | 99.596 | 91.276 | 91.276 |
|   0   | 84.580 | 98.635 | 99.292 | 91.286 | 91.286 |
|   1   | 84.580 | 98.837 | 99.393 | 91.309 | 91.309 |
|   2   | 84.530 | 98.686 | 99.494 | 91.293 | 91.293 |
|   3   | 84.732 | 98.787 | 99.393 | 91.384 | 91.384 |
|   4   | 84.833 | 98.837 | 99.494 | 91.433 | 91.433 |
|   5   | 84.985 | 98.686 | 99.494 | 91.516 | 91.516 |
|   6   | 84.985 | 98.736 | 99.494 | 91.535 | 91.535 |
|   7   | 84.884 | 98.787 | 99.494 | 91.488 | 91.488 |
|   8   | 84.985 | 98.736 | 99.494 | 91.527 | 91.527 |
|   9   | 85.086 | 98.736 | 99.494 | 91.571 | 91.571 |
|   10  | 84.985 | 98.686 | 99.494 | 91.512 | 91.512 |
|   11  | 84.934 | 98.686 | 99.494 | 91.485 | 91.485 |
|   12  | 84.985 | 98.686 | 99.494 | 91.517 | 91.517 |
|   13  | 84.985 | 98.686 | 99.494 | 91.510 | 91.510 |
|   14  | 84.985 | 98.686 | 99.494 | 91.526 | 91.526 |
|   15  | 84.934 | 98.736 | 99.494 | 91.512 | 91.512 |
|   16  | 84.985 | 98.736 | 99.494 | 91.536 | 91.536 |
|   17  | 84.985 | 98.736 | 99.494 | 91.537 | 91.537 |
|   18  | 84.934 | 98.736 | 99.494 | 91.521 | 91.521 |
|   19  | 84.985 | 98.736 | 99.494 | 91.544 | 91.544 |
|   20  | 84.833 | 98.736 | 99.494 | 91.470 | 91.470 |
|   21  | 84.884 | 98.736 | 99.494 | 91.498 | 91.498 |
|   22  | 84.884 | 98.736 | 99.494 | 91.499 | 91.499 |
+-------+--------+--------+--------+--------+--------+
     logs:  {'epo': 22, 'R1': np.float32(84.884), 'R5': np.float32(98.736), 'R10': np.float32(99.494), 'mAP': np.float32(91.499), 'mINP': np.float32(91.499), 'lr': 2.6e-05, 'entropy': 0.063896, 'loss': 1.940429}
      TTA Epoch: [23] [  0/123]  eta: 0:01:18  lr: 0.000025  entropy: 0.1966  loss: 2.0071  time: 0.6396  data: 0.5316  max mem: 2671
      TTA Epoch: [23] [100/123]  eta: 0:00:01  lr: 0.000022  entropy: 0.0751  loss: 1.9391  time: 0.0622  data: 0.0173  max mem: 2671
      TTA Epoch: [23] [122/123]  eta: 0:00:00  lr: 0.000021  entropy: 0.1159  loss: 1.9594  time: 0.0596  data: 0.0149  max mem: 2671
      TTA Epoch: [23] Total time: 0:00:07 (0.0626 s / it)
     Averaged stats: lr: 0.0000  entropy: 0.0640  loss: 1.9348
     Computing matching score
      Evaluation: [   0/1978]  eta: 0:01:59    time: 0.0603  data: 0.0070  max mem: 2671
      Evaluation: [ 100/1978]  eta: 0:01:24    time: 0.0441  data: 0.0000  max mem: 2671
      Evaluation: [ 200/1978]  eta: 0:01:18    time: 0.0423  data: 0.0000  max mem: 2671
      Evaluation: [ 300/1978]  eta: 0:01:13    time: 0.0414  data: 0.0000  max mem: 2671
      Evaluation: [ 400/1978]  eta: 0:01:08    time: 0.0416  data: 0.0000  max mem: 2671
      Evaluation: [ 500/1978]  eta: 0:01:03    time: 0.0415  data: 0.0000  max mem: 2671
      Evaluation: [ 600/1978]  eta: 0:00:58    time: 0.0416  data: 0.0000  max mem: 2671
      Evaluation: [ 700/1978]  eta: 0:00:54    time: 0.0416  data: 0.0000  max mem: 2671
      Evaluation: [ 800/1978]  eta: 0:00:50    time: 0.0433  data: 0.0000  max mem: 2671
      Evaluation: [ 900/1978]  eta: 0:00:45    time: 0.0436  data: 0.0000  max mem: 2671
      Evaluation: [1000/1978]  eta: 0:00:41    time: 0.0443  data: 0.0000  max mem: 2671
      Evaluation: [1100/1978]  eta: 0:00:37    time: 0.0440  data: 0.0000  max mem: 2671
      Evaluation: [1200/1978]  eta: 0:00:33    time: 0.0424  data: 0.0000  max mem: 2671
      Evaluation: [1300/1978]  eta: 0:00:29    time: 0.0455  data: 0.0000  max mem: 2671
      Evaluation: [1400/1978]  eta: 0:00:24    time: 0.0442  data: 0.0000  max mem: 2671
      Evaluation: [1500/1978]  eta: 0:00:20    time: 0.0419  data: 0.0000  max mem: 2671
      Evaluation: [1600/1978]  eta: 0:00:16    time: 0.0419  data: 0.0000  max mem: 2671
      Evaluation: [1700/1978]  eta: 0:00:11    time: 0.0417  data: 0.0000  max mem: 2671
      Evaluation: [1800/1978]  eta: 0:00:07    time: 0.0415  data: 0.0000  max mem: 2671
      Evaluation: [1900/1978]  eta: 0:00:03    time: 0.0425  data: 0.0000  max mem: 2671
      Evaluation: [1977/1978]  eta: 0:00:00    time: 0.0422  data: 0.0000  max mem: 2671
      Evaluation: Total time: 0:01:24 (0.0429 s / it)
     Computing matching score time 0:01:25
### TTA ITM Score: 
+-------+--------+--------+--------+--------+--------+
| epoch |   R1   |   R5   |  R10   |  mAP   |  mINP  |
+-------+--------+--------+--------+--------+--------+
|  -999 | 69.414 | 95.197 | 97.776 | 81.233 | 81.233 |
|  -999 | 84.277 | 99.039 | 99.596 | 91.276 | 91.276 |
|   0   | 84.580 | 98.635 | 99.292 | 91.286 | 91.286 |
|   1   | 84.580 | 98.837 | 99.393 | 91.309 | 91.309 |
|   2   | 84.530 | 98.686 | 99.494 | 91.293 | 91.293 |
|   3   | 84.732 | 98.787 | 99.393 | 91.384 | 91.384 |
|   4   | 84.833 | 98.837 | 99.494 | 91.433 | 91.433 |
|   5   | 84.985 | 98.686 | 99.494 | 91.516 | 91.516 |
|   6   | 84.985 | 98.736 | 99.494 | 91.535 | 91.535 |
|   7   | 84.884 | 98.787 | 99.494 | 91.488 | 91.488 |
|   8   | 84.985 | 98.736 | 99.494 | 91.527 | 91.527 |
|   9   | 85.086 | 98.736 | 99.494 | 91.571 | 91.571 |
|   10  | 84.985 | 98.686 | 99.494 | 91.512 | 91.512 |
|   11  | 84.934 | 98.686 | 99.494 | 91.485 | 91.485 |
|   12  | 84.985 | 98.686 | 99.494 | 91.517 | 91.517 |
|   13  | 84.985 | 98.686 | 99.494 | 91.510 | 91.510 |
|   14  | 84.985 | 98.686 | 99.494 | 91.526 | 91.526 |
|   15  | 84.934 | 98.736 | 99.494 | 91.512 | 91.512 |
|   16  | 84.985 | 98.736 | 99.494 | 91.536 | 91.536 |
|   17  | 84.985 | 98.736 | 99.494 | 91.537 | 91.537 |
|   18  | 84.934 | 98.736 | 99.494 | 91.521 | 91.521 |
|   19  | 84.985 | 98.736 | 99.494 | 91.544 | 91.544 |
|   20  | 84.833 | 98.736 | 99.494 | 91.470 | 91.470 |
|   21  | 84.884 | 98.736 | 99.494 | 91.498 | 91.498 |
|   22  | 84.884 | 98.736 | 99.494 | 91.499 | 91.499 |
|   23  | 84.884 | 98.736 | 99.494 | 91.489 | 91.489 |
+-------+--------+--------+--------+--------+--------+
     logs:  {'epo': 23, 'R1': np.float32(84.884), 'R5': np.float32(98.736), 'R10': np.float32(99.494), 'mAP': np.float32(91.489), 'mINP': np.float32(91.489), 'lr': 2.3e-05, 'entropy': 0.06395, 'loss': 1.934813}
      TTA Epoch: [24] [  0/123]  eta: 0:00:51  lr: 0.000021  entropy: 0.0482  loss: 1.9237  time: 0.4192  data: 0.3620  max mem: 2671
      TTA Epoch: [24] [100/123]  eta: 0:00:00  lr: 0.000018  entropy: 0.0264  loss: 1.9086  time: 0.0375  data: 0.0002  max mem: 2671
      TTA Epoch: [24] [122/123]  eta: 0:00:00  lr: 0.000018  entropy: 0.0585  loss: 1.9252  time: 0.0336  data: 0.0001  max mem: 2671
      TTA Epoch: [24] Total time: 0:00:04 (0.0379 s / it)
     Averaged stats: lr: 0.0000  entropy: 0.0556  loss: 1.9256
     Computing matching score
      Evaluation: [   0/1978]  eta: 0:01:41    time: 0.0513  data: 0.0056  max mem: 2671
      Evaluation: [ 100/1978]  eta: 0:01:17    time: 0.0409  data: 0.0000  max mem: 2671
      Evaluation: [ 200/1978]  eta: 0:01:13    time: 0.0419  data: 0.0000  max mem: 2671
      Evaluation: [ 300/1978]  eta: 0:01:09    time: 0.0408  data: 0.0000  max mem: 2671
      Evaluation: [ 400/1978]  eta: 0:01:05    time: 0.0416  data: 0.0000  max mem: 2671
      Evaluation: [ 500/1978]  eta: 0:01:01    time: 0.0429  data: 0.0000  max mem: 2671
      Evaluation: [ 600/1978]  eta: 0:00:57    time: 0.0411  data: 0.0000  max mem: 2671
      Evaluation: [ 700/1978]  eta: 0:00:53    time: 0.0467  data: 0.0000  max mem: 2671
      Evaluation: [ 800/1978]  eta: 0:00:49    time: 0.0410  data: 0.0000  max mem: 2671
      Evaluation: [ 900/1978]  eta: 0:00:45    time: 0.0402  data: 0.0000  max mem: 2671
      Evaluation: [1000/1978]  eta: 0:00:41    time: 0.0410  data: 0.0000  max mem: 2671
      Evaluation: [1100/1978]  eta: 0:00:36    time: 0.0412  data: 0.0000  max mem: 2671
      Evaluation: [1200/1978]  eta: 0:00:32    time: 0.0403  data: 0.0000  max mem: 2671
      Evaluation: [1300/1978]  eta: 0:00:28    time: 0.0404  data: 0.0000  max mem: 2671
      Evaluation: [1400/1978]  eta: 0:00:24    time: 0.0405  data: 0.0000  max mem: 2671
      Evaluation: [1500/1978]  eta: 0:00:19    time: 0.0409  data: 0.0000  max mem: 2671
      Evaluation: [1600/1978]  eta: 0:00:15    time: 0.0414  data: 0.0000  max mem: 2671
      Evaluation: [1700/1978]  eta: 0:00:11    time: 0.0413  data: 0.0000  max mem: 2671
      Evaluation: [1800/1978]  eta: 0:00:07    time: 0.0417  data: 0.0000  max mem: 2671
      Evaluation: [1900/1978]  eta: 0:00:03    time: 0.0431  data: 0.0000  max mem: 2671
      Evaluation: [1977/1978]  eta: 0:00:00    time: 0.0411  data: 0.0000  max mem: 2671
      Evaluation: Total time: 0:01:22 (0.0416 s / it)
     Computing matching score time 0:01:22
### TTA ITM Score: 
+-------+--------+--------+--------+--------+--------+
| epoch |   R1   |   R5   |  R10   |  mAP   |  mINP  |
+-------+--------+--------+--------+--------+--------+
|  -999 | 69.414 | 95.197 | 97.776 | 81.233 | 81.233 |
|  -999 | 84.277 | 99.039 | 99.596 | 91.276 | 91.276 |
|   0   | 84.580 | 98.635 | 99.292 | 91.286 | 91.286 |
|   1   | 84.580 | 98.837 | 99.393 | 91.309 | 91.309 |
|   2   | 84.530 | 98.686 | 99.494 | 91.293 | 91.293 |
|   3   | 84.732 | 98.787 | 99.393 | 91.384 | 91.384 |
|   4   | 84.833 | 98.837 | 99.494 | 91.433 | 91.433 |
|   5   | 84.985 | 98.686 | 99.494 | 91.516 | 91.516 |
|   6   | 84.985 | 98.736 | 99.494 | 91.535 | 91.535 |
|   7   | 84.884 | 98.787 | 99.494 | 91.488 | 91.488 |
|   8   | 84.985 | 98.736 | 99.494 | 91.527 | 91.527 |
|   9   | 85.086 | 98.736 | 99.494 | 91.571 | 91.571 |
|   10  | 84.985 | 98.686 | 99.494 | 91.512 | 91.512 |
|   11  | 84.934 | 98.686 | 99.494 | 91.485 | 91.485 |
|   12  | 84.985 | 98.686 | 99.494 | 91.517 | 91.517 |
|   13  | 84.985 | 98.686 | 99.494 | 91.510 | 91.510 |
|   14  | 84.985 | 98.686 | 99.494 | 91.526 | 91.526 |
|   15  | 84.934 | 98.736 | 99.494 | 91.512 | 91.512 |
|   16  | 84.985 | 98.736 | 99.494 | 91.536 | 91.536 |
|   17  | 84.985 | 98.736 | 99.494 | 91.537 | 91.537 |
|   18  | 84.934 | 98.736 | 99.494 | 91.521 | 91.521 |
|   19  | 84.985 | 98.736 | 99.494 | 91.544 | 91.544 |
|   20  | 84.833 | 98.736 | 99.494 | 91.470 | 91.470 |
|   21  | 84.884 | 98.736 | 99.494 | 91.498 | 91.498 |
|   22  | 84.884 | 98.736 | 99.494 | 91.499 | 91.499 |
|   23  | 84.884 | 98.736 | 99.494 | 91.489 | 91.489 |
|   24  | 84.934 | 98.736 | 99.494 | 91.506 | 91.506 |
+-------+--------+--------+--------+--------+--------+
     logs:  {'epo': 24, 'R1': np.float32(84.934), 'R5': np.float32(98.736), 'R10': np.float32(99.494), 'mAP': np.float32(91.506), 'mINP': np.float32(91.506), 'lr': 2e-05, 'entropy': 0.055647, 'loss': 1.925579}
      TTA Epoch: [25] [  0/123]  eta: 0:00:51  lr: 0.000018  entropy: 0.0132  loss: 1.9007  time: 0.4152  data: 0.3599  max mem: 2671
      TTA Epoch: [25] [100/123]  eta: 0:00:01  lr: 0.000015  entropy: 0.0858  loss: 1.9358  time: 0.0985  data: 0.0449  max mem: 2671
      TTA Epoch: [25] [122/123]  eta: 0:00:00  lr: 0.000014  entropy: 0.0192  loss: 1.9008  time: 0.0724  data: 0.0257  max mem: 2671
      TTA Epoch: [25] Total time: 0:00:07 (0.0595 s / it)
     Averaged stats: lr: 0.0000  entropy: 0.0629  loss: 1.9254
     Computing matching score
      Evaluation: [   0/1978]  eta: 0:01:43    time: 0.0523  data: 0.0039  max mem: 2671
      Evaluation: [ 100/1978]  eta: 0:01:21    time: 0.0414  data: 0.0000  max mem: 2671
      Evaluation: [ 200/1978]  eta: 0:01:15    time: 0.0412  data: 0.0000  max mem: 2671
      Evaluation: [ 300/1978]  eta: 0:01:10    time: 0.0414  data: 0.0000  max mem: 2671
      Evaluation: [ 400/1978]  eta: 0:01:05    time: 0.0411  data: 0.0000  max mem: 2671
      Evaluation: [ 500/1978]  eta: 0:01:01    time: 0.0423  data: 0.0000  max mem: 2671
      Evaluation: [ 600/1978]  eta: 0:00:57    time: 0.0422  data: 0.0000  max mem: 2671
      Evaluation: [ 700/1978]  eta: 0:00:53    time: 0.0417  data: 0.0000  max mem: 2671
      Evaluation: [ 800/1978]  eta: 0:00:49    time: 0.0414  data: 0.0000  max mem: 2671
      Evaluation: [ 900/1978]  eta: 0:00:45    time: 0.0423  data: 0.0000  max mem: 2671
      Evaluation: [1000/1978]  eta: 0:00:41    time: 0.0437  data: 0.0000  max mem: 2671
      Evaluation: [1100/1978]  eta: 0:00:37    time: 0.0444  data: 0.0000  max mem: 2671
      Evaluation: [1200/1978]  eta: 0:00:33    time: 0.0430  data: 0.0000  max mem: 2671
      Evaluation: [1300/1978]  eta: 0:00:28    time: 0.0509  data: 0.0000  max mem: 2671
      Evaluation: [1400/1978]  eta: 0:00:24    time: 0.0441  data: 0.0000  max mem: 2671
      Evaluation: [1500/1978]  eta: 0:00:20    time: 0.0413  data: 0.0000  max mem: 2671
      Evaluation: [1600/1978]  eta: 0:00:16    time: 0.0410  data: 0.0000  max mem: 2671
      Evaluation: [1700/1978]  eta: 0:00:11    time: 0.0417  data: 0.0000  max mem: 2671
      Evaluation: [1800/1978]  eta: 0:00:07    time: 0.0411  data: 0.0000  max mem: 2671
      Evaluation: [1900/1978]  eta: 0:00:03    time: 0.0411  data: 0.0000  max mem: 2671
      Evaluation: [1977/1978]  eta: 0:00:00    time: 0.0412  data: 0.0000  max mem: 2671
      Evaluation: Total time: 0:01:24 (0.0425 s / it)
     Computing matching score time 0:01:24
### TTA ITM Score: 
+-------+--------+--------+--------+--------+--------+
| epoch |   R1   |   R5   |  R10   |  mAP   |  mINP  |
+-------+--------+--------+--------+--------+--------+
|  -999 | 69.414 | 95.197 | 97.776 | 81.233 | 81.233 |
|  -999 | 84.277 | 99.039 | 99.596 | 91.276 | 91.276 |
|   0   | 84.580 | 98.635 | 99.292 | 91.286 | 91.286 |
|   1   | 84.580 | 98.837 | 99.393 | 91.309 | 91.309 |
|   2   | 84.530 | 98.686 | 99.494 | 91.293 | 91.293 |
|   3   | 84.732 | 98.787 | 99.393 | 91.384 | 91.384 |
|   4   | 84.833 | 98.837 | 99.494 | 91.433 | 91.433 |
|   5   | 84.985 | 98.686 | 99.494 | 91.516 | 91.516 |
|   6   | 84.985 | 98.736 | 99.494 | 91.535 | 91.535 |
|   7   | 84.884 | 98.787 | 99.494 | 91.488 | 91.488 |
|   8   | 84.985 | 98.736 | 99.494 | 91.527 | 91.527 |
|   9   | 85.086 | 98.736 | 99.494 | 91.571 | 91.571 |
|   10  | 84.985 | 98.686 | 99.494 | 91.512 | 91.512 |
|   11  | 84.934 | 98.686 | 99.494 | 91.485 | 91.485 |
|   12  | 84.985 | 98.686 | 99.494 | 91.517 | 91.517 |
|   13  | 84.985 | 98.686 | 99.494 | 91.510 | 91.510 |
|   14  | 84.985 | 98.686 | 99.494 | 91.526 | 91.526 |
|   15  | 84.934 | 98.736 | 99.494 | 91.512 | 91.512 |
|   16  | 84.985 | 98.736 | 99.494 | 91.536 | 91.536 |
|   17  | 84.985 | 98.736 | 99.494 | 91.537 | 91.537 |
|   18  | 84.934 | 98.736 | 99.494 | 91.521 | 91.521 |
|   19  | 84.985 | 98.736 | 99.494 | 91.544 | 91.544 |
|   20  | 84.833 | 98.736 | 99.494 | 91.470 | 91.470 |
|   21  | 84.884 | 98.736 | 99.494 | 91.498 | 91.498 |
|   22  | 84.884 | 98.736 | 99.494 | 91.499 | 91.499 |
|   23  | 84.884 | 98.736 | 99.494 | 91.489 | 91.489 |
|   24  | 84.934 | 98.736 | 99.494 | 91.506 | 91.506 |
|   25  | 84.985 | 98.736 | 99.494 | 91.535 | 91.535 |
+-------+--------+--------+--------+--------+--------+
     logs:  {'epo': 25, 'R1': np.float32(84.985), 'R5': np.float32(98.736), 'R10': np.float32(99.494), 'mAP': np.float32(91.535), 'mINP': np.float32(91.535), 'lr': 1.6e-05, 'entropy': 0.06293, 'loss': 1.925355}
      TTA Epoch: [26] [  0/123]  eta: 0:01:01  lr: 0.000014  entropy: 0.0875  loss: 1.9365  time: 0.4977  data: 0.4346  max mem: 2671
      TTA Epoch: [26] [100/123]  eta: 0:00:01  lr: 0.000012  entropy: 0.0781  loss: 1.9292  time: 0.0444  data: 0.0084  max mem: 2671
      TTA Epoch: [26] [122/123]  eta: 0:00:00  lr: 0.000011  entropy: 0.1576  loss: 1.9708  time: 0.0400  data: 0.0048  max mem: 2671
      TTA Epoch: [26] Total time: 0:00:05 (0.0453 s / it)
     Averaged stats: lr: 0.0000  entropy: 0.0588  loss: 1.9199
     Computing matching score
      Evaluation: [   0/1978]  eta: 0:01:29    time: 0.0454  data: 0.0035  max mem: 2671
      Evaluation: [ 100/1978]  eta: 0:01:17    time: 0.0413  data: 0.0000  max mem: 2671
      Evaluation: [ 200/1978]  eta: 0:01:13    time: 0.0417  data: 0.0000  max mem: 2671
      Evaluation: [ 300/1978]  eta: 0:01:09    time: 0.0422  data: 0.0000  max mem: 2671
      Evaluation: [ 400/1978]  eta: 0:01:06    time: 0.0420  data: 0.0000  max mem: 2671
      Evaluation: [ 500/1978]  eta: 0:01:02    time: 0.0484  data: 0.0000  max mem: 2671
      Evaluation: [ 600/1978]  eta: 0:00:59    time: 0.0454  data: 0.0000  max mem: 2671
      Evaluation: [ 700/1978]  eta: 0:00:54    time: 0.0415  data: 0.0000  max mem: 2671
      Evaluation: [ 800/1978]  eta: 0:00:50    time: 0.0456  data: 0.0000  max mem: 2671
      Evaluation: [ 900/1978]  eta: 0:00:45    time: 0.0400  data: 0.0000  max mem: 2671
      Evaluation: [1000/1978]  eta: 0:00:41    time: 0.0401  data: 0.0000  max mem: 2671
      Evaluation: [1100/1978]  eta: 0:00:36    time: 0.0401  data: 0.0000  max mem: 2671
      Evaluation: [1200/1978]  eta: 0:00:32    time: 0.0400  data: 0.0000  max mem: 2671
      Evaluation: [1300/1978]  eta: 0:00:28    time: 0.0401  data: 0.0000  max mem: 2671
      Evaluation: [1400/1978]  eta: 0:00:24    time: 0.0412  data: 0.0000  max mem: 2671
      Evaluation: [1500/1978]  eta: 0:00:19    time: 0.0417  data: 0.0000  max mem: 2671
      Evaluation: [1600/1978]  eta: 0:00:15    time: 0.0420  data: 0.0000  max mem: 2671
      Evaluation: [1700/1978]  eta: 0:00:11    time: 0.0458  data: 0.0000  max mem: 2671
      Evaluation: [1800/1978]  eta: 0:00:07    time: 0.0410  data: 0.0000  max mem: 2671
      Evaluation: [1900/1978]  eta: 0:00:03    time: 0.0419  data: 0.0000  max mem: 2671
      Evaluation: [1977/1978]  eta: 0:00:00    time: 0.0461  data: 0.0000  max mem: 2671
      Evaluation: Total time: 0:01:23 (0.0420 s / it)
     Computing matching score time 0:01:23
### TTA ITM Score: 
+-------+--------+--------+--------+--------+--------+
| epoch |   R1   |   R5   |  R10   |  mAP   |  mINP  |
+-------+--------+--------+--------+--------+--------+
|  -999 | 69.414 | 95.197 | 97.776 | 81.233 | 81.233 |
|  -999 | 84.277 | 99.039 | 99.596 | 91.276 | 91.276 |
|   0   | 84.580 | 98.635 | 99.292 | 91.286 | 91.286 |
|   1   | 84.580 | 98.837 | 99.393 | 91.309 | 91.309 |
|   2   | 84.530 | 98.686 | 99.494 | 91.293 | 91.293 |
|   3   | 84.732 | 98.787 | 99.393 | 91.384 | 91.384 |
|   4   | 84.833 | 98.837 | 99.494 | 91.433 | 91.433 |
|   5   | 84.985 | 98.686 | 99.494 | 91.516 | 91.516 |
|   6   | 84.985 | 98.736 | 99.494 | 91.535 | 91.535 |
|   7   | 84.884 | 98.787 | 99.494 | 91.488 | 91.488 |
|   8   | 84.985 | 98.736 | 99.494 | 91.527 | 91.527 |
|   9   | 85.086 | 98.736 | 99.494 | 91.571 | 91.571 |
|   10  | 84.985 | 98.686 | 99.494 | 91.512 | 91.512 |
|   11  | 84.934 | 98.686 | 99.494 | 91.485 | 91.485 |
|   12  | 84.985 | 98.686 | 99.494 | 91.517 | 91.517 |
|   13  | 84.985 | 98.686 | 99.494 | 91.510 | 91.510 |
|   14  | 84.985 | 98.686 | 99.494 | 91.526 | 91.526 |
|   15  | 84.934 | 98.736 | 99.494 | 91.512 | 91.512 |
|   16  | 84.985 | 98.736 | 99.494 | 91.536 | 91.536 |
|   17  | 84.985 | 98.736 | 99.494 | 91.537 | 91.537 |
|   18  | 84.934 | 98.736 | 99.494 | 91.521 | 91.521 |
|   19  | 84.985 | 98.736 | 99.494 | 91.544 | 91.544 |
|   20  | 84.833 | 98.736 | 99.494 | 91.470 | 91.470 |
|   21  | 84.884 | 98.736 | 99.494 | 91.498 | 91.498 |
|   22  | 84.884 | 98.736 | 99.494 | 91.499 | 91.499 |
|   23  | 84.884 | 98.736 | 99.494 | 91.489 | 91.489 |
|   24  | 84.934 | 98.736 | 99.494 | 91.506 | 91.506 |
|   25  | 84.985 | 98.736 | 99.494 | 91.535 | 91.535 |
|   26  | 84.985 | 98.736 | 99.494 | 91.527 | 91.527 |
+-------+--------+--------+--------+--------+--------+
     logs:  {'epo': 26, 'R1': np.float32(84.985), 'R5': np.float32(98.736), 'R10': np.float32(99.494), 'mAP': np.float32(91.527), 'mINP': np.float32(91.527), 'lr': 1.3e-05, 'entropy': 0.058807, 'loss': 1.919893}
      TTA Epoch: [27] [  0/123]  eta: 0:01:08  lr: 0.000011  entropy: 0.0448  loss: 1.9108  time: 0.5563  data: 0.5047  max mem: 2671
      TTA Epoch: [27] [100/123]  eta: 0:00:01  lr: 0.000008  entropy: 0.0976  loss: 1.9372  time: 0.0438  data: 0.0032  max mem: 2671
      TTA Epoch: [27] [122/123]  eta: 0:00:00  lr: 0.000008  entropy: 0.0610  loss: 1.9174  time: 0.0383  data: 0.0002  max mem: 2671
      TTA Epoch: [27] Total time: 0:00:06 (0.0522 s / it)
     Averaged stats: lr: 0.0000  entropy: 0.0623  loss: 1.9192
     Computing matching score
      Evaluation: [   0/1978]  eta: 0:02:11    time: 0.0664  data: 0.0037  max mem: 2671
      Evaluation: [ 100/1978]  eta: 0:01:22    time: 0.0412  data: 0.0000  max mem: 2671
      Evaluation: [ 200/1978]  eta: 0:01:15    time: 0.0414  data: 0.0000  max mem: 2671
      Evaluation: [ 300/1978]  eta: 0:01:10    time: 0.0416  data: 0.0000  max mem: 2671
      Evaluation: [ 400/1978]  eta: 0:01:06    time: 0.0412  data: 0.0000  max mem: 2671
      Evaluation: [ 500/1978]  eta: 0:01:01    time: 0.0414  data: 0.0000  max mem: 2671
      Evaluation: [ 600/1978]  eta: 0:00:57    time: 0.0417  data: 0.0000  max mem: 2671
      Evaluation: [ 700/1978]  eta: 0:00:53    time: 0.0411  data: 0.0000  max mem: 2671
      Evaluation: [ 800/1978]  eta: 0:00:49    time: 0.0416  data: 0.0000  max mem: 2671
      Evaluation: [ 900/1978]  eta: 0:00:44    time: 0.0415  data: 0.0000  max mem: 2671
      Evaluation: [1000/1978]  eta: 0:00:40    time: 0.0428  data: 0.0000  max mem: 2671
      Evaluation: [1100/1978]  eta: 0:00:36    time: 0.0446  data: 0.0000  max mem: 2671
      Evaluation: [1200/1978]  eta: 0:00:32    time: 0.0427  data: 0.0000  max mem: 2671
      Evaluation: [1300/1978]  eta: 0:00:28    time: 0.0429  data: 0.0000  max mem: 2671
      Evaluation: [1400/1978]  eta: 0:00:24    time: 0.0451  data: 0.0000  max mem: 2671
      Evaluation: [1500/1978]  eta: 0:00:20    time: 0.0479  data: 0.0000  max mem: 2671
      Evaluation: [1600/1978]  eta: 0:00:16    time: 0.0407  data: 0.0000  max mem: 2671
      Evaluation: [1700/1978]  eta: 0:00:11    time: 0.0440  data: 0.0000  max mem: 2671
      Evaluation: [1800/1978]  eta: 0:00:07    time: 0.0419  data: 0.0000  max mem: 2671
      Evaluation: [1900/1978]  eta: 0:00:03    time: 0.0427  data: 0.0000  max mem: 2671
      Evaluation: [1977/1978]  eta: 0:00:00    time: 0.0463  data: 0.0000  max mem: 2671
      Evaluation: Total time: 0:01:24 (0.0426 s / it)
     Computing matching score time 0:01:24
### TTA ITM Score: 
+-------+--------+--------+--------+--------+--------+
| epoch |   R1   |   R5   |  R10   |  mAP   |  mINP  |
+-------+--------+--------+--------+--------+--------+
|  -999 | 69.414 | 95.197 | 97.776 | 81.233 | 81.233 |
|  -999 | 84.277 | 99.039 | 99.596 | 91.276 | 91.276 |
|   0   | 84.580 | 98.635 | 99.292 | 91.286 | 91.286 |
|   1   | 84.580 | 98.837 | 99.393 | 91.309 | 91.309 |
|   2   | 84.530 | 98.686 | 99.494 | 91.293 | 91.293 |
|   3   | 84.732 | 98.787 | 99.393 | 91.384 | 91.384 |
|   4   | 84.833 | 98.837 | 99.494 | 91.433 | 91.433 |
|   5   | 84.985 | 98.686 | 99.494 | 91.516 | 91.516 |
|   6   | 84.985 | 98.736 | 99.494 | 91.535 | 91.535 |
|   7   | 84.884 | 98.787 | 99.494 | 91.488 | 91.488 |
|   8   | 84.985 | 98.736 | 99.494 | 91.527 | 91.527 |
|   9   | 85.086 | 98.736 | 99.494 | 91.571 | 91.571 |
|   10  | 84.985 | 98.686 | 99.494 | 91.512 | 91.512 |
|   11  | 84.934 | 98.686 | 99.494 | 91.485 | 91.485 |
|   12  | 84.985 | 98.686 | 99.494 | 91.517 | 91.517 |
|   13  | 84.985 | 98.686 | 99.494 | 91.510 | 91.510 |
|   14  | 84.985 | 98.686 | 99.494 | 91.526 | 91.526 |
|   15  | 84.934 | 98.736 | 99.494 | 91.512 | 91.512 |
|   16  | 84.985 | 98.736 | 99.494 | 91.536 | 91.536 |
|   17  | 84.985 | 98.736 | 99.494 | 91.537 | 91.537 |
|   18  | 84.934 | 98.736 | 99.494 | 91.521 | 91.521 |
|   19  | 84.985 | 98.736 | 99.494 | 91.544 | 91.544 |
|   20  | 84.833 | 98.736 | 99.494 | 91.470 | 91.470 |
|   21  | 84.884 | 98.736 | 99.494 | 91.498 | 91.498 |
|   22  | 84.884 | 98.736 | 99.494 | 91.499 | 91.499 |
|   23  | 84.884 | 98.736 | 99.494 | 91.489 | 91.489 |
|   24  | 84.934 | 98.736 | 99.494 | 91.506 | 91.506 |
|   25  | 84.985 | 98.736 | 99.494 | 91.535 | 91.535 |
|   26  | 84.985 | 98.736 | 99.494 | 91.527 | 91.527 |
|   27  | 84.985 | 98.736 | 99.494 | 91.536 | 91.536 |
+-------+--------+--------+--------+--------+--------+
     logs:  {'epo': 27, 'R1': np.float32(84.985), 'R5': np.float32(98.736), 'R10': np.float32(99.494), 'mAP': np.float32(91.536), 'mINP': np.float32(91.536), 'lr': 9e-06, 'entropy': 0.062317, 'loss': 1.919248}
      TTA Epoch: [28] [  0/123]  eta: 0:00:50  lr: 0.000008  entropy: 0.0792  loss: 1.9272  time: 0.4128  data: 0.3578  max mem: 2671
      TTA Epoch: [28] [100/123]  eta: 0:00:01  lr: 0.000005  entropy: 0.0975  loss: 1.9358  time: 0.0456  data: 0.0069  max mem: 2671
      TTA Epoch: [28] [122/123]  eta: 0:00:00  lr: 0.000004  entropy: 0.0343  loss: 1.9022  time: 0.0403  data: 0.0041  max mem: 2671
      TTA Epoch: [28] Total time: 0:00:05 (0.0440 s / it)
     Averaged stats: lr: 0.0000  entropy: 0.0636  loss: 1.9182
     Computing matching score
      Evaluation: [   0/1978]  eta: 0:01:28    time: 0.0447  data: 0.0034  max mem: 2671
      Evaluation: [ 100/1978]  eta: 0:01:16    time: 0.0408  data: 0.0000  max mem: 2671
      Evaluation: [ 200/1978]  eta: 0:01:13    time: 0.0413  data: 0.0000  max mem: 2671
      Evaluation: [ 300/1978]  eta: 0:01:09    time: 0.0413  data: 0.0000  max mem: 2671
      Evaluation: [ 400/1978]  eta: 0:01:05    time: 0.0412  data: 0.0000  max mem: 2671
      Evaluation: [ 500/1978]  eta: 0:01:01    time: 0.0411  data: 0.0000  max mem: 2671
      Evaluation: [ 600/1978]  eta: 0:00:57    time: 0.0429  data: 0.0000  max mem: 2671
      Evaluation: [ 700/1978]  eta: 0:00:53    time: 0.0430  data: 0.0000  max mem: 2671
      Evaluation: [ 800/1978]  eta: 0:00:49    time: 0.0408  data: 0.0000  max mem: 2671
      Evaluation: [ 900/1978]  eta: 0:00:45    time: 0.0417  data: 0.0000  max mem: 2671
      Evaluation: [1000/1978]  eta: 0:00:41    time: 0.0410  data: 0.0000  max mem: 2671
      Evaluation: [1100/1978]  eta: 0:00:36    time: 0.0402  data: 0.0000  max mem: 2671
      Evaluation: [1200/1978]  eta: 0:00:32    time: 0.0406  data: 0.0000  max mem: 2671
      Evaluation: [1300/1978]  eta: 0:00:28    time: 0.0400  data: 0.0000  max mem: 2671
      Evaluation: [1400/1978]  eta: 0:00:24    time: 0.0405  data: 0.0000  max mem: 2671
      Evaluation: [1500/1978]  eta: 0:00:19    time: 0.0403  data: 0.0000  max mem: 2671
      Evaluation: [1600/1978]  eta: 0:00:15    time: 0.0415  data: 0.0000  max mem: 2671
      Evaluation: [1700/1978]  eta: 0:00:11    time: 0.0429  data: 0.0000  max mem: 2671
      Evaluation: [1800/1978]  eta: 0:00:07    time: 0.0421  data: 0.0000  max mem: 2671
      Evaluation: [1900/1978]  eta: 0:00:03    time: 0.0422  data: 0.0000  max mem: 2671
      Evaluation: [1977/1978]  eta: 0:00:00    time: 0.0437  data: 0.0000  max mem: 2671
      Evaluation: Total time: 0:01:22 (0.0418 s / it)
     Computing matching score time 0:01:22
### TTA ITM Score: 
+-------+--------+--------+--------+--------+--------+
| epoch |   R1   |   R5   |  R10   |  mAP   |  mINP  |
+-------+--------+--------+--------+--------+--------+
|  -999 | 69.414 | 95.197 | 97.776 | 81.233 | 81.233 |
|  -999 | 84.277 | 99.039 | 99.596 | 91.276 | 91.276 |
|   0   | 84.580 | 98.635 | 99.292 | 91.286 | 91.286 |
|   1   | 84.580 | 98.837 | 99.393 | 91.309 | 91.309 |
|   2   | 84.530 | 98.686 | 99.494 | 91.293 | 91.293 |
|   3   | 84.732 | 98.787 | 99.393 | 91.384 | 91.384 |
|   4   | 84.833 | 98.837 | 99.494 | 91.433 | 91.433 |
|   5   | 84.985 | 98.686 | 99.494 | 91.516 | 91.516 |
|   6   | 84.985 | 98.736 | 99.494 | 91.535 | 91.535 |
|   7   | 84.884 | 98.787 | 99.494 | 91.488 | 91.488 |
|   8   | 84.985 | 98.736 | 99.494 | 91.527 | 91.527 |
|   9   | 85.086 | 98.736 | 99.494 | 91.571 | 91.571 |
|   10  | 84.985 | 98.686 | 99.494 | 91.512 | 91.512 |
|   11  | 84.934 | 98.686 | 99.494 | 91.485 | 91.485 |
|   12  | 84.985 | 98.686 | 99.494 | 91.517 | 91.517 |
|   13  | 84.985 | 98.686 | 99.494 | 91.510 | 91.510 |
|   14  | 84.985 | 98.686 | 99.494 | 91.526 | 91.526 |
|   15  | 84.934 | 98.736 | 99.494 | 91.512 | 91.512 |
|   16  | 84.985 | 98.736 | 99.494 | 91.536 | 91.536 |
|   17  | 84.985 | 98.736 | 99.494 | 91.537 | 91.537 |
|   18  | 84.934 | 98.736 | 99.494 | 91.521 | 91.521 |
|   19  | 84.985 | 98.736 | 99.494 | 91.544 | 91.544 |
|   20  | 84.833 | 98.736 | 99.494 | 91.470 | 91.470 |
|   21  | 84.884 | 98.736 | 99.494 | 91.498 | 91.498 |
|   22  | 84.884 | 98.736 | 99.494 | 91.499 | 91.499 |
|   23  | 84.884 | 98.736 | 99.494 | 91.489 | 91.489 |
|   24  | 84.934 | 98.736 | 99.494 | 91.506 | 91.506 |
|   25  | 84.985 | 98.736 | 99.494 | 91.535 | 91.535 |
|   26  | 84.985 | 98.736 | 99.494 | 91.527 | 91.527 |
|   27  | 84.985 | 98.736 | 99.494 | 91.536 | 91.536 |
|   28  | 85.035 | 98.736 | 99.494 | 91.561 | 91.561 |
+-------+--------+--------+--------+--------+--------+
     logs:  {'epo': 28, 'R1': np.float32(85.035), 'R5': np.float32(98.736), 'R10': np.float32(99.494), 'mAP': np.float32(91.561), 'mINP': np.float32(91.561), 'lr': 6e-06, 'entropy': 0.06355, 'loss': 1.918161}
      TTA Epoch: [29] [  0/123]  eta: 0:00:56  lr: 0.000004  entropy: 0.0509  loss: 1.9108  time: 0.4554  data: 0.3968  max mem: 2671
      TTA Epoch: [29] [100/123]  eta: 0:00:00  lr: 0.000001  entropy: 0.0013  loss: 1.8840  time: 0.0423  data: 0.0019  max mem: 2671
      TTA Epoch: [29] [122/123]  eta: 0:00:00  lr: 0.000001  entropy: 0.1287  loss: 1.9514  time: 0.0382  data: 0.0024  max mem: 2671
      TTA Epoch: [29] Total time: 0:00:05 (0.0416 s / it)
     Averaged stats: lr: 0.0000  entropy: 0.0641  loss: 1.9175
     Computing matching score
      Evaluation: [   0/1978]  eta: 0:02:05    time: 0.0636  data: 0.0028  max mem: 2671
      Evaluation: [ 100/1978]  eta: 0:01:23    time: 0.0442  data: 0.0000  max mem: 2671
      Evaluation: [ 200/1978]  eta: 0:01:19    time: 0.0439  data: 0.0000  max mem: 2671
      Evaluation: [ 300/1978]  eta: 0:01:13    time: 0.0415  data: 0.0000  max mem: 2671
      Evaluation: [ 400/1978]  eta: 0:01:08    time: 0.0410  data: 0.0000  max mem: 2671
      Evaluation: [ 500/1978]  eta: 0:01:03    time: 0.0412  data: 0.0000  max mem: 2671
      Evaluation: [ 600/1978]  eta: 0:00:58    time: 0.0410  data: 0.0000  max mem: 2671
      Evaluation: [ 700/1978]  eta: 0:00:54    time: 0.0413  data: 0.0000  max mem: 2671
      Evaluation: [ 800/1978]  eta: 0:00:49    time: 0.0412  data: 0.0000  max mem: 2671
      Evaluation: [ 900/1978]  eta: 0:00:45    time: 0.0414  data: 0.0000  max mem: 2671
      Evaluation: [1000/1978]  eta: 0:00:41    time: 0.0413  data: 0.0000  max mem: 2671
      Evaluation: [1100/1978]  eta: 0:00:36    time: 0.0415  data: 0.0000  max mem: 2671
      Evaluation: [1200/1978]  eta: 0:00:32    time: 0.0422  data: 0.0000  max mem: 2671
      Evaluation: [1300/1978]  eta: 0:00:28    time: 0.0464  data: 0.0000  max mem: 2671
      Evaluation: [1400/1978]  eta: 0:00:24    time: 0.0419  data: 0.0000  max mem: 2671
      Evaluation: [1500/1978]  eta: 0:00:20    time: 0.0441  data: 0.0000  max mem: 2671
      Evaluation: [1600/1978]  eta: 0:00:16    time: 0.0463  data: 0.0000  max mem: 2671
      Evaluation: [1700/1978]  eta: 0:00:11    time: 0.0460  data: 0.0000  max mem: 2671
      Evaluation: [1800/1978]  eta: 0:00:07    time: 0.0408  data: 0.0000  max mem: 2671
      Evaluation: [1900/1978]  eta: 0:00:03    time: 0.0417  data: 0.0000  max mem: 2671
      Evaluation: [1977/1978]  eta: 0:00:00    time: 0.0451  data: 0.0000  max mem: 2671
      Evaluation: Total time: 0:01:24 (0.0426 s / it)
     Computing matching score time 0:01:24
### TTA ITM Score: 
+-------+--------+--------+--------+--------+--------+
| epoch |   R1   |   R5   |  R10   |  mAP   |  mINP  |
+-------+--------+--------+--------+--------+--------+
|  -999 | 69.414 | 95.197 | 97.776 | 81.233 | 81.233 |
|  -999 | 84.277 | 99.039 | 99.596 | 91.276 | 91.276 |
|   0   | 84.580 | 98.635 | 99.292 | 91.286 | 91.286 |
|   1   | 84.580 | 98.837 | 99.393 | 91.309 | 91.309 |
|   2   | 84.530 | 98.686 | 99.494 | 91.293 | 91.293 |
|   3   | 84.732 | 98.787 | 99.393 | 91.384 | 91.384 |
|   4   | 84.833 | 98.837 | 99.494 | 91.433 | 91.433 |
|   5   | 84.985 | 98.686 | 99.494 | 91.516 | 91.516 |
|   6   | 84.985 | 98.736 | 99.494 | 91.535 | 91.535 |
|   7   | 84.884 | 98.787 | 99.494 | 91.488 | 91.488 |
|   8   | 84.985 | 98.736 | 99.494 | 91.527 | 91.527 |
|   9   | 85.086 | 98.736 | 99.494 | 91.571 | 91.571 |
|   10  | 84.985 | 98.686 | 99.494 | 91.512 | 91.512 |
|   11  | 84.934 | 98.686 | 99.494 | 91.485 | 91.485 |
|   12  | 84.985 | 98.686 | 99.494 | 91.517 | 91.517 |
|   13  | 84.985 | 98.686 | 99.494 | 91.510 | 91.510 |
|   14  | 84.985 | 98.686 | 99.494 | 91.526 | 91.526 |
|   15  | 84.934 | 98.736 | 99.494 | 91.512 | 91.512 |
|   16  | 84.985 | 98.736 | 99.494 | 91.536 | 91.536 |
|   17  | 84.985 | 98.736 | 99.494 | 91.537 | 91.537 |
|   18  | 84.934 | 98.736 | 99.494 | 91.521 | 91.521 |
|   19  | 84.985 | 98.736 | 99.494 | 91.544 | 91.544 |
|   20  | 84.833 | 98.736 | 99.494 | 91.470 | 91.470 |
|   21  | 84.884 | 98.736 | 99.494 | 91.498 | 91.498 |
|   22  | 84.884 | 98.736 | 99.494 | 91.499 | 91.499 |
|   23  | 84.884 | 98.736 | 99.494 | 91.489 | 91.489 |
|   24  | 84.934 | 98.736 | 99.494 | 91.506 | 91.506 |
|   25  | 84.985 | 98.736 | 99.494 | 91.535 | 91.535 |
|   26  | 84.985 | 98.736 | 99.494 | 91.527 | 91.527 |
|   27  | 84.985 | 98.736 | 99.494 | 91.536 | 91.536 |
|   28  | 85.035 | 98.736 | 99.494 | 91.561 | 91.561 |
|   29  | 85.035 | 98.736 | 99.494 | 91.561 | 91.561 |
+-------+--------+--------+--------+--------+--------+
     logs:  {'epo': 29, 'R1': np.float32(85.035), 'R5': np.float32(98.736), 'R10': np.float32(99.494), 'mAP': np.float32(91.561), 'mINP': np.float32(91.561), 'lr': 3e-06, 'entropy': 0.064062, 'loss': 1.917468}
### best epoch: 9
### Time 0:45:21
NNODES,  1
NODE_RANK,  0
MASTER_ADDR,  127.0.0.1
MASTER_PORT,  1612
NPROC_PER_NODE,  2
task:  tta_exp4.5
config:  configs/tta_exp4.5.yaml
output_dir:  output/tta_exp4.5/2025082214111
CUDA_VISIBLE_DEVICES=2 python3 tta.py --config configs/tta_exp4.5.yaml --task tta_exp4.5 --output_dir output/tta_exp4.5/2025082214111 --checkpoint checkpoint/cmp.pth --bs 0 --epo 0 --lr 0.0 --seed 42 --tta
