/home/jiahao/miniconda3/envs/cmp/lib/python3.10/site-packages/torch/functional.py:554: UserWarning: torch.meshgrid: in an upcoming release, it will be required to pass the indexing argument. (Triggered internally at /pytorch/aten/src/ATen/native/TensorShape.cpp:4322.)
  return _VF.meshgrid(tensors, **kwargs)  # type: ignore[attr-defined]
Not using distributed mode
### Hyper-parameters:
     seed: 42
     device: cuda
     output_dir: output/tta_exp0/2025082301562
     batch_size_tta: 32
     epochs: 30
     lr: 0.001
### Creating test dataset
from data/PAB/annotation/test/attr.json loading 1978 data
test dataset -->    be_pose_img: True
     test_dataset: 1978
### Creating test dataloader
### be careful: func create_loader returns a list length of 1
     test_loader: 90
### Creating model
build_vision_encoder: load swin 224 x 224 ====>
missing_keys:  []
unexpected_keys:  ['head.weight', 'head.bias']
build_text_encoder: load bert ====>
missing_keys: ['bert.encoder.layer.10.crossattention.output.LayerNorm.bias', 'bert.encoder.layer.10.crossattention.output.LayerNorm.weight', 'bert.encoder.layer.10.crossattention.output.dense.bias', 'bert.encoder.layer.10.crossattention.output.dense.weight', 'bert.encoder.layer.10.crossattention.self.key.bias', 'bert.encoder.layer.10.crossattention.self.key.weight', 'bert.encoder.layer.10.crossattention.self.query.bias', 'bert.encoder.layer.10.crossattention.self.query.weight', 'bert.encoder.layer.10.crossattention.self.value.bias', 'bert.encoder.layer.10.crossattention.self.value.weight', 'bert.encoder.layer.11.crossattention.output.LayerNorm.bias', 'bert.encoder.layer.11.crossattention.output.LayerNorm.weight', 'bert.encoder.layer.11.crossattention.output.dense.bias', 'bert.encoder.layer.11.crossattention.output.dense.weight', 'bert.encoder.layer.11.crossattention.self.key.bias', 'bert.encoder.layer.11.crossattention.self.key.weight', 'bert.encoder.layer.11.crossattention.self.query.bias', 'bert.encoder.layer.11.crossattention.self.query.weight', 'bert.encoder.layer.11.crossattention.self.value.bias', 'bert.encoder.layer.11.crossattention.self.value.weight', 'bert.encoder.layer.6.crossattention.output.LayerNorm.bias', 'bert.encoder.layer.6.crossattention.output.LayerNorm.weight', 'bert.encoder.layer.6.crossattention.output.dense.bias', 'bert.encoder.layer.6.crossattention.output.dense.weight', 'bert.encoder.layer.6.crossattention.self.key.bias', 'bert.encoder.layer.6.crossattention.self.key.weight', 'bert.encoder.layer.6.crossattention.self.query.bias', 'bert.encoder.layer.6.crossattention.self.query.weight', 'bert.encoder.layer.6.crossattention.self.value.bias', 'bert.encoder.layer.6.crossattention.self.value.weight', 'bert.encoder.layer.7.crossattention.output.LayerNorm.bias', 'bert.encoder.layer.7.crossattention.output.LayerNorm.weight', 'bert.encoder.layer.7.crossattention.output.dense.bias', 'bert.encoder.layer.7.crossattention.output.dense.weight', 'bert.encoder.layer.7.crossattention.self.key.bias', 'bert.encoder.layer.7.crossattention.self.key.weight', 'bert.encoder.layer.7.crossattention.self.query.bias', 'bert.encoder.layer.7.crossattention.self.query.weight', 'bert.encoder.layer.7.crossattention.self.value.bias', 'bert.encoder.layer.7.crossattention.self.value.weight', 'bert.encoder.layer.8.crossattention.output.LayerNorm.bias', 'bert.encoder.layer.8.crossattention.output.LayerNorm.weight', 'bert.encoder.layer.8.crossattention.output.dense.bias', 'bert.encoder.layer.8.crossattention.output.dense.weight', 'bert.encoder.layer.8.crossattention.self.key.bias', 'bert.encoder.layer.8.crossattention.self.key.weight', 'bert.encoder.layer.8.crossattention.self.query.bias', 'bert.encoder.layer.8.crossattention.self.query.weight', 'bert.encoder.layer.8.crossattention.self.value.bias', 'bert.encoder.layer.8.crossattention.self.value.weight', 'bert.encoder.layer.9.crossattention.output.LayerNorm.bias', 'bert.encoder.layer.9.crossattention.output.LayerNorm.weight', 'bert.encoder.layer.9.crossattention.output.dense.bias', 'bert.encoder.layer.9.crossattention.output.dense.weight', 'bert.encoder.layer.9.crossattention.self.key.bias', 'bert.encoder.layer.9.crossattention.self.key.weight', 'bert.encoder.layer.9.crossattention.self.query.bias', 'bert.encoder.layer.9.crossattention.self.query.weight', 'bert.encoder.layer.9.crossattention.self.value.bias', 'bert.encoder.layer.9.crossattention.self.value.weight']
unexpected_keys: ['cls.seq_relationship.bias', 'cls.seq_relationship.weight']
mismatched_keys: []
error_msgs: []
Label Smooth: 0.2
pose_conv
load checkpoint from checkpoint/cmp.pth
missing_keys:  ['uncertainty_temper', 'prompt_learning_embedding']
unexpected_keys:  []
     Total Params Sum:  254264985
### Inference ITC similiarity matrix
### Zero-Shot Score: 
+-------+--------+--------+--------+--------+--------+
| epoch |   R1   |   R5   |  R10   |  mAP   |  mINP  |
+-------+--------+--------+--------+--------+--------+
|  -999 | 69.414 | 95.197 | 97.776 | 81.233 | 81.233 |
|  -999 | 84.277 | 99.039 | 99.596 | 91.276 | 91.276 |
+-------+--------+--------+--------+--------+--------+
### TTA:
     preprocess_tta_coefficients  start
     sample selection ...
     number of sample after sample_selection: 1978
     uncertainty ...
     preprocess_tta_coefficients  end
### Creating tta dataset
     tta_dataset: 1978
### Creating tta dataloader
### be careful: func create_loader returns a list length of 1
     tta_loader: 61
### Configure adapted weights
     TTA Dropout Modules: 
 [('vision_encoder.pos_drop', Dropout(p=0, inplace=False), True), ('vision_encoder.layers.0.blocks.0.attn.attn_drop', Dropout(p=0.0, inplace=False), True), ('vision_encoder.layers.0.blocks.0.attn.proj_drop', Dropout(p=0, inplace=False), True), ('vision_encoder.layers.0.blocks.0.mlp.drop', Dropout(p=0, inplace=False), True), ('vision_encoder.layers.0.blocks.1.attn.attn_drop', Dropout(p=0.0, inplace=False), True), ('vision_encoder.layers.0.blocks.1.attn.proj_drop', Dropout(p=0, inplace=False), True), ('vision_encoder.layers.0.blocks.1.mlp.drop', Dropout(p=0, inplace=False), True), ('vision_encoder.layers.1.blocks.0.attn.attn_drop', Dropout(p=0.0, inplace=False), True), ('vision_encoder.layers.1.blocks.0.attn.proj_drop', Dropout(p=0, inplace=False), True), ('vision_encoder.layers.1.blocks.0.mlp.drop', Dropout(p=0, inplace=False), True), ('vision_encoder.layers.1.blocks.1.attn.attn_drop', Dropout(p=0.0, inplace=False), True), ('vision_encoder.layers.1.blocks.1.attn.proj_drop', Dropout(p=0, inplace=False), True), ('vision_encoder.layers.1.blocks.1.mlp.drop', Dropout(p=0, inplace=False), True), ('vision_encoder.layers.2.blocks.0.attn.attn_drop', Dropout(p=0.0, inplace=False), True), ('vision_encoder.layers.2.blocks.0.attn.proj_drop', Dropout(p=0, inplace=False), True), ('vision_encoder.layers.2.blocks.0.mlp.drop', Dropout(p=0, inplace=False), True), ('vision_encoder.layers.2.blocks.1.attn.attn_drop', Dropout(p=0.0, inplace=False), True), ('vision_encoder.layers.2.blocks.1.attn.proj_drop', Dropout(p=0, inplace=False), True), ('vision_encoder.layers.2.blocks.1.mlp.drop', Dropout(p=0, inplace=False), True), ('vision_encoder.layers.2.blocks.2.attn.attn_drop', Dropout(p=0.0, inplace=False), True), ('vision_encoder.layers.2.blocks.2.attn.proj_drop', Dropout(p=0, inplace=False), True), ('vision_encoder.layers.2.blocks.2.mlp.drop', Dropout(p=0, inplace=False), True), ('vision_encoder.layers.2.blocks.3.attn.attn_drop', Dropout(p=0.0, inplace=False), True), ('vision_encoder.layers.2.blocks.3.attn.proj_drop', Dropout(p=0, inplace=False), True), ('vision_encoder.layers.2.blocks.3.mlp.drop', Dropout(p=0, inplace=False), True), ('vision_encoder.layers.2.blocks.4.attn.attn_drop', Dropout(p=0.0, inplace=False), True), ('vision_encoder.layers.2.blocks.4.attn.proj_drop', Dropout(p=0, inplace=False), True), ('vision_encoder.layers.2.blocks.4.mlp.drop', Dropout(p=0, inplace=False), True), ('vision_encoder.layers.2.blocks.5.attn.attn_drop', Dropout(p=0.0, inplace=False), True), ('vision_encoder.layers.2.blocks.5.attn.proj_drop', Dropout(p=0, inplace=False), True), ('vision_encoder.layers.2.blocks.5.mlp.drop', Dropout(p=0, inplace=False), True), ('vision_encoder.layers.2.blocks.6.attn.attn_drop', Dropout(p=0.0, inplace=False), True), ('vision_encoder.layers.2.blocks.6.attn.proj_drop', Dropout(p=0, inplace=False), True), ('vision_encoder.layers.2.blocks.6.mlp.drop', Dropout(p=0, inplace=False), True), ('vision_encoder.layers.2.blocks.7.attn.attn_drop', Dropout(p=0.0, inplace=False), True), ('vision_encoder.layers.2.blocks.7.attn.proj_drop', Dropout(p=0, inplace=False), True), ('vision_encoder.layers.2.blocks.7.mlp.drop', Dropout(p=0, inplace=False), True), ('vision_encoder.layers.2.blocks.8.attn.attn_drop', Dropout(p=0.0, inplace=False), True), ('vision_encoder.layers.2.blocks.8.attn.proj_drop', Dropout(p=0, inplace=False), True), ('vision_encoder.layers.2.blocks.8.mlp.drop', Dropout(p=0, inplace=False), True), ('vision_encoder.layers.2.blocks.9.attn.attn_drop', Dropout(p=0.0, inplace=False), True), ('vision_encoder.layers.2.blocks.9.attn.proj_drop', Dropout(p=0, inplace=False), True), ('vision_encoder.layers.2.blocks.9.mlp.drop', Dropout(p=0, inplace=False), True), ('vision_encoder.layers.2.blocks.10.attn.attn_drop', Dropout(p=0.0, inplace=False), True), ('vision_encoder.layers.2.blocks.10.attn.proj_drop', Dropout(p=0, inplace=False), True), ('vision_encoder.layers.2.blocks.10.mlp.drop', Dropout(p=0, inplace=False), True), ('vision_encoder.layers.2.blocks.11.attn.attn_drop', Dropout(p=0.0, inplace=False), True), ('vision_encoder.layers.2.blocks.11.attn.proj_drop', Dropout(p=0, inplace=False), True), ('vision_encoder.layers.2.blocks.11.mlp.drop', Dropout(p=0, inplace=False), True), ('vision_encoder.layers.2.blocks.12.attn.attn_drop', Dropout(p=0.0, inplace=False), True), ('vision_encoder.layers.2.blocks.12.attn.proj_drop', Dropout(p=0, inplace=False), True), ('vision_encoder.layers.2.blocks.12.mlp.drop', Dropout(p=0, inplace=False), True), ('vision_encoder.layers.2.blocks.13.attn.attn_drop', Dropout(p=0.0, inplace=False), True), ('vision_encoder.layers.2.blocks.13.attn.proj_drop', Dropout(p=0, inplace=False), True), ('vision_encoder.layers.2.blocks.13.mlp.drop', Dropout(p=0, inplace=False), True), ('vision_encoder.layers.2.blocks.14.attn.attn_drop', Dropout(p=0.0, inplace=False), True), ('vision_encoder.layers.2.blocks.14.attn.proj_drop', Dropout(p=0, inplace=False), True), ('vision_encoder.layers.2.blocks.14.mlp.drop', Dropout(p=0, inplace=False), True), ('vision_encoder.layers.2.blocks.15.attn.attn_drop', Dropout(p=0.0, inplace=False), True), ('vision_encoder.layers.2.blocks.15.attn.proj_drop', Dropout(p=0, inplace=False), True), ('vision_encoder.layers.2.blocks.15.mlp.drop', Dropout(p=0, inplace=False), True), ('vision_encoder.layers.2.blocks.16.attn.attn_drop', Dropout(p=0.0, inplace=False), True), ('vision_encoder.layers.2.blocks.16.attn.proj_drop', Dropout(p=0, inplace=False), True), ('vision_encoder.layers.2.blocks.16.mlp.drop', Dropout(p=0, inplace=False), True), ('vision_encoder.layers.2.blocks.17.attn.attn_drop', Dropout(p=0.0, inplace=False), True), ('vision_encoder.layers.2.blocks.17.attn.proj_drop', Dropout(p=0, inplace=False), True), ('vision_encoder.layers.2.blocks.17.mlp.drop', Dropout(p=0, inplace=False), True), ('vision_encoder.layers.3.blocks.0.attn.attn_drop', Dropout(p=0.0, inplace=False), True), ('vision_encoder.layers.3.blocks.0.attn.proj_drop', Dropout(p=0, inplace=False), True), ('vision_encoder.layers.3.blocks.0.mlp.drop', Dropout(p=0, inplace=False), True), ('vision_encoder.layers.3.blocks.1.attn.attn_drop', Dropout(p=0.0, inplace=False), True), ('vision_encoder.layers.3.blocks.1.attn.proj_drop', Dropout(p=0, inplace=False), True), ('vision_encoder.layers.3.blocks.1.mlp.drop', Dropout(p=0, inplace=False), True), ('vision_proj.1', Dropout(p=0.5, inplace=False), True), ('text_proj.1', Dropout(p=0.5, inplace=False), True), ('pose_block.attn.attn_drop', Dropout(p=0.0, inplace=False), True), ('pose_block.attn.proj_drop', Dropout(p=0.0, inplace=False), True)]
     TTA Require Gradient Params: 
 [('text_encoder.bert.embeddings.LayerNorm.weight', torch.Size([768])), ('text_encoder.bert.embeddings.LayerNorm.bias', torch.Size([768])), ('text_encoder.bert.encoder.layer.6.attention.output.LayerNorm.weight', torch.Size([768])), ('text_encoder.bert.encoder.layer.6.attention.output.LayerNorm.bias', torch.Size([768])), ('text_encoder.bert.encoder.layer.6.crossattention.output.LayerNorm.weight', torch.Size([768])), ('text_encoder.bert.encoder.layer.6.crossattention.output.LayerNorm.bias', torch.Size([768])), ('text_encoder.bert.encoder.layer.6.output.LayerNorm.weight', torch.Size([768])), ('text_encoder.bert.encoder.layer.6.output.LayerNorm.bias', torch.Size([768])), ('text_encoder.bert.encoder.layer.7.attention.output.LayerNorm.weight', torch.Size([768])), ('text_encoder.bert.encoder.layer.7.attention.output.LayerNorm.bias', torch.Size([768])), ('text_encoder.bert.encoder.layer.7.crossattention.output.LayerNorm.weight', torch.Size([768])), ('text_encoder.bert.encoder.layer.7.crossattention.output.LayerNorm.bias', torch.Size([768])), ('text_encoder.bert.encoder.layer.7.output.LayerNorm.weight', torch.Size([768])), ('text_encoder.bert.encoder.layer.7.output.LayerNorm.bias', torch.Size([768])), ('text_encoder.bert.encoder.layer.8.attention.output.LayerNorm.weight', torch.Size([768])), ('text_encoder.bert.encoder.layer.8.attention.output.LayerNorm.bias', torch.Size([768])), ('text_encoder.bert.encoder.layer.8.crossattention.output.LayerNorm.weight', torch.Size([768])), ('text_encoder.bert.encoder.layer.8.crossattention.output.LayerNorm.bias', torch.Size([768])), ('text_encoder.bert.encoder.layer.8.output.LayerNorm.weight', torch.Size([768])), ('text_encoder.bert.encoder.layer.8.output.LayerNorm.bias', torch.Size([768])), ('text_encoder.bert.encoder.layer.9.attention.output.LayerNorm.weight', torch.Size([768])), ('text_encoder.bert.encoder.layer.9.attention.output.LayerNorm.bias', torch.Size([768])), ('text_encoder.bert.encoder.layer.9.crossattention.output.LayerNorm.weight', torch.Size([768])), ('text_encoder.bert.encoder.layer.9.crossattention.output.LayerNorm.bias', torch.Size([768])), ('text_encoder.bert.encoder.layer.9.output.LayerNorm.weight', torch.Size([768])), ('text_encoder.bert.encoder.layer.9.output.LayerNorm.bias', torch.Size([768])), ('text_encoder.bert.encoder.layer.10.attention.output.LayerNorm.weight', torch.Size([768])), ('text_encoder.bert.encoder.layer.10.attention.output.LayerNorm.bias', torch.Size([768])), ('text_encoder.bert.encoder.layer.10.crossattention.output.LayerNorm.weight', torch.Size([768])), ('text_encoder.bert.encoder.layer.10.crossattention.output.LayerNorm.bias', torch.Size([768])), ('text_encoder.bert.encoder.layer.10.output.LayerNorm.weight', torch.Size([768])), ('text_encoder.bert.encoder.layer.10.output.LayerNorm.bias', torch.Size([768])), ('text_encoder.bert.encoder.layer.11.attention.output.LayerNorm.weight', torch.Size([768])), ('text_encoder.bert.encoder.layer.11.attention.output.LayerNorm.bias', torch.Size([768])), ('text_encoder.bert.encoder.layer.11.crossattention.output.LayerNorm.weight', torch.Size([768])), ('text_encoder.bert.encoder.layer.11.crossattention.output.LayerNorm.bias', torch.Size([768])), ('text_encoder.bert.encoder.layer.11.output.LayerNorm.weight', torch.Size([768])), ('text_encoder.bert.encoder.layer.11.output.LayerNorm.bias', torch.Size([768])), ('text_encoder.cls.predictions.transform.LayerNorm.weight', torch.Size([768])), ('text_encoder.cls.predictions.transform.LayerNorm.bias', torch.Size([768])), ('itm_head.1.weight', torch.Size([1536])), ('itm_head.1.bias', torch.Size([1536]))]
     TTA Dropout Modules Number: 
 77
     TTA Require Gradient Params Sum: 
 33792
     lr:  0.001    lr_mult:  2
     model has 'init_params',  386
     num_tta_steps:  1860
     num_warmup_steps:  100
     sched: step
/home/jiahao/task/CMP/tta.py:206: FutureWarning: `torch.cuda.amp.GradScaler(args...)` is deprecated. Please use `torch.amp.GradScaler('cuda', args...)` instead.
  scaler = GradScaler()  # bf16
### Start ITM Test Time Adaptation
      TTA Epoch: [0] [ 0/61]  eta: 0:01:01  lr: 0.000010  entropy: 0.3405  loss: 0.3405  time: 1.0116  data: 0.4639  max mem: 2639
      TTA Epoch: [0] [60/61]  eta: 0:00:00  lr: 0.000610  entropy: 0.3027  loss: 0.3027  time: 0.0319  data: 0.0001  max mem: 2671
      TTA Epoch: [0] Total time: 0:00:03 (0.0505 s / it)
     Averaged stats: lr: 0.0003  entropy: 0.3034  loss: 0.3034
     Computing matching score
      Evaluation: [   0/1978]  eta: 0:03:11    time: 0.0970  data: 0.0043  max mem: 2671
      Evaluation: [ 100/1978]  eta: 0:01:25    time: 0.0449  data: 0.0000  max mem: 2671
      Evaluation: [ 200/1978]  eta: 0:01:22    time: 0.0501  data: 0.0000  max mem: 2671
      Evaluation: [ 300/1978]  eta: 0:01:17    time: 0.0456  data: 0.0000  max mem: 2671
      Evaluation: [ 400/1978]  eta: 0:01:15    time: 0.0523  data: 0.0000  max mem: 2671
      Evaluation: [ 500/1978]  eta: 0:01:10    time: 0.0425  data: 0.0000  max mem: 2671
      Evaluation: [ 600/1978]  eta: 0:01:04    time: 0.0408  data: 0.0000  max mem: 2671
      Evaluation: [ 700/1978]  eta: 0:00:58    time: 0.0420  data: 0.0000  max mem: 2671
      Evaluation: [ 800/1978]  eta: 0:00:53    time: 0.0399  data: 0.0000  max mem: 2671
      Evaluation: [ 900/1978]  eta: 0:00:48    time: 0.0406  data: 0.0000  max mem: 2671
      Evaluation: [1000/1978]  eta: 0:00:43    time: 0.0403  data: 0.0000  max mem: 2671
      Evaluation: [1100/1978]  eta: 0:00:38    time: 0.0404  data: 0.0000  max mem: 2671
      Evaluation: [1200/1978]  eta: 0:00:34    time: 0.0410  data: 0.0000  max mem: 2671
      Evaluation: [1300/1978]  eta: 0:00:29    time: 0.0411  data: 0.0000  max mem: 2671
      Evaluation: [1400/1978]  eta: 0:00:25    time: 0.0414  data: 0.0000  max mem: 2671
      Evaluation: [1500/1978]  eta: 0:00:20    time: 0.0405  data: 0.0000  max mem: 2671
      Evaluation: [1600/1978]  eta: 0:00:16    time: 0.0441  data: 0.0000  max mem: 2671
      Evaluation: [1700/1978]  eta: 0:00:11    time: 0.0417  data: 0.0000  max mem: 2671
      Evaluation: [1800/1978]  eta: 0:00:07    time: 0.0452  data: 0.0000  max mem: 2671
      Evaluation: [1900/1978]  eta: 0:00:03    time: 0.0406  data: 0.0000  max mem: 2671
      Evaluation: [1977/1978]  eta: 0:00:00    time: 0.0406  data: 0.0000  max mem: 2671
      Evaluation: Total time: 0:01:25 (0.0432 s / it)
     Computing matching score time 0:01:25
### TTA ITM Score: 
+-------+--------+--------+--------+--------+--------+
| epoch |   R1   |   R5   |  R10   |  mAP   |  mINP  |
+-------+--------+--------+--------+--------+--------+
|  -999 | 69.414 | 95.197 | 97.776 | 81.233 | 81.233 |
|  -999 | 84.277 | 99.039 | 99.596 | 91.276 | 91.276 |
|   0   | 84.378 | 98.686 | 99.343 | 91.164 | 91.164 |
+-------+--------+--------+--------+--------+--------+
     logs:  {'epo': 0, 'R1': np.float32(84.378), 'R5': np.float32(98.686), 'R10': np.float32(99.343), 'mAP': np.float32(91.164), 'mINP': np.float32(91.164), 'lr': 0.00031, 'entropy': 0.303428, 'loss': 0.303428}
      TTA Epoch: [1] [ 0/61]  eta: 0:00:26  lr: 0.000620  entropy: 0.2119  loss: 0.2119  time: 0.4290  data: 0.3772  max mem: 2671
      TTA Epoch: [1] [60/61]  eta: 0:00:00  lr: 0.000988  entropy: 0.2039  loss: 0.2039  time: 0.0320  data: 0.0001  max mem: 2671
      TTA Epoch: [1] Total time: 0:00:02 (0.0394 s / it)
     Averaged stats: lr: 0.0009  entropy: 0.1918  loss: 0.1918
     Computing matching score
      Evaluation: [   0/1978]  eta: 0:01:28    time: 0.0447  data: 0.0026  max mem: 2671
      Evaluation: [ 100/1978]  eta: 0:01:17    time: 0.0415  data: 0.0000  max mem: 2671
      Evaluation: [ 200/1978]  eta: 0:01:13    time: 0.0411  data: 0.0000  max mem: 2671
      Evaluation: [ 300/1978]  eta: 0:01:09    time: 0.0406  data: 0.0000  max mem: 2671
      Evaluation: [ 400/1978]  eta: 0:01:04    time: 0.0408  data: 0.0000  max mem: 2671
      Evaluation: [ 500/1978]  eta: 0:01:00    time: 0.0404  data: 0.0000  max mem: 2671
      Evaluation: [ 600/1978]  eta: 0:00:56    time: 0.0421  data: 0.0000  max mem: 2671
      Evaluation: [ 700/1978]  eta: 0:00:52    time: 0.0425  data: 0.0000  max mem: 2671
      Evaluation: [ 800/1978]  eta: 0:00:48    time: 0.0431  data: 0.0000  max mem: 2671
      Evaluation: [ 900/1978]  eta: 0:00:44    time: 0.0480  data: 0.0000  max mem: 2671
      Evaluation: [1000/1978]  eta: 0:00:40    time: 0.0421  data: 0.0000  max mem: 2671
      Evaluation: [1100/1978]  eta: 0:00:37    time: 0.0474  data: 0.0000  max mem: 2671
      Evaluation: [1200/1978]  eta: 0:00:33    time: 0.0412  data: 0.0000  max mem: 2671
      Evaluation: [1300/1978]  eta: 0:00:28    time: 0.0412  data: 0.0000  max mem: 2671
      Evaluation: [1400/1978]  eta: 0:00:24    time: 0.0407  data: 0.0000  max mem: 2671
      Evaluation: [1500/1978]  eta: 0:00:20    time: 0.0406  data: 0.0000  max mem: 2671
      Evaluation: [1600/1978]  eta: 0:00:15    time: 0.0417  data: 0.0000  max mem: 2671
      Evaluation: [1700/1978]  eta: 0:00:11    time: 0.0408  data: 0.0000  max mem: 2671
      Evaluation: [1800/1978]  eta: 0:00:07    time: 0.0405  data: 0.0000  max mem: 2671
      Evaluation: [1900/1978]  eta: 0:00:03    time: 0.0407  data: 0.0000  max mem: 2671
      Evaluation: [1977/1978]  eta: 0:00:00    time: 0.0406  data: 0.0000  max mem: 2671
      Evaluation: Total time: 0:01:23 (0.0421 s / it)
     Computing matching score time 0:01:23
### TTA ITM Score: 
+-------+--------+--------+--------+--------+--------+
| epoch |   R1   |   R5   |  R10   |  mAP   |  mINP  |
+-------+--------+--------+--------+--------+--------+
|  -999 | 69.414 | 95.197 | 97.776 | 81.233 | 81.233 |
|  -999 | 84.277 | 99.039 | 99.596 | 91.276 | 91.276 |
|   0   | 84.378 | 98.686 | 99.343 | 91.164 | 91.164 |
|   1   | 84.479 | 98.736 | 99.242 | 91.188 | 91.188 |
+-------+--------+--------+--------+--------+--------+
     logs:  {'epo': 1, 'R1': np.float32(84.479), 'R5': np.float32(98.736), 'R10': np.float32(99.242), 'mAP': np.float32(91.188), 'mINP': np.float32(91.188), 'lr': 0.000876, 'entropy': 0.191755, 'loss': 0.191755}
      TTA Epoch: [2] [ 0/61]  eta: 0:00:28  lr: 0.000987  entropy: 0.1549  loss: 0.1549  time: 0.4615  data: 0.4071  max mem: 2671
      TTA Epoch: [2] [60/61]  eta: 0:00:00  lr: 0.000953  entropy: 0.0445  loss: 0.0445  time: 0.0339  data: 0.0001  max mem: 2671
      TTA Epoch: [2] Total time: 0:00:02 (0.0425 s / it)
     Averaged stats: lr: 0.0010  entropy: 0.1282  loss: 0.1282
     Computing matching score
      Evaluation: [   0/1978]  eta: 0:01:28    time: 0.0448  data: 0.0034  max mem: 2671
      Evaluation: [ 100/1978]  eta: 0:01:20    time: 0.0420  data: 0.0000  max mem: 2671
      Evaluation: [ 200/1978]  eta: 0:01:17    time: 0.0455  data: 0.0000  max mem: 2671
      Evaluation: [ 300/1978]  eta: 0:01:12    time: 0.0422  data: 0.0000  max mem: 2671
      Evaluation: [ 400/1978]  eta: 0:01:11    time: 0.0476  data: 0.0000  max mem: 2671
      Evaluation: [ 500/1978]  eta: 0:01:06    time: 0.0424  data: 0.0000  max mem: 2671
      Evaluation: [ 600/1978]  eta: 0:01:00    time: 0.0412  data: 0.0000  max mem: 2671
      Evaluation: [ 700/1978]  eta: 0:00:55    time: 0.0400  data: 0.0000  max mem: 2671
      Evaluation: [ 800/1978]  eta: 0:00:50    time: 0.0398  data: 0.0000  max mem: 2671
      Evaluation: [ 900/1978]  eta: 0:00:46    time: 0.0395  data: 0.0000  max mem: 2671
      Evaluation: [1000/1978]  eta: 0:00:41    time: 0.0403  data: 0.0000  max mem: 2671
      Evaluation: [1100/1978]  eta: 0:00:37    time: 0.0401  data: 0.0000  max mem: 2671
      Evaluation: [1200/1978]  eta: 0:00:32    time: 0.0402  data: 0.0000  max mem: 2671
      Evaluation: [1300/1978]  eta: 0:00:28    time: 0.0406  data: 0.0000  max mem: 2671
      Evaluation: [1400/1978]  eta: 0:00:24    time: 0.0410  data: 0.0000  max mem: 2671
      Evaluation: [1500/1978]  eta: 0:00:20    time: 0.0406  data: 0.0000  max mem: 2671
      Evaluation: [1600/1978]  eta: 0:00:15    time: 0.0430  data: 0.0000  max mem: 2671
      Evaluation: [1700/1978]  eta: 0:00:11    time: 0.0421  data: 0.0000  max mem: 2671
      Evaluation: [1800/1978]  eta: 0:00:07    time: 0.0462  data: 0.0000  max mem: 2671
      Evaluation: [1900/1978]  eta: 0:00:03    time: 0.0404  data: 0.0000  max mem: 2671
      Evaluation: [1977/1978]  eta: 0:00:00    time: 0.0397  data: 0.0000  max mem: 2671
      Evaluation: Total time: 0:01:23 (0.0421 s / it)
     Computing matching score time 0:01:23
### TTA ITM Score: 
+-------+--------+--------+--------+--------+--------+
| epoch |   R1   |   R5   |  R10   |  mAP   |  mINP  |
+-------+--------+--------+--------+--------+--------+
|  -999 | 69.414 | 95.197 | 97.776 | 81.233 | 81.233 |
|  -999 | 84.277 | 99.039 | 99.596 | 91.276 | 91.276 |
|   0   | 84.378 | 98.686 | 99.343 | 91.164 | 91.164 |
|   1   | 84.479 | 98.736 | 99.242 | 91.188 | 91.188 |
|   2   | 84.681 | 98.787 | 99.393 | 91.301 | 91.301 |
+-------+--------+--------+--------+--------+--------+
     logs:  {'epo': 2, 'R1': np.float32(84.681), 'R5': np.float32(98.787), 'R10': np.float32(99.393), 'mAP': np.float32(91.301), 'mINP': np.float32(91.301), 'lr': 0.00097, 'entropy': 0.128151, 'loss': 0.128151}
      TTA Epoch: [3] [ 0/61]  eta: 0:00:24  lr: 0.000952  entropy: 0.1289  loss: 0.1289  time: 0.4045  data: 0.3514  max mem: 2671
      TTA Epoch: [3] [60/61]  eta: 0:00:00  lr: 0.000918  entropy: 0.0663  loss: 0.0663  time: 0.0306  data: 0.0001  max mem: 2671
      TTA Epoch: [3] Total time: 0:00:02 (0.0383 s / it)
     Averaged stats: lr: 0.0009  entropy: 0.1001  loss: 0.1001
     Computing matching score
      Evaluation: [   0/1978]  eta: 0:01:34    time: 0.0477  data: 0.0034  max mem: 2671
      Evaluation: [ 100/1978]  eta: 0:01:15    time: 0.0399  data: 0.0000  max mem: 2671
      Evaluation: [ 200/1978]  eta: 0:01:11    time: 0.0399  data: 0.0000  max mem: 2671
      Evaluation: [ 300/1978]  eta: 0:01:08    time: 0.0414  data: 0.0000  max mem: 2671
      Evaluation: [ 400/1978]  eta: 0:01:04    time: 0.0417  data: 0.0000  max mem: 2671
      Evaluation: [ 500/1978]  eta: 0:01:00    time: 0.0417  data: 0.0000  max mem: 2671
      Evaluation: [ 600/1978]  eta: 0:00:56    time: 0.0414  data: 0.0000  max mem: 2671
      Evaluation: [ 700/1978]  eta: 0:00:52    time: 0.0423  data: 0.0000  max mem: 2671
      Evaluation: [ 800/1978]  eta: 0:00:48    time: 0.0422  data: 0.0000  max mem: 2671
      Evaluation: [ 900/1978]  eta: 0:00:44    time: 0.0446  data: 0.0000  max mem: 2671
      Evaluation: [1000/1978]  eta: 0:00:40    time: 0.0421  data: 0.0000  max mem: 2671
      Evaluation: [1100/1978]  eta: 0:00:36    time: 0.0466  data: 0.0000  max mem: 2671
      Evaluation: [1200/1978]  eta: 0:00:32    time: 0.0406  data: 0.0000  max mem: 2671
      Evaluation: [1300/1978]  eta: 0:00:28    time: 0.0412  data: 0.0000  max mem: 2671
      Evaluation: [1400/1978]  eta: 0:00:24    time: 0.0408  data: 0.0000  max mem: 2671
      Evaluation: [1500/1978]  eta: 0:00:20    time: 0.0417  data: 0.0000  max mem: 2671
      Evaluation: [1600/1978]  eta: 0:00:15    time: 0.0416  data: 0.0000  max mem: 2671
      Evaluation: [1700/1978]  eta: 0:00:11    time: 0.0412  data: 0.0000  max mem: 2671
      Evaluation: [1800/1978]  eta: 0:00:07    time: 0.0406  data: 0.0000  max mem: 2671
      Evaluation: [1900/1978]  eta: 0:00:03    time: 0.0418  data: 0.0000  max mem: 2671
      Evaluation: [1977/1978]  eta: 0:00:00    time: 0.0413  data: 0.0000  max mem: 2671
      Evaluation: Total time: 0:01:22 (0.0419 s / it)
     Computing matching score time 0:01:23
### TTA ITM Score: 
+-------+--------+--------+--------+--------+--------+
| epoch |   R1   |   R5   |  R10   |  mAP   |  mINP  |
+-------+--------+--------+--------+--------+--------+
|  -999 | 69.414 | 95.197 | 97.776 | 81.233 | 81.233 |
|  -999 | 84.277 | 99.039 | 99.596 | 91.276 | 91.276 |
|   0   | 84.378 | 98.686 | 99.343 | 91.164 | 91.164 |
|   1   | 84.479 | 98.736 | 99.242 | 91.188 | 91.188 |
|   2   | 84.681 | 98.787 | 99.393 | 91.301 | 91.301 |
|   3   | 84.125 | 98.635 | 99.242 | 90.939 | 90.939 |
+-------+--------+--------+--------+--------+--------+
     logs:  {'epo': 3, 'R1': np.float32(84.125), 'R5': np.float32(98.635), 'R10': np.float32(99.242), 'mAP': np.float32(90.939), 'mINP': np.float32(90.939), 'lr': 0.000935, 'entropy': 0.100115, 'loss': 0.100115}
      TTA Epoch: [4] [ 0/61]  eta: 0:00:26  lr: 0.000918  entropy: 0.0282  loss: 0.0282  time: 0.4301  data: 0.3748  max mem: 2671
      TTA Epoch: [4] [60/61]  eta: 0:00:00  lr: 0.000884  entropy: 0.0721  loss: 0.0721  time: 0.0354  data: 0.0002  max mem: 2671
      TTA Epoch: [4] Total time: 0:00:02 (0.0431 s / it)
     Averaged stats: lr: 0.0009  entropy: 0.0844  loss: 0.0844
     Computing matching score
      Evaluation: [   0/1978]  eta: 0:01:35    time: 0.0483  data: 0.0033  max mem: 2671
      Evaluation: [ 100/1978]  eta: 0:01:19    time: 0.0422  data: 0.0000  max mem: 2671
      Evaluation: [ 200/1978]  eta: 0:01:17    time: 0.0473  data: 0.0000  max mem: 2671
      Evaluation: [ 300/1978]  eta: 0:01:12    time: 0.0419  data: 0.0000  max mem: 2671
      Evaluation: [ 400/1978]  eta: 0:01:09    time: 0.0468  data: 0.0000  max mem: 2671
      Evaluation: [ 500/1978]  eta: 0:01:05    time: 0.0413  data: 0.0000  max mem: 2671
      Evaluation: [ 600/1978]  eta: 0:00:59    time: 0.0414  data: 0.0000  max mem: 2671
      Evaluation: [ 700/1978]  eta: 0:00:55    time: 0.0410  data: 0.0000  max mem: 2671
      Evaluation: [ 800/1978]  eta: 0:00:50    time: 0.0406  data: 0.0000  max mem: 2671
      Evaluation: [ 900/1978]  eta: 0:00:46    time: 0.0409  data: 0.0000  max mem: 2671
      Evaluation: [1000/1978]  eta: 0:00:41    time: 0.0418  data: 0.0000  max mem: 2671
      Evaluation: [1100/1978]  eta: 0:00:37    time: 0.0403  data: 0.0000  max mem: 2671
      Evaluation: [1200/1978]  eta: 0:00:32    time: 0.0405  data: 0.0000  max mem: 2671
      Evaluation: [1300/1978]  eta: 0:00:28    time: 0.0412  data: 0.0000  max mem: 2671
      Evaluation: [1400/1978]  eta: 0:00:24    time: 0.0414  data: 0.0000  max mem: 2671
      Evaluation: [1500/1978]  eta: 0:00:20    time: 0.0441  data: 0.0000  max mem: 2671
      Evaluation: [1600/1978]  eta: 0:00:16    time: 0.0431  data: 0.0000  max mem: 2671
      Evaluation: [1700/1978]  eta: 0:00:11    time: 0.0530  data: 0.0000  max mem: 2671
      Evaluation: [1800/1978]  eta: 0:00:07    time: 0.0475  data: 0.0000  max mem: 2671
      Evaluation: [1900/1978]  eta: 0:00:03    time: 0.0415  data: 0.0000  max mem: 2671
      Evaluation: [1977/1978]  eta: 0:00:00    time: 0.0425  data: 0.0000  max mem: 2671
      Evaluation: Total time: 0:01:24 (0.0427 s / it)
     Computing matching score time 0:01:24
### TTA ITM Score: 
+-------+--------+--------+--------+--------+--------+
| epoch |   R1   |   R5   |  R10   |  mAP   |  mINP  |
+-------+--------+--------+--------+--------+--------+
|  -999 | 69.414 | 95.197 | 97.776 | 81.233 | 81.233 |
|  -999 | 84.277 | 99.039 | 99.596 | 91.276 | 91.276 |
|   0   | 84.378 | 98.686 | 99.343 | 91.164 | 91.164 |
|   1   | 84.479 | 98.736 | 99.242 | 91.188 | 91.188 |
|   2   | 84.681 | 98.787 | 99.393 | 91.301 | 91.301 |
|   3   | 84.125 | 98.635 | 99.242 | 90.939 | 90.939 |
|   4   | 84.328 | 98.736 | 99.343 | 91.107 | 91.107 |
+-------+--------+--------+--------+--------+--------+
     logs:  {'epo': 4, 'R1': np.float32(84.328), 'R5': np.float32(98.736), 'R10': np.float32(99.343), 'mAP': np.float32(91.107), 'mINP': np.float32(91.107), 'lr': 0.000901, 'entropy': 0.084427, 'loss': 0.084427}
      TTA Epoch: [5] [ 0/61]  eta: 0:00:26  lr: 0.000883  entropy: 0.0448  loss: 0.0448  time: 0.4390  data: 0.3807  max mem: 2671
      TTA Epoch: [5] [60/61]  eta: 0:00:00  lr: 0.000849  entropy: 0.0687  loss: 0.0687  time: 0.0314  data: 0.0001  max mem: 2671
      TTA Epoch: [5] Total time: 0:00:02 (0.0391 s / it)
     Averaged stats: lr: 0.0009  entropy: 0.0684  loss: 0.0684
     Computing matching score
      Evaluation: [   0/1978]  eta: 0:01:42    time: 0.0519  data: 0.0035  max mem: 2671
      Evaluation: [ 100/1978]  eta: 0:01:20    time: 0.0424  data: 0.0000  max mem: 2671
      Evaluation: [ 200/1978]  eta: 0:01:16    time: 0.0428  data: 0.0000  max mem: 2671
      Evaluation: [ 300/1978]  eta: 0:01:11    time: 0.0423  data: 0.0000  max mem: 2671
      Evaluation: [ 400/1978]  eta: 0:01:07    time: 0.0428  data: 0.0000  max mem: 2671
      Evaluation: [ 500/1978]  eta: 0:01:03    time: 0.0425  data: 0.0000  max mem: 2671
      Evaluation: [ 600/1978]  eta: 0:00:58    time: 0.0421  data: 0.0000  max mem: 2671
      Evaluation: [ 700/1978]  eta: 0:00:54    time: 0.0438  data: 0.0000  max mem: 2671
      Evaluation: [ 800/1978]  eta: 0:00:50    time: 0.0428  data: 0.0000  max mem: 2671
      Evaluation: [ 900/1978]  eta: 0:00:46    time: 0.0431  data: 0.0000  max mem: 2671
      Evaluation: [1000/1978]  eta: 0:00:42    time: 0.0534  data: 0.0000  max mem: 2671
      Evaluation: [1100/1978]  eta: 0:00:38    time: 0.0467  data: 0.0000  max mem: 2671
      Evaluation: [1200/1978]  eta: 0:00:34    time: 0.0414  data: 0.0000  max mem: 2671
      Evaluation: [1300/1978]  eta: 0:00:29    time: 0.0405  data: 0.0000  max mem: 2671
      Evaluation: [1400/1978]  eta: 0:00:25    time: 0.0397  data: 0.0000  max mem: 2671
      Evaluation: [1500/1978]  eta: 0:00:20    time: 0.0407  data: 0.0000  max mem: 2671
      Evaluation: [1600/1978]  eta: 0:00:16    time: 0.0398  data: 0.0000  max mem: 2671
      Evaluation: [1700/1978]  eta: 0:00:11    time: 0.0402  data: 0.0000  max mem: 2671
      Evaluation: [1800/1978]  eta: 0:00:07    time: 0.0411  data: 0.0000  max mem: 2671
      Evaluation: [1900/1978]  eta: 0:00:03    time: 0.0422  data: 0.0000  max mem: 2671
      Evaluation: [1977/1978]  eta: 0:00:00    time: 0.0419  data: 0.0000  max mem: 2671
      Evaluation: Total time: 0:01:24 (0.0426 s / it)
     Computing matching score time 0:01:24
### TTA ITM Score: 
+-------+--------+--------+--------+--------+--------+
| epoch |   R1   |   R5   |  R10   |  mAP   |  mINP  |
+-------+--------+--------+--------+--------+--------+
|  -999 | 69.414 | 95.197 | 97.776 | 81.233 | 81.233 |
|  -999 | 84.277 | 99.039 | 99.596 | 91.276 | 91.276 |
|   0   | 84.378 | 98.686 | 99.343 | 91.164 | 91.164 |
|   1   | 84.479 | 98.736 | 99.242 | 91.188 | 91.188 |
|   2   | 84.681 | 98.787 | 99.393 | 91.301 | 91.301 |
|   3   | 84.125 | 98.635 | 99.242 | 90.939 | 90.939 |
|   4   | 84.328 | 98.736 | 99.343 | 91.107 | 91.107 |
|   5   | 84.125 | 98.534 | 99.191 | 90.934 | 90.934 |
+-------+--------+--------+--------+--------+--------+
     logs:  {'epo': 5, 'R1': np.float32(84.125), 'R5': np.float32(98.534), 'R10': np.float32(99.191), 'mAP': np.float32(90.934), 'mINP': np.float32(90.934), 'lr': 0.000866, 'entropy': 0.068392, 'loss': 0.068392}
      TTA Epoch: [6] [ 0/61]  eta: 0:00:31  lr: 0.000848  entropy: 0.1003  loss: 0.1003  time: 0.5121  data: 0.4206  max mem: 2671
      TTA Epoch: [6] [60/61]  eta: 0:00:00  lr: 0.000407  entropy: 0.0804  loss: 0.0804  time: 0.0381  data: 0.0022  max mem: 2671
      TTA Epoch: [6] Total time: 0:00:02 (0.0471 s / it)
     Averaged stats: lr: 0.0006  entropy: 0.0599  loss: 0.0599
     Computing matching score
      Evaluation: [   0/1978]  eta: 0:01:34    time: 0.0479  data: 0.0036  max mem: 2671
      Evaluation: [ 100/1978]  eta: 0:01:20    time: 0.0418  data: 0.0000  max mem: 2671
      Evaluation: [ 200/1978]  eta: 0:01:17    time: 0.0438  data: 0.0000  max mem: 2671
      Evaluation: [ 300/1978]  eta: 0:01:13    time: 0.0502  data: 0.0000  max mem: 2671
      Evaluation: [ 400/1978]  eta: 0:01:11    time: 0.0486  data: 0.0000  max mem: 2671
      Evaluation: [ 500/1978]  eta: 0:01:05    time: 0.0409  data: 0.0000  max mem: 2671
      Evaluation: [ 600/1978]  eta: 0:00:59    time: 0.0405  data: 0.0000  max mem: 2671
      Evaluation: [ 700/1978]  eta: 0:00:55    time: 0.0405  data: 0.0000  max mem: 2671
      Evaluation: [ 800/1978]  eta: 0:00:50    time: 0.0401  data: 0.0000  max mem: 2671
      Evaluation: [ 900/1978]  eta: 0:00:45    time: 0.0406  data: 0.0000  max mem: 2671
      Evaluation: [1000/1978]  eta: 0:00:41    time: 0.0404  data: 0.0000  max mem: 2671
      Evaluation: [1100/1978]  eta: 0:00:36    time: 0.0405  data: 0.0000  max mem: 2671
      Evaluation: [1200/1978]  eta: 0:00:32    time: 0.0412  data: 0.0000  max mem: 2671
      Evaluation: [1300/1978]  eta: 0:00:28    time: 0.0409  data: 0.0000  max mem: 2671
      Evaluation: [1400/1978]  eta: 0:00:24    time: 0.0407  data: 0.0000  max mem: 2671
      Evaluation: [1500/1978]  eta: 0:00:19    time: 0.0405  data: 0.0000  max mem: 2671
      Evaluation: [1600/1978]  eta: 0:00:15    time: 0.0414  data: 0.0000  max mem: 2671
      Evaluation: [1700/1978]  eta: 0:00:11    time: 0.0462  data: 0.0000  max mem: 2671
      Evaluation: [1800/1978]  eta: 0:00:07    time: 0.0452  data: 0.0000  max mem: 2671
      Evaluation: [1900/1978]  eta: 0:00:03    time: 0.0405  data: 0.0000  max mem: 2671
      Evaluation: [1977/1978]  eta: 0:00:00    time: 0.0402  data: 0.0000  max mem: 2671
      Evaluation: Total time: 0:01:23 (0.0420 s / it)
     Computing matching score time 0:01:23
### TTA ITM Score: 
+-------+--------+--------+--------+--------+--------+
| epoch |   R1   |   R5   |  R10   |  mAP   |  mINP  |
+-------+--------+--------+--------+--------+--------+
|  -999 | 69.414 | 95.197 | 97.776 | 81.233 | 81.233 |
|  -999 | 84.277 | 99.039 | 99.596 | 91.276 | 91.276 |
|   0   | 84.378 | 98.686 | 99.343 | 91.164 | 91.164 |
|   1   | 84.479 | 98.736 | 99.242 | 91.188 | 91.188 |
|   2   | 84.681 | 98.787 | 99.393 | 91.301 | 91.301 |
|   3   | 84.125 | 98.635 | 99.242 | 90.939 | 90.939 |
|   4   | 84.328 | 98.736 | 99.343 | 91.107 | 91.107 |
|   5   | 84.125 | 98.534 | 99.191 | 90.934 | 90.934 |
|   6   | 83.064 | 98.584 | 99.090 | 90.423 | 90.423 |
+-------+--------+--------+--------+--------+--------+
     logs:  {'epo': 6, 'R1': np.float32(83.064), 'R5': np.float32(98.584), 'R10': np.float32(99.09), 'mAP': np.float32(90.423), 'mINP': np.float32(90.423), 'lr': 0.000643, 'entropy': 0.059912, 'loss': 0.059912}
      TTA Epoch: [7] [ 0/61]  eta: 0:00:24  lr: 0.000407  entropy: 0.0764  loss: 0.0764  time: 0.3978  data: 0.3420  max mem: 2671
      TTA Epoch: [7] [60/61]  eta: 0:00:00  lr: 0.000390  entropy: 0.0190  loss: 0.0190  time: 0.0319  data: 0.0001  max mem: 2671
      TTA Epoch: [7] Total time: 0:00:02 (0.0394 s / it)
     Averaged stats: lr: 0.0004  entropy: 0.0557  loss: 0.0557
     Computing matching score
      Evaluation: [   0/1978]  eta: 0:01:32    time: 0.0468  data: 0.0035  max mem: 2671
      Evaluation: [ 100/1978]  eta: 0:01:15    time: 0.0402  data: 0.0000  max mem: 2671
      Evaluation: [ 200/1978]  eta: 0:01:11    time: 0.0401  data: 0.0000  max mem: 2671
      Evaluation: [ 300/1978]  eta: 0:01:07    time: 0.0404  data: 0.0000  max mem: 2671
      Evaluation: [ 400/1978]  eta: 0:01:03    time: 0.0400  data: 0.0000  max mem: 2671
      Evaluation: [ 500/1978]  eta: 0:00:59    time: 0.0406  data: 0.0000  max mem: 2671
      Evaluation: [ 600/1978]  eta: 0:00:55    time: 0.0410  data: 0.0000  max mem: 2671
      Evaluation: [ 700/1978]  eta: 0:00:51    time: 0.0415  data: 0.0000  max mem: 2671
      Evaluation: [ 800/1978]  eta: 0:00:47    time: 0.0412  data: 0.0000  max mem: 2671
      Evaluation: [ 900/1978]  eta: 0:00:44    time: 0.0424  data: 0.0000  max mem: 2671
      Evaluation: [1000/1978]  eta: 0:00:39    time: 0.0415  data: 0.0000  max mem: 2671
      Evaluation: [1100/1978]  eta: 0:00:36    time: 0.0461  data: 0.0000  max mem: 2671
      Evaluation: [1200/1978]  eta: 0:00:32    time: 0.0400  data: 0.0000  max mem: 2671
      Evaluation: [1300/1978]  eta: 0:00:28    time: 0.0403  data: 0.0000  max mem: 2671
      Evaluation: [1400/1978]  eta: 0:00:23    time: 0.0400  data: 0.0000  max mem: 2671
      Evaluation: [1500/1978]  eta: 0:00:19    time: 0.0405  data: 0.0000  max mem: 2671
      Evaluation: [1600/1978]  eta: 0:00:15    time: 0.0401  data: 0.0000  max mem: 2671
      Evaluation: [1700/1978]  eta: 0:00:11    time: 0.0397  data: 0.0000  max mem: 2671
      Evaluation: [1800/1978]  eta: 0:00:07    time: 0.0397  data: 0.0000  max mem: 2671
      Evaluation: [1900/1978]  eta: 0:00:03    time: 0.0405  data: 0.0000  max mem: 2671
      Evaluation: [1977/1978]  eta: 0:00:00    time: 0.0405  data: 0.0000  max mem: 2671
      Evaluation: Total time: 0:01:21 (0.0410 s / it)
     Computing matching score time 0:01:21
### TTA ITM Score: 
+-------+--------+--------+--------+--------+--------+
| epoch |   R1   |   R5   |  R10   |  mAP   |  mINP  |
+-------+--------+--------+--------+--------+--------+
|  -999 | 69.414 | 95.197 | 97.776 | 81.233 | 81.233 |
|  -999 | 84.277 | 99.039 | 99.596 | 91.276 | 91.276 |
|   0   | 84.378 | 98.686 | 99.343 | 91.164 | 91.164 |
|   1   | 84.479 | 98.736 | 99.242 | 91.188 | 91.188 |
|   2   | 84.681 | 98.787 | 99.393 | 91.301 | 91.301 |
|   3   | 84.125 | 98.635 | 99.242 | 90.939 | 90.939 |
|   4   | 84.328 | 98.736 | 99.343 | 91.107 | 91.107 |
|   5   | 84.125 | 98.534 | 99.191 | 90.934 | 90.934 |
|   6   | 83.064 | 98.584 | 99.090 | 90.423 | 90.423 |
|   7   | 84.277 | 98.635 | 99.141 | 90.998 | 90.998 |
+-------+--------+--------+--------+--------+--------+
     logs:  {'epo': 7, 'R1': np.float32(84.277), 'R5': np.float32(98.635), 'R10': np.float32(99.141), 'mAP': np.float32(90.998), 'mINP': np.float32(90.998), 'lr': 0.000398, 'entropy': 0.05575, 'loss': 0.05575}
      TTA Epoch: [8] [ 0/61]  eta: 0:00:28  lr: 0.000389  entropy: 0.0286  loss: 0.0286  time: 0.4712  data: 0.4195  max mem: 2671
      TTA Epoch: [8] [60/61]  eta: 0:00:00  lr: 0.000372  entropy: 0.0643  loss: 0.0643  time: 0.0329  data: 0.0002  max mem: 2671
      TTA Epoch: [8] Total time: 0:00:02 (0.0408 s / it)
     Averaged stats: lr: 0.0004  entropy: 0.0529  loss: 0.0529
     Computing matching score
      Evaluation: [   0/1978]  eta: 0:01:32    time: 0.0468  data: 0.0034  max mem: 2671
      Evaluation: [ 100/1978]  eta: 0:01:17    time: 0.0412  data: 0.0000  max mem: 2671
      Evaluation: [ 200/1978]  eta: 0:01:14    time: 0.0461  data: 0.0000  max mem: 2671
      Evaluation: [ 300/1978]  eta: 0:01:11    time: 0.0416  data: 0.0000  max mem: 2671
      Evaluation: [ 400/1978]  eta: 0:01:08    time: 0.0465  data: 0.0000  max mem: 2671
      Evaluation: [ 500/1978]  eta: 0:01:04    time: 0.0415  data: 0.0000  max mem: 2671
      Evaluation: [ 600/1978]  eta: 0:00:59    time: 0.0406  data: 0.0000  max mem: 2671
      Evaluation: [ 700/1978]  eta: 0:00:54    time: 0.0401  data: 0.0000  max mem: 2671
      Evaluation: [ 800/1978]  eta: 0:00:50    time: 0.0403  data: 0.0000  max mem: 2671
      Evaluation: [ 900/1978]  eta: 0:00:45    time: 0.0402  data: 0.0000  max mem: 2671
      Evaluation: [1000/1978]  eta: 0:00:41    time: 0.0399  data: 0.0000  max mem: 2671
      Evaluation: [1100/1978]  eta: 0:00:36    time: 0.0402  data: 0.0000  max mem: 2671
      Evaluation: [1200/1978]  eta: 0:00:32    time: 0.0406  data: 0.0000  max mem: 2671
      Evaluation: [1300/1978]  eta: 0:00:28    time: 0.0403  data: 0.0000  max mem: 2671
      Evaluation: [1400/1978]  eta: 0:00:24    time: 0.0415  data: 0.0000  max mem: 2671
      Evaluation: [1500/1978]  eta: 0:00:19    time: 0.0416  data: 0.0000  max mem: 2671
      Evaluation: [1600/1978]  eta: 0:00:15    time: 0.0431  data: 0.0000  max mem: 2671
      Evaluation: [1700/1978]  eta: 0:00:11    time: 0.0404  data: 0.0000  max mem: 2671
      Evaluation: [1800/1978]  eta: 0:00:07    time: 0.0494  data: 0.0000  max mem: 2671
      Evaluation: [1900/1978]  eta: 0:00:03    time: 0.0404  data: 0.0000  max mem: 2671
      Evaluation: [1977/1978]  eta: 0:00:00    time: 0.0399  data: 0.0000  max mem: 2671
      Evaluation: Total time: 0:01:23 (0.0420 s / it)
     Computing matching score time 0:01:23
### TTA ITM Score: 
+-------+--------+--------+--------+--------+--------+
| epoch |   R1   |   R5   |  R10   |  mAP   |  mINP  |
+-------+--------+--------+--------+--------+--------+
|  -999 | 69.414 | 95.197 | 97.776 | 81.233 | 81.233 |
|  -999 | 84.277 | 99.039 | 99.596 | 91.276 | 91.276 |
|   0   | 84.378 | 98.686 | 99.343 | 91.164 | 91.164 |
|   1   | 84.479 | 98.736 | 99.242 | 91.188 | 91.188 |
|   2   | 84.681 | 98.787 | 99.393 | 91.301 | 91.301 |
|   3   | 84.125 | 98.635 | 99.242 | 90.939 | 90.939 |
|   4   | 84.328 | 98.736 | 99.343 | 91.107 | 91.107 |
|   5   | 84.125 | 98.534 | 99.191 | 90.934 | 90.934 |
|   6   | 83.064 | 98.584 | 99.090 | 90.423 | 90.423 |
|   7   | 84.277 | 98.635 | 99.141 | 90.998 | 90.998 |
|   8   | 84.226 | 98.584 | 99.141 | 91.007 | 91.007 |
+-------+--------+--------+--------+--------+--------+
     logs:  {'epo': 8, 'R1': np.float32(84.226), 'R5': np.float32(98.584), 'R10': np.float32(99.141), 'mAP': np.float32(91.007), 'mINP': np.float32(91.007), 'lr': 0.000381, 'entropy': 0.052877, 'loss': 0.052877}
      TTA Epoch: [9] [ 0/61]  eta: 0:00:25  lr: 0.000372  entropy: 0.0302  loss: 0.0302  time: 0.4247  data: 0.3632  max mem: 2671
      TTA Epoch: [9] [60/61]  eta: 0:00:00  lr: 0.000355  entropy: 0.0791  loss: 0.0791  time: 0.0331  data: 0.0002  max mem: 2671
      TTA Epoch: [9] Total time: 0:00:02 (0.0409 s / it)
     Averaged stats: lr: 0.0004  entropy: 0.0411  loss: 0.0411
     Computing matching score
      Evaluation: [   0/1978]  eta: 0:01:28    time: 0.0448  data: 0.0025  max mem: 2671
      Evaluation: [ 100/1978]  eta: 0:01:17    time: 0.0409  data: 0.0000  max mem: 2671
      Evaluation: [ 200/1978]  eta: 0:01:13    time: 0.0410  data: 0.0000  max mem: 2671
      Evaluation: [ 300/1978]  eta: 0:01:09    time: 0.0414  data: 0.0000  max mem: 2671
      Evaluation: [ 400/1978]  eta: 0:01:05    time: 0.0413  data: 0.0000  max mem: 2671
      Evaluation: [ 500/1978]  eta: 0:01:01    time: 0.0414  data: 0.0000  max mem: 2671
      Evaluation: [ 600/1978]  eta: 0:00:56    time: 0.0415  data: 0.0000  max mem: 2671
      Evaluation: [ 700/1978]  eta: 0:00:52    time: 0.0412  data: 0.0000  max mem: 2671
      Evaluation: [ 800/1978]  eta: 0:00:48    time: 0.0411  data: 0.0000  max mem: 2671
      Evaluation: [ 900/1978]  eta: 0:00:44    time: 0.0440  data: 0.0000  max mem: 2671
      Evaluation: [1000/1978]  eta: 0:00:40    time: 0.0406  data: 0.0000  max mem: 2671
      Evaluation: [1100/1978]  eta: 0:00:36    time: 0.0475  data: 0.0000  max mem: 2671
      Evaluation: [1200/1978]  eta: 0:00:32    time: 0.0439  data: 0.0000  max mem: 2671
      Evaluation: [1300/1978]  eta: 0:00:28    time: 0.0408  data: 0.0000  max mem: 2671
      Evaluation: [1400/1978]  eta: 0:00:24    time: 0.0399  data: 0.0000  max mem: 2671
      Evaluation: [1500/1978]  eta: 0:00:19    time: 0.0407  data: 0.0000  max mem: 2671
      Evaluation: [1600/1978]  eta: 0:00:15    time: 0.0411  data: 0.0000  max mem: 2671
      Evaluation: [1700/1978]  eta: 0:00:11    time: 0.0410  data: 0.0000  max mem: 2671
      Evaluation: [1800/1978]  eta: 0:00:07    time: 0.0409  data: 0.0000  max mem: 2671
      Evaluation: [1900/1978]  eta: 0:00:03    time: 0.0401  data: 0.0000  max mem: 2671
      Evaluation: [1977/1978]  eta: 0:00:00    time: 0.0408  data: 0.0000  max mem: 2671
      Evaluation: Total time: 0:01:21 (0.0414 s / it)
     Computing matching score time 0:01:22
### TTA ITM Score: 
+-------+--------+--------+--------+--------+--------+
| epoch |   R1   |   R5   |  R10   |  mAP   |  mINP  |
+-------+--------+--------+--------+--------+--------+
|  -999 | 69.414 | 95.197 | 97.776 | 81.233 | 81.233 |
|  -999 | 84.277 | 99.039 | 99.596 | 91.276 | 91.276 |
|   0   | 84.378 | 98.686 | 99.343 | 91.164 | 91.164 |
|   1   | 84.479 | 98.736 | 99.242 | 91.188 | 91.188 |
|   2   | 84.681 | 98.787 | 99.393 | 91.301 | 91.301 |
|   3   | 84.125 | 98.635 | 99.242 | 90.939 | 90.939 |
|   4   | 84.328 | 98.736 | 99.343 | 91.107 | 91.107 |
|   5   | 84.125 | 98.534 | 99.191 | 90.934 | 90.934 |
|   6   | 83.064 | 98.584 | 99.090 | 90.423 | 90.423 |
|   7   | 84.277 | 98.635 | 99.141 | 90.998 | 90.998 |
|   8   | 84.226 | 98.584 | 99.141 | 91.007 | 91.007 |
|   9   | 84.075 | 98.534 | 99.141 | 90.917 | 90.917 |
+-------+--------+--------+--------+--------+--------+
     logs:  {'epo': 9, 'R1': np.float32(84.075), 'R5': np.float32(98.534), 'R10': np.float32(99.141), 'mAP': np.float32(90.917), 'mINP': np.float32(90.917), 'lr': 0.000364, 'entropy': 0.041147, 'loss': 0.041147}
      TTA Epoch: [10] [ 0/61]  eta: 0:00:25  lr: 0.000355  entropy: 0.0810  loss: 0.0810  time: 0.4125  data: 0.3570  max mem: 2671
      TTA Epoch: [10] [60/61]  eta: 0:00:00  lr: 0.000338  entropy: 0.0551  loss: 0.0551  time: 0.0335  data: 0.0002  max mem: 2671
      TTA Epoch: [10] Total time: 0:00:02 (0.0410 s / it)
     Averaged stats: lr: 0.0003  entropy: 0.0468  loss: 0.0468
     Computing matching score
      Evaluation: [   0/1978]  eta: 0:01:26    time: 0.0439  data: 0.0024  max mem: 2671
      Evaluation: [ 100/1978]  eta: 0:01:16    time: 0.0414  data: 0.0000  max mem: 2671
      Evaluation: [ 200/1978]  eta: 0:01:14    time: 0.0486  data: 0.0000  max mem: 2671
      Evaluation: [ 300/1978]  eta: 0:01:10    time: 0.0416  data: 0.0000  max mem: 2671
      Evaluation: [ 400/1978]  eta: 0:01:06    time: 0.0477  data: 0.0000  max mem: 2671
      Evaluation: [ 500/1978]  eta: 0:01:03    time: 0.0447  data: 0.0000  max mem: 2671
      Evaluation: [ 600/1978]  eta: 0:00:58    time: 0.0398  data: 0.0000  max mem: 2671
      Evaluation: [ 700/1978]  eta: 0:00:53    time: 0.0400  data: 0.0000  max mem: 2671
      Evaluation: [ 800/1978]  eta: 0:00:49    time: 0.0404  data: 0.0000  max mem: 2671
      Evaluation: [ 900/1978]  eta: 0:00:44    time: 0.0405  data: 0.0000  max mem: 2671
      Evaluation: [1000/1978]  eta: 0:00:40    time: 0.0405  data: 0.0000  max mem: 2671
      Evaluation: [1100/1978]  eta: 0:00:36    time: 0.0409  data: 0.0000  max mem: 2671
      Evaluation: [1200/1978]  eta: 0:00:32    time: 0.0405  data: 0.0000  max mem: 2671
      Evaluation: [1300/1978]  eta: 0:00:28    time: 0.0409  data: 0.0000  max mem: 2671
      Evaluation: [1400/1978]  eta: 0:00:23    time: 0.0405  data: 0.0000  max mem: 2671
      Evaluation: [1500/1978]  eta: 0:00:19    time: 0.0417  data: 0.0000  max mem: 2671
      Evaluation: [1600/1978]  eta: 0:00:15    time: 0.0413  data: 0.0000  max mem: 2671
      Evaluation: [1700/1978]  eta: 0:00:11    time: 0.0415  data: 0.0000  max mem: 2671
      Evaluation: [1800/1978]  eta: 0:00:07    time: 0.0484  data: 0.0000  max mem: 2671
      Evaluation: [1900/1978]  eta: 0:00:03    time: 0.0480  data: 0.0000  max mem: 2671
      Evaluation: [1977/1978]  eta: 0:00:00    time: 0.0407  data: 0.0000  max mem: 2671
      Evaluation: Total time: 0:01:22 (0.0418 s / it)
     Computing matching score time 0:01:22
### TTA ITM Score: 
+-------+--------+--------+--------+--------+--------+
| epoch |   R1   |   R5   |  R10   |  mAP   |  mINP  |
+-------+--------+--------+--------+--------+--------+
|  -999 | 69.414 | 95.197 | 97.776 | 81.233 | 81.233 |
|  -999 | 84.277 | 99.039 | 99.596 | 91.276 | 91.276 |
|   0   | 84.378 | 98.686 | 99.343 | 91.164 | 91.164 |
|   1   | 84.479 | 98.736 | 99.242 | 91.188 | 91.188 |
|   2   | 84.681 | 98.787 | 99.393 | 91.301 | 91.301 |
|   3   | 84.125 | 98.635 | 99.242 | 90.939 | 90.939 |
|   4   | 84.328 | 98.736 | 99.343 | 91.107 | 91.107 |
|   5   | 84.125 | 98.534 | 99.191 | 90.934 | 90.934 |
|   6   | 83.064 | 98.584 | 99.090 | 90.423 | 90.423 |
|   7   | 84.277 | 98.635 | 99.141 | 90.998 | 90.998 |
|   8   | 84.226 | 98.584 | 99.141 | 91.007 | 91.007 |
|   9   | 84.075 | 98.534 | 99.141 | 90.917 | 90.917 |
|   10  | 84.075 | 98.635 | 99.090 | 90.948 | 90.948 |
+-------+--------+--------+--------+--------+--------+
     logs:  {'epo': 10, 'R1': np.float32(84.075), 'R5': np.float32(98.635), 'R10': np.float32(99.09), 'mAP': np.float32(90.948), 'mINP': np.float32(90.948), 'lr': 0.000346, 'entropy': 0.04677, 'loss': 0.04677}
      TTA Epoch: [11] [ 0/61]  eta: 0:00:26  lr: 0.000338  entropy: 0.0195  loss: 0.0195  time: 0.4288  data: 0.3736  max mem: 2671
      TTA Epoch: [11] [60/61]  eta: 0:00:00  lr: 0.000128  entropy: 0.0825  loss: 0.0825  time: 0.0296  data: 0.0001  max mem: 2671
      TTA Epoch: [11] Total time: 0:00:02 (0.0386 s / it)
     Averaged stats: lr: 0.0002  entropy: 0.0453  loss: 0.0453
     Computing matching score
      Evaluation: [   0/1978]  eta: 0:01:30    time: 0.0458  data: 0.0025  max mem: 2671
      Evaluation: [ 100/1978]  eta: 0:01:16    time: 0.0403  data: 0.0000  max mem: 2671
      Evaluation: [ 200/1978]  eta: 0:01:12    time: 0.0401  data: 0.0000  max mem: 2671
      Evaluation: [ 300/1978]  eta: 0:01:07    time: 0.0404  data: 0.0000  max mem: 2671
      Evaluation: [ 400/1978]  eta: 0:01:03    time: 0.0405  data: 0.0000  max mem: 2671
      Evaluation: [ 500/1978]  eta: 0:00:59    time: 0.0408  data: 0.0000  max mem: 2671
      Evaluation: [ 600/1978]  eta: 0:00:55    time: 0.0405  data: 0.0000  max mem: 2671
      Evaluation: [ 700/1978]  eta: 0:00:51    time: 0.0410  data: 0.0000  max mem: 2671
      Evaluation: [ 800/1978]  eta: 0:00:47    time: 0.0429  data: 0.0000  max mem: 2671
      Evaluation: [ 900/1978]  eta: 0:00:44    time: 0.0425  data: 0.0000  max mem: 2671
      Evaluation: [1000/1978]  eta: 0:00:40    time: 0.0433  data: 0.0000  max mem: 2671
      Evaluation: [1100/1978]  eta: 0:00:36    time: 0.0436  data: 0.0000  max mem: 2671
      Evaluation: [1200/1978]  eta: 0:00:32    time: 0.0476  data: 0.0000  max mem: 2671
      Evaluation: [1300/1978]  eta: 0:00:28    time: 0.0403  data: 0.0000  max mem: 2671
      Evaluation: [1400/1978]  eta: 0:00:24    time: 0.0402  data: 0.0000  max mem: 2671
      Evaluation: [1500/1978]  eta: 0:00:19    time: 0.0408  data: 0.0000  max mem: 2671
      Evaluation: [1600/1978]  eta: 0:00:15    time: 0.0410  data: 0.0000  max mem: 2671
      Evaluation: [1700/1978]  eta: 0:00:11    time: 0.0399  data: 0.0000  max mem: 2671
      Evaluation: [1800/1978]  eta: 0:00:07    time: 0.0407  data: 0.0000  max mem: 2671
      Evaluation: [1900/1978]  eta: 0:00:03    time: 0.0403  data: 0.0000  max mem: 2671
      Evaluation: [1977/1978]  eta: 0:00:00    time: 0.0400  data: 0.0000  max mem: 2671
      Evaluation: Total time: 0:01:22 (0.0415 s / it)
     Computing matching score time 0:01:22
### TTA ITM Score: 
+-------+--------+--------+--------+--------+--------+
| epoch |   R1   |   R5   |  R10   |  mAP   |  mINP  |
+-------+--------+--------+--------+--------+--------+
|  -999 | 69.414 | 95.197 | 97.776 | 81.233 | 81.233 |
|  -999 | 84.277 | 99.039 | 99.596 | 91.276 | 91.276 |
|   0   | 84.378 | 98.686 | 99.343 | 91.164 | 91.164 |
|   1   | 84.479 | 98.736 | 99.242 | 91.188 | 91.188 |
|   2   | 84.681 | 98.787 | 99.393 | 91.301 | 91.301 |
|   3   | 84.125 | 98.635 | 99.242 | 90.939 | 90.939 |
|   4   | 84.328 | 98.736 | 99.343 | 91.107 | 91.107 |
|   5   | 84.125 | 98.534 | 99.191 | 90.934 | 90.934 |
|   6   | 83.064 | 98.584 | 99.090 | 90.423 | 90.423 |
|   7   | 84.277 | 98.635 | 99.141 | 90.998 | 90.998 |
|   8   | 84.226 | 98.584 | 99.141 | 91.007 | 91.007 |
|   9   | 84.075 | 98.534 | 99.141 | 90.917 | 90.917 |
|   10  | 84.075 | 98.635 | 99.090 | 90.948 | 90.948 |
|   11  | 84.328 | 98.483 | 99.141 | 91.047 | 91.047 |
+-------+--------+--------+--------+--------+--------+
     logs:  {'epo': 11, 'R1': np.float32(84.328), 'R5': np.float32(98.483), 'R10': np.float32(99.141), 'mAP': np.float32(91.047), 'mINP': np.float32(91.047), 'lr': 0.000223, 'entropy': 0.045329, 'loss': 0.045329}
      TTA Epoch: [12] [ 0/61]  eta: 0:00:30  lr: 0.000128  entropy: 0.0777  loss: 0.0777  time: 0.4985  data: 0.4479  max mem: 2671
      TTA Epoch: [12] [60/61]  eta: 0:00:00  lr: 0.000121  entropy: 0.0716  loss: 0.0716  time: 0.0307  data: 0.0001  max mem: 2671
      TTA Epoch: [12] Total time: 0:00:02 (0.0398 s / it)
     Averaged stats: lr: 0.0001  entropy: 0.0419  loss: 0.0419
     Computing matching score
      Evaluation: [   0/1978]  eta: 0:01:25    time: 0.0430  data: 0.0023  max mem: 2671
      Evaluation: [ 100/1978]  eta: 0:01:16    time: 0.0407  data: 0.0000  max mem: 2671
      Evaluation: [ 200/1978]  eta: 0:01:12    time: 0.0414  data: 0.0000  max mem: 2671
      Evaluation: [ 300/1978]  eta: 0:01:10    time: 0.0458  data: 0.0000  max mem: 2671
      Evaluation: [ 400/1978]  eta: 0:01:05    time: 0.0412  data: 0.0000  max mem: 2671
      Evaluation: [ 500/1978]  eta: 0:01:03    time: 0.0444  data: 0.0000  max mem: 2671
      Evaluation: [ 600/1978]  eta: 0:00:58    time: 0.0402  data: 0.0000  max mem: 2671
      Evaluation: [ 700/1978]  eta: 0:00:54    time: 0.0408  data: 0.0000  max mem: 2671
      Evaluation: [ 800/1978]  eta: 0:00:49    time: 0.0404  data: 0.0000  max mem: 2671
      Evaluation: [ 900/1978]  eta: 0:00:45    time: 0.0400  data: 0.0000  max mem: 2671
      Evaluation: [1000/1978]  eta: 0:00:40    time: 0.0401  data: 0.0000  max mem: 2671
      Evaluation: [1100/1978]  eta: 0:00:36    time: 0.0398  data: 0.0000  max mem: 2671
      Evaluation: [1200/1978]  eta: 0:00:32    time: 0.0407  data: 0.0000  max mem: 2671
      Evaluation: [1300/1978]  eta: 0:00:28    time: 0.0398  data: 0.0000  max mem: 2671
      Evaluation: [1400/1978]  eta: 0:00:23    time: 0.0405  data: 0.0000  max mem: 2671
      Evaluation: [1500/1978]  eta: 0:00:19    time: 0.0413  data: 0.0000  max mem: 2671
      Evaluation: [1600/1978]  eta: 0:00:15    time: 0.0404  data: 0.0000  max mem: 2671
      Evaluation: [1700/1978]  eta: 0:00:11    time: 0.0416  data: 0.0000  max mem: 2671
      Evaluation: [1800/1978]  eta: 0:00:07    time: 0.0493  data: 0.0000  max mem: 2671
      Evaluation: [1900/1978]  eta: 0:00:03    time: 0.0457  data: 0.0000  max mem: 2671
      Evaluation: [1977/1978]  eta: 0:00:00    time: 0.0398  data: 0.0000  max mem: 2671
      Evaluation: Total time: 0:01:22 (0.0418 s / it)
     Computing matching score time 0:01:22
### TTA ITM Score: 
+-------+--------+--------+--------+--------+--------+
| epoch |   R1   |   R5   |  R10   |  mAP   |  mINP  |
+-------+--------+--------+--------+--------+--------+
|  -999 | 69.414 | 95.197 | 97.776 | 81.233 | 81.233 |
|  -999 | 84.277 | 99.039 | 99.596 | 91.276 | 91.276 |
|   0   | 84.378 | 98.686 | 99.343 | 91.164 | 91.164 |
|   1   | 84.479 | 98.736 | 99.242 | 91.188 | 91.188 |
|   2   | 84.681 | 98.787 | 99.393 | 91.301 | 91.301 |
|   3   | 84.125 | 98.635 | 99.242 | 90.939 | 90.939 |
|   4   | 84.328 | 98.736 | 99.343 | 91.107 | 91.107 |
|   5   | 84.125 | 98.534 | 99.191 | 90.934 | 90.934 |
|   6   | 83.064 | 98.584 | 99.090 | 90.423 | 90.423 |
|   7   | 84.277 | 98.635 | 99.141 | 90.998 | 90.998 |
|   8   | 84.226 | 98.584 | 99.141 | 91.007 | 91.007 |
|   9   | 84.075 | 98.534 | 99.141 | 90.917 | 90.917 |
|   10  | 84.075 | 98.635 | 99.090 | 90.948 | 90.948 |
|   11  | 84.328 | 98.483 | 99.141 | 91.047 | 91.047 |
|   12  | 84.328 | 98.534 | 99.141 | 91.053 | 91.053 |
+-------+--------+--------+--------+--------+--------+
     logs:  {'epo': 12, 'R1': np.float32(84.328), 'R5': np.float32(98.534), 'R10': np.float32(99.141), 'mAP': np.float32(91.053), 'mINP': np.float32(91.053), 'lr': 0.000125, 'entropy': 0.041903, 'loss': 0.041903}
      TTA Epoch: [13] [ 0/61]  eta: 0:00:26  lr: 0.000121  entropy: 0.0047  loss: 0.0047  time: 0.4326  data: 0.3716  max mem: 2671
      TTA Epoch: [13] [60/61]  eta: 0:00:00  lr: 0.000114  entropy: 0.0414  loss: 0.0414  time: 0.0328  data: 0.0002  max mem: 2671
      TTA Epoch: [13] Total time: 0:00:02 (0.0399 s / it)
     Averaged stats: lr: 0.0001  entropy: 0.0450  loss: 0.0450
     Computing matching score
      Evaluation: [   0/1978]  eta: 0:01:37    time: 0.0493  data: 0.0035  max mem: 2671
      Evaluation: [ 100/1978]  eta: 0:01:15    time: 0.0400  data: 0.0000  max mem: 2671
      Evaluation: [ 200/1978]  eta: 0:01:11    time: 0.0406  data: 0.0000  max mem: 2671
      Evaluation: [ 300/1978]  eta: 0:01:07    time: 0.0404  data: 0.0000  max mem: 2671
      Evaluation: [ 400/1978]  eta: 0:01:03    time: 0.0402  data: 0.0000  max mem: 2671
      Evaluation: [ 500/1978]  eta: 0:00:59    time: 0.0402  data: 0.0000  max mem: 2671
      Evaluation: [ 600/1978]  eta: 0:00:55    time: 0.0406  data: 0.0000  max mem: 2671
      Evaluation: [ 700/1978]  eta: 0:00:51    time: 0.0408  data: 0.0000  max mem: 2671
      Evaluation: [ 800/1978]  eta: 0:00:47    time: 0.0410  data: 0.0000  max mem: 2671
      Evaluation: [ 900/1978]  eta: 0:00:43    time: 0.0411  data: 0.0000  max mem: 2671
      Evaluation: [1000/1978]  eta: 0:00:39    time: 0.0471  data: 0.0000  max mem: 2671
      Evaluation: [1100/1978]  eta: 0:00:35    time: 0.0470  data: 0.0000  max mem: 2671
      Evaluation: [1200/1978]  eta: 0:00:32    time: 0.0454  data: 0.0000  max mem: 2671
      Evaluation: [1300/1978]  eta: 0:00:28    time: 0.0399  data: 0.0000  max mem: 2671
      Evaluation: [1400/1978]  eta: 0:00:23    time: 0.0400  data: 0.0000  max mem: 2671
      Evaluation: [1500/1978]  eta: 0:00:19    time: 0.0401  data: 0.0000  max mem: 2671
      Evaluation: [1600/1978]  eta: 0:00:15    time: 0.0409  data: 0.0000  max mem: 2671
      Evaluation: [1700/1978]  eta: 0:00:11    time: 0.0406  data: 0.0000  max mem: 2671
      Evaluation: [1800/1978]  eta: 0:00:07    time: 0.0403  data: 0.0000  max mem: 2671
      Evaluation: [1900/1978]  eta: 0:00:03    time: 0.0401  data: 0.0000  max mem: 2671
      Evaluation: [1977/1978]  eta: 0:00:00    time: 0.0402  data: 0.0000  max mem: 2671
      Evaluation: Total time: 0:01:21 (0.0411 s / it)
     Computing matching score time 0:01:21
### TTA ITM Score: 
+-------+--------+--------+--------+--------+--------+
| epoch |   R1   |   R5   |  R10   |  mAP   |  mINP  |
+-------+--------+--------+--------+--------+--------+
|  -999 | 69.414 | 95.197 | 97.776 | 81.233 | 81.233 |
|  -999 | 84.277 | 99.039 | 99.596 | 91.276 | 91.276 |
|   0   | 84.378 | 98.686 | 99.343 | 91.164 | 91.164 |
|   1   | 84.479 | 98.736 | 99.242 | 91.188 | 91.188 |
|   2   | 84.681 | 98.787 | 99.393 | 91.301 | 91.301 |
|   3   | 84.125 | 98.635 | 99.242 | 90.939 | 90.939 |
|   4   | 84.328 | 98.736 | 99.343 | 91.107 | 91.107 |
|   5   | 84.125 | 98.534 | 99.191 | 90.934 | 90.934 |
|   6   | 83.064 | 98.584 | 99.090 | 90.423 | 90.423 |
|   7   | 84.277 | 98.635 | 99.141 | 90.998 | 90.998 |
|   8   | 84.226 | 98.584 | 99.141 | 91.007 | 91.007 |
|   9   | 84.075 | 98.534 | 99.141 | 90.917 | 90.917 |
|   10  | 84.075 | 98.635 | 99.090 | 90.948 | 90.948 |
|   11  | 84.328 | 98.483 | 99.141 | 91.047 | 91.047 |
|   12  | 84.328 | 98.534 | 99.141 | 91.053 | 91.053 |
|   13  | 84.378 | 98.534 | 99.141 | 91.092 | 91.092 |
+-------+--------+--------+--------+--------+--------+
     logs:  {'epo': 13, 'R1': np.float32(84.378), 'R5': np.float32(98.534), 'R10': np.float32(99.141), 'mAP': np.float32(91.092), 'mINP': np.float32(91.092), 'lr': 0.000118, 'entropy': 0.044978, 'loss': 0.044978}
      TTA Epoch: [14] [ 0/61]  eta: 0:00:37  lr: 0.000114  entropy: 0.0045  loss: 0.0045  time: 0.6157  data: 0.5462  max mem: 2671
      TTA Epoch: [14] [60/61]  eta: 0:00:00  lr: 0.000107  entropy: 0.0190  loss: 0.0190  time: 0.0358  data: 0.0002  max mem: 2671
      TTA Epoch: [14] Total time: 0:00:02 (0.0481 s / it)
     Averaged stats: lr: 0.0001  entropy: 0.0409  loss: 0.0409
     Computing matching score
      Evaluation: [   0/1978]  eta: 0:01:33    time: 0.0472  data: 0.0034  max mem: 2671
      Evaluation: [ 100/1978]  eta: 0:01:16    time: 0.0411  data: 0.0000  max mem: 2671
      Evaluation: [ 200/1978]  eta: 0:01:13    time: 0.0412  data: 0.0000  max mem: 2671
      Evaluation: [ 300/1978]  eta: 0:01:09    time: 0.0434  data: 0.0000  max mem: 2671
      Evaluation: [ 400/1978]  eta: 0:01:05    time: 0.0408  data: 0.0000  max mem: 2671
      Evaluation: [ 500/1978]  eta: 0:01:01    time: 0.0435  data: 0.0000  max mem: 2671
      Evaluation: [ 600/1978]  eta: 0:00:58    time: 0.0444  data: 0.0000  max mem: 2671
      Evaluation: [ 700/1978]  eta: 0:00:53    time: 0.0403  data: 0.0000  max mem: 2671
      Evaluation: [ 800/1978]  eta: 0:00:49    time: 0.0402  data: 0.0000  max mem: 2671
      Evaluation: [ 900/1978]  eta: 0:00:45    time: 0.0405  data: 0.0000  max mem: 2671
      Evaluation: [1000/1978]  eta: 0:00:40    time: 0.0405  data: 0.0000  max mem: 2671
      Evaluation: [1100/1978]  eta: 0:00:36    time: 0.0405  data: 0.0000  max mem: 2671
      Evaluation: [1200/1978]  eta: 0:00:32    time: 0.0411  data: 0.0000  max mem: 2671
      Evaluation: [1300/1978]  eta: 0:00:28    time: 0.0403  data: 0.0000  max mem: 2671
      Evaluation: [1400/1978]  eta: 0:00:23    time: 0.0407  data: 0.0000  max mem: 2671
      Evaluation: [1500/1978]  eta: 0:00:19    time: 0.0406  data: 0.0000  max mem: 2671
      Evaluation: [1600/1978]  eta: 0:00:15    time: 0.0405  data: 0.0000  max mem: 2671
      Evaluation: [1700/1978]  eta: 0:00:11    time: 0.0412  data: 0.0000  max mem: 2671
      Evaluation: [1800/1978]  eta: 0:00:07    time: 0.0422  data: 0.0000  max mem: 2671
      Evaluation: [1900/1978]  eta: 0:00:03    time: 0.0415  data: 0.0000  max mem: 2671
      Evaluation: [1977/1978]  eta: 0:00:00    time: 0.0411  data: 0.0000  max mem: 2671
      Evaluation: Total time: 0:01:21 (0.0413 s / it)
     Computing matching score time 0:01:21
### TTA ITM Score: 
+-------+--------+--------+--------+--------+--------+
| epoch |   R1   |   R5   |  R10   |  mAP   |  mINP  |
+-------+--------+--------+--------+--------+--------+
|  -999 | 69.414 | 95.197 | 97.776 | 81.233 | 81.233 |
|  -999 | 84.277 | 99.039 | 99.596 | 91.276 | 91.276 |
|   0   | 84.378 | 98.686 | 99.343 | 91.164 | 91.164 |
|   1   | 84.479 | 98.736 | 99.242 | 91.188 | 91.188 |
|   2   | 84.681 | 98.787 | 99.393 | 91.301 | 91.301 |
|   3   | 84.125 | 98.635 | 99.242 | 90.939 | 90.939 |
|   4   | 84.328 | 98.736 | 99.343 | 91.107 | 91.107 |
|   5   | 84.125 | 98.534 | 99.191 | 90.934 | 90.934 |
|   6   | 83.064 | 98.584 | 99.090 | 90.423 | 90.423 |
|   7   | 84.277 | 98.635 | 99.141 | 90.998 | 90.998 |
|   8   | 84.226 | 98.584 | 99.141 | 91.007 | 91.007 |
|   9   | 84.075 | 98.534 | 99.141 | 90.917 | 90.917 |
|   10  | 84.075 | 98.635 | 99.090 | 90.948 | 90.948 |
|   11  | 84.328 | 98.483 | 99.141 | 91.047 | 91.047 |
|   12  | 84.328 | 98.534 | 99.141 | 91.053 | 91.053 |
|   13  | 84.378 | 98.534 | 99.141 | 91.092 | 91.092 |
|   14  | 84.429 | 98.483 | 99.141 | 91.106 | 91.106 |
+-------+--------+--------+--------+--------+--------+
     logs:  {'epo': 14, 'R1': np.float32(84.429), 'R5': np.float32(98.483), 'R10': np.float32(99.141), 'mAP': np.float32(91.106), 'mINP': np.float32(91.106), 'lr': 0.000111, 'entropy': 0.040861, 'loss': 0.040861}
      TTA Epoch: [15] [ 0/61]  eta: 0:00:48  lr: 0.000107  entropy: 0.0663  loss: 0.0663  time: 0.8031  data: 0.7218  max mem: 2671
      TTA Epoch: [15] [60/61]  eta: 0:00:00  lr: 0.000100  entropy: 0.0427  loss: 0.0427  time: 0.0503  data: 0.0105  max mem: 2671
      TTA Epoch: [15] Total time: 0:00:03 (0.0642 s / it)
     Averaged stats: lr: 0.0001  entropy: 0.0388  loss: 0.0388
     Computing matching score
      Evaluation: [   0/1978]  eta: 0:01:41    time: 0.0514  data: 0.0034  max mem: 2671
      Evaluation: [ 100/1978]  eta: 0:01:21    time: 0.0405  data: 0.0000  max mem: 2671
      Evaluation: [ 200/1978]  eta: 0:01:14    time: 0.0401  data: 0.0000  max mem: 2671
      Evaluation: [ 300/1978]  eta: 0:01:09    time: 0.0401  data: 0.0000  max mem: 2671
      Evaluation: [ 400/1978]  eta: 0:01:04    time: 0.0403  data: 0.0000  max mem: 2671
      Evaluation: [ 500/1978]  eta: 0:01:00    time: 0.0413  data: 0.0000  max mem: 2671
      Evaluation: [ 600/1978]  eta: 0:00:56    time: 0.0410  data: 0.0000  max mem: 2671
      Evaluation: [ 700/1978]  eta: 0:00:52    time: 0.0412  data: 0.0000  max mem: 2671
      Evaluation: [ 800/1978]  eta: 0:00:48    time: 0.0419  data: 0.0000  max mem: 2671
      Evaluation: [ 900/1978]  eta: 0:00:44    time: 0.0419  data: 0.0000  max mem: 2671
      Evaluation: [1000/1978]  eta: 0:00:40    time: 0.0422  data: 0.0000  max mem: 2671
      Evaluation: [1100/1978]  eta: 0:00:36    time: 0.0419  data: 0.0000  max mem: 2671
      Evaluation: [1200/1978]  eta: 0:00:32    time: 0.0442  data: 0.0000  max mem: 2671
      Evaluation: [1300/1978]  eta: 0:00:28    time: 0.0412  data: 0.0000  max mem: 2671
      Evaluation: [1400/1978]  eta: 0:00:24    time: 0.0470  data: 0.0000  max mem: 2671
      Evaluation: [1500/1978]  eta: 0:00:20    time: 0.0466  data: 0.0000  max mem: 2671
      Evaluation: [1600/1978]  eta: 0:00:15    time: 0.0402  data: 0.0000  max mem: 2671
      Evaluation: [1700/1978]  eta: 0:00:11    time: 0.0407  data: 0.0000  max mem: 2671
      Evaluation: [1800/1978]  eta: 0:00:07    time: 0.0411  data: 0.0000  max mem: 2671
      Evaluation: [1900/1978]  eta: 0:00:03    time: 0.0410  data: 0.0000  max mem: 2671
      Evaluation: [1977/1978]  eta: 0:00:00    time: 0.0406  data: 0.0000  max mem: 2671
      Evaluation: Total time: 0:01:22 (0.0417 s / it)
     Computing matching score time 0:01:22
### TTA ITM Score: 
+-------+--------+--------+--------+--------+--------+
| epoch |   R1   |   R5   |  R10   |  mAP   |  mINP  |
+-------+--------+--------+--------+--------+--------+
|  -999 | 69.414 | 95.197 | 97.776 | 81.233 | 81.233 |
|  -999 | 84.277 | 99.039 | 99.596 | 91.276 | 91.276 |
|   0   | 84.378 | 98.686 | 99.343 | 91.164 | 91.164 |
|   1   | 84.479 | 98.736 | 99.242 | 91.188 | 91.188 |
|   2   | 84.681 | 98.787 | 99.393 | 91.301 | 91.301 |
|   3   | 84.125 | 98.635 | 99.242 | 90.939 | 90.939 |
|   4   | 84.328 | 98.736 | 99.343 | 91.107 | 91.107 |
|   5   | 84.125 | 98.534 | 99.191 | 90.934 | 90.934 |
|   6   | 83.064 | 98.584 | 99.090 | 90.423 | 90.423 |
|   7   | 84.277 | 98.635 | 99.141 | 90.998 | 90.998 |
|   8   | 84.226 | 98.584 | 99.141 | 91.007 | 91.007 |
|   9   | 84.075 | 98.534 | 99.141 | 90.917 | 90.917 |
|   10  | 84.075 | 98.635 | 99.090 | 90.948 | 90.948 |
|   11  | 84.328 | 98.483 | 99.141 | 91.047 | 91.047 |
|   12  | 84.328 | 98.534 | 99.141 | 91.053 | 91.053 |
|   13  | 84.378 | 98.534 | 99.141 | 91.092 | 91.092 |
|   14  | 84.429 | 98.483 | 99.141 | 91.106 | 91.106 |
|   15  | 84.429 | 98.483 | 99.141 | 91.097 | 91.097 |
+-------+--------+--------+--------+--------+--------+
     logs:  {'epo': 15, 'R1': np.float32(84.429), 'R5': np.float32(98.483), 'R10': np.float32(99.141), 'mAP': np.float32(91.097), 'mINP': np.float32(91.097), 'lr': 0.000104, 'entropy': 0.038832, 'loss': 0.038832}
      TTA Epoch: [16] [ 0/61]  eta: 0:00:26  lr: 0.000100  entropy: 0.0241  loss: 0.0241  time: 0.4272  data: 0.3732  max mem: 2671
      TTA Epoch: [16] [60/61]  eta: 0:00:00  lr: 0.000094  entropy: 0.0206  loss: 0.0206  time: 0.0353  data: 0.0024  max mem: 2671
      TTA Epoch: [16] Total time: 0:00:02 (0.0411 s / it)
     Averaged stats: lr: 0.0001  entropy: 0.0382  loss: 0.0382
     Computing matching score
      Evaluation: [   0/1978]  eta: 0:01:23    time: 0.0423  data: 0.0024  max mem: 2671
      Evaluation: [ 100/1978]  eta: 0:01:15    time: 0.0402  data: 0.0000  max mem: 2671
      Evaluation: [ 200/1978]  eta: 0:01:11    time: 0.0400  data: 0.0000  max mem: 2671
      Evaluation: [ 300/1978]  eta: 0:01:07    time: 0.0403  data: 0.0000  max mem: 2671
      Evaluation: [ 400/1978]  eta: 0:01:03    time: 0.0407  data: 0.0000  max mem: 2671
      Evaluation: [ 500/1978]  eta: 0:00:59    time: 0.0408  data: 0.0000  max mem: 2671
      Evaluation: [ 600/1978]  eta: 0:00:56    time: 0.0443  data: 0.0000  max mem: 2671
      Evaluation: [ 700/1978]  eta: 0:00:52    time: 0.0409  data: 0.0000  max mem: 2671
      Evaluation: [ 800/1978]  eta: 0:00:48    time: 0.0435  data: 0.0000  max mem: 2671
      Evaluation: [ 900/1978]  eta: 0:00:44    time: 0.0405  data: 0.0000  max mem: 2671
      Evaluation: [1000/1978]  eta: 0:00:40    time: 0.0401  data: 0.0000  max mem: 2671
      Evaluation: [1100/1978]  eta: 0:00:36    time: 0.0403  data: 0.0000  max mem: 2671
      Evaluation: [1200/1978]  eta: 0:00:32    time: 0.0400  data: 0.0000  max mem: 2671
      Evaluation: [1300/1978]  eta: 0:00:27    time: 0.0400  data: 0.0000  max mem: 2671
      Evaluation: [1400/1978]  eta: 0:00:23    time: 0.0413  data: 0.0000  max mem: 2671
      Evaluation: [1500/1978]  eta: 0:00:19    time: 0.0402  data: 0.0000  max mem: 2671
      Evaluation: [1600/1978]  eta: 0:00:15    time: 0.0402  data: 0.0000  max mem: 2671
      Evaluation: [1700/1978]  eta: 0:00:11    time: 0.0404  data: 0.0000  max mem: 2671
      Evaluation: [1800/1978]  eta: 0:00:07    time: 0.0417  data: 0.0000  max mem: 2671
      Evaluation: [1900/1978]  eta: 0:00:03    time: 0.0407  data: 0.0000  max mem: 2671
      Evaluation: [1977/1978]  eta: 0:00:00    time: 0.0434  data: 0.0000  max mem: 2671
      Evaluation: Total time: 0:01:21 (0.0411 s / it)
     Computing matching score time 0:01:21
### TTA ITM Score: 
+-------+--------+--------+--------+--------+--------+
| epoch |   R1   |   R5   |  R10   |  mAP   |  mINP  |
+-------+--------+--------+--------+--------+--------+
|  -999 | 69.414 | 95.197 | 97.776 | 81.233 | 81.233 |
|  -999 | 84.277 | 99.039 | 99.596 | 91.276 | 91.276 |
|   0   | 84.378 | 98.686 | 99.343 | 91.164 | 91.164 |
|   1   | 84.479 | 98.736 | 99.242 | 91.188 | 91.188 |
|   2   | 84.681 | 98.787 | 99.393 | 91.301 | 91.301 |
|   3   | 84.125 | 98.635 | 99.242 | 90.939 | 90.939 |
|   4   | 84.328 | 98.736 | 99.343 | 91.107 | 91.107 |
|   5   | 84.125 | 98.534 | 99.191 | 90.934 | 90.934 |
|   6   | 83.064 | 98.584 | 99.090 | 90.423 | 90.423 |
|   7   | 84.277 | 98.635 | 99.141 | 90.998 | 90.998 |
|   8   | 84.226 | 98.584 | 99.141 | 91.007 | 91.007 |
|   9   | 84.075 | 98.534 | 99.141 | 90.917 | 90.917 |
|   10  | 84.075 | 98.635 | 99.090 | 90.948 | 90.948 |
|   11  | 84.328 | 98.483 | 99.141 | 91.047 | 91.047 |
|   12  | 84.328 | 98.534 | 99.141 | 91.053 | 91.053 |
|   13  | 84.378 | 98.534 | 99.141 | 91.092 | 91.092 |
|   14  | 84.429 | 98.483 | 99.141 | 91.106 | 91.106 |
|   15  | 84.429 | 98.483 | 99.141 | 91.097 | 91.097 |
|   16  | 84.479 | 98.483 | 99.141 | 91.130 | 91.130 |
+-------+--------+--------+--------+--------+--------+
     logs:  {'epo': 16, 'R1': np.float32(84.479), 'R5': np.float32(98.483), 'R10': np.float32(99.141), 'mAP': np.float32(91.13), 'mINP': np.float32(91.13), 'lr': 9.7e-05, 'entropy': 0.03819, 'loss': 0.03819}
      TTA Epoch: [17] [ 0/61]  eta: 0:00:36  lr: 0.000093  entropy: 0.0228  loss: 0.0228  time: 0.5933  data: 0.5065  max mem: 2671
      TTA Epoch: [17] [60/61]  eta: 0:00:00  lr: 0.000087  entropy: 0.0939  loss: 0.0939  time: 0.0335  data: 0.0001  max mem: 2671
      TTA Epoch: [17] Total time: 0:00:02 (0.0463 s / it)
     Averaged stats: lr: 0.0001  entropy: 0.0423  loss: 0.0423
     Computing matching score
      Evaluation: [   0/1978]  eta: 0:01:27    time: 0.0443  data: 0.0024  max mem: 2671
      Evaluation: [ 100/1978]  eta: 0:01:23    time: 0.0486  data: 0.0000  max mem: 2671
      Evaluation: [ 200/1978]  eta: 0:01:19    time: 0.0396  data: 0.0000  max mem: 2671
      Evaluation: [ 300/1978]  eta: 0:01:12    time: 0.0396  data: 0.0000  max mem: 2671
      Evaluation: [ 400/1978]  eta: 0:01:06    time: 0.0417  data: 0.0000  max mem: 2671
      Evaluation: [ 500/1978]  eta: 0:01:02    time: 0.0402  data: 0.0000  max mem: 2671
      Evaluation: [ 600/1978]  eta: 0:00:57    time: 0.0401  data: 0.0000  max mem: 2671
      Evaluation: [ 700/1978]  eta: 0:00:53    time: 0.0405  data: 0.0000  max mem: 2671
      Evaluation: [ 800/1978]  eta: 0:00:48    time: 0.0401  data: 0.0000  max mem: 2671
      Evaluation: [ 900/1978]  eta: 0:00:44    time: 0.0398  data: 0.0000  max mem: 2671
      Evaluation: [1000/1978]  eta: 0:00:40    time: 0.0414  data: 0.0000  max mem: 2671
      Evaluation: [1100/1978]  eta: 0:00:36    time: 0.0410  data: 0.0000  max mem: 2671
      Evaluation: [1200/1978]  eta: 0:00:31    time: 0.0406  data: 0.0000  max mem: 2671
      Evaluation: [1300/1978]  eta: 0:00:27    time: 0.0453  data: 0.0000  max mem: 2671
      Evaluation: [1400/1978]  eta: 0:00:23    time: 0.0400  data: 0.0000  max mem: 2671
      Evaluation: [1500/1978]  eta: 0:00:19    time: 0.0444  data: 0.0000  max mem: 2671
      Evaluation: [1600/1978]  eta: 0:00:15    time: 0.0398  data: 0.0000  max mem: 2671
      Evaluation: [1700/1978]  eta: 0:00:11    time: 0.0396  data: 0.0000  max mem: 2671
      Evaluation: [1800/1978]  eta: 0:00:07    time: 0.0405  data: 0.0000  max mem: 2671
      Evaluation: [1900/1978]  eta: 0:00:03    time: 0.0399  data: 0.0000  max mem: 2671
      Evaluation: [1977/1978]  eta: 0:00:00    time: 0.0399  data: 0.0000  max mem: 2671
      Evaluation: Total time: 0:01:21 (0.0413 s / it)
     Computing matching score time 0:01:21
### TTA ITM Score: 
+-------+--------+--------+--------+--------+--------+
| epoch |   R1   |   R5   |  R10   |  mAP   |  mINP  |
+-------+--------+--------+--------+--------+--------+
|  -999 | 69.414 | 95.197 | 97.776 | 81.233 | 81.233 |
|  -999 | 84.277 | 99.039 | 99.596 | 91.276 | 91.276 |
|   0   | 84.378 | 98.686 | 99.343 | 91.164 | 91.164 |
|   1   | 84.479 | 98.736 | 99.242 | 91.188 | 91.188 |
|   2   | 84.681 | 98.787 | 99.393 | 91.301 | 91.301 |
|   3   | 84.125 | 98.635 | 99.242 | 90.939 | 90.939 |
|   4   | 84.328 | 98.736 | 99.343 | 91.107 | 91.107 |
|   5   | 84.125 | 98.534 | 99.191 | 90.934 | 90.934 |
|   6   | 83.064 | 98.584 | 99.090 | 90.423 | 90.423 |
|   7   | 84.277 | 98.635 | 99.141 | 90.998 | 90.998 |
|   8   | 84.226 | 98.584 | 99.141 | 91.007 | 91.007 |
|   9   | 84.075 | 98.534 | 99.141 | 90.917 | 90.917 |
|   10  | 84.075 | 98.635 | 99.090 | 90.948 | 90.948 |
|   11  | 84.328 | 98.483 | 99.141 | 91.047 | 91.047 |
|   12  | 84.328 | 98.534 | 99.141 | 91.053 | 91.053 |
|   13  | 84.378 | 98.534 | 99.141 | 91.092 | 91.092 |
|   14  | 84.429 | 98.483 | 99.141 | 91.106 | 91.106 |
|   15  | 84.429 | 98.483 | 99.141 | 91.097 | 91.097 |
|   16  | 84.479 | 98.483 | 99.141 | 91.130 | 91.130 |
|   17  | 84.530 | 98.483 | 99.141 | 91.152 | 91.152 |
+-------+--------+--------+--------+--------+--------+
     logs:  {'epo': 17, 'R1': np.float32(84.53), 'R5': np.float32(98.483), 'R10': np.float32(99.141), 'mAP': np.float32(91.152), 'mINP': np.float32(91.152), 'lr': 9e-05, 'entropy': 0.04227, 'loss': 0.04227}
      TTA Epoch: [18] [ 0/61]  eta: 0:00:27  lr: 0.000086  entropy: 0.0090  loss: 0.0090  time: 0.4431  data: 0.3823  max mem: 2671
      TTA Epoch: [18] [60/61]  eta: 0:00:00  lr: 0.000080  entropy: 0.0212  loss: 0.0212  time: 0.0327  data: 0.0001  max mem: 2671
      TTA Epoch: [18] Total time: 0:00:02 (0.0406 s / it)
     Averaged stats: lr: 0.0001  entropy: 0.0425  loss: 0.0425
     Computing matching score
      Evaluation: [   0/1978]  eta: 0:01:28    time: 0.0445  data: 0.0033  max mem: 2671
      Evaluation: [ 100/1978]  eta: 0:01:15    time: 0.0403  data: 0.0000  max mem: 2671
      Evaluation: [ 200/1978]  eta: 0:01:11    time: 0.0408  data: 0.0000  max mem: 2671
      Evaluation: [ 300/1978]  eta: 0:01:07    time: 0.0401  data: 0.0000  max mem: 2671
      Evaluation: [ 400/1978]  eta: 0:01:03    time: 0.0404  data: 0.0000  max mem: 2671
      Evaluation: [ 500/1978]  eta: 0:00:59    time: 0.0414  data: 0.0000  max mem: 2671
      Evaluation: [ 600/1978]  eta: 0:00:56    time: 0.0440  data: 0.0000  max mem: 2671
      Evaluation: [ 700/1978]  eta: 0:00:52    time: 0.0423  data: 0.0000  max mem: 2671
      Evaluation: [ 800/1978]  eta: 0:00:48    time: 0.0468  data: 0.0000  max mem: 2671
      Evaluation: [ 900/1978]  eta: 0:00:44    time: 0.0455  data: 0.0000  max mem: 2671
      Evaluation: [1000/1978]  eta: 0:00:40    time: 0.0404  data: 0.0000  max mem: 2671
      Evaluation: [1100/1978]  eta: 0:00:36    time: 0.0399  data: 0.0000  max mem: 2671
      Evaluation: [1200/1978]  eta: 0:00:32    time: 0.0404  data: 0.0000  max mem: 2671
      Evaluation: [1300/1978]  eta: 0:00:28    time: 0.0413  data: 0.0000  max mem: 2671
      Evaluation: [1400/1978]  eta: 0:00:23    time: 0.0413  data: 0.0000  max mem: 2671
      Evaluation: [1500/1978]  eta: 0:00:19    time: 0.0407  data: 0.0000  max mem: 2671
      Evaluation: [1600/1978]  eta: 0:00:15    time: 0.0407  data: 0.0000  max mem: 2671
      Evaluation: [1700/1978]  eta: 0:00:11    time: 0.0405  data: 0.0000  max mem: 2671
      Evaluation: [1800/1978]  eta: 0:00:07    time: 0.0404  data: 0.0000  max mem: 2671
      Evaluation: [1900/1978]  eta: 0:00:03    time: 0.0413  data: 0.0000  max mem: 2671
      Evaluation: [1977/1978]  eta: 0:00:00    time: 0.0418  data: 0.0000  max mem: 2671
      Evaluation: Total time: 0:01:21 (0.0413 s / it)
     Computing matching score time 0:01:21
### TTA ITM Score: 
+-------+--------+--------+--------+--------+--------+
| epoch |   R1   |   R5   |  R10   |  mAP   |  mINP  |
+-------+--------+--------+--------+--------+--------+
|  -999 | 69.414 | 95.197 | 97.776 | 81.233 | 81.233 |
|  -999 | 84.277 | 99.039 | 99.596 | 91.276 | 91.276 |
|   0   | 84.378 | 98.686 | 99.343 | 91.164 | 91.164 |
|   1   | 84.479 | 98.736 | 99.242 | 91.188 | 91.188 |
|   2   | 84.681 | 98.787 | 99.393 | 91.301 | 91.301 |
|   3   | 84.125 | 98.635 | 99.242 | 90.939 | 90.939 |
|   4   | 84.328 | 98.736 | 99.343 | 91.107 | 91.107 |
|   5   | 84.125 | 98.534 | 99.191 | 90.934 | 90.934 |
|   6   | 83.064 | 98.584 | 99.090 | 90.423 | 90.423 |
|   7   | 84.277 | 98.635 | 99.141 | 90.998 | 90.998 |
|   8   | 84.226 | 98.584 | 99.141 | 91.007 | 91.007 |
|   9   | 84.075 | 98.534 | 99.141 | 90.917 | 90.917 |
|   10  | 84.075 | 98.635 | 99.090 | 90.948 | 90.948 |
|   11  | 84.328 | 98.483 | 99.141 | 91.047 | 91.047 |
|   12  | 84.328 | 98.534 | 99.141 | 91.053 | 91.053 |
|   13  | 84.378 | 98.534 | 99.141 | 91.092 | 91.092 |
|   14  | 84.429 | 98.483 | 99.141 | 91.106 | 91.106 |
|   15  | 84.429 | 98.483 | 99.141 | 91.097 | 91.097 |
|   16  | 84.479 | 98.483 | 99.141 | 91.130 | 91.130 |
|   17  | 84.530 | 98.483 | 99.141 | 91.152 | 91.152 |
|   18  | 84.479 | 98.534 | 99.141 | 91.116 | 91.116 |
+-------+--------+--------+--------+--------+--------+
     logs:  {'epo': 18, 'R1': np.float32(84.479), 'R5': np.float32(98.534), 'R10': np.float32(99.141), 'mAP': np.float32(91.116), 'mINP': np.float32(91.116), 'lr': 8.3e-05, 'entropy': 0.04246, 'loss': 0.04246}
      TTA Epoch: [19] [ 0/61]  eta: 0:00:26  lr: 0.000080  entropy: 0.0510  loss: 0.0510  time: 0.4300  data: 0.3682  max mem: 2671
      TTA Epoch: [19] [60/61]  eta: 0:00:00  lr: 0.000073  entropy: 0.0944  loss: 0.0944  time: 0.0558  data: 0.0146  max mem: 2671
      TTA Epoch: [19] Total time: 0:00:03 (0.0596 s / it)
     Averaged stats: lr: 0.0001  entropy: 0.0396  loss: 0.0396
     Computing matching score
      Evaluation: [   0/1978]  eta: 0:01:41    time: 0.0513  data: 0.0033  max mem: 2671
      Evaluation: [ 100/1978]  eta: 0:01:18    time: 0.0417  data: 0.0000  max mem: 2671
      Evaluation: [ 200/1978]  eta: 0:01:20    time: 0.0462  data: 0.0000  max mem: 2671
      Evaluation: [ 300/1978]  eta: 0:01:14    time: 0.0418  data: 0.0000  max mem: 2671
      Evaluation: [ 400/1978]  eta: 0:01:08    time: 0.0413  data: 0.0000  max mem: 2671
      Evaluation: [ 500/1978]  eta: 0:01:03    time: 0.0408  data: 0.0000  max mem: 2671
      Evaluation: [ 600/1978]  eta: 0:00:58    time: 0.0412  data: 0.0000  max mem: 2671
      Evaluation: [ 700/1978]  eta: 0:00:54    time: 0.0411  data: 0.0000  max mem: 2671
      Evaluation: [ 800/1978]  eta: 0:00:49    time: 0.0412  data: 0.0000  max mem: 2671
      Evaluation: [ 900/1978]  eta: 0:00:45    time: 0.0416  data: 0.0000  max mem: 2671
      Evaluation: [1000/1978]  eta: 0:00:41    time: 0.0413  data: 0.0000  max mem: 2671
      Evaluation: [1100/1978]  eta: 0:00:36    time: 0.0416  data: 0.0000  max mem: 2671
      Evaluation: [1200/1978]  eta: 0:00:32    time: 0.0425  data: 0.0000  max mem: 2671
      Evaluation: [1300/1978]  eta: 0:00:28    time: 0.0448  data: 0.0000  max mem: 2671
      Evaluation: [1400/1978]  eta: 0:00:24    time: 0.0432  data: 0.0000  max mem: 2671
      Evaluation: [1500/1978]  eta: 0:00:20    time: 0.0436  data: 0.0000  max mem: 2671
      Evaluation: [1600/1978]  eta: 0:00:16    time: 0.0456  data: 0.0000  max mem: 2671
      Evaluation: [1700/1978]  eta: 0:00:11    time: 0.0400  data: 0.0000  max mem: 2671
      Evaluation: [1800/1978]  eta: 0:00:07    time: 0.0407  data: 0.0000  max mem: 2671
      Evaluation: [1900/1978]  eta: 0:00:03    time: 0.0411  data: 0.0000  max mem: 2671
      Evaluation: [1977/1978]  eta: 0:00:00    time: 0.0406  data: 0.0000  max mem: 2671
      Evaluation: Total time: 0:01:23 (0.0421 s / it)
     Computing matching score time 0:01:23
### TTA ITM Score: 
+-------+--------+--------+--------+--------+--------+
| epoch |   R1   |   R5   |  R10   |  mAP   |  mINP  |
+-------+--------+--------+--------+--------+--------+
|  -999 | 69.414 | 95.197 | 97.776 | 81.233 | 81.233 |
|  -999 | 84.277 | 99.039 | 99.596 | 91.276 | 91.276 |
|   0   | 84.378 | 98.686 | 99.343 | 91.164 | 91.164 |
|   1   | 84.479 | 98.736 | 99.242 | 91.188 | 91.188 |
|   2   | 84.681 | 98.787 | 99.393 | 91.301 | 91.301 |
|   3   | 84.125 | 98.635 | 99.242 | 90.939 | 90.939 |
|   4   | 84.328 | 98.736 | 99.343 | 91.107 | 91.107 |
|   5   | 84.125 | 98.534 | 99.191 | 90.934 | 90.934 |
|   6   | 83.064 | 98.584 | 99.090 | 90.423 | 90.423 |
|   7   | 84.277 | 98.635 | 99.141 | 90.998 | 90.998 |
|   8   | 84.226 | 98.584 | 99.141 | 91.007 | 91.007 |
|   9   | 84.075 | 98.534 | 99.141 | 90.917 | 90.917 |
|   10  | 84.075 | 98.635 | 99.090 | 90.948 | 90.948 |
|   11  | 84.328 | 98.483 | 99.141 | 91.047 | 91.047 |
|   12  | 84.328 | 98.534 | 99.141 | 91.053 | 91.053 |
|   13  | 84.378 | 98.534 | 99.141 | 91.092 | 91.092 |
|   14  | 84.429 | 98.483 | 99.141 | 91.106 | 91.106 |
|   15  | 84.429 | 98.483 | 99.141 | 91.097 | 91.097 |
|   16  | 84.479 | 98.483 | 99.141 | 91.130 | 91.130 |
|   17  | 84.530 | 98.483 | 99.141 | 91.152 | 91.152 |
|   18  | 84.479 | 98.534 | 99.141 | 91.116 | 91.116 |
|   19  | 84.378 | 98.534 | 99.141 | 91.083 | 91.083 |
+-------+--------+--------+--------+--------+--------+
     logs:  {'epo': 19, 'R1': np.float32(84.378), 'R5': np.float32(98.534), 'R10': np.float32(99.141), 'mAP': np.float32(91.083), 'mINP': np.float32(91.083), 'lr': 7.6e-05, 'entropy': 0.039624, 'loss': 0.039624}
      TTA Epoch: [20] [ 0/61]  eta: 0:00:27  lr: 0.000073  entropy: 0.0528  loss: 0.0528  time: 0.4449  data: 0.3879  max mem: 2671
      TTA Epoch: [20] [60/61]  eta: 0:00:00  lr: 0.000066  entropy: 0.0455  loss: 0.0455  time: 0.0322  data: 0.0001  max mem: 2671
      TTA Epoch: [20] Total time: 0:00:02 (0.0400 s / it)
     Averaged stats: lr: 0.0001  entropy: 0.0395  loss: 0.0395
     Computing matching score
      Evaluation: [   0/1978]  eta: 0:01:28    time: 0.0448  data: 0.0035  max mem: 2671
      Evaluation: [ 100/1978]  eta: 0:01:16    time: 0.0406  data: 0.0000  max mem: 2671
      Evaluation: [ 200/1978]  eta: 0:01:12    time: 0.0411  data: 0.0000  max mem: 2671
      Evaluation: [ 300/1978]  eta: 0:01:08    time: 0.0401  data: 0.0000  max mem: 2671
      Evaluation: [ 400/1978]  eta: 0:01:04    time: 0.0409  data: 0.0000  max mem: 2671
      Evaluation: [ 500/1978]  eta: 0:01:00    time: 0.0405  data: 0.0000  max mem: 2671
      Evaluation: [ 600/1978]  eta: 0:00:56    time: 0.0412  data: 0.0000  max mem: 2671
      Evaluation: [ 700/1978]  eta: 0:00:52    time: 0.0440  data: 0.0000  max mem: 2671
      Evaluation: [ 800/1978]  eta: 0:00:48    time: 0.0407  data: 0.0000  max mem: 2671
      Evaluation: [ 900/1978]  eta: 0:00:44    time: 0.0444  data: 0.0000  max mem: 2671
      Evaluation: [1000/1978]  eta: 0:00:40    time: 0.0395  data: 0.0000  max mem: 2671
      Evaluation: [1100/1978]  eta: 0:00:36    time: 0.0393  data: 0.0000  max mem: 2671
      Evaluation: [1200/1978]  eta: 0:00:32    time: 0.0398  data: 0.0000  max mem: 2671
      Evaluation: [1300/1978]  eta: 0:00:28    time: 0.0399  data: 0.0000  max mem: 2671
      Evaluation: [1400/1978]  eta: 0:00:23    time: 0.0404  data: 0.0000  max mem: 2671
      Evaluation: [1500/1978]  eta: 0:00:19    time: 0.0405  data: 0.0000  max mem: 2671
      Evaluation: [1600/1978]  eta: 0:00:15    time: 0.0407  data: 0.0000  max mem: 2671
      Evaluation: [1700/1978]  eta: 0:00:11    time: 0.0410  data: 0.0000  max mem: 2671
      Evaluation: [1800/1978]  eta: 0:00:07    time: 0.0411  data: 0.0000  max mem: 2671
      Evaluation: [1900/1978]  eta: 0:00:03    time: 0.0424  data: 0.0000  max mem: 2671
      Evaluation: [1977/1978]  eta: 0:00:00    time: 0.0422  data: 0.0000  max mem: 2671
      Evaluation: Total time: 0:01:21 (0.0413 s / it)
     Computing matching score time 0:01:21
### TTA ITM Score: 
+-------+--------+--------+--------+--------+--------+
| epoch |   R1   |   R5   |  R10   |  mAP   |  mINP  |
+-------+--------+--------+--------+--------+--------+
|  -999 | 69.414 | 95.197 | 97.776 | 81.233 | 81.233 |
|  -999 | 84.277 | 99.039 | 99.596 | 91.276 | 91.276 |
|   0   | 84.378 | 98.686 | 99.343 | 91.164 | 91.164 |
|   1   | 84.479 | 98.736 | 99.242 | 91.188 | 91.188 |
|   2   | 84.681 | 98.787 | 99.393 | 91.301 | 91.301 |
|   3   | 84.125 | 98.635 | 99.242 | 90.939 | 90.939 |
|   4   | 84.328 | 98.736 | 99.343 | 91.107 | 91.107 |
|   5   | 84.125 | 98.534 | 99.191 | 90.934 | 90.934 |
|   6   | 83.064 | 98.584 | 99.090 | 90.423 | 90.423 |
|   7   | 84.277 | 98.635 | 99.141 | 90.998 | 90.998 |
|   8   | 84.226 | 98.584 | 99.141 | 91.007 | 91.007 |
|   9   | 84.075 | 98.534 | 99.141 | 90.917 | 90.917 |
|   10  | 84.075 | 98.635 | 99.090 | 90.948 | 90.948 |
|   11  | 84.328 | 98.483 | 99.141 | 91.047 | 91.047 |
|   12  | 84.328 | 98.534 | 99.141 | 91.053 | 91.053 |
|   13  | 84.378 | 98.534 | 99.141 | 91.092 | 91.092 |
|   14  | 84.429 | 98.483 | 99.141 | 91.106 | 91.106 |
|   15  | 84.429 | 98.483 | 99.141 | 91.097 | 91.097 |
|   16  | 84.479 | 98.483 | 99.141 | 91.130 | 91.130 |
|   17  | 84.530 | 98.483 | 99.141 | 91.152 | 91.152 |
|   18  | 84.479 | 98.534 | 99.141 | 91.116 | 91.116 |
|   19  | 84.378 | 98.534 | 99.141 | 91.083 | 91.083 |
|   20  | 84.378 | 98.483 | 99.141 | 91.078 | 91.078 |
+-------+--------+--------+--------+--------+--------+
     logs:  {'epo': 20, 'R1': np.float32(84.378), 'R5': np.float32(98.483), 'R10': np.float32(99.141), 'mAP': np.float32(91.078), 'mINP': np.float32(91.078), 'lr': 6.9e-05, 'entropy': 0.039502, 'loss': 0.039502}
      TTA Epoch: [21] [ 0/61]  eta: 0:00:28  lr: 0.000066  entropy: 0.0185  loss: 0.0185  time: 0.4694  data: 0.4121  max mem: 2671
      TTA Epoch: [21] [60/61]  eta: 0:00:00  lr: 0.000059  entropy: 0.0388  loss: 0.0388  time: 0.0367  data: 0.0002  max mem: 2671
      TTA Epoch: [21] Total time: 0:00:02 (0.0437 s / it)
     Averaged stats: lr: 0.0001  entropy: 0.0365  loss: 0.0365
     Computing matching score
      Evaluation: [   0/1978]  eta: 0:01:34    time: 0.0476  data: 0.0034  max mem: 2671
      Evaluation: [ 100/1978]  eta: 0:01:20    time: 0.0421  data: 0.0000  max mem: 2671
      Evaluation: [ 200/1978]  eta: 0:01:15    time: 0.0428  data: 0.0000  max mem: 2671
      Evaluation: [ 300/1978]  eta: 0:01:13    time: 0.0447  data: 0.0000  max mem: 2671
      Evaluation: [ 400/1978]  eta: 0:01:08    time: 0.0405  data: 0.0000  max mem: 2671
      Evaluation: [ 500/1978]  eta: 0:01:02    time: 0.0399  data: 0.0000  max mem: 2671
      Evaluation: [ 600/1978]  eta: 0:00:58    time: 0.0405  data: 0.0000  max mem: 2671
      Evaluation: [ 700/1978]  eta: 0:00:53    time: 0.0404  data: 0.0000  max mem: 2671
      Evaluation: [ 800/1978]  eta: 0:00:49    time: 0.0408  data: 0.0000  max mem: 2671
      Evaluation: [ 900/1978]  eta: 0:00:44    time: 0.0420  data: 0.0000  max mem: 2671
      Evaluation: [1000/1978]  eta: 0:00:40    time: 0.0405  data: 0.0000  max mem: 2671
      Evaluation: [1100/1978]  eta: 0:00:36    time: 0.0400  data: 0.0000  max mem: 2671
      Evaluation: [1200/1978]  eta: 0:00:32    time: 0.0409  data: 0.0000  max mem: 2671
      Evaluation: [1300/1978]  eta: 0:00:28    time: 0.0416  data: 0.0000  max mem: 2671
      Evaluation: [1400/1978]  eta: 0:00:23    time: 0.0416  data: 0.0000  max mem: 2671
      Evaluation: [1500/1978]  eta: 0:00:19    time: 0.0431  data: 0.0000  max mem: 2671
      Evaluation: [1600/1978]  eta: 0:00:15    time: 0.0408  data: 0.0000  max mem: 2671
      Evaluation: [1700/1978]  eta: 0:00:11    time: 0.0424  data: 0.0000  max mem: 2671
      Evaluation: [1800/1978]  eta: 0:00:07    time: 0.0487  data: 0.0000  max mem: 2671
      Evaluation: [1900/1978]  eta: 0:00:03    time: 0.0427  data: 0.0000  max mem: 2671
      Evaluation: [1977/1978]  eta: 0:00:00    time: 0.0406  data: 0.0000  max mem: 2671
      Evaluation: Total time: 0:01:22 (0.0419 s / it)
     Computing matching score time 0:01:23
### TTA ITM Score: 
+-------+--------+--------+--------+--------+--------+
| epoch |   R1   |   R5   |  R10   |  mAP   |  mINP  |
+-------+--------+--------+--------+--------+--------+
|  -999 | 69.414 | 95.197 | 97.776 | 81.233 | 81.233 |
|  -999 | 84.277 | 99.039 | 99.596 | 91.276 | 91.276 |
|   0   | 84.378 | 98.686 | 99.343 | 91.164 | 91.164 |
|   1   | 84.479 | 98.736 | 99.242 | 91.188 | 91.188 |
|   2   | 84.681 | 98.787 | 99.393 | 91.301 | 91.301 |
|   3   | 84.125 | 98.635 | 99.242 | 90.939 | 90.939 |
|   4   | 84.328 | 98.736 | 99.343 | 91.107 | 91.107 |
|   5   | 84.125 | 98.534 | 99.191 | 90.934 | 90.934 |
|   6   | 83.064 | 98.584 | 99.090 | 90.423 | 90.423 |
|   7   | 84.277 | 98.635 | 99.141 | 90.998 | 90.998 |
|   8   | 84.226 | 98.584 | 99.141 | 91.007 | 91.007 |
|   9   | 84.075 | 98.534 | 99.141 | 90.917 | 90.917 |
|   10  | 84.075 | 98.635 | 99.090 | 90.948 | 90.948 |
|   11  | 84.328 | 98.483 | 99.141 | 91.047 | 91.047 |
|   12  | 84.328 | 98.534 | 99.141 | 91.053 | 91.053 |
|   13  | 84.378 | 98.534 | 99.141 | 91.092 | 91.092 |
|   14  | 84.429 | 98.483 | 99.141 | 91.106 | 91.106 |
|   15  | 84.429 | 98.483 | 99.141 | 91.097 | 91.097 |
|   16  | 84.479 | 98.483 | 99.141 | 91.130 | 91.130 |
|   17  | 84.530 | 98.483 | 99.141 | 91.152 | 91.152 |
|   18  | 84.479 | 98.534 | 99.141 | 91.116 | 91.116 |
|   19  | 84.378 | 98.534 | 99.141 | 91.083 | 91.083 |
|   20  | 84.378 | 98.483 | 99.141 | 91.078 | 91.078 |
|   21  | 84.378 | 98.483 | 99.141 | 91.077 | 91.077 |
+-------+--------+--------+--------+--------+--------+
     logs:  {'epo': 21, 'R1': np.float32(84.378), 'R5': np.float32(98.483), 'R10': np.float32(99.141), 'mAP': np.float32(91.077), 'mINP': np.float32(91.077), 'lr': 6.2e-05, 'entropy': 0.036523, 'loss': 0.036523}
      TTA Epoch: [22] [ 0/61]  eta: 0:00:25  lr: 0.000059  entropy: 0.0480  loss: 0.0480  time: 0.4231  data: 0.3688  max mem: 2671
      TTA Epoch: [22] [60/61]  eta: 0:00:00  lr: 0.000052  entropy: 0.0347  loss: 0.0347  time: 0.0310  data: 0.0001  max mem: 2671
      TTA Epoch: [22] Total time: 0:00:02 (0.0395 s / it)
     Averaged stats: lr: 0.0001  entropy: 0.0383  loss: 0.0383
     Computing matching score
      Evaluation: [   0/1978]  eta: 0:01:29    time: 0.0453  data: 0.0026  max mem: 2671
      Evaluation: [ 100/1978]  eta: 0:01:17    time: 0.0411  data: 0.0000  max mem: 2671
      Evaluation: [ 200/1978]  eta: 0:01:12    time: 0.0408  data: 0.0000  max mem: 2671
      Evaluation: [ 300/1978]  eta: 0:01:08    time: 0.0416  data: 0.0000  max mem: 2671
      Evaluation: [ 400/1978]  eta: 0:01:04    time: 0.0402  data: 0.0000  max mem: 2671
      Evaluation: [ 500/1978]  eta: 0:01:00    time: 0.0412  data: 0.0000  max mem: 2671
      Evaluation: [ 600/1978]  eta: 0:00:56    time: 0.0418  data: 0.0000  max mem: 2671
      Evaluation: [ 700/1978]  eta: 0:00:52    time: 0.0415  data: 0.0000  max mem: 2671
      Evaluation: [ 800/1978]  eta: 0:00:48    time: 0.0426  data: 0.0000  max mem: 2671
      Evaluation: [ 900/1978]  eta: 0:00:44    time: 0.0427  data: 0.0000  max mem: 2671
      Evaluation: [1000/1978]  eta: 0:00:40    time: 0.0435  data: 0.0000  max mem: 2671
      Evaluation: [1100/1978]  eta: 0:00:36    time: 0.0416  data: 0.0000  max mem: 2671
      Evaluation: [1200/1978]  eta: 0:00:32    time: 0.0489  data: 0.0000  max mem: 2671
      Evaluation: [1300/1978]  eta: 0:00:28    time: 0.0463  data: 0.0000  max mem: 2671
      Evaluation: [1400/1978]  eta: 0:00:24    time: 0.0422  data: 0.0000  max mem: 2671
      Evaluation: [1500/1978]  eta: 0:00:20    time: 0.0419  data: 0.0000  max mem: 2671
      Evaluation: [1600/1978]  eta: 0:00:15    time: 0.0418  data: 0.0000  max mem: 2671
      Evaluation: [1700/1978]  eta: 0:00:11    time: 0.0415  data: 0.0000  max mem: 2671
      Evaluation: [1800/1978]  eta: 0:00:07    time: 0.0413  data: 0.0000  max mem: 2671
      Evaluation: [1900/1978]  eta: 0:00:03    time: 0.0406  data: 0.0000  max mem: 2671
      Evaluation: [1977/1978]  eta: 0:00:00    time: 0.0405  data: 0.0000  max mem: 2671
      Evaluation: Total time: 0:01:23 (0.0420 s / it)
     Computing matching score time 0:01:23
### TTA ITM Score: 
+-------+--------+--------+--------+--------+--------+
| epoch |   R1   |   R5   |  R10   |  mAP   |  mINP  |
+-------+--------+--------+--------+--------+--------+
|  -999 | 69.414 | 95.197 | 97.776 | 81.233 | 81.233 |
|  -999 | 84.277 | 99.039 | 99.596 | 91.276 | 91.276 |
|   0   | 84.378 | 98.686 | 99.343 | 91.164 | 91.164 |
|   1   | 84.479 | 98.736 | 99.242 | 91.188 | 91.188 |
|   2   | 84.681 | 98.787 | 99.393 | 91.301 | 91.301 |
|   3   | 84.125 | 98.635 | 99.242 | 90.939 | 90.939 |
|   4   | 84.328 | 98.736 | 99.343 | 91.107 | 91.107 |
|   5   | 84.125 | 98.534 | 99.191 | 90.934 | 90.934 |
|   6   | 83.064 | 98.584 | 99.090 | 90.423 | 90.423 |
|   7   | 84.277 | 98.635 | 99.141 | 90.998 | 90.998 |
|   8   | 84.226 | 98.584 | 99.141 | 91.007 | 91.007 |
|   9   | 84.075 | 98.534 | 99.141 | 90.917 | 90.917 |
|   10  | 84.075 | 98.635 | 99.090 | 90.948 | 90.948 |
|   11  | 84.328 | 98.483 | 99.141 | 91.047 | 91.047 |
|   12  | 84.328 | 98.534 | 99.141 | 91.053 | 91.053 |
|   13  | 84.378 | 98.534 | 99.141 | 91.092 | 91.092 |
|   14  | 84.429 | 98.483 | 99.141 | 91.106 | 91.106 |
|   15  | 84.429 | 98.483 | 99.141 | 91.097 | 91.097 |
|   16  | 84.479 | 98.483 | 99.141 | 91.130 | 91.130 |
|   17  | 84.530 | 98.483 | 99.141 | 91.152 | 91.152 |
|   18  | 84.479 | 98.534 | 99.141 | 91.116 | 91.116 |
|   19  | 84.378 | 98.534 | 99.141 | 91.083 | 91.083 |
|   20  | 84.378 | 98.483 | 99.141 | 91.078 | 91.078 |
|   21  | 84.378 | 98.483 | 99.141 | 91.077 | 91.077 |
|   22  | 84.429 | 98.483 | 99.141 | 91.077 | 91.077 |
+-------+--------+--------+--------+--------+--------+
     logs:  {'epo': 22, 'R1': np.float32(84.429), 'R5': np.float32(98.483), 'R10': np.float32(99.141), 'mAP': np.float32(91.077), 'mINP': np.float32(91.077), 'lr': 5.5e-05, 'entropy': 0.038294, 'loss': 0.038294}
      TTA Epoch: [23] [ 0/61]  eta: 0:00:24  lr: 0.000052  entropy: 0.0931  loss: 0.0931  time: 0.3976  data: 0.3446  max mem: 2671
      TTA Epoch: [23] [60/61]  eta: 0:00:00  lr: 0.000045  entropy: 0.0606  loss: 0.0606  time: 0.0312  data: 0.0001  max mem: 2671
      TTA Epoch: [23] Total time: 0:00:02 (0.0405 s / it)
     Averaged stats: lr: 0.0000  entropy: 0.0375  loss: 0.0375
     Computing matching score
      Evaluation: [   0/1978]  eta: 0:01:28    time: 0.0448  data: 0.0024  max mem: 2671
      Evaluation: [ 100/1978]  eta: 0:01:16    time: 0.0407  data: 0.0000  max mem: 2671
      Evaluation: [ 200/1978]  eta: 0:01:13    time: 0.0420  data: 0.0000  max mem: 2671
      Evaluation: [ 300/1978]  eta: 0:01:09    time: 0.0420  data: 0.0000  max mem: 2671
      Evaluation: [ 400/1978]  eta: 0:01:05    time: 0.0442  data: 0.0000  max mem: 2671
      Evaluation: [ 500/1978]  eta: 0:01:01    time: 0.0419  data: 0.0000  max mem: 2671
      Evaluation: [ 600/1978]  eta: 0:00:58    time: 0.0466  data: 0.0000  max mem: 2671
      Evaluation: [ 700/1978]  eta: 0:00:54    time: 0.0409  data: 0.0000  max mem: 2671
      Evaluation: [ 800/1978]  eta: 0:00:50    time: 0.0416  data: 0.0000  max mem: 2671
      Evaluation: [ 900/1978]  eta: 0:00:45    time: 0.0411  data: 0.0000  max mem: 2671
      Evaluation: [1000/1978]  eta: 0:00:41    time: 0.0405  data: 0.0000  max mem: 2671
      Evaluation: [1100/1978]  eta: 0:00:36    time: 0.0405  data: 0.0000  max mem: 2671
      Evaluation: [1200/1978]  eta: 0:00:32    time: 0.0409  data: 0.0000  max mem: 2671
      Evaluation: [1300/1978]  eta: 0:00:28    time: 0.0411  data: 0.0000  max mem: 2671
      Evaluation: [1400/1978]  eta: 0:00:24    time: 0.0412  data: 0.0000  max mem: 2671
      Evaluation: [1500/1978]  eta: 0:00:19    time: 0.0412  data: 0.0000  max mem: 2671
      Evaluation: [1600/1978]  eta: 0:00:15    time: 0.0414  data: 0.0000  max mem: 2671
      Evaluation: [1700/1978]  eta: 0:00:11    time: 0.0415  data: 0.0000  max mem: 2671
      Evaluation: [1800/1978]  eta: 0:00:07    time: 0.0451  data: 0.0000  max mem: 2671
      Evaluation: [1900/1978]  eta: 0:00:03    time: 0.0423  data: 0.0000  max mem: 2671
      Evaluation: [1977/1978]  eta: 0:00:00    time: 0.0475  data: 0.0000  max mem: 2671
      Evaluation: Total time: 0:01:23 (0.0422 s / it)
     Computing matching score time 0:01:23
### TTA ITM Score: 
+-------+--------+--------+--------+--------+--------+
| epoch |   R1   |   R5   |  R10   |  mAP   |  mINP  |
+-------+--------+--------+--------+--------+--------+
|  -999 | 69.414 | 95.197 | 97.776 | 81.233 | 81.233 |
|  -999 | 84.277 | 99.039 | 99.596 | 91.276 | 91.276 |
|   0   | 84.378 | 98.686 | 99.343 | 91.164 | 91.164 |
|   1   | 84.479 | 98.736 | 99.242 | 91.188 | 91.188 |
|   2   | 84.681 | 98.787 | 99.393 | 91.301 | 91.301 |
|   3   | 84.125 | 98.635 | 99.242 | 90.939 | 90.939 |
|   4   | 84.328 | 98.736 | 99.343 | 91.107 | 91.107 |
|   5   | 84.125 | 98.534 | 99.191 | 90.934 | 90.934 |
|   6   | 83.064 | 98.584 | 99.090 | 90.423 | 90.423 |
|   7   | 84.277 | 98.635 | 99.141 | 90.998 | 90.998 |
|   8   | 84.226 | 98.584 | 99.141 | 91.007 | 91.007 |
|   9   | 84.075 | 98.534 | 99.141 | 90.917 | 90.917 |
|   10  | 84.075 | 98.635 | 99.090 | 90.948 | 90.948 |
|   11  | 84.328 | 98.483 | 99.141 | 91.047 | 91.047 |
|   12  | 84.328 | 98.534 | 99.141 | 91.053 | 91.053 |
|   13  | 84.378 | 98.534 | 99.141 | 91.092 | 91.092 |
|   14  | 84.429 | 98.483 | 99.141 | 91.106 | 91.106 |
|   15  | 84.429 | 98.483 | 99.141 | 91.097 | 91.097 |
|   16  | 84.479 | 98.483 | 99.141 | 91.130 | 91.130 |
|   17  | 84.530 | 98.483 | 99.141 | 91.152 | 91.152 |
|   18  | 84.479 | 98.534 | 99.141 | 91.116 | 91.116 |
|   19  | 84.378 | 98.534 | 99.141 | 91.083 | 91.083 |
|   20  | 84.378 | 98.483 | 99.141 | 91.078 | 91.078 |
|   21  | 84.378 | 98.483 | 99.141 | 91.077 | 91.077 |
|   22  | 84.429 | 98.483 | 99.141 | 91.077 | 91.077 |
|   23  | 84.429 | 98.433 | 99.141 | 91.084 | 91.084 |
+-------+--------+--------+--------+--------+--------+
     logs:  {'epo': 23, 'R1': np.float32(84.429), 'R5': np.float32(98.433), 'R10': np.float32(99.141), 'mAP': np.float32(91.084), 'mINP': np.float32(91.084), 'lr': 4.8e-05, 'entropy': 0.0375, 'loss': 0.0375}
      TTA Epoch: [24] [ 0/61]  eta: 0:00:37  lr: 0.000045  entropy: 0.0253  loss: 0.0253  time: 0.6144  data: 0.5164  max mem: 2671
      TTA Epoch: [24] [60/61]  eta: 0:00:00  lr: 0.000038  entropy: 0.0761  loss: 0.0761  time: 0.0307  data: 0.0001  max mem: 2671
      TTA Epoch: [24] Total time: 0:00:02 (0.0416 s / it)
     Averaged stats: lr: 0.0000  entropy: 0.0381  loss: 0.0381
     Computing matching score
      Evaluation: [   0/1978]  eta: 0:01:30    time: 0.0458  data: 0.0034  max mem: 2671
      Evaluation: [ 100/1978]  eta: 0:01:18    time: 0.0416  data: 0.0000  max mem: 2671
      Evaluation: [ 200/1978]  eta: 0:01:13    time: 0.0413  data: 0.0000  max mem: 2671
      Evaluation: [ 300/1978]  eta: 0:01:09    time: 0.0411  data: 0.0000  max mem: 2671
      Evaluation: [ 400/1978]  eta: 0:01:05    time: 0.0411  data: 0.0000  max mem: 2671
      Evaluation: [ 500/1978]  eta: 0:01:00    time: 0.0407  data: 0.0000  max mem: 2671
      Evaluation: [ 600/1978]  eta: 0:00:56    time: 0.0407  data: 0.0000  max mem: 2671
      Evaluation: [ 700/1978]  eta: 0:00:52    time: 0.0404  data: 0.0000  max mem: 2671
      Evaluation: [ 800/1978]  eta: 0:00:48    time: 0.0409  data: 0.0000  max mem: 2671
      Evaluation: [ 900/1978]  eta: 0:00:44    time: 0.0413  data: 0.0000  max mem: 2671
      Evaluation: [1000/1978]  eta: 0:00:40    time: 0.0412  data: 0.0000  max mem: 2671
      Evaluation: [1100/1978]  eta: 0:00:36    time: 0.0427  data: 0.0000  max mem: 2671
      Evaluation: [1200/1978]  eta: 0:00:32    time: 0.0411  data: 0.0000  max mem: 2671
      Evaluation: [1300/1978]  eta: 0:00:28    time: 0.0450  data: 0.0000  max mem: 2671
      Evaluation: [1400/1978]  eta: 0:00:24    time: 0.0397  data: 0.0000  max mem: 2671
      Evaluation: [1500/1978]  eta: 0:00:19    time: 0.0407  data: 0.0000  max mem: 2671
      Evaluation: [1600/1978]  eta: 0:00:15    time: 0.0404  data: 0.0000  max mem: 2671
      Evaluation: [1700/1978]  eta: 0:00:11    time: 0.0402  data: 0.0000  max mem: 2671
      Evaluation: [1800/1978]  eta: 0:00:07    time: 0.0401  data: 0.0000  max mem: 2671
      Evaluation: [1900/1978]  eta: 0:00:03    time: 0.0403  data: 0.0000  max mem: 2671
      Evaluation: [1977/1978]  eta: 0:00:00    time: 0.0406  data: 0.0000  max mem: 2671
      Evaluation: Total time: 0:01:21 (0.0413 s / it)
     Computing matching score time 0:01:21
### TTA ITM Score: 
+-------+--------+--------+--------+--------+--------+
| epoch |   R1   |   R5   |  R10   |  mAP   |  mINP  |
+-------+--------+--------+--------+--------+--------+
|  -999 | 69.414 | 95.197 | 97.776 | 81.233 | 81.233 |
|  -999 | 84.277 | 99.039 | 99.596 | 91.276 | 91.276 |
|   0   | 84.378 | 98.686 | 99.343 | 91.164 | 91.164 |
|   1   | 84.479 | 98.736 | 99.242 | 91.188 | 91.188 |
|   2   | 84.681 | 98.787 | 99.393 | 91.301 | 91.301 |
|   3   | 84.125 | 98.635 | 99.242 | 90.939 | 90.939 |
|   4   | 84.328 | 98.736 | 99.343 | 91.107 | 91.107 |
|   5   | 84.125 | 98.534 | 99.191 | 90.934 | 90.934 |
|   6   | 83.064 | 98.584 | 99.090 | 90.423 | 90.423 |
|   7   | 84.277 | 98.635 | 99.141 | 90.998 | 90.998 |
|   8   | 84.226 | 98.584 | 99.141 | 91.007 | 91.007 |
|   9   | 84.075 | 98.534 | 99.141 | 90.917 | 90.917 |
|   10  | 84.075 | 98.635 | 99.090 | 90.948 | 90.948 |
|   11  | 84.328 | 98.483 | 99.141 | 91.047 | 91.047 |
|   12  | 84.328 | 98.534 | 99.141 | 91.053 | 91.053 |
|   13  | 84.378 | 98.534 | 99.141 | 91.092 | 91.092 |
|   14  | 84.429 | 98.483 | 99.141 | 91.106 | 91.106 |
|   15  | 84.429 | 98.483 | 99.141 | 91.097 | 91.097 |
|   16  | 84.479 | 98.483 | 99.141 | 91.130 | 91.130 |
|   17  | 84.530 | 98.483 | 99.141 | 91.152 | 91.152 |
|   18  | 84.479 | 98.534 | 99.141 | 91.116 | 91.116 |
|   19  | 84.378 | 98.534 | 99.141 | 91.083 | 91.083 |
|   20  | 84.378 | 98.483 | 99.141 | 91.078 | 91.078 |
|   21  | 84.378 | 98.483 | 99.141 | 91.077 | 91.077 |
|   22  | 84.429 | 98.483 | 99.141 | 91.077 | 91.077 |
|   23  | 84.429 | 98.433 | 99.141 | 91.084 | 91.084 |
|   24  | 84.479 | 98.433 | 99.141 | 91.109 | 91.109 |
+-------+--------+--------+--------+--------+--------+
     logs:  {'epo': 24, 'R1': np.float32(84.479), 'R5': np.float32(98.433), 'R10': np.float32(99.141), 'mAP': np.float32(91.109), 'mINP': np.float32(91.109), 'lr': 4.1e-05, 'entropy': 0.038131, 'loss': 0.038131}
      TTA Epoch: [25] [ 0/61]  eta: 0:00:24  lr: 0.000038  entropy: 0.0372  loss: 0.0372  time: 0.4034  data: 0.3520  max mem: 2671
      TTA Epoch: [25] [60/61]  eta: 0:00:00  lr: 0.000031  entropy: 0.0250  loss: 0.0250  time: 0.0320  data: 0.0001  max mem: 2671
      TTA Epoch: [25] Total time: 0:00:02 (0.0380 s / it)
     Averaged stats: lr: 0.0000  entropy: 0.0363  loss: 0.0363
     Computing matching score
      Evaluation: [   0/1978]  eta: 0:01:30    time: 0.0458  data: 0.0023  max mem: 2671
      Evaluation: [ 100/1978]  eta: 0:01:16    time: 0.0415  data: 0.0000  max mem: 2671
      Evaluation: [ 200/1978]  eta: 0:01:12    time: 0.0419  data: 0.0000  max mem: 2671
      Evaluation: [ 300/1978]  eta: 0:01:09    time: 0.0413  data: 0.0000  max mem: 2671
      Evaluation: [ 400/1978]  eta: 0:01:05    time: 0.0456  data: 0.0000  max mem: 2671
      Evaluation: [ 500/1978]  eta: 0:01:01    time: 0.0415  data: 0.0000  max mem: 2671
      Evaluation: [ 600/1978]  eta: 0:00:58    time: 0.0495  data: 0.0000  max mem: 2671
      Evaluation: [ 700/1978]  eta: 0:00:54    time: 0.0407  data: 0.0000  max mem: 2671
      Evaluation: [ 800/1978]  eta: 0:00:50    time: 0.0410  data: 0.0000  max mem: 2671
      Evaluation: [ 900/1978]  eta: 0:00:45    time: 0.0404  data: 0.0000  max mem: 2671
      Evaluation: [1000/1978]  eta: 0:00:41    time: 0.0406  data: 0.0000  max mem: 2671
      Evaluation: [1100/1978]  eta: 0:00:36    time: 0.0402  data: 0.0000  max mem: 2671
      Evaluation: [1200/1978]  eta: 0:00:32    time: 0.0403  data: 0.0000  max mem: 2671
      Evaluation: [1300/1978]  eta: 0:00:28    time: 0.0403  data: 0.0000  max mem: 2671
      Evaluation: [1400/1978]  eta: 0:00:24    time: 0.0401  data: 0.0000  max mem: 2671
      Evaluation: [1500/1978]  eta: 0:00:19    time: 0.0411  data: 0.0000  max mem: 2671
      Evaluation: [1600/1978]  eta: 0:00:15    time: 0.0410  data: 0.0000  max mem: 2671
      Evaluation: [1700/1978]  eta: 0:00:11    time: 0.0416  data: 0.0000  max mem: 2671
      Evaluation: [1800/1978]  eta: 0:00:07    time: 0.0439  data: 0.0000  max mem: 2671
      Evaluation: [1900/1978]  eta: 0:00:03    time: 0.0419  data: 0.0000  max mem: 2671
      Evaluation: [1977/1978]  eta: 0:00:00    time: 0.0453  data: 0.0000  max mem: 2671
      Evaluation: Total time: 0:01:22 (0.0419 s / it)
     Computing matching score time 0:01:23
### TTA ITM Score: 
+-------+--------+--------+--------+--------+--------+
| epoch |   R1   |   R5   |  R10   |  mAP   |  mINP  |
+-------+--------+--------+--------+--------+--------+
|  -999 | 69.414 | 95.197 | 97.776 | 81.233 | 81.233 |
|  -999 | 84.277 | 99.039 | 99.596 | 91.276 | 91.276 |
|   0   | 84.378 | 98.686 | 99.343 | 91.164 | 91.164 |
|   1   | 84.479 | 98.736 | 99.242 | 91.188 | 91.188 |
|   2   | 84.681 | 98.787 | 99.393 | 91.301 | 91.301 |
|   3   | 84.125 | 98.635 | 99.242 | 90.939 | 90.939 |
|   4   | 84.328 | 98.736 | 99.343 | 91.107 | 91.107 |
|   5   | 84.125 | 98.534 | 99.191 | 90.934 | 90.934 |
|   6   | 83.064 | 98.584 | 99.090 | 90.423 | 90.423 |
|   7   | 84.277 | 98.635 | 99.141 | 90.998 | 90.998 |
|   8   | 84.226 | 98.584 | 99.141 | 91.007 | 91.007 |
|   9   | 84.075 | 98.534 | 99.141 | 90.917 | 90.917 |
|   10  | 84.075 | 98.635 | 99.090 | 90.948 | 90.948 |
|   11  | 84.328 | 98.483 | 99.141 | 91.047 | 91.047 |
|   12  | 84.328 | 98.534 | 99.141 | 91.053 | 91.053 |
|   13  | 84.378 | 98.534 | 99.141 | 91.092 | 91.092 |
|   14  | 84.429 | 98.483 | 99.141 | 91.106 | 91.106 |
|   15  | 84.429 | 98.483 | 99.141 | 91.097 | 91.097 |
|   16  | 84.479 | 98.483 | 99.141 | 91.130 | 91.130 |
|   17  | 84.530 | 98.483 | 99.141 | 91.152 | 91.152 |
|   18  | 84.479 | 98.534 | 99.141 | 91.116 | 91.116 |
|   19  | 84.378 | 98.534 | 99.141 | 91.083 | 91.083 |
|   20  | 84.378 | 98.483 | 99.141 | 91.078 | 91.078 |
|   21  | 84.378 | 98.483 | 99.141 | 91.077 | 91.077 |
|   22  | 84.429 | 98.483 | 99.141 | 91.077 | 91.077 |
|   23  | 84.429 | 98.433 | 99.141 | 91.084 | 91.084 |
|   24  | 84.479 | 98.433 | 99.141 | 91.109 | 91.109 |
|   25  | 84.429 | 98.483 | 99.141 | 91.068 | 91.068 |
+-------+--------+--------+--------+--------+--------+
     logs:  {'epo': 25, 'R1': np.float32(84.429), 'R5': np.float32(98.483), 'R10': np.float32(99.141), 'mAP': np.float32(91.068), 'mINP': np.float32(91.068), 'lr': 3.5e-05, 'entropy': 0.036316, 'loss': 0.036316}
      TTA Epoch: [26] [ 0/61]  eta: 0:00:47  lr: 0.000031  entropy: 0.0194  loss: 0.0194  time: 0.7787  data: 0.7092  max mem: 2671
      TTA Epoch: [26] [60/61]  eta: 0:00:00  lr: 0.000024  entropy: 0.0389  loss: 0.0389  time: 0.0381  data: 0.0039  max mem: 2671
      TTA Epoch: [26] Total time: 0:00:03 (0.0575 s / it)
     Averaged stats: lr: 0.0000  entropy: 0.0389  loss: 0.0389
     Computing matching score
      Evaluation: [   0/1978]  eta: 0:01:31    time: 0.0465  data: 0.0035  max mem: 2671
      Evaluation: [ 100/1978]  eta: 0:01:17    time: 0.0406  data: 0.0000  max mem: 2671
      Evaluation: [ 200/1978]  eta: 0:01:13    time: 0.0412  data: 0.0000  max mem: 2671
      Evaluation: [ 300/1978]  eta: 0:01:09    time: 0.0418  data: 0.0000  max mem: 2671
      Evaluation: [ 400/1978]  eta: 0:01:05    time: 0.0408  data: 0.0000  max mem: 2671
      Evaluation: [ 500/1978]  eta: 0:01:01    time: 0.0478  data: 0.0000  max mem: 2671
      Evaluation: [ 600/1978]  eta: 0:00:57    time: 0.0412  data: 0.0000  max mem: 2671
      Evaluation: [ 700/1978]  eta: 0:00:53    time: 0.0402  data: 0.0000  max mem: 2671
      Evaluation: [ 800/1978]  eta: 0:00:48    time: 0.0406  data: 0.0000  max mem: 2671
      Evaluation: [ 900/1978]  eta: 0:00:44    time: 0.0419  data: 0.0000  max mem: 2671
      Evaluation: [1000/1978]  eta: 0:00:40    time: 0.0419  data: 0.0000  max mem: 2671
      Evaluation: [1100/1978]  eta: 0:00:36    time: 0.0439  data: 0.0000  max mem: 2671
      Evaluation: [1200/1978]  eta: 0:00:32    time: 0.0459  data: 0.0000  max mem: 2671
      Evaluation: [1300/1978]  eta: 0:00:28    time: 0.0463  data: 0.0000  max mem: 2671
      Evaluation: [1400/1978]  eta: 0:00:24    time: 0.0402  data: 0.0000  max mem: 2671
      Evaluation: [1500/1978]  eta: 0:00:20    time: 0.0403  data: 0.0000  max mem: 2671
      Evaluation: [1600/1978]  eta: 0:00:15    time: 0.0401  data: 0.0000  max mem: 2671
      Evaluation: [1700/1978]  eta: 0:00:11    time: 0.0401  data: 0.0000  max mem: 2671
      Evaluation: [1800/1978]  eta: 0:00:07    time: 0.0407  data: 0.0000  max mem: 2671
      Evaluation: [1900/1978]  eta: 0:00:03    time: 0.0404  data: 0.0000  max mem: 2671
      Evaluation: [1977/1978]  eta: 0:00:00    time: 0.0402  data: 0.0000  max mem: 2671
      Evaluation: Total time: 0:01:22 (0.0416 s / it)
     Computing matching score time 0:01:22
### TTA ITM Score: 
+-------+--------+--------+--------+--------+--------+
| epoch |   R1   |   R5   |  R10   |  mAP   |  mINP  |
+-------+--------+--------+--------+--------+--------+
|  -999 | 69.414 | 95.197 | 97.776 | 81.233 | 81.233 |
|  -999 | 84.277 | 99.039 | 99.596 | 91.276 | 91.276 |
|   0   | 84.378 | 98.686 | 99.343 | 91.164 | 91.164 |
|   1   | 84.479 | 98.736 | 99.242 | 91.188 | 91.188 |
|   2   | 84.681 | 98.787 | 99.393 | 91.301 | 91.301 |
|   3   | 84.125 | 98.635 | 99.242 | 90.939 | 90.939 |
|   4   | 84.328 | 98.736 | 99.343 | 91.107 | 91.107 |
|   5   | 84.125 | 98.534 | 99.191 | 90.934 | 90.934 |
|   6   | 83.064 | 98.584 | 99.090 | 90.423 | 90.423 |
|   7   | 84.277 | 98.635 | 99.141 | 90.998 | 90.998 |
|   8   | 84.226 | 98.584 | 99.141 | 91.007 | 91.007 |
|   9   | 84.075 | 98.534 | 99.141 | 90.917 | 90.917 |
|   10  | 84.075 | 98.635 | 99.090 | 90.948 | 90.948 |
|   11  | 84.328 | 98.483 | 99.141 | 91.047 | 91.047 |
|   12  | 84.328 | 98.534 | 99.141 | 91.053 | 91.053 |
|   13  | 84.378 | 98.534 | 99.141 | 91.092 | 91.092 |
|   14  | 84.429 | 98.483 | 99.141 | 91.106 | 91.106 |
|   15  | 84.429 | 98.483 | 99.141 | 91.097 | 91.097 |
|   16  | 84.479 | 98.483 | 99.141 | 91.130 | 91.130 |
|   17  | 84.530 | 98.483 | 99.141 | 91.152 | 91.152 |
|   18  | 84.479 | 98.534 | 99.141 | 91.116 | 91.116 |
|   19  | 84.378 | 98.534 | 99.141 | 91.083 | 91.083 |
|   20  | 84.378 | 98.483 | 99.141 | 91.078 | 91.078 |
|   21  | 84.378 | 98.483 | 99.141 | 91.077 | 91.077 |
|   22  | 84.429 | 98.483 | 99.141 | 91.077 | 91.077 |
|   23  | 84.429 | 98.433 | 99.141 | 91.084 | 91.084 |
|   24  | 84.479 | 98.433 | 99.141 | 91.109 | 91.109 |
|   25  | 84.429 | 98.483 | 99.141 | 91.068 | 91.068 |
|   26  | 84.429 | 98.483 | 99.141 | 91.068 | 91.068 |
+-------+--------+--------+--------+--------+--------+
     logs:  {'epo': 26, 'R1': np.float32(84.429), 'R5': np.float32(98.483), 'R10': np.float32(99.141), 'mAP': np.float32(91.068), 'mINP': np.float32(91.068), 'lr': 2.8e-05, 'entropy': 0.038857, 'loss': 0.038857}
      TTA Epoch: [27] [ 0/61]  eta: 0:00:26  lr: 0.000024  entropy: 0.0192  loss: 0.0192  time: 0.4301  data: 0.3790  max mem: 2671
      TTA Epoch: [27] [60/61]  eta: 0:00:00  lr: 0.000017  entropy: 0.0965  loss: 0.0965  time: 0.0326  data: 0.0002  max mem: 2671
      TTA Epoch: [27] Total time: 0:00:02 (0.0406 s / it)
     Averaged stats: lr: 0.0000  entropy: 0.0388  loss: 0.0388
     Computing matching score
      Evaluation: [   0/1978]  eta: 0:01:34    time: 0.0476  data: 0.0034  max mem: 2671
      Evaluation: [ 100/1978]  eta: 0:01:17    time: 0.0412  data: 0.0000  max mem: 2671
      Evaluation: [ 200/1978]  eta: 0:01:13    time: 0.0416  data: 0.0000  max mem: 2671
      Evaluation: [ 300/1978]  eta: 0:01:09    time: 0.0413  data: 0.0000  max mem: 2671
      Evaluation: [ 400/1978]  eta: 0:01:06    time: 0.0431  data: 0.0000  max mem: 2671
      Evaluation: [ 500/1978]  eta: 0:01:01    time: 0.0415  data: 0.0000  max mem: 2671
      Evaluation: [ 600/1978]  eta: 0:00:59    time: 0.0465  data: 0.0000  max mem: 2671
      Evaluation: [ 700/1978]  eta: 0:00:54    time: 0.0406  data: 0.0000  max mem: 2671
      Evaluation: [ 800/1978]  eta: 0:00:49    time: 0.0409  data: 0.0000  max mem: 2671
      Evaluation: [ 900/1978]  eta: 0:00:45    time: 0.0408  data: 0.0000  max mem: 2671
      Evaluation: [1000/1978]  eta: 0:00:41    time: 0.0403  data: 0.0000  max mem: 2671
      Evaluation: [1100/1978]  eta: 0:00:36    time: 0.0404  data: 0.0000  max mem: 2671
      Evaluation: [1200/1978]  eta: 0:00:32    time: 0.0410  data: 0.0000  max mem: 2671
      Evaluation: [1300/1978]  eta: 0:00:28    time: 0.0402  data: 0.0000  max mem: 2671
      Evaluation: [1400/1978]  eta: 0:00:24    time: 0.0408  data: 0.0000  max mem: 2671
      Evaluation: [1500/1978]  eta: 0:00:19    time: 0.0412  data: 0.0000  max mem: 2671
      Evaluation: [1600/1978]  eta: 0:00:15    time: 0.0410  data: 0.0000  max mem: 2671
      Evaluation: [1700/1978]  eta: 0:00:11    time: 0.0415  data: 0.0000  max mem: 2671
      Evaluation: [1800/1978]  eta: 0:00:07    time: 0.0416  data: 0.0000  max mem: 2671
      Evaluation: [1900/1978]  eta: 0:00:03    time: 0.0472  data: 0.0000  max mem: 2671
      Evaluation: [1977/1978]  eta: 0:00:00    time: 0.0457  data: 0.0000  max mem: 2671
      Evaluation: Total time: 0:01:23 (0.0420 s / it)
     Computing matching score time 0:01:23
### TTA ITM Score: 
+-------+--------+--------+--------+--------+--------+
| epoch |   R1   |   R5   |  R10   |  mAP   |  mINP  |
+-------+--------+--------+--------+--------+--------+
|  -999 | 69.414 | 95.197 | 97.776 | 81.233 | 81.233 |
|  -999 | 84.277 | 99.039 | 99.596 | 91.276 | 91.276 |
|   0   | 84.378 | 98.686 | 99.343 | 91.164 | 91.164 |
|   1   | 84.479 | 98.736 | 99.242 | 91.188 | 91.188 |
|   2   | 84.681 | 98.787 | 99.393 | 91.301 | 91.301 |
|   3   | 84.125 | 98.635 | 99.242 | 90.939 | 90.939 |
|   4   | 84.328 | 98.736 | 99.343 | 91.107 | 91.107 |
|   5   | 84.125 | 98.534 | 99.191 | 90.934 | 90.934 |
|   6   | 83.064 | 98.584 | 99.090 | 90.423 | 90.423 |
|   7   | 84.277 | 98.635 | 99.141 | 90.998 | 90.998 |
|   8   | 84.226 | 98.584 | 99.141 | 91.007 | 91.007 |
|   9   | 84.075 | 98.534 | 99.141 | 90.917 | 90.917 |
|   10  | 84.075 | 98.635 | 99.090 | 90.948 | 90.948 |
|   11  | 84.328 | 98.483 | 99.141 | 91.047 | 91.047 |
|   12  | 84.328 | 98.534 | 99.141 | 91.053 | 91.053 |
|   13  | 84.378 | 98.534 | 99.141 | 91.092 | 91.092 |
|   14  | 84.429 | 98.483 | 99.141 | 91.106 | 91.106 |
|   15  | 84.429 | 98.483 | 99.141 | 91.097 | 91.097 |
|   16  | 84.479 | 98.483 | 99.141 | 91.130 | 91.130 |
|   17  | 84.530 | 98.483 | 99.141 | 91.152 | 91.152 |
|   18  | 84.479 | 98.534 | 99.141 | 91.116 | 91.116 |
|   19  | 84.378 | 98.534 | 99.141 | 91.083 | 91.083 |
|   20  | 84.378 | 98.483 | 99.141 | 91.078 | 91.078 |
|   21  | 84.378 | 98.483 | 99.141 | 91.077 | 91.077 |
|   22  | 84.429 | 98.483 | 99.141 | 91.077 | 91.077 |
|   23  | 84.429 | 98.433 | 99.141 | 91.084 | 91.084 |
|   24  | 84.479 | 98.433 | 99.141 | 91.109 | 91.109 |
|   25  | 84.429 | 98.483 | 99.141 | 91.068 | 91.068 |
|   26  | 84.429 | 98.483 | 99.141 | 91.068 | 91.068 |
|   27  | 84.429 | 98.483 | 99.141 | 91.064 | 91.064 |
+-------+--------+--------+--------+--------+--------+
     logs:  {'epo': 27, 'R1': np.float32(84.429), 'R5': np.float32(98.483), 'R10': np.float32(99.141), 'mAP': np.float32(91.064), 'mINP': np.float32(91.064), 'lr': 2.1e-05, 'entropy': 0.038824, 'loss': 0.038824}
      TTA Epoch: [28] [ 0/61]  eta: 0:00:39  lr: 0.000017  entropy: 0.0423  loss: 0.0423  time: 0.6451  data: 0.5932  max mem: 2671
      TTA Epoch: [28] [60/61]  eta: 0:00:00  lr: 0.000010  entropy: 0.0423  loss: 0.0423  time: 0.0339  data: 0.0001  max mem: 2671
      TTA Epoch: [28] Total time: 0:00:02 (0.0456 s / it)
     Averaged stats: lr: 0.0000  entropy: 0.0379  loss: 0.0379
     Computing matching score
      Evaluation: [   0/1978]  eta: 0:01:27    time: 0.0440  data: 0.0023  max mem: 2671
      Evaluation: [ 100/1978]  eta: 0:01:15    time: 0.0405  data: 0.0000  max mem: 2671
      Evaluation: [ 200/1978]  eta: 0:01:12    time: 0.0409  data: 0.0000  max mem: 2671
      Evaluation: [ 300/1978]  eta: 0:01:08    time: 0.0410  data: 0.0000  max mem: 2671
      Evaluation: [ 400/1978]  eta: 0:01:04    time: 0.0411  data: 0.0000  max mem: 2671
      Evaluation: [ 500/1978]  eta: 0:01:00    time: 0.0409  data: 0.0000  max mem: 2671
      Evaluation: [ 600/1978]  eta: 0:00:56    time: 0.0403  data: 0.0000  max mem: 2671
      Evaluation: [ 700/1978]  eta: 0:00:52    time: 0.0402  data: 0.0000  max mem: 2671
      Evaluation: [ 800/1978]  eta: 0:00:48    time: 0.0410  data: 0.0000  max mem: 2671
      Evaluation: [ 900/1978]  eta: 0:00:44    time: 0.0414  data: 0.0000  max mem: 2671
      Evaluation: [1000/1978]  eta: 0:00:40    time: 0.0427  data: 0.0000  max mem: 2671
      Evaluation: [1100/1978]  eta: 0:00:36    time: 0.0413  data: 0.0000  max mem: 2671
      Evaluation: [1200/1978]  eta: 0:00:32    time: 0.0458  data: 0.0000  max mem: 2671
      Evaluation: [1300/1978]  eta: 0:00:28    time: 0.0425  data: 0.0000  max mem: 2671
      Evaluation: [1400/1978]  eta: 0:00:24    time: 0.0401  data: 0.0000  max mem: 2671
      Evaluation: [1500/1978]  eta: 0:00:19    time: 0.0406  data: 0.0000  max mem: 2671
      Evaluation: [1600/1978]  eta: 0:00:15    time: 0.0410  data: 0.0000  max mem: 2671
      Evaluation: [1700/1978]  eta: 0:00:11    time: 0.0404  data: 0.0000  max mem: 2671
      Evaluation: [1800/1978]  eta: 0:00:07    time: 0.0407  data: 0.0000  max mem: 2671
      Evaluation: [1900/1978]  eta: 0:00:03    time: 0.0412  data: 0.0000  max mem: 2671
      Evaluation: [1977/1978]  eta: 0:00:00    time: 0.0407  data: 0.0000  max mem: 2671
      Evaluation: Total time: 0:01:21 (0.0414 s / it)
     Computing matching score time 0:01:22
### TTA ITM Score: 
+-------+--------+--------+--------+--------+--------+
| epoch |   R1   |   R5   |  R10   |  mAP   |  mINP  |
+-------+--------+--------+--------+--------+--------+
|  -999 | 69.414 | 95.197 | 97.776 | 81.233 | 81.233 |
|  -999 | 84.277 | 99.039 | 99.596 | 91.276 | 91.276 |
|   0   | 84.378 | 98.686 | 99.343 | 91.164 | 91.164 |
|   1   | 84.479 | 98.736 | 99.242 | 91.188 | 91.188 |
|   2   | 84.681 | 98.787 | 99.393 | 91.301 | 91.301 |
|   3   | 84.125 | 98.635 | 99.242 | 90.939 | 90.939 |
|   4   | 84.328 | 98.736 | 99.343 | 91.107 | 91.107 |
|   5   | 84.125 | 98.534 | 99.191 | 90.934 | 90.934 |
|   6   | 83.064 | 98.584 | 99.090 | 90.423 | 90.423 |
|   7   | 84.277 | 98.635 | 99.141 | 90.998 | 90.998 |
|   8   | 84.226 | 98.584 | 99.141 | 91.007 | 91.007 |
|   9   | 84.075 | 98.534 | 99.141 | 90.917 | 90.917 |
|   10  | 84.075 | 98.635 | 99.090 | 90.948 | 90.948 |
|   11  | 84.328 | 98.483 | 99.141 | 91.047 | 91.047 |
|   12  | 84.328 | 98.534 | 99.141 | 91.053 | 91.053 |
|   13  | 84.378 | 98.534 | 99.141 | 91.092 | 91.092 |
|   14  | 84.429 | 98.483 | 99.141 | 91.106 | 91.106 |
|   15  | 84.429 | 98.483 | 99.141 | 91.097 | 91.097 |
|   16  | 84.479 | 98.483 | 99.141 | 91.130 | 91.130 |
|   17  | 84.530 | 98.483 | 99.141 | 91.152 | 91.152 |
|   18  | 84.479 | 98.534 | 99.141 | 91.116 | 91.116 |
|   19  | 84.378 | 98.534 | 99.141 | 91.083 | 91.083 |
|   20  | 84.378 | 98.483 | 99.141 | 91.078 | 91.078 |
|   21  | 84.378 | 98.483 | 99.141 | 91.077 | 91.077 |
|   22  | 84.429 | 98.483 | 99.141 | 91.077 | 91.077 |
|   23  | 84.429 | 98.433 | 99.141 | 91.084 | 91.084 |
|   24  | 84.479 | 98.433 | 99.141 | 91.109 | 91.109 |
|   25  | 84.429 | 98.483 | 99.141 | 91.068 | 91.068 |
|   26  | 84.429 | 98.483 | 99.141 | 91.068 | 91.068 |
|   27  | 84.429 | 98.483 | 99.141 | 91.064 | 91.064 |
|   28  | 84.429 | 98.483 | 99.141 | 91.064 | 91.064 |
+-------+--------+--------+--------+--------+--------+
     logs:  {'epo': 28, 'R1': np.float32(84.429), 'R5': np.float32(98.483), 'R10': np.float32(99.141), 'mAP': np.float32(91.064), 'mINP': np.float32(91.064), 'lr': 1.4e-05, 'entropy': 0.037895, 'loss': 0.037895}
      TTA Epoch: [29] [ 0/61]  eta: 0:00:26  lr: 0.000010  entropy: 0.0396  loss: 0.0396  time: 0.4291  data: 0.3628  max mem: 2671
      TTA Epoch: [29] [60/61]  eta: 0:00:00  lr: 0.000003  entropy: 0.0529  loss: 0.0529  time: 0.0319  data: 0.0001  max mem: 2671
      TTA Epoch: [29] Total time: 0:00:02 (0.0393 s / it)
     Averaged stats: lr: 0.0000  entropy: 0.0397  loss: 0.0397
     Computing matching score
      Evaluation: [   0/1978]  eta: 0:01:25    time: 0.0433  data: 0.0026  max mem: 2671
      Evaluation: [ 100/1978]  eta: 0:01:18    time: 0.0420  data: 0.0000  max mem: 2671
      Evaluation: [ 200/1978]  eta: 0:01:14    time: 0.0424  data: 0.0000  max mem: 2671
      Evaluation: [ 300/1978]  eta: 0:01:10    time: 0.0429  data: 0.0000  max mem: 2671
      Evaluation: [ 400/1978]  eta: 0:01:07    time: 0.0424  data: 0.0000  max mem: 2671
      Evaluation: [ 500/1978]  eta: 0:01:04    time: 0.0479  data: 0.0000  max mem: 2671
      Evaluation: [ 600/1978]  eta: 0:01:00    time: 0.0433  data: 0.0000  max mem: 2671
      Evaluation: [ 700/1978]  eta: 0:00:55    time: 0.0409  data: 0.0000  max mem: 2671
      Evaluation: [ 800/1978]  eta: 0:00:50    time: 0.0407  data: 0.0000  max mem: 2671
      Evaluation: [ 900/1978]  eta: 0:00:46    time: 0.0405  data: 0.0000  max mem: 2671
      Evaluation: [1000/1978]  eta: 0:00:41    time: 0.0397  data: 0.0000  max mem: 2671
      Evaluation: [1100/1978]  eta: 0:00:37    time: 0.0406  data: 0.0000  max mem: 2671
      Evaluation: [1200/1978]  eta: 0:00:32    time: 0.0407  data: 0.0000  max mem: 2671
      Evaluation: [1300/1978]  eta: 0:00:28    time: 0.0404  data: 0.0000  max mem: 2671
      Evaluation: [1400/1978]  eta: 0:00:24    time: 0.0410  data: 0.0000  max mem: 2671
      Evaluation: [1500/1978]  eta: 0:00:20    time: 0.0413  data: 0.0000  max mem: 2671
      Evaluation: [1600/1978]  eta: 0:00:15    time: 0.0413  data: 0.0000  max mem: 2671
      Evaluation: [1700/1978]  eta: 0:00:11    time: 0.0421  data: 0.0000  max mem: 2671
      Evaluation: [1800/1978]  eta: 0:00:07    time: 0.0414  data: 0.0000  max mem: 2671
      Evaluation: [1900/1978]  eta: 0:00:03    time: 0.0423  data: 0.0000  max mem: 2671
      Evaluation: [1977/1978]  eta: 0:00:00    time: 0.0457  data: 0.0000  max mem: 2671
      Evaluation: Total time: 0:01:23 (0.0420 s / it)
     Computing matching score time 0:01:23
### TTA ITM Score: 
+-------+--------+--------+--------+--------+--------+
| epoch |   R1   |   R5   |  R10   |  mAP   |  mINP  |
+-------+--------+--------+--------+--------+--------+
|  -999 | 69.414 | 95.197 | 97.776 | 81.233 | 81.233 |
|  -999 | 84.277 | 99.039 | 99.596 | 91.276 | 91.276 |
|   0   | 84.378 | 98.686 | 99.343 | 91.164 | 91.164 |
|   1   | 84.479 | 98.736 | 99.242 | 91.188 | 91.188 |
|   2   | 84.681 | 98.787 | 99.393 | 91.301 | 91.301 |
|   3   | 84.125 | 98.635 | 99.242 | 90.939 | 90.939 |
|   4   | 84.328 | 98.736 | 99.343 | 91.107 | 91.107 |
|   5   | 84.125 | 98.534 | 99.191 | 90.934 | 90.934 |
|   6   | 83.064 | 98.584 | 99.090 | 90.423 | 90.423 |
|   7   | 84.277 | 98.635 | 99.141 | 90.998 | 90.998 |
|   8   | 84.226 | 98.584 | 99.141 | 91.007 | 91.007 |
|   9   | 84.075 | 98.534 | 99.141 | 90.917 | 90.917 |
|   10  | 84.075 | 98.635 | 99.090 | 90.948 | 90.948 |
|   11  | 84.328 | 98.483 | 99.141 | 91.047 | 91.047 |
|   12  | 84.328 | 98.534 | 99.141 | 91.053 | 91.053 |
|   13  | 84.378 | 98.534 | 99.141 | 91.092 | 91.092 |
|   14  | 84.429 | 98.483 | 99.141 | 91.106 | 91.106 |
|   15  | 84.429 | 98.483 | 99.141 | 91.097 | 91.097 |
|   16  | 84.479 | 98.483 | 99.141 | 91.130 | 91.130 |
|   17  | 84.530 | 98.483 | 99.141 | 91.152 | 91.152 |
|   18  | 84.479 | 98.534 | 99.141 | 91.116 | 91.116 |
|   19  | 84.378 | 98.534 | 99.141 | 91.083 | 91.083 |
|   20  | 84.378 | 98.483 | 99.141 | 91.078 | 91.078 |
|   21  | 84.378 | 98.483 | 99.141 | 91.077 | 91.077 |
|   22  | 84.429 | 98.483 | 99.141 | 91.077 | 91.077 |
|   23  | 84.429 | 98.433 | 99.141 | 91.084 | 91.084 |
|   24  | 84.479 | 98.433 | 99.141 | 91.109 | 91.109 |
|   25  | 84.429 | 98.483 | 99.141 | 91.068 | 91.068 |
|   26  | 84.429 | 98.483 | 99.141 | 91.068 | 91.068 |
|   27  | 84.429 | 98.483 | 99.141 | 91.064 | 91.064 |
|   28  | 84.429 | 98.483 | 99.141 | 91.064 | 91.064 |
|   29  | 84.429 | 98.483 | 99.141 | 91.064 | 91.064 |
+-------+--------+--------+--------+--------+--------+
     logs:  {'epo': 29, 'R1': np.float32(84.429), 'R5': np.float32(98.483), 'R10': np.float32(99.141), 'mAP': np.float32(91.064), 'mINP': np.float32(91.064), 'lr': 7e-06, 'entropy': 0.039689, 'loss': 0.039689}
### best epoch: 2
### Time 0:42:56
NNODES,  1
NODE_RANK,  0
MASTER_ADDR,  127.0.0.1
MASTER_PORT,  1612
NPROC_PER_NODE,  2
task:  tta_exp0
config:  configs/tta_exp0.yaml
output_dir:  output/tta_exp0/2025082301562
CUDA_VISIBLE_DEVICES=2 python3 tta.py --config configs/tta_exp0.yaml --task tta_exp0 --output_dir output/tta_exp0/2025082301562 --checkpoint checkpoint/cmp.pth --bs 0 --epo 0 --lr 0.0 --seed 42 --tta
